dataset,condition,run_index,run_seed,feature_id,display_name,relevance,confidence,request_key
golub,real,3,31,F002373,hGATA3 gene expression,2,3,real_run3_golub_chunk001
golub,real,3,31,F002045,Mrp17 gene expression,2,3,real_run3_golub_chunk001
golub,real,3,31,F000099,KIAA0107 gene expression,1,2,real_run3_golub_chunk001
golub,real,3,31,F000411,HG2325-HT2421_at expression feature,0,3,real_run3_golub_chunk001
golub,real,3,31,F001250,sdhB gene expression,1,3,real_run3_golub_chunk001
golub,real,3,31,F002144,mpp11 gene expression,1,3,real_run3_golub_chunk001
golub,real,3,31,F001912,RING6 gene expression,1,3,real_run3_golub_chunk001
golub,real,3,31,F002826,GenBank accession U44799 expression,0,2,real_run3_golub_chunk001
golub,real,3,31,F000722,GenBank accession L76224 expression,0,2,real_run3_golub_chunk001
golub,real,3,31,F000433,HG3355-HT3532_at expression feature,0,3,real_run3_golub_chunk001
golub,real,3,31,F001056,macrophage capping protein gene expression,2,3,real_run3_golub_chunk001
golub,real,3,31,F000454,HG4074-HT4344_at expression feature,0,3,real_run3_golub_chunk001
golub,real,3,31,F001275,FBP1 gene expression,1,3,real_run3_golub_chunk001
golub,real,3,31,F001187,GenBank accession U08989 expression,0,2,real_run3_golub_chunk001
golub,real,3,31,F002713,GenBank accession X13810 expression,0,2,real_run3_golub_chunk001
golub,real,3,31,F001937,GenBank accession X66365 expression,0,2,real_run3_golub_chunk001
golub,real,3,31,F000585,GenBank accession L13434 expression,0,2,real_run3_golub_chunk001
golub,real,3,31,F000537,GenBank accession L00635 expression,0,2,real_run3_golub_chunk001
golub,real,3,31,F000754,CSPG1 gene expression,1,3,real_run3_golub_chunk001
golub,real,3,31,F002797,6-16 gene expression,1,3,real_run3_golub_chunk001
golub,real,3,31,F002659,ELA1 gene expression,1,3,real_run3_golub_chunk001
golub,real,3,31,F000145,GenBank accession D28137 expression,0,2,real_run3_golub_chunk001
golub,real,3,31,F000015,GenBank accession M27830 expression,0,2,real_run3_golub_chunk001
golub,real,3,31,F002632,GenBank accession U43185 expression,0,2,real_run3_golub_chunk001
golub,real,3,31,F002684,GenBank accession M26041 expression,0,2,real_run3_golub_chunk001
golub,real,3,31,F002234,GenBank accession Z35093 expression,0,2,real_run3_golub_chunk001
golub,real,3,31,F000436,HG3494-HT3688_at expression feature,0,3,real_run3_golub_chunk001
golub,real,3,31,F001359,GenBank accession U37352 expression,0,2,real_run3_golub_chunk001
golub,real,3,31,F002650,BCL2 gene expression,2,3,real_run3_golub_chunk001
golub,real,3,31,F000800,GenBank accession M22877 expression,0,2,real_run3_golub_chunk001
golub,real,3,31,F000554,GenBank accession L06633 expression,0,2,real_run3_golub_chunk001
golub,real,3,31,F002492,HG274-HT274_s_at expression feature,0,3,real_run3_golub_chunk001
golub,real,3,31,F001632,GenBank accession U79260 expression,0,2,real_run3_golub_chunk001
golub,real,3,31,F001993,PPPICC gene expression,1,3,real_run3_golub_chunk001
golub,real,3,31,F002510,MANB gene expression,1,3,real_run3_golub_chunk001
golub,real,3,31,F001642,GenBank accession U79291 expression,0,2,real_run3_golub_chunk001
golub,real,3,31,F001740,CHRNG gene expression,1,3,real_run3_golub_chunk001
golub,real,3,31,F002721,HLA-DP gene expression,2,3,real_run3_golub_chunk001
golub,real,3,31,F001681,GenBank accession U87972 expression,0,2,real_run3_golub_chunk001
golub,real,3,31,F001427,GNB3 gene expression,1,3,real_run3_golub_chunk001
golub,real,3,31,F002921,LYZ gene expression,4,3,real_run3_golub_chunk001
golub,real,3,31,F002943,TLE4 gene expression,2,3,real_run3_golub_chunk001
golub,real,3,31,F001849,GenBank accession X53416 expression,0,2,real_run3_golub_chunk001
golub,real,3,31,F001699,eed gene expression,2,3,real_run3_golub_chunk001
golub,real,3,31,F000095,KIAA0101 gene expression,1,3,real_run3_golub_chunk001
golub,real,3,31,F001570,GenBank accession U70321 expression,0,2,real_run3_golub_chunk001
golub,real,3,31,F001544,GenBank accession U66048 expression,0,2,real_run3_golub_chunk001
golub,real,3,31,F000640,GenBank accession L25851 expression,0,2,real_run3_golub_chunk001
golub,real,3,31,F001733,GenBank accession V00563 expression,0,2,real_run3_golub_chunk001
golub,real,3,31,F002768,eif-5A gene expression,1,3,real_run3_golub_chunk001
golub,real,3,31,F002627,GenBank accession M34458 expression,0,2,real_run3_golub_chunk001
golub,real,3,31,F001924,dek gene expression,3,3,real_run3_golub_chunk001
golub,real,3,31,F000009,GenBank accession X00351 expression,0,2,real_run3_golub_chunk001
golub,real,3,31,F001204,GenBank accession U10362 expression,0,2,real_run3_golub_chunk001
golub,real,3,31,F002776,"fatty acid synthase, FAS gene expression",1,3,real_run3_golub_chunk001
golub,real,3,31,F002018,RY-1 gene expression,1,3,real_run3_golub_chunk001
golub,real,3,31,F001379,GenBank accession U40391 expression,0,2,real_run3_golub_chunk001
golub,real,3,31,F002487,DM kinase gene expression,1,3,real_run3_golub_chunk001
golub,real,3,31,F002670,GenBank accession M27783 expression,0,2,real_run3_golub_chunk001
golub,real,3,31,F002715,GenBank accession X53800 expression,0,2,real_run3_golub_chunk001
golub,real,3,31,F000235,KIAA0137 gene expression,1,3,real_run3_golub_chunk001
golub,real,3,31,F000299,GenBank accession D83542 expression,0,2,real_run3_golub_chunk001
golub,real,3,31,F000393,HG1205-HT1205_at expression feature,0,3,real_run3_golub_chunk001
golub,real,3,31,F000063,GenBank accession D00760 expression,0,2,real_run3_golub_chunk001
golub,real,3,31,F001983,GenBank accession X71129 expression,0,2,real_run3_golub_chunk001
golub,real,3,31,F002801,GenBank accession U26266 expression,0,2,real_run3_golub_chunk001
golub,real,3,31,F000173,HuSAA1g gene expression,1,3,real_run3_golub_chunk001
golub,real,3,31,F002268,GenBank accession Z70219 expression,0,2,real_run3_golub_chunk001
golub,real,3,31,F002033,CAT gene expression,1,3,real_run3_golub_chunk001
golub,real,3,31,F002034,C1 gene expression,1,3,real_run3_golub_chunk001
golub,real,3,31,F001742,GenBank accession X02317 expression,0,2,real_run3_golub_chunk001
golub,real,3,31,F000941,GenBank accession M63262 expression,0,2,real_run3_golub_chunk001
golub,real,3,31,F000497,ITGAM gene expression,4,3,real_run3_golub_chunk001
golub,real,3,31,F001375,GenBank accession U39905 expression,0,2,real_run3_golub_chunk001
golub,real,3,31,F002570,GenBank accession X57579 expression,0,2,real_run3_golub_chunk001
golub,real,3,31,F000302,PAF-2 gene expression,1,3,real_run3_golub_chunk001
golub,real,3,31,F002595,ZNF148 gene expression,1,3,real_run3_golub_chunk001
golub,real,3,31,F002706,TNF receptor gene expression,2,3,real_run3_golub_chunk001
golub,real,3,31,F000387,GenBank accession D90224 expression,0,2,real_run3_golub_chunk001
golub,real,3,31,F000020,GenBank accession X00351 expression,0,2,real_run3_golub_chunk001
golub,real,3,31,F001669,GCP-2 gene expression,2,3,real_run3_golub_chunk001
golub,real,3,31,F002689,GenBank accession M29277 expression,0,2,real_run3_golub_chunk001
golub,real,3,31,F002735,GOS24 gene expression,1,3,real_run3_golub_chunk001
golub,real,3,31,F000564,GenBank accession L08069 expression,0,2,real_run3_golub_chunk001
golub,real,3,31,F000857,tnfr gene expression,2,3,real_run3_golub_chunk001
golub,real,3,31,F003028,GenBank accession X64177 expression,0,2,real_run3_golub_chunk001
golub,real,3,31,F001815,GenBank accession X15880 expression,0,2,real_run3_golub_chunk001
golub,real,3,31,F001798,GenBank accession X14046 expression,0,2,real_run3_golub_chunk001
golub,real,3,31,F002047,VE-cadherin gene expression,1,3,real_run3_golub_chunk001
golub,real,3,31,F000981,CRP gene expression,1,3,real_run3_golub_chunk001
golub,real,3,31,F000404,HG2167-HT2237_at expression feature,0,3,real_run3_golub_chunk001
golub,real,3,31,F000453,HG4073-HT4343_at expression feature,0,3,real_run3_golub_chunk001
golub,real,3,31,F000133,GenBank accession D25274 expression,0,2,real_run3_golub_chunk001
golub,real,3,31,F001817,GenBank accession X15949 expression,0,2,real_run3_golub_chunk001
golub,real,3,31,F000814,ALPL gene expression,2,3,real_run3_golub_chunk001
golub,real,3,31,F002743,GenBank accession M75715 expression,0,2,real_run3_golub_chunk001
golub,real,3,31,F002519,HG3638-HT3849_s_at expression feature,0,3,real_run3_golub_chunk001
golub,real,3,31,F001403,KSR1 gene expression,1,3,real_run3_golub_chunk001
golub,real,3,31,F002514,HG3437-HT3628_s_at expression feature,0,3,real_run3_golub_chunk001
golub,real,3,31,F003031,tmp21 gene expression,1,3,real_run3_golub_chunk001
golub,real,3,31,F000508,CYC1 gene expression,1,3,real_run3_golub_chunk001
golub,real,3,31,F001267,ZNF151 gene expression,1,3,real_run3_golub_chunk001
golub,real,3,31,F000953,Gx gene expression,1,3,real_run3_golub_chunk001
golub,real,3,31,F001556,HU-K5 gene expression,1,3,real_run3_golub_chunk001
golub,real,3,31,F000483,SPARC gene expression,2,3,real_run3_golub_chunk001
golub,real,3,31,F000860,GenBank accession M33195 expression,0,2,real_run3_golub_chunk001
golub,real,3,31,F000843,CETP gene expression,1,3,real_run3_golub_chunk001
golub,real,3,31,F000964,GATA-2 gene expression,3,3,real_run3_golub_chunk001
golub,real,3,31,F002644,GenBank accession X02875 expression,0,2,real_run3_golub_chunk001
golub,real,3,31,F000574,CC1.3 gene expression,1,3,real_run3_golub_chunk001
golub,real,3,31,F001753,GenBank accession X04011 expression,0,2,real_run3_golub_chunk001
golub,real,3,31,F002564,GLBA gene expression,1,3,real_run3_golub_chunk001
golub,real,3,31,F000724,PGDH gene expression,1,3,real_run3_golub_chunk001
golub,real,3,31,F001655,GenBank accession U81600 expression,0,2,real_run3_golub_chunk001
golub,real,3,31,F002857,DDR3 gene expression,1,3,real_run3_golub_chunk001
golub,real,3,31,F000688,GenBank accession L38951 expression,0,2,real_run3_golub_chunk001
golub,real,3,31,F001247,NOS1 gene expression,1,3,real_run3_golub_chunk001
golub,real,3,31,F001737,GenBank accession X01060 expression,0,2,real_run3_golub_chunk001
golub,real,3,31,F000573,GenBank accession L10838 expression,0,2,real_run3_golub_chunk001
golub,real,3,31,F002945,HBE1 gene expression,1,3,real_run3_golub_chunk001
golub,real,3,31,F000734,GenBank accession M11119 expression,0,2,real_run3_golub_chunk001
golub,real,3,31,F002175,ASML3b gene expression,1,3,real_run3_golub_chunk001
golub,real,3,31,F000980,HK1 gene expression,1,3,real_run3_golub_chunk001
golub,real,3,31,F002149,GenBank accession X98743 expression,0,2,real_run3_golub_chunk001
golub,real,3,31,F001659,FZD3 gene expression,1,3,real_run3_golub_chunk001
golub,real,3,31,F001471,YMP gene expression,1,3,real_run3_golub_chunk001
golub,real,3,31,F000492,PAI1 gene expression,2,3,real_run3_golub_chunk001
golub,real,3,31,F000423,HG2874-HT3018_at expression feature,0,3,real_run3_golub_chunk001
golub,real,3,31,F000591,DDX9 gene expression,1,3,real_run3_golub_chunk001
golub,real,3,31,F001234,BNIP2 gene expression,1,3,real_run3_golub_chunk001
golub,real,3,31,F000829,CST3 gene expression,2,3,real_run3_golub_chunk001
golub,real,3,31,F001402,KiSS-1 gene expression,1,3,real_run3_golub_chunk001
golub,real,3,31,F001096,"propionyl CoA carboxylase beta subunit, beta PCC gene expression",1,3,real_run3_golub_chunk001
golub,real,3,31,F002852,GenBank accession U73477 expression,0,2,real_run3_golub_chunk001
golub,real,3,31,F002204,GenBank accession Z11697 expression,0,2,real_run3_golub_chunk001
golub,real,3,31,F000882,LIG1 gene expression,1,3,real_run3_golub_chunk001
golub,real,3,31,F000200,GenBank accession D43767 expression,0,2,real_run3_golub_chunk001
golub,real,3,31,F001854,GenBank accession X54232 expression,0,2,real_run3_golub_chunk001
golub,real,3,31,F001995,GenBank accession X74262 expression,0,2,real_run3_golub_chunk001
golub,real,3,31,F001216,COL11A1 gene expression,1,3,real_run3_golub_chunk001
golub,real,3,31,F002354,AQP-1 gene expression,1,3,real_run3_golub_chunk001
golub,real,3,31,F000280,KIAA0174 gene expression,1,3,real_run3_golub_chunk001
golub,real,3,31,F002690,GenBank accession M29277 expression,0,2,real_run3_golub_chunk001
golub,real,3,31,F002384,GenBank accession Y00264 expression,0,2,real_run3_golub_chunk001
golub,real,3,31,F001597,GenBank accession U73379 expression,0,2,real_run3_golub_chunk001
golub,real,3,31,F001568,GenBank accession U69645 expression,0,2,real_run3_golub_chunk001
golub,real,3,31,F000108,GenBank accession D14874 expression,0,2,real_run3_golub_chunk001
golub,real,3,31,F000058,GenBank accession D00017 expression,0,2,real_run3_golub_chunk001
golub,real,3,31,F001722,GenBank accession U94831 expression,0,2,real_run3_golub_chunk001
golub,real,3,31,F000073,HGCR1 gene expression,1,3,real_run3_golub_chunk001
golub,real,3,31,F002185,GenBank accession Y09443 expression,0,2,real_run3_golub_chunk001
golub,real,3,31,F001398,GenBank accession U43177 expression,0,2,real_run3_golub_chunk001
golub,real,3,31,F000896,FAH gene expression,1,3,real_run3_golub_chunk001
golub,real,3,31,F000314,GenBank accession D84294 expression,0,2,real_run3_golub_chunk001
golub,real,3,31,F001293,CTCF gene expression,2,3,real_run3_golub_chunk001
golub,real,3,31,F001269,MUM-1 gene expression,2,3,real_run3_golub_chunk001
golub,real,3,31,F000677,CSNK1A1 gene expression,1,3,real_run3_golub_chunk001
golub,real,3,31,F002536,HG4535-HT4940_s_at expression feature,0,3,real_run3_golub_chunk001
golub,real,3,31,F002356,DNA-PKcs gene expression,2,3,real_run3_golub_chunk001
golub,real,3,31,F001764,ALDOC gene expression,1,3,real_run3_golub_chunk001
golub,real,3,31,F001481,htra-2 alpha gene expression,1,3,real_run3_golub_chunk001
golub,real,3,31,F001625,GenBank accession U78575 expression,0,2,real_run3_golub_chunk001
golub,real,3,31,F002932,SPRR1A gene expression,1,3,real_run3_golub_chunk001
golub,real,3,31,F000194,KIAA0092 gene expression,1,3,real_run3_golub_chunk001
golub,real,3,31,F002131,AICL gene expression,2,3,real_run3_golub_chunk001
golub,real,3,31,F002539,HG4757-HT5207_s_at expression feature,0,3,real_run3_golub_chunk001
golub,real,3,31,F002332,Id2B gene expression,2,3,real_run3_golub_chunk001
golub,real,3,31,F001700,CLIM1 gene expression,1,3,real_run3_golub_chunk001
golub,real,3,31,F000261,GenBank accession D63998 expression,0,2,real_run3_golub_chunk001
golub,real,3,31,F002339,Ich-1 gene expression,2,3,real_run3_golub_chunk001
golub,real,3,31,F002290,GenBank accession D38081 expression,0,2,real_run3_golub_chunk001
golub,real,3,31,F000340,KIAA0233 gene expression,1,3,real_run3_golub_chunk001
golub,real,3,31,F001873,GenBank accession X57206 expression,0,2,real_run3_golub_chunk001
golub,real,3,31,F002802,GenBank accession U26312 expression,0,2,real_run3_golub_chunk001
golub,real,3,31,F002979,GenBank accession M25296 expression,0,2,real_run3_golub_chunk001
golub,real,3,31,F002104,white gene expression,1,3,real_run3_golub_chunk001
golub,real,3,31,F001984,fus gene expression,2,3,real_run3_golub_chunk001
golub,real,3,31,F002606,GenBank accession U33838 expression,0,2,real_run3_golub_chunk001
golub,real,3,31,F002596,IRF1 gene expression,3,3,real_run3_golub_chunk001
golub,real,3,31,F001246,ETV1 gene expression,2,3,real_run3_golub_chunk001
golub,real,3,31,F001484,GenBank accession U54778 expression,0,2,real_run3_golub_chunk001
golub,real,3,31,F002771,DAX1 gene expression,1,3,real_run3_golub_chunk001
golub,real,3,31,F002999,GenBank accession Z14978 expression,0,2,real_run3_golub_chunk001
golub,real,3,31,F002072,ATPO gene expression,1,3,real_run3_golub_chunk001
golub,real,3,31,F002431,GenBank accession U27325 expression,0,2,real_run3_golub_chunk001
golub,real,3,31,F000470,HG620-HT620_at expression feature,0,3,real_run3_golub_chunk001
golub,real,3,31,F003016,PRB4 gene expression,1,3,real_run3_golub_chunk001
golub,real,3,31,F000209,apM1 gene expression,1,3,real_run3_golub_chunk001
golub,real,3,31,F002533,HG4264-HT4534_s_at expression feature,0,3,real_run3_golub_chunk001
golub,real,3,31,F002115,ITBA2 gene expression,1,3,real_run3_golub_chunk001
golub,real,3,31,F001691,GenBank accession U89505 expression,0,2,real_run3_golub_chunk001
golub,real,3,31,F001696,NHC gene expression,1,3,real_run3_golub_chunk001
golub,real,3,31,F000817,GenBank accession M24899 expression,0,2,real_run3_golub_chunk001
golub,real,3,31,F001207,MOX1 gene expression,1,3,real_run3_golub_chunk001
golub,real,3,31,F000013,TFRC gene expression,2,3,real_run3_golub_chunk001
golub,real,3,31,F002806,UBE2I gene expression,1,3,real_run3_golub_chunk001
golub,real,3,31,F001332,CLN3 gene expression,1,3,real_run3_golub_chunk001
golub,real,3,31,F000509,GenBank accession J04456 expression,0,2,real_run3_golub_chunk001
golub,real,3,31,F002894,GAP1 IP4BP gene expression,1,3,real_run3_golub_chunk001
golub,real,3,31,F001074,CRABP-II gene expression,1,3,real_run3_golub_chunk001
golub,real,3,31,F000217,GenBank accession D50495 expression,0,2,real_run3_golub_chunk001
golub,real,3,31,F001935,GenBank accession X66363 expression,0,2,real_run3_golub_chunk001
golub,real,3,31,F002906,GenBank accession U57341 expression,0,2,real_run3_golub_chunk001
golub,real,3,31,F002933,GenBank accession L08010 expression,0,2,real_run3_golub_chunk001
golub,real,3,31,F002001,CDC46 gene expression,2,3,real_run3_golub_chunk001
golub,real,3,31,F001641,GenBank accession U79287 expression,0,2,real_run3_golub_chunk001
golub,real,3,31,F000457,HG4178-HT4448_at expression feature,0,3,real_run3_golub_chunk001
golub,real,3,31,F002210,GenBank accession Z17227 expression,0,2,real_run3_golub_chunk001
golub,real,3,31,F001020,PAF-1 gene expression,1,3,real_run3_golub_chunk001
golub,real,3,31,F000503,JUN gene expression,3,3,real_run3_golub_chunk001
golub,real,3,31,F002287,GenBank accession D29805 expression,0,2,real_run3_golub_chunk001
golub,real,3,31,F002309,GenBank accession L11284 expression,0,2,real_run3_golub_chunk001
golub,real,3,31,F000078,APX gene expression,1,3,real_run3_golub_chunk001
golub,real,3,31,F001491,VBP-1 gene expression,1,3,real_run3_golub_chunk001
golub,real,3,31,F001552,BAF60b gene expression,1,3,real_run3_golub_chunk001
golub,real,3,31,F001075,GenBank accession M97856 expression,0,2,real_run3_golub_chunk001
golub,real,3,31,F001531,dipA gene expression,1,3,real_run3_golub_chunk001
golub,real,3,31,F000008,GAPD gene expression,1,3,real_run3_golub_chunk001
golub,real,3,31,F000212,GenBank accession D49489 expression,0,2,real_run3_golub_chunk001
golub,real,3,31,F002813,EPB72 gene expression,1,3,real_run3_golub_chunk001
golub,real,3,31,F002128,nov gene expression,1,3,real_run3_golub_chunk001
golub,real,3,31,F000795,BMP2 gene expression,1,3,real_run3_golub_chunk001
golub,real,3,31,F002631,S31iii125 gene expression,1,3,real_run3_golub_chunk001
golub,real,3,31,F001134,GenBank accession U00968 expression,0,2,real_run3_golub_chunk001
golub,real,3,31,F000701,NF-AT4c gene expression,2,3,real_run3_golub_chunk001
golub,real,3,31,F001389,GenBank accession U41635 expression,0,2,real_run3_golub_chunk001
golub,real,3,31,F000731,STAT4 gene expression,2,3,real_run3_golub_chunk001
golub,real,3,31,F001009,GenBank accession M84526 expression,0,2,real_run3_golub_chunk001
golub,real,3,31,F001763,GenBank accession X04828 expression,0,2,real_run3_golub_chunk001
golub,real,3,31,F000350,KIAA0246 gene expression,1,3,real_run3_golub_chunk001
golub,real,3,31,F001195,mda-6 gene expression,1,3,real_run3_golub_chunk001
golub,real,3,31,F002132,SCHAD gene expression,1,3,real_run3_golub_chunk001
golub,real,3,31,F000940,GenBank accession M63180 expression,0,2,real_run3_golub_chunk001
golub,real,3,31,F000165,KIAA0058 gene expression,1,3,real_run3_golub_chunk001
golub,real,3,31,F002613,GenBank accession M27394 expression,0,2,real_run3_golub_chunk001
golub,real,3,31,F000728,GenBank accession L77561 expression,0,2,real_run3_golub_chunk001
golub,real,3,31,F001025,p62 gene expression,1,3,real_run3_golub_chunk001
golub,real,3,31,F000038,COX6B gene expression,1,3,real_run3_golub_chunk001
golub,real,3,31,F002964,GenBank accession X72475 expression,0,2,real_run3_golub_chunk001
golub,real,3,31,F002856,GenBank accession U82108 expression,0,2,real_run3_golub_chunk001
golub,real,3,31,F003047,GenBank accession U58516 expression,0,2,real_run3_golub_chunk001
golub,real,3,31,F001996,alpha 7 integrin gene expression,1,3,real_run3_golub_chunk001
golub,real,3,31,F000812,MLC-1V/Sb isoform gene expression,1,3,real_run3_golub_chunk001
golub,real,3,31,F001286,P5CDh gene expression,1,3,real_run3_golub_chunk001
golub,real,3,31,F000010,GenBank accession X00351 expression,0,2,real_run3_golub_chunk001
golub,real,3,31,F001887,TCF-1 gene expression,3,3,real_run3_golub_chunk001
golub,real,3,31,F002095,GenBank accession X89267 expression,0,2,real_run3_golub_chunk001
golub,real,3,31,F001069,GenBank accession M96326 expression,0,2,real_run3_golub_chunk001
golub,real,3,31,F001058,GenBank accession M94556 expression,0,2,real_run3_golub_chunk001
golub,real,3,31,F000170,KIAA0071 gene expression,1,3,real_run3_golub_chunk001
golub,real,3,31,F000643,oct-6 gene expression,2,3,real_run3_golub_chunk001
golub,real,3,31,F000545,x11 gene expression,1,3,real_run3_golub_chunk001
golub,real,3,31,F002326,G-y-alpha gene expression,1,3,real_run3_golub_chunk001
golub,real,3,31,F000522,GenBank accession J05032 expression,0,2,real_run3_golub_chunk001
golub,real,3,31,F000499,ETFA gene expression,1,3,real_run3_golub_chunk001
golub,real,3,31,F001424,GenBank accession U47635 expression,0,2,real_run3_golub_chunk001
golub,real,3,31,F002142,GenBank accession X98172 expression,0,2,real_run3_golub_chunk001
golub,real,3,31,F002641,coseg gene expression,1,3,real_run3_golub_chunk001
golub,real,3,31,F000918,GALT gene expression,1,3,real_run3_golub_chunk001
golub,real,3,31,F000266,SEC14L gene expression,1,3,real_run3_golub_chunk001
golub,real,3,31,F001097,Na+/H+ exchanger NHE-1 isoform gene expression,1,3,real_run3_golub_chunk001
golub,real,3,31,F001274,ECA39 gene expression,1,3,real_run3_golub_chunk001
golub,real,3,31,F001932,GenBank accession X65873 expression,0,2,real_run3_golub_chunk001
golub,real,3,31,F000012,TFRC gene expression,2,3,real_run3_golub_chunk001
golub,real,3,31,F002065,TCL1 gene expression,4,3,real_run3_golub_chunk001
golub,real,3,31,F002926,NAK1 gene expression,1,3,real_run3_golub_chunk001
golub,real,3,31,F001822,GenBank accession X16663 expression,0,2,real_run3_golub_chunk001
golub,real,3,31,F001241,EAA5 gene expression,1,3,real_run3_golub_chunk001
golub,real,3,31,F000052,SMAD7 gene expression,2,3,real_run3_golub_chunk001
golub,real,3,31,F002662,GenBank accession M16938 expression,0,2,real_run3_golub_chunk001
golub,real,3,31,F002582,ACP5 gene expression,2,3,real_run3_golub_chunk001
golub,real,3,31,F001400,DRP2 gene expression,1,3,real_run3_golub_chunk001
golub,real,3,31,F002246,GenBank accession Z48054 expression,0,2,real_run3_golub_chunk001
golub,real,3,31,F000774,GRP78 gene expression,1,3,real_run3_golub_chunk001
golub,real,3,31,F000516,ALDR1 gene expression,1,3,real_run3_golub_chunk001
golub,real,3,31,F000911,TNFAIP1 gene expression,1,3,real_run3_golub_chunk001
golub,real,3,31,F000802,MLC gene expression,1,3,real_run3_golub_chunk001
golub,real,3,31,F002938,GenBank accession M30838 expression,0,2,real_run3_golub_chunk001
golub,real,3,31,F000198,KIAA0096 gene expression,1,3,real_run3_golub_chunk001
golub,real,3,31,F001249,GenBank accession U17579 expression,0,2,real_run3_golub_chunk001
golub,real,3,31,F000290,KIAA0188 gene expression,1,3,real_run3_golub_chunk001
golub,real,3,31,F002931,HG881-HT881_at expression feature,0,3,real_run3_golub_chunk001
golub,real,3,31,F001957,CL 100 gene expression,1,3,real_run3_golub_chunk001
golub,real,3,31,F002441,NRAMP1 gene expression,4,3,real_run3_golub_chunk001
golub,real,3,31,F002544,HG721-HT4828_s_at expression feature,0,3,real_run3_golub_chunk001
golub,real,3,31,F002936,GenBank accession M12125 expression,0,2,real_run3_golub_chunk001
golub,real,3,31,F001237,LCB2 gene expression,1,3,real_run3_golub_chunk001
golub,real,3,31,F002183,not gene expression,1,3,real_run3_golub_chunk001
golub,real,3,31,F000619,GenBank accession L19872 expression,0,2,real_run3_golub_chunk001
golub,real,3,31,F001002,GenBank accession M82882 expression,0,2,real_run3_golub_chunk001
golub,real,3,31,F002050,MLN51 gene expression,1,3,real_run3_golub_chunk001
golub,real,3,31,F001347,mta1 gene expression,1,3,real_run3_golub_chunk001
golub,real,3,31,F001476,Grap gene expression,2,3,real_run3_golub_chunk001
golub,real,3,31,F001206,Jaw1 gene expression,2,3,real_run3_golub_chunk001
golub,real,3,31,F002777,GenBank accession X58199 expression,0,2,real_run3_golub_chunk001
golub,real,3,31,F001985,P39 gene expression,1,3,real_run3_golub_chunk001
golub,real,3,31,F000850,GNB3 gene expression,1,3,real_run3_golub_chunk001
golub,real,3,31,F001224,tafII30 gene expression,2,3,real_run3_golub_chunk001
golub,real,3,31,F001298,GenBank accession U26710 expression,0,2,real_run3_golub_chunk001
golub,real,3,31,F001458,Humirf5 gene expression,1,3,real_run3_golub_chunk001
golub,real,3,31,F000596,PRPH gene expression,1,3,real_run3_golub_chunk001
golub,real,3,31,F002412,hCREM-2 gene expression,1,3,real_run3_golub_chunk001
golub,real,3,31,F002168,GenBank accession Y00433 expression,0,2,real_run3_golub_chunk001
golub,real,3,31,F000768,CHRM4 gene expression,1,3,real_run3_golub_chunk001
golub,real,3,31,F000875,GenBank accession M34539 expression,0,2,real_run3_golub_chunk001
golub,real,3,31,F000713,p87/89 gene expression,1,3,real_run3_golub_chunk001
golub,real,3,31,F000789,GenBank accession M21904 expression,0,2,real_run3_golub_chunk001
golub,real,3,31,F002496,GenBank accession X04654 expression,0,2,real_run3_golub_chunk001
golub,real,3,31,F002791,GenBank accession X75346 expression,0,2,real_run3_golub_chunk001
golub,real,3,31,F001323,GenBank accession U31382 expression,0,2,real_run3_golub_chunk001
golub,real,3,31,F001799,GenBank accession X14329 expression,0,2,real_run3_golub_chunk001
golub,real,3,31,F002323,PTPN1 gene expression,1,3,real_run3_golub_chunk001
golub,real,3,31,F002273,GenBank accession Z83821 expression,0,2,real_run3_golub_chunk001
golub,real,3,31,F001385,HRG4 gene expression,1,3,real_run3_golub_chunk001
golub,real,3,31,F001810,motilin gene expression,1,3,real_run3_golub_chunk001
golub,real,3,31,F001080,KRT1 gene expression,1,3,real_run3_golub_chunk001
golub,real,3,31,F001708,99D8.1 gene expression,1,3,real_run3_golub_chunk001
golub,real,3,31,F001113,ERV9 reverse transcriptase homolog gene expression,1,3,real_run3_golub_chunk001
golub,real,3,31,F001955,proliferation associated gene (pag) gene expression,2,3,real_run3_golub_chunk001
golub,real,3,31,F002773,TINUR gene expression,3,3,real_run3_golub_chunk001
golub,real,3,31,F002409,GenBank accession D13705 expression,0,2,real_run3_golub_chunk001
golub,real,3,31,F000879,GenBank accession M35128 expression,0,2,real_run3_golub_chunk001
golub,real,3,31,F000664,PECAM-1 gene expression,2,3,real_run3_golub_chunk001
golub,real,3,31,F002401,GenBank accession D10537 expression,0,2,real_run3_golub_chunk001
golub,real,3,31,F002647,GenBank accession M13690 expression,0,2,real_run3_golub_chunk001
golub,real,3,31,F001364,POLR2H gene expression,1,3,real_run3_golub_chunk001
golub,real,3,31,F000192,KIAA0084 gene expression,1,3,real_run3_golub_chunk001
golub,real,3,31,F002071,GenBank accession X83127 expression,0,2,real_run3_golub_chunk001
golub,real,3,31,F000828,GenBank accession M27826 expression,0,2,real_run3_golub_chunk001
golub,real,3,31,F002295,hMNB gene expression,1,3,real_run3_golub_chunk001
golub,real,3,31,F002053,PHKLA gene expression,1,3,real_run3_golub_chunk001
golub,real,3,31,F001709,GenBank accession U91930 expression,0,2,real_run3_golub_chunk001
golub,real,3,31,F000178,Ran-BP1 gene expression,1,3,real_run3_golub_chunk001
golub,real,3,31,F000296,GenBank accession D83004 expression,0,2,real_run3_golub_chunk001
golub,real,3,31,F000593,GenBank accession L13923 expression,0,2,real_run3_golub_chunk001
golub,real,3,31,F000082,KIAA0003 gene expression,1,3,real_run3_golub_chunk001
golub,real,3,31,F001761,GenBank accession X04412 expression,0,2,real_run3_golub_chunk001
golub,real,3,31,F002387,GenBank accession Z74615 expression,0,2,real_run3_golub_chunk001
golub,real,3,31,F001394,CTF1 gene expression,1,3,real_run3_golub_chunk001
golub,real,3,31,F002796,HIF-1 alpha gene expression,2,3,real_run3_golub_chunk001
golub,real,3,31,F002737,GenBank accession Z26491 expression,0,2,real_run3_golub_chunk001
golub,real,3,31,F000735,FTL gene expression,2,3,real_run3_golub_chunk001
golub,real,3,31,F001266,GenBank accession U20582 expression,0,2,real_run3_golub_chunk001
golub,real,3,31,F002673,CD19 gene expression,4,3,real_run3_golub_chunk001
golub,real,3,31,F002191,SIRP-beta1 gene expression,2,3,real_run3_golub_chunk001
golub,real,3,31,F002997,GenBank accession X95876 expression,0,2,real_run3_golub_chunk001
golub,real,3,31,F000612,HRY gene expression,2,3,real_run3_golub_chunk001
golub,real,3,31,F001574,GenBank accession U70451 expression,0,2,real_run3_golub_chunk001
golub,real,3,31,F001340,GenBank accession U33822 expression,0,2,real_run3_golub_chunk001
golub,real,3,31,F001599,GenBank accession U73799 expression,0,2,real_run3_golub_chunk001
golub,real,3,31,F001392,GenBank accession U42031 expression,0,2,real_run3_golub_chunk001
golub,real,3,31,F002870,HOX 2.2 gene expression,2,3,real_run3_golub_chunk001
golub,real,3,31,F000451,HG4036-HT4306_at expression feature,0,3,real_run3_golub_chunk001
golub,real,3,31,F000716,GenBank accession L47345 expression,0,2,real_run3_golub_chunk001
golub,real,3,31,F003005,HLA-A gene expression,2,3,real_run3_golub_chunk001
golub,real,3,31,F001847,GenBank accession X52947 expression,0,2,real_run3_golub_chunk001
golub,real,3,31,F001769,GenBank accession X06256 expression,0,2,real_run3_golub_chunk001
golub,real,3,31,F000560,GenBank accession L07633 expression,0,2,real_run3_golub_chunk001
golub,real,3,31,F001688,NOTCH4 gene expression,2,3,real_run3_golub_chunk001
golub,real,3,31,F001858,GenBank accession X54938 expression,0,2,real_run3_golub_chunk001
golub,real,3,31,F002250,GenBank accession Z48579 expression,0,2,real_run3_golub_chunk001
golub,real,3,31,F000417,HG2715-HT2811_at expression feature,0,3,real_run3_golub_chunk001
golub,real,3,31,F002336,hCox-2 gene expression,1,3,real_run3_golub_chunk001
golub,real,3,31,F002134,GenBank accession X96924 expression,0,2,real_run3_golub_chunk001
golub,real,3,31,F000924,H2A gene expression,1,3,real_run3_golub_chunk001
golub,real,3,31,F001958,GenBank accession X68487 expression,0,2,real_run3_golub_chunk001
golub,real,3,31,F001520,GenBank accession U61166 expression,0,2,real_run3_golub_chunk001
golub,real,3,31,F003030,GenBank accession X71345 expression,0,2,real_run3_golub_chunk001
golub,real,3,31,F001643,GenBank accession U79303 expression,0,2,real_run3_golub_chunk001
golub,real,3,31,F001141,PBEF gene expression,1,3,real_run3_golub_chunk001
golub,real,3,31,F002259,sds22 gene expression,1,3,real_run3_golub_chunk001
golub,real,3,31,F002105,serS gene expression,1,3,real_run3_golub_chunk001
golub,real,3,31,F000147,GenBank accession D28383 expression,0,2,real_run3_golub_chunk001
golub,real,3,31,F002956,GenBank accession U92027 expression,0,2,real_run3_golub_chunk001
golub,real,3,31,F002554,INS gene expression,1,3,real_run3_golub_chunk001
golub,real,3,31,F002509,rps24 gene expression,1,3,real_run3_golub_chunk001
golub,real,3,31,F000709,BPGF-1 gene expression,1,3,real_run3_golub_chunk001
golub,real,3,31,F000626,GenBank accession L21893 expression,0,2,real_run3_golub_chunk001
golub,real,3,31,F000381,HATPL gene expression,1,3,real_run3_golub_chunk001
golub,real,3,31,F000576,GenBank accession L11285 expression,0,2,real_run3_golub_chunk001
golub,real,3,31,F000281,KIAA0177 gene expression,1,3,real_run3_golub_chunk001
golub,real,3,31,F000908,SYN1 gene expression,2,3,real_run3_golub_chunk001
golub,real,3,31,F002140,tim17 gene expression,1,3,real_run3_golub_chunk001
golub,real,3,31,F001397,PTC gene expression,1,3,real_run3_golub_chunk001
golub,real,3,31,F002829,MEF2A gene expression,2,3,real_run3_golub_chunk001
golub,real,3,31,F000838,EIF2 gene expression,1,3,real_run3_golub_chunk001
golub,real,3,31,F002327,MYH10 gene expression,1,3,real_run3_golub_chunk001
golub,real,3,31,F002015,GenBank accession X76059 expression,0,2,real_run3_golub_chunk001
golub,real,3,31,F001774,GenBank accession X06985 expression,0,2,real_run3_golub_chunk001
golub,real,3,31,F001000,SSTR2 gene expression,1,3,real_run3_golub_chunk001
golub,real,3,31,F001951,MKLP-1 gene expression,1,3,real_run3_golub_chunk001
golub,real,3,31,F000291,KIAA0190 gene expression,1,3,real_run3_golub_chunk001
golub,real,3,31,F001512,RAB32 gene expression,1,3,real_run3_golub_chunk001
golub,real,3,31,F002847,GenBank accession Z48501 expression,0,2,real_run3_golub_chunk001
golub,real,3,31,F000793,P1 gene expression,1,3,real_run3_golub_chunk001
golub,real,3,31,F000997,transcription elongation factor SII gene expression,2,3,real_run3_golub_chunk001
golub,real,3,31,F001846,GenBank accession X52943 expression,0,2,real_run3_golub_chunk001
golub,real,3,31,F002699,IGFBP1 gene expression,1,3,real_run3_golub_chunk001
golub,real,3,31,F000538,PRKCT gene expression,1,3,real_run3_golub_chunk001
golub,real,3,31,F002495,HG2809-HT2920_s_at expression feature,0,3,real_run3_golub_chunk001
golub,real,3,31,F000203,KIAA0082 gene expression,1,3,real_run3_golub_chunk001
golub,real,3,31,F002238,GenBank accession Z35307 expression,0,2,real_run3_golub_chunk001
golub,real,3,31,F000478,EIF2 gene expression,1,3,real_run3_golub_chunk001
golub,real,3,31,F003049,GenBank accession X83863 expression,0,2,real_run3_golub_chunk001
golub,real,3,31,F001940,GenBank accession X66403 expression,0,2,real_run3_golub_chunk001
golub,real,3,31,F002526,TE2 gene expression,1,3,real_run3_golub_chunk001
golub,real,3,31,F001060,RAG2 gene expression,4,3,real_run3_golub_chunk001
golub,real,3,31,F000364,KIAA0266 gene expression,1,3,real_run3_golub_chunk001
golub,real,3,31,F001808,GenBank accession X15187 expression,0,2,real_run3_golub_chunk001
golub,real,3,31,F000046,ARC41 gene expression,1,3,real_run3_golub_chunk001
golub,real,3,31,F003004,GenBank accession U88898 expression,0,2,real_run3_golub_chunk001
golub,real,3,31,F001598,hMSH6 gene expression,2,3,real_run3_golub_chunk001
golub,real,3,31,F002205,GenBank accession Z12830 expression,0,2,real_run3_golub_chunk001
golub,real,3,31,F002769,HRK1 gene expression,1,3,real_run3_golub_chunk001
golub,real,3,31,F002044,ray gene expression,1,3,real_run3_golub_chunk001
golub,real,3,31,F002531,GenBank accession U09937 expression,0,2,real_run3_golub_chunk001
golub,real,3,31,F002535,HG4334-HT4604_s_at expression feature,0,3,real_run3_golub_chunk001
golub,real,3,31,F002307,GenBank accession L10413 expression,0,2,real_run3_golub_chunk001
golub,real,3,31,F000060,GenBank accession D00632 expression,0,2,real_run3_golub_chunk001
golub,real,3,31,F000502,ETS2 gene expression,2,3,real_run3_golub_chunk001
golub,real,3,31,F000711,GenBank accession L42542 expression,0,2,real_run3_golub_chunk001
golub,real,3,31,F001037,MCAD gene expression,1,3,real_run3_golub_chunk001
golub,real,3,31,F001530,GenBank accession U63743 expression,0,2,real_run3_golub_chunk001
golub,real,3,31,F001087,CD34 gene expression,4,3,real_run3_golub_chunk001
golub,real,3,31,F000704,SFRS7 gene expression,1,3,real_run3_golub_chunk001
golub,real,3,31,F002766,"cytoplasmic antiproteinase, CAP gene expression",1,3,real_run3_golub_chunk001
golub,real,3,31,F002160,TYL gene expression,1,3,real_run3_golub_chunk001
golub,real,3,31,F000715,SAF-B gene expression,1,3,real_run3_golub_chunk001
golub,real,3,31,F002445,"GCN5-like 1, GCN5L1 gene expression",1,3,real_run3_golub_chunk001
golub,real,3,31,F002546,GenBank accession L08096 expression,0,2,real_run3_golub_chunk001
golub,real,3,31,F000781,GenBank accession M21005 expression,0,2,real_run3_golub_chunk001
golub,real,3,31,F001103,Gene gene expression,1,3,real_run3_golub_chunk001
golub,real,3,31,F002198,OB-RGRP gene expression,1,3,real_run3_golub_chunk001
golub,real,3,31,F002840,HJ1 gene expression,1,3,real_run3_golub_chunk001
golub,real,3,31,F001715,PAR3 gene expression,2,3,real_run3_golub_chunk001
golub,real,3,31,F002655,GenBank accession Y00081 expression,0,2,real_run3_golub_chunk001
golub,real,3,31,F001884,rohu gene expression,1,3,real_run3_golub_chunk001
golub,real,3,31,F001919,GenBank accession X63692 expression,0,2,real_run3_golub_chunk001
golub,real,3,31,F000742,TCRB gene expression,4,3,real_run3_golub_chunk001
golub,real,3,31,F000019,GAPD gene expression,1,3,real_run3_golub_chunk001
golub,real,3,31,F000889,GenBank accession M37583 expression,0,2,real_run3_golub_chunk001
golub,real,3,31,F002928,HG3636-HT3846_at expression feature,0,3,real_run3_golub_chunk001
golub,real,3,31,F002079,pBSCF gene expression,1,3,real_run3_golub_chunk001
golub,real,3,31,F001116,PDCD2 gene expression,1,3,real_run3_golub_chunk001
golub,real,3,31,F000480,CYP2F1 gene expression,1,3,real_run3_golub_chunk001
golub,real,3,31,F001139,GenBank accession U01824 expression,0,2,real_run3_golub_chunk001
golub,real,3,31,F001871,GenBank accession X56667 expression,0,2,real_run3_golub_chunk001
golub,real,3,31,F000083,KIAA0005 gene expression,1,3,real_run3_golub_chunk001
golub,real,3,31,F001888,GenBank accession X59892 expression,0,2,real_run3_golub_chunk001
golub,real,3,31,F000813,PTMS gene expression,1,3,real_run3_golub_chunk001
golub,real,3,31,F001994,TRAP gene expression,2,3,real_run3_golub_chunk001
golub,real,3,31,F001893,GenBank accession X60592 expression,0,2,real_run3_golub_chunk001
golub,real,3,31,F000472,HG846-HT846_at expression feature,0,3,real_run3_golub_chunk001
golub,real,3,31,F001619,GenBank accession U78095 expression,0,2,real_run3_golub_chunk001
golub,real,3,31,F002074,ARSE gene expression,1,3,real_run3_golub_chunk001
golub,real,3,31,F003002,GenBank accession M34516 expression,0,2,real_run3_golub_chunk001
golub,real,3,31,F001542,GenBank accession U65928 expression,0,2,real_run3_golub_chunk001
golub,real,3,31,F002987,E2F1 gene expression,2,3,real_run3_golub_chunk001
golub,real,3,31,F002557,HMG14 gene expression,1,3,real_run3_golub_chunk001
golub,real,3,31,F000032,GenBank accession AB002559 expression,0,2,real_run3_golub_chunk001
golub,real,3,31,F001927,H34 gene expression,1,3,real_run3_golub_chunk001
golub,real,3,31,F002075,GenBank accession X83928 expression,0,2,real_run3_golub_chunk001
golub,real,3,31,F001136,ABR gene expression,2,3,real_run3_golub_chunk001
golub,real,3,31,F001835,GenBank accession X51757 expression,0,2,real_run3_golub_chunk001
golub,real,3,31,F002947,GenBank accession U19765 expression,0,2,real_run3_golub_chunk001
golub,real,3,31,F002640,GenBank accession Y08766 expression,0,2,real_run3_golub_chunk001
golub,real,3,31,F003012,IFNA gene expression,2,3,real_run3_golub_chunk001
golub,real,3,31,F001052,GenBank accession M93405 expression,0,2,real_run3_golub_chunk001
golub,real,3,31,F000113,CAST gene expression,1,3,real_run3_golub_chunk001
golub,real,3,31,F001646,btf2p44 gene expression,2,3,real_run3_golub_chunk001
golub,real,3,31,F002784,GenBank accession U06155 expression,0,2,real_run3_golub_chunk001
golub,real,3,31,F002727,GenBank accession M60483 expression,0,2,real_run3_golub_chunk001
golub,real,3,31,F002913,HG2148-HT2218_f_at expression feature,0,3,real_run3_golub_chunk001
golub,real,3,31,F001962,HLH 1R21 gene expression,2,3,real_run3_golub_chunk001
golub,real,3,31,F000663,GenBank accession L34587 expression,0,2,real_run3_golub_chunk001
golub,real,3,31,F000930,UOG-1 gene expression,1,3,real_run3_golub_chunk001
golub,real,3,31,F002129,GenBank accession X96586 expression,0,2,real_run3_golub_chunk001
golub,real,3,31,F002006,GenBank accession X75252 expression,0,2,real_run3_golub_chunk001
golub,real,3,31,F001704,GenBank accession U90911 expression,0,2,real_run3_golub_chunk001
golub,real,3,31,F001878,Flg-2 gene expression,1,3,real_run3_golub_chunk001
golub,real,3,31,F002395,GenBank accession Y00097 expression,0,2,real_run3_golub_chunk001
golub,real,3,31,F002108,GenBank accession X91809 expression,0,2,real_run3_golub_chunk001
golub,real,3,31,F002272,GenBank accession Z81326 expression,0,2,real_run3_golub_chunk001
golub,real,3,31,F001908,GenBank accession X62466 expression,0,2,real_run3_golub_chunk001
golub,real,3,31,F000442,HG3627-HT3836_at expression feature,0,3,real_run3_golub_chunk001
golub,real,3,31,F002967,DFFRX gene expression,1,3,real_run3_golub_chunk001
golub,real,3,31,F001327,GenBank accession U31814 expression,0,2,real_run3_golub_chunk001
golub,real,3,31,F000582,Foxl1 gene expression,1,3,real_run3_golub_chunk001
golub,real,3,31,F000379,hGCMa gene expression,1,3,real_run3_golub_chunk001
golub,real,3,31,F001595,Dlx7 gene expression,2,3,real_run3_golub_chunk001
golub,real,3,31,F002219,bcl-xL gene expression,2,3,real_run3_golub_chunk001
golub,real,3,31,F001170,GenBank accession U07132 expression,0,2,real_run3_golub_chunk001
golub,real,3,31,F001848,GenBank accession X53331 expression,0,2,real_run3_golub_chunk001
golub,real,3,31,F001952,ISG12 gene expression,2,3,real_run3_golub_chunk001
golub,real,3,31,F001767,GenBank accession X05409 expression,0,2,real_run3_golub_chunk001
golub,real,3,31,F000267,GenBank accession D78012 expression,0,2,real_run3_golub_chunk001
golub,real,3,31,F000526,SPTB gene expression,1,3,real_run3_golub_chunk001
golub,real,3,31,F003044,BRCA1 gene expression,2,3,real_run3_golub_chunk001
golub,real,3,31,F000468,HG4749-HT5197_at expression feature,0,3,real_run3_golub_chunk001
golub,real,3,31,F000353,KIAA0249 gene expression,1,3,real_run3_golub_chunk001
golub,real,3,31,F002455,SIRP-alpha1 gene expression,2,3,real_run3_golub_chunk001
golub,real,3,31,F000464,HG4638-HT5050_at expression feature,0,3,real_run3_golub_chunk001
golub,real,3,31,F000783,AMD2 gene expression,1,3,real_run3_golub_chunk001
golub,real,3,31,F002376,U21.1 gene expression,1,3,real_run3_golub_chunk001
golub,real,3,31,F002711,GYPC gene expression,1,3,real_run3_golub_chunk001
golub,real,3,31,F000986,GenBank accession M77836 expression,0,2,real_run3_golub_chunk001
golub,real,3,31,F000357,KIAA0257 gene expression,1,3,real_run3_golub_chunk001
golub,real,3,31,F002736,IFI 16 gene expression,2,3,real_run3_golub_chunk001
golub,real,3,31,F002528,GenBank accession M74509 expression,0,2,real_run3_golub_chunk001
golub,real,3,31,F000705,HIC-1 gene expression,2,3,real_run3_golub_chunk001
golub,real,3,31,F002094,plexin-B1/SEP gene expression,1,3,real_run3_golub_chunk001
golub,real,3,31,F002819,TCOF1 gene expression,1,3,real_run3_golub_chunk001
golub,real,3,31,F000572,GenBank accession L10378 expression,0,2,real_run3_golub_chunk001
golub,real,3,31,F001754,GenBank accession X04085 expression,0,2,real_run3_golub_chunk001
golub,real,3,31,F000056,C8FW gene expression,1,3,real_run3_golub_chunk001
golub,real,3,31,F002344,DP2 gene expression,2,3,real_run3_golub_chunk001
golub,real,3,31,F002215,GenBank accession Z22548 expression,0,2,real_run3_golub_chunk001
golub,real,3,31,F001292,GenBank accession U25265 expression,0,2,real_run3_golub_chunk001
golub,real,3,31,F000298,NPAT gene expression,1,3,real_run3_golub_chunk001
golub,real,3,31,F003011,HG4490-HT4876_f_at expression feature,0,3,real_run3_golub_chunk001
golub,real,3,31,F002665,HLA-DQA1 gene expression,2,3,real_run3_golub_chunk001
golub,real,3,31,F000691,GenBank accession L39874 expression,0,2,real_run3_golub_chunk001
golub,real,3,31,F000556,GenBank accession L07044 expression,0,2,real_run3_golub_chunk001
golub,real,3,31,F002922,GenBank accession X14008 expression,0,2,real_run3_golub_chunk001
golub,real,3,31,F001429,hPTPCAAX1 gene expression,1,3,real_run3_golub_chunk001
golub,real,3,31,F000548,GenBank accession L05425 expression,0,2,real_run3_golub_chunk001
golub,real,3,31,F001633,GenBank accession U79262 expression,0,2,real_run3_golub_chunk001
golub,real,3,31,F001264,GenBank accession U20350 expression,0,2,real_run3_golub_chunk001
golub,real,3,31,F002763,immunoglobulin lambda light chain gene expression,4,3,real_run3_golub_chunk001
golub,real,3,31,F001285,JTV-1 gene expression,1,3,real_run3_golub_chunk001
golub,real,3,31,F002252,hH3.3B gene expression,1,3,real_run3_golub_chunk001
golub,real,3,31,F002340,GliPR gene expression,1,3,real_run3_golub_chunk001
golub,real,3,31,F000351,KIAA0247 gene expression,1,3,real_run3_golub_chunk001
golub,real,3,31,F003000,GenBank accession M27749 expression,0,2,real_run3_golub_chunk001
golub,real,3,31,F000905,hARF6 gene expression,1,3,real_run3_golub_chunk001
golub,real,3,31,F001710,GenBank accession U91931 expression,0,2,real_run3_golub_chunk001
golub,real,3,31,F000721,GUK1 gene expression,1,3,real_run3_golub_chunk001
golub,real,3,31,F001117,CDC25Hu2 gene expression,2,3,real_run3_golub_chunk001
golub,real,3,31,F001044,GenBank accession M92357 expression,0,2,real_run3_golub_chunk001
golub,real,3,31,F002609,IL8RB gene expression,2,3,real_run3_golub_chunk001
golub,real,3,31,F000263,GenBank accession D64110 expression,0,2,real_run3_golub_chunk001
golub,real,3,31,F002203,GenBank accession Y14140 expression,0,2,real_run3_golub_chunk001
golub,real,3,31,F001175,GenBank accession U07424 expression,0,2,real_run3_golub_chunk001
golub,real,3,31,F001694,GenBank accession U90426 expression,0,2,real_run3_golub_chunk001
golub,real,3,31,F000360,KIAA0261 gene expression,1,3,real_run3_golub_chunk001
golub,real,3,31,F000609,GenBank accession L19161 expression,0,2,real_run3_golub_chunk001
golub,real,3,31,F002397,GenBank accession D00749 expression,0,2,real_run3_golub_chunk001
golub,real,3,31,F000606,HMG-I(Y) gene expression,1,3,real_run3_golub_chunk001
golub,real,3,31,F000644,IGFBP5 gene expression,1,3,real_run3_golub_chunk001
golub,real,3,31,F000836,MAG gene expression,1,3,real_run3_golub_chunk001
golub,real,3,31,F001335,GenBank accession U33053 expression,0,2,real_run3_golub_chunk001
golub,real,3,31,F001636,GenBank accession U79270 expression,0,2,real_run3_golub_chunk001
golub,real,3,31,F002141,GenBank accession X98085 expression,0,2,real_run3_golub_chunk001
golub,real,3,31,F002577,CALM1 gene expression,1,3,real_run3_golub_chunk001
golub,real,3,31,F001220,GPR1 gene expression,2,3,real_run3_golub_chunk001
golub,real,3,31,F002082,RFX5 gene expression,2,3,real_run3_golub_chunk001
golub,real,3,31,F002488,GenBank accession X06182 expression,0,2,real_run3_golub_chunk001
golub,real,3,31,F001457,PKCI-1 gene expression,1,3,real_run3_golub_chunk001
golub,real,3,31,F000164,KIAA0060 gene expression,1,3,real_run3_golub_chunk001
golub,real,3,31,F002304,GenBank accession L04731 expression,0,2,real_run3_golub_chunk001
golub,real,3,31,F001129,bcl-6 gene expression,2,3,real_run3_golub_chunk001
golub,real,3,31,F002712,GenBank accession M36542 expression,0,2,real_run3_golub_chunk001
golub,real,3,31,F002478,LAMR1 gene expression,1,3,real_run3_golub_chunk001
golub,real,3,31,F001965,GenBank accession X69433 expression,0,2,real_run3_golub_chunk001
golub,real,3,31,F000305,KIAA0193 gene expression,1,3,real_run3_golub_chunk001
golub,real,3,31,F001976,PPX gene expression,1,3,real_run3_golub_chunk001
golub,real,3,31,F002752,NF-IL6-beta gene expression,1,3,real_run3_golub_chunk001
golub,real,3,31,F002404,ampd-3 gene expression,1,3,real_run3_golub_chunk001
golub,real,3,31,F001198,GenBank accession U09825 expression,0,2,real_run3_golub_chunk001
golub,real,3,31,F000094,GenBank accession D14043 expression,0,2,real_run3_golub_chunk001
golub,real,3,31,F002184,Dyrk2 gene expression,1,3,real_run3_golub_chunk001
golub,real,3,31,F000040,GenBank accession AF000560 expression,0,2,real_run3_golub_chunk001
golub,real,3,31,F000915,HSP70-HOM gene expression,1,3,real_run3_golub_chunk001
golub,real,3,31,F002633,GenBank accession M97347 expression,0,2,real_run3_golub_chunk001
golub,real,3,31,F002918,HG688-HT688_f_at expression feature,0,3,real_run3_golub_chunk001
golub,real,3,31,F001260,proCPA2 gene expression,1,3,real_run3_golub_chunk001
golub,real,3,31,F000928,TUBG gene expression,1,3,real_run3_golub_chunk001
golub,real,3,31,F000616,DAG1 gene expression,1,3,real_run3_golub_chunk001
golub,real,3,31,F000675,DNM gene expression,1,3,real_run3_golub_chunk001
golub,real,3,31,F002138,Ptg-1 gene expression,1,3,real_run3_golub_chunk001
golub,real,3,31,F002816,GenBank accession U36759 expression,0,2,real_run3_golub_chunk001
golub,real,3,31,F000970,GenBank accession M73047 expression,0,2,real_run3_golub_chunk001
golub,real,3,31,F001368,SRB gene expression,1,3,real_run3_golub_chunk001
golub,real,3,31,F001373,GenBank accession U39412 expression,0,2,real_run3_golub_chunk001
golub,real,3,31,F000041,GenBank accession AF000562 expression,0,2,real_run3_golub_chunk001
golub,real,3,31,F002328,HLA-DPB1 gene expression,2,3,real_run3_golub_chunk001
golub,real,3,31,F000127,KIAA0029 gene expression,1,3,real_run3_golub_chunk001
golub,real,3,31,F001006,HTF4 gene expression,2,3,real_run3_golub_chunk001
golub,real,3,31,F001321,PTGDR gene expression,1,3,real_run3_golub_chunk001
golub,real,3,31,F000727,GenBank accession L77213 expression,0,2,real_run3_golub_chunk001
golub,real,3,31,F000466,HG4662-HT5075_at expression feature,0,3,real_run3_golub_chunk001
golub,real,3,31,F000749,GenBank accession M13955 expression,0,2,real_run3_golub_chunk001
golub,real,3,31,F001649,SNRPN gene expression,1,3,real_run3_golub_chunk001
golub,real,3,31,F000234,KIAA0136 gene expression,1,3,real_run3_golub_chunk001
golub,real,3,31,F000868,GenBank accession M33882 expression,0,2,real_run3_golub_chunk001
golub,real,3,31,F002390,A-589H1.2 gene expression,1,3,real_run3_golub_chunk001
golub,real,3,31,F002102,gp25l2 gene expression,1,3,real_run3_golub_chunk001
golub,real,3,31,F000667,ZNF35 gene expression,1,3,real_run3_golub_chunk001
golub,real,3,31,F000625,GenBank accession L20971 expression,0,2,real_run3_golub_chunk001
golub,real,3,31,F000339,V2-1 gene expression,1,3,real_run3_golub_chunk001
golub,real,3,31,F001282,LUCA15 gene expression,1,3,real_run3_golub_chunk001
golub,real,3,31,F000007,GAPD gene expression,1,3,real_run3_golub_chunk001
golub,real,3,31,F000167,KIAA0059 gene expression,1,3,real_run3_golub_chunk001
golub,real,3,31,F000590,GenBank accession L13800 expression,0,2,real_run3_golub_chunk001
golub,real,3,31,F000831,DIA1 gene expression,1,3,real_run3_golub_chunk001
golub,real,3,31,F002097,MMP-17 gene expression,1,3,real_run3_golub_chunk001
golub,real,3,31,F001554,selW gene expression,1,3,real_run3_golub_chunk001
golub,real,3,31,F000714,Ly-9 gene expression,2,3,real_run3_golub_chunk001
golub,real,3,31,F001462,RBP56 gene expression,1,3,real_run3_golub_chunk001
golub,real,3,31,F000533,C1QB gene expression,2,3,real_run3_golub_chunk001
golub,real,3,31,F001518,GenBank accession U60975 expression,0,2,real_run3_golub_chunk001
golub,real,3,31,F002483,HG4069-HT4339_s_at expression feature,0,3,real_run3_golub_chunk001
golub,real,3,31,F001354,CDK4 gene expression,2,3,real_run3_golub_chunk001
golub,real,3,31,F001255,GenBank accession U18291 expression,0,2,real_run3_golub_chunk001
golub,real,3,31,F000668,GenBank accession L35475 expression,0,2,real_run3_golub_chunk001
golub,real,3,31,F002318,GenBank accession M14745 expression,0,2,real_run3_golub_chunk001
golub,real,3,31,F001635,GenBank accession U79266 expression,0,2,real_run3_golub_chunk001
golub,real,3,31,F001284,Pak1 gene expression,2,3,real_run3_golub_chunk001
golub,real,3,31,F002893,beta 2-microglobulin gene expression,1,3,real_run3_golub_chunk001
golub,real,3,31,F000766,LYN gene expression,3,3,real_run3_golub_chunk001
golub,real,3,31,F000076,GenBank accession D11428 expression,0,2,real_run3_golub_chunk001
golub,real,3,31,F003048,GenBank accession X06956 expression,0,2,real_run3_golub_chunk001
golub,real,3,31,F001310,GenBank accession U29607 expression,0,2,real_run3_golub_chunk001
golub,real,3,31,F002545,HG880-HT880_at expression feature,0,3,real_run3_golub_chunk001
golub,real,3,31,F001393,LAD gene expression,1,3,real_run3_golub_chunk001
golub,real,3,31,F002124,GenBank accession X95735 expression,0,2,real_run3_golub_chunk001
golub,real,3,31,F001039,GenBank accession M91585 expression,0,2,real_run3_golub_chunk001
golub,real,3,31,F002299,HG651-HT4201_at expression feature,0,3,real_run3_golub_chunk001
golub,real,3,31,F002055,OXA1Hs gene expression,1,3,real_run3_golub_chunk001
golub,real,3,31,F002405,PKLR gene expression,1,3,real_run3_golub_chunk001
golub,real,3,31,F000586,GenBank accession L13436 expression,0,2,real_run3_golub_chunk001
golub,real,3,31,F001825,GenBank accession X16706 expression,0,2,real_run3_golub_chunk001
golub,real,3,31,F001589,C3f gene expression,1,3,real_run3_golub_chunk001
golub,real,3,31,F000001,GenBank accession M97935 expression,0,2,real_run3_golub_chunk001
golub,real,3,31,F002985,STM gene expression,1,3,real_run3_golub_chunk001
golub,real,3,31,F002629,GenBank accession U32986 expression,0,2,real_run3_golub_chunk001
golub,real,3,31,F002929,HG4322-HT4592_at expression feature,0,3,real_run3_golub_chunk001
golub,real,3,31,F001377,GenBank accession U40343 expression,0,2,real_run3_golub_chunk001
golub,real,3,31,F001601,GenBank accession U73960 expression,0,2,real_run3_golub_chunk001
golub,real,3,31,F000892,CD9 gene expression,3,3,real_run3_golub_chunk001
golub,real,3,31,F002161,GenBank accession X99699 expression,0,2,real_run3_golub_chunk001
golub,real,3,31,F002043,YPT3 gene expression,1,3,real_run3_golub_chunk001
golub,real,3,31,F002046,lrp gene expression,1,3,real_run3_golub_chunk001
golub,real,3,31,F000732,APOC2 gene expression,1,3,real_run3_golub_chunk001
golub,real,3,31,F000047,ARC20 gene expression,1,3,real_run3_golub_chunk001
golub,real,3,31,F000358,KIAA0258 gene expression,1,3,real_run3_golub_chunk001
golub,real,3,31,F000342,KIAA0237 gene expression,1,3,real_run3_golub_chunk001
golub,real,3,31,F001670,GenBank accession U83463 expression,0,2,real_run3_golub_chunk001
golub,real,3,31,F001384,KVLQT1 gene expression,1,3,real_run3_golub_chunk001
golub,real,3,31,F002066,STA gene expression,1,3,real_run3_golub_chunk001
golub,real,3,31,F002946,GenBank accession U03858 expression,0,2,real_run3_golub_chunk001
golub,real,3,31,F000575,GenBank accession L11239 expression,0,2,real_run3_golub_chunk001
golub,real,3,31,F000597,SMBP2 gene expression,1,3,real_run3_golub_chunk001
golub,real,3,31,F002189,GenBank accession Y10209 expression,0,2,real_run3_golub_chunk001
golub,real,3,31,F000822,PF4 gene expression,2,3,real_run3_golub_chunk001
golub,real,3,31,F002555,GenBank accession V00594 expression,0,2,real_run3_golub_chunk001
golub,real,3,31,F000679,GenBank accession L37127 expression,0,2,real_run3_golub_chunk001
golub,real,3,31,F001322,ERV1 gene expression,1,3,real_run3_golub_chunk001
golub,real,3,31,F003041,GenBank accession X03068 expression,0,2,real_run3_golub_chunk001
golub,real,3,31,F001899,TTG-2a/RBTN-2a gene expression,3,3,real_run3_golub_chunk001
golub,real,3,31,F002915,HG3576-HT3779_f_at expression feature,0,3,real_run3_golub_chunk001
golub,real,3,31,F002569,GenBank accession M31551 expression,0,2,real_run3_golub_chunk001
golub,real,3,31,F001331,MEF gene expression,1,3,real_run3_golub_chunk001
golub,real,3,31,F000437,HG3495-HT3689_at expression feature,0,3,real_run3_golub_chunk001
golub,real,3,31,F001308,GenBank accession U29171 expression,0,2,real_run3_golub_chunk001
golub,real,3,31,F001217,GenBank accession U12255 expression,0,2,real_run3_golub_chunk001
golub,real,3,31,F000028,AQP3 gene expression,1,3,real_run3_golub_chunk001
golub,real,3,31,F001351,GenBank accession U36798 expression,0,2,real_run3_golub_chunk001
golub,real,3,31,F002187,P110delta gene expression,2,3,real_run3_golub_chunk001
golub,real,3,31,F000301,GenBank accession D83657 expression,0,2,real_run3_golub_chunk001
golub,real,3,31,F002550,GenBank accession M97935 expression,0,2,real_run3_golub_chunk001
golub,real,3,31,F001499,239FB gene expression,1,3,real_run3_golub_chunk001
golub,real,3,31,F001480,GT335 gene expression,1,3,real_run3_golub_chunk001
golub,real,3,31,F000484,MYCL2 gene expression,1,3,real_run3_golub_chunk001
golub,real,3,31,F002787,GenBank accession U09178 expression,0,2,real_run3_golub_chunk001
golub,real,3,31,F002695,SPTA1 gene expression,1,3,real_run3_golub_chunk001
golub,real,3,31,F000914,CSF3R gene expression,3,3,real_run3_golub_chunk001
golub,real,3,31,F001576,EZF gene expression,2,3,real_run3_golub_chunk001
golub,real,3,31,F001925,MtTF1 gene expression,1,3,real_run3_golub_chunk001
golub,real,3,31,F000137,GenBank accession D25547 expression,0,2,real_run3_golub_chunk001
golub,real,3,31,F001033,AMPD2 gene expression,1,3,real_run3_golub_chunk001
golub,real,3,31,F001468,GenBank accession U51678 expression,0,2,real_run3_golub_chunk001
golub,real,3,31,F000859,SRI gene expression,1,3,real_run3_golub_chunk001
golub,real,3,31,F002477,CHGA gene expression,1,3,real_run3_golub_chunk001
golub,real,3,31,F000932,ATPL gene expression,1,3,real_run3_golub_chunk001
golub,real,3,31,F002133,PECAM-1 gene expression,2,3,real_run3_golub_chunk001
golub,real,3,31,F000050,GenBank accession AF008937 expression,0,2,real_run3_golub_chunk001
golub,real,3,31,F001689,NOTCH4 gene expression,2,3,real_run3_golub_chunk001
golub,real,3,31,F002912,hMLH1 gene expression,2,3,real_run3_golub_chunk001
golub,real,3,31,F001680,GenBank accession U87408 expression,0,2,real_run3_golub_chunk001
golub,real,3,31,F001341,GenBank accession U34252 expression,0,2,real_run3_golub_chunk001
golub,real,3,31,F001172,GenBank accession U07223 expression,0,2,real_run3_golub_chunk001
golub,real,3,31,F001791,GenBank accession X13482 expression,0,2,real_run3_golub_chunk001
golub,real,3,31,F001023,ISGF3-gamma gene expression,2,3,real_run3_golub_chunk001
golub,real,3,31,F002350,SLC6A8 gene expression,1,3,real_run3_golub_chunk001
golub,real,3,31,F001721,UCPH gene expression,1,3,real_run3_golub_chunk001
golub,real,3,31,F001448,LTC4S gene expression,2,3,real_run3_golub_chunk001
golub,real,3,31,F001650,GenBank accession U81006 expression,0,2,real_run3_golub_chunk001
golub,real,3,31,F002538,HG4755-HT5203_s_at expression feature,0,3,real_run3_golub_chunk001
golub,real,3,31,F000639,TAFII70 gene expression,2,3,real_run3_golub_chunk001
golub,real,3,31,F001273,GenBank accession U21090 expression,0,2,real_run3_golub_chunk001
golub,real,3,31,F000102,KIAA0024 gene expression,1,3,real_run3_golub_chunk001
golub,real,3,31,F002360,BTG2 gene expression,2,3,real_run3_golub_chunk001
golub,real,3,31,F002275,GenBank accession Z84721 expression,0,2,real_run3_golub_chunk001
golub,real,3,31,F000208,apM2 gene expression,1,3,real_run3_golub_chunk001
golub,real,3,31,F003001,GenBank accession M27749 expression,0,2,real_run3_golub_chunk001
golub,real,3,31,F000650,GenBank accession L28821 expression,0,2,real_run3_golub_chunk001
golub,real,3,31,F001667,PSD95 gene expression,1,3,real_run3_golub_chunk001
golub,real,3,31,F000661,GenBank accession L34059 expression,0,2,real_run3_golub_chunk001
golub,real,3,31,F002611,GenBank accession U59632 expression,0,2,real_run3_golub_chunk001
golub,real,3,31,F000098,KIAA0106 gene expression,1,3,real_run3_golub_chunk001
golub,real,3,31,F001378,SSAT gene expression,1,3,real_run3_golub_chunk001
golub,real,3,31,F001756,GenBank accession X04145 expression,0,2,real_run3_golub_chunk001
golub,real,3,31,F002004,c-rel gene expression,3,3,real_run3_golub_chunk001
golub,real,3,31,F002682,GenBank accession U16799 expression,0,2,real_run3_golub_chunk001
golub,real,3,31,F002024,RFG gene expression,2,3,real_run3_golub_chunk001
golub,real,3,31,F000022,GenBank accession AB000115 expression,0,2,real_run3_golub_chunk001
golub,real,3,31,F002988,GenBank accession X06318 expression,0,2,real_run3_golub_chunk001
golub,real,3,31,F000929,GenBank accession M61906 expression,0,2,real_run3_golub_chunk001
golub,real,3,31,F000440,HG3548-HT3749_at expression feature,0,3,real_run3_golub_chunk001
golub,real,3,31,F001085,alpha B-crystallin gene expression,1,3,real_run3_golub_chunk001
golub,real,3,31,F000826,CD8A gene expression,3,3,real_run3_golub_chunk001
golub,real,3,31,F002678,GenBank accession Z68228 expression,0,2,real_run3_golub_chunk001
golub,real,3,31,F001070,SPTBN1 gene expression,1,3,real_run3_golub_chunk001
golub,real,3,31,F001036,GenBank accession M91196 expression,0,2,real_run3_golub_chunk001
golub,real,3,31,F001864,GenBank accession X55733 expression,0,2,real_run3_golub_chunk001
golub,real,3,31,F001944,GenBank accession X66533 expression,0,2,real_run3_golub_chunk001
golub,real,3,31,F002086,HNP36 gene expression,1,3,real_run3_golub_chunk001
golub,real,3,31,F000213,GenBank accession D49490 expression,0,2,real_run3_golub_chunk001
golub,real,3,31,F001265,SNC19 gene expression,1,3,real_run3_golub_chunk001
golub,real,3,31,F001179,GenBank accession U07681 expression,0,2,real_run3_golub_chunk001
golub,real,3,31,F001372,GenBank accession U39400 expression,0,2,real_run3_golub_chunk001
golub,real,3,31,F000708,PP2A gene expression,1,3,real_run3_golub_chunk001
golub,real,3,31,F000865,LSP1 gene expression,2,3,real_run3_golub_chunk001
golub,real,3,31,F001099,"glycine transporter type 1b, GlyT-1b gene expression",1,3,real_run3_golub_chunk001
golub,real,3,31,F001415,tpr2 gene expression,1,3,real_run3_golub_chunk001
golub,real,3,31,F000045,DAXX gene expression,2,3,real_run3_golub_chunk001
golub,real,3,31,F001369,TRP-185 gene expression,1,3,real_run3_golub_chunk001
golub,real,3,31,F002062,BAP31 gene expression,2,3,real_run3_golub_chunk001
golub,real,3,31,F001915,GenBank accession X63422 expression,0,2,real_run3_golub_chunk001
golub,real,3,31,F001200,ZNF143 gene expression,2,3,real_run3_golub_chunk001
golub,real,3,31,F002111,ORF gene expression,1,3,real_run3_golub_chunk001
golub,real,3,31,F000151,KIAA0167 gene expression,1,3,real_run3_golub_chunk001
golub,real,3,31,F002035,HZF1 gene expression,1,3,real_run3_golub_chunk001
golub,real,3,31,F002723,GenBank accession X13461 expression,0,2,real_run3_golub_chunk001
golub,real,3,31,F001837,GenBank accession X52056 expression,0,2,real_run3_golub_chunk001
golub,real,3,31,F002883,GenBank accession X90846 expression,0,2,real_run3_golub_chunk001
golub,real,3,31,F002530,HG417-HT417_s_at expression feature,0,3,real_run3_golub_chunk001
golub,real,3,31,F000338,KIAA0232 gene expression,1,3,real_run3_golub_chunk001
golub,real,3,31,F001697,BTF2 gene expression,2,3,real_run3_golub_chunk001
golub,real,3,31,F000071,GenBank accession D10523 expression,0,2,real_run3_golub_chunk001
golub,real,3,31,F001557,hMAD-2 gene expression,2,3,real_run3_golub_chunk001
golub,real,3,31,F000495,SP-C1 gene expression,1,3,real_run3_golub_chunk001
golub,real,3,31,F000088,KIAA0018 gene expression,1,3,real_run3_golub_chunk001
golub,real,3,31,F001629,GenBank accession U79254 expression,0,2,real_run3_golub_chunk001
golub,real,3,31,F000300,GenBank accession D83597 expression,0,2,real_run3_golub_chunk001
golub,real,3,31,F000517,AK1 gene expression,1,3,real_run3_golub_chunk001
golub,real,3,31,F000077,GenBank accession D13315 expression,0,2,real_run3_golub_chunk001
golub,real,3,31,F002030,hnRNP-E2 gene expression,2,3,real_run3_golub_chunk001
golub,real,3,31,F001631,GenBank accession U79259 expression,0,2,real_run3_golub_chunk001
golub,real,3,31,F001575,HAH1 gene expression,1,3,real_run3_golub_chunk001
golub,real,3,31,F002093,GenBank accession X87838 expression,0,2,real_run3_golub_chunk001
golub,real,3,31,F000680,GenBank accession L37792 expression,0,2,real_run3_golub_chunk001
golub,real,3,31,F002127,GenBank accession X96484 expression,0,2,real_run3_golub_chunk001
golub,real,3,31,F000141,ms2 gene expression,1,3,real_run3_golub_chunk001
golub,real,3,31,F000407,HG2274-HT2370_at expression feature,0,3,real_run3_golub_chunk001
golub,real,3,31,F001776,GenBank accession X07290 expression,0,2,real_run3_golub_chunk001
golub,real,3,31,F002208,MHC-encoded proteasome subunit gene LAMP7-E1 gene expression,2,3,real_run3_golub_chunk001
golub,real,3,31,F002123,GenBank accession X94910 expression,0,2,real_run3_golub_chunk001
golub,real,3,31,F002420,GenBank accession L15326 expression,0,2,real_run3_golub_chunk001
golub,real,3,31,F002880,GenBank accession X82206 expression,0,2,real_run3_golub_chunk001
golub,real,3,31,F002834,GenBank accession Z54367 expression,0,2,real_run3_golub_chunk001
golub,real,3,31,F000333,KIAA0219 gene expression,1,3,real_run3_golub_chunk001
golub,real,3,31,F002710,GenBank accession X13955 expression,0,2,real_run3_golub_chunk001
golub,real,3,31,F000765,GenBank accession M15990 expression,0,2,real_run3_golub_chunk001
golub,real,3,31,F002808,COL11A2 gene expression,1,3,real_run3_golub_chunk001
golub,real,3,31,F002764,cell adhesion regulator gene expression,2,3,real_run3_golub_chunk001
golub,real,3,31,F002247,syndecan-1 gene expression,2,3,real_run3_golub_chunk001
golub,real,3,31,F001989,MCP-3 gene expression,2,3,real_run3_golub_chunk001
golub,real,3,31,F000282,KIAA0179 gene expression,1,3,real_run3_golub_chunk001
golub,real,3,31,F000278,KIAA0171 gene expression,1,3,real_run3_golub_chunk001
golub,real,3,31,F002106,arp1 gene expression,1,3,real_run3_golub_chunk001
golub,real,3,31,F001251,FUT2 gene expression,1,3,real_run3_golub_chunk001
golub,real,3,31,F001874,HS1 gene expression,3,3,real_run3_golub_chunk001
golub,real,3,31,F001299,STEP gene expression,1,3,real_run3_golub_chunk001
golub,real,3,31,F002643,CRBP gene expression,1,3,real_run3_golub_chunk001
golub,real,3,31,F002645,TCRA gene expression,3,3,real_run3_golub_chunk001
golub,real,3,31,F000174,GenBank accession D32050 expression,0,2,real_run3_golub_chunk001
golub,real,3,31,F002224,AF-1p gene expression,2,3,real_run3_golub_chunk001
golub,real,3,31,F001388,DSS1 gene expression,1,3,real_run3_golub_chunk001
golub,real,3,31,F002851,ATRX gene expression,2,3,real_run3_golub_chunk001
golub,real,3,31,F002961,immunoglobulin heavy chain V(H)5 pseudogene gene expression,3,3,real_run3_golub_chunk001
golub,real,3,31,F001047,GenBank accession M92934 expression,0,2,real_run3_golub_chunk001
golub,real,3,31,F000819,ELK1 gene expression,2,3,real_run3_golub_chunk001
golub,real,3,31,F002871,GenBank accession X59932 expression,0,2,real_run3_golub_chunk001
golub,real,3,31,F000356,KIAA0256 gene expression,1,3,real_run3_golub_chunk001
golub,real,3,31,F001524,GenBank accession U62136 expression,0,2,real_run3_golub_chunk001
golub,real,3,31,F000014,GenBank accession M27830 expression,0,2,real_run3_golub_chunk001
golub,real,3,31,F002720,HPCN1 gene expression,1,3,real_run3_golub_chunk001
golub,real,3,31,F002963,S26 gene expression,1,3,real_run3_golub_chunk001
golub,real,3,31,F000210,Aop1 gene expression,1,3,real_run3_golub_chunk001
golub,real,3,31,F000988,CyP3 gene expression,1,3,real_run3_golub_chunk001
golub,real,3,31,F003014,CGB gene expression,1,3,real_run3_golub_chunk001
golub,real,3,31,F001095,heat shock protein HSP72 homolog gene expression,1,3,real_run3_golub_chunk001
golub,real,3,31,F000861,VCL gene expression,1,3,real_run3_golub_chunk001
golub,real,3,31,F000183,GenBank accession D38535 expression,0,2,real_run3_golub_chunk001
golub,real,3,31,F000400,HG1872-HT1907_at expression feature,0,3,real_run3_golub_chunk001
golub,real,3,31,F001051,PLRP1 gene expression,1,3,real_run3_golub_chunk001
golub,real,3,31,F002527,HG4011-HT4804_s_at expression feature,0,3,real_run3_golub_chunk001
golub,real,3,31,F002517,MYC gene expression,3,3,real_run3_golub_chunk001
golub,real,3,31,F001244,HPXEL gene expression,1,3,real_run3_golub_chunk001
golub,real,3,31,F002277,SMC1A gene expression,2,3,real_run3_golub_chunk001
golub,real,3,31,F000672,GenBank accession L36720 expression,0,2,real_run3_golub_chunk001
golub,real,3,31,F000900,CLG4A gene expression,1,3,real_run3_golub_chunk001
golub,real,3,31,F002618,EGFRBP-GRB2 gene expression,2,3,real_run3_golub_chunk001
golub,real,3,31,F002022,NEFA gene expression,1,3,real_run3_golub_chunk001
golub,real,3,31,F002292,GenBank accession D45132 expression,0,2,real_run3_golub_chunk001
golub,real,3,31,F002228,GenBank accession Z29574 expression,0,2,real_run3_golub_chunk001
golub,real,3,31,F002452,HXC-26 gene expression,2,3,real_run3_golub_chunk001
golub,real,3,31,F002842,GenBank accession U61397 expression,0,2,real_run3_golub_chunk001
golub,real,3,31,F000874,GenBank accession M34455 expression,0,2,real_run3_golub_chunk001
golub,real,3,31,F000815,GenBank accession M24470 expression,0,2,real_run3_golub_chunk001
golub,real,3,31,F002925,FSHD gene expression,1,3,real_run3_golub_chunk001
golub,real,3,31,F000877,GenBank accession M34668 expression,0,2,real_run3_golub_chunk001
golub,real,3,31,F002470,HG1496-HT1496_s_at expression feature,0,3,real_run3_golub_chunk001
golub,real,3,31,F001616,GenBank accession U77948 expression,0,2,real_run3_golub_chunk001
golub,real,3,31,F001443,GenBank accession U49785 expression,0,2,real_run3_golub_chunk001
golub,real,3,31,F000712,ATP1AL1 gene expression,1,3,real_run3_golub_chunk001
golub,real,3,31,F002197,GenBank accession Y11710 expression,0,2,real_run3_golub_chunk001
golub,real,3,31,F001534,GenBank accession U64675 expression,0,2,real_run3_golub_chunk001
golub,real,3,31,F002194,SKAP55 gene expression,3,3,real_run3_golub_chunk001
golub,real,3,31,F000403,HG2059-HT2114_at expression feature,0,3,real_run3_golub_chunk001
golub,real,3,31,F001502,Hs-cul-3 gene expression,1,3,real_run3_golub_chunk001
golub,real,3,31,F000794,GenBank accession M22430 expression,0,2,real_run3_golub_chunk001
golub,real,3,31,F000445,HG3748-HT4018_at expression feature,0,3,real_run3_golub_chunk001
golub,real,3,31,F000059,GenBank accession D00596 expression,0,2,real_run3_golub_chunk001
golub,real,3,31,F002937,GenBank accession M13485 expression,0,2,real_run3_golub_chunk001
golub,real,3,31,F001978,OZF gene expression,1,3,real_run3_golub_chunk001
golub,real,3,31,F000485,GenBank accession J03161 expression,0,2,real_run3_golub_chunk001
golub,real,3,31,F000961,heat shock factor 2 gene expression,2,3,real_run3_golub_chunk001
golub,real,3,31,F001169,GenBank accession U06863 expression,0,2,real_run3_golub_chunk001
golub,real,3,31,F001319,GenBank accession U30888 expression,0,2,real_run3_golub_chunk001
golub,real,3,31,F002329,GLUT4 gene expression,1,3,real_run3_golub_chunk001
golub,real,3,31,F000265,GenBank accession D64158 expression,0,2,real_run3_golub_chunk001
golub,real,3,31,F001252,GenBank accession U18009 expression,0,2,real_run3_golub_chunk001
golub,real,3,31,F000563,HGBE gene expression,1,3,real_run3_golub_chunk001
golub,real,3,31,F000176,GenBank accession D38047 expression,0,2,real_run3_golub_chunk001
golub,real,3,31,F002572,GenBank accession M21119 expression,0,2,real_run3_golub_chunk001
golub,real,3,31,F002099,mcs gene expression,1,3,real_run3_golub_chunk001
golub,real,3,31,F002125,erm gene expression,1,3,real_run3_golub_chunk001
golub,real,3,31,F001693,GenBank accession U90306 expression,0,2,real_run3_golub_chunk001
golub,real,3,31,F002610,RDC-1 gene expression,2,3,real_run3_golub_chunk001
golub,real,3,31,F001066,GenBank accession M95678 expression,0,2,real_run3_golub_chunk001
golub,real,3,31,F002747,FSH gene expression,1,3,real_run3_golub_chunk001
golub,real,3,31,F001768,GenBank accession X05908 expression,0,2,real_run3_golub_chunk001
golub,real,3,31,F002248,GenBank accession Z48481 expression,0,2,real_run3_golub_chunk001
golub,real,3,31,F002511,HG3342-HT3519_s_at expression feature,0,3,real_run3_golub_chunk001
golub,real,3,31,F000121,KIAA0030 gene expression,1,3,real_run3_golub_chunk001
golub,real,3,31,F000054,GenBank accession AF015910 expression,0,2,real_run3_golub_chunk001
golub,real,3,31,F001959,SPR-2 gene expression,1,3,real_run3_golub_chunk001
golub,real,3,31,F001432,APLP1 gene expression,1,3,real_run3_golub_chunk001
golub,real,3,31,F000447,HG3936-HT4206_at expression feature,0,3,real_run3_golub_chunk001
golub,real,3,31,F000051,GenBank accession AF009301 expression,0,2,real_run3_golub_chunk001
golub,real,3,31,F001380,GenBank accession U40434 expression,0,2,real_run3_golub_chunk001
golub,real,3,31,F000603,GRK6 gene expression,2,3,real_run3_golub_chunk001
golub,real,3,31,F000123,osf-4 gene expression,1,3,real_run3_golub_chunk001
golub,real,3,31,F001472,GenBank accession U52112 expression,0,2,real_run3_golub_chunk001
golub,real,3,31,F000683,hERRa gene expression,2,3,real_run3_golub_chunk001
golub,real,3,31,F002281,ltk gene expression,2,3,real_run3_golub_chunk001
golub,real,3,31,F000115,GenBank accession D16469 expression,0,2,real_run3_golub_chunk001
golub,real,3,31,F000922,GenBank accession M60527 expression,0,2,real_run3_golub_chunk001
golub,real,3,31,F002400,GenBank accession L32832 expression,0,2,real_run3_golub_chunk001
golub,real,3,31,F002391,GenBank accession D00408 expression,0,2,real_run3_golub_chunk001
golub,real,3,31,F001361,GenBank accession U37518 expression,0,2,real_run3_golub_chunk001
golub,real,3,31,F000124,KIAA0034 gene expression,1,3,real_run3_golub_chunk001
golub,real,3,31,F000247,KIAA0147 gene expression,1,3,real_run3_golub_chunk001
golub,real,3,31,F002430,GenBank accession X62153 expression,0,2,real_run3_golub_chunk001
golub,real,3,31,F000085,KIAK0002 gene expression,1,3,real_run3_golub_chunk001
golub,real,3,31,F000895,NCF1 gene expression,3,3,real_run3_golub_chunk001
golub,real,3,31,F001898,GenBank accession X61072 expression,0,2,real_run3_golub_chunk001
golub,real,3,31,F002051,"MLN 62, CART1 gene expression",1,3,real_run3_golub_chunk001
golub,real,3,31,F002036,HZF2 gene expression,1,3,real_run3_golub_chunk001
golub,real,3,31,F000254,KIAA0155 gene expression,1,3,real_run3_golub_chunk001
golub,real,3,31,F002970,GenBank accession Z49105 expression,0,2,real_run3_golub_chunk001
golub,real,3,31,F001213,IL8RA gene expression,2,3,real_run3_golub_chunk001
golub,real,3,31,F002216,kinectin gene expression,1,3,real_run3_golub_chunk001
golub,real,3,31,F002458,H-Y gene expression,1,3,real_run3_golub_chunk001
golub,real,3,31,F001676,GenBank accession U85767 expression,0,2,real_run3_golub_chunk001
golub,real,3,31,F002443,GenBank accession U58046 expression,0,2,real_run3_golub_chunk001
golub,real,3,31,F000851,GenBank accession M31627 expression,0,2,real_run3_golub_chunk001
golub,real,3,31,F001500,GenBank accession U58048 expression,0,2,real_run3_golub_chunk001
golub,real,3,31,F002085,HHa1 gene expression,1,3,real_run3_golub_chunk001
golub,real,3,31,F000079,PIG-F gene expression,1,3,real_run3_golub_chunk001
golub,real,3,31,F003007,PMS5 gene expression,1,3,real_run3_golub_chunk001
golub,real,3,31,F002941,HLA-DRB1 gene expression,2,3,real_run3_golub_chunk001
golub,real,3,31,F000991,p78 gene expression,1,3,real_run3_golub_chunk001
golub,real,3,31,F002334,L-arginine:glycine amidinotransferase gene expression,1,3,real_run3_golub_chunk001
golub,real,3,31,F001469,IQGAP2 gene expression,1,3,real_run3_golub_chunk001
golub,real,3,31,F002372,GL101 gene expression,1,3,real_run3_golub_chunk001
golub,real,3,31,F002359,FEZ2 gene expression,1,3,real_run3_golub_chunk001
golub,real,3,31,F001218,GenBank accession U12779 expression,0,2,real_run3_golub_chunk001
golub,real,3,31,F000615,MIF gene expression,2,3,real_run3_golub_chunk001
golub,real,3,31,F001253,TAFII55 gene expression,2,3,real_run3_golub_chunk001
golub,real,3,31,F002732,IGFBP4 gene expression,1,3,real_run3_golub_chunk001
golub,real,3,31,F000206,GenBank accession D44466 expression,0,2,real_run3_golub_chunk001
golub,real,3,31,F001565,GenBank accession U68723 expression,0,2,real_run3_golub_chunk001
golub,real,3,31,F001828,GenBank accession X17025 expression,0,2,real_run3_golub_chunk001
golub,real,3,31,F002556,GenBank accession V00594 expression,0,2,real_run3_golub_chunk001
golub,real,3,31,F002789,MR60 gene expression,1,3,real_run3_golub_chunk001
golub,real,3,31,F001453,GenBank accession U50733 expression,0,2,real_run3_golub_chunk001
golub,real,3,31,F000118,BDR-2 gene expression,1,3,real_run3_golub_chunk001
golub,real,3,31,F001016,NAP gene expression,1,3,real_run3_golub_chunk001
golub,real,3,31,F000507,PGAM2 gene expression,1,3,real_run3_golub_chunk001
golub,real,3,31,F002016,DAP-kinase gene expression,2,3,real_run3_golub_chunk001
golub,real,3,31,F000842,MGMT gene expression,2,3,real_run3_golub_chunk001
golub,real,3,31,F002603,tk gene expression,2,3,real_run3_golub_chunk001
golub,real,3,31,F002368,GenBank accession X12671 expression,0,2,real_run3_golub_chunk001
golub,real,3,31,F001005,GenBank accession M83221 expression,0,2,real_run3_golub_chunk001
golub,real,3,31,F000555,GenBank accession L06845 expression,0,2,real_run3_golub_chunk001
golub,real,3,31,F001657,PI4Kb gene expression,1,3,real_run3_golub_chunk001
golub,real,3,31,F000856,GenBank accession M32313 expression,0,2,real_run3_golub_chunk001
golub,real,3,31,F001712,GenBank accession U91985 expression,0,2,real_run3_golub_chunk001
golub,real,3,31,F000959,PRKAR1B gene expression,1,3,real_run3_golub_chunk001
golub,real,3,31,F000937,CTSD gene expression,2,3,real_run3_golub_chunk001
golub,real,3,31,F002245,GenBank accession Z48042 expression,0,2,real_run3_golub_chunk001
golub,real,3,31,F001155,GenBank accession U03398 expression,0,2,real_run3_golub_chunk001
golub,real,3,31,F000518,COX8 gene expression,1,3,real_run3_golub_chunk001
golub,real,3,31,F001617,NPAS1 gene expression,2,3,real_run3_golub_chunk001
golub,real,3,31,F001585,LIS1 gene expression,2,3,real_run3_golub_chunk001
golub,real,3,31,F000968,MAD3 gene expression,2,3,real_run3_golub_chunk001
golub,real,3,31,F000359,KIAA0259 gene expression,1,3,real_run3_golub_chunk001
golub,real,3,31,F001478,IRF4 gene expression,3,3,real_run3_golub_chunk001
golub,real,3,31,F001184,ISPK-1 gene expression,1,3,real_run3_golub_chunk001
golub,real,3,31,F001875,pM5 gene expression,1,3,real_run3_golub_chunk001
golub,real,3,31,F002383,MN1 gene expression,3,3,real_run3_golub_chunk001
golub,real,3,31,F000830,RAB1 gene expression,1,3,real_run3_golub_chunk001
golub,real,3,31,F000998,SkM1 gene expression,1,3,real_run3_golub_chunk001
golub,real,3,31,F000421,HG2825-HT2949_at expression feature,0,3,real_run3_golub_chunk001
golub,real,3,31,F000621,GenBank accession L20298 expression,0,2,real_run3_golub_chunk001
golub,real,3,31,F002294,KIAA0178 gene expression,1,3,real_run3_golub_chunk001
golub,real,3,31,F000780,APOC1 gene expression,1,3,real_run3_golub_chunk001
golub,real,3,31,F001305,CFR-1 gene expression,1,3,real_run3_golub_chunk001
golub,real,3,31,F000105,KIAA0110 gene expression,1,3,real_run3_golub_chunk001
golub,real,3,31,F001654,GenBank accession U81599 expression,0,2,real_run3_golub_chunk001
golub,real,3,31,F001455,PKD2 gene expression,1,3,real_run3_golub_chunk001
golub,real,3,31,F001183,GenBank accession U07919 expression,0,2,real_run3_golub_chunk001
golub,real,3,31,F002756,CCHL1A2 gene expression,1,3,real_run3_golub_chunk001
golub,real,3,31,F001606,CHLR1 gene expression,2,3,real_run3_golub_chunk001
golub,real,3,31,F000449,HG3995-HT4265_at expression feature,0,3,real_run3_golub_chunk001
golub,real,3,31,F001262,GPS1 gene expression,1,3,real_run3_golub_chunk001
golub,real,3,31,F002073,LIG4 gene expression,2,3,real_run3_golub_chunk001
golub,real,3,31,F001008,CD59 gene expression,2,3,real_run3_golub_chunk001
golub,real,3,31,F000870,GenBank accession M34175 expression,0,2,real_run3_golub_chunk001
golub,real,3,31,F001596,SHC gene expression,2,3,real_run3_golub_chunk001
golub,real,3,31,F000366,KIAA0270 gene expression,1,3,real_run3_golub_chunk001
golub,real,3,31,F002201,fb19 gene expression,1,3,real_run3_golub_chunk001
golub,real,3,31,F000310,GenBank accession D83920 expression,0,2,real_run3_golub_chunk001
golub,real,3,31,F000443,HG363-HT363_at expression feature,0,3,real_run3_golub_chunk001
golub,real,3,31,F002076,GenBank accession X84373 expression,0,2,real_run3_golub_chunk001
golub,real,3,31,F002750,GenBank accession M83652 expression,0,2,real_run3_golub_chunk001
golub,real,3,31,F000005,GenBank accession M10098 expression,0,2,real_run3_golub_chunk001
golub,real,3,31,F000788,TCRD gene expression,4,3,real_run3_golub_chunk001
golub,real,3,31,F001698,H2A/l gene expression,1,3,real_run3_golub_chunk001
golub,real,3,31,F002679,dbpAv gene expression,1,3,real_run3_golub_chunk001
golub,real,3,31,F002975,GenBank accession L35594 expression,0,2,real_run3_golub_chunk001
golub,real,3,31,F001050,MRC1 gene expression,2,3,real_run3_golub_chunk001
golub,real,3,31,F000984,GenBank accession M77142 expression,0,2,real_run3_golub_chunk001
golub,real,3,31,F002467,GenBank accession M25079 expression,0,2,real_run3_golub_chunk001
golub,real,3,31,F000579,GenBank accession L11373 expression,0,2,real_run3_golub_chunk001
golub,real,3,31,F002604,AP1B1 gene expression,1,3,real_run3_golub_chunk001
golub,real,3,31,F000654,EBI 1 gene expression,2,3,real_run3_golub_chunk001
golub,real,3,31,F002440,GenBank accession D49824 expression,0,2,real_run3_golub_chunk001
golub,real,3,31,F001185,GenBank accession U08336 expression,0,2,real_run3_golub_chunk001
golub,real,3,31,F001256,GenBank accession U18548 expression,0,2,real_run3_golub_chunk001
golub,real,3,31,F002786,TMPO gene expression,1,3,real_run3_golub_chunk001
golub,real,3,31,F001522,GenBank accession U61263 expression,0,2,real_run3_golub_chunk001
golub,real,3,31,F001431,hKID gene expression,1,3,real_run3_golub_chunk001
golub,real,3,31,F002449,GenBank accession D78577 expression,0,2,real_run3_golub_chunk001
golub,real,3,31,F002253,GenBank accession Z49099 expression,0,2,real_run3_golub_chunk001
golub,real,3,31,F001089,BL34 gene expression,2,3,real_run3_golub_chunk001
golub,real,3,31,F000589,GenBank accession L13761 expression,0,2,real_run3_golub_chunk001
golub,real,3,31,F001071,GenBank accession M96859 expression,0,2,real_run3_golub_chunk001
golub,real,3,31,F000003,GenBank accession M97935 expression,0,2,real_run3_golub_chunk001
golub,real,3,31,F002357,PLEC1 gene expression,1,3,real_run3_golub_chunk001
golub,real,3,31,F000778,CLTA gene expression,1,3,real_run3_golub_chunk001
golub,real,3,31,F002112,GenBank accession X92720 expression,0,2,real_run3_golub_chunk001
golub,real,3,31,F000617,GenBank accession L19779 expression,0,2,real_run3_golub_chunk001
golub,real,3,31,F001600,GenBank accession U73824 expression,0,2,real_run3_golub_chunk001
golub,real,3,31,F002919,GYPB gene expression,1,3,real_run3_golub_chunk001
golub,real,3,31,F000154,KIAA0053 gene expression,1,3,real_run3_golub_chunk001
golub,real,3,31,F002724,COMT gene expression,1,3,real_run3_golub_chunk001
golub,real,3,31,F000386,GenBank accession D90209 expression,0,2,real_run3_golub_chunk001
golub,real,3,31,F001879,hR-PTPu gene expression,2,3,real_run3_golub_chunk001
golub,real,3,31,F002408,KIAA0006 gene expression,1,3,real_run3_golub_chunk001
golub,real,3,31,F001588,hBAP gene expression,1,3,real_run3_golub_chunk001
golub,real,3,31,F000307,KIAA0192 gene expression,1,3,real_run3_golub_chunk001
golub,real,3,31,F000332,KIAA0218 gene expression,1,3,real_run3_golub_chunk001
golub,real,3,31,F002218,GenBank accession Z23090 expression,0,2,real_run3_golub_chunk001
golub,real,3,31,F000341,KIAA0236 gene expression,1,3,real_run3_golub_chunk001
golub,real,3,31,F001357,6A8 gene expression,1,3,real_run3_golub_chunk001
golub,real,3,31,F001843,GenBank accession X52638 expression,0,2,real_run3_golub_chunk001
golub,real,3,31,F002428,DRPLA gene expression,1,3,real_run3_golub_chunk001
golub,real,3,31,F002691,GenBank accession M28882 expression,0,2,real_run3_golub_chunk001
golub,real,3,31,F001954,GenBank accession X67698 expression,0,2,real_run3_golub_chunk001
golub,real,3,31,F000979,GenBank accession M75099 expression,0,2,real_run3_golub_chunk001
golub,real,3,31,F000469,HG511-HT511_at expression feature,0,3,real_run3_golub_chunk001
golub,real,3,31,F000406,HG2264-HT2360_at expression feature,0,3,real_run3_golub_chunk001
golub,real,3,31,F000630,ADORA1 gene expression,1,3,real_run3_golub_chunk001
golub,real,3,31,F000072,HM74 gene expression,1,3,real_run3_golub_chunk001
golub,real,3,31,F001436,NE-dlg gene expression,1,3,real_run3_golub_chunk001
golub,real,3,31,F001084,"cytokeratin 2, CK 2 gene expression",1,3,real_run3_golub_chunk001
golub,real,3,31,F002260,GenBank accession Z50781 expression,0,2,real_run3_golub_chunk001
golub,real,3,31,F001647,TAP gene expression,2,3,real_run3_golub_chunk001
golub,real,3,31,F001928,GenBank accession X64594 expression,0,2,real_run3_golub_chunk001
golub,real,3,31,F000623,GenBank accession L20815 expression,0,2,real_run3_golub_chunk001
golub,real,3,31,F001101,hCDC10 gene expression,1,3,real_run3_golub_chunk001
golub,real,3,31,F000513,PEPD gene expression,1,3,real_run3_golub_chunk001
golub,real,3,31,F000853,ALDH1 gene expression,1,3,real_run3_golub_chunk001
golub,real,3,31,F002013,QRSHs gene expression,1,3,real_run3_golub_chunk001
golub,real,3,31,F001439,UBE2V gene expression,1,3,real_run3_golub_chunk001
golub,real,3,31,F002227,sub2.3 gene expression,1,3,real_run3_golub_chunk001
golub,real,3,31,F000325,KIAA0201 gene expression,1,3,real_run3_golub_chunk001
golub,real,3,31,F001521,GenBank accession U61234 expression,0,2,real_run3_golub_chunk001
golub,real,3,31,F001997,GenBank accession X74328 expression,0,2,real_run3_golub_chunk001
golub,real,3,31,F001747,GenBank accession X03072 expression,0,2,real_run3_golub_chunk001
golub,real,3,31,F000557,RPA gene expression,1,3,real_run3_golub_chunk001
golub,real,3,31,F001900,BTG1 gene expression,2,3,real_run3_golub_chunk001
golub,real,3,31,F000618,ATF3 gene expression,2,3,real_run3_golub_chunk001
golub,real,3,31,F001826,GenBank accession X16832 expression,0,2,real_run3_golub_chunk001
golub,real,3,31,F002451,SB1.8/DXS423E gene expression,1,3,real_run3_golub_chunk001
golub,real,3,31,F001832,nm23 gene expression,2,3,real_run3_golub_chunk001
golub,real,3,31,F002993,GenBank accession X51345 expression,0,2,real_run3_golub_chunk001
golub,real,3,31,F002855,GenBank accession U76764 expression,0,2,real_run3_golub_chunk001
golub,real,3,31,F001171,GenBank accession U07158 expression,0,2,real_run3_golub_chunk001
golub,real,3,31,F000750,UROD gene expression,1,3,real_run3_golub_chunk001
golub,real,3,31,F000191,KIAA0088 gene expression,1,3,real_run3_golub_chunk001
golub,real,3,31,F002623,HO57 gene expression,1,3,real_run3_golub_chunk001
golub,real,3,31,F001053,PTPRZ gene expression,2,3,real_run3_golub_chunk001
golub,real,3,31,F002313,IQGAP1 gene expression,1,3,real_run3_golub_chunk001
golub,real,3,31,F002677,CD3E gene expression,3,3,real_run3_golub_chunk001
golub,real,3,31,F001300,GenBank accession U28131 expression,0,2,real_run3_golub_chunk001
golub,real,3,31,F001152,GenBank accession U03105 expression,0,2,real_run3_golub_chunk001
golub,real,3,31,F000327,KIAA0207 gene expression,1,3,real_run3_golub_chunk001
golub,real,3,31,F001991,GenBank accession X72790 expression,0,2,real_run3_golub_chunk001
golub,real,3,31,F002680,GSTP1 gene expression,2,3,real_run3_golub_chunk001
golub,real,3,31,F000293,aC1 gene expression,1,3,real_run3_golub_chunk001
golub,real,3,31,F001703,GenBank accession U90909 expression,0,2,real_run3_golub_chunk001
golub,real,3,31,F001661,GenBank accession U82303 expression,0,2,real_run3_golub_chunk001
golub,real,3,31,F002708,GenBank accession S37730 expression,0,2,real_run3_golub_chunk001
golub,real,3,31,F001867,GenBank accession X56199 expression,0,2,real_run3_golub_chunk001
golub,real,3,31,F001678,HAS3 gene expression,1,3,real_run3_golub_chunk001
golub,real,3,31,F002628,GenBank accession L38490 expression,0,2,real_run3_golub_chunk001
golub,real,3,31,F002812,ATM gene expression,2,3,real_run3_golub_chunk001
golub,real,3,31,F002704,CYP11B1 gene expression,1,3,real_run3_golub_chunk001
golub,real,3,31,F002173,RFB30 gene expression,1,3,real_run3_golub_chunk001
golub,real,3,31,F000257,KIAA0158 gene expression,1,3,real_run3_golub_chunk001
golub,real,3,31,F000641,CIP2 gene expression,1,3,real_run3_golub_chunk001
golub,real,3,31,F002438,GenBank accession M19311 expression,0,2,real_run3_golub_chunk001
golub,real,3,31,F002843,GenBank accession U79261 expression,0,2,real_run3_golub_chunk001
golub,real,3,31,F000128,GenBank accession D23662 expression,0,2,real_run3_golub_chunk001
golub,real,3,31,F002296,KIAA0221 gene expression,1,3,real_run3_golub_chunk001
golub,real,3,31,F001205,GenBank accession U10439 expression,0,2,real_run3_golub_chunk001
golub,real,3,31,F000418,HG2724-HT2820_at expression feature,0,3,real_run3_golub_chunk001
golub,real,3,31,F001154,GenBank accession U03272 expression,0,2,real_run3_golub_chunk001
golub,real,3,31,F000977,GenBank accession M74524 expression,0,2,real_run3_golub_chunk001
golub,real,3,31,F000770,GJA1P1 gene expression,1,3,real_run3_golub_chunk001
golub,real,3,31,F001079,GenBank accession M98539 expression,0,2,real_run3_golub_chunk001
golub,real,3,31,F000034,CFTR gene expression,1,3,real_run3_golub_chunk001
golub,real,3,31,F002363,GenBank accession U96131 expression,0,2,real_run3_golub_chunk001
golub,real,3,31,F001390,GenBank accession U41668 expression,0,2,real_run3_golub_chunk001
golub,real,3,31,F000394,HG1612-HT1612_at expression feature,0,3,real_run3_golub_chunk001
golub,real,3,31,F002910,dbi/acbp gene expression,1,3,real_run3_golub_chunk001
golub,real,3,31,F003035,CYP1A2 gene expression,1,3,real_run3_golub_chunk001
golub,real,3,31,F001410,GenBank accession U45955 expression,0,2,real_run3_golub_chunk001
golub,real,3,31,F001618,FTP3 gene expression,1,3,real_run3_golub_chunk001
golub,real,3,31,F000218,GenBank accession D50525 expression,0,2,real_run3_golub_chunk001
golub,real,3,31,F001276,GenBank accession U22055 expression,0,2,real_run3_golub_chunk001
golub,real,3,31,F001445,FRP1 gene expression,2,3,real_run3_golub_chunk001
golub,real,3,31,F002905,H-plk gene expression,1,3,real_run3_golub_chunk001
golub,real,3,31,F000797,GenBank accession M22632 expression,0,2,real_run3_golub_chunk001
golub,real,3,31,F001027,GenBank accession M88282 expression,0,2,real_run3_golub_chunk001
golub,real,3,31,F000847,GenBank accession M31013 expression,0,2,real_run3_golub_chunk001
golub,real,3,31,F002257,GenBank accession Z49878 expression,0,2,real_run3_golub_chunk001
golub,real,3,31,F002267,unknown gene expression,0,3,real_run3_golub_chunk001
golub,real,3,31,F000671,HEK8 gene expression,1,3,real_run3_golub_chunk001
golub,real,3,31,F001102,orf1 5' to PD-ECGF/TP gene expression,1,3,real_run3_golub_chunk001
golub,real,3,31,F002450,KIAA0162 gene expression,1,3,real_run3_golub_chunk001
golub,real,3,31,F002962,ZNF37A gene expression,1,3,real_run3_golub_chunk001
golub,real,3,31,F001065,PBGD gene expression,2,3,real_run3_golub_chunk001
golub,real,3,31,F000494,GenBank accession J03798 expression,0,2,real_run3_golub_chunk001
golub,real,3,31,F001640,GenBank accession U79285 expression,0,2,real_run3_golub_chunk001
golub,real,3,31,F001135,GenBank accession U01038 expression,0,2,real_run3_golub_chunk001
golub,real,3,31,F001545,Dopamine-beta-hydroxylase-like gene expression,1,3,real_run3_golub_chunk001
golub,real,3,31,F000628,GenBank accession L21954 expression,0,2,real_run3_golub_chunk001
golub,real,3,31,F002031,brk gene expression,2,3,real_run3_golub_chunk001
golub,real,3,31,F002365,GenBank accession X04526 expression,0,2,real_run3_golub_chunk001
golub,real,3,31,F002324,NB-1 gene expression,2,3,real_run3_golub_chunk001
golub,real,3,31,F000033,GenBank accession AB003177 expression,0,2,real_run3_golub_chunk001
golub,real,3,31,F000600,GenBank accession L15702 expression,0,2,real_run3_golub_chunk001
golub,real,3,31,F000163,KIAA0064 gene expression,1,3,real_run3_golub_chunk001
golub,real,3,31,F002897,HG2239-HT2324_r_at expression feature,0,3,real_run3_golub_chunk001
golub,real,3,31,F000963,GenBank accession M68864 expression,0,2,real_run3_golub_chunk001
golub,real,3,31,F002520,GenBank accession HT26388 expression,0,2,real_run3_golub_chunk001
golub,real,3,31,F001690,GenBank accession U89355 expression,0,2,real_run3_golub_chunk001
golub,real,3,31,F002612,GenBank accession L23333 expression,0,2,real_run3_golub_chunk001
golub,real,3,31,F000927,GenBank accession M61199 expression,0,2,real_run3_golub_chunk001
golub,real,3,31,F001948,EWS gene expression,3,3,real_run3_golub_chunk001
golub,real,3,31,F002580,CD43 gene expression,3,3,real_run3_golub_chunk001
golub,real,3,31,F002755,GenBank accession X75091 expression,0,2,real_run3_golub_chunk001
golub,real,3,31,F002942,H1F3 gene expression,1,3,real_run3_golub_chunk001
golub,real,3,31,F000571,GenBank accession L10373 expression,0,2,real_run3_golub_chunk001
golub,real,3,31,F002800,IL3BP1 gene expression,2,3,real_run3_golub_chunk001
golub,real,3,31,F002951,ICErel-II gene expression,2,3,real_run3_golub_chunk001
golub,real,3,31,F002685,SCAD gene expression,1,3,real_run3_golub_chunk001
golub,real,3,31,F000207,GenBank accession D45248 expression,0,2,real_run3_golub_chunk001
golub,real,3,31,F001890,GenBank accession X60221 expression,0,2,real_run3_golub_chunk001
golub,real,3,31,F001146,GenBank accession U02556 expression,0,2,real_run3_golub_chunk001
golub,real,3,31,F001408,CPBP gene expression,1,3,real_run3_golub_chunk001
golub,real,3,31,F000761,TK1 gene expression,2,3,real_run3_golub_chunk001
golub,real,3,31,F001634,GenBank accession U79265 expression,0,2,real_run3_golub_chunk001
golub,real,3,31,F000311,RBP-MS gene expression,1,3,real_run3_golub_chunk001
golub,real,3,31,F001953,GenBank accession X67594 expression,0,2,real_run3_golub_chunk001
golub,real,3,31,F002153,hHb5 gene expression,1,3,real_run3_golub_chunk001
golub,real,3,31,F002100,BCL7B gene expression,2,3,real_run3_golub_chunk001
golub,real,3,31,F000321,GenBank accession D85815 expression,0,2,real_run3_golub_chunk001
golub,real,3,31,F002955,GenBank accession U84388 expression,0,2,real_run3_golub_chunk001
golub,real,3,31,F002120,pyst2 gene expression,1,3,real_run3_golub_chunk001
golub,real,3,31,F001970,GenBank accession X69878 expression,0,2,real_run3_golub_chunk001
golub,real,3,31,F000872,ITGA2B gene expression,3,3,real_run3_golub_chunk001
golub,real,3,31,F001208,MAGE11 gene expression,1,3,real_run3_golub_chunk001
golub,real,3,31,F003025,GenBank accession M90356 expression,0,2,real_run3_golub_chunk001
golub,real,3,31,F001941,casK gene expression,1,3,real_run3_golub_chunk001
golub,real,3,31,F002833,Creb-rp gene expression,2,3,real_run3_golub_chunk001
golub,real,3,31,F000157,GenBank accession D30036 expression,0,2,real_run3_golub_chunk001
golub,real,3,31,F001483,GenBank accession U53830 expression,0,2,real_run3_golub_chunk001
golub,real,3,31,F000250,Munc-18-3 gene expression,1,3,real_run3_golub_chunk001
golub,real,3,31,F000252,Munc-18-1 gene expression,1,3,real_run3_golub_chunk001
golub,real,3,31,F000319,LIMK2b gene expression,1,3,real_run3_golub_chunk001
golub,real,3,31,F001288,GenBank accession U24704 expression,0,2,real_run3_golub_chunk001
golub,real,3,31,F000084,KIAA0011 gene expression,1,3,real_run3_golub_chunk001
golub,real,3,31,F002980,GAP43 gene expression,1,3,real_run3_golub_chunk001
golub,real,3,31,F001076,GenBank accession M97925 expression,0,2,real_run3_golub_chunk001
golub,real,3,31,F001507,GenBank accession U59302 expression,0,2,real_run3_golub_chunk001
golub,real,3,31,F001746,GenBank accession X02910 expression,0,2,real_run3_golub_chunk001
golub,real,3,31,F000490,GenBank accession J03589 expression,0,2,real_run3_golub_chunk001
golub,real,3,31,F002518,IGF2 gene expression,2,3,real_run3_golub_chunk001
golub,real,3,31,F001191,EPLG2 gene expression,1,3,real_run3_golub_chunk001
golub,real,3,31,F002434,KIAA9001 gene expression,1,3,real_run3_golub_chunk001
golub,real,3,31,F001295,ACP1 gene expression,1,3,real_run3_golub_chunk001
golub,real,3,31,F000202,KIAA0097 gene expression,1,3,real_run3_golub_chunk001
golub,real,3,31,F003026,MAGE5b gene expression,1,3,real_run3_golub_chunk001
golub,real,3,31,F000486,GenBank accession J03191 expression,0,2,real_run3_golub_chunk001
golub,real,3,31,F001845,TCP1 gene expression,1,3,real_run3_golub_chunk001
golub,real,3,31,F002019,hMpv17 gene expression,1,3,real_run3_golub_chunk001
golub,real,3,31,F001679,GenBank accession U86602 expression,0,2,real_run3_golub_chunk001
golub,real,3,31,F002516,HG3523-HT4899_s_at expression feature,0,3,real_run3_golub_chunk001
golub,real,3,31,F002147,GenBank accession X98411 expression,0,2,real_run3_golub_chunk001
golub,real,3,31,F002890,IGHD gene expression,3,3,real_run3_golub_chunk001
golub,real,3,31,F000186,KIAA0075 gene expression,1,3,real_run3_golub_chunk001
golub,real,3,31,F000888,CSF1 gene expression,2,3,real_run3_golub_chunk001
golub,real,3,31,F002707,GenBank accession M34338 expression,0,2,real_run3_golub_chunk001
golub,real,3,31,F000026,GenBank accession AB000584 expression,0,2,real_run3_golub_chunk001
golub,real,3,31,F001572,SCA2 gene expression,1,3,real_run3_golub_chunk001
golub,real,3,31,F002803,HBRF gene expression,1,3,real_run3_golub_chunk001
golub,real,3,31,F000835,SNRPB1 gene expression,1,3,real_run3_golub_chunk001
golub,real,3,31,F001550,BAF155 gene expression,1,3,real_run3_golub_chunk001
golub,real,3,31,F002232,GenBank accession Z31357 expression,0,2,real_run3_golub_chunk001
golub,real,3,31,F001412,GenBank accession U46194 expression,0,2,real_run3_golub_chunk001
golub,real,3,31,F002080,pBSCF gene expression,1,3,real_run3_golub_chunk001
golub,real,3,31,F000611,GenBank accession L19267 expression,0,2,real_run3_golub_chunk001
golub,real,3,31,F002651,UROD gene expression,1,3,real_run3_golub_chunk001
golub,real,3,31,F001603,ISOT-3 gene expression,1,3,real_run3_golub_chunk001
golub,real,3,31,F000898,CSNK2A2 gene expression,1,3,real_run3_golub_chunk001
golub,real,3,31,F002739,My1 (PML) gene expression,3,3,real_run3_golub_chunk001
golub,real,3,31,F001382,GenBank accession U40490 expression,0,2,real_run3_golub_chunk001
golub,real,3,31,F002155,GenBank accession X99209 expression,0,2,real_run3_golub_chunk001
golub,real,3,31,F001238,GenBank accession U15782 expression,0,2,real_run3_golub_chunk001
golub,real,3,31,F000388,CGM7 gene expression,1,3,real_run3_golub_chunk001
golub,real,3,31,F002089,PEA-15 gene expression,1,3,real_run3_golub_chunk001
golub,real,3,31,F001836,ENO2 gene expression,1,3,real_run3_golub_chunk001
golub,real,3,31,F002940,GenBank accession M31932 expression,0,2,real_run3_golub_chunk001
golub,real,3,31,F002366,GenBank accession X05610 expression,0,2,real_run3_golub_chunk001
golub,real,3,31,F002012,GenBank accession X75962 expression,0,2,real_run3_golub_chunk001
golub,real,3,31,F002223,GenBank accession Z27113 expression,0,2,real_run3_golub_chunk001
golub,real,3,31,F001289,GenBank accession U25029 expression,0,2,real_run3_golub_chunk001
golub,real,3,31,F003042,GenBank accession U88902 expression,0,2,real_run3_golub_chunk001
golub,real,3,31,F001467,GenBank accession U51587 expression,0,2,real_run3_golub_chunk001
golub,real,3,31,F000899,GLUT5 gene expression,1,3,real_run3_golub_chunk001
golub,real,3,31,F000292,GenBank accession D82061 expression,0,2,real_run3_golub_chunk001
golub,real,3,31,F000990,KIN27 gene expression,1,3,real_run3_golub_chunk001
golub,real,3,31,F000285,KIAA0183 gene expression,1,3,real_run3_golub_chunk001
golub,real,3,31,F001145,GenBank accession U02493 expression,0,2,real_run3_golub_chunk001
golub,real,3,31,F000412,HG2415-HT2511_at expression feature,0,3,real_run3_golub_chunk001
golub,real,3,31,F001824,GenBank accession X16667 expression,0,2,real_run3_golub_chunk001
golub,real,3,31,F001820,GenBank accession X16416 expression,0,2,real_run3_golub_chunk001
golub,real,3,31,F000286,KIAA0184 gene expression,1,3,real_run3_golub_chunk001
golub,real,3,31,F001062,ACTN1 gene expression,1,3,real_run3_golub_chunk001
golub,real,3,31,F002795,GenBank accession U19252 expression,0,2,real_run3_golub_chunk001
golub,real,3,31,F000779,GenBank accession M20681 expression,0,2,real_run3_golub_chunk001
golub,real,3,31,F002825,TMP gene expression,1,3,real_run3_golub_chunk001
golub,real,3,31,F002849,GenBank accession U70439 expression,0,2,real_run3_golub_chunk001
golub,real,3,31,F000037,COX6B gene expression,1,3,real_run3_golub_chunk001
golub,real,3,31,F002170,GenBank accession Y00636 expression,0,2,real_run3_golub_chunk001
golub,real,3,31,F001013,NKG5 gene expression,3,3,real_run3_golub_chunk001
golub,real,3,31,F002681,GenBank accession M54915 expression,0,2,real_run3_golub_chunk001
golub,real,3,31,F001474,rpb-7 gene expression,1,3,real_run3_golub_chunk001
golub,real,3,31,F001153,GenBank accession U03270 expression,0,2,real_run3_golub_chunk001
golub,real,3,31,F000566,GenBank accession L08246 expression,0,2,real_run3_golub_chunk001
golub,real,3,31,F002087,Mi-2 gene expression,2,3,real_run3_golub_chunk001
golub,real,3,31,F001833,GenBank accession X17651 expression,0,2,real_run3_golub_chunk001
golub,real,3,31,F000678,GenBank accession L37043 expression,0,2,real_run3_golub_chunk001
golub,real,3,31,F002818,GenBank accession X85137 expression,0,2,real_run3_golub_chunk001
golub,real,3,31,F000413,HG2463-HT2559_at expression feature,0,3,real_run3_golub_chunk001
golub,real,3,31,F000885,GenBank accession M37033 expression,0,2,real_run3_golub_chunk001
golub,real,3,31,F002824,"NERF-1a,b gene expression",2,3,real_run3_golub_chunk001
golub,real,3,31,F002585,"glial fibrillary acidic protein, GFAP gene expression",1,3,real_run3_golub_chunk001
golub,real,3,31,F003033,GenBank accession X00351 expression,0,2,real_run3_golub_chunk001
golub,real,3,31,F000140,GenBank accession D26308 expression,0,2,real_run3_golub_chunk001
golub,real,3,31,F001929,GenBank accession X64838 expression,0,2,real_run3_golub_chunk001
golub,real,3,31,F001014,GenBank accession M86400 expression,0,2,real_run3_golub_chunk001
golub,real,3,31,F002057,PPP1CB gene expression,1,3,real_run3_golub_chunk001
golub,real,3,31,F001278,ndp52 gene expression,1,3,real_run3_golub_chunk001
golub,real,3,31,F003020,KRT6E gene expression,1,3,real_run3_golub_chunk001
golub,real,3,31,F000547,CD44 gene expression,3,3,real_run3_golub_chunk001
golub,real,3,31,F002848,FBP2 gene expression,1,3,real_run3_golub_chunk001
golub,real,3,31,F000926,GenBank accession M60922 expression,0,2,real_run3_golub_chunk001
golub,real,3,31,F001355,GenBank accession U37122 expression,0,2,real_run3_golub_chunk001
golub,real,3,31,F000921,EPB42 gene expression,1,3,real_run3_golub_chunk001
golub,real,3,31,F000149,KIAA0045 gene expression,1,3,real_run3_golub_chunk001
golub,real,3,31,F001326,FXR2 gene expression,1,3,real_run3_golub_chunk001
golub,real,3,31,F002276,GenBank accession Z93784 expression,0,2,real_run3_golub_chunk001
golub,real,3,31,F001104,Nrf2 gene expression,2,3,real_run3_golub_chunk001
golub,real,3,31,F001783,GenBank accession X12447 expression,0,2,real_run3_golub_chunk001
golub,real,3,31,F000638,XE169 gene expression,1,3,real_run3_golub_chunk001
golub,real,3,31,F002351,SMRT gene expression,2,3,real_run3_golub_chunk001
golub,real,3,31,F000840,GenBank accession M29877 expression,0,2,real_run3_golub_chunk001
golub,real,3,31,F002907,BTF4 gene expression,2,3,real_run3_golub_chunk001
golub,real,3,31,F001166,GALNS gene expression,1,3,real_run3_golub_chunk001
golub,real,3,31,F000786,NMB gene expression,1,3,real_run3_golub_chunk001
golub,real,3,31,F000031,KIAA0384 gene expression,1,3,real_run3_golub_chunk001
golub,real,3,31,F002661,PIM1 gene expression,3,3,real_run3_golub_chunk001
golub,real,3,31,F000756,PYGL gene expression,1,3,real_run3_golub_chunk001
golub,real,3,31,F000241,GenBank accession D61380 expression,0,2,real_run3_golub_chunk001
golub,real,3,31,F001765,GenBank accession X05276 expression,0,2,real_run3_golub_chunk001
golub,real,3,31,F000992,CAPL gene expression,1,3,real_run3_golub_chunk001
golub,real,3,31,F000827,GenBank accession M27819 expression,0,2,real_run3_golub_chunk001
golub,real,3,31,F000960,FSHR gene expression,1,3,real_run3_golub_chunk001
golub,real,3,31,F001162,MB-1 gene expression,3,3,real_run3_golub_chunk001
golub,real,3,31,F000745,GenBank accession M13755 expression,0,2,real_run3_golub_chunk001
golub,real,3,31,F000395,HG1614-HT1614_at expression feature,0,3,real_run3_golub_chunk001
golub,real,3,31,F000429,HG3227-HT3404_at expression feature,0,3,real_run3_golub_chunk001
golub,real,3,31,F002417,DBN1 gene expression,1,3,real_run3_golub_chunk001
golub,real,3,31,F002780,UDP-GalNAc:polypeptide N-acetylgalactosaminyltransferase/GalNAc-transferase gene expression,1,3,real_run3_golub_chunk001
golub,real,3,31,F000201,KIAA0100 gene expression,1,3,real_run3_golub_chunk001
golub,real,3,31,F002817,GenBank accession Z69030 expression,0,2,real_run3_golub_chunk001
golub,real,3,31,F001090,c-erbB3 gene expression,2,3,real_run3_golub_chunk001
golub,real,3,31,F000982,CA7 gene expression,1,3,real_run3_golub_chunk001
golub,real,3,31,F001189,GenBank accession U09196 expression,0,2,real_run3_golub_chunk001
golub,real,3,31,F002674,LCK gene expression,3,3,real_run3_golub_chunk001
golub,real,3,31,F001395,GenBank accession U43077 expression,0,2,real_run3_golub_chunk001
golub,real,3,31,F002671,GenBank accession M20203 expression,0,2,real_run3_golub_chunk001
golub,real,3,31,F000737,HSPA1L gene expression,1,3,real_run3_golub_chunk001
golub,real,3,31,F002000,GenBank accession X74794 expression,0,2,real_run3_golub_chunk001
golub,real,3,31,F000666,GenBank accession L35240 expression,0,2,real_run3_golub_chunk001
golub,real,3,31,F000148,GenBank accession D28423 expression,0,2,real_run3_golub_chunk001
golub,real,3,31,F000652,clk2 gene expression,1,3,real_run3_golub_chunk001
golub,real,3,31,F000062,GenBank accession D00726 expression,0,2,real_run3_golub_chunk001
golub,real,3,31,F001257,GenBank accession U19261 expression,0,2,real_run3_golub_chunk001
golub,real,3,31,F002235,GenBank accession Z35102 expression,0,2,real_run3_golub_chunk001
golub,real,3,31,F000378,GenBank accession D88422 expression,0,2,real_run3_golub_chunk001
golub,real,3,31,F001831,GenBank accession X17254 expression,0,2,real_run3_golub_chunk001
golub,real,3,31,F001794,GenBank accession X13839 expression,0,2,real_run3_golub_chunk001
golub,real,3,31,F000225,KIAA0121 gene expression,1,3,real_run3_golub_chunk001
golub,real,3,31,F002688,keratin gene expression,1,3,real_run3_golub_chunk001
golub,real,3,31,F002288,KIAA0072 gene expression,1,3,real_run3_golub_chunk001
golub,real,3,31,F002551,IGHE gene expression,3,3,real_run3_golub_chunk001
golub,real,3,31,F001142,GenBank accession U02031 expression,0,2,real_run3_golub_chunk001
golub,real,3,31,F000435,HG3492-HT3686_at expression feature,0,3,real_run3_golub_chunk001
golub,real,3,31,F000039,GenBank accession AF000231 expression,0,2,real_run3_golub_chunk001
golub,real,3,31,F002242,BAT1 gene expression,1,3,real_run3_golub_chunk001
golub,real,3,31,F001671,Nip7-1 gene expression,1,3,real_run3_golub_chunk001
golub,real,3,31,F001809,GenBank accession X15357 expression,0,2,real_run3_golub_chunk001
golub,real,3,31,F002874,fas/apo-1 gene expression,2,3,real_run3_golub_chunk001
golub,real,3,31,F002374,ZFX gene expression,1,3,real_run3_golub_chunk001
golub,real,3,31,F002672,GenBank accession M26311 expression,0,2,real_run3_golub_chunk001
golub,real,3,31,F000613,GenBank accession L19437 expression,0,2,real_run3_golub_chunk001
golub,real,3,31,F000111,GenBank accession D15050 expression,0,2,real_run3_golub_chunk001
golub,real,3,31,F002333,HOX7 gene expression,2,3,real_run3_golub_chunk001
golub,real,3,31,F001830,GenBank accession X17094 expression,0,2,real_run3_golub_chunk001
golub,real,3,31,F000763,GenBank accession M15796 expression,0,2,real_run3_golub_chunk001
golub,real,3,31,F000317,GenBank accession D85245 expression,0,2,real_run3_golub_chunk001
golub,real,3,31,F001226,GenBank accession U14391 expression,0,2,real_run3_golub_chunk001
golub,real,3,31,F002793,BAK gene expression,2,3,real_run3_golub_chunk001
golub,real,3,31,F001345,hCsx gene expression,1,3,real_run3_golub_chunk001
golub,real,3,31,F002562,GenBank accession Y00339 expression,0,2,real_run3_golub_chunk001
golub,real,3,31,F002315,GenBank accession L40397 expression,0,2,real_run3_golub_chunk001
golub,real,3,31,F000177,GenBank accession D38048 expression,0,2,real_run3_golub_chunk001
golub,real,3,31,F002882,H-TRAP delta gene expression,1,3,real_run3_golub_chunk001
golub,real,3,31,F000390,HG1102-HT1102_at expression feature,0,3,real_run3_golub_chunk001
golub,real,3,31,F001974,RON gene expression,2,3,real_run3_golub_chunk001
golub,real,3,31,F000782,GenBank accession M21121 expression,0,2,real_run3_golub_chunk001
golub,real,3,31,F002453,MAZi gene expression,2,3,real_run3_golub_chunk001
golub,real,3,31,F000279,KIAA0172 gene expression,1,3,real_run3_golub_chunk001
golub,real,3,31,F002457,GenBank accession Z35085 expression,0,2,real_run3_golub_chunk001
golub,real,3,31,F001440,GenBank accession U49352 expression,0,2,real_run3_golub_chunk001
golub,real,3,31,F002836,9804 gene expression,1,3,real_run3_golub_chunk001
golub,real,3,31,F000810,HEXB gene expression,1,3,real_run3_golub_chunk001
golub,real,3,31,F003010,HG3527-HT3721_f_at expression feature,0,3,real_run3_golub_chunk001
golub,real,3,31,F002464,HG110-HT110_s_at expression feature,0,3,real_run3_golub_chunk001
golub,real,3,31,F002421,PTGS2 gene expression,2,3,real_run3_golub_chunk001
golub,real,3,31,F000352,KIAA0248 gene expression,1,3,real_run3_golub_chunk001
golub,real,3,31,F002039,ERF-1 gene expression,1,3,real_run3_golub_chunk001
golub,real,3,31,F003017,GenBank accession L00389 expression,0,2,real_run3_golub_chunk001
golub,real,3,31,F001622,GenBank accession U78524 expression,0,2,real_run3_golub_chunk001
golub,real,3,31,F000288,KIAA0186 gene expression,1,3,real_run3_golub_chunk001
golub,real,3,31,F001363,MIHB gene expression,1,3,real_run3_golub_chunk001
golub,real,3,31,F001523,GenBank accession U61836 expression,0,2,real_run3_golub_chunk001
golub,real,3,31,F001272,GenBank accession U21049 expression,0,2,real_run3_golub_chunk001
golub,real,3,31,F002461,GNAZ gene expression,1,3,real_run3_golub_chunk001
golub,real,3,31,F001788,GenBank accession X13293 expression,0,2,real_run3_golub_chunk001
golub,real,3,31,F001773,GenBank accession X06745 expression,0,2,real_run3_golub_chunk001
golub,real,3,31,F000775,FGR gene expression,3,3,real_run3_golub_chunk001
golub,real,3,31,F000925,GenBank accession M60830 expression,0,2,real_run3_golub_chunk001
golub,real,3,31,F000811,RASA gene expression,1,3,real_run3_golub_chunk001
golub,real,3,31,F002498,HG2815-HT2931_s_at expression feature,0,3,real_run3_golub_chunk001
golub,real,3,31,F001967,GenBank accession X69699 expression,0,2,real_run3_golub_chunk001
golub,real,3,31,F002900,HG4557-HT4962_at expression feature,0,3,real_run3_golub_chunk001
golub,real,3,31,F001823,GenBank accession X16665 expression,0,2,real_run3_golub_chunk001
golub,real,3,31,F001413,GenBank accession U46499 expression,0,2,real_run3_golub_chunk001
golub,real,3,31,F001334,hdlc1 gene expression,1,3,real_run3_golub_chunk001
golub,real,3,31,F000965,GenBank accession M68941 expression,0,2,real_run3_golub_chunk001
golub,real,3,31,F002898,HG3033-HT3194_r_at expression feature,0,3,real_run3_golub_chunk001
golub,real,3,31,F000876,GenBank accession M34667 expression,0,2,real_run3_golub_chunk001
golub,real,3,31,F000510,GenBank accession J04501 expression,0,2,real_run3_golub_chunk001
golub,real,3,31,F000434,HG3454-HT3647_at expression feature,0,3,real_run3_golub_chunk001
golub,real,3,31,F002729,SNRPA gene expression,1,3,real_run3_golub_chunk001
golub,real,3,31,F001702,GenBank accession U90907 expression,0,2,real_run3_golub_chunk001
golub,real,3,31,F002028,IKBL gene expression,2,3,real_run3_golub_chunk001
golub,real,3,31,F000106,KIAA0026 gene expression,1,3,real_run3_golub_chunk001
golub,real,3,31,F001593,GenBank accession U72761 expression,0,2,real_run3_golub_chunk001
golub,real,3,31,F002598,GenBank accession L05624 expression,0,2,real_run3_golub_chunk001
golub,real,3,31,F002738,G0S2 gene expression,1,3,real_run3_golub_chunk001
golub,real,3,31,F000190,GenBank accession D38583 expression,0,2,real_run3_golub_chunk001
golub,real,3,31,F002382,GenBank accession X81625 expression,0,2,real_run3_golub_chunk001
golub,real,3,31,F002646,GenBank accession M13560 expression,0,2,real_run3_golub_chunk001
golub,real,3,31,F001692,GenBank accession U89896 expression,0,2,real_run3_golub_chunk001
golub,real,3,31,F002831,GenBank accession U49835 expression,0,2,real_run3_golub_chunk001
golub,real,3,31,F002479,HG1827-HT1856_s_at expression feature,0,3,real_run3_golub_chunk001
golub,real,3,31,F002547,"dopamine D4 receptor, DRD4 gene expression",1,3,real_run3_golub_chunk001
golub,real,3,31,F000092,GenBank accession D13900 expression,0,2,real_run3_golub_chunk001
golub,real,3,31,F002151,NRGN gene expression,1,3,real_run3_golub_chunk001
golub,real,3,31,F001430,GenBank accession U48405 expression,0,2,real_run3_golub_chunk001
golub,real,3,31,F001374,GenBank accession U39573 expression,0,2,real_run3_golub_chunk001
golub,real,3,31,F002243,HK2 gene expression,1,3,real_run3_golub_chunk001
golub,real,3,31,F001894,AK3 gene expression,1,3,real_run3_golub_chunk001
golub,real,3,31,F001660,GenBank accession U82275 expression,0,2,real_run3_golub_chunk001
golub,real,3,31,F000441,HG3578-HT3781_at expression feature,0,3,real_run3_golub_chunk001
golub,real,3,31,F000240,P1cdc47 gene expression,1,3,real_run3_golub_chunk001
golub,real,3,31,F001418,NACP gene expression,1,3,real_run3_golub_chunk001
golub,real,3,31,F001254,CAMLG gene expression,1,3,real_run3_golub_chunk001
golub,real,3,31,F002164,S100A13 gene expression,1,3,real_run3_golub_chunk001
golub,real,3,31,F000581,RSU-1 gene expression,1,3,real_run3_golub_chunk001
golub,real,3,31,F002969,GenBank accession Z30644 expression,0,2,real_run3_golub_chunk001
golub,real,3,31,F001866,GenBank accession X55885 expression,0,2,real_run3_golub_chunk001
golub,real,3,31,F001947,max gene expression,2,3,real_run3_golub_chunk001
golub,real,3,31,F000512,GenBank accession J04599 expression,0,2,real_run3_golub_chunk001
golub,real,3,31,F002392,PrP gene expression,1,3,real_run3_golub_chunk001
golub,real,3,31,F003046,BRG1 gene expression,2,3,real_run3_golub_chunk001
golub,real,3,31,F002402,GenBank accession L06797 expression,0,2,real_run3_golub_chunk001
golub,real,3,31,F001508,FH gene expression,1,3,real_run3_golub_chunk001
golub,real,3,31,F000645,TCP20 gene expression,1,3,real_run3_golub_chunk001
golub,real,3,31,F000887,CTLA4 gene expression,3,3,real_run3_golub_chunk001
golub,real,3,31,F000462,HG4582-HT4987_at expression feature,0,3,real_run3_golub_chunk001
golub,real,3,31,F002500,HG2981-HT3125_s_at expression feature,0,3,real_run3_golub_chunk001
golub,real,3,31,F001946,MaTu MN gene expression,1,3,real_run3_golub_chunk001
golub,real,3,31,F000730,R-PTP-kappa gene expression,2,3,real_run3_golub_chunk001
golub,real,3,31,F002311,GenBank accession L21998 expression,0,2,real_run3_golub_chunk001
golub,real,3,31,F002841,GenBank accession U67122 expression,0,2,real_run3_golub_chunk001
golub,real,3,31,F002025,GenBank accession X77584 expression,0,2,real_run3_golub_chunk001
golub,real,3,31,F002433,hPMSR2 gene expression,1,3,real_run3_golub_chunk001
golub,real,3,31,F000500,TOP2A gene expression,2,3,real_run3_golub_chunk001
golub,real,3,31,F002994,GenBank accession X52889 expression,0,2,real_run3_golub_chunk001
golub,real,3,31,F000354,KIAA0251 gene expression,1,3,real_run3_golub_chunk001
golub,real,3,31,F001840,IL-4-R gene gene expression,2,3,real_run3_golub_chunk001
golub,real,3,31,F002291,AML1 gene expression,4,3,real_run3_golub_chunk001
golub,real,3,31,F002991,GABA-A receptor beta 1 subunit gene expression,1,3,real_run3_golub_chunk001
golub,real,3,31,F002331,GenBank accession M94046 expression,0,2,real_run3_golub_chunk001
golub,real,3,31,F000226,KIAA0122 gene expression,1,3,real_run3_golub_chunk001
golub,real,3,31,F001938,Tpr gene expression,3,3,real_run3_golub_chunk001
golub,real,3,31,F000528,PI gene expression,1,3,real_run3_golub_chunk001
golub,real,3,31,F002166,GenBank accession Y00281 expression,0,2,real_run3_golub_chunk001
golub,real,3,31,F002761,CD36 gene expression,3,3,real_run3_golub_chunk001
golub,real,3,31,F000769,HEXA gene expression,1,3,real_run3_golub_chunk001
golub,real,3,31,F001911,GenBank accession X62654 expression,0,2,real_run3_golub_chunk001
golub,real,3,31,F000631,GenBank accession L22342 expression,0,2,real_run3_golub_chunk001
golub,real,3,31,F001019,IEF SSP 3521 gene expression,1,3,real_run3_golub_chunk001
golub,real,3,31,F000891,p11 gene expression,1,3,real_run3_golub_chunk001
golub,real,3,31,F000461,HG4460-HT4729_at expression feature,0,3,real_run3_golub_chunk001
golub,real,3,31,F001485,hBRAVO/Nr-CAM gene expression,1,3,real_run3_golub_chunk001
golub,real,3,31,F000283,KIAA0181 gene expression,1,3,real_run3_golub_chunk001
golub,real,3,31,F002251,GenBank accession Z48633 expression,0,2,real_run3_golub_chunk001
golub,real,3,31,F001684,HEM45 gene expression,1,3,real_run3_golub_chunk001
golub,real,3,31,F002321,ICAM1 gene expression,2,3,real_run3_golub_chunk001
golub,real,3,31,F001918,TRAM gene expression,1,3,real_run3_golub_chunk001
golub,real,3,31,F002939,TCF3 gene expression,3,3,real_run3_golub_chunk001
golub,real,3,31,F000199,YL-1 gene expression,1,3,real_run3_golub_chunk001
golub,real,3,31,F002460,GenBank accession D90070 expression,0,2,real_run3_golub_chunk001
golub,real,3,31,F002740,IDUA gene expression,1,3,real_run3_golub_chunk001
golub,real,3,31,F001778,GenBank accession X07743 expression,0,2,real_run3_golub_chunk001
golub,real,3,31,F001263,hCART gene expression,1,3,real_run3_golub_chunk001
golub,real,3,31,F000409,HG2290-HT2386_at expression feature,0,3,real_run3_golub_chunk001
golub,real,3,31,F000219,TCTEL1 gene expression,1,3,real_run3_golub_chunk001
golub,real,3,31,F000053,CKRX gene expression,1,3,real_run3_golub_chunk001
golub,real,3,31,F000846,GenBank accession M30938 expression,0,2,real_run3_golub_chunk001
golub,real,3,31,F001567,BRUNOL3 gene expression,1,3,real_run3_golub_chunk001
golub,real,3,31,F000637,GenBank accession L25085 expression,0,2,real_run3_golub_chunk001
golub,real,3,31,F000833,CD1B gene expression,3,3,real_run3_golub_chunk001
golub,real,3,31,F002378,hbrm gene expression,2,3,real_run3_golub_chunk001
golub,real,3,31,F001236,GenBank accession U15552 expression,0,2,real_run3_golub_chunk001
golub,real,3,31,F001072,GenBank accession M96982 expression,0,2,real_run3_golub_chunk001
golub,real,3,31,F002283,HTP-beta gene expression,1,3,real_run3_golub_chunk001
golub,real,3,31,F001566,GenBank accession U69141 expression,0,2,real_run3_golub_chunk001
golub,real,3,31,F000136,KIAA0037 gene expression,1,3,real_run3_golub_chunk001
golub,real,3,31,F000335,KIAA0225 gene expression,1,3,real_run3_golub_chunk001
golub,real,3,31,F002854,GenBank accession U79528 expression,0,2,real_run3_golub_chunk001
golub,real,3,31,F000690,GenBank accession L39059 expression,0,2,real_run3_golub_chunk001
golub,real,3,31,F001303,GenBank accession U28686 expression,0,2,real_run3_golub_chunk001
golub,real,3,31,F000669,RIN1 gene expression,1,3,real_run3_golub_chunk001
golub,real,3,31,F002794,CIITA gene expression,2,3,real_run3_golub_chunk001
golub,real,3,31,F001517,CD100 gene expression,2,3,real_run3_golub_chunk001
golub,real,3,31,F000081,KIAA0002 gene expression,1,3,real_run3_golub_chunk001
golub,real,3,31,F003024,H2B.1 gene expression,1,3,real_run3_golub_chunk001
golub,real,3,31,F001073,SATB1 gene expression,2,3,real_run3_golub_chunk001
golub,real,3,31,F001637,GenBank accession U79273 expression,0,2,real_run3_golub_chunk001
golub,real,3,31,F002815,GenBank accession U35835 expression,0,2,real_run3_golub_chunk001
golub,real,3,31,F003009,HG2917-HT3061_f_at expression feature,0,3,real_run3_golub_chunk001
golub,real,3,31,F002722,IL10 gene expression,2,3,real_run3_golub_chunk001
golub,real,3,31,F002103,GenBank accession X91247 expression,0,2,real_run3_golub_chunk001
golub,real,3,31,F001802,GenBank accession X14787 expression,0,2,real_run3_golub_chunk001
golub,real,3,31,F001979,GenBank accession X70476 expression,0,2,real_run3_golub_chunk001
golub,real,3,31,F000376,GenBank accession D87969 expression,0,2,real_run3_golub_chunk001
golub,real,3,31,F002607,p65 gene expression,2,3,real_run3_golub_chunk001
golub,real,3,31,F001417,GenBank accession U46751 expression,0,2,real_run3_golub_chunk001
golub,real,3,31,F000706,GPCR gene expression,1,3,real_run3_golub_chunk001
golub,real,3,31,F000867,ODC1 gene expression,1,3,real_run3_golub_chunk001
golub,real,3,31,F002375,GenBank accession X65463 expression,0,2,real_run3_golub_chunk001
golub,real,3,31,F002934,GenBank accession L13740 expression,0,2,real_run3_golub_chunk001
golub,real,3,31,F001259,PDIp gene expression,1,3,real_run3_golub_chunk001
golub,real,3,31,F002285,KIAA0006 gene expression,1,3,real_run3_golub_chunk001
golub,real,3,31,F001465,GenBank accession U51478 expression,0,2,real_run3_golub_chunk001
golub,real,3,31,F001110,"protein kinase inhibitor, PKI gene expression",1,3,real_run3_golub_chunk001
golub,real,3,31,F001201,GenBank accession U10117 expression,0,2,real_run3_golub_chunk001
golub,real,3,31,F000743,ERCC1 gene expression,2,3,real_run3_golub_chunk001
golub,real,3,31,F000562,GenBank accession L07765 expression,0,2,real_run3_golub_chunk001
golub,real,3,31,F002041,Human Notch 3 gene expression,2,3,real_run3_golub_chunk001
golub,real,3,31,F000215,GenBank accession D49817 expression,0,2,real_run3_golub_chunk001
golub,real,3,31,F002262,IRF3 gene expression,2,3,real_run3_golub_chunk001
golub,real,3,31,F003038,HG658-HT658_f_at expression feature,0,3,real_run3_golub_chunk001
golub,real,3,31,F001228,ard-1 gene expression,1,3,real_run3_golub_chunk001
golub,real,3,31,F000255,KIAA0154 gene expression,1,3,real_run3_golub_chunk001
golub,real,3,31,F000448,HG3987-HT4257_at expression feature,0,3,real_run3_golub_chunk001
golub,real,3,31,F002174,GenBank accession Y07847 expression,0,2,real_run3_golub_chunk001
golub,real,3,31,F002116,PP6C gene expression,1,3,real_run3_golub_chunk001
golub,real,3,31,F000458,HG4243-HT4513_at expression feature,0,3,real_run3_golub_chunk001
golub,real,3,31,F000166,GenBank accession D31797 expression,0,2,real_run3_golub_chunk001
golub,real,3,31,F000383,MM-1 gene expression,1,3,real_run3_golub_chunk001
golub,real,3,31,F002986,GenBank accession U35234 expression,0,2,real_run3_golub_chunk001
golub,real,3,31,F002591,GenBank accession K01160 expression,0,2,real_run3_golub_chunk001
golub,real,3,31,F001851,ADE2H1 gene expression,1,3,real_run3_golub_chunk001
golub,real,3,31,F001971,P2 gene for c subunit of mitochondrial ATP synthase gene expression,1,3,real_run3_golub_chunk001
golub,real,3,31,F001720,GenBank accession U94586 expression,0,2,real_run3_golub_chunk001
golub,real,3,31,F001148,GenBank accession U02619 expression,0,2,real_run3_golub_chunk001
golub,real,3,31,F001514,GenBank accession U60269 expression,0,2,real_run3_golub_chunk001
golub,real,3,31,F001770,GenBank accession X06323 expression,0,2,real_run3_golub_chunk001
golub,real,3,31,F002658,HCK gene expression,4,3,real_run3_golub_chunk001
golub,real,3,31,F002346,PSG13' gene expression,1,3,real_run3_golub_chunk001
golub,real,3,31,F002029,GenBank accession X78031 expression,0,2,real_run3_golub_chunk001
golub,real,3,31,F000162,BTEB gene expression,2,3,real_run3_golub_chunk001
golub,real,3,31,F000604,GenBank accession L16896 expression,0,2,real_run3_golub_chunk001
golub,real,3,31,F002264,H-IDH gamma gene expression,1,3,real_run3_golub_chunk001
golub,real,3,31,F001386,PRELP gene expression,1,3,real_run3_golub_chunk001
golub,real,3,31,F000068,MAY1 gene expression,1,3,real_run3_golub_chunk001
golub,real,3,31,F002512,HG3395-HT3573_s_at expression feature,0,3,real_run3_golub_chunk001
golub,real,3,31,F000498,ATP2B1 gene expression,1,3,real_run3_golub_chunk001
golub,real,3,31,F000886,ATP5A gene expression,1,3,real_run3_golub_chunk001
golub,real,3,31,F001795,GenBank accession X13956 expression,0,2,real_run3_golub_chunk001
golub,real,3,31,F000143,GenBank accession D28114 expression,0,2,real_run3_golub_chunk001
golub,real,3,31,F001489,GenBank accession U56637 expression,0,2,real_run3_golub_chunk001
golub,real,3,31,F001886,PBX3 gene expression,3,3,real_run3_golub_chunk001
golub,real,3,31,F001128,cytochrome P450 reductase gene expression,1,3,real_run3_golub_chunk001
golub,real,3,31,F000331,KIAA0217 gene expression,1,3,real_run3_golub_chunk001
golub,real,3,31,F000036,WUGSC:DJ515N1.2 gene expression,1,3,real_run3_golub_chunk001
golub,real,3,31,F001131,Lst-1 gene expression,2,3,real_run3_golub_chunk001
golub,real,3,31,F001537,GPR31 gene expression,1,3,real_run3_golub_chunk001
golub,real,3,31,F001209,GenBank accession U10868 expression,0,2,real_run3_golub_chunk001
golub,real,3,31,F002176,AAD14 gene expression,1,3,real_run3_golub_chunk001
golub,real,3,31,F001366,HuR gene expression,1,3,real_run3_golub_chunk001
golub,real,3,31,F002920,LYZ gene expression,4,3,real_run3_golub_chunk001
golub,real,3,31,F000565,EBI3 gene expression,2,3,real_run3_golub_chunk001
golub,real,3,31,F002742,LAL gene expression,1,3,real_run3_golub_chunk001
golub,real,3,31,F002135,UT-A2 gene expression,1,3,real_run3_golub_chunk001
golub,real,3,31,F000329,KIAA0212 gene expression,1,3,real_run3_golub_chunk001
golub,real,3,31,F000784,GenBank accession M21186 expression,0,2,real_run3_golub_chunk001
golub,real,3,31,F001463,GenBank accession U51432 expression,0,2,real_run3_golub_chunk001
golub,real,3,31,F002863,GenBank accession X15729 expression,0,2,real_run3_golub_chunk001
golub,real,3,31,F003032,H2B/h gene expression,1,3,real_run3_golub_chunk001
golub,real,3,31,F002859,BTF1 gene expression,2,3,real_run3_golub_chunk001
golub,real,3,31,F000221,GenBank accession D50692 expression,0,2,real_run3_golub_chunk001
golub,real,3,31,F001943,ADSS gene expression,1,3,real_run3_golub_chunk001
golub,real,3,31,F000632,GenBank accession L24559 expression,0,2,real_run3_golub_chunk001
golub,real,3,31,F002635,GenBank accession L43575 expression,0,2,real_run3_golub_chunk001
golub,real,3,31,F002845,GenBank accession X00437 expression,0,2,real_run3_golub_chunk001
golub,real,3,31,F002861,GenBank accession X12530 expression,0,2,real_run3_golub_chunk001
golub,real,3,31,F001540,HPS gene expression,1,3,real_run3_golub_chunk001
golub,real,3,31,F000135,GenBank accession D25328 expression,0,2,real_run3_golub_chunk001
golub,real,3,31,F000430,HG3231-HT3408_at expression feature,0,3,real_run3_golub_chunk001
golub,real,3,31,F002274,GenBank accession Z84721 expression,0,2,real_run3_golub_chunk001
golub,real,3,31,F001088,pp52 gene expression,1,3,real_run3_golub_chunk001
golub,real,3,31,F001839,c-fes gene expression,3,3,real_run3_golub_chunk001
golub,real,3,31,F002891,GenBank accession M36430 expression,0,2,real_run3_golub_chunk001
golub,real,3,31,F002459,GenBank accession L33930 expression,0,2,real_run3_golub_chunk001
golub,real,3,31,F002958,GenBank accession X16546 expression,0,2,real_run3_golub_chunk001
golub,real,3,31,F002426,tec gene expression,3,3,real_run3_golub_chunk001
golub,real,3,31,F001239,GenBank accession U15932 expression,0,2,real_run3_golub_chunk001
golub,real,3,31,F001734,GenBank accession V00572 expression,0,2,real_run3_golub_chunk001
golub,real,3,31,F001705,GenBank accession U90916 expression,0,2,real_run3_golub_chunk001
golub,real,3,31,F001156,GenBank accession U03642 expression,0,2,real_run3_golub_chunk001
golub,real,3,31,F001829,GenBank accession X17042 expression,0,2,real_run3_golub_chunk001
golub,real,3,31,F001801,GenBank accession X14675 expression,0,2,real_run3_golub_chunk001
golub,real,3,31,F002052,GenBank accession X80230 expression,0,2,real_run3_golub_chunk001
golub,real,3,31,F002758,GenBank accession X68985 expression,0,2,real_run3_golub_chunk001
golub,real,3,31,F000651,GenBank accession L29008 expression,0,2,real_run3_golub_chunk001
golub,real,3,31,F001987,GPx-4 gene expression,1,3,real_run3_golub_chunk001
golub,real,3,31,F002119,pyst1 gene expression,1,3,real_run3_golub_chunk001
golub,real,3,31,F000570,GenBank accession L10284 expression,0,2,real_run3_golub_chunk001
golub,real,3,31,F001010,CALR gene expression,1,3,real_run3_golub_chunk001
golub,real,3,31,F001877,GenBank accession X57766 expression,0,2,real_run3_golub_chunk001
golub,real,3,31,F002860,BTF5 gene expression,2,3,real_run3_golub_chunk001
golub,real,3,31,F000577,GenBank accession L11329 expression,0,2,real_run3_golub_chunk001
golub,real,3,31,F001907,GenBank accession X62320 expression,0,2,real_run3_golub_chunk001
golub,real,3,31,F000277,KIAA0170 gene expression,1,3,real_run3_golub_chunk001
golub,real,3,31,F001214,IL8RB gene expression,2,3,real_run3_golub_chunk001
golub,real,3,31,F001464,GenBank accession U51477 expression,0,2,real_run3_golub_chunk001
golub,real,3,31,F001122,EGR alpha gene expression,2,3,real_run3_golub_chunk001
golub,real,3,31,F002573,ACP2 gene expression,1,3,real_run3_golub_chunk001
golub,real,3,31,F002414,ltk gene expression,2,3,real_run3_golub_chunk001
golub,real,3,31,F000553,PLOD gene expression,1,3,real_run3_golub_chunk001
golub,real,3,31,F001081,GenBank accession M98833 expression,0,2,real_run3_golub_chunk001
golub,real,3,31,F000658,UQCRFS1 gene expression,1,3,real_run3_golub_chunk001
golub,real,3,31,F000016,GenBank accession M27830 expression,0,2,real_run3_golub_chunk001
golub,real,3,31,F002169,GenBank accession Y00486 expression,0,2,real_run3_golub_chunk001
golub,real,3,31,F000232,KIAA0128 gene expression,1,3,real_run3_golub_chunk001
golub,real,3,31,F001969,G9a gene expression,2,3,real_run3_golub_chunk001
golub,real,3,31,F001078,GenBank accession M98045 expression,0,2,real_run3_golub_chunk001
golub,real,3,31,F002823,HK3 gene expression,1,3,real_run3_golub_chunk001
golub,real,3,31,F002578,GenBank accession M69203 expression,0,2,real_run3_golub_chunk001
golub,real,3,31,F002642,histone H3.3 gene expression,1,3,real_run3_golub_chunk001
golub,real,3,31,F002886,E-cadherin gene expression,2,3,real_run3_golub_chunk001
golub,real,3,31,F002090,GenBank accession X87212 expression,0,2,real_run3_golub_chunk001
golub,real,3,31,F001202,GenBank accession U10323 expression,0,2,real_run3_golub_chunk001
golub,real,3,31,F000160,KIAA0113 gene expression,1,3,real_run3_golub_chunk001
golub,real,3,31,F002676,UQBP gene expression,1,3,real_run3_golub_chunk001
golub,real,3,31,F001933,HP-4 gene expression,1,3,real_run3_golub_chunk001
golub,real,3,31,F001718,MEN1 gene expression,2,3,real_run3_golub_chunk001
golub,real,3,31,F000320,ERH gene expression,1,3,real_run3_golub_chunk001
golub,real,3,31,F001656,GenBank accession U81607 expression,0,2,real_run3_golub_chunk001
golub,real,3,31,F002353,GenBank accession U38276 expression,0,2,real_run3_golub_chunk001
golub,real,3,31,F000373,KIAA0242 gene expression,1,3,real_run3_golub_chunk001
golub,real,3,31,F001936,GenBank accession X66364 expression,0,2,real_run3_golub_chunk001
golub,real,3,31,F001615,GenBank accession U77735 expression,0,2,real_run3_golub_chunk001
golub,real,3,31,F001133,GenBank accession U00952 expression,0,2,real_run3_golub_chunk001
golub,real,3,31,F002716,PLC1 gene expression,1,3,real_run3_golub_chunk001
golub,real,3,31,F001906,GenBank accession X62078 expression,0,2,real_run3_golub_chunk001
golub,real,3,31,F001091,D10S102 gene expression,1,3,real_run3_golub_chunk001
golub,real,3,31,F001498,hSHIP gene expression,2,3,real_run3_golub_chunk001
golub,real,3,31,F003050,HUMHMG2B gene expression,1,3,real_run3_golub_chunk001
golub,real,3,31,F001149,GenBank accession U02687 expression,0,2,real_run3_golub_chunk001
golub,real,3,31,F002725,GenBank accession X52282 expression,0,2,real_run3_golub_chunk001
golub,real,3,31,F001784,GenBank accession X12451 expression,0,2,real_run3_golub_chunk001
golub,real,3,31,F002163,NDUFV3 gene expression,1,3,real_run3_golub_chunk001
golub,real,3,31,F000698,TRIP3 gene expression,1,3,real_run3_golub_chunk001
golub,real,3,31,F001750,GenBank accession X03484 expression,0,2,real_run3_golub_chunk001
golub,real,3,31,F000910,GenBank accession M58603 expression,0,2,real_run3_golub_chunk001
golub,real,3,31,F001883,pros-27 gene expression,1,3,real_run3_golub_chunk001
golub,real,3,31,F000426,HG3088-HT3263_at expression feature,0,3,real_run3_golub_chunk001
golub,real,3,31,F003051,HGpSta(A) gene expression,1,3,real_run3_golub_chunk001
golub,real,3,31,F002811,TTF-1 gene expression,2,3,real_run3_golub_chunk001
golub,real,3,31,F000048,DPM1 gene expression,1,3,real_run3_golub_chunk001
golub,real,3,31,F000583,GenBank accession L13210 expression,0,2,real_run3_golub_chunk001
golub,real,3,31,F001138,HBE1 gene expression,1,3,real_run3_golub_chunk001
golub,real,3,31,F002379,PTPA gene expression,1,3,real_run3_golub_chunk001
golub,real,3,31,F001192,GenBank accession U09410 expression,0,2,real_run3_golub_chunk001
golub,real,3,31,F001729,GenBank accession U96113 expression,0,2,real_run3_golub_chunk001
golub,real,3,31,F001021,GenBank accession M87339 expression,0,2,real_run3_golub_chunk001
golub,real,3,31,F001243,GenBank accession U16306 expression,0,2,real_run3_golub_chunk001
golub,real,3,31,F001666,AIM1 gene expression,2,3,real_run3_golub_chunk001
golub,real,3,31,F002196,GenBank accession Y11681 expression,0,2,real_run3_golub_chunk001
golub,real,3,31,F002868,hGATA-3 gene expression,2,3,real_run3_golub_chunk001
golub,real,3,31,F002529,HG4113-HT4383_s_at expression feature,0,3,real_run3_golub_chunk001
golub,real,3,31,F002484,HG2259-HT2348_s_at expression feature,0,3,real_run3_golub_chunk001
golub,real,3,31,F000029,KIAA0317 gene expression,1,3,real_run3_golub_chunk001
golub,real,3,31,F002653,CD2 gene expression,3,3,real_run3_golub_chunk001
golub,real,3,31,F002061,GenBank accession X81198 expression,0,2,real_run3_golub_chunk001
golub,real,3,31,F003018,IGLL2 gene expression,3,3,real_run3_golub_chunk001
golub,real,3,31,F001488,GenBank accession U56418 expression,0,2,real_run3_golub_chunk001
golub,real,3,31,F001320,GenBank accession U30999 expression,0,2,real_run3_golub_chunk001
golub,real,3,31,F002594,RD gene expression,1,3,real_run3_golub_chunk001
golub,real,3,31,F000614,GenBank accession L19605 expression,0,2,real_run3_golub_chunk001
golub,real,3,31,F002566,LAMP1 gene expression,2,3,real_run3_golub_chunk001
golub,real,3,31,F002944,GIF gene expression,1,3,real_run3_golub_chunk001
golub,real,3,31,F001003,PGM1 gene expression,1,3,real_run3_golub_chunk001
golub,real,3,31,F002472,1-8D gene expression,1,3,real_run3_golub_chunk001
golub,real,3,31,F002348,ATM gene expression,2,3,real_run3_golub_chunk001
golub,real,3,31,F002798,lck gene expression,3,3,real_run3_golub_chunk001
golub,real,3,31,F002463,G6PD gene expression,1,3,real_run3_golub_chunk001
golub,real,3,31,F002760,G7a gene expression,1,3,real_run3_golub_chunk001
golub,real,3,31,F002537,HG4668-HT5083_s_at expression feature,0,3,real_run3_golub_chunk001
golub,real,3,31,F000594,SIAT4A gene expression,1,3,real_run3_golub_chunk001
golub,real,3,31,F001627,GenBank accession U79251 expression,0,2,real_run3_golub_chunk001
golub,real,3,31,F001562,BIN1 gene expression,2,3,real_run3_golub_chunk001
golub,real,3,31,F002415,GenBank accession Z49835 expression,0,2,real_run3_golub_chunk001
golub,real,3,31,F000220,GenBank accession D50683 expression,0,2,real_run3_golub_chunk001
golub,real,3,31,F000188,KIAA0073 gene expression,1,3,real_run3_golub_chunk001
golub,real,3,31,F000665,RPI gene expression,1,3,real_run3_golub_chunk001
golub,real,3,31,F001444,GenBank accession U49837 expression,0,2,real_run3_golub_chunk001
golub,real,3,31,F000344,KIAA0239 gene expression,1,3,real_run3_golub_chunk001
golub,real,3,31,F001551,BAF170 gene expression,1,3,real_run3_golub_chunk001
golub,real,3,31,F000787,PDGFRA gene expression,2,3,real_run3_golub_chunk001
golub,real,3,31,F001232,GenBank accession U15085 expression,0,2,real_run3_golub_chunk001
golub,real,3,31,F001211,tel gene expression,3,3,real_run3_golub_chunk001
golub,real,3,31,F002614,gadd45 gene expression,2,3,real_run3_golub_chunk001
golub,real,3,31,F000316,GenBank accession D84557 expression,0,2,real_run3_golub_chunk001
golub,real,3,31,F002305,MXI1 gene expression,2,3,real_run3_golub_chunk001
golub,real,3,31,F000482,THBD gene expression,2,3,real_run3_golub_chunk001
golub,real,3,31,F000328,KIAA0209 gene expression,1,3,real_run3_golub_chunk001
golub,real,3,31,F000017,GenBank accession X00351 expression,0,2,real_run3_golub_chunk001
golub,real,3,31,F001578,GPT gene expression,1,3,real_run3_golub_chunk001
golub,real,3,31,F001196,JAK3 gene expression,3,3,real_run3_golub_chunk001
golub,real,3,31,F001337,GenBank accession U33286 expression,0,2,real_run3_golub_chunk001
golub,real,3,31,F002471,1-8D gene expression,1,3,real_run3_golub_chunk001
golub,real,3,31,F001339,GenBank accession U33821 expression,0,2,real_run3_golub_chunk001
golub,real,3,31,F000520,GenBank accession J04973 expression,0,2,real_run3_golub_chunk001
golub,real,3,31,F002419,KIAA0007 gene expression,1,3,real_run3_golub_chunk001
golub,real,3,31,F001910,GenBank accession X62573 expression,0,2,real_run3_golub_chunk001
golub,real,3,31,F001580,GenBank accession U70867 expression,0,2,real_run3_golub_chunk001
golub,real,3,31,F000027,GenBank accession AB001106 expression,0,2,real_run3_golub_chunk001
golub,real,3,31,F002636,GenBank accession L43579 expression,0,2,real_run3_golub_chunk001
golub,real,3,31,F002396,CD7 gene expression,3,3,real_run3_golub_chunk001
golub,real,3,31,F000424,HG2992-HT5186_at expression feature,0,3,real_run3_golub_chunk001
golub,real,3,31,F001358,ZNF177 gene expression,1,3,real_run3_golub_chunk001
golub,real,3,31,F002364,GenBank accession X02160 expression,0,2,real_run3_golub_chunk001
golub,real,3,31,F002416,HG4541-HT4946_s_at expression feature,0,3,real_run3_golub_chunk001
golub,real,3,31,F001177,ABL gene expression,3,3,real_run3_golub_chunk001
golub,real,3,31,F001004,GenBank accession M83181 expression,0,2,real_run3_golub_chunk001
golub,real,3,31,F001816,GenBank accession X15882 expression,0,2,real_run3_golub_chunk001
golub,real,3,31,F002973,TUBB gene expression,1,3,real_run3_golub_chunk001
golub,real,3,31,F000463,HG4606-HT5011_at expression feature,0,3,real_run3_golub_chunk001
golub,real,3,31,F000245,KIAA0109 gene expression,1,3,real_run3_golub_chunk001
golub,real,3,31,F001461,GenBank accession U51269 expression,0,2,real_run3_golub_chunk001
golub,real,3,31,F002258,GenBank accession Z50022 expression,0,2,real_run3_golub_chunk001
golub,real,3,31,F002355,FIP-1 gene expression,1,3,real_run3_golub_chunk001
golub,real,3,31,F000363,KIAA0264 gene expression,1,3,real_run3_golub_chunk001
golub,real,3,31,F002037,ERF-2 gene expression,1,3,real_run3_golub_chunk001
golub,real,3,31,F000660,IMPDH2 gene expression,1,3,real_run3_golub_chunk001
golub,real,3,31,F000945,SCL gene expression,3,3,real_run3_golub_chunk001
golub,real,3,31,F000733,GRL gene expression,1,3,real_run3_golub_chunk001
golub,real,3,31,F000686,TRIP1 gene expression,1,3,real_run3_golub_chunk001
golub,real,3,31,F001582,PI9 gene expression,1,3,real_run3_golub_chunk001
golub,real,3,31,F002809,GPR9 gene expression,1,3,real_run3_golub_chunk001
golub,real,3,31,F000544,GenBank accession L04733 expression,0,2,real_run3_golub_chunk001
golub,real,3,31,F002549,HG998-HT998_s_at expression feature,0,3,real_run3_golub_chunk001
golub,real,3,31,F001107,MATK gene expression,2,3,real_run3_golub_chunk001
golub,real,3,31,F000739,PPY gene expression,1,3,real_run3_golub_chunk001
golub,real,3,31,F000011,TFRC gene expression,2,3,real_run3_golub_chunk001
golub,real,3,31,F001725,GenBank accession U95040 expression,0,2,real_run3_golub_chunk001
golub,real,3,31,F001119,EXT1 gene expression,2,3,real_run3_golub_chunk001
golub,real,3,31,F001093,"actin depolymerizing factor, destrin, ADF gene expression",1,3,real_run3_golub_chunk001
golub,real,3,31,F001672,GenBank accession U84569 expression,0,2,real_run3_golub_chunk001
golub,real,3,31,F002126,rox gene expression,1,3,real_run3_golub_chunk001
golub,real,3,31,F000580,GenBank accession L11669 expression,0,2,real_run3_golub_chunk001
golub,real,3,31,F001419,hNifU gene expression,1,3,real_run3_golub_chunk001
golub,real,3,31,F000944,GenBank accession M63582 expression,0,2,real_run3_golub_chunk001
golub,real,3,31,F001988,END gene expression,1,3,real_run3_golub_chunk001
golub,real,3,31,F002306,MEF2C gene expression,2,3,real_run3_golub_chunk001
golub,real,3,31,F002718,TGF-beta gene expression,1,3,real_run3_golub_chunk001
golub,real,3,31,F001188,GenBank accession U09117 expression,0,2,real_run3_golub_chunk001
golub,real,3,31,F002507,HG3107-HT3283_s_at expression feature,0,3,real_run3_golub_chunk001
golub,real,3,31,F001312,GenBank accession U29680 expression,0,2,real_run3_golub_chunk001
golub,real,3,31,F000370,KIAA0276 gene expression,1,3,real_run3_golub_chunk001
golub,real,3,31,F001620,GenBank accession U78190 expression,0,2,real_run3_golub_chunk001
golub,real,3,31,F000064,GenBank accession D00761 expression,0,2,real_run3_golub_chunk001
golub,real,3,31,F002178,Spot14 gene expression,1,3,real_run3_golub_chunk001
golub,real,3,31,F000251,GenBank accession D63813 expression,0,2,real_run3_golub_chunk001
golub,real,3,31,F001548,GenBank accession U66468 expression,0,2,real_run3_golub_chunk001
golub,real,3,31,F002480,PFKM gene expression,1,3,real_run3_golub_chunk001
golub,real,3,31,F000158,eIF-4II gene expression,1,3,real_run3_golub_chunk001
golub,real,3,31,F002192,twist gene expression,2,3,real_run3_golub_chunk001
golub,real,3,31,F002425,GenBank accession D29675 expression,0,2,real_run3_golub_chunk001
golub,real,3,31,F001862,usf gene expression,2,3,real_run3_golub_chunk001
golub,real,3,31,F001701,GenBank accession U90904 expression,0,2,real_run3_golub_chunk001
golub,real,3,31,F000521,CTSG gene expression,2,3,real_run3_golub_chunk001
golub,real,3,31,F000541,GenBank accession L02950 expression,0,2,real_run3_golub_chunk001
golub,real,3,31,F001804,GenBank accession X14813 expression,0,2,real_run3_golub_chunk001
golub,real,3,31,F001407,UHX1 gene expression,1,3,real_run3_golub_chunk001
golub,real,3,31,F000629,G13 gene expression,1,3,real_run3_golub_chunk001
golub,real,3,31,F000748,RPS14 gene expression,1,3,real_run3_golub_chunk001
golub,real,3,31,F001735,c-fos gene expression,2,3,real_run3_golub_chunk001
golub,real,3,31,F002278,GenBank accession AB006782 expression,0,2,real_run3_golub_chunk001
golub,real,3,31,F002634,PP2A gene expression,1,3,real_run3_golub_chunk001
golub,real,3,31,F002687,delta CREB gene expression,2,3,real_run3_golub_chunk001
golub,real,3,31,F002869,GenBank accession Y00451 expression,0,2,real_run3_golub_chunk001
golub,real,3,31,F001210,GenBank accession U10991 expression,0,2,real_run3_golub_chunk001
golub,real,3,31,F002381,MRP gene expression,2,3,real_run3_golub_chunk001
golub,real,3,31,F000880,FCT3A gene expression,1,3,real_run3_golub_chunk001
golub,real,3,31,F000067,GenBank accession D10202 expression,0,2,real_run3_golub_chunk001
golub,real,3,31,F001758,GenBank accession X04327 expression,0,2,real_run3_golub_chunk001
golub,real,3,31,F001789,GenBank accession X13334 expression,0,2,real_run3_golub_chunk001
golub,real,3,31,F000367,KIAA0272 gene expression,1,3,real_run3_golub_chunk001
golub,real,3,31,F001623,eIF3 gene expression,1,3,real_run3_golub_chunk001
golub,real,3,31,F002177,MKP4 gene expression,1,3,real_run3_golub_chunk001
golub,real,3,31,F002608,FMR1 gene expression,1,3,real_run3_golub_chunk001
golub,real,3,31,F001859,ckshs1 gene expression,1,3,real_run3_golub_chunk001
golub,real,3,31,F000131,KIAA0112 gene expression,1,3,real_run3_golub_chunk001
golub,real,3,31,F002889,HG3546-HT3744_s_at expression feature,0,3,real_run3_golub_chunk001
golub,real,3,31,F001658,COX10 gene expression,1,3,real_run3_golub_chunk001
golub,real,3,31,F001685,HPH2 gene expression,1,3,real_run3_golub_chunk001
golub,real,3,31,F001591,GenBank accession U72621 expression,0,2,real_run3_golub_chunk001
golub,real,3,31,F001329,GenBank accession U31930 expression,0,2,real_run3_golub_chunk001
golub,real,3,31,F000169,KIAA0069 gene expression,1,3,real_run3_golub_chunk001
golub,real,3,31,F001383,GenBank accession U40714 expression,0,2,real_run3_golub_chunk001
golub,real,3,31,F000091,GenBank accession D13897 expression,0,2,real_run3_golub_chunk001
golub,real,3,31,F001114,"nuclear factor erythroid 2 isoform f, transcription factor fNF-E2 gene expression",2,3,real_run3_golub_chunk001
golub,real,3,31,F000330,KIAA0216 gene expression,1,3,real_run3_golub_chunk001
golub,real,3,31,F000776,COX5B gene expression,1,3,real_run3_golub_chunk001
golub,real,3,31,F000080,KIAA0001 gene expression,1,3,real_run3_golub_chunk001
golub,real,3,31,F001549,GenBank accession U66559 expression,0,2,real_run3_golub_chunk001
golub,real,3,31,F002193,GenBank accession Y10936 expression,0,2,real_run3_golub_chunk001
golub,real,3,31,F001356,GenBank accession U37219 expression,0,2,real_run3_golub_chunk001
golub,real,3,31,F000155,KIAA0115 gene expression,1,3,real_run3_golub_chunk001
golub,real,3,31,F002583,GenBank accession U75272 expression,0,2,real_run3_golub_chunk001
golub,real,3,31,F001157,GenBank accession U03851 expression,0,2,real_run3_golub_chunk001
golub,real,3,31,F002821,GenBank accession U41767 expression,0,2,real_run3_golub_chunk001
golub,real,3,31,F000475,HG987-HT987_at expression feature,0,3,real_run3_golub_chunk001
golub,real,3,31,F000646,PCM-1 gene expression,2,3,real_run3_golub_chunk001
golub,real,3,31,F001675,KIP gene expression,1,3,real_run3_golub_chunk001
golub,real,3,31,F002370,ECP gene expression,1,3,real_run3_golub_chunk001
golub,real,3,31,F002092,hFat gene expression,1,3,real_run3_golub_chunk001
golub,real,3,31,F001399,SPS2 gene expression,1,3,real_run3_golub_chunk001
golub,real,3,31,F000075,MSS1 gene expression,1,3,real_run3_golub_chunk001
golub,real,3,31,F000153,KIAA0052 gene expression,1,3,real_run3_golub_chunk001
golub,real,3,31,F000881,IGFBP3 gene expression,1,3,real_run3_golub_chunk001
golub,real,3,31,F000224,GenBank accession D50863 expression,0,2,real_run3_golub_chunk001
golub,real,3,31,F000821,GenBank accession M25809 expression,0,2,real_run3_golub_chunk001
golub,real,3,31,F002442,GenBank accession U50079 expression,0,2,real_run3_golub_chunk001
golub,real,3,31,F001106,"cellular retinoic acid-binding protein, CRABP I gene expression",1,3,real_run3_golub_chunk001
golub,real,3,31,F001215,IL8RB gene expression,2,3,real_run3_golub_chunk001
golub,real,3,31,F001612,GenBank accession U77413 expression,0,2,real_run3_golub_chunk001
golub,real,3,31,F002266,ATP2A3 gene expression,1,3,real_run3_golub_chunk001
golub,real,3,31,F001931,GenBank accession X65867 expression,0,2,real_run3_golub_chunk001
golub,real,3,31,F001451,GenBank accession U50535 expression,0,2,real_run3_golub_chunk001
golub,real,3,31,F001975,NTRR gene expression,1,3,real_run3_golub_chunk001
golub,real,3,31,F002626,EFL-2 gene expression,1,3,real_run3_golub_chunk001
golub,real,3,31,F002835,GenBank accession U54644 expression,0,2,real_run3_golub_chunk001
golub,real,3,31,F001630,GenBank accession U79255 expression,0,2,real_run3_golub_chunk001
golub,real,3,31,F002226,GenBank accession Z29481 expression,0,2,real_run3_golub_chunk001
golub,real,3,31,F000496,GenBank accession J03909 expression,0,2,real_run3_golub_chunk001
golub,real,3,31,F002269,GenBank accession Z70220 expression,0,2,real_run3_golub_chunk001
golub,real,3,31,F002983,GenBank accession U04241 expression,0,2,real_run3_golub_chunk001
golub,real,3,31,F002188,GenBank accession Y10207 expression,0,2,real_run3_golub_chunk001
golub,real,3,31,F002903,HTF10 gene expression,1,3,real_run3_golub_chunk001
golub,real,3,31,F000171,KIAA0070 gene expression,1,3,real_run3_golub_chunk001
golub,real,3,31,F000967,GenBank accession M69039 expression,0,2,real_run3_golub_chunk001
golub,real,3,31,F001926,ATP-citrate lyase gene expression,1,3,real_run3_golub_chunk001
golub,real,3,31,F001743,GenBank accession X02530 expression,0,2,real_run3_golub_chunk001
golub,real,3,31,F001610,BARD1 gene expression,2,3,real_run3_golub_chunk001
golub,real,3,31,F001668,GenBank accession U83246 expression,0,2,real_run3_golub_chunk001
golub,real,3,31,F002734,GenBank accession M63438 expression,0,2,real_run3_golub_chunk001
golub,real,3,31,F002358,GenBank accession U58675 expression,0,2,real_run3_golub_chunk001
golub,real,3,31,F002182,GenBank accession Y08915 expression,0,2,real_run3_golub_chunk001
golub,real,3,31,F001174,hmlh1 gene expression,2,3,real_run3_golub_chunk001
golub,real,3,31,F000237,KIAA0140 gene expression,1,3,real_run3_golub_chunk001
golub,real,3,31,F002300,P4HB gene expression,1,3,real_run3_golub_chunk001
golub,real,3,31,F002728,Wit-1 gene expression,1,3,real_run3_golub_chunk001
golub,real,3,31,F001459,GenBank accession U51166 expression,0,2,real_run3_golub_chunk001
golub,real,3,31,F000272,GenBank accession D78361 expression,0,2,real_run3_golub_chunk001
golub,real,3,31,F001296,SELPLG gene expression,1,3,real_run3_golub_chunk001
golub,real,3,31,F000455,HG4126-HT4396_at expression feature,0,3,real_run3_golub_chunk001
golub,real,3,31,F001479,GenBank accession U52830 expression,0,2,real_run3_golub_chunk001
golub,real,3,31,F002778,CHN gene expression,1,3,real_run3_golub_chunk001
golub,real,3,31,F002565,GenBank accession U07806 expression,0,2,real_run3_golub_chunk001
golub,real,3,31,F000936,GenBank accession M62994 expression,0,2,real_run3_golub_chunk001
golub,real,3,31,F002011,TEGT gene expression,1,3,real_run3_golub_chunk001
golub,real,3,31,F002588,CTSE gene expression,1,3,real_run3_golub_chunk001
golub,real,3,31,F002759,Id-2 gene expression,2,3,real_run3_golub_chunk001
golub,real,3,31,F001973,XPGC gene expression,1,3,real_run3_golub_chunk001
golub,real,3,31,F001528,SUR1 gene expression,1,3,real_run3_golub_chunk001
golub,real,3,31,F000519,ALPP gene expression,1,3,real_run3_golub_chunk001
golub,real,3,31,F000681,GenBank accession L37936 expression,0,2,real_run3_golub_chunk001
golub,real,3,31,F001401,CAKbeta gene expression,2,3,real_run3_golub_chunk001
golub,real,3,31,F002399,FACL1 gene expression,1,3,real_run3_golub_chunk001
golub,real,3,31,F001541,GenBank accession U65785 expression,0,2,real_run3_golub_chunk001
golub,real,3,31,F000030,KIAA0320 gene expression,1,3,real_run3_golub_chunk001
golub,real,3,31,F001147,GenBank accession U02570 expression,0,2,real_run3_golub_chunk001
golub,real,3,31,F003003,GenBank accession M34516 expression,0,2,real_run3_golub_chunk001
golub,real,3,31,F000587,BMI-1 gene expression,2,3,real_run3_golub_chunk001
golub,real,3,31,F001546,Eplg8 gene expression,1,3,real_run3_golub_chunk001
golub,real,3,31,F002038,ERF-1 gene expression,1,3,real_run3_golub_chunk001
golub,real,3,31,F002256,GenBank accession Z49269 expression,0,2,real_run3_golub_chunk001
golub,real,3,31,F002301,LAMP1 gene expression,2,3,real_run3_golub_chunk001
golub,real,3,31,F001441,GenBank accession U49395 expression,0,2,real_run3_golub_chunk001
golub,real,3,31,F001159,GenBank accession U04811 expression,0,2,real_run3_golub_chunk001
golub,real,3,31,F002697,CSNK2B gene expression,1,3,real_run3_golub_chunk001
golub,real,3,31,F002236,TTF gene expression,1,3,real_run3_golub_chunk001
golub,real,3,31,F002584,GenBank accession X52979 expression,0,2,real_run3_golub_chunk001
golub,real,3,31,F000662,GenBank accession L34060 expression,0,2,real_run3_golub_chunk001
golub,real,3,31,F000055,SKB1Hs gene expression,1,3,real_run3_golub_chunk001
golub,real,3,31,F001760,GenBank accession X04391 expression,0,2,real_run3_golub_chunk001
golub,real,3,31,F000018,GAPD gene expression,1,3,real_run3_golub_chunk001
golub,real,3,31,F000336,KIAA0226 gene expression,1,3,real_run3_golub_chunk001
golub,real,3,31,F002107,Icln gene expression,1,3,real_run3_golub_chunk001
golub,real,3,31,F002683,GenBank accession M31776 expression,0,2,real_run3_golub_chunk001
golub,real,3,31,F001344,GenBank accession U34880 expression,0,2,real_run3_golub_chunk001
golub,real,3,31,F000607,3B3 gene expression,1,3,real_run3_golub_chunk001
golub,real,3,31,F000061,GenBank accession D00723 expression,0,2,real_run3_golub_chunk001
golub,real,3,31,F000109,D123 gene expression,1,3,real_run3_golub_chunk001
golub,real,3,31,F001677,GenBank accession U85992 expression,0,2,real_run3_golub_chunk001
golub,real,3,31,F001968,ICAM-3 gene expression,2,3,real_run3_golub_chunk001
golub,real,3,31,F000792,IGF1R gene expression,1,3,real_run3_golub_chunk001
golub,real,3,31,F001626,TRAF6 gene expression,2,3,real_run3_golub_chunk001
golub,real,3,31,F000355,KIAA0253 gene expression,1,3,real_run3_golub_chunk001
golub,real,3,31,F001602,TIP60 gene expression,2,3,real_run3_golub_chunk001
golub,real,3,31,F002753,thymosin beta-10 gene expression,1,3,real_run3_golub_chunk001
golub,real,3,31,F000382,GenBank accession D89077 expression,0,2,real_run3_golub_chunk001
golub,real,3,31,F000372,hHSF4 gene expression,1,3,real_run3_golub_chunk001
golub,real,3,31,F002916,HG3597-HT3800_f_at expression feature,0,3,real_run3_golub_chunk001
golub,real,3,31,F001063,GenBank accession M95549 expression,0,2,real_run3_golub_chunk001
golub,real,3,31,F000432,HG3344-HT3521_at expression feature,0,3,real_run3_golub_chunk001
golub,real,3,31,F000906,UBE1 gene expression,1,3,real_run3_golub_chunk001
golub,real,3,31,F002524,HG3920-HT4521_s_at expression feature,0,3,real_run3_golub_chunk001
golub,real,3,31,F001547,HPK1 gene expression,2,3,real_run3_golub_chunk001
golub,real,3,31,F002540,PML gene expression,2,3,real_run3_golub_chunk001
golub,real,3,31,F000049,GenBank accession AF008445 expression,0,2,real_run3_golub_chunk001
golub,real,3,31,F001503,NKCC2 gene expression,1,3,real_run3_golub_chunk001
golub,real,3,31,F002971,H2B/l gene expression,1,3,real_run3_golub_chunk001
golub,real,3,31,F000954,TCF5 gene expression,3,3,real_run3_golub_chunk001
golub,real,3,31,F000670,GenBank accession L36531 expression,0,2,real_run3_golub_chunk001
golub,real,3,31,F000087,KIAA0016 gene expression,1,3,real_run3_golub_chunk001
golub,real,3,31,F002335,p50-NF-kappa B homolog gene expression,2,3,real_run3_golub_chunk001
golub,real,3,31,F002003,HUMM3 gene expression,1,3,real_run3_golub_chunk001
golub,real,3,31,F001294,GenBank accession U25750 expression,0,2,real_run3_golub_chunk001
golub,real,3,31,F000549,HIS1 gene expression,1,3,real_run3_golub_chunk001
golub,real,3,31,F001880,GenBank accession X58521 expression,0,2,real_run3_golub_chunk001
golub,real,3,31,F001387,GenBank accession U41387 expression,0,2,real_run3_golub_chunk001
golub,real,3,31,F002317,PS1 gene expression,1,3,real_run3_golub_chunk001
golub,real,3,31,F002465,HG1140-HT4817_s_at expression feature,0,3,real_run3_golub_chunk001
golub,real,3,31,F002156,GenBank accession X99325 expression,0,2,real_run3_golub_chunk001
golub,real,3,31,F001281,GenBank accession U23803 expression,0,2,real_run3_golub_chunk001
golub,real,3,31,F001094,RBP2 gene expression,1,3,real_run3_golub_chunk001
golub,real,3,31,F000505,GenBank accession J04162 expression,0,2,real_run3_golub_chunk001
golub,real,3,31,F000243,FCN2 gene expression,1,3,real_run3_golub_chunk001
golub,real,3,31,F002101,GenBank accession X90858 expression,0,2,real_run3_golub_chunk001
golub,real,3,31,F001280,GenBank accession U23143 expression,0,2,real_run3_golub_chunk001
golub,real,3,31,F001314,GenBank accession U29953 expression,0,2,real_run3_golub_chunk001
golub,real,3,31,F001648,GenBank accession U80457 expression,0,2,real_run3_golub_chunk001
golub,real,3,31,F002995,LAG-1 gene expression,3,3,real_run3_golub_chunk001
golub,real,3,31,F002669,MPO gene expression,4,3,real_run3_golub_chunk001
golub,real,3,31,F000306,KIAA0196 gene expression,1,3,real_run3_golub_chunk001
golub,real,3,31,F002341,GenBank accession U17838 expression,0,2,real_run3_golub_chunk001
golub,real,3,31,F001438,Tbr-1 gene expression,2,3,real_run3_golub_chunk001
golub,real,3,31,F002064,GenBank accession X82207 expression,0,2,real_run3_golub_chunk001
golub,real,3,31,F001945,GC-S-alpha-3 gene expression,1,3,real_run3_golub_chunk001
golub,real,3,31,F002702,GenBank accession M31211 expression,0,2,real_run3_golub_chunk001
golub,real,3,31,F002482,HG2238-HT2321_s_at expression feature,0,3,real_run3_golub_chunk001
golub,real,3,31,F000938,GenBank accession M63167 expression,0,2,real_run3_golub_chunk001
golub,real,3,31,F002668,PRKACB gene expression,1,3,real_run3_golub_chunk001
golub,real,3,31,F002150,GenBank accession X98801 expression,0,2,real_run3_golub_chunk001
golub,real,3,31,F002284,HHR23A gene expression,1,3,real_run3_golub_chunk001
golub,real,3,31,F001197,hCRHP gene expression,1,3,real_run3_golub_chunk001
golub,real,3,31,F002541,HG627-HT5097_s_at expression feature,0,3,real_run3_golub_chunk001
golub,real,3,31,F002083,GenBank accession X86012 expression,0,2,real_run3_golub_chunk001
golub,real,3,31,F000185,KIAA0068 gene expression,1,3,real_run3_golub_chunk001
golub,real,3,31,F001031,GCK gene expression,1,3,real_run3_golub_chunk001
golub,real,3,31,F000227,KIAA0123 gene expression,1,3,real_run3_golub_chunk001
golub,real,3,31,F002048,B-CAM gene expression,1,3,real_run3_golub_chunk001
golub,real,3,31,F000913,C4A gene expression,1,3,real_run3_golub_chunk001
golub,real,3,31,F000931,MRF-1 gene expression,1,3,real_run3_golub_chunk001
golub,real,3,31,F002466,HG1322-HT5143_s_at expression feature,0,3,real_run3_golub_chunk001
golub,real,3,31,F002014,GenBank accession X76040 expression,0,2,real_run3_golub_chunk001
golub,real,3,31,F002316,GenBank accession L49380 expression,0,2,real_run3_golub_chunk001
golub,real,3,31,F001328,GenBank accession U31875 expression,0,2,real_run3_golub_chunk001
golub,real,3,31,F002077,MORT1 gene expression,2,3,real_run3_golub_chunk001
golub,real,3,31,F002619,GPSAT gene expression,1,3,real_run3_golub_chunk001
golub,real,3,31,F001370,hPMSR6 gene expression,1,3,real_run3_golub_chunk001
golub,real,3,31,F002493,HG2797-HT2906_s_at expression feature,0,3,real_run3_golub_chunk001
golub,real,3,31,F000958,pros-30 gene expression,1,3,real_run3_golub_chunk001
golub,real,3,31,F001644,OCTS3 gene expression,1,3,real_run3_golub_chunk001
golub,real,3,31,F002418,GenBank accession D26156 expression,0,2,real_run3_golub_chunk001
golub,real,3,31,F001271,SRP9 gene expression,1,3,real_run3_golub_chunk001
golub,real,3,31,F000773,MPO gene expression,4,3,real_run3_golub_chunk001
golub,real,3,31,F001662,GenBank accession U82311 expression,0,2,real_run3_golub_chunk001
golub,real,3,31,F002615,GenBank accession L24774 expression,0,2,real_run3_golub_chunk001
golub,real,3,31,F000229,KIAA0125 gene expression,1,3,real_run3_golub_chunk001
golub,real,3,31,F001140,GenBank accession U01923 expression,0,2,real_run3_golub_chunk001
golub,real,3,31,F000107,FGF-9 gene expression,1,3,real_run3_golub_chunk001
golub,real,3,31,F000023,VRK1 gene expression,1,3,real_run3_golub_chunk001
golub,real,3,31,F000384,GenBank accession D90084 expression,0,2,real_run3_golub_chunk001
golub,real,3,31,F001724,GenBank accession U95006 expression,0,2,real_run3_golub_chunk001
golub,real,3,31,F000223,GenBank accession D50857 expression,0,2,real_run3_golub_chunk001
golub,real,3,31,F000723,GenBank accession L76380 expression,0,2,real_run3_golub_chunk001
golub,real,3,31,F002263,GenBank accession Z67743 expression,0,2,real_run3_golub_chunk001
golub,real,3,31,F001868,MPR46 gene expression,1,3,real_run3_golub_chunk001
golub,real,3,31,F001067,BRAF gene expression,2,3,real_run3_golub_chunk001
golub,real,3,31,F000772,ATPSB gene expression,1,3,real_run3_golub_chunk001
golub,real,3,31,F000438,HG3514-HT3708_at expression feature,0,3,real_run3_golub_chunk001
golub,real,3,31,F000161,KIAA0050 gene expression,1,3,real_run3_golub_chunk001
golub,real,3,31,F001015,PBX1 gene expression,3,3,real_run3_golub_chunk001
golub,real,3,31,F000289,KIAA0187 gene expression,1,3,real_run3_golub_chunk001
golub,real,3,31,F000348,GenBank accession D87120 expression,0,2,real_run3_golub_chunk001
golub,real,3,31,F002881,GenBank accession Z49825 expression,0,2,real_run3_golub_chunk001
golub,real,3,31,F000112,GenBank accession D15057 expression,0,2,real_run3_golub_chunk001
golub,real,3,31,F002222,GenBank accession Z25884 expression,0,2,real_run3_golub_chunk001
golub,real,3,31,F000242,GenBank accession D61391 expression,0,2,real_run3_golub_chunk001
golub,real,3,31,F001227,GenBank accession U14417 expression,0,2,real_run3_golub_chunk001
golub,real,3,31,F001586,GenBank accession U72507 expression,0,2,real_run3_golub_chunk001
golub,real,3,31,F001061,PA-FABP gene expression,1,3,real_run3_golub_chunk001
golub,real,3,31,F001563,GenBank accession U68494 expression,0,2,real_run3_golub_chunk001
golub,real,3,31,F003013,GenBank accession K02405 expression,0,2,real_run3_golub_chunk001
golub,real,3,31,F000196,KIAA0095 gene expression,1,3,real_run3_golub_chunk001
golub,real,3,31,F000634,GenBank accession L24783 expression,0,2,real_run3_golub_chunk001
golub,real,3,31,F001917,GenBank accession X63563 expression,0,2,real_run3_golub_chunk001
golub,real,3,31,F002462,HG1728-HT1734_s_at expression feature,0,3,real_run3_golub_chunk001
golub,real,3,31,F002423,PBX2 gene expression,2,3,real_run3_golub_chunk001
golub,real,3,31,F000777,PDGFA gene expression,1,3,real_run3_golub_chunk001
golub,real,3,31,F002508,HG3148-HT3324_s_at expression feature,0,3,real_run3_golub_chunk001
golub,real,3,31,F001026,GenBank accession M88279 expression,0,2,real_run3_golub_chunk001
golub,real,3,31,F002762,Rod cG-PDE Hum gene expression,1,3,real_run3_golub_chunk001
golub,real,3,31,F002110,GenBank accession X92106 expression,0,2,real_run3_golub_chunk001
golub,real,3,31,F002579,LAG2 gene expression,2,3,real_run3_golub_chunk001
golub,real,3,31,F000204,KIAA0098 gene expression,1,3,real_run3_golub_chunk001
golub,real,3,31,F001230,HU-PP-1 gene expression,1,3,real_run3_golub_chunk001
golub,real,3,31,F001903,GenBank accession X61970 expression,0,2,real_run3_golub_chunk001
golub,real,3,31,F000258,KIAA0156 gene expression,1,3,real_run3_golub_chunk001
golub,real,3,31,F001853,GenBank accession X53961 expression,0,2,real_run3_golub_chunk001
golub,real,3,31,F001538,NDUFS8 gene expression,1,3,real_run3_golub_chunk001
golub,real,3,31,F000785,GenBank accession M21259 expression,0,2,real_run3_golub_chunk001
golub,real,3,31,F000985,YY1 gene expression,2,3,real_run3_golub_chunk001
golub,real,3,31,F001231,GenBank accession U15009 expression,0,2,real_run3_golub_chunk001
golub,real,3,31,F001409,OC-116KDa gene expression,1,3,real_run3_golub_chunk001
golub,real,3,31,F003034,GenBank accession X01677 expression,0,2,real_run3_golub_chunk001
golub,real,3,31,F001624,hCRA alpha gene expression,1,3,real_run3_golub_chunk001
golub,real,3,31,F000897,GenBank accession M55265 expression,0,2,real_run3_golub_chunk001
golub,real,3,31,F000798,LYL1 gene expression,3,3,real_run3_golub_chunk001
golub,real,3,31,F001587,B7 gene expression,2,3,real_run3_golub_chunk001
golub,real,3,31,F001333,Nmi gene expression,1,3,real_run3_golub_chunk001
golub,real,3,31,F000361,KIAA0262 gene expression,1,3,real_run3_golub_chunk001
golub,real,3,31,F001787,GenBank accession X13238 expression,0,2,real_run3_golub_chunk001
golub,real,3,31,F001772,GenBank accession X06614 expression,0,2,real_run3_golub_chunk001
golub,real,3,31,F000601,PEP1 gene expression,1,3,real_run3_golub_chunk001
golub,real,3,31,F002698,AREG gene expression,1,3,real_run3_golub_chunk001
golub,real,3,31,F000971,DP1 gene expression,1,3,real_run3_golub_chunk001
golub,real,3,31,F002521,HG3725-HT3981_s_at expression feature,0,3,real_run3_golub_chunk001
golub,real,3,31,F000182,GenBank accession D38524 expression,0,2,real_run3_golub_chunk001
golub,real,3,31,F001863,HUMPR-3 gene expression,1,3,real_run3_golub_chunk001
golub,real,3,31,F000189,KIAA0079 gene expression,1,3,real_run3_golub_chunk001
golub,real,3,31,F001963,GenBank accession X69141 expression,0,2,real_run3_golub_chunk001
golub,real,3,31,F002782,GenBank accession U04806 expression,0,2,real_run3_golub_chunk001
golub,real,3,31,F002410,HG1400-HT1400_s_at expression feature,0,3,real_run3_golub_chunk001
golub,real,3,31,F001029,GenBank accession M88468 expression,0,2,real_run3_golub_chunk001
golub,real,3,31,F000004,GenBank accession M10098 expression,0,2,real_run3_golub_chunk001
golub,real,3,31,F000844,GenBank accession M30818 expression,0,2,real_run3_golub_chunk001
golub,real,3,31,F000588,ACK1 gene expression,2,3,real_run3_golub_chunk001
golub,real,3,31,F000262,GenBank accession D64109 expression,0,2,real_run3_golub_chunk001
golub,real,3,31,F002741,LIPA gene expression,1,3,real_run3_golub_chunk001
golub,real,3,31,F001731,SAP18 gene expression,1,3,real_run3_golub_chunk001
golub,real,3,31,F002289,GenBank accession D38073 expression,0,2,real_run3_golub_chunk001
golub,real,3,31,F001759,GenBank accession X04366 expression,0,2,real_run3_golub_chunk001
golub,real,3,31,F002342,GenBank accession U17969 expression,0,2,real_run3_golub_chunk001
golub,real,3,31,F002054,ERK3 gene expression,1,3,real_run3_golub_chunk001
golub,real,3,31,F002878,GenBank accession X79200 expression,0,2,real_run3_golub_chunk001
golub,real,3,31,F000375,GC4 gene expression,1,3,real_run3_golub_chunk001
golub,real,3,31,F000524,MDP gene expression,1,3,real_run3_golub_chunk001
golub,real,3,31,F002542,HG627-HT5098_s_at expression feature,0,3,real_run3_golub_chunk001
golub,real,3,31,F001818,vav gene expression,2,3,real_run3_golub_chunk001
golub,real,3,31,F000086,KIAA0015 gene expression,1,3,real_run3_golub_chunk001
golub,real,3,31,F001437,Diff33 gene expression,1,3,real_run3_golub_chunk001
golub,real,3,31,F000144,GenBank accession D28118 expression,0,2,real_run3_golub_chunk001
golub,real,3,31,F000919,HLA-DQB1 gene expression,2,3,real_run3_golub_chunk001
golub,real,3,31,F000345,KIAA0235 gene expression,1,3,real_run3_golub_chunk001
golub,real,3,31,F002314,CSBP1 gene expression,1,3,real_run3_golub_chunk001
golub,real,3,31,F002422,GenBank accession D28473 expression,0,2,real_run3_golub_chunk001
golub,real,3,31,F001777,GenBank accession X07315 expression,0,2,real_run3_golub_chunk001
golub,real,3,31,F001199,ZNF139 gene expression,1,3,real_run3_golub_chunk001
golub,real,3,31,F002297,HG2846-HT2983_at expression feature,0,3,real_run3_golub_chunk001
golub,real,3,31,F000559,RPS6KA1 gene expression,1,3,real_run3_golub_chunk001
golub,real,3,31,F002563,PRKCSH gene expression,1,3,real_run3_golub_chunk001
golub,real,3,31,F002866,HOX3D gene expression,2,3,real_run3_golub_chunk001
golub,real,3,31,F002042,GenBank accession X79536 expression,0,2,real_run3_golub_chunk001
golub,real,3,31,F001861,GAA gene expression,1,3,real_run3_golub_chunk001
golub,real,3,31,F001876,RING4 gene expression,1,3,real_run3_golub_chunk001
golub,real,3,31,F000233,KIAA0130 gene expression,1,3,real_run3_golub_chunk001
golub,real,3,31,F002828,GenBank accession U47686 expression,0,3,real_run3_golub_chunk002
golub,real,3,31,F001126,prohibitin gene expression,1,3,real_run3_golub_chunk002
golub,real,3,31,F000431,HG3286-HT3463_at expression feature,0,3,real_run3_golub_chunk002
golub,real,3,31,F001371,UBCH5B gene expression,1,3,real_run3_golub_chunk002
golub,real,3,31,F002567,GenBank accession Y00285 expression,0,3,real_run3_golub_chunk002
golub,real,3,31,F001043,GenBank accession M92303 expression,0,3,real_run3_golub_chunk002
golub,real,3,31,F002686,TOP2A gene expression,2,3,real_run3_golub_chunk002
golub,real,3,31,F001645,GenBank accession U79725 expression,0,3,real_run3_golub_chunk002
golub,real,3,31,F002899,HG3565-HT3768_r_at expression feature,0,3,real_run3_golub_chunk002
golub,real,3,31,F002181,GenBank accession Y08836 expression,0,3,real_run3_golub_chunk002
golub,real,3,31,F001054,GenBank accession M93718 expression,0,3,real_run3_golub_chunk002
golub,real,3,31,F002810,TTF-1 gene expression,1,3,real_run3_golub_chunk002
golub,real,3,31,F001426,ISOT gene expression,1,3,real_run3_golub_chunk002
golub,real,3,31,F000487,PDGFRB gene expression,2,3,real_run3_golub_chunk002
golub,real,3,31,F001956,h-Sp1 gene expression,1,3,real_run3_golub_chunk002
golub,real,3,31,F002559,GenBank accession X05130 expression,0,3,real_run3_golub_chunk002
golub,real,3,31,F000890,MEM-102 gene expression,1,3,real_run3_golub_chunk002
golub,real,3,31,F000074,hIL-2Rg gene expression,2,3,real_run3_golub_chunk002
golub,real,3,31,F001982,MADER gene expression,1,3,real_run3_golub_chunk002
golub,real,3,31,F000801,p53 gene expression,2,3,real_run3_golub_chunk002
golub,real,3,31,F001855,GenBank accession X54304 expression,0,3,real_run3_golub_chunk002
golub,real,3,31,F000172,KIAA0067 gene expression,1,3,real_run3_golub_chunk002
golub,real,3,31,F002587,ERp72 gene expression,1,3,real_run3_golub_chunk002
golub,real,3,31,F002312,GenBank accession L22454 expression,0,3,real_run3_golub_chunk002
golub,real,3,31,F000685,GenBank accession L38696 expression,0,3,real_run3_golub_chunk002
golub,real,3,31,F001173,zpk gene expression,1,3,real_run3_golub_chunk002
golub,real,3,31,F001261,GenBank accession U20158 expression,0,3,real_run3_golub_chunk002
golub,real,3,31,F001416,cystatin B gene expression,1,3,real_run3_golub_chunk002
golub,real,3,31,F000489,PPOL gene expression,1,3,real_run3_golub_chunk002
golub,real,3,31,F000260,KIAA0160 gene expression,1,3,real_run3_golub_chunk002
golub,real,3,31,F002853,wsl-l gene expression,1,3,real_run3_golub_chunk002
golub,real,3,31,F002385,GenBank accession Y07909 expression,0,3,real_run3_golub_chunk002
golub,real,3,31,F000893,GenBank accession M54992 expression,0,3,real_run3_golub_chunk002
golub,real,3,31,F000656,EPR-1 gene expression,2,3,real_run3_golub_chunk002
golub,real,3,31,F000569,C2 gene expression,1,3,real_run3_golub_chunk002
golub,real,3,31,F002501,HG2994-HT4850_s_at expression feature,0,3,real_run3_golub_chunk002
golub,real,3,31,F001992,7442 gene expression,1,3,real_run3_golub_chunk002
golub,real,3,31,F002122,RP1 gene expression,1,3,real_run3_golub_chunk002
golub,real,3,31,F000584,G0S8 gene expression,1,3,real_run3_golub_chunk002
golub,real,3,31,F002981,A-RAF-1 gene expression,2,3,real_run3_golub_chunk002
golub,real,3,31,F002167,GenBank accession Y00282 expression,0,3,real_run3_golub_chunk002
golub,real,3,31,F002914,HG3236-HT3413_f_at expression feature,0,3,real_run3_golub_chunk002
golub,real,3,31,F000337,KIAA0230 gene expression,1,3,real_run3_golub_chunk002
golub,real,3,31,F000097,KIAA0105 gene expression,1,3,real_run3_golub_chunk002
golub,real,3,31,F000542,GenBank accession L03532 expression,0,3,real_run3_golub_chunk002
golub,real,3,31,F001130,GenBank accession U00672 expression,0,3,real_run3_golub_chunk002
golub,real,3,31,F001055,MK gene expression,1,3,real_run3_golub_chunk002
golub,real,3,31,F001017,GenBank accession M86707 expression,0,3,real_run3_golub_chunk002
golub,real,3,31,F000211,GenBank accession D49410 expression,0,3,real_run3_golub_chunk002
golub,real,3,31,F000380,nbr gene expression,1,3,real_run3_golub_chunk002
golub,real,3,31,F002162,TPRC gene expression,1,3,real_run3_golub_chunk002
golub,real,3,31,F001949,N-sam gene expression,2,3,real_run3_golub_chunk002
golub,real,3,31,F001664,GenBank accession U82671 expression,0,3,real_run3_golub_chunk002
golub,real,3,31,F001797,GenBank accession X13973 expression,0,3,real_run3_golub_chunk002
golub,real,3,31,F001167,H326 gene expression,1,3,real_run3_golub_chunk002
golub,real,3,31,F001338,GenBank accession U33429 expression,0,3,real_run3_golub_chunk002
golub,real,3,31,F001352,FKHR gene expression,3,3,real_run3_golub_chunk002
golub,real,3,31,F001040,ZNF76 gene expression,1,3,real_run3_golub_chunk002
golub,real,3,31,F002953,TCRBV17S1A1T gene expression,3,3,real_run3_golub_chunk002
golub,real,3,31,F001190,GenBank accession U09284 expression,0,3,real_run3_golub_chunk002
golub,real,3,31,F003022,TRY1 gene expression,1,3,real_run3_golub_chunk002
golub,real,3,31,F000807,THE1 gene expression,1,3,real_run3_golub_chunk002
golub,real,3,31,F003008,HG2915-HT3059_f_at expression feature,0,3,real_run3_golub_chunk002
golub,real,3,31,F000304,KIAA0191 gene expression,1,3,real_run3_golub_chunk002
golub,real,3,31,F001561,HRR-1 gene expression,1,3,real_run3_golub_chunk002
golub,real,3,31,F001555,GenBank accession U67674 expression,0,3,real_run3_golub_chunk002
golub,real,3,31,F002954,GenBank accession U76388 expression,0,3,real_run3_golub_chunk002
golub,real,3,31,F001749,GenBank accession X03473 expression,0,3,real_run3_golub_chunk002
golub,real,3,31,F002560,GYPE gene expression,2,3,real_run3_golub_chunk002
golub,real,3,31,F002621,4-aminobutyrate aminotransferase gene expression,1,3,real_run3_golub_chunk002
golub,real,3,31,F002974,KBF2 gene expression,1,3,real_run3_golub_chunk002
golub,real,3,31,F002696,GenBank accession M33493 expression,0,3,real_run3_golub_chunk002
golub,real,3,31,F001283,COPA gene expression,1,3,real_run3_golub_chunk002
golub,real,3,31,F001487,GenBank accession U56417 expression,0,3,real_run3_golub_chunk002
golub,real,3,31,F001506,GenBank accession U58970 expression,0,3,real_run3_golub_chunk002
golub,real,3,31,F001291,GenBank accession U25182 expression,0,3,real_run3_golub_chunk002
golub,real,3,31,F002096,ung gene expression,1,3,real_run3_golub_chunk002
golub,real,3,31,F001960,ACT gene expression,1,3,real_run3_golub_chunk002
golub,real,3,31,F001028,GenBank accession M88458 expression,0,3,real_run3_golub_chunk002
golub,real,3,31,F000249,KIAA0153 gene expression,1,3,real_run3_golub_chunk002
golub,real,3,31,F001297,GenBank accession U26648 expression,0,3,real_run3_golub_chunk002
golub,real,3,31,F002783,GenBank accession X73358 expression,0,3,real_run3_golub_chunk002
golub,real,3,31,F000349,GenBank accession D87292 expression,0,3,real_run3_golub_chunk002
golub,real,3,31,F002432,XAP4 gene expression,1,3,real_run3_golub_chunk002
golub,real,3,31,F002733,IGHA1 gene expression,3,3,real_run3_golub_chunk002
golub,real,3,31,F000719,G0S3 gene expression,1,3,real_run3_golub_chunk002
golub,real,3,31,F000989,CHRM5 gene expression,1,3,real_run3_golub_chunk002
golub,real,3,31,F000187,KIAA0078 gene expression,1,3,real_run3_golub_chunk002
golub,real,3,31,F001621,GenBank accession U78521 expression,0,3,real_run3_golub_chunk002
golub,real,3,31,F002139,GenBank accession X97324 expression,0,3,real_run3_golub_chunk002
golub,real,3,31,F000477,SST gene expression,1,3,real_run3_golub_chunk002
golub,real,3,31,F002693,farnesyl pyrophosphate synthetase like-4 gene expression,1,3,real_run3_golub_chunk002
golub,real,3,31,F001608,FHIT gene expression,2,3,real_run3_golub_chunk002
golub,real,3,31,F000757,G10P2 gene expression,1,3,real_run3_golub_chunk002
golub,real,3,31,F001779,GenBank accession X07767 expression,0,3,real_run3_golub_chunk002
golub,real,3,31,F000343,KIAA0238 gene expression,1,3,real_run3_golub_chunk002
golub,real,3,31,F001046,PLT gene expression,1,3,real_run3_golub_chunk002
golub,real,3,31,F001741,GenBank accession X02152 expression,0,3,real_run3_golub_chunk002
golub,real,3,31,F000428,HG3175-HT3352_at expression feature,0,3,real_run3_golub_chunk002
golub,real,3,31,F000326,KIAA0206 gene expression,1,3,real_run3_golub_chunk002
golub,real,3,31,F002429,HG4312-HT4582_s_at expression feature,0,3,real_run3_golub_chunk002
golub,real,3,31,F002968,GenBank accession Z30643 expression,0,3,real_run3_golub_chunk002
golub,real,3,31,F000069,MAT gene expression,1,3,real_run3_golub_chunk002
golub,real,3,31,F001723,GenBank accession U94855 expression,0,3,real_run3_golub_chunk002
golub,real,3,31,F000966,GenBank accession M69023 expression,0,3,real_run3_golub_chunk002
golub,real,3,31,F000066,GenBank accession D00763 expression,0,3,real_run3_golub_chunk002
golub,real,3,31,F000744,GenBank accession M13241 expression,0,3,real_run3_golub_chunk002
golub,real,3,31,F000955,MPP1 gene expression,1,3,real_run3_golub_chunk002
golub,real,3,31,F001922,GenBank accession X64037 expression,0,3,real_run3_golub_chunk002
golub,real,3,31,F002347,GenBank accession U31556 expression,0,3,real_run3_golub_chunk002
golub,real,3,31,F002010,rab 13 gene expression,1,3,real_run3_golub_chunk002
golub,real,3,31,F000535,GenBank accession K03515 expression,0,3,real_run3_golub_chunk002
golub,real,3,31,F002494,GenBank accession M13452 expression,0,3,real_run3_golub_chunk002
golub,real,3,31,F000129,KIAA0014 gene expression,1,3,real_run3_golub_chunk002
golub,real,3,31,F000697,GenBank accession L40395 expression,0,3,real_run3_golub_chunk002
golub,real,3,31,F001757,GenBank accession X04201 expression,0,3,real_run3_golub_chunk002
golub,real,3,31,F002814,GenBank accession U33936 expression,0,3,real_run3_golub_chunk002
golub,real,3,31,F002875,GenBank accession X66276 expression,0,3,real_run3_golub_chunk002
golub,real,3,31,F000420,HG2810-HT2921_at expression feature,0,3,real_run3_golub_chunk002
golub,real,3,31,F002146,mpp6 gene expression,1,3,real_run3_golub_chunk002
golub,real,3,31,F002154,hHb6 gene expression,2,3,real_run3_golub_chunk002
golub,real,3,31,F001609,DRADA2b gene expression,1,3,real_run3_golub_chunk002
golub,real,3,31,F002362,GenBank accession U94832 expression,0,3,real_run3_golub_chunk002
golub,real,3,31,F001707,GenBank accession U91316 expression,0,3,real_run3_golub_chunk002
golub,real,3,31,F001473,STIM1 gene expression,1,3,real_run3_golub_chunk002
golub,real,3,31,F000239,GenBank accession D55654 expression,0,3,real_run3_golub_chunk002
golub,real,3,31,F000809,CANP gene expression,1,3,real_run3_golub_chunk002
golub,real,3,31,F001980,DDX1 gene expression,1,3,real_run3_golub_chunk002
golub,real,3,31,F000119,CRARF gene expression,1,3,real_run3_golub_chunk002
golub,real,3,31,F000273,CAD gene expression,1,3,real_run3_golub_chunk002
golub,real,3,31,F002666,ERG gene expression,3,3,real_run3_golub_chunk002
golub,real,3,31,F000244,GenBank accession D63391 expression,0,3,real_run3_golub_chunk002
golub,real,3,31,F001527,Int-6 gene expression,1,3,real_run3_golub_chunk002
golub,real,3,31,F000415,HG2525-HT2621_at expression feature,0,3,real_run3_golub_chunk002
golub,real,3,31,F000529,NPY gene expression,1,3,real_run3_golub_chunk002
golub,real,3,31,F000467,HG4716-HT5158_at expression feature,0,3,real_run3_golub_chunk002
golub,real,3,31,F000399,HG1869-HT1904_at expression feature,0,3,real_run3_golub_chunk002
golub,real,3,31,F000271,GenBank accession D78335 expression,0,3,real_run3_golub_chunk002
golub,real,3,31,F001343,GenBank accession U34877 expression,0,3,real_run3_golub_chunk002
golub,real,3,31,F002568,CR2 gene expression,2,3,real_run3_golub_chunk002
golub,real,3,31,F001891,H4/d gene expression,1,3,real_run3_golub_chunk002
golub,real,3,31,F000476,ACTC gene expression,1,3,real_run3_golub_chunk002
golub,real,3,31,F000536,LDLR gene expression,1,3,real_run3_golub_chunk002
golub,real,3,31,F002049,MLN 64 gene expression,1,3,real_run3_golub_chunk002
golub,real,3,31,F001526,GenBank accession U62433 expression,0,3,real_run3_golub_chunk002
golub,real,3,31,F001838,GenBank accession X52151 expression,0,3,real_run3_golub_chunk002
golub,real,3,31,F001930,GenBank accession X65614 expression,0,3,real_run3_golub_chunk002
golub,real,3,31,F001164,GenBank accession U05659 expression,0,3,real_run3_golub_chunk002
golub,real,3,31,F001501,Hs-cul-1 gene expression,1,3,real_run3_golub_chunk002
golub,real,3,31,F000504,GenBank accession J04132 expression,0,3,real_run3_golub_chunk002
golub,real,3,31,F000460,HG4297-HT4567_at expression feature,0,3,real_run3_golub_chunk002
golub,real,3,31,F000949,HBP gene expression,1,3,real_run3_golub_chunk002
golub,real,3,31,F002630,DP-2 gene expression,1,3,real_run3_golub_chunk002
golub,real,3,31,F000987,E16 gene expression,2,3,real_run3_golub_chunk002
golub,real,3,31,F003021,ERCC4 gene expression,1,3,real_run3_golub_chunk002
golub,real,3,31,F001921,GenBank accession X63755 expression,0,3,real_run3_golub_chunk002
golub,real,3,31,F002877,MAL gene expression,2,3,real_run3_golub_chunk002
golub,real,3,31,F002534,HG4318-HT4588_s_at expression feature,0,3,real_run3_golub_chunk002
golub,real,3,31,F000315,GenBank accession D84307 expression,0,3,real_run3_golub_chunk002
golub,real,3,31,F002485,PPP3CA gene expression,1,3,real_run3_golub_chunk002
golub,real,3,31,F001049,BDH gene expression,1,3,real_run3_golub_chunk002
golub,real,3,31,F002032,GenBank accession X78627 expression,0,3,real_run3_golub_chunk002
golub,real,3,31,F001447,GenBank accession U50078 expression,0,3,real_run3_golub_chunk002
golub,real,3,31,F001180,HTK gene expression,2,3,real_run3_golub_chunk002
golub,real,3,31,F001460,LAPTm5 gene expression,2,3,real_run3_golub_chunk002
golub,real,3,31,F001834,GenBank accession X51521 expression,0,3,real_run3_golub_chunk002
golub,real,3,31,F000999,SMPD1 gene expression,1,3,real_run3_golub_chunk002
golub,real,3,31,F002424,KIAA0051 gene expression,1,3,real_run3_golub_chunk002
golub,real,3,31,F001151,GenBank accession U03090 expression,0,3,real_run3_golub_chunk002
golub,real,3,31,F001287,LMO4 gene expression,2,3,real_run3_golub_chunk002
golub,real,3,31,F002822,NC2 gene expression,1,3,real_run3_golub_chunk002
golub,real,3,31,F000479,GenBank accession J02902 expression,0,3,real_run3_golub_chunk002
golub,real,3,31,F000150,KIAA0048 gene expression,1,3,real_run3_golub_chunk002
golub,real,3,31,F002593,GenBank accession L00634 expression,0,3,real_run3_golub_chunk002
golub,real,3,31,F000837,RAG1 gene expression,4,3,real_run3_golub_chunk002
golub,real,3,31,F000695,GenBank accession L40391 expression,0,3,real_run3_golub_chunk002
golub,real,3,31,F001748,HLA-SB beta gene expression,3,3,real_run3_golub_chunk002
golub,real,3,31,F001242,ELL gene expression,3,3,real_run3_golub_chunk002
golub,real,3,31,F001111,VAV2 gene expression,2,3,real_run3_golub_chunk002
golub,real,3,31,F000764,GenBank accession M15841 expression,0,3,real_run3_golub_chunk002
golub,real,3,31,F000983,TFIIB gene expression,1,3,real_run3_golub_chunk002
golub,real,3,31,F003040,PRB2 gene expression,1,3,real_run3_golub_chunk002
golub,real,3,31,F000808,CD33 gene expression,4,3,real_run3_golub_chunk002
golub,real,3,31,F002850,B7 gene expression,2,3,real_run3_golub_chunk002
golub,real,3,31,F002957,GenBank accession X01703 expression,0,3,real_run3_golub_chunk002
golub,real,3,31,F000236,KIAA0138 gene expression,1,3,real_run3_golub_chunk002
golub,real,3,31,F001245,AF1q gene expression,3,3,real_run3_golub_chunk002
golub,real,3,31,F002454,GenBank accession D86043 expression,0,3,real_run3_golub_chunk002
golub,real,3,31,F001533,GenBank accession U64105 expression,0,3,real_run3_golub_chunk002
golub,real,3,31,F000139,GenBank accession D26129 expression,0,3,real_run3_golub_chunk002
golub,real,3,31,F000501,ETS1 gene expression,2,3,real_run3_golub_chunk002
golub,real,3,31,F001092,GenBank accession S65583 expression,0,3,real_run3_golub_chunk002
golub,real,3,31,F000567,SEC13R gene expression,1,3,real_run3_golub_chunk002
golub,real,3,31,F002308,GenBank accession L11066 expression,0,3,real_run3_golub_chunk002
golub,real,3,31,F002499,HG2981-HT3127_s_at expression feature,0,3,real_run3_golub_chunk002
golub,real,3,31,F001381,hIk-1 gene expression,3,3,real_run3_golub_chunk002
golub,real,3,31,F002159,SH3GL3 gene expression,1,3,real_run3_golub_chunk002
golub,real,3,31,F000156,KIAA0054 gene expression,1,3,real_run3_golub_chunk002
golub,real,3,31,F002293,GenBank accession D50405 expression,0,3,real_run3_golub_chunk002
golub,real,3,31,F002117,rab7 gene expression,1,3,real_run3_golub_chunk002
golub,real,3,31,F000832,CD1A gene expression,3,3,real_run3_golub_chunk002
golub,real,3,31,F000951,JAK1 gene expression,2,3,real_run3_golub_chunk002
golub,real,3,31,F002694,GenBank accession M29932 expression,0,3,real_run3_golub_chunk002
golub,real,3,31,F002589,TIMP gene expression,2,3,real_run3_golub_chunk002
golub,real,3,31,F002109,rnp24 gene expression,1,3,real_run3_golub_chunk002
golub,real,3,31,F001529,GenBank accession U63541 expression,0,3,real_run3_golub_chunk002
golub,real,3,31,F000324,bcnt gene expression,1,3,real_run3_golub_chunk002
golub,real,3,31,F002056,p85-beta gene expression,1,3,real_run3_golub_chunk002
golub,real,3,31,F002571,ANX5 gene expression,2,3,real_run3_golub_chunk002
golub,real,3,31,F000377,VpreB gene expression,4,3,real_run3_golub_chunk002
golub,real,3,31,F002145,mpp5 gene expression,1,3,real_run3_golub_chunk002
golub,real,3,31,F002002,Cctg gene expression,1,3,real_run3_golub_chunk002
golub,real,3,31,F001560,RGL2 gene expression,1,3,real_run3_golub_chunk002
golub,real,3,31,F001870,GenBank accession X56494 expression,0,3,real_run3_golub_chunk002
golub,real,3,31,F001270,GenBank accession U20979 expression,0,3,real_run3_golub_chunk002
golub,real,3,31,F001901,rhoG gene expression,1,3,real_run3_golub_chunk002
golub,real,3,31,F001212,GenBank accession U11791 expression,0,3,real_run3_golub_chunk002
golub,real,3,31,F000962,GenBank accession M68520 expression,0,3,real_run3_golub_chunk002
golub,real,3,31,F000718,TSC2 gene expression,2,3,real_run3_golub_chunk002
golub,real,3,31,F003023,HLA-DRB1 gene expression,3,3,real_run3_golub_chunk002
golub,real,3,31,F000747,IVL gene expression,1,3,real_run3_golub_chunk002
golub,real,3,31,F001543,ECM1 gene expression,2,3,real_run3_golub_chunk002
golub,real,3,31,F002468,HG1428-HT1428_s_at expression feature,0,3,real_run3_golub_chunk002
golub,real,3,31,F001920,son-a gene expression,1,3,real_run3_golub_chunk002
golub,real,3,31,F002523,p72syk gene expression,2,3,real_run3_golub_chunk002
golub,real,3,31,F001311,GenBank accession U29615 expression,0,3,real_run3_golub_chunk002
golub,real,3,31,F001909,GenBank accession X62535 expression,0,3,real_run3_golub_chunk002
golub,real,3,31,F001030,IGB gene expression,3,3,real_run3_golub_chunk002
golub,real,3,31,F001425,MOZ gene expression,3,3,real_run3_golub_chunk002
golub,real,3,31,F002838,FREAC-4 gene expression,1,3,real_run3_golub_chunk002
golub,real,3,31,F000405,HG2247-HT2332_at expression feature,0,3,real_run3_golub_chunk002
golub,real,3,31,F001057,LAMB2 gene expression,1,3,real_run3_golub_chunk002
golub,real,3,31,F000168,KIAA0063 gene expression,1,3,real_run3_golub_chunk002
golub,real,3,31,F001966,GenBank accession X69550 expression,0,3,real_run3_golub_chunk002
golub,real,3,31,F002652,ENO1 gene expression,1,3,real_run3_golub_chunk002
golub,real,3,31,F002118,orf2 gene expression,1,3,real_run3_golub_chunk002
golub,real,3,31,F000425,HG3039-HT3200_at expression feature,0,3,real_run3_golub_chunk002
golub,real,3,31,F001435,PIN1 gene expression,1,3,real_run3_golub_chunk002
golub,real,3,31,F002319,HLA-DRB2 gene expression,3,3,real_run3_golub_chunk002
golub,real,3,31,F000416,HG2602-HT2698_at expression feature,0,3,real_run3_golub_chunk002
golub,real,3,31,F001306,GenBank accession U28831 expression,0,3,real_run3_golub_chunk002
golub,real,3,31,F002592,TCRA gene expression,4,3,real_run3_golub_chunk002
golub,real,3,31,F000816,G10P1 gene expression,1,3,real_run3_golub_chunk002
golub,real,3,31,F002754,COL16A1 gene expression,1,3,real_run3_golub_chunk002
golub,real,3,31,F000854,GenBank accession M32011 expression,0,3,real_run3_golub_chunk002
golub,real,3,31,F002515,HG3484-HT3678_s_at expression feature,0,3,real_run3_golub_chunk002
golub,real,3,31,F001695,RoRet gene expression,1,3,real_run3_golub_chunk002
golub,real,3,31,F000126,KIAA0035 gene expression,1,3,real_run3_golub_chunk002
golub,real,3,31,F000834,CD1C gene expression,3,3,real_run3_golub_chunk002
golub,real,3,31,F002896,HG2147-HT2217_r_at expression feature,0,3,real_run3_golub_chunk002
golub,real,3,31,F000946,GenBank accession M63904 expression,0,3,real_run3_golub_chunk002
golub,real,3,31,F002389,GenBank accession Z49107 expression,0,3,real_run3_golub_chunk002
golub,real,3,31,F001420,GenBank accession U47334 expression,0,3,real_run3_golub_chunk002
golub,real,3,31,F002649,ROS1 gene expression,3,3,real_run3_golub_chunk002
golub,real,3,31,F001850,GenBank accession X53586 expression,0,3,real_run3_golub_chunk002
golub,real,3,31,F001497,jumonji gene expression,2,3,real_run3_golub_chunk002
golub,real,3,31,F001711,GenBank accession U91932 expression,0,3,real_run3_golub_chunk002
golub,real,3,31,F000248,KIAA0152 gene expression,1,3,real_run3_golub_chunk002
golub,real,3,31,F001349,GenBank accession U36221 expression,0,3,real_run3_golub_chunk002
golub,real,3,31,F000871,PRKACB gene expression,1,3,real_run3_golub_chunk002
golub,real,3,31,F002984,GenBank accession U09587 expression,0,3,real_run3_golub_chunk002
golub,real,3,31,F001673,RAE1 gene expression,1,3,real_run3_golub_chunk002
golub,real,3,31,F000256,KIAA0157 gene expression,1,3,real_run3_golub_chunk002
golub,real,3,31,F002788,GenBank accession U09510 expression,0,3,real_run3_golub_chunk002
golub,real,3,31,F001406,GenBank accession U44772 expression,0,3,real_run3_golub_chunk002
golub,real,3,31,F000205,KIAA0099 gene expression,1,3,real_run3_golub_chunk002
golub,real,3,31,F001182,GenBank accession U07857 expression,0,3,real_run3_golub_chunk002
golub,real,3,31,F000322,bcnt gene expression,1,3,real_run3_golub_chunk002
golub,real,3,31,F001325,GenBank accession U31384 expression,0,3,real_run3_golub_chunk002
golub,real,3,31,F002437,GenBank accession X89109 expression,0,3,real_run3_golub_chunk002
golub,real,3,31,F001674,GenBank accession U85245 expression,0,3,real_run3_golub_chunk002
golub,real,3,31,F002935,MT1E gene expression,1,3,real_run3_golub_chunk002
golub,real,3,31,F000021,GenBank accession A28102 expression,0,3,real_run3_golub_chunk002
golub,real,3,31,F001068,SM22 gene expression,1,3,real_run3_golub_chunk002
golub,real,3,31,F000741,IGJ gene expression,3,3,real_run3_golub_chunk002
golub,real,3,31,F000746,ADA gene expression,3,3,real_run3_golub_chunk002
golub,real,3,31,F002730,SPTA1 gene expression,2,3,real_run3_golub_chunk002
golub,real,3,31,F002992,GenBank accession X16105 expression,0,3,real_run3_golub_chunk002
golub,real,3,31,F003019,KRT6C gene expression,1,3,real_run3_golub_chunk002
golub,real,3,31,F002705,CYP11B1 gene expression,1,3,real_run3_golub_chunk002
golub,real,3,31,F000866,GenBank accession M33680 expression,0,3,real_run3_golub_chunk002
golub,real,3,31,F002827,GenBank accession U45448 expression,0,3,real_run3_golub_chunk002
golub,real,3,31,F002271,GenBank accession Z72499 expression,0,3,real_run3_golub_chunk002
golub,real,3,31,F002625,VIP2r gene expression,1,3,real_run3_golub_chunk002
golub,real,3,31,F000471,HG830-HT830_at expression feature,0,3,real_run3_golub_chunk002
golub,real,3,31,F002190,EYA1A gene expression,1,3,real_run3_golub_chunk002
golub,real,3,31,F001889,ERK1 gene expression,2,3,real_run3_golub_chunk002
golub,real,3,31,F002490,HG2639-HT2735_s_at expression feature,0,3,real_run3_golub_chunk002
golub,real,3,31,F002063,Staf50 gene expression,1,3,real_run3_golub_chunk002
golub,real,3,31,F001583,zf2 gene expression,1,3,real_run3_golub_chunk002
golub,real,3,31,F002581,GenBank accession X14684 expression,0,3,real_run3_golub_chunk002
golub,real,3,31,F002121,AFX gene expression,3,3,real_run3_golub_chunk002
golub,real,3,31,F000648,GenBank accession L28010 expression,0,3,real_run3_golub_chunk002
golub,real,3,31,F002068,FBLN2 gene expression,1,3,real_run3_golub_chunk002
golub,real,3,31,F003015,CGB gene expression,1,3,real_run3_golub_chunk002
golub,real,3,31,F001961,GenBank accession X68836 expression,0,3,real_run3_golub_chunk002
golub,real,3,31,F001895,pcHDP7 gene expression,1,3,real_run3_golub_chunk002
golub,real,3,31,F001990,Humig gene expression,1,3,real_run3_golub_chunk002
golub,real,3,31,F000414,HG2480-HT2576_at expression feature,0,3,real_run3_golub_chunk002
golub,real,3,31,F000729,COX17 gene expression,1,3,real_run3_golub_chunk002
golub,real,3,31,F001433,GenBank accession U48861 expression,0,3,real_run3_golub_chunk002
golub,real,3,31,F002407,HG1686-HT4572_s_at expression feature,0,3,real_run3_golub_chunk002
golub,real,3,31,F002220,garp gene expression,1,3,real_run3_golub_chunk002
golub,real,3,31,F000181,KIAA0077 gene expression,1,3,real_run3_golub_chunk002
golub,real,3,31,F000839,IL7R gene expression,3,3,real_run3_golub_chunk002
golub,real,3,31,F001771,GenBank accession X06482 expression,0,3,real_run3_golub_chunk002
golub,real,3,31,F001504,NeuroD2 gene expression,1,3,real_run3_golub_chunk002
golub,real,3,31,F000159,GenBank accession D30742 expression,0,3,real_run3_golub_chunk002
golub,real,3,31,F001109,blk gene expression,3,3,real_run3_golub_chunk002
golub,real,3,31,F000823,COL4A1 gene expression,1,3,real_run3_golub_chunk002
golub,real,3,31,F002137,TFE3 gene expression,2,3,real_run3_golub_chunk002
golub,real,3,31,F000024,GenBank accession AB000464 expression,0,3,real_run3_golub_chunk002
golub,real,3,31,F002709,Pkr gene expression,1,3,real_run3_golub_chunk002
golub,real,3,31,F001827,GenBank accession X16983 expression,0,3,real_run3_golub_chunk002
golub,real,3,31,F000473,HG908-HT908_at expression feature,0,3,real_run3_golub_chunk002
golub,real,3,31,F000710,PDK2 gene expression,1,3,real_run3_golub_chunk002
golub,real,3,31,F002602,GenBank accession U89922 expression,0,3,real_run3_golub_chunk002
golub,real,3,31,F001405,TEF gene expression,2,3,real_run3_golub_chunk002
golub,real,3,31,F002020,grx gene expression,1,3,real_run3_golub_chunk002
golub,real,3,31,F001022,P69 2-5A synthetase gene expression,1,3,real_run3_golub_chunk002
golub,real,3,31,F001728,SLN gene expression,1,3,real_run3_golub_chunk002
golub,real,3,31,F002548,HG982-HT982_s_at expression feature,0,3,real_run3_golub_chunk002
golub,real,3,31,F002781,differentiation-stimulating factor/leukemia inhibitory factor receptor gene expression,3,3,real_run3_golub_chunk002
golub,real,3,31,F000873,GLB1 gene expression,1,3,real_run3_golub_chunk002
golub,real,3,31,F000633,GenBank accession L24564 expression,0,3,real_run3_golub_chunk002
golub,real,3,31,F001324,GenBank accession U31383 expression,0,3,real_run3_golub_chunk002
golub,real,3,31,F000550,GenBank accession L05779 expression,0,3,real_run3_golub_chunk002
golub,real,3,31,F001806,CD1e gene expression,3,3,real_run3_golub_chunk002
golub,real,3,31,F001814,GenBank accession X15875 expression,0,3,real_run3_golub_chunk002
golub,real,3,31,F001452,DDX14 gene expression,1,3,real_run3_golub_chunk002
golub,real,3,31,F001348,p25beta gene expression,1,3,real_run3_golub_chunk002
golub,real,3,31,F002229,GenBank accession Z29678 expression,0,3,real_run3_golub_chunk002
golub,real,3,31,F000365,KIAA0269 gene expression,1,3,real_run3_golub_chunk002
golub,real,3,31,F001301,GenBank accession U28368 expression,0,3,real_run3_golub_chunk002
golub,real,3,31,F000264,GenBank accession D64142 expression,0,3,real_run3_golub_chunk002
golub,real,3,31,F001682,DRIL1 gene expression,2,3,real_run3_golub_chunk002
golub,real,3,31,F002785,GenBank accession U51010 expression,0,3,real_run3_golub_chunk002
golub,real,3,31,F000491,GenBank accession J03600 expression,0,3,real_run3_golub_chunk002
golub,real,3,31,F002948,VH4 gene expression,3,3,real_run3_golub_chunk002
golub,real,3,31,F002436,VLACD gene expression,1,3,real_run3_golub_chunk002
golub,real,3,31,F002751,HMG-2 gene expression,1,3,real_run3_golub_chunk002
golub,real,3,31,F001041,E2-EPF gene expression,1,3,real_run3_golub_chunk002
golub,real,3,31,F001559,htra-2 beta gene expression,1,3,real_run3_golub_chunk002
golub,real,3,31,F000561,GenBank accession L07758 expression,0,3,real_run3_golub_chunk002
golub,real,3,31,F002714,gro-beta gene expression,1,3,real_run3_golub_chunk002
golub,real,3,31,F003039,GenBank accession M94880 expression,0,3,real_run3_golub_chunk002
golub,real,3,31,F001793,ldhB gene expression,1,3,real_run3_golub_chunk002
golub,real,3,31,F002597,HIS2 gene expression,1,3,real_run3_golub_chunk002
golub,real,3,31,F002876,GenBank accession Z25521 expression,0,3,real_run3_golub_chunk002
golub,real,3,31,F002639,GenBank accession Y08765 expression,0,3,real_run3_golub_chunk002
golub,real,3,31,F000534,GenBank accession K03460 expression,0,3,real_run3_golub_chunk002
golub,real,3,31,F000117,GenBank accession D16562 expression,0,3,real_run3_golub_chunk002
golub,real,3,31,F001475,RIG-G gene expression,2,3,real_run3_golub_chunk002
golub,real,3,31,F000488,GenBank accession J03459 expression,0,3,real_run3_golub_chunk002
golub,real,3,31,F001852,GenBank accession X53795 expression,0,3,real_run3_golub_chunk002
golub,real,3,31,F001882,BL-CAM gene expression,3,3,real_run3_golub_chunk002
golub,real,3,31,F001466,SiahBP1 gene expression,1,3,real_run3_golub_chunk002
golub,real,3,31,F000104,GenBank accession D14710 expression,0,3,real_run3_golub_chunk002
golub,real,3,31,F000687,GenBank accession L38935 expression,0,3,real_run3_golub_chunk002
golub,real,3,31,F001144,FKHR gene expression,3,3,real_run3_golub_chunk002
golub,real,3,31,F001137,GenBank accession U01212 expression,0,3,real_run3_golub_chunk002
golub,real,3,31,F001411,CALM gene expression,2,3,real_run3_golub_chunk002
golub,real,3,31,F001035,HRC1 gene expression,1,3,real_run3_golub_chunk002
golub,real,3,31,F002195,hTcf-4 gene expression,2,3,real_run3_golub_chunk002
golub,real,3,31,F001744,bcr gene expression,3,3,real_run3_golub_chunk002
golub,real,3,31,F002552,Ig alpha 2 gene expression,3,3,real_run3_golub_chunk002
golub,real,3,31,F001221,hPMS1 gene expression,1,3,real_run3_golub_chunk002
golub,real,3,31,F001450,GenBank accession U50523 expression,0,3,real_run3_golub_chunk002
golub,real,3,31,F002008,seb4B(human) gene expression,1,3,real_run3_golub_chunk002
golub,real,3,31,F000912,NK4 gene expression,2,3,real_run3_golub_chunk002
golub,real,3,31,F002553,CDR1 gene expression,2,3,real_run3_golub_chunk002
golub,real,3,31,F002774,metastasis-associated gene gene expression,2,3,real_run3_golub_chunk002
golub,real,3,31,F002491,HG2705-HT2801_s_at expression feature,0,3,real_run3_golub_chunk002
golub,real,3,31,F001807,GenBank accession X15183 expression,0,3,real_run3_golub_chunk002
golub,real,3,31,F001569,GenBank accession U70063 expression,0,3,real_run3_golub_chunk002
golub,real,3,31,F000841,OAT gene expression,1,3,real_run3_golub_chunk002
golub,real,3,31,F002058,Gdf5 gene expression,1,3,real_run3_golub_chunk002
golub,real,3,31,F002575,IRBP gene expression,1,3,real_run3_golub_chunk002
golub,real,3,31,F000758,GenBank accession M14676 expression,0,3,real_run3_golub_chunk002
golub,real,3,31,F002255,L23-related gene gene expression,1,3,real_run3_golub_chunk002
golub,real,3,31,F002506,PR264/SC35 gene expression,1,3,real_run3_golub_chunk002
golub,real,3,31,F002411,HG2348-HT2444_s_at expression feature,0,3,real_run3_golub_chunk002
golub,real,3,31,F000595,GenBank accession L14076 expression,0,3,real_run3_golub_chunk002
golub,real,3,31,F000530,TCRB gene expression,4,3,real_run3_golub_chunk002
golub,real,3,31,F002692,junB gene expression,2,3,real_run3_golub_chunk002
golub,real,3,31,F001950,GenBank accession X67098 expression,0,3,real_run3_golub_chunk002
golub,real,3,31,F002325,SRM gene expression,1,3,real_run3_golub_chunk002
golub,real,3,31,F000684,BRE gene expression,1,3,real_run3_golub_chunk002
golub,real,3,31,F001064,COL9A2 gene expression,1,3,real_run3_golub_chunk002
golub,real,3,31,F002600,GenBank accession L09209 expression,0,3,real_run3_golub_chunk002
golub,real,3,31,F002098,tgif gene expression,2,3,real_run3_golub_chunk002
golub,real,3,31,F001981,SOX-4 gene expression,3,3,real_run3_golub_chunk002
golub,real,3,31,F002830,GenBank accession Z49148 expression,0,3,real_run3_golub_chunk002
golub,real,3,31,F001045,LRPPRC gene expression,1,3,real_run3_golub_chunk002
golub,real,3,31,F000950,GenBank accession M64108 expression,0,3,real_run3_golub_chunk002
golub,real,3,31,F002862,SOD2 gene expression,1,3,real_run3_golub_chunk002
golub,real,3,31,F001713,GenBank accession U92014 expression,0,3,real_run3_golub_chunk002
golub,real,3,31,F001509,P72 gene expression,1,3,real_run3_golub_chunk002
golub,real,3,31,F001706,GenBank accession U90918 expression,0,3,real_run3_golub_chunk002
golub,real,3,31,F002211,PLZF gene expression,3,3,real_run3_golub_chunk002
golub,real,3,31,F002345,GenBank accession U20938 expression,0,3,real_run3_golub_chunk002
golub,real,3,31,F000452,HG4068-HT4338_at expression feature,0,3,real_run3_golub_chunk002
golub,real,3,31,F001573,GenBank accession U70426 expression,0,3,real_run3_golub_chunk002
golub,real,3,31,F001077,GenBank accession M97936 expression,0,3,real_run3_golub_chunk002
golub,real,3,31,F000916,HSP70-2 gene expression,1,3,real_run3_golub_chunk002
golub,real,3,31,F001318,GenBank accession U30872 expression,0,3,real_run3_golub_chunk002
golub,real,3,31,F002617,neuron-specific RNA recognition motifs (RRMs)-containing protein gene expression,1,3,real_run3_golub_chunk002
golub,real,3,31,F001738,GenBank accession X01388 expression,0,3,real_run3_golub_chunk002
golub,real,3,31,F001714,MMAC1 gene expression,2,3,real_run3_golub_chunk002
golub,real,3,31,F001665,GenBank accession U82759 expression,0,3,real_run3_golub_chunk002
golub,real,3,31,F002067,"MLN 50, Lasp-1 gene expression",1,3,real_run3_golub_chunk002
golub,real,3,31,F002966,GenBank accession X90530 expression,0,3,real_run3_golub_chunk002
golub,real,3,31,F000699,IDS gene expression,1,3,real_run3_golub_chunk002
golub,real,3,31,F002302,GenBank accession L00058 expression,0,3,real_run3_golub_chunk002
golub,real,3,31,F000972,MC-CPA gene expression,1,3,real_run3_golub_chunk002
golub,real,3,31,F000869,ADRA2B gene expression,1,3,real_run3_golub_chunk002
golub,real,3,31,F002663,IL8 gene expression,2,3,real_run3_golub_chunk002
golub,real,3,31,F000043,GFRalpha2 gene expression,1,3,real_run3_golub_chunk002
golub,real,3,31,F001120,integrin beta 7 subunit gene expression,3,3,real_run3_golub_chunk002
golub,real,3,31,F001755,GenBank accession X04106 expression,0,3,real_run3_golub_chunk002
golub,real,3,31,F000089,KIAA0020 gene expression,1,3,real_run3_golub_chunk002
golub,real,3,31,F002620,GenBank accession L32831 expression,0,3,real_run3_golub_chunk002
golub,real,3,31,F000969,GenBank accession M69066 expression,0,3,real_run3_golub_chunk002
golub,real,3,31,F000804,CYB5 gene expression,1,3,real_run3_golub_chunk002
golub,real,3,31,F002790,RAD54L gene expression,1,3,real_run3_golub_chunk002
golub,real,3,31,F002978,GenBank accession M24069 expression,0,3,real_run3_golub_chunk002
golub,real,3,31,F000863,GenBank accession M33518 expression,0,3,real_run3_golub_chunk002
golub,real,3,31,F001638,GenBank accession U79274 expression,0,3,real_run3_golub_chunk002
golub,real,3,31,F002367,GenBank accession X07203 expression,0,3,real_run3_golub_chunk002
golub,real,3,31,F002638,GenBank accession L47276 expression,0,3,real_run3_golub_chunk002
golub,real,3,31,F002873,Fas/Apo-1 gene expression,2,3,real_run3_golub_chunk002
golub,real,3,31,F001805,GenBank accession X14850 expression,0,3,real_run3_golub_chunk002
golub,real,3,31,F000439,HG3521-HT3715_at expression feature,0,3,real_run3_golub_chunk002
golub,real,3,31,F000975,GenBank accession M74099 expression,0,3,real_run3_golub_chunk002
golub,real,3,31,F001422,GenBank accession U47621 expression,0,3,real_run3_golub_chunk002
golub,real,3,31,F000103,KIAA0025 gene expression,1,3,real_run3_golub_chunk002
golub,real,3,31,F002406,GenBank accession D79206 expression,0,3,real_run3_golub_chunk002
golub,real,3,31,F000474,HG919-HT919_at expression feature,0,3,real_run3_golub_chunk002
golub,real,3,31,F000116,GenBank accession D16532 expression,0,3,real_run3_golub_chunk002
golub,real,3,31,F002240,GenBank accession Z36714 expression,0,3,real_run3_golub_chunk002
golub,real,3,31,F000295,purH gene expression,1,3,real_run3_golub_chunk002
golub,real,3,31,F001558,hMAD-3 gene expression,2,3,real_run3_golub_chunk002
golub,real,3,31,F000909,RPS4Y gene expression,1,3,real_run3_golub_chunk002
golub,real,3,31,F002952,ITGAD gene expression,3,3,real_run3_golub_chunk002
golub,real,3,31,F002231,GenBank accession Z30426 expression,0,3,real_run3_golub_chunk002
golub,real,3,31,F001181,GenBank accession U07802 expression,0,3,real_run3_golub_chunk002
golub,real,3,31,F001652,GenBank accession U81554 expression,0,3,real_run3_golub_chunk002
golub,real,3,31,F001942,GenBank accession X66436 expression,0,3,real_run3_golub_chunk002
golub,real,3,31,F000511,GenBank accession J04543 expression,0,3,real_run3_golub_chunk002
golub,real,3,31,F000674,GenBank accession L36922 expression,0,3,real_run3_golub_chunk002
golub,real,3,31,F002017,DAP-1 gene expression,1,3,real_run3_golub_chunk002
golub,real,3,31,F002007,GenBank accession X75304 expression,0,3,real_run3_golub_chunk002
golub,real,3,31,F002616,LBR gene expression,1,3,real_run3_golub_chunk002
golub,real,3,31,F001302,GenBank accession U28386 expression,0,3,real_run3_golub_chunk002
golub,real,3,31,F001584,LFP40 gene expression,1,3,real_run3_golub_chunk002
golub,real,3,31,F001614,GenBank accession U77718 expression,0,3,real_run3_golub_chunk002
golub,real,3,31,F000275,KIAA0164 gene expression,1,3,real_run3_golub_chunk002
golub,real,3,31,F001391,HOXA9 gene expression,3,3,real_run3_golub_chunk002
golub,real,3,31,F002864,GenBank accession X70944 expression,0,3,real_run3_golub_chunk002
golub,real,3,31,F001730,2A8.2 gene expression,1,3,real_run3_golub_chunk002
golub,real,3,31,F002807,creb-rp gene expression,2,3,real_run3_golub_chunk002
golub,real,3,31,F002998,GenBank accession Y00477 expression,0,3,real_run3_golub_chunk002
golub,real,3,31,F000539,GenBank accession L01664 expression,0,3,real_run3_golub_chunk002
golub,real,3,31,F000184,KIAA0076 gene expression,1,3,real_run3_golub_chunk002
golub,real,3,31,F001268,Unph gene expression,2,3,real_run3_golub_chunk002
golub,real,3,31,F000864,GenBank accession M33521 expression,0,3,real_run3_golub_chunk002
golub,real,3,31,F000805,GenBank accession M22995 expression,0,3,real_run3_golub_chunk002
golub,real,3,31,F001083,pp21 gene expression,1,3,real_run3_golub_chunk002
golub,real,3,31,F000659,PKD1 gene expression,1,3,real_run3_golub_chunk002
golub,real,3,31,F001007,ARP gene expression,1,3,real_run3_golub_chunk002
golub,real,3,31,F000759,CRPP1 gene expression,1,3,real_run3_golub_chunk002
golub,real,3,31,F001780,GenBank accession X07834 expression,0,3,real_run3_golub_chunk002
golub,real,3,31,F001034,G-gamma globin gene expression,2,3,real_run3_golub_chunk002
golub,real,3,31,F002377,tunp gene expression,1,3,real_run3_golub_chunk002
golub,real,3,31,F001782,GenBank accession X12433 expression,0,3,real_run3_golub_chunk002
golub,real,3,31,F000952,glycine decarboxylase gene expression,1,3,real_run3_golub_chunk002
golub,real,3,31,F000602,GenBank accession L16842 expression,0,3,real_run3_golub_chunk002
golub,real,3,31,F003037,GenBank accession X99479 expression,0,3,real_run3_golub_chunk002
golub,real,3,31,F001651,hENT1 gene expression,1,3,real_run3_golub_chunk002
golub,real,3,31,F001449,EZH1 gene expression,2,3,real_run3_golub_chunk002
golub,real,3,31,F000398,HG1862-HT1897_at expression feature,0,3,real_run3_golub_chunk002
golub,real,3,31,F001577,GenBank accession U70671 expression,0,3,real_run3_golub_chunk002
golub,real,3,31,F001024,LGALS2 gene expression,1,3,real_run3_golub_chunk002
golub,real,3,31,F000598,GenBank accession L14837 expression,0,3,real_run3_golub_chunk002
golub,real,3,31,F001904,rod cG-PDE G gene expression,1,3,real_run3_golub_chunk002
golub,real,3,31,F003006,hPMS5 gene expression,1,3,real_run3_golub_chunk002
golub,real,3,31,F000878,GenBank accession M34677 expression,0,3,real_run3_golub_chunk002
golub,real,3,31,F000532,SGLT1 gene expression,1,3,real_run3_golub_chunk002
golub,real,3,31,F002909,DMA gene expression,1,3,real_run3_golub_chunk002
golub,real,3,31,F000543,GenBank accession L04490 expression,0,3,real_run3_golub_chunk002
golub,real,3,31,F002590,GenBank accession M34996 expression,0,3,real_run3_golub_chunk002
golub,real,3,31,F002839,GenBank accession U69140 expression,0,3,real_run3_golub_chunk002
golub,real,3,31,F000374,FUT1 gene expression,1,3,real_run3_golub_chunk002
golub,real,3,31,F000096,KIAA0102 gene expression,1,3,real_run3_golub_chunk002
golub,real,3,31,F000933,NAGA gene expression,1,3,real_run3_golub_chunk002
golub,real,3,31,F001477,GenBank accession U52522 expression,0,3,real_run3_golub_chunk002
golub,real,3,31,F000696,GenBank accession L40392 expression,0,3,real_run3_golub_chunk002
golub,real,3,31,F000622,GenBank accession L20316 expression,0,3,real_run3_golub_chunk002
golub,real,3,31,F000717,GenBank accession L47738 expression,0,3,real_run3_golub_chunk002
golub,real,3,31,F002199,GenBank accession Y12856 expression,0,3,real_run3_golub_chunk002
golub,real,3,31,F001511,NFATc.b gene expression,2,3,real_run3_golub_chunk002
golub,real,3,31,F002265,GenBank accession Z68747 expression,0,3,real_run3_golub_chunk002
golub,real,3,31,F001813,GenBank accession X15822 expression,0,3,real_run3_golub_chunk002
golub,real,3,31,F002179,Nup88 gene expression,1,3,real_run3_golub_chunk002
golub,real,3,31,F000410,HG2320-HT2416_at expression feature,0,3,real_run3_golub_chunk002
golub,real,3,31,F002241,GenBank accession Z36715 expression,0,3,real_run3_golub_chunk002
golub,real,3,31,F001869,GenBank accession X56468 expression,0,3,real_run3_golub_chunk002
golub,real,3,31,F000642,sui1iso1 gene expression,1,3,real_run3_golub_chunk002
golub,real,3,31,F002446,GenBank accession M96954 expression,0,3,real_run3_golub_chunk002
golub,real,3,31,F002504,GenBank accession L07807 expression,0,3,real_run3_golub_chunk002
golub,real,3,31,F001161,FAC1 gene expression,2,3,real_run3_golub_chunk002
golub,real,3,31,F001362,ALDH8 gene expression,1,3,real_run3_golub_chunk002
golub,real,3,31,F002892,AKT2 gene expression,2,3,real_run3_golub_chunk002
golub,real,3,31,F001115,flt gene expression,2,3,real_run3_golub_chunk002
golub,real,3,31,F002664,GenBank accession Y00787 expression,0,3,real_run3_golub_chunk002
golub,real,3,31,F001532,neuroD3 gene expression,1,3,real_run3_golub_chunk002
golub,real,3,31,F001248,GenBank accession U17418 expression,0,3,real_run3_golub_chunk002
golub,real,3,31,F001235,GenBank accession U15177 expression,0,3,real_run3_golub_chunk002
golub,real,3,31,F002972,H4/j gene expression,1,3,real_run3_golub_chunk002
golub,real,3,31,F000956,GenBank accession M64929 expression,0,3,real_run3_golub_chunk002
golub,real,3,31,F001486,HIG-1 gene expression,1,3,real_run3_golub_chunk002
golub,real,3,31,F002475,interferon-gamma receptor alpha chain gene gene expression,1,3,real_run3_golub_chunk002
golub,real,3,31,F002261,GenBank accession Z50853 expression,0,3,real_run3_golub_chunk002
golub,real,3,31,F002576,KRT10 gene expression,1,3,real_run3_golub_chunk002
golub,real,3,31,F001604,GenBank accession U75370 expression,0,3,real_run3_golub_chunk002
golub,real,3,31,F000943,SCYLP gene expression,1,3,real_run3_golub_chunk002
golub,real,3,31,F002982,GenBank accession U03494 expression,0,3,real_run3_golub_chunk002
golub,real,3,31,F002902,HTF10 gene expression,1,3,real_run3_golub_chunk002
golub,real,3,31,F000525,GenBank accession J05272 expression,0,3,real_run3_golub_chunk002
golub,real,3,31,F002398,GenBank accession X15331 expression,0,3,real_run3_golub_chunk002
golub,real,3,31,F001686,NOTCH4 gene expression,2,3,real_run3_golub_chunk002
golub,real,3,31,F001766,MOX2 gene expression,2,3,real_run3_golub_chunk002
golub,real,3,31,F002413,CREM gene expression,2,3,real_run3_golub_chunk002
golub,real,3,31,F002624,atx-t gene expression,1,3,real_run3_golub_chunk002
golub,real,3,31,F002505,HG3076-HT3238_s_at expression feature,0,3,real_run3_golub_chunk002
golub,real,3,31,F002867,GenBank accession X53390 expression,0,3,real_run3_golub_chunk002
golub,real,3,31,F001494,hGCN5 gene expression,2,3,real_run3_golub_chunk002
golub,real,3,31,F000551,VDAC gene expression,1,3,real_run3_golub_chunk002
golub,real,3,31,F002832,GenBank accession U52077 expression,0,3,real_run3_golub_chunk002
golub,real,3,31,F002622,GenBank accession U80226 expression,0,3,real_run3_golub_chunk002
golub,real,3,31,F000274,MEST gene expression,1,3,real_run3_golub_chunk002
golub,real,3,31,F000402,HG2036-HT2090_at expression feature,0,3,real_run3_golub_chunk002
golub,real,3,31,F001346,GenBank accession U35048 expression,0,3,real_run3_golub_chunk002
golub,real,3,31,F002977,LYAM1 gene expression,2,3,real_run3_golub_chunk002
golub,real,3,31,F001916,TFIIE beta gene expression,1,3,real_run3_golub_chunk002
golub,real,3,31,F001800,GenBank accession X14448 expression,0,3,real_run3_golub_chunk002
golub,real,3,31,F002700,PTX3 gene expression,1,3,real_run3_golub_chunk002
golub,real,3,31,F000515,GenBank accession J04615 expression,0,3,real_run3_golub_chunk002
golub,real,3,31,F002846,LYST gene expression,1,3,real_run3_golub_chunk002
golub,real,3,31,F001821,GenBank accession X16560 expression,0,3,real_run3_golub_chunk002
golub,real,3,31,F002959,GenBank accession X17093 expression,0,3,real_run3_golub_chunk002
golub,real,3,31,F000973,GenBank accession M74002 expression,0,3,real_run3_golub_chunk002
golub,real,3,31,F002225,GenBank accession Z29090 expression,0,3,real_run3_golub_chunk002
golub,real,3,31,F002648,pks/a-raf gene expression,2,3,real_run3_golub_chunk002
golub,real,3,31,F001446,GenBank accession U49857 expression,0,3,real_run3_golub_chunk002
golub,real,3,31,F002320,SNRPC gene expression,1,3,real_run3_golub_chunk002
golub,real,3,31,F002091,GenBank accession X87237 expression,0,3,real_run3_golub_chunk002
golub,real,3,31,F001605,SLBP gene expression,1,3,real_run3_golub_chunk002
golub,real,3,31,F000655,SLC16A1 gene expression,1,3,real_run3_golub_chunk002
golub,real,3,31,F000996,procarboxypeptidase B gene expression,1,3,real_run3_golub_chunk002
golub,real,3,31,F001819,GenBank accession X16396 expression,0,3,real_run3_golub_chunk002
golub,real,3,31,F001112,GenBank accession S77356 expression,0,3,real_run3_golub_chunk002
golub,real,3,31,F002386,TOP2 gene expression,2,3,real_run3_golub_chunk002
golub,real,3,31,F001414,AQP5 gene expression,1,3,real_run3_golub_chunk002
golub,real,3,31,F000446,HG3934-HT4204_at expression feature,0,3,real_run3_golub_chunk002
golub,real,3,31,F000419,HG2788-HT2896_at expression feature,0,3,real_run3_golub_chunk002
golub,real,3,31,F000693,TRIP7 gene expression,1,3,real_run3_golub_chunk002
golub,real,3,31,F000385,GenBank accession D90086 expression,0,3,real_run3_golub_chunk002
golub,real,3,31,F000755,F13A1 gene expression,2,3,real_run3_golub_chunk002
golub,real,3,31,F001279,GenBank accession U22963 expression,0,3,real_run3_golub_chunk002
golub,real,3,31,F002805,SRp40 gene expression,1,3,real_run3_golub_chunk002
golub,real,3,31,F002200,SAK gene expression,1,3,real_run3_golub_chunk002
golub,real,3,31,F000858,ICAM2 gene expression,3,3,real_run3_golub_chunk002
golub,real,3,31,F000025,GenBank accession AB000468 expression,0,3,real_run3_golub_chunk002
golub,real,3,31,F000740,GenBank accession M12174 expression,0,3,real_run3_golub_chunk002
golub,real,3,31,F001535,GenBank accession U64998 expression,0,3,real_run3_golub_chunk002
golub,real,3,31,F000825,GenBank accession M26880 expression,0,3,real_run3_golub_chunk002
golub,real,3,31,F002005,HEK2 gene expression,1,3,real_run3_golub_chunk002
golub,real,3,31,F003036,NKAT-2 gene expression,2,3,real_run3_golub_chunk002
golub,real,3,31,F000130,KIAA0027 gene expression,1,3,real_run3_golub_chunk002
golub,real,3,31,F002657,GenBank accession M36429 expression,0,3,real_run3_golub_chunk002
golub,real,3,31,F002599,hMEF2C gene expression,3,3,real_run3_golub_chunk002
golub,real,3,31,F000397,HG1804-HT1829_at expression feature,0,3,real_run3_golub_chunk002
golub,real,3,31,F002865,GenBank accession X53296 expression,0,3,real_run3_golub_chunk002
golub,real,3,31,F000284,KIAA0182 gene expression,1,3,real_run3_golub_chunk002
golub,real,3,31,F000268,GenBank accession D78129 expression,0,3,real_run3_golub_chunk002
golub,real,3,31,F000760,GUSB gene expression,1,3,real_run3_golub_chunk002
golub,real,3,31,F002726,TAC2R gene expression,1,3,real_run3_golub_chunk002
golub,real,3,31,F002233,GenBank accession Z32765 expression,0,3,real_run3_golub_chunk002
golub,real,3,31,F001628,GenBank accession U79252 expression,0,3,real_run3_golub_chunk002
golub,real,3,31,F002310,AF-4 gene expression,3,3,real_run3_golub_chunk002
golub,real,3,31,F003029,GLUDP5 gene expression,1,3,real_run3_golub_chunk002
golub,real,3,31,F001515,GenBank accession U60325 expression,0,3,real_run3_golub_chunk002
golub,real,3,31,F001564,GenBank accession U68566 expression,0,3,real_run3_golub_chunk002
golub,real,3,31,F000610,MAC30 gene expression,1,3,real_run3_golub_chunk002
golub,real,3,31,F000214,CG22 gene expression,1,3,real_run3_golub_chunk002
golub,real,3,31,F002021,GenBank accession X76717 expression,0,3,real_run3_golub_chunk002
golub,real,3,31,F000230,KIAA0126 gene expression,1,3,real_run3_golub_chunk002
golub,real,3,31,F000368,KIAA0274 gene expression,1,3,real_run3_golub_chunk002
golub,real,3,31,F002911,HSPDE4C1 gene expression,1,3,real_run3_golub_chunk002
golub,real,3,31,F000057,GenBank accession AJ001421 expression,0,3,real_run3_golub_chunk002
golub,real,3,31,F001792,GenBank accession X13546 expression,0,3,real_run3_golub_chunk002
golub,real,3,31,F000269,GenBank accession D78134 expression,0,3,real_run3_golub_chunk002
golub,real,3,31,F002060,PPP1R11 gene expression,1,3,real_run3_golub_chunk002
golub,real,3,31,F002895,GenBank accession M21305 expression,0,3,real_run3_golub_chunk002
golub,real,3,31,F002330,set gene expression,2,3,real_run3_golub_chunk002
golub,real,3,31,F000993,CHED gene expression,1,3,real_run3_golub_chunk002
golub,real,3,31,F000917,GenBank accession M59911 expression,0,3,real_run3_golub_chunk002
golub,real,3,31,F001683,ABCR gene expression,1,3,real_run3_golub_chunk002
golub,real,3,31,F001892,H4/g gene expression,1,3,real_run3_golub_chunk002
golub,real,3,31,F001304,ZNF157 gene expression,1,3,real_run3_golub_chunk002
golub,real,3,31,F002361,MDC gene expression,1,3,real_run3_golub_chunk002
golub,real,3,31,F001011,GenBank accession M85169 expression,0,3,real_run3_golub_chunk002
golub,real,3,31,F001018,SSRP1 gene expression,1,3,real_run3_golub_chunk002
golub,real,3,31,F002209,GenBank accession Z15108 expression,0,3,real_run3_golub_chunk002
golub,real,3,31,F002513,HG3417-HT3600_s_at expression feature,0,3,real_run3_golub_chunk002
golub,real,3,31,F001150,HSN gene expression,1,3,real_run3_golub_chunk002
golub,real,3,31,F002757,DAT1 gene expression,1,3,real_run3_golub_chunk002
golub,real,3,31,F000132,GenBank accession D25248 expression,0,3,real_run3_golub_chunk002
golub,real,3,31,F001313,GenBank accession U29700 expression,0,3,real_run3_golub_chunk002
golub,real,3,31,F002136,AP17 gene expression,1,3,real_run3_golub_chunk002
golub,real,3,31,F001240,GenBank accession U16031 expression,0,3,real_run3_golub_chunk002
golub,real,3,31,F001365,dlg3 gene expression,1,3,real_run3_golub_chunk002
golub,real,3,31,F002601,GenBank accession X70940 expression,0,3,real_run3_golub_chunk002
golub,real,3,31,F001376,ILK gene expression,2,3,real_run3_golub_chunk002
golub,real,3,31,F000179,PTGIS gene expression,1,3,real_run3_golub_chunk002
golub,real,3,31,F000649,GenBank accession L28175 expression,0,3,real_run3_golub_chunk002
golub,real,3,31,F000978,SEF2-1B gene expression,1,3,real_run3_golub_chunk002
golub,real,3,31,F002522,HG3730-HT4000_s_at expression feature,0,3,real_run3_golub_chunk002
golub,real,3,31,F000195,KIAA0094 gene expression,1,3,real_run3_golub_chunk002
golub,real,3,31,F002654,GenBank accession X04602 expression,0,3,real_run3_golub_chunk002
golub,real,3,31,F001165,GenBank accession U05875 expression,0,3,real_run3_golub_chunk002
golub,real,3,31,F001125,putative Rab5-interacting protein gene expression,1,3,real_run3_golub_chunk002
golub,real,3,31,F001781,GenBank accession X07979 expression,0,3,real_run3_golub_chunk002
golub,real,3,31,F002213,GenBank accession Z21507 expression,0,3,real_run3_golub_chunk002
golub,real,3,31,F002675,UQBP gene expression,1,3,real_run3_golub_chunk002
golub,real,3,31,F001841,GenBank accession X52479 expression,0,3,real_run3_golub_chunk002
golub,real,3,31,F000312,GenBank accession D84239 expression,0,3,real_run3_golub_chunk002
golub,real,3,31,F001105,IK gene expression,1,3,real_run3_golub_chunk002
golub,real,3,31,F000303,GenBank accession D83735 expression,0,3,real_run3_golub_chunk002
golub,real,3,31,F000605,CDC8 gene expression,1,3,real_run3_golub_chunk002
golub,real,3,31,F002804,GenBank accession Z50115 expression,0,3,real_run3_golub_chunk002
golub,real,3,31,F002908,DMA gene expression,1,3,real_run3_golub_chunk002
golub,real,3,31,F000238,PABL gene expression,1,3,real_run3_golub_chunk002
golub,real,3,31,F000197,KIAA0118 gene expression,1,3,real_run3_golub_chunk002
golub,real,3,31,F001178,GenBank accession U07664 expression,0,3,real_run3_golub_chunk002
golub,real,3,31,F000624,GenBank accession L20941 expression,0,3,real_run3_golub_chunk002
golub,real,3,31,F001803,GenBank accession X14789 expression,0,3,real_run3_golub_chunk002
golub,real,3,31,F000907,GenBank accession M58285 expression,0,3,real_run3_golub_chunk002
golub,real,3,31,F001999,TKT gene expression,1,3,real_run3_golub_chunk002
golub,real,3,31,F000309,KIAA0200 gene expression,1,3,real_run3_golub_chunk002
golub,real,3,31,F000180,GenBank accession D38305 expression,0,3,real_run3_golub_chunk002
golub,real,3,31,F000259,KIAA0159 gene expression,1,3,real_run3_golub_chunk002
golub,real,3,31,F002844,GenBank accession X56687 expression,0,3,real_run3_golub_chunk002
golub,real,3,31,F000653,APRF gene expression,2,3,real_run3_golub_chunk002
golub,real,3,31,F000647,CDA gene expression,3,3,real_run3_golub_chunk002
golub,real,3,31,F000689,B5 gene expression,1,3,real_run3_golub_chunk002
golub,real,3,31,F002113,hBD-1 gene expression,1,3,real_run3_golub_chunk002
golub,real,3,31,F002532,GLUD1 gene expression,1,3,real_run3_golub_chunk002
golub,real,3,31,F001775,GenBank accession X07109 expression,0,3,real_run3_golub_chunk002
golub,real,3,31,F000976,ADP-ribosylation factor 3 gene expression,1,3,real_run3_golub_chunk002
golub,real,3,31,F000762,GenBank accession M15661 expression,0,3,real_run3_golub_chunk002
golub,real,3,31,F002009,GenBank accession X75342 expression,0,3,real_run3_golub_chunk002
golub,real,3,31,F001594,LUCA-1 gene expression,1,3,real_run3_golub_chunk002
golub,real,3,31,F000974,TB1 gene expression,1,3,real_run3_golub_chunk002
golub,real,3,31,F001492,prk gene expression,1,3,real_run3_golub_chunk002
golub,real,3,31,F001082,GenBank accession M99063 expression,0,3,real_run3_golub_chunk002
golub,real,3,31,F001897,GenBank accession X60992 expression,0,3,real_run3_golub_chunk002
golub,real,3,31,F002221,GenBank accession Z25535 expression,0,3,real_run3_golub_chunk002
golub,real,3,31,F000676,FKBP38 gene expression,1,3,real_run3_golub_chunk002
golub,real,3,31,F002543,HG651-HT5209_s_at expression feature,0,3,real_run3_golub_chunk002
golub,real,3,31,F002779,Hs-TBX2 gene expression,2,3,real_run3_golub_chunk002
golub,real,3,31,F000720,FRG1 gene expression,1,3,real_run3_golub_chunk002
golub,real,3,31,F001309,NPTX2 gene expression,1,3,real_run3_golub_chunk002
golub,real,3,31,F002171,GenBank accession Y00796 expression,0,3,real_run3_golub_chunk002
golub,real,3,31,F001434,MLCK gene expression,1,3,real_run3_golub_chunk002
golub,real,3,31,F001727,A-362G6.1 gene expression,1,3,real_run3_golub_chunk002
golub,real,3,31,F002701,PCCB gene expression,1,3,real_run3_golub_chunk002
golub,real,3,31,F001317,SRp30c gene expression,1,3,real_run3_golub_chunk002
golub,real,3,31,F001342,GenBank accession U34605 expression,0,3,real_run3_golub_chunk002
golub,real,3,31,F002667,GenBank accession Y00414 expression,0,3,real_run3_golub_chunk002
golub,real,3,31,F001510,GenBank accession U59423 expression,0,3,real_run3_golub_chunk002
golub,real,3,31,F000138,KIAA0041 gene expression,1,3,real_run3_golub_chunk002
golub,real,3,31,F001203,GenBank accession U10324 expression,0,3,real_run3_golub_chunk002
golub,real,3,31,F000855,GenBank accession M32053 expression,0,3,real_run3_golub_chunk002
golub,real,3,31,F002206,RING1 gene expression,1,3,real_run3_golub_chunk002
golub,real,3,31,F002040,XAP-4 gene expression,1,3,real_run3_golub_chunk002
golub,real,3,31,F000592,UBE1L gene expression,2,3,real_run3_golub_chunk002
golub,real,3,31,F001233,MGAT2 gene expression,1,3,real_run3_golub_chunk002
golub,real,3,31,F001127,"protein phosphatase 2C alpha, PP2Calpha gene expression",1,3,real_run3_golub_chunk002
golub,real,3,31,F000334,KIAA0223 gene expression,1,3,real_run3_golub_chunk002
golub,real,3,31,F002114,G4.5 gene expression,1,3,real_run3_golub_chunk002
golub,real,3,31,F001118,"neurofilament-66, NF-66 gene expression",1,3,real_run3_golub_chunk002
golub,real,3,31,F002719,AMELY gene expression,1,3,real_run3_golub_chunk002
golub,real,3,31,F001258,GenBank accession U19796 expression,0,3,real_run3_golub_chunk002
golub,real,3,31,F001726,A-362G6.1 gene expression,1,3,real_run3_golub_chunk002
golub,real,3,31,F000531,PNP gene expression,1,3,real_run3_golub_chunk002
golub,real,3,31,F002447,HRMT1L2 gene expression,1,3,real_run3_golub_chunk002
golub,real,3,31,F001653,GenBank accession U81556 expression,0,3,real_run3_golub_chunk002
golub,real,3,31,F000620,HCF1 gene expression,1,3,real_run3_golub_chunk002
golub,real,3,31,F001001,ANX4 gene expression,2,3,real_run3_golub_chunk002
golub,real,3,31,F000627,SDH gene expression,1,3,real_run3_golub_chunk002
golub,real,3,31,F002337,GenBank accession U07139 expression,0,3,real_run3_golub_chunk002
golub,real,3,31,F001219,HHCMA56 gene expression,1,3,real_run3_golub_chunk002
golub,real,3,31,F002303,GenBank accession L04282 expression,0,3,real_run3_golub_chunk002
golub,real,3,31,F002858,NTN2l gene expression,1,3,real_run3_golub_chunk002
golub,real,3,31,F002989,GenBank accession X07730 expression,0,3,real_run3_golub_chunk002
golub,real,3,31,F000753,DBI gene expression,1,3,real_run3_golub_chunk002
golub,real,3,31,F002298,HG3543-HT3739_at expression feature,0,3,real_run3_golub_chunk002
golub,real,3,31,F001315,PGDH gene expression,1,3,real_run3_golub_chunk002
golub,real,3,31,F000396,HG1649-HT1652_at expression feature,0,3,real_run3_golub_chunk002
golub,real,3,31,F001913,UGT2 BIO gene expression,1,3,real_run3_golub_chunk002
golub,real,3,31,F000796,GenBank accession M22538 expression,0,3,real_run3_golub_chunk002
golub,real,3,31,F000392,HG1153-HT1153_at expression feature,0,3,real_run3_golub_chunk002
golub,real,3,31,F000818,GenBank accession M25077 expression,0,3,real_run3_golub_chunk002
golub,real,3,31,F000803,GenBank accession M22960 expression,0,3,real_run3_golub_chunk002
golub,real,3,31,F001108,P43 gene expression,1,3,real_run3_golub_chunk002
golub,real,3,31,F000771,ALPP gene expression,1,3,real_run3_golub_chunk002
golub,real,3,31,F002996,GenBank accession X80878 expression,0,3,real_run3_golub_chunk002
golub,real,3,31,F002744,Pmel 17 gene expression,1,3,real_run3_golub_chunk002
golub,real,3,31,F000546,GenBank accession L05148 expression,0,3,real_run3_golub_chunk002
golub,real,3,31,F001516,GenBank accession U60644 expression,0,3,real_run3_golub_chunk002
golub,real,3,31,F000408,HG2279-HT2375_at expression feature,0,3,real_run3_golub_chunk002
golub,real,3,31,F001086,HKR-T1 gene expression,1,3,real_run3_golub_chunk002
golub,real,3,31,F000845,GenBank accession M30894 expression,0,3,real_run3_golub_chunk002
golub,real,3,31,F001717,NCC27 gene expression,1,3,real_run3_golub_chunk002
golub,real,3,31,F001360,GenBank accession U37408 expression,0,3,real_run3_golub_chunk002
golub,real,3,31,F002202,BCL9 gene expression,2,3,real_run3_golub_chunk002
golub,real,3,31,F001885,GenBank accession X59834 expression,0,3,real_run3_golub_chunk002
golub,real,3,31,F002731,AHCY gene expression,1,3,real_run3_golub_chunk002
golub,real,3,31,F001032,GCS gene expression,1,3,real_run3_golub_chunk002
golub,real,3,31,F002230,GenBank accession Z30425 expression,0,3,real_run3_golub_chunk002
golub,real,3,31,F002872,GenBank accession X74874 expression,0,3,real_run3_golub_chunk002
golub,real,3,31,F002586,GenBank accession X03689 expression,0,3,real_run3_golub_chunk002
golub,real,3,31,F001865,GenBank accession X55740 expression,0,3,real_run3_golub_chunk002
golub,real,3,31,F002148,GenBank accession X98507 expression,0,3,real_run3_golub_chunk002
golub,real,3,31,F000820,LNHR gene expression,1,3,real_run3_golub_chunk002
golub,real,3,31,F000568,GenBank accession L09604 expression,0,3,real_run3_golub_chunk002
golub,real,3,31,F001042,CCND3 gene expression,3,3,real_run3_golub_chunk002
golub,real,3,31,F001442,eIF5 gene expression,1,3,real_run3_golub_chunk002
golub,real,3,31,F002904,IGHM gene expression,3,3,real_run3_golub_chunk002
golub,real,3,31,F001914,irlB gene expression,1,3,real_run3_golub_chunk002
golub,real,3,31,F001513,GenBank accession U60115 expression,0,3,real_run3_golub_chunk002
golub,real,3,31,F002244,GenBank accession Z46973 expression,0,3,real_run3_golub_chunk002
golub,real,3,31,F003043,GenBank accession D64015 expression,0,3,real_run3_golub_chunk002
golub,real,3,31,F002558,GenBank accession J02683 expression,0,3,real_run3_golub_chunk002
golub,real,3,31,F002703,BCL3 gene expression,2,3,real_run3_golub_chunk002
golub,real,3,31,F002212,GenBank accession Z21488 expression,0,3,real_run3_golub_chunk002
golub,real,3,31,F001739,GenBank accession X01630 expression,0,3,real_run3_golub_chunk002
golub,real,3,31,F002157,GenBank accession X99459 expression,0,3,real_run3_golub_chunk002
golub,real,3,31,F000422,HG2855-HT2995_at expression feature,0,3,real_run3_golub_chunk002
golub,real,3,31,F001934,Spi-B gene expression,3,3,real_run3_golub_chunk002
golub,real,3,31,F001367,GenBank accession U38268 expression,0,3,real_run3_golub_chunk002
golub,real,3,31,F001482,EVPL gene expression,1,3,real_run3_golub_chunk002
golub,real,3,31,F000346,GenBank accession D87116 expression,0,3,real_run3_golub_chunk002
golub,real,3,31,F001762,GenBank accession X04500 expression,0,3,real_run3_golub_chunk002
golub,real,3,31,F000175,OTK4 gene expression,1,3,real_run3_golub_chunk002
golub,real,3,31,F000002,GenBank accession M97935 expression,0,3,real_run3_golub_chunk002
golub,real,3,31,F001490,Myt1 gene expression,1,3,real_run3_golub_chunk002
golub,real,3,31,F002660,H4F2 gene expression,1,3,real_run3_golub_chunk002
golub,real,3,31,F000599,GenBank accession L15409 expression,0,3,real_run3_golub_chunk002
golub,real,3,31,F000957,GenBank accession M64934 expression,0,3,real_run3_golub_chunk002
golub,real,3,31,F002525,HG3925-HT4195_s_at expression feature,0,3,real_run3_golub_chunk002
golub,real,3,31,F000114,GenBank accession D16294 expression,0,3,real_run3_golub_chunk002
golub,real,3,31,F002254,GenBank accession Z49194 expression,0,3,real_run3_golub_chunk002
golub,real,3,31,F001812,GenBank accession X15573 expression,0,3,real_run3_golub_chunk002
golub,real,3,31,F000635,p23 gene expression,1,3,real_run3_golub_chunk002
golub,real,3,31,F001423,beta-3 gene expression,1,3,real_run3_golub_chunk002
golub,real,3,31,F001350,GenBank accession U36764 expression,0,3,real_run3_golub_chunk002
golub,real,3,31,F002069,SPHAR gene expression,1,3,real_run3_golub_chunk002
golub,real,3,31,F002394,EL III gene expression,1,3,real_run3_golub_chunk002
golub,real,3,31,F001905,PTP1C gene expression,2,3,real_run3_golub_chunk002
golub,real,3,31,F001194,3pK gene expression,1,3,real_run3_golub_chunk002
golub,real,3,31,F000901,human protein Z gene expression,1,3,real_run3_golub_chunk002
golub,real,3,31,F000401,HG1879-HT1919_at expression feature,0,3,real_run3_golub_chunk002
golub,real,3,31,F002885,OTF3 gene expression,2,3,real_run3_golub_chunk002
golub,real,3,31,F001307,hSBP gene expression,1,3,real_run3_golub_chunk002
golub,real,3,31,F000702,TRADD gene expression,1,3,real_run3_golub_chunk002
golub,real,3,31,F002239,GenBank accession Z35491 expression,0,3,real_run3_golub_chunk002
golub,real,3,31,F002772,GenBank accession U33052 expression,0,3,real_run3_golub_chunk002
golub,real,3,31,F001143,NET1 gene expression,1,3,real_run3_golub_chunk002
golub,real,3,31,F000935,ETR101 gene expression,1,3,real_run3_golub_chunk002
golub,real,3,31,F002656,CD18 gene expression,3,3,real_run3_golub_chunk002
golub,real,3,31,F003027,GenBank accession X13930 expression,0,3,real_run3_golub_chunk002
golub,real,3,31,F000323,GenBank accession D86479 expression,0,3,real_run3_golub_chunk002
golub,real,3,31,F002476,HG1763-HT1780_s_at expression feature,0,3,real_run3_golub_chunk002
golub,real,3,31,F002748,ATP1B2 gene expression,1,3,real_run3_golub_chunk002
golub,real,3,31,F002965,AE gene expression,1,3,real_run3_golub_chunk002
golub,real,3,31,F000799,GenBank accession M22760 expression,0,3,real_run3_golub_chunk002
golub,real,3,31,F000371,KIAA0279 gene expression,1,3,real_run3_golub_chunk002
golub,real,3,31,F000246,KIAA0142 gene expression,1,3,real_run3_golub_chunk002
golub,real,3,31,F000125,KIAA0120 gene expression,1,3,real_run3_golub_chunk002
golub,real,3,31,F000391,HG1112-HT1112_at expression feature,0,3,real_run3_golub_chunk002
golub,real,3,31,F002901,HG4557-HT4962_r_at expression feature,0,3,real_run3_golub_chunk002
golub,real,3,31,F002792,rtvp-1 gene expression,1,3,real_run3_golub_chunk002
golub,real,3,31,F002427,ZNF33B gene expression,1,3,real_run3_golub_chunk002
golub,real,3,31,F001857,NKG2-D gene gene expression,2,3,real_run3_golub_chunk002
golub,real,3,31,F002717,ATP1A3 gene expression,1,3,real_run3_golub_chunk002
golub,real,3,31,F000035,WUGSC:H_RG083M05.1 gene expression,1,3,real_run3_golub_chunk002
golub,real,3,31,F000736,OXT gene expression,1,3,real_run3_golub_chunk002
golub,real,3,31,F001163,GenBank accession U05340 expression,0,3,real_run3_golub_chunk002
golub,real,3,31,F001012,dopamine D1A receptor gene expression,1,3,real_run3_golub_chunk002
golub,real,3,31,F002502,ELN gene expression,1,3,real_run3_golub_chunk002
golub,real,3,31,F000523,SPTAN1 gene expression,1,3,real_run3_golub_chunk002
golub,real,3,31,F001048,GenBank accession M93056 expression,0,3,real_run3_golub_chunk002
golub,real,3,31,F001404,GenBank accession U43899 expression,0,3,real_run3_golub_chunk002
golub,real,3,31,F001124,BB1 gene expression,1,3,real_run3_golub_chunk002
golub,real,3,31,F001223,GenBank accession U13737 expression,0,3,real_run3_golub_chunk002
golub,real,3,31,F002489,c-myb gene expression,3,3,real_run3_golub_chunk002
golub,real,3,31,F003045,PLGL gene expression,1,3,real_run3_golub_chunk002
golub,real,3,31,F002820,ZNF127-Xp gene expression,1,3,real_run3_golub_chunk002
golub,real,3,31,F000947,CD27 gene expression,3,3,real_run3_golub_chunk002
golub,real,3,31,F000090,GenBank accession D13748 expression,0,3,real_run3_golub_chunk002
golub,real,3,31,F000994,thromboxane synthase gene expression,1,3,real_run3_golub_chunk002
golub,real,3,31,F001495,MLF2 gene expression,2,3,real_run3_golub_chunk002
golub,real,3,31,F001396,Gaq gene expression,1,3,real_run3_golub_chunk002
golub,real,3,31,F000578,GenBank accession L11370 expression,0,3,real_run3_golub_chunk002
golub,real,3,31,F002249,XG gene expression,1,3,real_run3_golub_chunk002
golub,real,3,31,F001421,GenBank accession U47414 expression,0,3,real_run3_golub_chunk002
golub,real,3,31,F001736,GenBank accession X00274 expression,0,3,real_run3_golub_chunk002
golub,real,3,31,F000006,GenBank accession M10098 expression,0,3,real_run3_golub_chunk002
golub,real,3,31,F000318,HSPF1 gene expression,1,3,real_run3_golub_chunk002
golub,real,3,31,F002887,LST1 gene expression,2,3,real_run3_golub_chunk002
golub,real,3,31,F001581,GenBank accession U71088 expression,0,3,real_run3_golub_chunk002
golub,real,3,31,F000552,P5-1 gene expression,1,3,real_run3_golub_chunk002
golub,real,3,31,F000673,GenBank accession L36818 expression,0,3,real_run3_golub_chunk002
golub,real,3,31,F002180,CRM1 gene expression,1,3,real_run3_golub_chunk002
golub,real,3,31,F002059,nov H gene expression,1,3,real_run3_golub_chunk002
golub,real,3,31,F002924,KIAA0119 gene expression,1,3,real_run3_golub_chunk002
golub,real,3,31,F000939,GenBank accession M63175 expression,0,3,real_run3_golub_chunk002
golub,real,3,31,F001353,GenBank accession U37012 expression,0,3,real_run3_golub_chunk002
golub,real,3,31,F000923,GenBank accession M60721 expression,0,3,real_run3_golub_chunk002
golub,real,3,31,F000806,HK1 gene expression,1,3,real_run3_golub_chunk002
golub,real,3,31,F001796,GenBank accession X13967 expression,0,3,real_run3_golub_chunk002
golub,real,3,31,F001923,GenBank accession X64044 expression,0,3,real_run3_golub_chunk002
golub,real,3,31,F000608,GenBank accession L19067 expression,0,3,real_run3_golub_chunk002
golub,real,3,31,F002884,VASP gene expression,1,3,real_run3_golub_chunk002
golub,real,3,31,F000253,FM1 gene expression,1,3,real_run3_golub_chunk002
golub,real,3,31,F002469,HG1471-HT3923_s_at expression feature,0,3,real_run3_golub_chunk002
golub,real,3,31,F001732,GenBank accession U97105 expression,0,3,real_run3_golub_chunk002
golub,real,3,31,F000070,80K-L gene expression,1,3,real_run3_golub_chunk002
golub,real,3,31,F002888,h-SmLIM gene expression,1,3,real_run3_golub_chunk002
golub,real,3,31,F002186,sgk gene expression,2,3,real_run3_golub_chunk002
golub,real,3,31,F001277,GenBank accession U22526 expression,0,3,real_run3_golub_chunk002
golub,real,3,31,F002349,GenBank accession U34587 expression,0,3,real_run3_golub_chunk002
golub,real,3,31,F001519,EZH2 gene expression,2,3,real_run3_golub_chunk002
golub,real,3,31,F002481,GenBank accession Z26248 expression,0,3,real_run3_golub_chunk002
golub,real,3,31,F002775,h-lamp-2 gene expression,1,3,real_run3_golub_chunk002
golub,real,3,31,F001168,GenBank accession U06681 expression,0,3,real_run3_golub_chunk002
golub,real,3,31,F002990,GenBank accession X12953 expression,0,3,real_run3_golub_chunk002
golub,real,3,31,F001592,GenBank accession U72661 expression,0,3,real_run3_golub_chunk002
golub,real,3,31,F001454,GenBank accession U50743 expression,0,3,real_run3_golub_chunk002
golub,real,3,31,F001505,GenBank accession U58766 expression,0,3,real_run3_golub_chunk002
golub,real,3,31,F001964,GenBank accession X69398 expression,0,3,real_run3_golub_chunk002
golub,real,3,31,F001844,GenBank accession X52773 expression,0,3,real_run3_golub_chunk002
golub,real,3,31,F001158,GenBank accession U03891 expression,0,3,real_run3_golub_chunk002
golub,real,3,31,F002746,DNA polymerase delta catalytic subunit gene expression,1,3,real_run3_golub_chunk002
golub,real,3,31,F000703,RB1 gene expression,2,3,real_run3_golub_chunk002
golub,real,3,31,F002474,HG1751-HT1768_at expression feature,0,3,real_run3_golub_chunk002
golub,real,3,31,F001571,TRN gene expression,1,3,real_run3_golub_chunk002
golub,real,3,31,F001123,IEX-1 gene expression,2,3,real_run3_golub_chunk002
golub,real,3,31,F000481,GenBank accession J02923 expression,0,3,real_run3_golub_chunk002
golub,real,3,31,F001977,GenBank accession X70297 expression,0,3,real_run3_golub_chunk002
golub,real,3,31,F000459,HG4263-HT4533_at expression feature,0,3,real_run3_golub_chunk002
golub,real,3,31,F002439,obese gene expression,1,3,real_run3_golub_chunk002
golub,real,3,31,F001225,GTF2A2 gene expression,1,3,real_run3_golub_chunk002
golub,real,3,31,F000270,GenBank accession D78275 expression,0,3,real_run3_golub_chunk002
golub,real,3,31,F000790,GenBank accession M21984 expression,0,3,real_run3_golub_chunk002
golub,real,3,31,F000904,epsilon-BP gene expression,1,3,real_run3_golub_chunk002
golub,real,3,31,F001613,GenBank accession U77456 expression,0,3,real_run3_golub_chunk002
golub,real,3,31,F002879,GenBank accession X97267 expression,0,3,real_run3_golub_chunk002
golub,real,3,31,F002799,GenBank accession U25034 expression,0,3,real_run3_golub_chunk002
golub,real,3,31,F000297,GenBank accession D83032 expression,0,3,real_run3_golub_chunk002
golub,real,3,31,F000216,GenBank accession D49818 expression,0,3,real_run3_golub_chunk002
golub,real,3,31,F000884,ARF4 gene expression,1,3,real_run3_golub_chunk002
golub,real,3,31,F000294,GenBank accession D82345 expression,0,3,real_run3_golub_chunk002
golub,real,3,31,F000347,GenBank accession D87119 expression,0,3,real_run3_golub_chunk002
golub,real,3,31,F000146,GenBank accession D28364 expression,0,3,real_run3_golub_chunk002
golub,real,3,31,F002767,GenBank accession X51362 expression,0,3,real_run3_golub_chunk002
golub,real,3,31,F001998,GenBank accession X74570 expression,0,3,real_run3_golub_chunk002
golub,real,3,31,F000995,AHNAK gene expression,1,3,real_run3_golub_chunk002
golub,real,3,31,F000465,HG4660-HT5073_at expression feature,0,3,real_run3_golub_chunk002
golub,real,3,31,F002765,HMFG gene expression,1,3,real_run3_golub_chunk002
golub,real,3,31,F001176,GenBank accession U07550 expression,0,3,real_run3_golub_chunk002
golub,real,3,31,F000369,KIAA0275 gene expression,1,3,real_run3_golub_chunk002
golub,real,3,31,F000065,GenBank accession D00762 expression,0,3,real_run3_golub_chunk002
golub,real,3,31,F001881,mu enhancer gene expression,2,3,real_run3_golub_chunk002
golub,real,3,31,F000903,GLI3 gene expression,2,3,real_run3_golub_chunk002
golub,real,3,31,F002930,HG4593-HT4998_at expression feature,0,3,real_run3_golub_chunk002
golub,real,3,31,F002976,GenBank accession L37112 expression,0,3,real_run3_golub_chunk002
golub,real,3,31,F002023,p40phox gene expression,2,3,real_run3_golub_chunk002
golub,real,3,31,F000313,GenBank accession D84276 expression,0,3,real_run3_golub_chunk002
golub,real,3,31,F000657,MLK-3 gene expression,2,3,real_run3_golub_chunk002
golub,real,3,31,F002927,HG1980-HT2023_at expression feature,0,3,real_run3_golub_chunk002
golub,real,3,31,F000506,GenBank accession J04164 expression,0,3,real_run3_golub_chunk002
golub,real,3,31,F002026,GenBank accession X77737 expression,0,3,real_run3_golub_chunk002
golub,real,3,31,F002960,ECRP gene expression,1,3,real_run3_golub_chunk002
golub,real,3,31,F001719,GenBank accession U94319 expression,0,3,real_run3_golub_chunk002
golub,real,3,31,F000456,HG4167-HT4437_at expression feature,0,3,real_run3_golub_chunk002
golub,real,3,31,F001222,Hel-N1 gene expression,1,3,real_run3_golub_chunk002
golub,real,3,31,F002207,cox VIIb gene expression,1,3,real_run3_golub_chunk002
golub,real,3,31,F000692,GenBank accession L40027 expression,0,3,real_run3_golub_chunk002
golub,real,3,31,F001539,GenBank accession U65581 expression,0,3,real_run3_golub_chunk002
golub,real,3,31,F002158,SMT3A gene expression,1,3,real_run3_golub_chunk002
golub,real,3,31,F001579,GenBank accession U70735 expression,0,3,real_run3_golub_chunk002
golub,real,3,31,F001525,GenBank accession U62317 expression,0,3,real_run3_golub_chunk002
golub,real,3,31,F001842,GenBank accession X52541 expression,0,3,real_run3_golub_chunk002
golub,real,3,31,F001611,LITAF gene expression,1,3,real_run3_golub_chunk002
golub,real,3,31,F002497,HG2815-HT2931_at expression feature,0,3,real_run3_golub_chunk002
golub,real,3,31,F002237,PEBP2aC1 gene expression,2,3,real_run3_golub_chunk002
golub,real,3,31,F001856,GenBank accession X54326 expression,0,3,real_run3_golub_chunk002
golub,real,3,31,F000894,PPBP gene expression,2,3,real_run3_golub_chunk002
golub,real,3,31,F002081,DARC gene expression,2,3,real_run3_golub_chunk002
golub,real,3,31,F001330,GenBank accession U32519 expression,0,3,real_run3_golub_chunk002
golub,real,3,31,F002280,GenBank accession D10040 expression,0,3,real_run3_golub_chunk002
golub,real,3,31,F002352,HKSP gene expression,1,3,real_run3_golub_chunk002
golub,real,3,31,F001470,GenBank accession U51990 expression,0,3,real_run3_golub_chunk002
golub,real,3,31,F000920,GenBank accession M60278 expression,0,3,real_run3_golub_chunk002
golub,real,3,31,F001811,GenBank accession X15414 expression,0,3,real_run3_golub_chunk002
golub,real,3,31,F002403,LC-PTP gene expression,2,3,real_run3_golub_chunk002
golub,real,3,31,F002770,AP-4 gene expression,1,3,real_run3_golub_chunk002
golub,real,3,31,F002749,ITGAX gene expression,3,3,real_run3_golub_chunk002
golub,real,3,31,F002456,GenBank accession U19713 expression,0,3,real_run3_golub_chunk002
golub,real,3,31,F000287,KIAA0185 gene expression,1,3,real_run3_golub_chunk002
golub,real,3,31,F001751,GenBank accession X03656 expression,0,3,real_run3_golub_chunk002
golub,real,3,31,F000883,XRCC1 gene expression,1,3,real_run3_golub_chunk002
golub,real,3,31,F000902,hARF5 gene expression,1,3,real_run3_golub_chunk002
golub,real,3,31,F000122,XPCC gene expression,1,3,real_run3_golub_chunk002
golub,real,3,31,F001663,GenBank accession U82613 expression,0,3,real_run3_golub_chunk002
golub,real,3,31,F001639,GenBank accession U79275 expression,0,3,real_run3_golub_chunk002
golub,real,3,31,F000694,TRIP14 gene expression,1,3,real_run3_golub_chunk002
golub,real,3,31,F002371,HLA-E gene expression,2,3,real_run3_golub_chunk002
golub,real,3,31,F002070,DLG2 gene expression,1,3,real_run3_golub_chunk002
golub,real,3,31,F000849,Op18 gene expression,2,3,real_run3_golub_chunk002
golub,real,3,31,F001553,GenBank accession U66838 expression,0,3,real_run3_golub_chunk002
golub,real,3,31,F001790,GenBank accession X13444 expression,0,3,real_run3_golub_chunk002
golub,real,3,31,F000134,KIAA0036 gene expression,1,3,real_run3_golub_chunk002
golub,real,3,31,F000427,HG3162-HT3339_at expression feature,0,3,real_run3_golub_chunk002
golub,real,3,31,F001121,L-UBC gene expression,1,3,real_run3_golub_chunk002
golub,real,3,31,F002338,MINOR gene expression,1,3,real_run3_golub_chunk002
golub,real,3,31,F000725,PP2A gene expression,2,3,real_run3_golub_chunk002
golub,real,3,31,F001316,3.1 gene expression,1,3,real_run3_golub_chunk002
golub,real,3,31,F001716,GenBank accession U93049 expression,0,3,real_run3_golub_chunk002
golub,real,3,31,F002435,GenBank accession Z84497 expression,0,3,real_run3_golub_chunk002
golub,real,3,31,F002950,GenBank accession U27460 expression,0,3,real_run3_golub_chunk002
golub,real,3,31,F002286,Insp3ri gene expression,1,3,real_run3_golub_chunk002
golub,real,3,31,F000934,mitochondrial transcription factor 1 gene expression,1,3,real_run3_golub_chunk002
golub,real,3,31,F000636,rhoC gene expression,1,3,real_run3_golub_chunk002
golub,real,3,31,F000389,HG1078-HT1078_at expression feature,0,3,real_run3_golub_chunk002
golub,real,3,31,F002637,FLN gene expression,1,3,real_run3_golub_chunk002
golub,real,3,31,F002217,GenBank accession Z22555 expression,0,3,real_run3_golub_chunk002
golub,real,3,31,F000231,KIAA0127 gene expression,1,3,real_run3_golub_chunk002
golub,real,3,31,F001496,GenBank accession U57450 expression,0,3,real_run3_golub_chunk002
golub,real,3,31,F002343,GenBank accession U18259 expression,0,3,real_run3_golub_chunk002
golub,real,3,31,F000222,GenBank accession D50840 expression,0,3,real_run3_golub_chunk002
golub,real,3,31,F001986,MECL-1 gene expression,2,3,real_run3_golub_chunk002
golub,real,3,31,F000751,C1R gene expression,1,3,real_run3_golub_chunk002
golub,real,3,31,F000142,GenBank accession D26599 expression,0,3,real_run3_golub_chunk002
golub,real,3,31,F001493,GenBank accession U57094 expression,0,3,real_run3_golub_chunk002
golub,real,3,31,F000707,GenBank accession L42354 expression,0,3,real_run3_golub_chunk002
golub,real,3,31,F000152,GenBank accession D28915 expression,0,3,real_run3_golub_chunk002
golub,real,3,31,F000362,KIAA0263 gene expression,1,3,real_run3_golub_chunk002
golub,real,3,31,F000726,PP2A gene expression,2,3,real_run3_golub_chunk002
golub,real,3,31,F002574,GSTM4 gene expression,1,3,real_run3_golub_chunk002
golub,real,3,31,F002923,ZNF43 gene expression,1,3,real_run3_golub_chunk002
golub,real,3,31,F002486,HG2479-HT2575_s_at expression feature,0,3,real_run3_golub_chunk002
golub,real,3,31,F000308,KIAA0198 gene expression,1,3,real_run3_golub_chunk002
golub,real,3,31,F000120,GenBank accession D17716 expression,0,3,real_run3_golub_chunk002
golub,real,3,31,F000110,GenBank accession D14889 expression,0,3,real_run3_golub_chunk002
golub,real,3,31,F000042,UBE3A gene expression,1,3,real_run3_golub_chunk002
golub,real,3,31,F000493,MME gene expression,3,3,real_run3_golub_chunk002
golub,real,3,31,F001336,GenBank accession U33147 expression,0,3,real_run3_golub_chunk002
golub,real,3,31,F000767,MIC2 gene expression,3,3,real_run3_golub_chunk002
golub,real,3,31,F002172,nm23-H4 gene expression,1,3,real_run3_golub_chunk002
golub,real,3,31,F000193,KIAA0091 gene expression,1,3,real_run3_golub_chunk002
golub,real,3,31,F000752,TCRB gene expression,4,3,real_run3_golub_chunk002
golub,real,3,31,F000450,HG4018-HT4288_at expression feature,0,3,real_run3_golub_chunk002
golub,real,3,31,F001902,GenBank accession X61615 expression,0,3,real_run3_golub_chunk002
golub,real,3,31,F000044,KVLQT1-Iso5 gene expression,1,3,real_run3_golub_chunk002
golub,real,3,31,F000558,ACY1 gene expression,1,3,real_run3_golub_chunk002
golub,real,3,31,F000942,TRPM-2 gene expression,1,3,real_run3_golub_chunk002
golub,real,3,31,F000848,TSG-14 gene expression,1,3,real_run3_golub_chunk002
golub,real,3,31,F002152,hHb5 gene expression,2,3,real_run3_golub_chunk002
golub,real,3,31,F001132,GenBank accession U00943 expression,0,3,real_run3_golub_chunk002
golub,real,3,31,F002503,ELN gene expression,1,3,real_run3_golub_chunk002
golub,real,3,31,F002561,GenBank accession U05255 expression,0,3,real_run3_golub_chunk002
golub,real,3,31,F001607,ZnT-3 gene expression,1,3,real_run3_golub_chunk002
golub,real,3,31,F001098,granulocyte colony-stimulating factor induced gene gene expression,2,3,real_run3_golub_chunk002
golub,real,3,31,F000444,HG3740-HT4010_at expression feature,0,3,real_run3_golub_chunk002
golub,real,3,31,F002388,DXS6673E gene expression,1,3,real_run3_golub_chunk002
golub,real,3,31,F001872,H1.2 gene expression,1,3,real_run3_golub_chunk002
golub,real,3,31,F002369,GenBank accession X16323 expression,0,3,real_run3_golub_chunk002
golub,real,3,31,F001229,GenBank accession U14588 expression,0,3,real_run3_golub_chunk002
golub,real,3,31,F002084,muf1 gene expression,1,3,real_run3_golub_chunk002
golub,real,3,31,F002837,GenBank accession U57971 expression,0,3,real_run3_golub_chunk002
golub,real,3,31,F001860,ckshs2 gene expression,1,3,real_run3_golub_chunk002
golub,real,3,31,F001160,GenBank accession U04898 expression,0,3,real_run3_golub_chunk002
golub,real,3,31,F002917,HG3921-HT4191_f_at expression feature,0,3,real_run3_golub_chunk002
golub,real,3,31,F001059,GenBank accession M94630 expression,0,3,real_run3_golub_chunk002
golub,real,3,31,F001536,mrg1 gene expression,2,3,real_run3_golub_chunk002
golub,real,3,31,F001290,GenBank accession U25165 expression,0,3,real_run3_golub_chunk002
golub,real,3,31,F001939,LMP2 gene expression,2,3,real_run3_golub_chunk002
golub,real,3,31,F002088,fast gene expression,1,3,real_run3_golub_chunk002
golub,real,3,31,F002130,D1075-like gene expression,1,3,real_run3_golub_chunk002
golub,real,3,31,F001752,GenBank accession X03934 expression,0,3,real_run3_golub_chunk002
golub,real,3,31,F001786,GenBank accession X12791 expression,0,3,real_run3_golub_chunk002
golub,real,3,31,F002078,pp90RSK3 gene expression,1,3,real_run3_golub_chunk002
golub,real,3,31,F000514,G22P1 gene expression,1,3,real_run3_golub_chunk002
golub,real,3,31,F001038,HUSI-II gene expression,1,3,real_run3_golub_chunk002
golub,real,3,31,F000791,GenBank accession M21985 expression,0,3,real_run3_golub_chunk002
golub,real,3,31,F000862,PRKAR1A gene expression,1,3,real_run3_golub_chunk002
golub,real,3,31,F001896,tie gene expression,2,3,real_run3_golub_chunk002
golub,real,3,31,F001186,SAP 61 gene expression,1,3,real_run3_golub_chunk002
golub,real,3,31,F000700,PPARG gene expression,1,3,real_run3_golub_chunk002
golub,real,3,31,F002444,KIAA0145 gene expression,1,3,real_run3_golub_chunk002
golub,real,3,31,F002143,Sort1 gene expression,1,3,real_run3_golub_chunk002
golub,real,3,31,F000101,KIAA0023 gene expression,1,3,real_run3_golub_chunk002
golub,real,3,31,F002027,cycG1 gene expression,1,3,real_run3_golub_chunk002
golub,real,3,31,F002393,GenBank accession M23178 expression,0,3,real_run3_golub_chunk002
golub,real,3,31,F001687,NOTCH4 gene expression,2,3,real_run3_golub_chunk002
golub,real,3,31,F001972,p63 gene expression,2,3,real_run3_golub_chunk002
golub,real,3,31,F000948,A2M gene expression,1,3,real_run3_golub_chunk002
golub,real,3,31,F002279,GenBank accession D00860 expression,0,3,real_run3_golub_chunk002
golub,real,3,31,F001193,GenBank accession U09564 expression,0,3,real_run3_golub_chunk002
golub,real,3,31,F001456,GenBank accession U50939 expression,0,3,real_run3_golub_chunk002
golub,real,3,31,F002473,HG1595-HT4788_s_at expression feature,0,3,real_run3_golub_chunk002
golub,real,3,31,F001428,GenBank accession U48251 expression,0,3,real_run3_golub_chunk002
golub,real,3,31,F000100,AMT gene expression,1,3,real_run3_golub_chunk002
golub,real,3,31,F000738,LA0024A gene expression,1,3,real_run3_golub_chunk002
golub,real,3,31,F002605,huprobox gene expression,1,3,real_run3_golub_chunk002
golub,real,3,31,F002745,USF2 gene expression,2,3,real_run3_golub_chunk002
golub,real,3,31,F002270,GenBank accession Z71460 expression,0,3,real_run3_golub_chunk002
golub,real,3,31,F002380,NOT gene expression,1,3,real_run3_golub_chunk002
golub,real,3,31,F002448,Rheb gene expression,1,3,real_run3_golub_chunk002
golub,real,3,31,F001745,GenBank accession X02874 expression,0,3,real_run3_golub_chunk002
golub,real,3,31,F001100,N-CAM gene expression,2,3,real_run3_golub_chunk002
golub,real,3,31,F002949,hPAK65 gene expression,1,3,real_run3_golub_chunk002
golub,real,3,31,F000093,GenBank accession D13988 expression,0,3,real_run3_golub_chunk002
golub,real,3,31,F000527,PCNA gene expression,1,3,real_run3_golub_chunk002
golub,real,3,31,F002322,THRA1 gene expression,2,3,real_run3_golub_chunk002
golub,real,3,31,F002165,GenBank accession Y00062 expression,0,3,real_run3_golub_chunk002
golub,real,3,31,F000228,KIAA0124 gene expression,1,3,real_run3_golub_chunk002
golub,real,3,31,F001785,GenBank accession X12492 expression,0,3,real_run3_golub_chunk002
golub,real,3,31,F000540,GenBank accession L02867 expression,0,3,real_run3_golub_chunk002
golub,real,3,31,F000824,DEF1 gene expression,1,3,real_run3_golub_chunk002
golub,real,3,31,F000852,HPRT1 gene expression,1,3,real_run3_golub_chunk002
golub,real,3,31,F002282,HTP-alpha gene expression,1,3,real_run3_golub_chunk002
golub,real,3,31,F000682,MFAP4 gene expression,1,3,real_run3_golub_chunk002
golub,real,3,31,F002214,GenBank accession Z22536 expression,0,3,real_run3_golub_chunk002
golub,real,3,31,F001590,C3f gene expression,1,3,real_run3_golub_chunk002
golub,real,3,31,F000276,KIAA0168 gene expression,1,3,real_run3_golub_chunk002
colon,real,3,31,F000225,GenBank accession X17042 expression,0,3,real_run3_colon_chunk001
colon,real,3,31,F001787,GenBank accession R77210 expression,0,3,real_run3_colon_chunk001
colon,real,3,31,F000328,GenBank accession R39681 expression,0,3,real_run3_colon_chunk001
colon,real,3,31,F000591,GenBank accession R73660 expression,0,3,real_run3_colon_chunk001
colon,real,3,31,F000685,GenBank accession M88279 expression,0,3,real_run3_colon_chunk001
colon,real,3,31,F000091,GenBank accession H85596 expression,0,3,real_run3_colon_chunk001
colon,real,3,31,F001224,GenBank accession R56207 expression,0,3,real_run3_colon_chunk001
colon,real,3,31,F001566,GenBank accession T58731 expression,0,3,real_run3_colon_chunk001
colon,real,3,31,F000182,GenBank accession T63133 expression,0,3,real_run3_colon_chunk001
colon,real,3,31,F001169,IFNGR1 gene expression,1,3,real_run3_colon_chunk001
colon,real,3,31,F000596,G19P1 gene expression,1,3,real_run3_colon_chunk001
colon,real,3,31,F000854,DDB2 gene expression,1,3,real_run3_colon_chunk001
colon,real,3,31,F001359,GenBank accession R60508 expression,0,3,real_run3_colon_chunk001
colon,real,3,31,F001510,ZNF37A gene expression,1,3,real_run3_colon_chunk001
colon,real,3,31,F001913,GenBank accession R20666 expression,0,3,real_run3_colon_chunk001
colon,real,3,31,F000107,CREB2 gene expression,1,3,real_run3_colon_chunk001
colon,real,3,31,F000031,GenBank accession T61609 expression,0,3,real_run3_colon_chunk001
colon,real,3,31,F000990,GenBank accession R60217 expression,0,3,real_run3_colon_chunk001
colon,real,3,31,F001030,GenBank accession L24203 expression,0,3,real_run3_colon_chunk001
colon,real,3,31,F000360,GenBank accession T70058 expression,0,3,real_run3_colon_chunk001
colon,real,3,31,F000790,GenBank accession J03210 expression,0,3,real_run3_colon_chunk001
colon,real,3,31,F001807,GenBank accession R77794 expression,0,3,real_run3_colon_chunk001
colon,real,3,31,F000390,SRp30c gene expression,1,3,real_run3_colon_chunk001
colon,real,3,31,F001559,KIAA0025 gene expression,1,3,real_run3_colon_chunk001
colon,real,3,31,F001710,GenBank accession L20469 expression,0,3,real_run3_colon_chunk001
colon,real,3,31,F000189,GenBank accession R50864 expression,0,3,real_run3_colon_chunk001
colon,real,3,31,F001711,GenBank accession H39830 expression,0,3,real_run3_colon_chunk001
colon,real,3,31,F000131,KIAA0027 gene expression,1,3,real_run3_colon_chunk001
colon,real,3,31,F001466,GenBank accession R80400 expression,0,3,real_run3_colon_chunk001
colon,real,3,31,F001232,GenBank accession T64885 expression,0,3,real_run3_colon_chunk001
colon,real,3,31,F001267,GenBank accession H45977 expression,0,3,real_run3_colon_chunk001
colon,real,3,31,F000594,GenBank accession R54818 expression,0,3,real_run3_colon_chunk001
colon,real,3,31,F000479,MK gene expression,2,3,real_run3_colon_chunk001
colon,real,3,31,F001239,KIAA0098 gene expression,1,3,real_run3_colon_chunk001
colon,real,3,31,F000849,GenBank accession H15069 expression,0,3,real_run3_colon_chunk001
colon,real,3,31,F001388,GenBank accession R39599 expression,0,3,real_run3_colon_chunk001
colon,real,3,31,F001052,GenBank accession T74272 expression,0,3,real_run3_colon_chunk001
colon,real,3,31,F001453,GenBank accession R51644 expression,0,3,real_run3_colon_chunk001
colon,real,3,31,F001183,GenBank accession U35116 expression,0,3,real_run3_colon_chunk001
colon,real,3,31,F001960,THBS2 gene expression,3,3,real_run3_colon_chunk001
colon,real,3,31,F000628,mGluR1beta gene expression,1,3,real_run3_colon_chunk001
colon,real,3,31,F000046,GenBank accession T61661 expression,0,3,real_run3_colon_chunk001
colon,real,3,31,F001896,GenBank accession R23907 expression,0,3,real_run3_colon_chunk001
colon,real,3,31,F000530,GenBank accession H65182 expression,0,3,real_run3_colon_chunk001
colon,real,3,31,F000620,GenBank accession T60318 expression,0,3,real_run3_colon_chunk001
colon,real,3,31,F000112,GenBank accession T72889 expression,0,3,real_run3_colon_chunk001
colon,real,3,31,F001124,GenBank accession H47650 expression,0,3,real_run3_colon_chunk001
colon,real,3,31,F001415,KIAA0062 gene expression,1,3,real_run3_colon_chunk001
colon,real,3,31,F000016,GenBank accession T52342 expression,0,3,real_run3_colon_chunk001
colon,real,3,31,F001263,GOS24 gene expression,1,3,real_run3_colon_chunk001
colon,real,3,31,F001625,GenBank accession T83368 expression,0,3,real_run3_colon_chunk001
colon,real,3,31,F001920,GenBank accession H20503 expression,0,3,real_run3_colon_chunk001
colon,real,3,31,F001158,GenBank accession T68098 expression,0,3,real_run3_colon_chunk001
colon,real,3,31,F001669,GenBank accession R96070 expression,0,3,real_run3_colon_chunk001
colon,real,3,31,F001362,KCNA5 gene expression,1,3,real_run3_colon_chunk001
colon,real,3,31,F001082,NAT1 gene expression,2,3,real_run3_colon_chunk001
colon,real,3,31,F000122,GenBank accession M84326 expression,0,3,real_run3_colon_chunk001
colon,real,3,31,F000623,GenBank accession U19796 expression,0,3,real_run3_colon_chunk001
colon,real,3,31,F001779,GenBank accession H62177 expression,0,3,real_run3_colon_chunk001
colon,real,3,31,F000128,GenBank accession H87366 expression,0,3,real_run3_colon_chunk001
colon,real,3,31,F000716,GenBank accession L23823 expression,0,3,real_run3_colon_chunk001
colon,real,3,31,F001893,GenBank accession U01038 expression,0,3,real_run3_colon_chunk001
colon,real,3,31,F001597,GenBank accession X12876 expression,0,3,real_run3_colon_chunk001
colon,real,3,31,F001922,ITGAX gene expression,1,3,real_run3_colon_chunk001
colon,real,3,31,F000384,GenBank accession R51749 expression,0,3,real_run3_colon_chunk001
colon,real,3,31,F001814,GenBank accession H20289 expression,0,3,real_run3_colon_chunk001
colon,real,3,31,F001910,DHFRP1 gene expression,1,3,real_run3_colon_chunk001
colon,real,3,31,F000064,GenBank accession T61661 expression,0,3,real_run3_colon_chunk001
colon,real,3,31,F001174,estrogen receptor-related protein gene expression,2,3,real_run3_colon_chunk001
colon,real,3,31,F000116,GenBank accession R06716 expression,0,3,real_run3_colon_chunk001
colon,real,3,31,F000407,GenBank accession H08678 expression,0,3,real_run3_colon_chunk001
colon,real,3,31,F001613,GenBank accession T86444 expression,0,3,real_run3_colon_chunk001
colon,real,3,31,F001276,GenBank accession X12496 expression,0,3,real_run3_colon_chunk001
colon,real,3,31,F000576,GSTM2 gene expression,2,3,real_run3_colon_chunk001
colon,real,3,31,F001591,GFAT gene expression,1,3,real_run3_colon_chunk001
colon,real,3,31,F000865,GenBank accession H79349 expression,0,3,real_run3_colon_chunk001
colon,real,3,31,F000354,GenBank accession T96942 expression,0,3,real_run3_colon_chunk001
colon,real,3,31,F000291,GenBank accession T91043 expression,0,3,real_run3_colon_chunk001
colon,real,3,31,F001773,GenBank accession J03600 expression,0,3,real_run3_colon_chunk001
colon,real,3,31,F001804,GenBank accession H02031 expression,0,3,real_run3_colon_chunk001
colon,real,3,31,F001121,GenBank accession H69819 expression,0,3,real_run3_colon_chunk001
colon,real,3,31,F001080,GenBank accession T65790 expression,0,3,real_run3_colon_chunk001
colon,real,3,31,F000914,ET-2 gene expression,2,3,real_run3_colon_chunk001
colon,real,3,31,F000792,GenBank accession T47562 expression,0,3,real_run3_colon_chunk001
colon,real,3,31,F000511,GenBank accession T95048 expression,0,3,real_run3_colon_chunk001
colon,real,3,31,F000850,GenBank accession R99230 expression,0,3,real_run3_colon_chunk001
colon,real,3,31,F000525,GenBank accession R42070 expression,0,3,real_run3_colon_chunk001
colon,real,3,31,F000275,GenBank accession H38185 expression,0,3,real_run3_colon_chunk001
colon,real,3,31,F001574,GenBank accession X13482 expression,0,3,real_run3_colon_chunk001
colon,real,3,31,F001352,ALPP gene expression,2,3,real_run3_colon_chunk001
colon,real,3,31,F000694,IVD gene expression,1,3,real_run3_colon_chunk001
colon,real,3,31,F000815,GenBank accession Z49269 expression,0,3,real_run3_colon_chunk001
colon,real,3,31,F000246,GenBank accession T51613 expression,0,3,real_run3_colon_chunk001
colon,real,3,31,F000604,GenBank accession R10620 expression,0,3,real_run3_colon_chunk001
colon,real,3,31,F001503,GenBank accession H18451 expression,0,3,real_run3_colon_chunk001
colon,real,3,31,F000565,GenBank accession D23672 expression,0,3,real_run3_colon_chunk001
colon,real,3,31,F000030,HLA-B gene expression,1,3,real_run3_colon_chunk001
colon,real,3,31,F001268,PxF gene expression,1,3,real_run3_colon_chunk001
colon,real,3,31,F001066,GenBank accession H89092 expression,0,3,real_run3_colon_chunk001
colon,real,3,31,F000670,GenBank accession X70944 expression,0,3,real_run3_colon_chunk001
colon,real,3,31,F000858,ISGF3-gamma gene expression,1,3,real_run3_colon_chunk001
colon,real,3,31,F001161,GenBank accession X17644 expression,0,3,real_run3_colon_chunk001
colon,real,3,31,F001538,GenBank accession R71875 expression,0,3,real_run3_colon_chunk001
colon,real,3,31,F000702,Aop1 gene expression,1,3,real_run3_colon_chunk001
colon,real,3,31,F001244,GenBank accession R86960 expression,0,3,real_run3_colon_chunk001
colon,real,3,31,F000612,GenBank accession L19437 expression,0,3,real_run3_colon_chunk001
colon,real,3,31,F000114,GenBank accession X17042 expression,0,3,real_run3_colon_chunk001
colon,real,3,31,F001962,COPA gene expression,1,3,real_run3_colon_chunk001
colon,real,3,31,F000504,P1 gene expression,1,3,real_run3_colon_chunk001
colon,real,3,31,F000397,GenBank accession R00282 expression,0,3,real_run3_colon_chunk001
colon,real,3,31,F000093,GenBank accession D45887 expression,0,3,real_run3_colon_chunk001
colon,real,3,31,F001041,MAD3 gene expression,2,3,real_run3_colon_chunk001
colon,real,3,31,F001945,FCT3A gene expression,1,3,real_run3_colon_chunk001
colon,real,3,31,F001790,GenBank accession R41873 expression,0,3,real_run3_colon_chunk001
colon,real,3,31,F001737,CDC46 gene expression,2,3,real_run3_colon_chunk001
colon,real,3,31,F001128,GenBank accession M34175 expression,0,3,real_run3_colon_chunk001
colon,real,3,31,F000440,GenBank accession R61359 expression,0,3,real_run3_colon_chunk001
colon,real,3,31,F000946,GenBank accession T61090 expression,0,3,real_run3_colon_chunk001
colon,real,3,31,F000768,NKAT-2 gene expression,1,3,real_run3_colon_chunk001
colon,real,3,31,F001972,GenBank accession H62854 expression,0,3,real_run3_colon_chunk001
colon,real,3,31,F000340,GenBank accession X03674 expression,0,3,real_run3_colon_chunk001
colon,real,3,31,F000343,CYP2C17 gene expression,1,3,real_run3_colon_chunk001
colon,real,3,31,F001985,GenBank accession T90549 expression,0,3,real_run3_colon_chunk001
colon,real,3,31,F001358,GenBank accession R44052 expression,0,3,real_run3_colon_chunk001
colon,real,3,31,F001633,SP-D gene expression,1,3,real_run3_colon_chunk001
colon,real,3,31,F000762,LDLR gene expression,1,3,real_run3_colon_chunk001
colon,real,3,31,F000939,GenBank accession H45299 expression,0,3,real_run3_colon_chunk001
colon,real,3,31,F000868,GenBank accession H85361 expression,0,3,real_run3_colon_chunk001
colon,real,3,31,F000672,GenBank accession T81919 expression,0,3,real_run3_colon_chunk001
colon,real,3,31,F000749,GenBank accession T78104 expression,0,3,real_run3_colon_chunk001
colon,real,3,31,F000735,GPE gene expression,1,3,real_run3_colon_chunk001
colon,real,3,31,F001001,GenBank accession J04813 expression,0,3,real_run3_colon_chunk001
colon,real,3,31,F001069,GenBank accession H38838 expression,0,3,real_run3_colon_chunk001
colon,real,3,31,F001004,GenBank accession H88250 expression,0,3,real_run3_colon_chunk001
colon,real,3,31,F001657,GenBank accession R34876 expression,0,3,real_run3_colon_chunk001
colon,real,3,31,F001778,GenBank accession H66834 expression,0,3,real_run3_colon_chunk001
colon,real,3,31,F001816,GenBank accession T90668 expression,0,3,real_run3_colon_chunk001
colon,real,3,31,F001047,UROS gene expression,1,3,real_run3_colon_chunk001
colon,real,3,31,F001861,GenBank accession H55916 expression,0,3,real_run3_colon_chunk001
colon,real,3,31,F001448,GenBank accession U30498 expression,0,3,real_run3_colon_chunk001
colon,real,3,31,F000017,GenBank accession L28809 expression,0,3,real_run3_colon_chunk001
colon,real,3,31,F000808,GenBank accession R16665 expression,0,3,real_run3_colon_chunk001
colon,real,3,31,F001246,GenBank accession T71574 expression,0,3,real_run3_colon_chunk001
colon,real,3,31,F000213,TEGT gene expression,1,3,real_run3_colon_chunk001
colon,real,3,31,F001934,TALLA-1 gene expression,2,3,real_run3_colon_chunk001
colon,real,3,31,F000732,GenBank accession T77446 expression,0,3,real_run3_colon_chunk001
colon,real,3,31,F000927,GenBank accession T54364 expression,0,3,real_run3_colon_chunk001
colon,real,3,31,F000380,GenBank accession H41017 expression,0,3,real_run3_colon_chunk001
colon,real,3,31,F000935,GenBank accession H06489 expression,0,3,real_run3_colon_chunk001
colon,real,3,31,F001038,GenBank accession U09587 expression,0,3,real_run3_colon_chunk001
colon,real,3,31,F001887,CCHL1A1 gene expression,1,3,real_run3_colon_chunk001
colon,real,3,31,F001644,hsRPB10 gene expression,1,3,real_run3_colon_chunk001
colon,real,3,31,F000695,HTK gene expression,2,3,real_run3_colon_chunk001
colon,real,3,31,F001912,ACTA1 gene expression,1,3,real_run3_colon_chunk001
colon,real,3,31,F001408,GLVR1 gene expression,1,3,real_run3_colon_chunk001
colon,real,3,31,F000348,GenBank accession T57780 expression,0,3,real_run3_colon_chunk001
colon,real,3,31,F000066,GenBank accession H55758 expression,0,3,real_run3_colon_chunk001
colon,real,3,31,F001101,GenBank accession L08069 expression,0,3,real_run3_colon_chunk001
colon,real,3,31,F000677,GenBank accession X06614 expression,0,3,real_run3_colon_chunk001
colon,real,3,31,F001811,PKC gene expression,1,3,real_run3_colon_chunk001
colon,real,3,31,F001604,GenBank accession R67275 expression,0,3,real_run3_colon_chunk001
colon,real,3,31,F001795,DDB1 gene expression,1,3,real_run3_colon_chunk001
colon,real,3,31,F001750,GenBank accession H11460 expression,0,3,real_run3_colon_chunk001
colon,real,3,31,F000912,GenBank accession U24077 expression,0,3,real_run3_colon_chunk001
colon,real,3,31,F001300,HTF4/TCF12 gene expression,1,3,real_run3_colon_chunk001
colon,real,3,31,F000372,GenBank accession T65594 expression,0,3,real_run3_colon_chunk001
colon,real,3,31,F000843,GenBank accession T54360 expression,0,3,real_run3_colon_chunk001
colon,real,3,31,F001185,GenBank accession D00762 expression,0,3,real_run3_colon_chunk001
colon,real,3,31,F001656,PBX2 gene expression,1,3,real_run3_colon_chunk001
colon,real,3,31,F000680,GenBank accession X73358 expression,0,3,real_run3_colon_chunk001
colon,real,3,31,F000874,GenBank accession H04235 expression,0,3,real_run3_colon_chunk001
colon,real,3,31,F000690,GenBank accession R92729 expression,0,3,real_run3_colon_chunk001
colon,real,3,31,F001735,GenBank accession H01482 expression,0,3,real_run3_colon_chunk001
colon,real,3,31,F001471,SRM gene expression,1,3,real_run3_colon_chunk001
colon,real,3,31,F001251,nbk gene expression,2,3,real_run3_colon_chunk001
colon,real,3,31,F001614,GenBank accession T94993 expression,0,3,real_run3_colon_chunk001
colon,real,3,31,F000929,GenBank accession R54401 expression,0,3,real_run3_colon_chunk001
colon,real,3,31,F001404,GenBank accession R11485 expression,0,3,real_run3_colon_chunk001
colon,real,3,31,F000617,GenBank accession H65223 expression,0,3,real_run3_colon_chunk001
colon,real,3,31,F000044,GenBank accession T58861 expression,0,3,real_run3_colon_chunk001
colon,real,3,31,F000386,GenBank accession R80966 expression,0,3,real_run3_colon_chunk001
colon,real,3,31,F001446,GenBank accession R89067 expression,0,3,real_run3_colon_chunk001
colon,real,3,31,F000144,GenBank accession T53396 expression,0,3,real_run3_colon_chunk001
colon,real,3,31,F000280,GenBank accession R95874 expression,0,3,real_run3_colon_chunk001
colon,real,3,31,F000748,GenBank accession T79595 expression,0,3,real_run3_colon_chunk001
colon,real,3,31,F001035,ARAF1 gene expression,1,3,real_run3_colon_chunk001
colon,real,3,31,F000156,GenBank accession T90774 expression,0,3,real_run3_colon_chunk001
colon,real,3,31,F000157,GenBank accession H70425 expression,0,3,real_run3_colon_chunk001
colon,real,3,31,F001557,GenBank accession X07384 expression,0,3,real_run3_colon_chunk001
colon,real,3,31,F000953,GenBank accession R78927 expression,0,3,real_run3_colon_chunk001
colon,real,3,31,F000994,GenBank accession R44677 expression,0,3,real_run3_colon_chunk001
colon,real,3,31,F001270,BLR1 gene expression,1,3,real_run3_colon_chunk001
colon,real,3,31,F000308,LYZ gene expression,2,3,real_run3_colon_chunk001
colon,real,3,31,F000006,GenBank accession R02593 expression,0,3,real_run3_colon_chunk001
colon,real,3,31,F000883,GenBank accession U31525 expression,0,3,real_run3_colon_chunk001
colon,real,3,31,F001705,AUH gene expression,1,3,real_run3_colon_chunk001
colon,real,3,31,F001474,GenBank accession K03474 expression,0,3,real_run3_colon_chunk001
colon,real,3,31,F000460,GenBank accession T88712 expression,0,3,real_run3_colon_chunk001
colon,real,3,31,F000292,GenBank accession X61971 expression,0,3,real_run3_colon_chunk001
colon,real,3,31,F000326,GenBank accession R54837 expression,0,3,real_run3_colon_chunk001
colon,real,3,31,F001327,GenBank accession T89649 expression,0,3,real_run3_colon_chunk001
colon,real,3,31,F001354,MECP2 gene expression,1,3,real_run3_colon_chunk001
colon,real,3,31,F001683,GenBank accession X51985 expression,0,3,real_run3_colon_chunk001
colon,real,3,31,F000235,GenBank accession M36981 expression,0,3,real_run3_colon_chunk001
colon,real,3,31,F001752,GenBank accession T94350 expression,0,3,real_run3_colon_chunk001
colon,real,3,31,F000657,GenBank accession H29293 expression,0,3,real_run3_colon_chunk001
colon,real,3,31,F000893,GenBank accession R00544 expression,0,3,real_run3_colon_chunk001
colon,real,3,31,F001552,CYP1A1 gene expression,1,3,real_run3_colon_chunk001
colon,real,3,31,F001836,GenBank accession L06111 expression,0,3,real_run3_colon_chunk001
colon,real,3,31,F001141,brk gene expression,2,3,real_run3_colon_chunk001
colon,real,3,31,F000584,GenBank accession R72374 expression,0,3,real_run3_colon_chunk001
colon,real,3,31,F000564,GenBank accession M21984 expression,0,3,real_run3_colon_chunk001
colon,real,3,31,F001663,KIAA0089 gene expression,1,3,real_run3_colon_chunk001
colon,real,3,31,F000405,GenBank accession U04241 expression,0,3,real_run3_colon_chunk001
colon,real,3,31,F001114,GNAI1 gene expression,1,3,real_run3_colon_chunk001
colon,real,3,31,F000742,ETR101 gene expression,1,3,real_run3_colon_chunk001
colon,real,3,31,F000288,GenBank accession H03461 expression,0,3,real_run3_colon_chunk001
colon,real,3,31,F001361,GenBank accession H22579 expression,0,3,real_run3_colon_chunk001
colon,real,3,31,F000427,GenBank accession T78489 expression,0,3,real_run3_colon_chunk001
colon,real,3,31,F000548,GenBank accession R83285 expression,0,3,real_run3_colon_chunk001
colon,real,3,31,F000239,CRP gene expression,1,3,real_run3_colon_chunk001
colon,real,3,31,F000989,GenBank accession H16597 expression,0,3,real_run3_colon_chunk001
colon,real,3,31,F000211,GenBank accession H15901 expression,0,3,real_run3_colon_chunk001
colon,real,3,31,F001167,GenBank accession T60437 expression,0,3,real_run3_colon_chunk001
colon,real,3,31,F000040,GenBank accession T57619 expression,0,3,real_run3_colon_chunk001
colon,real,3,31,F000231,GenBank accession T50334 expression,0,3,real_run3_colon_chunk001
colon,real,3,31,F001821,HLA-DPB1 gene expression,1,3,real_run3_colon_chunk001
colon,real,3,31,F000846,FKBP38 gene expression,1,3,real_run3_colon_chunk001
colon,real,3,31,F001592,GenBank accession U21914 expression,0,3,real_run3_colon_chunk001
colon,real,3,31,F000382,KIAA0069 gene expression,1,3,real_run3_colon_chunk001
colon,real,3,31,F001602,GenBank accession H92195 expression,0,3,real_run3_colon_chunk001
colon,real,3,31,F001571,GenBank accession T79831 expression,0,3,real_run3_colon_chunk001
colon,real,3,31,F001730,GenBank accession X72632 expression,0,3,real_run3_colon_chunk001
colon,real,3,31,F000361,bcl-xL gene expression,2,3,real_run3_colon_chunk001
colon,real,3,31,F000241,GenBank accession T79813 expression,0,3,real_run3_colon_chunk001
colon,real,3,31,F001372,GenBank accession R39209 expression,0,3,real_run3_colon_chunk001
colon,real,3,31,F001434,GenBank accession T50500 expression,0,3,real_run3_colon_chunk001
colon,real,3,31,F000943,GenBank accession M96824 expression,0,3,real_run3_colon_chunk001
colon,real,3,31,F001484,HK2 gene expression,2,3,real_run3_colon_chunk001
colon,real,3,31,F000363,GenBank accession R42374 expression,0,3,real_run3_colon_chunk001
colon,real,3,31,F001693,GenBank accession H73714 expression,0,3,real_run3_colon_chunk001
colon,real,3,31,F001981,CDX1 gene expression,3,3,real_run3_colon_chunk001
colon,real,3,31,F000402,SCNN1B gene expression,1,3,real_run3_colon_chunk001
colon,real,3,31,F000166,E1A-f gene expression,1,3,real_run3_colon_chunk001
colon,real,3,31,F000448,GenBank accession H22939 expression,0,3,real_run3_colon_chunk001
colon,real,3,31,F001875,GenBank accession R44301 expression,0,3,real_run3_colon_chunk001
colon,real,3,31,F000899,GenBank accession H73758 expression,0,3,real_run3_colon_chunk001
colon,real,3,31,F001556,GenBank accession H08351 expression,0,3,real_run3_colon_chunk001
colon,real,3,31,F000468,GenBank accession R53769 expression,0,3,real_run3_colon_chunk001
colon,real,3,31,F001377,CBFA1 gene expression,1,3,real_run3_colon_chunk001
colon,real,3,31,F001279,MKLP-1 gene expression,1,3,real_run3_colon_chunk001
colon,real,3,31,F000159,DBI gene expression,1,3,real_run3_colon_chunk001
colon,real,3,31,F000671,GenBank accession T52003 expression,0,3,real_run3_colon_chunk001
colon,real,3,31,F001742,GenBank accession R40717 expression,0,3,real_run3_colon_chunk001
colon,real,3,31,F001136,X104 gene expression,1,3,real_run3_colon_chunk001
colon,real,3,31,F000486,GenBank accession H20426 expression,0,3,real_run3_colon_chunk001
colon,real,3,31,F000521,NTRK3 gene expression,2,3,real_run3_colon_chunk001
colon,real,3,31,F001916,GenBank accession M25108 expression,0,3,real_run3_colon_chunk001
colon,real,3,31,F001818,GenBank accession T55871 expression,0,3,real_run3_colon_chunk001
colon,real,3,31,F001543,SEL1L gene expression,2,3,real_run3_colon_chunk001
colon,real,3,31,F000663,KIAA0014 gene expression,1,3,real_run3_colon_chunk001
colon,real,3,31,F001584,GenBank accession U25165 expression,0,3,real_run3_colon_chunk001
colon,real,3,31,F000262,GenBank accession D14520 expression,0,3,real_run3_colon_chunk001
colon,real,3,31,F000283,GenBank accession Z22658 expression,0,3,real_run3_colon_chunk001
colon,real,3,31,F001537,GenBank accession T51493 expression,0,3,real_run3_colon_chunk001
colon,real,3,31,F000852,GenBank accession R01157 expression,0,3,real_run3_colon_chunk001
colon,real,3,31,F000500,GenBank accession Z49199 expression,0,3,real_run3_colon_chunk001
colon,real,3,31,F000924,GenBank accession H26965 expression,0,3,real_run3_colon_chunk001
colon,real,3,31,F001774,GenBank accession X06700 expression,0,3,real_run3_colon_chunk001
colon,real,3,31,F001349,NET1 gene expression,2,3,real_run3_colon_chunk001
colon,real,3,31,F000250,GenBank accession X69878 expression,0,3,real_run3_colon_chunk001
colon,real,3,31,F000379,GenBank accession L20492 expression,0,3,real_run3_colon_chunk001
colon,real,3,31,F000877,GenBank accession R91051 expression,0,3,real_run3_colon_chunk001
colon,real,3,31,F001505,GenBank accession R59202 expression,0,3,real_run3_colon_chunk001
colon,real,3,31,F001783,GenBank accession M85169 expression,0,3,real_run3_colon_chunk001
colon,real,3,31,F000002,GenBank accession R39465 expression,0,3,real_run3_colon_chunk001
colon,real,3,31,F001334,VE-cadherin gene expression,2,3,real_run3_colon_chunk001
colon,real,3,31,F001689,SRP9 gene expression,1,3,real_run3_colon_chunk001
colon,real,3,31,F000969,TXN gene expression,1,3,real_run3_colon_chunk001
colon,real,3,31,F000302,GenBank accession H82820 expression,0,3,real_run3_colon_chunk001
colon,real,3,31,F001043,GenBank accession U02493 expression,0,3,real_run3_colon_chunk001
colon,real,3,31,F000833,NFYA gene expression,1,3,real_run3_colon_chunk001
colon,real,3,31,F000667,CDC42 gene expression,1,3,real_run3_colon_chunk001
colon,real,3,31,F000986,GenBank accession X66362 expression,0,3,real_run3_colon_chunk001
colon,real,3,31,F001969,GenBank accession D00760 expression,0,3,real_run3_colon_chunk001
colon,real,3,31,F000804,PTPase MEG2 gene expression,1,3,real_run3_colon_chunk001
colon,real,3,31,F000508,SRp40 gene expression,1,3,real_run3_colon_chunk001
colon,real,3,31,F000754,GenBank accession T54276 expression,0,3,real_run3_colon_chunk001
colon,real,3,31,F001426,GenBank accession R99200 expression,0,3,real_run3_colon_chunk001
colon,real,3,31,F001803,ril gene expression,2,3,real_run3_colon_chunk001
colon,real,3,31,F000102,GenBank accession R91062 expression,0,3,real_run3_colon_chunk001
colon,real,3,31,F000482,GenBank accession H44011 expression,0,3,real_run3_colon_chunk001
colon,real,3,31,F000675,GenBank accession R80612 expression,0,3,real_run3_colon_chunk001
colon,real,3,31,F001629,GenBank accession R72164 expression,0,3,real_run3_colon_chunk001
colon,real,3,31,F000772,GenBank accession L20422 expression,0,3,real_run3_colon_chunk001
colon,real,3,31,F000955,GenBank accession T86473 expression,0,3,real_run3_colon_chunk001
colon,real,3,31,F001547,GenBank accession H17802 expression,0,3,real_run3_colon_chunk001
colon,real,3,31,F001551,GenBank accession R06601 expression,0,3,real_run3_colon_chunk001
colon,real,3,31,F001197,peptidylglycine alpha-amidating monooxygenase gene expression,1,3,real_run3_colon_chunk001
colon,real,3,31,F001964,H-plk gene expression,2,3,real_run3_colon_chunk001
colon,real,3,31,F001673,ACTN1 gene expression,1,3,real_run3_colon_chunk001
colon,real,3,31,F000441,GenBank accession H05070 expression,0,3,real_run3_colon_chunk001
colon,real,3,31,F000745,GenBank accession Y00281 expression,0,3,real_run3_colon_chunk001
colon,real,3,31,F000802,GenBank accession R46502 expression,0,3,real_run3_colon_chunk001
colon,real,3,31,F000430,RHOA gene expression,1,3,real_run3_colon_chunk001
colon,real,3,31,F001848,hsRPB10 gene expression,1,3,real_run3_colon_chunk001
colon,real,3,31,F001766,GenBank accession T90350 expression,0,3,real_run3_colon_chunk001
colon,real,3,31,F001668,GenBank accession T47601 expression,0,3,real_run3_colon_chunk001
colon,real,3,31,F001530,GenBank accession H78346 expression,0,3,real_run3_colon_chunk001
colon,real,3,31,F000876,GenBank accession H27202 expression,0,3,real_run3_colon_chunk001
colon,real,3,31,F001899,GenBank accession L25851 expression,0,3,real_run3_colon_chunk001
colon,real,3,31,F000626,HTK gene expression,2,3,real_run3_colon_chunk001
colon,real,3,31,F001447,TOP2 gene expression,2,3,real_run3_colon_chunk001
colon,real,3,31,F001227,GenBank accession U03090 expression,0,3,real_run3_colon_chunk001
colon,real,3,31,F001658,GenBank accession M35252 expression,0,3,real_run3_colon_chunk001
colon,real,3,31,F001187,GenBank accession D13315 expression,0,3,real_run3_colon_chunk001
colon,real,3,31,F001570,DAF gene expression,2,3,real_run3_colon_chunk001
colon,real,3,31,F000665,GenBank accession H89983 expression,0,3,real_run3_colon_chunk001
colon,real,3,31,F000526,GenBank accession R59097 expression,0,3,real_run3_colon_chunk001
colon,real,3,31,F001767,GenBank accession J04162 expression,0,3,real_run3_colon_chunk001
colon,real,3,31,F000090,GenBank accession T95318 expression,0,3,real_run3_colon_chunk001
colon,real,3,31,F000098,epsilon-BP gene expression,1,3,real_run3_colon_chunk001
colon,real,3,31,F001330,GenBank accession U24166 expression,0,3,real_run3_colon_chunk001
colon,real,3,31,F000286,GenBank accession X15183 expression,0,3,real_run3_colon_chunk001
colon,real,3,31,F000230,GenBank accession R62425 expression,0,3,real_run3_colon_chunk001
colon,real,3,31,F001856,GenBank accession R67072 expression,0,3,real_run3_colon_chunk001
colon,real,3,31,F001310,GenBank accession X65873 expression,0,3,real_run3_colon_chunk001
colon,real,3,31,F000931,GenBank accession H87473 expression,0,3,real_run3_colon_chunk001
colon,real,3,31,F000045,GenBank accession U21909 expression,0,3,real_run3_colon_chunk001
colon,real,3,31,F001988,GenBank accession H18490 expression,0,3,real_run3_colon_chunk001
colon,real,3,31,F001632,enkB gene expression,1,3,real_run3_colon_chunk001
colon,real,3,31,F001459,RFX5 gene expression,1,3,real_run3_colon_chunk001
colon,real,3,31,F001026,GenBank accession R34098 expression,0,3,real_run3_colon_chunk001
colon,real,3,31,F001756,S182 gene expression,2,3,real_run3_colon_chunk001
colon,real,3,31,F001102,BTEB gene expression,1,3,real_run3_colon_chunk001
colon,real,3,31,F000057,GenBank accession H77302 expression,0,3,real_run3_colon_chunk001
colon,real,3,31,F001963,GenBank accession T57468 expression,0,3,real_run3_colon_chunk001
colon,real,3,31,F001649,GenBank accession H14341 expression,0,3,real_run3_colon_chunk001
colon,real,3,31,F001321,GenBank accession T52905 expression,0,3,real_run3_colon_chunk001
colon,real,3,31,F001395,GenBank accession M14676 expression,0,3,real_run3_colon_chunk001
colon,real,3,31,F000464,ADP-ribosylation factor 3 gene expression,1,3,real_run3_colon_chunk001
colon,real,3,31,F000513,GenBank accession T88902 expression,0,3,real_run3_colon_chunk001
colon,real,3,31,F001798,GenBank accession T55558 expression,0,3,real_run3_colon_chunk001
colon,real,3,31,F001662,GenBank accession M26383 expression,0,3,real_run3_colon_chunk001
colon,real,3,31,F000465,GenBank accession T70046 expression,0,3,real_run3_colon_chunk001
colon,real,3,31,F000661,GenBank accession T67905 expression,0,3,real_run3_colon_chunk001
colon,real,3,31,F000760,GenBank accession U21128 expression,0,3,real_run3_colon_chunk001
colon,real,3,31,F000032,GenBank accession T62220 expression,0,3,real_run3_colon_chunk001
colon,real,3,31,F000126,GenBank accession R49974 expression,0,3,real_run3_colon_chunk001
colon,real,3,31,F001713,GenBank accession H09273 expression,0,3,real_run3_colon_chunk001
colon,real,3,31,F001480,GenBank accession U10324 expression,0,3,real_run3_colon_chunk001
colon,real,3,31,F000141,GenBank accession R34698 expression,0,3,real_run3_colon_chunk001
colon,real,3,31,F001375,GenBank accession H02258 expression,0,3,real_run3_colon_chunk001
colon,real,3,31,F000571,GenBank accession U37673 expression,0,3,real_run3_colon_chunk001
colon,real,3,31,F001262,BAP31 gene expression,1,3,real_run3_colon_chunk001
colon,real,3,31,F000643,GenBank accession R10066 expression,0,3,real_run3_colon_chunk001
colon,real,3,31,F000568,ANX5 gene expression,2,3,real_run3_colon_chunk001
colon,real,3,31,F001761,GenBank accession U17899 expression,0,3,real_run3_colon_chunk001
colon,real,3,31,F001469,GenBank accession R45529 expression,0,3,real_run3_colon_chunk001
colon,real,3,31,F001900,GenBank accession U10886 expression,0,3,real_run3_colon_chunk001
colon,real,3,31,F001549,GenBank accession R49416 expression,0,3,real_run3_colon_chunk001
colon,real,3,31,F000902,GenBank accession K02566 expression,0,3,real_run3_colon_chunk001
colon,real,3,31,F001031,SCP-X/SCP-2 gene expression,1,3,real_run3_colon_chunk001
colon,real,3,31,F000666,GenBank accession H17923 expression,0,3,real_run3_colon_chunk001
colon,real,3,31,F000770,GenBank accession H24030 expression,0,3,real_run3_colon_chunk001
colon,real,3,31,F001680,GenBank accession H41147 expression,0,3,real_run3_colon_chunk001
colon,real,3,31,F000478,GenBank accession L19267 expression,0,3,real_run3_colon_chunk001
colon,real,3,31,F001084,GenBank accession T92736 expression,0,3,real_run3_colon_chunk001
colon,real,3,31,F001841,GenBank accession M22760 expression,0,3,real_run3_colon_chunk001
colon,real,3,31,F000282,GenBank accession T49838 expression,0,3,real_run3_colon_chunk001
colon,real,3,31,F000551,GenBank accession T69425 expression,0,3,real_run3_colon_chunk001
colon,real,3,31,F000097,GenBank accession T62878 expression,0,3,real_run3_colon_chunk001
colon,real,3,31,F000257,GenBank accession H01346 expression,0,3,real_run3_colon_chunk001
colon,real,3,31,F001283,GenBank accession R45942 expression,0,3,real_run3_colon_chunk001
colon,real,3,31,F000963,GenBank accession H08156 expression,0,3,real_run3_colon_chunk001
colon,real,3,31,F001021,GenBank accession H81068 expression,0,3,real_run3_colon_chunk001
colon,real,3,31,F000875,GenBank accession M28650 expression,0,3,real_run3_colon_chunk001
colon,real,3,31,F000828,GenBank accession H11054 expression,0,3,real_run3_colon_chunk001
colon,real,3,31,F001729,GenBank accession Z15108 expression,0,3,real_run3_colon_chunk001
colon,real,3,31,F001006,GenBank accession R21901 expression,0,3,real_run3_colon_chunk001
colon,real,3,31,F000277,GenBank accession H64489 expression,0,3,real_run3_colon_chunk001
colon,real,3,31,F000025,GenBank accession H80240 expression,0,3,real_run3_colon_chunk001
colon,real,3,31,F001096,GenBank accession T40849 expression,0,3,real_run3_colon_chunk001
colon,real,3,31,F001739,GenBank accession U05291 expression,0,3,real_run3_colon_chunk001
colon,real,3,31,F001016,GenBank accession T74896 expression,0,3,real_run3_colon_chunk001
colon,real,3,31,F001679,GenBank accession T97473 expression,0,3,real_run3_colon_chunk001
colon,real,3,31,F000170,GenBank accession R24425 expression,0,3,real_run3_colon_chunk001
colon,real,3,31,F000062,GenBank accession T69026 expression,0,3,real_run3_colon_chunk001
colon,real,3,31,F000003,GenBank accession R39465 expression,0,3,real_run3_colon_chunk001
colon,real,3,31,F001715,GenBank accession H16991 expression,0,3,real_run3_colon_chunk001
colon,real,3,31,F001171,GenBank accession T90851 expression,0,3,real_run3_colon_chunk001
colon,real,3,31,F001390,GenBank accession Z26317 expression,0,3,real_run3_colon_chunk001
colon,real,3,31,F000425,GenBank accession X13810 expression,0,3,real_run3_colon_chunk001
colon,real,3,31,F000134,GenBank accession H46728 expression,0,3,real_run3_colon_chunk001
colon,real,3,31,F000334,GenBank accession Y00345 expression,0,3,real_run3_colon_chunk001
colon,real,3,31,F001610,GenBank accession H15552 expression,0,3,real_run3_colon_chunk001
colon,real,3,31,F000835,A2M gene expression,2,3,real_run3_colon_chunk001
colon,real,3,31,F001417,GenBank accession L13977 expression,0,3,real_run3_colon_chunk001
colon,real,3,31,F000957,KIAA0082 gene expression,1,3,real_run3_colon_chunk001
colon,real,3,31,F001685,GenBank accession H74007 expression,0,3,real_run3_colon_chunk001
colon,real,3,31,F000242,GenBank accession R16255 expression,0,3,real_run3_colon_chunk001
colon,real,3,31,F000659,GenBank accession U13896 expression,0,3,real_run3_colon_chunk001
colon,real,3,31,F001219,TBX2 gene expression,2,3,real_run3_colon_chunk001
colon,real,3,31,F001507,GenBank accession H68239 expression,0,3,real_run3_colon_chunk001
colon,real,3,31,F000793,MacMARCKS gene expression,2,3,real_run3_colon_chunk001
colon,real,3,31,F000389,IF4D gene expression,1,3,real_run3_colon_chunk001
colon,real,3,31,F001220,GenBank accession X00588 expression,0,3,real_run3_colon_chunk001
colon,real,3,31,F000147,GenBank accession T74906 expression,0,3,real_run3_colon_chunk001
colon,real,3,31,F000004,GenBank accession R85482 expression,0,3,real_run3_colon_chunk001
colon,real,3,31,F001751,GenBank accession R62438 expression,0,3,real_run3_colon_chunk001
colon,real,3,31,F001333,GenBank accession R96909 expression,0,3,real_run3_colon_chunk001
colon,real,3,31,F000627,HSPG2 gene expression,2,3,real_run3_colon_chunk001
colon,real,3,31,F001928,GenBank accession H74178 expression,0,3,real_run3_colon_chunk001
colon,real,3,31,F001103,GenBank accession R44363 expression,0,3,real_run3_colon_chunk001
colon,real,3,31,F001328,GenBank accession H05978 expression,0,3,real_run3_colon_chunk001
colon,real,3,31,F001582,GenBank accession L14076 expression,0,3,real_run3_colon_chunk001
colon,real,3,31,F001013,GenBank accession R38513 expression,0,3,real_run3_colon_chunk001
colon,real,3,31,F001721,ckshs2 gene expression,2,3,real_run3_colon_chunk001
colon,real,3,31,F000578,B29 gene expression,1,3,real_run3_colon_chunk001
colon,real,3,31,F000190,GenBank accession R43309 expression,0,3,real_run3_colon_chunk001
colon,real,3,31,F000673,GenBank accession T51849 expression,0,3,real_run3_colon_chunk001
colon,real,3,31,F000642,GenBank accession U29171 expression,0,3,real_run3_colon_chunk001
colon,real,3,31,F001654,GenBank accession X16663 expression,0,3,real_run3_colon_chunk001
colon,real,3,31,F001160,GenBank accession H71122 expression,0,3,real_run3_colon_chunk001
colon,real,3,31,F000358,GenBank accession H05966 expression,0,3,real_run3_colon_chunk001
colon,real,3,31,F001140,GenBank accession T52624 expression,0,3,real_run3_colon_chunk001
colon,real,3,31,F001433,GenBank accession M34175 expression,0,3,real_run3_colon_chunk001
colon,real,3,31,F000317,CC1.4 gene expression,1,3,real_run3_colon_chunk001
colon,real,3,31,F000707,DBI gene expression,1,3,real_run3_colon_chunk001
colon,real,3,31,F001541,GenBank accession X53799 expression,0,3,real_run3_colon_chunk001
colon,real,3,31,F000304,GenBank accession R41827 expression,0,3,real_run3_colon_chunk001
colon,real,3,31,F000658,GenBank accession H72110 expression,0,3,real_run3_colon_chunk001
colon,real,3,31,F000693,GenBank accession D13138 expression,0,3,real_run3_colon_chunk001
colon,real,3,31,F000819,GenBank accession M80469 expression,0,3,real_run3_colon_chunk001
colon,real,3,31,F000502,GenBank accession H09599 expression,0,3,real_run3_colon_chunk001
colon,real,3,31,F000682,GenBank accession H30734 expression,0,3,real_run3_colon_chunk001
colon,real,3,31,F000281,GenBank accession R52271 expression,0,3,real_run3_colon_chunk001
colon,real,3,31,F001504,GenBank accession D28124 expression,0,3,real_run3_colon_chunk001
colon,real,3,31,F000688,GenBank accession H19272 expression,0,3,real_run3_colon_chunk001
colon,real,3,31,F000309,GenBank accession T65580 expression,0,3,real_run3_colon_chunk001
colon,real,3,31,F000439,GenBank accession X02875 expression,0,3,real_run3_colon_chunk001
colon,real,3,31,F000847,heir-1 gene expression,1,3,real_run3_colon_chunk001
colon,real,3,31,F000082,GenBank accession R50158 expression,0,3,real_run3_colon_chunk001
colon,real,3,31,F001460,GenBank accession R38736 expression,0,3,real_run3_colon_chunk001
colon,real,3,31,F001379,GenBank accession M77477 expression,0,3,real_run3_colon_chunk001
colon,real,3,31,F000140,Mid1 gene expression,1,3,real_run3_colon_chunk001
colon,real,3,31,F001531,SNAP gene expression,1,3,real_run3_colon_chunk001
colon,real,3,31,F000300,GenBank accession T70331 expression,0,3,real_run3_colon_chunk001
colon,real,3,31,F000949,GenBank accession T50321 expression,0,3,real_run3_colon_chunk001
colon,real,3,31,F001820,GenBank accession R36644 expression,0,3,real_run3_colon_chunk001
colon,real,3,31,F001312,GenBank accession X02761 expression,0,3,real_run3_colon_chunk001
colon,real,3,31,F001935,V7 gene expression,1,3,real_run3_colon_chunk001
colon,real,3,31,F001412,GenBank accession R48303 expression,0,3,real_run3_colon_chunk001
colon,real,3,31,F001489,YAP65 gene expression,2,3,real_run3_colon_chunk001
colon,real,3,31,F001975,TRK-B gene expression,2,3,real_run3_colon_chunk001
colon,real,3,31,F001835,GenBank accession R22953 expression,0,3,real_run3_colon_chunk001
colon,real,3,31,F000193,GenBank accession L28010 expression,0,3,real_run3_colon_chunk001
colon,real,3,31,F000177,GenBank accession X51346 expression,0,3,real_run3_colon_chunk001
colon,real,3,31,F001485,MAST-9 gene expression,1,3,real_run3_colon_chunk001
colon,real,3,31,F000362,GenBank accession H69869 expression,0,3,real_run3_colon_chunk001
colon,real,3,31,F001982,HE5 gene expression,1,3,real_run3_colon_chunk001
colon,real,3,31,F001172,GenBank accession H80114 expression,0,3,real_run3_colon_chunk001
colon,real,3,31,F000581,GenBank accession R15447 expression,0,3,real_run3_colon_chunk001
colon,real,3,31,F000562,GenBank accession R42501 expression,0,3,real_run3_colon_chunk001
colon,real,3,31,F001837,GenBank accession T52806 expression,0,3,real_run3_colon_chunk001
colon,real,3,31,F001481,CCK gene expression,2,3,real_run3_colon_chunk001
colon,real,3,31,F001813,GenBank accession R49719 expression,0,3,real_run3_colon_chunk001
colon,real,3,31,F001808,RB1 gene expression,3,3,real_run3_colon_chunk001
colon,real,3,31,F001834,GenBank accession H06524 expression,0,3,real_run3_colon_chunk001
colon,real,3,31,F000255,GenBank accession M26252 expression,0,3,real_run3_colon_chunk001
colon,real,3,31,F001438,GenBank accession T84049 expression,0,3,real_run3_colon_chunk001
colon,real,3,31,F000223,GenBank accession T74556 expression,0,3,real_run3_colon_chunk001
colon,real,3,31,F001182,GenBank accession R70253 expression,0,3,real_run3_colon_chunk001
colon,real,3,31,F001686,GenBank accession R89823 expression,0,3,real_run3_colon_chunk001
colon,real,3,31,F000125,GenBank accession U27699 expression,0,3,real_run3_colon_chunk001
colon,real,3,31,F000357,GenBank accession X04500 expression,0,3,real_run3_colon_chunk001
colon,real,3,31,F001243,GenBank accession T75577 expression,0,3,real_run3_colon_chunk001
colon,real,3,31,F000058,PTMA gene expression,2,3,real_run3_colon_chunk001
colon,real,3,31,F001707,KIAA0011 gene expression,1,3,real_run3_colon_chunk001
colon,real,3,31,F001927,GenBank accession X85750 expression,0,3,real_run3_colon_chunk001
colon,real,3,31,F000583,GenBank accession Y00414 expression,0,3,real_run3_colon_chunk001
colon,real,3,31,F000936,GenBank accession X51417 expression,0,3,real_run3_colon_chunk001
colon,real,3,31,F000995,GenBank accession R60883 expression,0,3,real_run3_colon_chunk001
colon,real,3,31,F001138,PBEF gene expression,2,3,real_run3_colon_chunk001
colon,real,3,31,F001743,GenBank accession X15149 expression,0,3,real_run3_colon_chunk001
colon,real,3,31,F001909,RFG gene expression,1,3,real_run3_colon_chunk001
colon,real,3,31,F001546,GenBank accession L38929 expression,0,3,real_run3_colon_chunk001
colon,real,3,31,F001057,GenBank accession R83349 expression,0,3,real_run3_colon_chunk001
colon,real,3,31,F000452,SC35 gene expression,1,3,real_run3_colon_chunk001
colon,real,3,31,F000717,BMP2 gene expression,2,3,real_run3_colon_chunk001
colon,real,3,31,F001880,GenBank accession H21042 expression,0,3,real_run3_colon_chunk001
colon,real,3,31,F000540,GenBank accession T49732 expression,0,3,real_run3_colon_chunk001
colon,real,3,31,F000853,GenBank accession H21532 expression,0,3,real_run3_colon_chunk001
colon,real,3,31,F001748,GenBank accession H16096 expression,0,3,real_run3_colon_chunk001
colon,real,3,31,F001264,GenBank accession H23005 expression,0,3,real_run3_colon_chunk001
colon,real,3,31,F001122,MANB gene expression,1,3,real_run3_colon_chunk001
colon,real,3,31,F001894,KIAA0100 gene expression,1,3,real_run3_colon_chunk001
colon,real,3,31,F001475,9112 gene expression,1,3,real_run3_colon_chunk001
colon,real,3,31,F000560,GenBank accession H45526 expression,0,3,real_run3_colon_chunk001
colon,real,3,31,F001097,GenBank accession H92182 expression,0,3,real_run3_colon_chunk001
colon,real,3,31,F000199,GenBank accession H28452 expression,0,3,real_run3_colon_chunk001
colon,real,3,31,F000228,GenBank accession R42265 expression,0,3,real_run3_colon_chunk001
colon,real,3,31,F000370,GenBank accession M74903 expression,0,3,real_run3_colon_chunk001
colon,real,3,31,F000841,GenBank accession H49652 expression,0,3,real_run3_colon_chunk001
colon,real,3,31,F001400,GenBank accession R40446 expression,0,3,real_run3_colon_chunk001
colon,real,3,31,F001202,GenBank accession T92259 expression,0,3,real_run3_colon_chunk001
colon,real,3,31,F000042,GenBank accession R36455 expression,0,3,real_run3_colon_chunk001
colon,real,3,31,F000491,GenBank accession H17646 expression,0,3,real_run3_colon_chunk001
colon,real,3,31,F000101,GenBank accession T63370 expression,0,3,real_run3_colon_chunk001
colon,real,3,31,F000352,GenBank accession T50511 expression,0,3,real_run3_colon_chunk001
colon,real,3,31,F000637,GenBank accession R61368 expression,0,3,real_run3_colon_chunk001
colon,real,3,31,F000982,IVD gene expression,1,3,real_run3_colon_chunk001
colon,real,3,31,F000433,GenBank accession T64878 expression,0,3,real_run3_colon_chunk001
colon,real,3,31,F000445,GenBank accession H02630 expression,0,3,real_run3_colon_chunk001
colon,real,3,31,F001289,KIAA0005 gene expression,1,3,real_run3_colon_chunk001
colon,real,3,31,F001083,GenBank accession T64974 expression,0,3,real_run3_colon_chunk001
colon,real,3,31,F000194,GenBank accession T61338 expression,0,3,real_run3_colon_chunk001
colon,real,3,31,F000027,GenBank accession H86060 expression,0,3,real_run3_colon_chunk001
colon,real,3,31,F000964,GenBank accession T65740 expression,0,3,real_run3_colon_chunk001
colon,real,3,31,F000453,GenBank accession R42291 expression,0,3,real_run3_colon_chunk001
colon,real,3,31,F000234,GenBank accession T40507 expression,0,3,real_run3_colon_chunk001
colon,real,3,31,F001924,GenBank accession T77537 expression,0,3,real_run3_colon_chunk001
colon,real,3,31,F000862,MYCL2 gene expression,2,3,real_run3_colon_chunk001
colon,real,3,31,F001932,GenBank accession D90041 expression,0,3,real_run3_colon_chunk001
colon,real,3,31,F000438,GenBank accession R43913 expression,0,3,real_run3_colon_chunk001
colon,real,3,31,F001925,PMI1 gene expression,1,3,real_run3_colon_chunk001
colon,real,3,31,F001326,SMA5 gene expression,1,3,real_run3_colon_chunk001
colon,real,3,31,F001479,G-CSFR-2 gene expression,1,3,real_run3_colon_chunk001
colon,real,3,31,F000018,GenBank accession T63508 expression,0,3,real_run3_colon_chunk001
colon,real,3,31,F001461,GenBank accession L33930 expression,0,3,real_run3_colon_chunk001
colon,real,3,31,F001796,GenBank accession H82741 expression,0,3,real_run3_colon_chunk001
colon,real,3,31,F001192,GenBank accession X75304 expression,0,3,real_run3_colon_chunk001
colon,real,3,31,F000753,GenBank accession R23176 expression,0,3,real_run3_colon_chunk001
colon,real,3,31,F000258,CRP gene expression,1,3,real_run3_colon_chunk001
colon,real,3,31,F000350,ARP gene expression,1,3,real_run3_colon_chunk001
colon,real,3,31,F001501,GenBank accession X74262 expression,0,3,real_run3_colon_chunk001
colon,real,3,31,F000059,GenBank accession T63499 expression,0,3,real_run3_colon_chunk001
colon,real,3,31,F001473,GenBank accession T64012 expression,0,3,real_run3_colon_chunk001
colon,real,3,31,F001959,GenBank accession X04011 expression,0,3,real_run3_colon_chunk001
colon,real,3,31,F001394,sub2.3 gene expression,1,3,real_run3_colon_chunk001
colon,real,3,31,F000152,GenBank accession R37276 expression,0,3,real_run3_colon_chunk001
colon,real,3,31,F000800,GenBank accession U34252 expression,0,3,real_run3_colon_chunk001
colon,real,3,31,F000784,GenBank accession X74874 expression,0,3,real_run3_colon_chunk001
colon,real,3,31,F001213,GenBank accession U20582 expression,0,3,real_run3_colon_chunk001
colon,real,3,31,F000305,KIAA0108 gene expression,1,3,real_run3_colon_chunk001
colon,real,3,31,F001216,GenBank accession R46528 expression,0,3,real_run3_colon_chunk001
colon,real,3,31,F000942,GenBank accession X17651 expression,0,3,real_run3_colon_chunk001
colon,real,3,31,F000295,HGL gene expression,1,3,real_run3_colon_chunk001
colon,real,3,31,F001697,GenBank accession H71627 expression,0,3,real_run3_colon_chunk001
colon,real,3,31,F000398,GenBank accession H47646 expression,0,3,real_run3_colon_chunk001
colon,real,3,31,F000867,3-beta-hydroxysteroid dehydrogenase/delta-5-delta-4 isomerase gene expression,2,3,real_run3_colon_chunk001
colon,real,3,31,F001430,GenBank accession H69695 expression,0,3,real_run3_colon_chunk001
colon,real,3,31,F001090,cdc25A gene expression,2,3,real_run3_colon_chunk001
colon,real,3,31,F000769,GenBank accession X69550 expression,0,3,real_run3_colon_chunk001
colon,real,3,31,F001974,KIAA0078 gene expression,1,3,real_run3_colon_chunk001
colon,real,3,31,F001941,MB gene expression,1,3,real_run3_colon_chunk001
colon,real,3,31,F001118,GenBank accession T62635 expression,0,3,real_run3_colon_chunk001
colon,real,3,31,F000137,GenBank accession R28373 expression,0,3,real_run3_colon_chunk001
colon,real,3,31,F000073,GenBank accession T47645 expression,0,3,real_run3_colon_chunk001
colon,real,3,31,F001594,GenBank accession R09138 expression,0,3,real_run3_colon_chunk001
colon,real,3,31,F001967,GenBank accession K03474 expression,0,3,real_run3_colon_chunk001
colon,real,3,31,F001317,GenBank accession M94203 expression,0,3,real_run3_colon_chunk001
colon,real,3,31,F000404,GenBank accession H25136 expression,0,3,real_run3_colon_chunk001
colon,real,3,31,F000331,GenBank accession T87527 expression,0,3,real_run3_colon_chunk001
colon,real,3,31,F000744,GenBank accession R39681 expression,0,3,real_run3_colon_chunk001
colon,real,3,31,F000775,GenBank accession T61599 expression,0,3,real_run3_colon_chunk001
colon,real,3,31,F000484,GenBank accession R87126 expression,0,3,real_run3_colon_chunk001
colon,real,3,31,F001223,KIAA0105 gene expression,1,3,real_run3_colon_chunk001
colon,real,3,31,F000561,GenBank accession D55673 expression,0,3,real_run3_colon_chunk001
colon,real,3,31,F001852,GenBank accession H72850 expression,0,3,real_run3_colon_chunk001
colon,real,3,31,F001550,GenBank accession M28373 expression,0,3,real_run3_colon_chunk001
colon,real,3,31,F000222,SPARC gene expression,3,3,real_run3_colon_chunk001
colon,real,3,31,F001325,GenBank accession H72234 expression,0,3,real_run3_colon_chunk001
colon,real,3,31,F001092,GenBank accession R22779 expression,0,3,real_run3_colon_chunk001
colon,real,3,31,F000496,GenBank accession R53941 expression,0,3,real_run3_colon_chunk001
colon,real,3,31,F000517,GenBank accession M95678 expression,0,3,real_run3_colon_chunk001
colon,real,3,31,F000422,GenBank accession L39874 expression,0,3,real_run3_colon_chunk001
colon,real,3,31,F000759,GenBank accession X66141 expression,0,3,real_run3_colon_chunk001
colon,real,3,31,F001014,GenBank accession T67897 expression,0,3,real_run3_colon_chunk001
colon,real,3,31,F001914,GenBank accession R42029 expression,0,3,real_run3_colon_chunk001
colon,real,3,31,F000012,GenBank accession H86060 expression,0,3,real_run3_colon_chunk001
colon,real,3,31,F000863,KIAA0062 gene expression,1,3,real_run3_colon_chunk001
colon,real,3,31,F000450,GenBank accession R49855 expression,0,3,real_run3_colon_chunk001
colon,real,3,31,F001089,GenBank accession H20543 expression,0,3,real_run3_colon_chunk001
colon,real,3,31,F001726,GenBank accession H62885 expression,0,3,real_run3_colon_chunk001
colon,real,3,31,F000408,GenBank accession R61332 expression,0,3,real_run3_colon_chunk001
colon,real,3,31,F001152,GenBank accession X01410 expression,0,3,real_run3_colon_chunk001
colon,real,3,31,F001322,80K-L gene expression,1,3,real_run3_colon_chunk001
colon,real,3,31,F000318,GenBank accession U37408 expression,0,3,real_run3_colon_chunk001
colon,real,3,31,F001099,GenBank accession R16543 expression,0,3,real_run3_colon_chunk001
colon,real,3,31,F000700,GenBank accession T67921 expression,0,3,real_run3_colon_chunk001
colon,real,3,31,F001587,GenBank accession X51435 expression,0,3,real_run3_colon_chunk001
colon,real,3,31,F001203,GenBank accession H51196 expression,0,3,real_run3_colon_chunk001
colon,real,3,31,F001867,CYP1A1 gene expression,1,3,real_run3_colon_chunk001
colon,real,3,31,F000442,GenBank accession X55187 expression,0,3,real_run3_colon_chunk001
colon,real,3,31,F000796,GenBank accession M16029 expression,0,3,real_run3_colon_chunk001
colon,real,3,31,F000010,GenBank accession T55131 expression,0,3,real_run3_colon_chunk001
colon,real,3,31,F000557,GenBank accession X51521 expression,0,3,real_run3_colon_chunk001
colon,real,3,31,F000341,GenBank accession D26129 expression,0,3,real_run3_colon_chunk001
colon,real,3,31,F000226,KIAA0059 gene expression,1,3,real_run3_colon_chunk001
colon,real,3,31,F000173,GenBank accession D13705 expression,0,3,real_run3_colon_chunk001
colon,real,3,31,F001929,ZNF174 gene expression,1,3,real_run3_colon_chunk001
colon,real,3,31,F000554,GenBank accession U07664 expression,0,3,real_run3_colon_chunk001
colon,real,3,31,F001218,GenBank accession T96873 expression,0,3,real_run3_colon_chunk001
colon,real,3,31,F001416,GenBank accession M68520 expression,0,3,real_run3_colon_chunk001
colon,real,3,31,F001728,GenBank accession T86281 expression,0,3,real_run3_colon_chunk001
colon,real,3,31,F000950,GenBank accession T89115 expression,0,3,real_run3_colon_chunk001
colon,real,3,31,F001771,GenBank accession R42095 expression,0,3,real_run3_colon_chunk001
colon,real,3,31,F001071,HTP-beta gene expression,1,3,real_run3_colon_chunk001
colon,real,3,31,F000593,GenBank accession H28711 expression,0,3,real_run3_colon_chunk001
colon,real,3,31,F000523,GenBank accession H29170 expression,0,3,real_run3_colon_chunk001
colon,real,3,31,F000951,GenBank accession D50063 expression,0,3,real_run3_colon_chunk001
colon,real,3,31,F001989,GenBank accession H40891 expression,0,3,real_run3_colon_chunk001
colon,real,3,31,F001720,GenBank accession R81170 expression,0,3,real_run3_colon_chunk001
colon,real,3,31,F000455,GenBank accession R44770 expression,0,3,real_run3_colon_chunk001
colon,real,3,31,F000298,GenBank accession Z11692 expression,0,3,real_run3_colon_chunk001
colon,real,3,31,F000497,GenBank accession R98189 expression,0,3,real_run3_colon_chunk001
colon,real,3,31,F000274,GenBank accession T69446 expression,0,3,real_run3_colon_chunk001
colon,real,3,31,F001229,PPP5 gene expression,1,3,real_run3_colon_chunk001
colon,real,3,31,F000619,GenBank accession H27771 expression,0,3,real_run3_colon_chunk001
colon,real,3,31,F001278,GenBank accession R67027 expression,0,3,real_run3_colon_chunk001
colon,real,3,31,F000499,GenBank accession H01677 expression,0,3,real_run3_colon_chunk001
colon,real,3,31,F000180,TRIP1 gene expression,1,3,real_run3_colon_chunk001
colon,real,3,31,F001280,GenBank accession R62459 expression,0,3,real_run3_colon_chunk001
colon,real,3,31,F000477,CD86 gene expression,2,3,real_run3_colon_chunk001
colon,real,3,31,F000987,LAMB2 gene expression,1,3,real_run3_colon_chunk001
colon,real,3,31,F000100,GenBank accession T53396 expression,0,3,real_run3_colon_chunk001
colon,real,3,31,F000054,GenBank accession R01182 expression,0,3,real_run3_colon_chunk001
colon,real,3,31,F001260,GenBank accession L11373 expression,0,3,real_run3_colon_chunk001
colon,real,3,31,F000490,GenBank accession D14043 expression,0,3,real_run3_colon_chunk001
colon,real,3,31,F000083,GenBank accession D12686 expression,0,3,real_run3_colon_chunk001
colon,real,3,31,F000184,FM1 gene expression,1,3,real_run3_colon_chunk001
colon,real,3,31,F000428,GenBank accession H41129 expression,0,3,real_run3_colon_chunk001
colon,real,3,31,F001868,LPC gene expression,1,3,real_run3_colon_chunk001
colon,real,3,31,F001106,GenBank accession R97912 expression,0,3,real_run3_colon_chunk001
colon,real,3,31,F000741,GRPR gene expression,2,3,real_run3_colon_chunk001
colon,real,3,31,F001037,GenBank accession M22632 expression,0,3,real_run3_colon_chunk001
colon,real,3,31,F000378,GenBank accession H11095 expression,0,3,real_run3_colon_chunk001
colon,real,3,31,F001176,GenBank accession H85528 expression,0,3,real_run3_colon_chunk001
colon,real,3,31,F000756,CRP gene expression,1,3,real_run3_colon_chunk001
colon,real,3,31,F001666,GenBank accession D00596 expression,0,3,real_run3_colon_chunk001
colon,real,3,31,F000498,GenBank accession R53936 expression,0,3,real_run3_colon_chunk001
colon,real,3,31,F000538,TnC gene expression,2,3,real_run3_colon_chunk001
colon,real,3,31,F000070,GenBank accession H13281 expression,0,3,real_run3_colon_chunk001
colon,real,3,31,F001304,GenBank accession T84481 expression,0,3,real_run3_colon_chunk001
colon,real,3,31,F001221,p63 gene expression,2,3,real_run3_colon_chunk001
colon,real,3,31,F000077,GenBank accession H05803 expression,0,3,real_run3_colon_chunk001
colon,real,3,31,F001148,GenBank accession R39010 expression,0,3,real_run3_colon_chunk001
colon,real,3,31,F000719,GenBank accession X07862 expression,0,3,real_run3_colon_chunk001
colon,real,3,31,F001477,GenBank accession R15814 expression,0,3,real_run3_colon_chunk001
colon,real,3,31,F001463,PCBD gene expression,1,3,real_run3_colon_chunk001
colon,real,3,31,F001482,GenBank accession R56630 expression,0,3,real_run3_colon_chunk001
colon,real,3,31,F001672,tim1 gene expression,1,3,real_run3_colon_chunk001
colon,real,3,31,F001422,GenBank accession L19067 expression,0,3,real_run3_colon_chunk001
colon,real,3,31,F000086,GenBank accession H64398 expression,0,3,real_run3_colon_chunk001
colon,real,3,31,F000696,GenBank accession T83673 expression,0,3,real_run3_colon_chunk001
colon,real,3,31,F000708,GenBank accession Z15009 expression,0,3,real_run3_colon_chunk001
colon,real,3,31,F000586,GenBank accession T71643 expression,0,3,real_run3_colon_chunk001
colon,real,3,31,F000845,GenBank accession H70609 expression,0,3,real_run3_colon_chunk001
colon,real,3,31,F001439,GenBank accession H89481 expression,0,3,real_run3_colon_chunk001
colon,real,3,31,F001419,GenBank accession R41673 expression,0,3,real_run3_colon_chunk001
colon,real,3,31,F000878,GenBank accession R26146 expression,0,3,real_run3_colon_chunk001
colon,real,3,31,F001170,GPS1 gene expression,1,3,real_run3_colon_chunk001
colon,real,3,31,F000767,GenBank accession H87465 expression,0,3,real_run3_colon_chunk001
colon,real,3,31,F000050,GenBank accession H22688 expression,0,3,real_run3_colon_chunk001
colon,real,3,31,F000725,MaTu MN gene expression,2,3,real_run3_colon_chunk001
colon,real,3,31,F001775,MUT gene expression,1,3,real_run3_colon_chunk001
colon,real,3,31,F000420,GenBank accession T72403 expression,0,3,real_run3_colon_chunk001
colon,real,3,31,F000196,GenBank accession X15822 expression,0,3,real_run3_colon_chunk001
colon,real,3,31,F000866,GenBank accession T41207 expression,0,3,real_run3_colon_chunk001
colon,real,3,31,F001290,GenBank accession R71251 expression,0,3,real_run3_colon_chunk001
colon,real,3,31,F001609,GenBank accession H09781 expression,0,3,real_run3_colon_chunk001
colon,real,3,31,F000605,GenBank accession T73092 expression,0,3,real_run3_colon_chunk001
colon,real,3,31,F001976,GenBank accession M63239 expression,0,3,real_run3_colon_chunk001
colon,real,3,31,F001849,GenBank accession H74265 expression,0,3,real_run3_colon_chunk001
colon,real,3,31,F000644,GenBank accession T62864 expression,0,3,real_run3_colon_chunk001
colon,real,3,31,F000547,GenBank accession R09400 expression,0,3,real_run3_colon_chunk001
colon,real,3,31,F000240,GenBank accession K01144 expression,0,3,real_run3_colon_chunk001
colon,real,3,31,F001603,GenBank accession X17097 expression,0,3,real_run3_colon_chunk001
colon,real,3,31,F000290,GenBank accession T55248 expression,0,3,real_run3_colon_chunk001
colon,real,3,31,F000839,RARG gene expression,2,3,real_run3_colon_chunk001
colon,real,3,31,F001062,GenBank accession H40108 expression,0,3,real_run3_colon_chunk001
colon,real,3,31,F000738,HS1 gene expression,1,3,real_run3_colon_chunk001
colon,real,3,31,F001341,GenBank accession R70479 expression,0,3,real_run3_colon_chunk001
colon,real,3,31,F000545,GenBank accession H24401 expression,0,3,real_run3_colon_chunk001
colon,real,3,31,F000001,GenBank accession H55933 expression,0,3,real_run3_colon_chunk001
colon,real,3,31,F000148,GLBA gene expression,1,3,real_run3_colon_chunk001
colon,real,3,31,F000113,GenBank accession T72175 expression,0,3,real_run3_colon_chunk001
colon,real,3,31,F000088,H3F2 gene expression,1,3,real_run3_colon_chunk001
colon,real,3,31,F001769,GenBank accession U20972 expression,0,3,real_run3_colon_chunk001
colon,real,3,31,F001829,GenBank accession H06245 expression,0,3,real_run3_colon_chunk001
colon,real,3,31,F000553,GenBank accession T51499 expression,0,3,real_run3_colon_chunk001
colon,real,3,31,F001144,GenBank accession R84411 expression,0,3,real_run3_colon_chunk001
colon,real,3,31,F001040,GenBank accession R72827 expression,0,3,real_run3_colon_chunk001
colon,real,3,31,F000121,GenBank accession T51529 expression,0,3,real_run3_colon_chunk001
colon,real,3,31,F000809,GenBank accession H87240 expression,0,3,real_run3_colon_chunk001
colon,real,3,31,F001905,GenBank accession U26710 expression,0,3,real_run3_colon_chunk001
colon,real,3,31,F001785,GenBank accession R27369 expression,0,3,real_run3_colon_chunk001
colon,real,3,31,F000252,GenBank accession M16937 expression,0,3,real_run3_colon_chunk001
colon,real,3,31,F001135,GenBank accession X83228 expression,0,3,real_run3_colon_chunk001
colon,real,3,31,F000342,AChR gene expression,1,3,real_run3_colon_chunk001
colon,real,3,31,F001727,GenBank accession H11125 expression,0,3,real_run3_colon_chunk001
colon,real,3,31,F001616,GenBank accession R05291 expression,0,3,real_run3_colon_chunk001
colon,real,3,31,F000641,GenBank accession L11369 expression,0,3,real_run3_colon_chunk001
colon,real,3,31,F000424,GenBank accession T52343 expression,0,3,real_run3_colon_chunk001
colon,real,3,31,F000996,GenBank accession H89477 expression,0,3,real_run3_colon_chunk001
colon,real,3,31,F000007,GenBank accession T51496 expression,0,3,real_run3_colon_chunk001
colon,real,3,31,F000494,GenBank accession H17108 expression,0,3,real_run3_colon_chunk001
colon,real,3,31,F000071,GenBank accession R49974 expression,0,3,real_run3_colon_chunk001
colon,real,3,31,F000426,GenBank accession T97890 expression,0,3,real_run3_colon_chunk001
colon,real,3,31,F001366,GenBank accession H42884 expression,0,3,real_run3_colon_chunk001
colon,real,3,31,F001757,HK1 gene expression,2,3,real_run3_colon_chunk001
colon,real,3,31,F001146,GenBank accession R36467 expression,0,3,real_run3_colon_chunk001
colon,real,3,31,F001688,GenBank accession L40392 expression,0,3,real_run3_colon_chunk001
colon,real,3,31,F001429,KIAA0041 gene expression,1,3,real_run3_colon_chunk001
colon,real,3,31,F000614,GenBank accession H11324 expression,0,3,real_run3_colon_chunk001
colon,real,3,31,F000356,GenBank accession X14958 expression,0,3,real_run3_colon_chunk001
colon,real,3,31,F001567,GenBank accession R12389 expression,0,3,real_run3_colon_chunk001
colon,real,3,31,F000998,hIL-2Rg gene expression,1,3,real_run3_colon_chunk001
colon,real,3,31,F000945,KIAA0058 gene expression,1,3,real_run3_colon_chunk001
colon,real,3,31,F000789,GenBank accession M26481 expression,0,3,real_run3_colon_chunk001
colon,real,3,31,F001585,GenBank accession H87157 expression,0,3,real_run3_colon_chunk001
colon,real,3,31,F000974,GenBank accession L07395 expression,0,3,real_run3_colon_chunk001
colon,real,3,31,F001413,GenBank accession R49542 expression,0,3,real_run3_colon_chunk001
colon,real,3,31,F000827,CANP gene expression,1,3,real_run3_colon_chunk001
colon,real,3,31,F001382,DP2 gene expression,1,3,real_run3_colon_chunk001
colon,real,3,31,F000454,TCRA gene expression,1,3,real_run3_colon_chunk001
colon,real,3,31,F000393,GenBank accession R56070 expression,0,3,real_run3_colon_chunk001
colon,real,3,31,F001112,GenBank accession H45807 expression,0,3,real_run3_colon_chunk001
colon,real,3,31,F001210,PHKLA gene expression,1,3,real_run3_colon_chunk001
colon,real,3,31,F001024,GenBank accession M69066 expression,0,3,real_run3_colon_chunk001
colon,real,3,31,F000081,macrophage capping protein gene expression,1,3,real_run3_colon_chunk001
colon,real,3,31,F001933,GenBank accession R67999 expression,0,3,real_run3_colon_chunk001
colon,real,3,31,F000909,GenBank accession X16356 expression,0,3,real_run3_colon_chunk001
colon,real,3,31,F000466,GenBank accession H39654 expression,0,3,real_run3_colon_chunk001
colon,real,3,31,F000263,ALDOC gene expression,2,3,real_run3_colon_chunk001
colon,real,3,31,F001805,GenBank accession R55828 expression,0,3,real_run3_colon_chunk001
colon,real,3,31,F000049,GenBank accession H24754 expression,0,3,real_run3_colon_chunk001
colon,real,3,31,F000632,GenBank accession R56892 expression,0,3,real_run3_colon_chunk001
colon,real,3,31,F000336,B-CAM gene expression,2,3,real_run3_colon_chunk001
colon,real,3,31,F000151,GenBank accession X87838 expression,0,3,real_run3_colon_chunk001
colon,real,3,31,F000647,GenBank accession Z25821 expression,0,3,real_run3_colon_chunk001
colon,real,3,31,F001018,CSF2 gene expression,1,3,real_run3_colon_chunk001
colon,real,3,31,F000394,HMG14 gene expression,1,3,real_run3_colon_chunk001
colon,real,3,31,F001670,GenBank accession X53586 expression,0,3,real_run3_colon_chunk001
colon,real,3,31,F001442,SAP-1 gene expression,1,3,real_run3_colon_chunk001
colon,real,3,31,F000028,GenBank accession T63484 expression,0,3,real_run3_colon_chunk001
colon,real,3,31,F000805,GenBank accession Z30644 expression,0,3,real_run3_colon_chunk001
colon,real,3,31,F000021,GenBank accession H79852 expression,0,3,real_run3_colon_chunk001
colon,real,3,31,F000462,PGAM2 gene expression,1,3,real_run3_colon_chunk001
colon,real,3,31,F001885,GenBank accession X07767 expression,0,3,real_run3_colon_chunk001
colon,real,3,31,F001157,GenBank accession R44740 expression,0,3,real_run3_colon_chunk001
colon,real,3,31,F001431,IGFBP3 gene expression,3,3,real_run3_colon_chunk001
colon,real,3,31,F000013,ACTB gene expression,1,3,real_run3_colon_chunk001
colon,real,3,31,F001205,serotonin 5-HT2 receptor gene expression,2,3,real_run3_colon_chunk001
colon,real,3,31,F001895,ckshs1 gene expression,1,3,real_run3_colon_chunk001
colon,real,3,31,F001381,YY1 gene expression,1,3,real_run3_colon_chunk001
colon,real,3,31,F001188,GenBank accession T71001 expression,0,3,real_run3_colon_chunk001
colon,real,3,31,F001367,GenBank accession H51524 expression,0,3,real_run3_colon_chunk001
colon,real,3,31,F000750,GenBank accession X90858 expression,0,3,real_run3_colon_chunk001
colon,real,3,31,F001127,GenBank accession T56690 expression,0,3,real_run3_colon_chunk001
colon,real,3,31,F001872,GenBank accession H88876 expression,0,3,real_run3_colon_chunk001
colon,real,3,31,F001802,HIF-1 alpha gene expression,2,3,real_run3_colon_chunk001
colon,real,3,31,F001108,GenBank accession X17273 expression,0,3,real_run3_colon_chunk001
colon,real,3,31,F001782,GenBank accession T48904 expression,0,3,real_run3_colon_chunk001
colon,real,3,31,F000791,GenBank accession R54422 expression,0,3,real_run3_colon_chunk001
colon,real,3,31,F000273,GenBank accession T46888 expression,0,3,real_run3_colon_chunk001
colon,real,3,31,F000782,HSPG1 gene expression,2,3,real_run3_colon_chunk001
colon,real,3,31,F001828,GenBank accession R88749 expression,0,3,real_run3_colon_chunk001
colon,real,3,31,F001983,GenBank accession R70790 expression,0,3,real_run3_colon_chunk001
colon,real,3,31,F000634,GenBank accession H82719 expression,0,3,real_run3_colon_chunk001
colon,real,3,31,F001010,GenBank accession L42542 expression,0,3,real_run3_colon_chunk001
colon,real,3,31,F001008,GABRR2 gene expression,1,3,real_run3_colon_chunk001
colon,real,3,31,F000185,GenBank accession R93738 expression,0,3,real_run3_colon_chunk001
colon,real,3,31,F000178,SAT gene expression,1,3,real_run3_colon_chunk001
colon,real,3,31,F000138,TPI1 gene expression,1,3,real_run3_colon_chunk001
colon,real,3,31,F000971,GenBank accession U06698 expression,0,3,real_run3_colon_chunk001
colon,real,3,31,F000037,GenBank accession R86975 expression,0,3,real_run3_colon_chunk001
colon,real,3,31,F001369,GenBank accession T98835 expression,0,3,real_run3_colon_chunk001
colon,real,3,31,F001740,GenBank accession R80779 expression,0,3,real_run3_colon_chunk001
colon,real,3,31,F000922,ADH3 gene expression,2,3,real_run3_colon_chunk001
colon,real,3,31,F000991,GenBank accession J00277 expression,0,3,real_run3_colon_chunk001
colon,real,3,31,F001890,GenBank accession U37673 expression,0,3,real_run3_colon_chunk001
colon,real,3,31,F000531,GenBank accession D00265 expression,0,3,real_run3_colon_chunk001
colon,real,3,31,F001241,GenBank accession H09665 expression,0,3,real_run3_colon_chunk001
colon,real,3,31,F001061,GenBank accession R70535 expression,0,3,real_run3_colon_chunk001
colon,real,3,31,F000595,A2 gene expression,1,3,real_run3_colon_chunk001
colon,real,3,31,F001011,MPR46 gene expression,1,3,real_run3_colon_chunk001
colon,real,3,31,F001165,GenBank accession R60906 expression,0,3,real_run3_colon_chunk001
colon,real,3,31,F001563,GenBank accession M96859 expression,0,3,real_run3_colon_chunk001
colon,real,3,31,F000813,GenBank accession T92451 expression,0,3,real_run3_colon_chunk001
colon,real,3,31,F001862,ERK1 gene expression,2,3,real_run3_colon_chunk001
colon,real,3,31,F000822,GenBank accession T53868 expression,0,3,real_run3_colon_chunk001
colon,real,3,31,F001754,GenBank accession X73902 expression,0,3,real_run3_colon_chunk001
colon,real,3,31,F000904,HCFC1 gene expression,1,3,real_run3_colon_chunk001
colon,real,3,31,F000855,GenBank accession H22842 expression,0,3,real_run3_colon_chunk001
colon,real,3,31,F001826,GenBank accession X80230 expression,0,3,real_run3_colon_chunk001
colon,real,3,31,F000821,GenBank accession R75843 expression,0,3,real_run3_colon_chunk001
colon,real,3,31,F001217,IF4D gene expression,1,3,real_run3_colon_chunk001
colon,real,3,31,F001392,GenBank accession D13243 expression,0,3,real_run3_colon_chunk001
colon,real,3,31,F001801,PSP-S gene expression,1,3,real_run3_colon_chunk001
colon,real,3,31,F001314,GenBank accession R43766 expression,0,3,real_run3_colon_chunk001
colon,real,3,31,F001786,GenBank accession Z18948 expression,0,3,real_run3_colon_chunk001
colon,real,3,31,F001608,GenBank accession U30872 expression,0,3,real_run3_colon_chunk001
colon,real,3,31,F000834,GenBank accession R37480 expression,0,3,real_run3_colon_chunk001
colon,real,3,31,F000575,GenBank accession M31627 expression,0,3,real_run3_colon_chunk001
colon,real,3,31,F001421,GenBank accession R09468 expression,0,3,real_run3_colon_chunk001
colon,real,3,31,F001605,GenBank accession T51539 expression,0,3,real_run3_colon_chunk001
colon,real,3,31,F000284,GenBank accession X57206 expression,0,3,real_run3_colon_chunk001
colon,real,3,31,F000224,GenBank accession H20505 expression,0,3,real_run3_colon_chunk001
colon,real,3,31,F001147,STAT5 gene expression,2,3,real_run3_colon_chunk001
colon,real,3,31,F000814,GenBank accession X76228 expression,0,3,real_run3_colon_chunk001
colon,real,3,31,F001535,GenBank accession T71260 expression,0,3,real_run3_colon_chunk001
colon,real,3,31,F000270,GenBank accession K03460 expression,0,3,real_run3_colon_chunk001
colon,real,3,31,F001677,FALDH gene expression,1,3,real_run3_colon_chunk001
colon,real,3,31,F001695,GenBank accession U09412 expression,0,3,real_run3_colon_chunk001
colon,real,3,31,F000149,GenBank accession R98959 expression,0,3,real_run3_colon_chunk001
colon,real,3,31,F001230,GenBank accession L37112 expression,0,3,real_run3_colon_chunk001
colon,real,3,31,F000837,PPP1CB gene expression,1,3,real_run3_colon_chunk001
colon,real,3,31,F001478,LBR gene expression,1,3,real_run3_colon_chunk001
colon,real,3,31,F001060,GenBank accession X05610 expression,0,3,real_run3_colon_chunk001
colon,real,3,31,F000353,SYB2 gene expression,1,3,real_run3_colon_chunk001
colon,real,3,31,F001564,KIAA0052 gene expression,1,3,real_run3_colon_chunk001
colon,real,3,31,F001391,CD44 gene expression,2,3,real_run3_colon_chunk001
colon,real,3,31,F000674,GenBank accession H08749 expression,0,3,real_run3_colon_chunk001
colon,real,3,31,F001258,GenBank accession M28697 expression,0,3,real_run3_colon_chunk001
colon,real,3,31,F000436,GenBank accession U14588 expression,0,3,real_run3_colon_chunk001
colon,real,3,31,F000474,GenBank accession H23975 expression,0,3,real_run3_colon_chunk001
colon,real,3,31,F000941,GenBank accession R42244 expression,0,3,real_run3_colon_chunk001
colon,real,3,31,F000476,GenBank accession X07979 expression,0,3,real_run3_colon_chunk001
colon,real,3,31,F000371,GenBank accession M98045 expression,0,3,real_run3_colon_chunk001
colon,real,3,31,F000650,E2-EPF gene expression,1,3,real_run3_colon_chunk001
colon,real,3,31,F000387,GenBank accession H85835 expression,0,3,real_run3_colon_chunk001
colon,real,3,31,F001825,GenBank accession U10868 expression,0,3,real_run3_colon_chunk001
colon,real,3,31,F000330,HME1 gene expression,1,3,real_run3_colon_chunk001
colon,real,3,31,F000699,GenBank accession H17969 expression,0,3,real_run3_colon_chunk001
colon,real,3,31,F001702,HMP gene expression,1,3,real_run3_colon_chunk001
colon,real,3,31,F000220,P4HB gene expression,1,3,real_run3_colon_chunk001
colon,real,3,31,F001660,GenBank accession U34074 expression,0,3,real_run3_colon_chunk001
colon,real,3,31,F000153,GenBank accession H88360 expression,0,3,real_run3_colon_chunk001
colon,real,3,31,F000123,GenBank accession H85878 expression,0,3,real_run3_colon_chunk001
colon,real,3,31,F000085,GenBank accession T47144 expression,0,3,real_run3_colon_chunk001
colon,real,3,31,F000678,GenBank accession T69271 expression,0,3,real_run3_colon_chunk001
colon,real,3,31,F001542,GenBank accession U20141 expression,0,3,real_run3_colon_chunk001
colon,real,3,31,F001427,GenBank accession D10523 expression,0,3,real_run3_colon_chunk001
colon,real,3,31,F001058,GenBank accession T70062 expression,0,3,real_run3_colon_chunk001
colon,real,3,31,F001233,GenBank accession D26600 expression,0,3,real_run3_colon_chunk001
colon,real,3,31,F000443,KRT6E gene expression,2,3,real_run3_colon_chunk001
colon,real,3,31,F001897,GenBank accession R90908 expression,0,3,real_run3_colon_chunk001
colon,real,3,31,F001086,GenBank accession H04282 expression,0,3,real_run3_colon_chunk001
colon,real,3,31,F000109,ISG12 gene expression,1,3,real_run3_colon_chunk001
colon,real,3,31,F001687,GenBank accession R35885 expression,0,3,real_run3_colon_chunk001
colon,real,3,31,F001065,GenBank accession U31383 expression,0,3,real_run3_colon_chunk001
colon,real,3,31,F001562,immunoglobulin heavy chain V(H)5 gene expression,1,3,real_run3_colon_chunk001
colon,real,3,31,F000079,GenBank accession T68848 expression,0,3,real_run3_colon_chunk001
colon,real,3,31,F000932,H34 gene expression,1,3,real_run3_colon_chunk001
colon,real,3,31,F001476,osf-2 gene expression,2,3,real_run3_colon_chunk001
colon,real,3,31,F000321,GenBank accession T59406 expression,0,3,real_run3_colon_chunk001
colon,real,3,31,F001093,GenBank accession T51558 expression,0,3,real_run3_colon_chunk001
colon,real,3,31,F001190,GenBank accession R40717 expression,0,3,real_run3_colon_chunk001
colon,real,3,31,F000186,HLA-A gene expression,1,3,real_run3_colon_chunk001
colon,real,3,31,F001558,GenBank accession R08021 expression,0,3,real_run3_colon_chunk001
colon,real,3,31,F001088,GenBank accession X14830 expression,0,3,real_run3_colon_chunk001
colon,real,3,31,F001772,GenBank accession R22816 expression,0,3,real_run3_colon_chunk001
colon,real,3,31,F000143,GenBank accession T95063 expression,0,3,real_run3_colon_chunk001
colon,real,3,31,F001514,GenBank accession X02228 expression,0,3,real_run3_colon_chunk001
colon,real,3,31,F000207,GenBank accession T50334 expression,0,3,real_run3_colon_chunk001
colon,real,3,31,F001747,ACTC gene expression,1,3,real_run3_colon_chunk001
colon,real,3,31,F000311,ARNT gene expression,1,3,real_run3_colon_chunk001
colon,real,3,31,F001130,GenBank accession R56401 expression,0,3,real_run3_colon_chunk001
colon,real,3,31,F000806,GenBank accession H78063 expression,0,3,real_run3_colon_chunk001
colon,real,3,31,F001212,GenBank accession R62549 expression,0,3,real_run3_colon_chunk001
colon,real,3,31,F000739,GenBank accession X84700 expression,0,3,real_run3_colon_chunk001
colon,real,3,31,F000740,GenBank accession R09479 expression,0,3,real_run3_colon_chunk001
colon,real,3,31,F001226,BRG1 gene expression,2,3,real_run3_colon_chunk001
colon,real,3,31,F000314,GPS2 gene expression,1,3,real_run3_colon_chunk001
colon,real,3,31,F001588,GenBank accession T47383 expression,0,3,real_run3_colon_chunk001
colon,real,3,31,F001420,NKG5 gene expression,1,3,real_run3_colon_chunk001
colon,real,3,31,F000169,GenBank accession T94579 expression,0,3,real_run3_colon_chunk001
colon,real,3,31,F000544,CPN2 gene expression,1,3,real_run3_colon_chunk001
colon,real,3,31,F000608,GenBank accession H67764 expression,0,3,real_run3_colon_chunk001
colon,real,3,31,F000810,GenBank accession H08144 expression,0,3,real_run3_colon_chunk001
colon,real,3,31,F000145,GenBank accession M86553 expression,0,3,real_run3_colon_chunk001
colon,real,3,31,F000901,GenBank accession H11719 expression,0,3,real_run3_colon_chunk001
colon,real,3,31,F001166,GenBank accession H29895 expression,0,3,real_run3_colon_chunk001
colon,real,3,31,F000111,ERF-1 gene expression,1,3,real_run3_colon_chunk001
colon,real,3,31,F001950,GenBank accession M15841 expression,0,3,real_run3_colon_chunk001
colon,real,3,31,F000505,GenBank accession T47562 expression,0,3,real_run3_colon_chunk001
colon,real,3,31,F001335,huc gene expression,1,3,real_run3_colon_chunk001
colon,real,3,31,F001348,GenBank accession T84051 expression,0,3,real_run3_colon_chunk001
colon,real,3,31,F000209,GenBank accession R28281 expression,0,3,real_run3_colon_chunk001
colon,real,3,31,F000492,GenBank accession K02566 expression,0,3,real_run3_colon_chunk001
colon,real,3,31,F001990,GenBank accession R77780 expression,0,3,real_run3_colon_chunk001
colon,real,3,31,F001573,GenBank accession X63629 expression,0,3,real_run3_colon_chunk001
colon,real,3,31,F001386,GenBank accession H10925 expression,0,3,real_run3_colon_chunk001
colon,real,3,31,F000880,GenBank accession H15069 expression,0,3,real_run3_colon_chunk001
colon,real,3,31,F001195,GenBank accession R46740 expression,0,3,real_run3_colon_chunk001
colon,real,3,31,F001691,GenBank accession R41765 expression,0,3,real_run3_colon_chunk001
colon,real,3,31,F000333,GenBank accession H26101 expression,0,3,real_run3_colon_chunk001
colon,real,3,31,F001470,GenBank accession X57019 expression,0,3,real_run3_colon_chunk001
colon,real,3,31,F000065,HS1 gene expression,1,3,real_run3_colon_chunk001
colon,real,3,31,F000630,GenBank accession H17434 expression,0,3,real_run3_colon_chunk001
colon,real,3,31,F000063,GenBank accession H68220 expression,0,3,real_run3_colon_chunk001
colon,real,3,31,F000172,GenBank accession T54650 expression,0,3,real_run3_colon_chunk001
colon,real,3,31,F001105,grx gene expression,1,3,real_run3_colon_chunk001
colon,real,3,31,F000260,Id1 gene expression,2,3,real_run3_colon_chunk001
colon,real,3,31,F000509,GenBank accession M23410 expression,0,3,real_run3_colon_chunk001
colon,real,3,31,F001009,NGFR gene expression,2,3,real_run3_colon_chunk001
colon,real,3,31,F000926,GenBank accession L13042 expression,0,3,real_run3_colon_chunk001
colon,real,3,31,F001636,D13S106 gene expression,1,3,real_run3_colon_chunk001
colon,real,3,31,F000320,GenBank accession M65028 expression,0,3,real_run3_colon_chunk001
colon,real,3,31,F000567,KIAA0026 gene expression,1,3,real_run3_colon_chunk001
colon,real,3,31,F001844,TCF5 gene expression,1,3,real_run3_colon_chunk001
colon,real,3,31,F000139,GenBank accession H48072 expression,0,3,real_run3_colon_chunk001
colon,real,3,31,F001288,GenBank accession H62828 expression,0,3,real_run3_colon_chunk001
colon,real,3,31,F000187,GenBank accession H45526 expression,0,3,real_run3_colon_chunk001
colon,real,3,31,F000011,GenBank accession T72863 expression,0,3,real_run3_colon_chunk001
colon,real,3,31,F000084,GenBank accession U09873 expression,0,3,real_run3_colon_chunk001
colon,real,3,31,F001070,GenBank accession R98441 expression,0,3,real_run3_colon_chunk001
colon,real,3,31,F000709,GenBank accession X62899 expression,0,3,real_run3_colon_chunk001
colon,real,3,31,F001234,GenBank accession X75304 expression,0,3,real_run3_colon_chunk001
colon,real,3,31,F000279,GenBank accession T48102 expression,0,3,real_run3_colon_chunk001
colon,real,3,31,F000221,GM-CSF receptor gene expression,1,3,real_run3_colon_chunk001
colon,real,3,31,F000967,GenBank accession H13281 expression,0,3,real_run3_colon_chunk001
colon,real,3,31,F000155,GenBank accession T57882 expression,0,3,real_run3_colon_chunk001
colon,real,3,31,F000117,RAB3B gene expression,2,3,real_run3_colon_chunk001
colon,real,3,31,F001946,GenBank accession R35903 expression,0,3,real_run3_colon_chunk001
colon,real,3,31,F000165,GenBank accession H88360 expression,0,3,real_run3_colon_chunk001
colon,real,3,31,F000851,GenBank accession R42994 expression,0,3,real_run3_colon_chunk001
colon,real,3,31,F001435,KIAA0033 gene expression,1,3,real_run3_colon_chunk001
colon,real,3,31,F000423,GenBank accession J02902 expression,0,3,real_run3_colon_chunk001
colon,real,3,31,F001759,GenBank accession U05875 expression,0,3,real_run3_colon_chunk001
colon,real,3,31,F000191,human 29 gene expression,1,3,real_run3_colon_chunk001
colon,real,3,31,F000319,GenBank accession H40705 expression,0,3,real_run3_colon_chunk001
colon,real,3,31,F001600,GenBank accession L37792 expression,0,3,real_run3_colon_chunk001
colon,real,3,31,F001696,GenBank accession T48692 expression,0,3,real_run3_colon_chunk001
colon,real,3,31,F001704,GenBank accession R08829 expression,0,3,real_run3_colon_chunk001
colon,real,3,31,F000601,PLZF gene expression,2,3,real_run3_colon_chunk001
colon,real,3,31,F000543,LAMP1 gene expression,1,3,real_run3_colon_chunk001
colon,real,3,31,F000774,GenBank accession R01755 expression,0,3,real_run3_colon_chunk001
colon,real,3,31,F001368,GenBank accession D15057 expression,0,3,real_run3_colon_chunk001
colon,real,3,31,F001150,GenBank accession T62904 expression,0,3,real_run3_colon_chunk001
colon,real,3,31,F000752,GenBank accession R27017 expression,0,3,real_run3_colon_chunk001
colon,real,3,31,F001387,GenBank accession H42127 expression,0,3,real_run3_colon_chunk001
colon,real,3,31,F000245,GenBank accession U37012 expression,0,3,real_run3_colon_chunk001
colon,real,3,31,F001455,NCA gene expression,2,3,real_run3_colon_chunk001
colon,real,3,31,F001410,GenBank accession M31606 expression,0,3,real_run3_colon_chunk001
colon,real,3,31,F000832,GenBank accession T79161 expression,0,3,real_run3_colon_chunk001
colon,real,3,31,F001840,GenBank accession V00520 expression,0,3,real_run3_colon_chunk001
colon,real,3,31,F001168,GenBank accession U07802 expression,0,3,real_run3_colon_chunk001
colon,real,3,31,F000589,GenBank accession R70939 expression,0,3,real_run3_colon_chunk001
colon,real,3,31,F000539,GenBank accession T40645 expression,0,3,real_run3_colon_chunk001
colon,real,3,31,F001405,GenBank accession R64115 expression,0,3,real_run3_colon_chunk001
colon,real,3,31,F001911,ETS2 gene expression,2,3,real_run3_colon_chunk001
colon,real,3,31,F001110,GenBank accession X59511 expression,0,3,real_run3_colon_chunk001
colon,real,3,31,F001316,GenBank accession T47377 expression,0,3,real_run3_colon_chunk001
colon,real,3,31,F000388,GenBank accession R44884 expression,0,3,real_run3_colon_chunk001
colon,real,3,31,F000918,COX10 gene expression,1,3,real_run3_colon_chunk001
colon,real,3,31,F000218,GenBank accession T51852 expression,0,3,real_run3_colon_chunk001
colon,real,3,31,F001583,GenBank accession T58645 expression,0,3,real_run3_colon_chunk001
colon,real,3,31,F000183,GenBank accession T64467 expression,0,3,real_run3_colon_chunk001
colon,real,3,31,F001228,GenBank accession T79473 expression,0,3,real_run3_colon_chunk001
colon,real,3,31,F001237,GenBank accession X52151 expression,0,3,real_run3_colon_chunk001
colon,real,3,31,F001519,tafII30 gene expression,1,3,real_run3_colon_chunk001
colon,real,3,31,F000836,GenBank accession T48939 expression,0,3,real_run3_colon_chunk001
colon,real,3,31,F000519,GenBank accession R20804 expression,0,3,real_run3_colon_chunk001
colon,real,3,31,F001200,GenBank accession R96357 expression,0,3,real_run3_colon_chunk001
colon,real,3,31,F001451,GenBank accession H82100 expression,0,3,real_run3_colon_chunk001
colon,real,3,31,F000962,GenBank accession X90529 expression,0,3,real_run3_colon_chunk001
colon,real,3,31,F000313,PTP1C gene expression,1,3,real_run3_colon_chunk001
colon,real,3,31,F000202,eIF-4II gene expression,1,3,real_run3_colon_chunk001
colon,real,3,31,F001681,CPT1 gene expression,1,3,real_run3_colon_chunk001
colon,real,3,31,F000105,GenBank accession R78934 expression,0,3,real_run3_colon_chunk001
colon,real,3,31,F001671,DAF gene expression,2,3,real_run3_colon_chunk001
colon,real,3,31,F001878,MCP gene expression,1,3,real_run3_colon_chunk001
colon,real,3,31,F000536,GenBank accession R01221 expression,0,3,real_run3_colon_chunk001
colon,real,3,31,F001665,GenBank accession T67077 expression,0,3,real_run3_colon_chunk001
colon,real,3,31,F000316,GenBank accession Z46389 expression,0,3,real_run3_colon_chunk001
colon,real,3,31,F000210,GenBank accession L26339 expression,0,3,real_run3_colon_chunk001
colon,real,3,31,F000026,GenBank accession T95018 expression,0,3,real_run3_colon_chunk001
colon,real,3,31,F001529,GenBank accession R67987 expression,0,3,real_run3_colon_chunk001
colon,real,3,31,F001081,EMS1 gene expression,2,3,real_run3_colon_chunk001
colon,real,3,31,F000703,GenBank accession T90036 expression,0,3,real_run3_colon_chunk001
colon,real,3,31,F000780,GenBank accession X14618 expression,0,3,real_run3_colon_chunk001
colon,real,3,31,F001701,GenBank accession X06272 expression,0,3,real_run3_colon_chunk001
colon,real,3,31,F000662,DTK gene expression,2,3,real_run3_colon_chunk001
colon,real,3,31,F001921,GenBank accession D28137 expression,0,3,real_run3_colon_chunk001
colon,real,3,31,F000369,PPD gene expression,1,3,real_run3_colon_chunk001
colon,real,3,31,F001039,GenBank accession X01060 expression,0,3,real_run3_colon_chunk001
colon,real,3,31,F001918,YRRM gene expression,1,3,real_run3_colon_chunk001
colon,real,3,31,F000198,GenBank accession T76972 expression,0,3,real_run3_colon_chunk001
colon,real,3,31,F001664,GenBank accession T57079 expression,0,3,real_run3_colon_chunk001
colon,real,3,31,F001250,GenBank accession R46739 expression,0,3,real_run3_colon_chunk001
colon,real,3,31,F000692,GenBank accession U18920 expression,0,3,real_run3_colon_chunk001
colon,real,3,31,F001409,GenBank accession X66365 expression,0,3,real_run3_colon_chunk001
colon,real,3,31,F001397,GenBank accession U26312 expression,0,3,real_run3_colon_chunk001
colon,real,3,31,F000376,KIAA0009 gene expression,1,3,real_run3_colon_chunk001
colon,real,3,31,F001544,GenBank accession H08637 expression,0,3,real_run3_colon_chunk001
colon,real,3,31,F001744,GenBank accession H14607 expression,0,3,real_run3_colon_chunk001
colon,real,3,31,F000268,GenBank accession R54941 expression,0,3,real_run3_colon_chunk001
colon,real,3,31,F000541,GenBank accession M94630 expression,0,3,real_run3_colon_chunk001
colon,real,3,31,F000656,GenBank accession R38513 expression,0,3,real_run3_colon_chunk001
colon,real,3,31,F000399,GenBank accession H62245 expression,0,3,real_run3_colon_chunk001
colon,real,3,31,F001641,GenBank accession R71585 expression,0,3,real_run3_colon_chunk001
colon,real,3,31,F001576,KIAK0002 gene expression,1,3,real_run3_colon_chunk001
colon,real,3,31,F000294,RING1 gene expression,1,3,real_run3_colon_chunk001
colon,real,3,31,F001882,GenBank accession H29546 expression,0,3,real_run3_colon_chunk001
colon,real,3,31,F000118,GenBank accession V00522 expression,0,3,real_run3_colon_chunk001
colon,real,3,31,F001493,GenBank accession R46362 expression,0,3,real_run3_colon_chunk001
colon,real,3,31,F001952,GenBank accession H77510 expression,0,3,real_run3_colon_chunk001
colon,real,3,31,F001698,ndp52 gene expression,1,3,real_run3_colon_chunk001
colon,real,3,31,F000788,GenBank accession X51416 expression,0,3,real_run3_colon_chunk001
colon,real,3,31,F000940,GenBank accession X81372 expression,0,3,real_run3_colon_chunk001
colon,real,3,31,F001293,ATPL gene expression,1,3,real_run3_colon_chunk001
colon,real,3,31,F001598,GenBank accession Y00062 expression,0,3,real_run3_colon_chunk001
colon,real,3,31,F000096,GenBank accession T57633 expression,0,3,real_run3_colon_chunk001
colon,real,3,31,F001020,DBP-5 gene expression,1,3,real_run3_colon_chunk001
colon,real,3,31,F000973,beta-COP gene expression,1,3,real_run3_colon_chunk001
colon,real,3,31,F001457,GenBank accession D00860 expression,0,3,real_run3_colon_chunk001
colon,real,3,31,F000256,GenBank accession R72300 expression,0,3,real_run3_colon_chunk001
colon,real,3,31,F000130,GenBank accession T62856 expression,0,3,real_run3_colon_chunk001
colon,real,3,31,F001357,GenBank accession Z11502 expression,0,3,real_run3_colon_chunk001
colon,real,3,31,F000009,GenBank accession T65938 expression,0,3,real_run3_colon_chunk001
colon,real,3,31,F000347,GenBank accession H22579 expression,0,3,real_run3_colon_chunk001
colon,real,3,31,F000367,TCF-1 gene expression,1,3,real_run3_colon_chunk001
colon,real,3,31,F000435,GenBank accession T59878 expression,0,3,real_run3_colon_chunk001
colon,real,3,31,F001023,GenBank accession R20554 expression,0,3,real_run3_colon_chunk001
colon,real,3,31,F000461,GenBank accession R59902 expression,0,3,real_run3_colon_chunk001
colon,real,3,31,F001540,GenBank accession H11084 expression,0,3,real_run3_colon_chunk001
colon,real,3,31,F000773,GenBank accession X02750 expression,0,3,real_run3_colon_chunk001
colon,real,3,31,F001800,GenBank accession H24310 expression,0,3,real_run3_colon_chunk001
colon,real,3,31,F001003,GenBank accession L10413 expression,0,3,real_run3_colon_chunk001
colon,real,3,31,F000236,ZNF42 gene expression,1,3,real_run3_colon_chunk001
colon,real,3,31,F000396,GenBank accession R38636 expression,0,3,real_run3_colon_chunk001
colon,real,3,31,F000232,GenBank accession R07007 expression,0,3,real_run3_colon_chunk001
colon,real,3,31,F001248,EIF2 gene expression,1,3,real_run3_colon_chunk001
colon,real,3,31,F001870,GenBank accession M93009 expression,0,3,real_run3_colon_chunk001
colon,real,3,31,F000406,GenBank accession T60155 expression,0,3,real_run3_colon_chunk001
colon,real,3,31,F000638,GenBank accession X02744 expression,0,3,real_run3_colon_chunk001
colon,real,3,31,F001301,GenBank accession R87747 expression,0,3,real_run3_colon_chunk001
colon,real,3,31,F001791,TAFII55 gene expression,1,3,real_run3_colon_chunk001
colon,real,3,31,F001534,FUT3 gene expression,2,3,real_run3_colon_chunk001
colon,real,3,31,F001527,GenBank accession T67406 expression,0,3,real_run3_colon_chunk001
colon,real,3,31,F000029,GenBank accession R02593 expression,0,3,real_run3_colon_chunk001
colon,real,3,31,F000895,GenBank accession M64929 expression,0,3,real_run3_colon_chunk001
colon,real,3,31,F001939,ADH4 gene expression,1,3,real_run3_colon_chunk001
colon,real,3,31,F001586,GenBank accession H28111 expression,0,3,real_run3_colon_chunk001
colon,real,3,31,F000607,GenBank accession X68148 expression,0,3,real_run3_colon_chunk001
colon,real,3,31,F001506,grancalcin gene expression,1,3,real_run3_colon_chunk001
colon,real,3,31,F001831,GenBank accession D38537 expression,0,3,real_run3_colon_chunk001
colon,real,3,31,F000395,GenBank accession T81492 expression,0,3,real_run3_colon_chunk001
colon,real,3,31,F000432,B1 gene expression,1,3,real_run3_colon_chunk001
colon,real,3,31,F000639,GenBank accession U02493 expression,0,3,real_run3_colon_chunk001
colon,real,3,31,F000944,GenBank accession R37114 expression,0,3,real_run3_colon_chunk001
colon,real,3,31,F000892,GenBank accession T83644 expression,0,3,real_run3_colon_chunk001
colon,real,3,31,F000848,GenBank accession R43976 expression,0,3,real_run3_colon_chunk001
colon,real,3,31,F001646,GenBank accession H06877 expression,0,3,real_run3_colon_chunk001
colon,real,3,31,F001046,TLE4 gene expression,1,3,real_run3_colon_chunk001
colon,real,3,31,F001678,GenBank accession T93317 expression,0,3,real_run3_colon_chunk001
colon,real,3,31,F001402,GenBank accession H77597 expression,0,3,real_run3_colon_chunk001
colon,real,3,31,F001456,UQCRFS1 gene expression,1,3,real_run3_colon_chunk001
colon,real,3,31,F001273,rhoC gene expression,2,3,real_run3_colon_chunk001
colon,real,3,31,F001520,GenBank accession T66960 expression,0,3,real_run3_colon_chunk001
colon,real,3,31,F001580,GenBank accession R71651 expression,0,3,real_run3_colon_chunk001
colon,real,3,31,F000401,GenBank accession T61627 expression,0,3,real_run3_colon_chunk001
colon,real,3,31,F000993,GenBank accession R08183 expression,0,3,real_run3_colon_chunk001
colon,real,3,31,F001383,GenBank accession T53360 expression,0,3,real_run3_colon_chunk001
colon,real,3,31,F001717,GenBank accession H65425 expression,0,3,real_run3_colon_chunk001
colon,real,3,31,F001452,GenBank accession L34840 expression,0,3,real_run3_colon_chunk001
colon,real,3,31,F000558,U21.1 gene expression,1,3,real_run3_colon_chunk001
colon,real,3,31,F001513,cardiac troponin T gene expression,2,3,real_run3_colon_chunk001
colon,real,3,31,F000580,KIAA0059 gene expression,1,3,real_run3_colon_chunk001
colon,real,3,31,F001095,GenBank accession Z18538 expression,0,3,real_run3_colon_chunk001
colon,real,3,31,F001305,GenBank accession H20512 expression,0,3,real_run3_colon_chunk001
colon,real,3,31,F000272,GenBank accession T79152 expression,0,3,real_run3_colon_chunk001
colon,real,3,31,F001957,GenBank accession U33429 expression,0,3,real_run3_colon_chunk001
colon,real,3,31,F001437,K-sam-IV gene expression,2,3,real_run3_colon_chunk001
colon,real,3,31,F001458,GenBank accession U27699 expression,0,3,real_run3_colon_chunk001
colon,real,3,31,F000237,GenBank accession R82938 expression,0,3,real_run3_colon_chunk001
colon,real,3,31,F000999,GenBank accession R80779 expression,0,3,real_run3_colon_chunk001
colon,real,3,31,F000061,GenBank accession T51534 expression,0,3,real_run3_colon_chunk001
colon,real,3,31,F000217,GenBank accession Y00264 expression,0,3,real_run3_colon_chunk001
colon,real,3,31,F000146,GenBank accession X00700 expression,0,3,real_run3_colon_chunk001
colon,real,3,31,F001577,GenBank accession L14848 expression,0,3,real_run3_colon_chunk001
colon,real,3,31,F000573,GenBank accession H51015 expression,0,3,real_run3_colon_chunk001
colon,real,3,31,F001873,GenBank accession H13292 expression,0,3,real_run3_colon_chunk001
colon,real,3,31,F000966,GenBank accession T85247 expression,0,3,real_run3_colon_chunk001
colon,real,3,31,F001871,GenBank accession R09502 expression,0,3,real_run3_colon_chunk001
colon,real,3,31,F001344,Op18 gene expression,2,3,real_run3_colon_chunk001
colon,real,3,31,F001398,PEA-15 gene expression,2,3,real_run3_colon_chunk001
colon,real,3,31,F001067,GenBank accession M29065 expression,0,3,real_run3_colon_chunk001
colon,real,3,31,F001414,MYL2 gene expression,2,3,real_run3_colon_chunk001
colon,real,3,31,F001286,KTG gene expression,1,3,real_run3_colon_chunk001
colon,real,3,31,F001858,GenBank accession U32519 expression,0,3,real_run3_colon_chunk001
colon,real,3,31,F001109,GenBank accession H11661 expression,0,3,real_run3_colon_chunk001
colon,real,3,31,F001755,GenBank accession T53549 expression,0,3,real_run3_colon_chunk001
colon,real,3,31,F000383,GenBank accession R54317 expression,0,3,real_run3_colon_chunk001
colon,real,3,31,F000633,vav gene expression,2,3,real_run3_colon_chunk001
colon,real,3,31,F001628,GenBank accession R52081 expression,0,3,real_run3_colon_chunk001
colon,real,3,31,F001012,GenBank accession X14968 expression,0,3,real_run3_colon_chunk001
colon,real,3,31,F001356,gamma.1 gene expression,1,3,real_run3_colon_chunk001
colon,real,3,31,F001860,GenBank accession D26535 expression,0,3,real_run3_colon_chunk001
colon,real,3,31,F001526,GenBank accession M88468 expression,0,3,real_run3_colon_chunk001
colon,real,3,31,F000542,GenBank accession L34774 expression,0,3,real_run3_colon_chunk001
colon,real,3,31,F000349,GenBank accession T72503 expression,0,3,real_run3_colon_chunk001
colon,real,3,31,F001839,GenBank accession H41528 expression,0,3,real_run3_colon_chunk001
colon,real,3,31,F001126,GenBank accession R44887 expression,0,3,real_run3_colon_chunk001
colon,real,3,31,F001797,KIAA0039 gene expression,1,3,real_run3_colon_chunk001
colon,real,3,31,F001282,P5-1 gene expression,1,3,real_run3_colon_chunk001
colon,real,3,31,F001732,GenBank accession H64526 expression,0,3,real_run3_colon_chunk001
colon,real,3,31,F001980,GenBank accession R76825 expression,0,3,real_run3_colon_chunk001
colon,real,3,31,F000781,GenBank accession H26419 expression,0,3,real_run3_colon_chunk001
colon,real,3,31,F001888,GenBank accession U19969 expression,0,3,real_run3_colon_chunk001
colon,real,3,31,F000723,GenBank accession R67343 expression,0,3,real_run3_colon_chunk001
colon,real,3,31,F001443,GenBank accession H23098 expression,0,3,real_run3_colon_chunk001
colon,real,3,31,F000135,KIAA0120 gene expression,1,3,real_run3_colon_chunk001
colon,real,3,31,F001901,GenBank accession R45442 expression,0,3,real_run3_colon_chunk001
colon,real,3,31,F001794,GenBank accession R73606 expression,0,3,real_run3_colon_chunk001
colon,real,3,31,F001854,BCL7B gene expression,2,3,real_run3_colon_chunk001
colon,real,3,31,F001764,GenBank accession R75893 expression,0,3,real_run3_colon_chunk001
colon,real,3,31,F001879,GenBank accession H02611 expression,0,3,real_run3_colon_chunk001
colon,real,3,31,F000039,control1 expression feature,0,3,real_run3_colon_chunk001
colon,real,3,31,F001612,GenBank accession R28608 expression,0,3,real_run3_colon_chunk001
colon,real,3,31,F000158,1-8D gene expression,2,3,real_run3_colon_chunk001
colon,real,3,31,F001378,PCK1 gene expression,2,3,real_run3_colon_chunk001
colon,real,3,31,F001724,GLYRA1 gene expression,1,3,real_run3_colon_chunk001
colon,real,3,31,F000917,GenBank accession D17530 expression,0,3,real_run3_colon_chunk001
colon,real,3,31,F001143,GenBank accession R93337 expression,0,3,real_run3_colon_chunk001
colon,real,3,31,F000487,GenBank accession R37464 expression,0,3,real_run3_colon_chunk001
colon,real,3,31,F001373,GenBank accession H58397 expression,0,3,real_run3_colon_chunk001
colon,real,3,31,F000631,TOP1 gene expression,2,3,real_run3_colon_chunk001
colon,real,3,31,F001486,GenBank accession Z14978 expression,0,3,real_run3_colon_chunk001
colon,real,3,31,F001725,GenBank accession H05695 expression,0,3,real_run3_colon_chunk001
colon,real,3,31,F001487,GenBank accession R35665 expression,0,3,real_run3_colon_chunk001
colon,real,3,31,F000036,GenBank accession H54676 expression,0,3,real_run3_colon_chunk001
colon,real,3,31,F001777,HLA-DRB1 gene expression,1,3,real_run3_colon_chunk001
colon,real,3,31,F000894,transcription elongation factor SII gene expression,1,3,real_run3_colon_chunk001
colon,real,3,31,F001502,GenBank accession Z25521 expression,0,3,real_run3_colon_chunk001
colon,real,3,31,F000900,GenBank accession H75955 expression,0,3,real_run3_colon_chunk001
colon,real,3,31,F001207,GenBank accession R61324 expression,0,3,real_run3_colon_chunk001
colon,real,3,31,F000844,GenBank accession H15813 expression,0,3,real_run3_colon_chunk001
colon,real,3,31,F000948,GenBank accession M25160 expression,0,3,real_run3_colon_chunk001
colon,real,3,31,F000552,GenBank accession R46753 expression,0,3,real_run3_colon_chunk001
colon,real,3,31,F000649,GenBank accession R99591 expression,0,3,real_run3_colon_chunk001
colon,real,3,31,F000743,HLA-G gene expression,1,3,real_run3_colon_chunk001
colon,real,3,31,F000417,KIAA0158 gene expression,1,3,real_run3_colon_chunk001
colon,real,3,31,F001247,GenBank accession U22055 expression,0,3,real_run3_colon_chunk001
colon,real,3,31,F000344,GenBank accession T57882 expression,0,3,real_run3_colon_chunk001
colon,real,3,31,F001930,GenBank accession X70297 expression,0,3,real_run3_colon_chunk001
colon,real,3,31,F001142,P39 gene expression,1,3,real_run3_colon_chunk001
colon,real,3,31,F001194,GenBank accession M31776 expression,0,3,real_run3_colon_chunk001
colon,real,3,31,F001824,GenBank accession R60168 expression,0,3,real_run3_colon_chunk001
colon,real,3,31,F000889,CYP2F1 gene expression,1,3,real_run3_colon_chunk001
colon,real,3,31,F001156,GenBank accession H63354 expression,0,3,real_run3_colon_chunk001
colon,real,3,31,F000033,GenBank accession T51574 expression,0,3,real_run3_colon_chunk001
colon,real,3,31,F000592,GenBank accession D16431 expression,0,3,real_run3_colon_chunk001
colon,real,3,31,F001578,GenBank accession H62531 expression,0,3,real_run3_colon_chunk001
colon,real,3,31,F001253,THRA2 gene expression,2,3,real_run3_colon_chunk001
colon,real,3,31,F000720,GenBank accession R72874 expression,0,3,real_run3_colon_chunk001
colon,real,3,31,F000668,GenBank accession H46136 expression,0,3,real_run3_colon_chunk001
colon,real,3,31,F000261,GenBank accession R92729 expression,0,3,real_run3_colon_chunk001
colon,real,3,31,F001659,GABRB3 gene expression,1,3,real_run3_colon_chunk001
colon,real,3,31,F000602,GenBank accession L06895 expression,0,3,real_run3_colon_chunk001
colon,real,3,31,F000043,GenBank accession T61602 expression,0,3,real_run3_colon_chunk001
colon,real,3,31,F001044,GenBank accession T72599 expression,0,3,real_run3_colon_chunk001
colon,real,3,31,F000345,GenBank accession R70030 expression,0,3,real_run3_colon_chunk001
colon,real,3,31,F000976,GenBank accession T40568 expression,0,3,real_run3_colon_chunk001
colon,real,3,31,F000679,GenBank accession M28650 expression,0,3,real_run3_colon_chunk001
colon,real,3,31,F001418,GenBank accession H56077 expression,0,3,real_run3_colon_chunk001
colon,real,3,31,F001261,GenBank accession L07592 expression,0,3,real_run3_colon_chunk001
colon,real,3,31,F001908,GLUT4 gene expression,2,3,real_run3_colon_chunk001
colon,real,3,31,F000954,GenBank accession T51288 expression,0,3,real_run3_colon_chunk001
colon,real,3,31,F000415,KIAA0034 gene expression,1,3,real_run3_colon_chunk001
colon,real,3,31,F001500,CHIP28 gene expression,1,3,real_run3_colon_chunk001
colon,real,3,31,F001690,GenBank accession R39540 expression,0,3,real_run3_colon_chunk001
colon,real,3,31,F000524,GenBank accession R42837 expression,0,3,real_run3_colon_chunk001
colon,real,3,31,F000127,GenBank accession L38696 expression,0,3,real_run3_colon_chunk001
colon,real,3,31,F000706,GenBank accession H81864 expression,0,3,real_run3_colon_chunk001
colon,real,3,31,F001129,GenBank accession T56475 expression,0,3,real_run3_colon_chunk001
colon,real,3,31,F000981,KIAA0068 gene expression,1,3,real_run3_colon_chunk001
colon,real,3,31,F000985,GenBank accession T51858 expression,0,3,real_run3_colon_chunk001
colon,real,3,31,F000087,GenBank accession T87873 expression,0,3,real_run3_colon_chunk001
colon,real,3,31,F000303,IEF SSP 3521 gene expression,1,3,real_run3_colon_chunk001
colon,real,3,31,F000645,KIAA0113 gene expression,1,3,real_run3_colon_chunk001
colon,real,3,31,F000903,GenBank accession X52541 expression,0,3,real_run3_colon_chunk001
colon,real,3,31,F001068,GenBank accession R55778 expression,0,3,real_run3_colon_chunk001
colon,real,3,31,F001488,GenBank accession R00254 expression,0,3,real_run3_colon_chunk001
colon,real,3,31,F000473,GenBank accession D00761 expression,0,3,real_run3_colon_chunk001
colon,real,3,31,F001553,GenBank accession R49459 expression,0,3,real_run3_colon_chunk001
colon,real,3,31,F001620,GenBank accession T93885 expression,0,3,real_run3_colon_chunk001
colon,real,3,31,F000747,GenBank accession T65438 expression,0,3,real_run3_colon_chunk001
colon,real,3,31,F000512,GenBank accession H07899 expression,0,3,real_run3_colon_chunk001
colon,real,3,31,F001676,GenBank accession U19261 expression,0,3,real_run3_colon_chunk001
colon,real,3,31,F001906,GenBank accession H87193 expression,0,3,real_run3_colon_chunk001
colon,real,3,31,F000771,GenBank accession H40095 expression,0,3,real_run3_colon_chunk001
colon,real,3,31,F001709,VCAM1 gene expression,2,3,real_run3_colon_chunk001
colon,real,3,31,F000200,CTSB gene expression,2,3,real_run3_colon_chunk001
colon,real,3,31,F000860,EPCR gene expression,1,3,real_run3_colon_chunk001
colon,real,3,31,F001876,GenBank accession M85085 expression,0,3,real_run3_colon_chunk001
colon,real,3,31,F001294,HD gene expression,1,3,real_run3_colon_chunk001
colon,real,3,31,F000323,GenBank accession T72582 expression,0,3,real_run3_colon_chunk001
colon,real,3,31,F000960,GenBank accession H28373 expression,0,3,real_run3_colon_chunk001
colon,real,3,31,F000613,EDN gene expression,1,3,real_run3_colon_chunk001
colon,real,3,31,F000621,GenBank accession T49703 expression,0,3,real_run3_colon_chunk001
colon,real,3,31,F001572,GenBank accession R60877 expression,0,3,real_run3_colon_chunk001
colon,real,3,31,F000053,GenBank accession U12255 expression,0,3,real_run3_colon_chunk001
colon,real,3,31,F001653,GenBank accession H08751 expression,0,3,real_run3_colon_chunk001
colon,real,3,31,F000532,CAT gene expression,2,3,real_run3_colon_chunk001
colon,real,3,31,F001277,GenBank accession D16294 expression,0,3,real_run3_colon_chunk001
colon,real,3,31,F000481,GenBank accession H77348 expression,0,3,real_run3_colon_chunk001
colon,real,3,31,F001265,GenBank accession R71251 expression,0,3,real_run3_colon_chunk001
colon,real,3,31,F000934,GenBank accession M29277 expression,0,3,real_run3_colon_chunk001
colon,real,3,31,F001955,NTRR gene expression,1,3,real_run3_colon_chunk001
colon,real,3,31,F001329,NF-AT4c gene expression,1,3,real_run3_colon_chunk001
colon,real,3,31,F000048,GenBank accession T52015 expression,0,3,real_run3_colon_chunk001
colon,real,3,31,F000857,FBLN2 gene expression,2,3,real_run3_colon_chunk001
colon,real,3,31,F001631,huprobox gene expression,1,3,real_run3_colon_chunk001
colon,real,3,31,F000887,GenBank accession H09149 expression,0,3,real_run3_colon_chunk001
colon,real,3,31,F000622,GenBank accession H04461 expression,0,3,real_run3_colon_chunk001
colon,real,3,31,F000015,GenBank accession U14971 expression,0,3,real_run3_colon_chunk001
colon,real,3,31,F000368,GenBank accession Z50753 expression,0,3,real_run3_colon_chunk001
colon,real,3,31,F000992,GenBank accession M16029 expression,0,3,real_run3_colon_chunk001
colon,real,3,31,F000120,GenBank accession T74257 expression,0,3,real_run3_colon_chunk001
colon,real,3,31,F000208,RHOA gene expression,1,3,real_run3_colon_chunk001
colon,real,3,31,F000799,GenBank accession T49637 expression,0,3,real_run3_colon_chunk001
colon,real,3,31,F001472,GenBank accession H69834 expression,0,3,real_run3_colon_chunk001
colon,real,3,31,F001758,GenBank accession H73943 expression,0,3,real_run3_colon_chunk001
colon,real,3,31,F000104,GenBank accession T61446 expression,0,3,real_run3_colon_chunk001
colon,real,3,31,F001554,GenBank accession H28704 expression,0,3,real_run3_colon_chunk001
colon,real,3,31,F001515,GenBank accession T47719 expression,0,3,real_run3_colon_chunk001
colon,real,3,31,F001645,GenBank accession T62884 expression,0,3,real_run3_colon_chunk001
colon,real,3,31,F001889,dek gene expression,2,3,real_run3_colon_chunk001
colon,real,3,31,F000598,GenBank accession H45526 expression,0,3,real_run3_colon_chunk001
colon,real,3,31,F000919,GenBank accession T93284 expression,0,3,real_run3_colon_chunk001
colon,real,3,31,F001054,KIAA0016 gene expression,1,3,real_run3_colon_chunk001
colon,real,3,31,F000618,GenBank accession Z48541 expression,0,3,real_run3_colon_chunk001
colon,real,3,31,F000160,GenBank accession T52342 expression,0,3,real_run3_colon_chunk001
colon,real,3,31,F001100,GenBank accession R52624 expression,0,3,real_run3_colon_chunk001
colon,real,3,31,F000205,GenBank accession T47424 expression,0,3,real_run3_colon_chunk001
colon,real,3,31,F000381,GenBank accession R73052 expression,0,3,real_run3_colon_chunk001
colon,real,3,31,F001036,GenBank accession M80613 expression,0,3,real_run3_colon_chunk001
colon,real,3,31,F000812,GenBank accession H40416 expression,0,3,real_run3_colon_chunk001
colon,real,3,31,F001184,GenBank accession T65792 expression,0,3,real_run3_colon_chunk001
colon,real,3,31,F000869,CDR1 gene expression,2,3,real_run3_colon_chunk001
colon,real,3,31,F000289,GenBank accession T98616 expression,0,3,real_run3_colon_chunk001
colon,real,3,31,F001462,80K-L gene expression,1,3,real_run3_colon_chunk001
colon,real,3,31,F001593,CYP4A gene expression,2,3,real_run3_colon_chunk001
colon,real,3,31,F001444,RCK gene expression,1,3,real_run3_colon_chunk001
colon,real,3,31,F001281,GenBank accession L40027 expression,0,3,real_run3_colon_chunk001
colon,real,3,31,F000915,ZNF139 gene expression,2,3,real_run3_colon_chunk001
colon,real,3,31,F000600,GenBank accession R21427 expression,0,3,real_run3_colon_chunk001
colon,real,3,31,F000047,control4 expression feature,0,3,real_run3_colon_chunk001
colon,real,3,31,F000204,GenBank accession X02152 expression,0,3,real_run3_colon_chunk001
colon,real,3,31,F001198,GenBank accession R39144 expression,0,3,real_run3_colon_chunk001
colon,real,3,31,F001635,GenBank accession R80427 expression,0,3,real_run3_colon_chunk001
colon,real,3,31,F000669,GenBank accession X51345 expression,0,3,real_run3_colon_chunk001
colon,real,3,31,F001904,GenBank accession R74066 expression,0,3,real_run3_colon_chunk001
colon,real,3,31,F001311,GenBank accession T47025 expression,0,3,real_run3_colon_chunk001
colon,real,3,31,F000457,ADSS gene expression,1,3,real_run3_colon_chunk001
colon,real,3,31,F001027,GenBank accession R41866 expression,0,3,real_run3_colon_chunk001
colon,real,3,31,F000271,GenBank accession J05272 expression,0,3,real_run3_colon_chunk001
colon,real,3,31,F001827,GenBank accession U14631 expression,0,3,real_run3_colon_chunk001
colon,real,3,31,F001363,HEK2 gene expression,1,3,real_run3_colon_chunk001
colon,real,3,31,F000451,GenBank accession X03068 expression,0,3,real_run3_colon_chunk001
colon,real,3,31,F001238,alpha 7 integrin gene expression,2,3,real_run3_colon_chunk001
colon,real,3,31,F000510,GenBank accession M60484 expression,0,3,real_run3_colon_chunk001
colon,real,3,31,F000873,GenBank accession R33367 expression,0,3,real_run3_colon_chunk001
colon,real,3,31,F000698,GenBank accession T89164 expression,0,3,real_run3_colon_chunk001
colon,real,3,31,F000616,GenBank accession X12671 expression,0,3,real_run3_colon_chunk001
colon,real,3,31,F001883,GenBank accession U25138 expression,0,3,real_run3_colon_chunk001
colon,real,3,31,F001350,GenBank accession U26648 expression,0,3,real_run3_colon_chunk001
colon,real,3,31,F000733,GenBank accession R70008 expression,0,3,real_run3_colon_chunk001
colon,real,3,31,F001731,SEMGII gene expression,1,3,real_run3_colon_chunk001
colon,real,3,31,F000890,GenBank accession T41094 expression,0,3,real_run3_colon_chunk001
colon,real,3,31,F000550,GenBank accession T48014 expression,0,3,real_run3_colon_chunk001
colon,real,3,31,F001151,GenBank accession R42798 expression,0,3,real_run3_colon_chunk001
colon,real,3,31,F000606,GenBank accession R94588 expression,0,3,real_run3_colon_chunk001
colon,real,3,31,F001072,GenBank accession H02465 expression,0,3,real_run3_colon_chunk001
colon,real,3,31,F000535,GenBank accession R27813 expression,0,3,real_run3_colon_chunk001
colon,real,3,31,F001621,GenBank accession L37936 expression,0,3,real_run3_colon_chunk001
colon,real,3,31,F001499,XAP-4 gene expression,1,3,real_run3_colon_chunk001
colon,real,3,31,F001692,GenBank accession H62466 expression,0,3,real_run3_colon_chunk001
colon,real,3,31,F001638,GenBank accession R51502 expression,0,3,real_run3_colon_chunk001
colon,real,3,31,F001741,GenBank accession T54303 expression,0,3,real_run3_colon_chunk001
colon,real,3,31,F001884,PECAM-1 gene expression,2,3,real_run3_colon_chunk001
colon,real,3,31,F000615,GenBank accession T51250 expression,0,3,real_run3_colon_chunk001
colon,real,3,31,F000024,GenBank accession T59954 expression,0,3,real_run3_colon_chunk001
colon,real,3,31,F000414,GenBank accession T81460 expression,0,3,real_run3_colon_chunk001
colon,real,3,31,F001125,GenBank accession T50508 expression,0,3,real_run3_colon_chunk001
colon,real,3,31,F000099,GenBank accession T72879 expression,0,3,real_run3_colon_chunk001
colon,real,3,31,F001492,GenBank accession H44044 expression,0,3,real_run3_colon_chunk001
colon,real,3,31,F001640,ALDH1 gene expression,2,3,real_run3_colon_chunk001
colon,real,3,31,F000529,GenBank accession R37428 expression,0,3,real_run3_colon_chunk001
colon,real,3,31,F001257,HUMHMG2B gene expression,1,3,real_run3_colon_chunk001
colon,real,3,31,F001465,GenBank accession L26050 expression,0,3,real_run3_colon_chunk001
colon,real,3,31,F000163,GenBank accession R37276 expression,0,3,real_run3_colon_chunk001
colon,real,3,31,F001517,GenBank accession H05899 expression,0,3,real_run3_colon_chunk001
colon,real,3,31,F001768,GenBank accession R89377 expression,0,3,real_run3_colon_chunk001
colon,real,3,31,F000728,MAOB gene expression,2,3,real_run3_colon_chunk001
colon,real,3,31,F001399,GenBank accession R72644 expression,0,3,real_run3_colon_chunk001
colon,real,3,31,F000489,GenBank accession U20158 expression,0,3,real_run3_colon_chunk001
colon,real,3,31,F001857,GenBank accession T67173 expression,0,3,real_run3_colon_chunk001
colon,real,3,31,F001915,GenBank accession H64807 expression,0,3,real_run3_colon_chunk001
colon,real,3,31,F001497,GenBank accession H05814 expression,0,3,real_run3_colon_chunk001
colon,real,3,31,F001788,ACK1 gene expression,2,3,real_run3_colon_chunk001
colon,real,3,31,F000110,GenBank accession V00523 expression,0,3,real_run3_colon_chunk001
colon,real,3,31,F001078,GenBank accession T55117 expression,0,3,real_run3_colon_chunk001
colon,real,3,31,F001235,GenBank accession X53461 expression,0,3,real_run3_colon_chunk001
colon,real,3,31,F000831,hnRNP I gene expression,1,3,real_run3_colon_chunk001
colon,real,3,31,F000916,KIAA0102 gene expression,1,3,real_run3_colon_chunk001
colon,real,3,31,F001716,GIP gene expression,1,3,real_run3_colon_chunk001
colon,real,3,31,F000201,GenBank accession R21547 expression,0,3,real_run3_colon_chunk001
colon,real,3,31,F001252,ZP3 gene expression,1,3,real_run3_colon_chunk001
colon,real,3,31,F001285,GenBank accession U21049 expression,0,3,real_run3_colon_chunk001
colon,real,3,31,F001533,GenBank accession X53179 expression,0,3,real_run3_colon_chunk001
colon,real,3,31,F000164,hH3.3B gene expression,1,3,real_run3_colon_chunk001
colon,real,3,31,F001822,GenBank accession L26050 expression,0,3,real_run3_colon_chunk001
colon,real,3,31,F000467,GenBank accession U11292 expression,0,3,real_run3_colon_chunk001
colon,real,3,31,F000825,GenBank accession U29092 expression,0,3,real_run3_colon_chunk001
colon,real,3,31,F001569,GenBank accession T78624 expression,0,3,real_run3_colon_chunk001
colon,real,3,31,F001468,GenBank accession T54767 expression,0,3,real_run3_colon_chunk001
colon,real,3,31,F001746,GenBank accession R85558 expression,0,3,real_run3_colon_chunk001
colon,real,3,31,F001891,humFib gene expression,1,3,real_run3_colon_chunk001
colon,real,3,31,F000826,GenBank accession T84057 expression,0,3,real_run3_colon_chunk001
colon,real,3,31,F000947,GenBank accession X03484 expression,0,3,real_run3_colon_chunk001
colon,real,3,31,F001838,ORL1 gene expression,1,3,real_run3_colon_chunk001
colon,real,3,31,F000060,GenBank accession T71025 expression,0,3,real_run3_colon_chunk001
colon,real,3,31,F001180,GenBank accession H24250 expression,0,3,real_run3_colon_chunk001
colon,real,3,31,F001643,GenBank accession L19437 expression,0,3,real_run3_colon_chunk001
colon,real,3,31,F000590,GenBank accession T53412 expression,0,3,real_run3_colon_chunk001
colon,real,3,31,F001073,GenBank accession U10117 expression,0,3,real_run3_colon_chunk001
colon,real,3,31,F001590,VDAC gene expression,1,3,real_run3_colon_chunk001
colon,real,3,31,F000884,ORF gene expression,1,3,real_run3_colon_chunk001
colon,real,3,31,F000737,GenBank accession U03100 expression,0,3,real_run3_colon_chunk001
colon,real,3,31,F001318,GenBank accession T84082 expression,0,3,real_run3_colon_chunk001
colon,real,3,31,F000599,GenBank accession R44863 expression,0,3,real_run3_colon_chunk001
colon,real,3,31,F001175,GenBank accession M18930 expression,0,3,real_run3_colon_chunk001
colon,real,3,31,F000651,GenBank accession D16111 expression,0,3,real_run3_colon_chunk001
colon,real,3,31,F001091,GenBank accession Z23064 expression,0,3,real_run3_colon_chunk001
colon,real,3,31,F001074,oct-6 gene expression,1,3,real_run3_colon_chunk001
colon,real,3,31,F001132,rhoG gene expression,1,3,real_run3_colon_chunk001
colon,real,3,31,F001832,GenBank accession R41561 expression,0,3,real_run3_colon_chunk001
colon,real,3,31,F001385,GenBank accession H70635 expression,0,3,real_run3_colon_chunk001
colon,real,3,31,F000559,GenBank accession R16077 expression,0,3,real_run3_colon_chunk001
colon,real,3,31,F000493,GenBank accession H23135 expression,0,3,real_run3_colon_chunk001
colon,real,3,31,F001075,GenBank accession X54871 expression,0,3,real_run3_colon_chunk001
colon,real,3,31,F001178,GenBank accession M37583 expression,0,3,real_run3_colon_chunk001
colon,real,3,31,F001199,GenBank accession H72965 expression,0,3,real_run3_colon_chunk001
colon,real,3,31,F001087,C1 gene expression,1,3,real_run3_colon_chunk001
colon,real,3,31,F000856,GenBank accession H61535 expression,0,3,real_run3_colon_chunk001
colon,real,3,31,F000483,GenBank accession T97199 expression,0,3,real_run3_colon_chunk001
colon,real,3,31,F001137,GenBank accession R76863 expression,0,3,real_run3_colon_chunk001
colon,real,3,31,F001256,GenBank accession H11374 expression,0,3,real_run3_colon_chunk001
colon,real,3,31,F001302,ESD gene expression,1,3,real_run3_colon_chunk001
colon,real,3,31,F000972,GenBank accession H09137 expression,0,3,real_run3_colon_chunk001
colon,real,3,31,F000411,GenBank accession R44895 expression,0,3,real_run3_colon_chunk001
colon,real,3,31,F001524,GenBank accession H63361 expression,0,3,real_run3_colon_chunk001
colon,real,3,31,F000952,GenBank accession H91274 expression,0,3,real_run3_colon_chunk001
colon,real,3,31,F000766,GenBank accession R39130 expression,0,3,real_run3_colon_chunk001
colon,real,3,31,F000374,GenBank accession M32405 expression,0,3,real_run3_colon_chunk001
colon,real,3,31,F000216,ADORA1 gene expression,1,3,real_run3_colon_chunk001
colon,real,3,31,F001936,MYH10 gene expression,2,3,real_run3_colon_chunk001
colon,real,3,31,F001365,GenBank accession H25940 expression,0,3,real_run3_colon_chunk001
colon,real,3,31,F000332,GenBank accession D13315 expression,0,3,real_run3_colon_chunk001
colon,real,3,31,F000296,GenBank accession Z11584 expression,0,3,real_run3_colon_chunk001
colon,real,3,31,F001977,KIAA0023 gene expression,1,3,real_run3_colon_chunk001
colon,real,3,31,F000459,GenBank accession R50505 expression,0,3,real_run3_colon_chunk001
colon,real,3,31,F001019,GenBank accession L10717 expression,0,3,real_run3_colon_chunk001
colon,real,3,31,F001799,GenBank accession U21090 expression,0,3,real_run3_colon_chunk001
colon,real,3,31,F000751,ARF4 gene expression,1,3,real_run3_colon_chunk001
colon,real,3,31,F001343,GenBank accession M24069 expression,0,3,real_run3_colon_chunk001
colon,real,3,31,F000162,GenBank accession H06970 expression,0,3,real_run3_colon_chunk001
colon,real,3,31,F000463,GenBank accession R53036 expression,0,3,real_run3_colon_chunk001
colon,real,3,31,F001902,GenBank accession R59583 expression,0,3,real_run3_colon_chunk001
colon,real,3,31,F001323,GenBank accession L25616 expression,0,3,real_run3_colon_chunk001
colon,real,3,31,F000711,XPCC gene expression,1,3,real_run3_colon_chunk001
colon,real,3,31,F001581,GenBank accession R74208 expression,0,3,real_run3_colon_chunk001
colon,real,3,31,F000968,PPARG gene expression,2,3,real_run3_colon_chunk001
colon,real,3,31,F000734,GenBank accession T59354 expression,0,3,real_run3_colon_chunk001
colon,real,3,31,F001319,GenBank accession R39209 expression,0,3,real_run3_colon_chunk001
colon,real,3,31,F001953,GenBank accession R78142 expression,0,3,real_run3_colon_chunk001
colon,real,3,31,F001864,MXI1 gene expression,2,3,real_run3_colon_chunk001
colon,real,3,31,F001984,LIPE gene expression,1,3,real_run3_colon_chunk001
colon,real,3,31,F000785,GenBank accession R23889 expression,0,3,real_run3_colon_chunk001
colon,real,3,31,F000840,GenBank accession T54670 expression,0,3,real_run3_colon_chunk001
colon,real,3,31,F001049,GenBank accession M80815 expression,0,3,real_run3_colon_chunk001
colon,real,3,31,F000691,GenBank accession U09413 expression,0,3,real_run3_colon_chunk001
colon,real,3,31,F000676,HO57 gene expression,1,3,real_run3_colon_chunk001
colon,real,3,31,F000005,GenBank accession U14973 expression,0,3,real_run3_colon_chunk001
colon,real,3,31,F000820,GenBank accession U07158 expression,0,3,real_run3_colon_chunk001
colon,real,3,31,F001297,PTPS gene expression,1,3,real_run3_colon_chunk001
colon,real,3,31,F001627,GenBank accession U09367 expression,0,3,real_run3_colon_chunk001
colon,real,3,31,F000446,GenBank accession L02426 expression,0,3,real_run3_colon_chunk001
colon,real,3,31,F001053,GenBank accession Y00097 expression,0,3,real_run3_colon_chunk001
colon,real,3,31,F001208,GenBank accession T62067 expression,0,3,real_run3_colon_chunk001
colon,real,3,31,F001850,GenBank accession H06061 expression,0,3,real_run3_colon_chunk001
colon,real,3,31,F000983,GenBank accession X12466 expression,0,3,real_run3_colon_chunk001
colon,real,3,31,F000469,HK1 gene expression,2,3,real_run3_colon_chunk001
colon,real,3,31,F001240,ECK gene expression,2,3,real_run3_colon_chunk001
colon,real,3,31,F001154,GenBank accession U14394 expression,0,3,real_run3_colon_chunk001
colon,real,3,31,F001007,GenBank accession T61941 expression,0,3,real_run3_colon_chunk001
colon,real,3,31,F000710,GenBank accession T81492 expression,0,3,real_run3_colon_chunk001
colon,real,3,31,F000080,GenBank accession T72938 expression,0,3,real_run3_colon_chunk001
colon,real,3,31,F000470,SNC19 gene expression,1,3,real_run3_colon_chunk001
colon,real,3,31,F000437,GenBank accession D00749 expression,0,3,real_run3_colon_chunk001
colon,real,3,31,F000597,GenBank accession R83354 expression,0,3,real_run3_colon_chunk001
colon,real,3,31,F000687,GALNS gene expression,1,3,real_run3_colon_chunk001
colon,real,3,31,F001532,GenBank accession R42127 expression,0,3,real_run3_colon_chunk001
colon,real,3,31,F000365,GenBank accession T70197 expression,0,3,real_run3_colon_chunk001
colon,real,3,31,F000306,GenBank accession X63187 expression,0,3,real_run3_colon_chunk001
colon,real,3,31,F001618,PCM-1 gene expression,1,3,real_run3_colon_chunk001
colon,real,3,31,F001113,BMP1 gene expression,1,3,real_run3_colon_chunk001
colon,real,3,31,F001699,GenBank accession H47628 expression,0,3,real_run3_colon_chunk001
colon,real,3,31,F000582,GenBank accession H27921 expression,0,3,real_run3_colon_chunk001
colon,real,3,31,F001522,ITGA2B gene expression,1,3,real_run3_colon_chunk001
colon,real,3,31,F001784,CRTM gene expression,1,3,real_run3_colon_chunk001
colon,real,3,31,F001599,hsp70 gene expression,2,3,real_run3_colon_chunk001
colon,real,3,31,F000522,GenBank accession M24470 expression,0,3,real_run3_colon_chunk001
colon,real,3,31,F000861,ACADM gene expression,1,3,real_run3_colon_chunk001
colon,real,3,31,F001336,GenBank accession H55759 expression,0,3,real_run3_colon_chunk001
colon,real,3,31,F000577,GenBank accession H17897 expression,0,3,real_run3_colon_chunk001
colon,real,3,31,F001454,GenBank accession H15662 expression,0,3,real_run3_colon_chunk001
colon,real,3,31,F000715,GenBank accession M34175 expression,0,3,real_run3_colon_chunk001
colon,real,3,31,F000403,DR-nm23 gene expression,2,3,real_run3_colon_chunk001
colon,real,3,31,F001002,GenBank accession T60855 expression,0,3,real_run3_colon_chunk001
colon,real,3,31,F001204,set gene expression,1,3,real_run3_colon_chunk001
colon,real,3,31,F001650,GenBank accession H87135 expression,0,3,real_run3_colon_chunk001
colon,real,3,31,F001222,GenBank accession H49870 expression,0,3,real_run3_colon_chunk001
colon,real,3,31,F000115,GenBank accession X04106 expression,0,3,real_run3_colon_chunk001
colon,real,3,31,F001079,GenBank accession H48175 expression,0,3,real_run3_colon_chunk001
colon,real,3,31,F000179,GenBank accession T55558 expression,0,3,real_run3_colon_chunk001
colon,real,3,31,F001298,GenBank accession H42927 expression,0,3,real_run3_colon_chunk001
colon,real,3,31,F000527,HLA-G gene expression,1,3,real_run3_colon_chunk001
colon,real,3,31,F000322,GenBank accession X62153 expression,0,3,real_run3_colon_chunk001
colon,real,3,31,F001853,pcHDP7 gene expression,1,3,real_run3_colon_chunk001
colon,real,3,31,F000067,GenBank accession H43908 expression,0,3,real_run3_colon_chunk001
colon,real,3,31,F000154,GenBank accession H43908 expression,0,3,real_run3_colon_chunk001
colon,real,3,31,F000503,GenBank accession H82631 expression,0,3,real_run3_colon_chunk001
colon,real,3,31,F000069,GenBank accession X55715 expression,0,3,real_run3_colon_chunk001
colon,real,3,31,F000635,hCRHP gene expression,1,3,real_run3_colon_chunk001
colon,real,3,31,F001907,GenBank accession T41204 expression,0,3,real_run3_colon_chunk001
colon,real,3,31,F000488,EBI3 gene expression,1,3,real_run3_colon_chunk001
colon,real,3,31,F001214,GenBank accession Z29677 expression,0,3,real_run3_colon_chunk001
colon,real,3,31,F000908,GenBank accession T63539 expression,0,3,real_run3_colon_chunk001
colon,real,3,31,F001770,GenBank accession R50482 expression,0,3,real_run3_colon_chunk001
colon,real,3,31,F000653,CL 100 gene expression,2,3,real_run3_colon_chunk001
colon,real,3,31,F000132,GenBank accession M26697 expression,0,3,real_run3_colon_chunk001
colon,real,3,31,F001155,GenBank accession L31881 expression,0,3,real_run3_colon_chunk001
colon,real,3,31,F001196,GenBank accession U09414 expression,0,3,real_run3_colon_chunk001
colon,real,3,31,F001236,GenBank accession H81802 expression,0,3,real_run3_colon_chunk001
colon,real,3,31,F000807,rab7 gene expression,1,3,real_run3_colon_chunk001
colon,real,3,31,F000167,GenBank accession M19311 expression,0,3,real_run3_colon_chunk001
colon,real,3,31,F000375,GenBank accession T56940 expression,0,3,real_run3_colon_chunk001
colon,real,3,31,F001303,GS1 gene expression,1,3,real_run3_colon_chunk001
colon,real,3,31,F001738,ECK gene expression,2,3,real_run3_colon_chunk001
colon,real,3,31,F000325,GenBank accession H65823 expression,0,3,real_run3_colon_chunk001
colon,real,3,31,F000094,GenBank accession T52185 expression,0,3,real_run3_colon_chunk001
colon,real,3,31,F001050,GenBank accession R60195 expression,0,3,real_run3_colon_chunk001
colon,real,3,31,F001495,GenBank accession H78386 expression,0,3,real_run3_colon_chunk001
colon,real,3,31,F000722,GenBank accession T47584 expression,0,3,real_run3_colon_chunk001
colon,real,3,31,F001177,GenBank accession H40269 expression,0,3,real_run3_colon_chunk001
colon,real,3,31,F001712,GenBank accession H28050 expression,0,3,real_run3_colon_chunk001
colon,real,3,31,F001866,GenBank accession H49515 expression,0,3,real_run3_colon_chunk001
colon,real,3,31,F000520,GenBank accession T57483 expression,0,3,real_run3_colon_chunk001
colon,real,3,31,F001555,GenBank accession R94513 expression,0,3,real_run3_colon_chunk001
colon,real,3,31,F001292,GenBank accession H04333 expression,0,3,real_run3_colon_chunk001
colon,real,3,31,F000729,GenBank accession L01664 expression,0,3,real_run3_colon_chunk001
colon,real,3,31,F001331,GenBank accession T98555 expression,0,3,real_run3_colon_chunk001
colon,real,3,31,F001845,GenBank accession Y00661 expression,0,3,real_run3_colon_chunk001
colon,real,3,31,F001830,GenBank accession X07290 expression,0,3,real_run3_colon_chunk001
colon,real,3,31,F001345,GenBank accession R85326 expression,0,3,real_run3_colon_chunk001
colon,real,3,31,F000570,ALDR1 gene expression,1,3,real_run3_colon_chunk001
colon,real,3,31,F000566,GenBank accession T50077 expression,0,3,real_run3_colon_chunk001
colon,real,3,31,F000022,CACY gene expression,1,3,real_run3_colon_chunk001
colon,real,3,31,F001634,GenBank accession T56244 expression,0,3,real_run3_colon_chunk001
colon,real,3,31,F000192,GenBank accession T57630 expression,0,3,real_run3_colon_chunk001
colon,real,3,31,F001776,GenBank accession T50797 expression,0,3,real_run3_colon_chunk001
colon,real,3,31,F000142,ACTG1 gene expression,1,3,real_run3_colon_chunk001
colon,real,3,31,F000259,GenBank accession T62633 expression,0,3,real_run3_colon_chunk001
colon,real,3,31,F000092,GenBank accession H13194 expression,0,3,real_run3_colon_chunk001
colon,real,3,31,F001926,Wee1 Hu gene expression,2,3,real_run3_colon_chunk001
colon,real,3,31,F001389,GenBank accession R56399 expression,0,3,real_run3_colon_chunk001
colon,real,3,31,F001450,GenBank accession T40637 expression,0,3,real_run3_colon_chunk001
colon,real,3,31,F000212,GenBank accession R67075 expression,0,3,real_run3_colon_chunk001
colon,real,3,31,F001393,CD9 gene expression,2,3,real_run3_colon_chunk001
colon,real,3,31,F001512,GenBank accession U07139 expression,0,3,real_run3_colon_chunk001
colon,real,3,31,F001211,GenBank accession T83361 expression,0,3,real_run3_colon_chunk001
colon,real,3,31,F001956,GenBank accession U05040 expression,0,3,real_run3_colon_chunk001
colon,real,3,31,F001403,TTG-2a/RBTN-2a gene expression,1,3,real_run3_colon_chunk001
colon,real,3,31,F000310,GenBank accession T47562 expression,0,3,real_run3_colon_chunk001
colon,real,3,31,F001266,TGM3 gene expression,2,3,real_run3_colon_chunk001
colon,real,3,31,F000359,GenBank accession T49397 expression,0,3,real_run3_colon_chunk001
colon,real,3,31,F000786,FGFR4 gene expression,2,3,real_run3_colon_chunk001
colon,real,3,31,F001353,GenBank accession M95549 expression,0,3,real_run3_colon_chunk001
colon,real,3,31,F001545,GenBank accession H11940 expression,0,3,real_run3_colon_chunk001
colon,real,3,31,F001947,ISG12 gene expression,1,3,real_run3_colon_chunk001
colon,real,3,31,F000528,GenBank accession L36844 expression,0,3,real_run3_colon_chunk001
colon,real,3,31,F000746,c-erbA-1 gene expression,1,3,real_run3_colon_chunk001
colon,real,3,31,F001133,hbrm gene expression,1,3,real_run3_colon_chunk001
colon,real,3,31,F000879,GenBank accession H89688 expression,0,3,real_run3_colon_chunk001
colon,real,3,31,F000975,GenBank accession R14852 expression,0,3,real_run3_colon_chunk001
colon,real,3,31,F001428,GenBank accession T67433 expression,0,3,real_run3_colon_chunk001
colon,real,3,31,F001723,GenBank accession J03569 expression,0,3,real_run3_colon_chunk001
colon,real,3,31,F000970,GenBank accession H40137 expression,0,3,real_run3_colon_chunk001
colon,real,3,31,F000434,GenBank accession M96326 expression,0,3,real_run3_colon_chunk001
colon,real,3,31,F001045,GenBank accession R15876 expression,0,3,real_run3_colon_chunk001
colon,real,3,31,F000905,AP1B1 gene expression,1,3,real_run3_colon_chunk001
colon,real,3,31,F001225,GenBank accession R19361 expression,0,3,real_run3_colon_chunk001
colon,real,3,31,F000829,GenBank accession T63496 expression,0,3,real_run3_colon_chunk001
colon,real,3,31,F000518,mGluR1alpha gene expression,1,3,real_run3_colon_chunk001
colon,real,3,31,F000264,GenBank accession T69748 expression,0,3,real_run3_colon_chunk001
colon,real,3,31,F000285,huc gene expression,1,3,real_run3_colon_chunk001
colon,real,3,31,F001843,GenBank accession X12892 expression,0,3,real_run3_colon_chunk001
colon,real,3,31,F001978,fas gene expression,2,3,real_run3_colon_chunk001
colon,real,3,31,F000928,GenBank accession R56052 expression,0,3,real_run3_colon_chunk001
colon,real,3,31,F001810,GenBank accession T71049 expression,0,3,real_run3_colon_chunk001
colon,real,3,31,F000933,LW gene expression,1,3,real_run3_colon_chunk001
colon,real,3,31,F001159,GenBank accession U04953 expression,0,3,real_run3_colon_chunk001
colon,real,3,31,F001186,GenBank accession H04802 expression,0,3,real_run3_colon_chunk001
colon,real,3,31,F001937,GenBank accession L38951 expression,0,3,real_run3_colon_chunk001
colon,real,3,31,F000546,GenBank accession M33680 expression,0,3,real_run3_colon_chunk001
colon,real,3,31,F000293,GenBank accession R34701 expression,0,3,real_run3_colon_chunk001
colon,real,3,31,F001313,GLUD1 gene expression,1,3,real_run3_colon_chunk001
colon,real,3,31,F000276,GenBank accession T99498 expression,0,3,real_run3_colon_chunk001
colon,real,3,31,F000075,GenBank accession H43908 expression,0,3,real_run3_colon_chunk001
colon,real,3,31,F001371,CCND3 gene expression,2,3,real_run3_colon_chunk001
colon,real,3,31,F001965,GenBank accession M64110 expression,0,3,real_run3_colon_chunk001
colon,real,3,31,F000779,GenBank accession X02492 expression,0,3,real_run3_colon_chunk001
colon,real,3,31,F001149,GenBank accession T89175 expression,0,3,real_run3_colon_chunk001
colon,real,3,31,F000168,GenBank accession R07333 expression,0,3,real_run3_colon_chunk001
colon,real,3,31,F000355,PIM1 gene expression,2,3,real_run3_colon_chunk001
colon,real,3,31,F001272,h-Sp1 gene expression,1,3,real_run3_colon_chunk001
colon,real,3,31,F001425,GenBank accession R85479 expression,0,3,real_run3_colon_chunk001
colon,real,3,31,F000501,phSR2 gene expression,1,3,real_run3_colon_chunk001
colon,real,3,31,F001615,GenBank accession D90391 expression,0,3,real_run3_colon_chunk001
colon,real,3,31,F001525,GenBank accession X74330 expression,0,3,real_run3_colon_chunk001
colon,real,3,31,F001490,KIAA0083 gene expression,1,3,real_run3_colon_chunk001
colon,real,3,31,F001209,GenBank accession R56443 expression,0,3,real_run3_colon_chunk001
colon,real,3,31,F001259,GenBank accession H46994 expression,0,3,real_run3_colon_chunk001
colon,real,3,31,F000713,GenBank accession H11272 expression,0,3,real_run3_colon_chunk001
colon,real,3,31,F000958,GenBank accession R48936 expression,0,3,real_run3_colon_chunk001
colon,real,3,31,F000516,GenBank accession U20659 expression,0,3,real_run3_colon_chunk001
colon,real,3,31,F000870,tie gene expression,2,3,real_run3_colon_chunk001
colon,real,3,31,F000664,GenBank accession H71150 expression,0,3,real_run3_colon_chunk001
colon,real,3,31,F001380,GenBank accession M32313 expression,0,3,real_run3_colon_chunk001
colon,real,3,31,F001339,GenBank accession X52228 expression,0,3,real_run3_colon_chunk001
colon,real,3,31,F000458,GenBank accession H40560 expression,0,3,real_run3_colon_chunk001
colon,real,3,31,F000721,GenBank accession H45781 expression,0,3,real_run3_colon_chunk001
colon,real,3,31,F001518,GenBank accession R44628 expression,0,3,real_run3_colon_chunk001
colon,real,3,31,F000921,CALM1 gene expression,1,3,real_run3_colon_chunk001
colon,real,3,31,F001949,GenBank accession D37931 expression,0,3,real_run3_colon_chunk001
colon,real,3,31,F001589,GenBank accession H64576 expression,0,3,real_run3_colon_chunk001
colon,real,3,31,F000913,GenBank accession T95291 expression,0,3,real_run3_colon_chunk001
colon,real,3,31,F001892,GenBank accession R53455 expression,0,3,real_run3_colon_chunk001
colon,real,3,31,F000911,GenBank accession J03161 expression,0,3,real_run3_colon_chunk001
colon,real,3,31,F000925,GenBank accession Y00815 expression,0,3,real_run3_colon_chunk001
colon,real,3,31,F000795,GenBank accession R76254 expression,0,3,real_run3_colon_chunk001
colon,real,3,31,F000206,GenBank accession H50623 expression,0,3,real_run3_colon_chunk001
colon,real,3,31,F000776,KIAA0002 gene expression,1,3,real_run3_colon_chunk001
colon,real,3,31,F001682,GenBank accession H70868 expression,0,3,real_run3_colon_chunk001
colon,real,3,31,F000447,PYGB gene expression,2,3,real_run3_colon_chunk001
colon,real,3,31,F001694,GenBank accession H29054 expression,0,3,real_run3_colon_chunk001
colon,real,3,31,F001351,GenBank accession H09719 expression,0,3,real_run3_colon_chunk001
colon,real,3,31,F001611,PTPA gene expression,1,3,real_run3_colon_chunk001
colon,real,3,31,F000119,GenBank accession U12255 expression,0,3,real_run3_colon_chunk001
colon,real,3,31,F000824,GenBank accession H29483 expression,0,3,real_run3_colon_chunk001
colon,real,3,31,F000864,GenBank accession T62568 expression,0,3,real_run3_colon_chunk001
colon,real,3,31,F001938,GenBank accession R44112 expression,0,3,real_run3_colon_chunk001
colon,real,3,31,F000072,GenBank accession R42570 expression,0,3,real_run3_colon_chunk001
colon,real,3,31,F000965,GenBank accession U00968 expression,0,3,real_run3_colon_chunk001
colon,real,3,31,F001355,hHKa3-II gene expression,1,3,real_run3_colon_chunk001
colon,real,3,31,F001919,GenBank accession R78595 expression,0,3,real_run3_colon_chunk001
colon,real,3,31,F001077,GenBank accession R39531 expression,0,3,real_run3_colon_chunk001
colon,real,3,31,F000244,IGFBP4 gene expression,2,3,real_run3_colon_chunk001
colon,real,3,31,F000472,GenBank accession H56686 expression,0,3,real_run3_colon_chunk001
colon,real,3,31,F001464,GenBank accession R54097 expression,0,3,real_run3_colon_chunk001
colon,real,3,31,F000251,BTG1 gene expression,2,3,real_run3_colon_chunk001
colon,real,3,31,F001607,GenBank accession D90086 expression,0,3,real_run3_colon_chunk001
colon,real,3,31,F000324,QDPR gene expression,1,3,real_run3_colon_chunk001
colon,real,3,31,F001961,GenBank accession R06749 expression,0,3,real_run3_colon_chunk001
colon,real,3,31,F000419,GenBank accession U27143 expression,0,3,real_run3_colon_chunk001
colon,real,3,31,F001886,GenBank accession R99907 expression,0,3,real_run3_colon_chunk001
colon,real,3,31,F001467,GenBank accession H05893 expression,0,3,real_run3_colon_chunk001
colon,real,3,31,F000214,MIA gene expression,2,3,real_run3_colon_chunk001
colon,real,3,31,F001940,GenBank accession Y00796 expression,0,3,real_run3_colon_chunk001
colon,real,3,31,F000885,GenBank accession R56869 expression,0,3,real_run3_colon_chunk001
colon,real,3,31,F000724,GenBank accession D00763 expression,0,3,real_run3_colon_chunk001
colon,real,3,31,F001028,GenBank accession H56470 expression,0,3,real_run3_colon_chunk001
colon,real,3,31,F000701,GenBank accession H69872 expression,0,3,real_run3_colon_chunk001
colon,real,3,31,F000514,GenBank accession M96839 expression,0,3,real_run3_colon_chunk001
colon,real,3,31,F001745,GenBank accession R98189 expression,0,3,real_run3_colon_chunk001
colon,real,3,31,F000051,GenBank accession T93094 expression,0,3,real_run3_colon_chunk001
colon,real,3,31,F001231,GenBank accession T99080 expression,0,3,real_run3_colon_chunk001
colon,real,3,31,F000956,GenBank accession R46069 expression,0,3,real_run3_colon_chunk001
colon,real,3,31,F001817,GenBank accession M55265 expression,0,3,real_run3_colon_chunk001
colon,real,3,31,F000103,GenBank accession T56934 expression,0,3,real_run3_colon_chunk001
colon,real,3,31,F000705,GenBank accession U25265 expression,0,3,real_run3_colon_chunk001
colon,real,3,31,F000763,SkM1 gene expression,1,3,real_run3_colon_chunk001
colon,real,3,31,F000203,GenBank accession T61632 expression,0,3,real_run3_colon_chunk001
colon,real,3,31,F000392,GenBank accession L19956 expression,0,3,real_run3_colon_chunk001
colon,real,3,31,F001309,GenBank accession R32804 expression,0,3,real_run3_colon_chunk001
colon,real,3,31,F000859,GenBank accession T47069 expression,0,3,real_run3_colon_chunk001
colon,real,3,31,F001432,GenBank accession X07948 expression,0,3,real_run3_colon_chunk001
colon,real,3,31,F000219,GenBank accession T70595 expression,0,3,real_run3_colon_chunk001
colon,real,3,31,F001491,F13A1 gene expression,1,3,real_run3_colon_chunk001
colon,real,3,31,F001626,VIP gene expression,1,3,real_run3_colon_chunk001
colon,real,3,31,F001565,GenBank accession L21993 expression,0,3,real_run3_colon_chunk001
colon,real,3,31,F001833,P69 2-5A synthetase gene expression,1,3,real_run3_colon_chunk001
colon,real,3,31,F001521,RPL26 gene expression,1,3,real_run3_colon_chunk001
colon,real,3,31,F001865,LIS1 gene expression,1,3,real_run3_colon_chunk001
colon,real,3,31,F001780,PCCB gene expression,1,3,real_run3_colon_chunk001
colon,real,3,31,F000248,GenBank accession H80975 expression,0,3,real_run3_colon_chunk001
colon,real,3,31,F001675,GenBank accession H24310 expression,0,3,real_run3_colon_chunk001
colon,real,3,31,F000758,HTK gene expression,2,3,real_run3_colon_chunk001
colon,real,3,31,F000089,GenBank accession R01124 expression,0,3,real_run3_colon_chunk001
colon,real,3,31,F000978,APOE gene expression,2,3,real_run3_colon_chunk001
colon,real,3,31,F001991,GenBank accession T49647 expression,0,3,real_run3_colon_chunk001
colon,real,3,31,F001254,GenBank accession T40454 expression,0,3,real_run3_colon_chunk001
colon,real,3,31,F000712,GenBank accession T65380 expression,0,3,real_run3_colon_chunk001
colon,real,3,31,F000327,GenBank accession H46732 expression,0,3,real_run3_colon_chunk001
colon,real,3,31,F000888,GenBank accession H43887 expression,0,3,real_run3_colon_chunk001
colon,real,3,31,F001055,GenBank accession X69141 expression,0,3,real_run3_colon_chunk001
colon,real,3,31,F000019,GenBank accession H09263 expression,0,3,real_run3_colon_chunk001
colon,real,3,31,F001923,TRIP11 gene expression,1,3,real_run3_colon_chunk001
colon,real,3,31,F001134,ENO2 gene expression,2,3,real_run3_colon_chunk001
colon,real,3,31,F001971,GenBank accession R98410 expression,0,3,real_run3_colon_chunk001
colon,real,3,31,F001762,GenBank accession J05032 expression,0,3,real_run3_colon_chunk001
colon,real,3,31,F000731,GenBank accession Z35093 expression,0,3,real_run3_colon_chunk001
colon,real,3,31,F001374,GenBank accession H02540 expression,0,3,real_run3_colon_chunk001
colon,real,3,31,F000346,GGT2 gene expression,1,3,real_run3_colon_chunk001
colon,real,3,31,F001623,GenBank accession M34668 expression,0,3,real_run3_colon_chunk001
colon,real,3,31,F000572,GenBank accession T51571 expression,0,3,real_run3_colon_chunk001
colon,real,3,31,F001954,GenBank accession R62945 expression,0,3,real_run3_colon_chunk001
colon,real,3,31,F000243,GenBank accession M63391 expression,0,3,real_run3_colon_chunk001
colon,real,3,31,F001164,GBP-2 gene expression,1,3,real_run3_colon_chunk001
colon,real,3,31,F000267,GenBank accession T53694 expression,0,3,real_run3_colon_chunk001
colon,real,3,31,F001792,TGFB2 gene expression,2,3,real_run3_colon_chunk001
colon,real,3,31,F000755,GenBank accession X05276 expression,0,3,real_run3_colon_chunk001
colon,real,3,31,F001575,LDLR gene expression,1,3,real_run3_colon_chunk001
colon,real,3,31,F000421,GenBank accession R60859 expression,0,3,real_run3_colon_chunk001
colon,real,3,31,F000254,control8 expression feature,0,3,real_run3_colon_chunk001
colon,real,3,31,F001307,GenBank accession H54091 expression,0,3,real_run3_colon_chunk001
colon,real,3,31,F000429,GenBank accession R60318 expression,0,3,real_run3_colon_chunk001
colon,real,3,31,F000480,tunp gene expression,1,3,real_run3_colon_chunk001
colon,real,3,31,F000587,GenBank accession R49964 expression,0,3,real_run3_colon_chunk001
colon,real,3,31,F000842,GenBank accession H05910 expression,0,3,real_run3_colon_chunk001
colon,real,3,31,F001271,GenBank accession X16354 expression,0,3,real_run3_colon_chunk001
colon,real,3,31,F001423,KIAA0038 gene expression,1,3,real_run3_colon_chunk001
colon,real,3,31,F001898,GenBank accession U12134 expression,0,3,real_run3_colon_chunk001
colon,real,3,31,F000176,GenBank accession T57686 expression,0,3,real_run3_colon_chunk001
colon,real,3,31,F001287,CBS gene expression,1,3,real_run3_colon_chunk001
colon,real,3,31,F000704,GenBank accession T80178 expression,0,3,real_run3_colon_chunk001
colon,real,3,31,F001846,KIAA0077 gene expression,1,3,real_run3_colon_chunk001
colon,real,3,31,F000818,GenBank accession T90759 expression,0,3,real_run3_colon_chunk001
colon,real,3,31,F000764,GenBank accession R40184 expression,0,3,real_run3_colon_chunk001
colon,real,3,31,F001877,AMPD3 gene expression,1,3,real_run3_colon_chunk001
colon,real,3,31,F000385,GenBank accession M99564 expression,0,3,real_run3_colon_chunk001
colon,real,3,31,F001647,GenBank accession X16504 expression,0,3,real_run3_colon_chunk001
colon,real,3,31,F000337,GenBank accession R49231 expression,0,3,real_run3_colon_chunk001
colon,real,3,31,F000068,GenBank accession H79575 expression,0,3,real_run3_colon_chunk001
colon,real,3,31,F001153,GenBank accession H27277 expression,0,3,real_run3_colon_chunk001
colon,real,3,31,F001117,PMP3 gene expression,1,3,real_run3_colon_chunk001
colon,real,3,31,F000757,GenBank accession T47342 expression,0,3,real_run3_colon_chunk001
colon,real,3,31,F000431,GenBank accession M94556 expression,0,3,real_run3_colon_chunk001
colon,real,3,31,F000301,GenBank accession T48296 expression,0,3,real_run3_colon_chunk001
colon,real,3,31,F000882,GenBank accession R61249 expression,0,3,real_run3_colon_chunk001
colon,real,3,31,F000215,GenBank accession X53743 expression,0,3,real_run3_colon_chunk001
colon,real,3,31,F001370,GenBank accession R32511 expression,0,3,real_run3_colon_chunk001
colon,real,3,31,F000297,IGHG3 gene expression,1,3,real_run3_colon_chunk001
colon,real,3,31,F000329,GenBank accession R41941 expression,0,3,real_run3_colon_chunk001
colon,real,3,31,F000718,GenBank accession H83703 expression,0,3,real_run3_colon_chunk001
colon,real,3,31,F001700,GenBank accession H90764 expression,0,3,real_run3_colon_chunk001
colon,real,3,31,F001376,GenBank accession H75867 expression,0,3,real_run3_colon_chunk001
colon,real,3,31,F000391,GenBank accession R70016 expression,0,3,real_run3_colon_chunk001
colon,real,3,31,F001968,GenBank accession T49204 expression,0,3,real_run3_colon_chunk001
colon,real,3,31,F000229,GenBank accession T63591 expression,0,3,real_run3_colon_chunk001
colon,real,3,31,F000266,GenBank accession U14971 expression,0,3,real_run3_colon_chunk001
colon,real,3,31,F000095,GenBank accession T89730 expression,0,3,real_run3_colon_chunk001
colon,real,3,31,F000938,GenBank accession R71401 expression,0,3,real_run3_colon_chunk001
colon,real,3,31,F000652,GenBank accession T62972 expression,0,3,real_run3_colon_chunk001
colon,real,3,31,F000373,GenBank accession Z15114 expression,0,3,real_run3_colon_chunk001
colon,real,3,31,F001630,GenBank accession U14391 expression,0,3,real_run3_colon_chunk001
colon,real,3,31,F000886,cox VIIb gene expression,1,3,real_run3_colon_chunk001
colon,real,3,31,F001000,muf1 gene expression,1,3,real_run3_colon_chunk001
colon,real,3,31,F000078,GenBank accession T56674 expression,0,3,real_run3_colon_chunk001
colon,real,3,31,F000413,GenBank accession R77824 expression,0,3,real_run3_colon_chunk001
colon,real,3,31,F000537,GenBank accession R49565 expression,0,3,real_run3_colon_chunk001
colon,real,3,31,F000269,GenBank accession R83904 expression,0,3,real_run3_colon_chunk001
colon,real,3,31,F001815,c-cbl gene expression,1,3,real_run3_colon_chunk001
colon,real,3,31,F000655,GenBank accession H43663 expression,0,3,real_run3_colon_chunk001
colon,real,3,31,F000485,TnC gene expression,2,3,real_run3_colon_chunk001
colon,real,3,31,F000689,GenBank accession T51261 expression,0,3,real_run3_colon_chunk001
colon,real,3,31,F000906,GenBank accession U28389 expression,0,3,real_run3_colon_chunk001
colon,real,3,31,F001966,MAP1A gene expression,1,3,real_run3_colon_chunk001
colon,real,3,31,F000871,GenBank accession D21239 expression,0,3,real_run3_colon_chunk001
colon,real,3,31,F001539,GenBank accession T40578 expression,0,3,real_run3_colon_chunk001
colon,real,3,31,F000778,NF-IL6-beta gene expression,1,3,real_run3_colon_chunk001
colon,real,3,31,F001120,GenBank accession T55840 expression,0,3,real_run3_colon_chunk001
colon,real,3,31,F001806,GenBank accession Z22936 expression,0,3,real_run3_colon_chunk001
colon,real,3,31,F001652,GenBank accession M27826 expression,0,3,real_run3_colon_chunk001
colon,real,3,31,F000988,GenBank accession J03161 expression,0,3,real_run3_colon_chunk001
colon,real,3,31,F001306,HOX7 gene expression,2,3,real_run3_colon_chunk001
colon,real,3,31,F001401,GenBank accession R83923 expression,0,3,real_run3_colon_chunk001
colon,real,3,31,F000920,GSTM4 gene expression,1,3,real_run3_colon_chunk001
colon,real,3,31,F001842,SMA3 gene expression,1,3,real_run3_colon_chunk001
colon,real,3,31,F000684,GenBank accession L11370 expression,0,3,real_run3_colon_chunk001
colon,real,3,31,F000533,SFTP1 gene expression,1,3,real_run3_colon_chunk001
colon,real,3,31,F001324,GenBank accession X58521 expression,0,3,real_run3_colon_chunk001
colon,real,3,31,F001979,GenBank accession T64128 expression,0,3,real_run3_colon_chunk001
colon,real,3,31,F001104,GenBank accession M81635 expression,0,3,real_run3_colon_chunk001
colon,real,3,31,F000056,GenBank accession T48804 expression,0,3,real_run3_colon_chunk001
colon,real,3,31,F001346,GenBank accession T85165 expression,0,3,real_run3_colon_chunk001
colon,real,3,31,F001275,BCHEL1 gene expression,1,3,real_run3_colon_chunk001
colon,real,3,31,F001511,GenBank accession R80855 expression,0,3,real_run3_colon_chunk001
colon,real,3,31,F001384,GenBank accession H77536 expression,0,3,real_run3_colon_chunk001
colon,real,3,31,F000603,GenBank accession R52000 expression,0,3,real_run3_colon_chunk001
colon,real,3,31,F001973,GenBank accession T89666 expression,0,3,real_run3_colon_chunk001
colon,real,3,31,F000881,AAMP gene expression,1,3,real_run3_colon_chunk001
colon,real,3,31,F000838,GenBank accession U07132 expression,0,3,real_run3_colon_chunk001
colon,real,3,31,F001173,GenBank accession M61199 expression,0,3,real_run3_colon_chunk001
colon,real,3,31,F000008,GenBank accession H80240 expression,0,3,real_run3_colon_chunk001
colon,real,3,31,F000803,GenBank accession Z49269 expression,0,3,real_run3_colon_chunk001
colon,real,3,31,F001034,SSRP1 gene expression,1,3,real_run3_colon_chunk001
colon,real,3,31,F000506,GenBank accession T56604 expression,0,3,real_run3_colon_chunk001
colon,real,3,31,F001622,TFIIE beta gene expression,1,3,real_run3_colon_chunk001
colon,real,3,31,F000312,GenBank accession T48386 expression,0,3,real_run3_colon_chunk001
colon,real,3,31,F001722,GenBank accession L38932 expression,0,3,real_run3_colon_chunk001
colon,real,3,31,F001115,GenBank accession U10117 expression,0,3,real_run3_colon_chunk001
colon,real,3,31,F001951,GenBank accession D59253 expression,0,3,real_run3_colon_chunk001
colon,real,3,31,F001332,GenBank accession M74524 expression,0,3,real_run3_colon_chunk001
colon,real,3,31,F000830,GenBank accession T59162 expression,0,3,real_run3_colon_chunk001
colon,real,3,31,F001308,GenBank accession T95046 expression,0,3,real_run3_colon_chunk001
colon,real,3,31,F001005,GenBank accession R43914 expression,0,3,real_run3_colon_chunk001
colon,real,3,31,F000014,GenBank accession H20709 expression,0,3,real_run3_colon_chunk001
colon,real,3,31,F001042,DLG2 gene expression,2,3,real_run3_colon_chunk001
colon,real,3,31,F000124,GenBank accession R85464 expression,0,3,real_run3_colon_chunk001
colon,real,3,31,F001874,GenBank accession R44057 expression,0,3,real_run3_colon_chunk001
colon,real,3,31,F001781,GenBank accession U10362 expression,0,3,real_run3_colon_chunk001
colon,real,3,31,F000648,GenBank accession M27749 expression,0,3,real_run3_colon_chunk001
colon,real,3,31,F000811,GenBank accession X79857 expression,0,3,real_run3_colon_chunk001
colon,real,3,31,F001337,GenBank accession T62947 expression,0,3,real_run3_colon_chunk001
colon,real,3,31,F001407,GenBank accession M28882 expression,0,3,real_run3_colon_chunk001
colon,real,3,31,F000574,GenBank accession H59599 expression,0,3,real_run3_colon_chunk001
colon,real,3,31,F000923,GSTT2 gene expression,1,3,real_run3_colon_chunk001
colon,real,3,31,F001703,TPMT gene expression,1,3,real_run3_colon_chunk001
colon,real,3,31,F001655,GenBank accession H79136 expression,0,3,real_run3_colon_chunk001
colon,real,3,31,F001869,x11 gene expression,1,3,real_run3_colon_chunk001
colon,real,3,31,F001624,GenBank accession H66786 expression,0,3,real_run3_colon_chunk001
colon,real,3,31,F000265,"MLN 50, Lasp-1 gene expression",2,3,real_run3_colon_chunk001
colon,real,3,31,F001706,GenBank accession T60860 expression,0,3,real_run3_colon_chunk001
colon,real,3,31,F001718,GenBank accession X60489 expression,0,3,real_run3_colon_chunk001
colon,real,3,31,F000188,GenBank accession Z22572 expression,0,3,real_run3_colon_chunk001
colon,real,3,31,F000055,GenBank accession R74349 expression,0,3,real_run3_colon_chunk001
colon,real,3,31,F000129,fast gene expression,1,3,real_run3_colon_chunk001
colon,real,3,31,F001523,GenBank accession M22538 expression,0,3,real_run3_colon_chunk001
colon,real,3,31,F000335,GenBank accession H15542 expression,0,3,real_run3_colon_chunk001
colon,real,3,31,F001568,GenBank accession H06189 expression,0,3,real_run3_colon_chunk001
colon,real,3,31,F000475,GenBank accession T64941 expression,0,3,real_run3_colon_chunk001
colon,real,3,31,F000930,GenBank accession U29607 expression,0,3,real_run3_colon_chunk001
colon,real,3,31,F001863,MSX2 gene expression,2,3,real_run3_colon_chunk001
colon,real,3,31,F001411,GenBank accession R78950 expression,0,3,real_run3_colon_chunk001
colon,real,3,31,F001617,GenBank accession T95612 expression,0,3,real_run3_colon_chunk001
colon,real,3,31,F000108,GenBank accession T93589 expression,0,3,real_run3_colon_chunk001
colon,real,3,31,F000181,GenBank accession T51023 expression,0,3,real_run3_colon_chunk001
colon,real,3,31,F001601,GenBank accession U15782 expression,0,3,real_run3_colon_chunk001
colon,real,3,31,F000299,GenBank accession X16135 expression,0,3,real_run3_colon_chunk001
colon,real,3,31,F001855,GenBank accession T91121 expression,0,3,real_run3_colon_chunk001
colon,real,3,31,F001064,GenBank accession R98842 expression,0,3,real_run3_colon_chunk001
colon,real,3,31,F001753,GenBank accession H24956 expression,0,3,real_run3_colon_chunk001
colon,real,3,31,F000959,GenBank accession R46731 expression,0,3,real_run3_colon_chunk001
colon,real,3,31,F001249,GenBank accession R67358 expression,0,3,real_run3_colon_chunk001
colon,real,3,31,F000400,GenBank accession R50736 expression,0,3,real_run3_colon_chunk001
colon,real,3,31,F001498,FUT6 gene expression,1,3,real_run3_colon_chunk001
colon,real,3,31,F000238,GenBank accession T70063 expression,0,3,real_run3_colon_chunk001
colon,real,3,31,F001667,GenBank accession U03851 expression,0,3,real_run3_colon_chunk001
colon,real,3,31,F001619,tnfr gene expression,1,3,real_run3_colon_chunk001
colon,real,3,31,F001674,GenBank accession T98274 expression,0,3,real_run3_colon_chunk001
colon,real,3,31,F001284,GenBank accession H23544 expression,0,3,real_run3_colon_chunk001
colon,real,3,31,F000730,GenBank accession X12369 expression,0,3,real_run3_colon_chunk001
colon,real,3,31,F000233,GenBank accession H48027 expression,0,3,real_run3_colon_chunk001
colon,real,3,31,F001201,GenBank accession R55310 expression,0,3,real_run3_colon_chunk001
colon,real,3,31,F001958,GenBank accession T60778 expression,0,3,real_run3_colon_chunk001
colon,real,3,31,F000041,GenBank accession T88723 expression,0,3,real_run3_colon_chunk001
colon,real,3,31,F001179,GenBank accession T57535 expression,0,3,real_run3_colon_chunk001
colon,real,3,31,F001338,GenBank accession X02157 expression,0,3,real_run3_colon_chunk001
colon,real,3,31,F000896,GenBank accession T99303 expression,0,3,real_run3_colon_chunk001
colon,real,3,31,F001022,VDAC gene expression,1,3,real_run3_colon_chunk001
colon,real,3,31,F001059,GenBank accession M98326 expression,0,3,real_run3_colon_chunk001
colon,real,3,31,F001111,GenBank accession T65758 expression,0,3,real_run3_colon_chunk001
colon,real,3,31,F000697,GenBank accession U01877 expression,0,3,real_run3_colon_chunk001
colon,real,3,31,F001819,GenBank accession T56350 expression,0,3,real_run3_colon_chunk001
colon,real,3,31,F001449,GenBank accession H04654 expression,0,3,real_run3_colon_chunk001
colon,real,3,31,F001943,GenBank accession T78323 expression,0,3,real_run3_colon_chunk001
colon,real,3,31,F001440,GenBank accession R38758 expression,0,3,real_run3_colon_chunk001
colon,real,3,31,F001648,GenBank accession R99935 expression,0,3,real_run3_colon_chunk001
colon,real,3,31,F000315,GenBank accession R85616 expression,0,3,real_run3_colon_chunk001
colon,real,3,31,F001025,GenBank accession R44072 expression,0,3,real_run3_colon_chunk001
colon,real,3,31,F000227,GenBank accession M62994 expression,0,3,real_run3_colon_chunk001
colon,real,3,31,F001162,lck gene expression,1,3,real_run3_colon_chunk001
colon,real,3,31,F001017,GenBank accession Z47087 expression,0,3,real_run3_colon_chunk001
colon,real,3,31,F001639,GenBank accession T86749 expression,0,3,real_run3_colon_chunk001
colon,real,3,31,F000611,GenBank accession X04828 expression,0,3,real_run3_colon_chunk001
colon,real,3,31,F001596,p62 gene expression,1,3,real_run3_colon_chunk001
colon,real,3,31,F000977,GenBank accession D78134 expression,0,3,real_run3_colon_chunk001
colon,real,3,31,F000197,CAP gene expression,1,3,real_run3_colon_chunk001
colon,real,3,31,F000636,GenBank accession H42477 expression,0,3,real_run3_colon_chunk001
colon,real,3,31,F000507,NK4 gene expression,2,3,real_run3_colon_chunk001
colon,real,3,31,F001051,GenBank accession U09564 expression,0,3,real_run3_colon_chunk001
colon,real,3,31,F001734,GenBank accession X17025 expression,0,3,real_run3_colon_chunk001
colon,real,3,31,F001917,GenBank accession M25809 expression,0,3,real_run3_colon_chunk001
colon,real,3,31,F000038,GenBank accession T63258 expression,0,3,real_run3_colon_chunk001
colon,real,3,31,F001606,GenBank accession R42765 expression,0,3,real_run3_colon_chunk001
colon,real,3,31,F001436,GenBank accession M13560 expression,0,3,real_run3_colon_chunk001
colon,real,3,31,F001970,GenBank accession H20856 expression,0,3,real_run3_colon_chunk001
colon,real,3,31,F000783,GenBank accession R88740 expression,0,3,real_run3_colon_chunk001
colon,real,3,31,F001123,BMI-1 gene expression,2,3,real_run3_colon_chunk001
colon,real,3,31,F001684,GenBank accession U19252 expression,0,3,real_run3_colon_chunk001
colon,real,3,31,F000418,GenBank accession L10284 expression,0,3,real_run3_colon_chunk001
colon,real,3,31,F001765,GenBank accession R77220 expression,0,3,real_run3_colon_chunk001
colon,real,3,31,F000456,IQGAP1 gene expression,2,3,real_run3_colon_chunk001
colon,real,3,31,F000646,GenBank accession R53612 expression,0,3,real_run3_colon_chunk001
colon,real,3,31,F001661,GenBank accession H23975 expression,0,3,real_run3_colon_chunk001
colon,real,3,31,F001406,GenBank accession X12548 expression,0,3,real_run3_colon_chunk001
colon,real,3,31,F001396,PC gene expression,1,3,real_run3_colon_chunk001
colon,real,3,31,F000609,GenBank accession Y00970 expression,0,3,real_run3_colon_chunk001
colon,real,3,31,F001561,GenBank accession H81558 expression,0,3,real_run3_colon_chunk001
colon,real,3,31,F000563,GenBank accession T58756 expression,0,3,real_run3_colon_chunk001
colon,real,3,31,F001191,GenBank accession H65355 expression,0,3,real_run3_colon_chunk001
colon,real,3,31,F000161,GenBank accession T57780 expression,0,3,real_run3_colon_chunk001
colon,real,3,31,F000714,GenBank accession H65019 expression,0,3,real_run3_colon_chunk001
colon,real,3,31,F000726,ICAM1 gene expression,2,3,real_run3_colon_chunk001
colon,real,3,31,F000133,GenBank accession T65003 expression,0,3,real_run3_colon_chunk001
colon,real,3,31,F000034,GenBank accession T48041 expression,0,3,real_run3_colon_chunk001
colon,real,3,31,F001851,GenBank accession L34059 expression,0,3,real_run3_colon_chunk001
colon,real,3,31,F001342,ZNF33B gene expression,1,3,real_run3_colon_chunk001
colon,real,3,31,F001119,PIG-A gene expression,1,3,real_run3_colon_chunk001
colon,real,3,31,F000777,GenBank accession H70250 expression,0,3,real_run3_colon_chunk001
colon,real,3,31,F000997,GenBank accession T53889 expression,0,3,real_run3_colon_chunk001
colon,real,3,31,F001579,GenBank accession R60591 expression,0,3,real_run3_colon_chunk001
colon,real,3,31,F000640,GenBank accession R54854 expression,0,3,real_run3_colon_chunk001
colon,real,3,31,F000817,GenBank accession H22948 expression,0,3,real_run3_colon_chunk001
colon,real,3,31,F000980,GenBank accession T90280 expression,0,3,real_run3_colon_chunk001
colon,real,3,31,F001360,GenBank accession H53092 expression,0,3,real_run3_colon_chunk001
colon,real,3,31,F001509,GenBank accession R43936 expression,0,3,real_run3_colon_chunk001
colon,real,3,31,F001812,GenBank accession H40013 expression,0,3,real_run3_colon_chunk001
colon,real,3,31,F001085,GenBank accession R33481 expression,0,3,real_run3_colon_chunk001
colon,real,3,31,F000534,GenBank accession K02566 expression,0,3,real_run3_colon_chunk001
colon,real,3,31,F001494,GenBank accession R47961 expression,0,3,real_run3_colon_chunk001
colon,real,3,31,F000907,GenBank accession H04311 expression,0,3,real_run3_colon_chunk001
colon,real,3,31,F000515,GenBank accession H11650 expression,0,3,real_run3_colon_chunk001
colon,real,3,31,F001708,GenBank accession H45251 expression,0,3,real_run3_colon_chunk001
colon,real,3,31,F000171,GenBank accession T49941 expression,0,3,real_run3_colon_chunk001
colon,real,3,31,F000444,GenBank accession H61410 expression,0,3,real_run3_colon_chunk001
colon,real,3,31,F001274,GenBank accession Y00711 expression,0,3,real_run3_colon_chunk001
colon,real,3,31,F000377,GenBank accession T54341 expression,0,3,real_run3_colon_chunk001
colon,real,3,31,F000625,GenBank accession X06614 expression,0,3,real_run3_colon_chunk001
colon,real,3,31,F001881,KRT10 gene expression,2,3,real_run3_colon_chunk001
colon,real,3,31,F001029,rhoG gene expression,1,3,real_run3_colon_chunk001
colon,real,3,31,F001651,GenBank accession H14372 expression,0,3,real_run3_colon_chunk001
colon,real,3,31,F000287,GenBank accession M86400 expression,0,3,real_run3_colon_chunk001
colon,real,3,31,F001903,GenBank accession R16156 expression,0,3,real_run3_colon_chunk001
colon,real,3,31,F001193,CSNK2A2 gene expression,1,3,real_run3_colon_chunk001
colon,real,3,31,F000247,GenBank accession X66363 expression,0,3,real_run3_colon_chunk001
colon,real,3,31,F000023,GenBank accession R22197 expression,0,3,real_run3_colon_chunk001
colon,real,3,31,F000897,GenBank accession R80703 expression,0,3,real_run3_colon_chunk001
colon,real,3,31,F000585,GenBank accession T89422 expression,0,3,real_run3_colon_chunk001
colon,real,3,31,F000801,LAMB2 gene expression,1,3,real_run3_colon_chunk001
colon,real,3,31,F001291,GenBank accession T94885 expression,0,3,real_run3_colon_chunk001
colon,real,3,31,F001789,GPx-2 gene expression,2,3,real_run3_colon_chunk001
colon,real,3,31,F001637,GenBank accession L36818 expression,0,3,real_run3_colon_chunk001
colon,real,3,31,F000736,GenBank accession D16469 expression,0,3,real_run3_colon_chunk001
colon,real,3,31,F001749,GenBank accession H20819 expression,0,3,real_run3_colon_chunk001
colon,real,3,31,F000898,UROD gene expression,1,3,real_run3_colon_chunk001
colon,real,3,31,F001948,CTCF gene expression,1,3,real_run3_colon_chunk001
colon,real,3,31,F001245,GenBank accession X54232 expression,0,3,real_run3_colon_chunk001
colon,real,3,31,F001015,GenBank accession R65697 expression,0,3,real_run3_colon_chunk001
colon,real,3,31,F000150,MAG gene expression,1,3,real_run3_colon_chunk001
colon,real,3,31,F000681,LAG-1 gene expression,1,3,real_run3_colon_chunk001
colon,real,3,31,F000549,GenBank accession R10707 expression,0,3,real_run3_colon_chunk001
colon,real,3,31,F001987,CSF1R gene expression,1,3,real_run3_colon_chunk001
colon,real,3,31,F001163,CAMLG gene expression,1,3,real_run3_colon_chunk001
colon,real,3,31,F000683,GenBank accession T71207 expression,0,3,real_run3_colon_chunk001
colon,real,3,31,F001736,GenBank accession R72104 expression,0,3,real_run3_colon_chunk001
colon,real,3,31,F000020,GenBank accession T49423 expression,0,3,real_run3_colon_chunk001
colon,real,3,31,F000174,GenBank accession T57872 expression,0,3,real_run3_colon_chunk001
colon,real,3,31,F000984,GenBank accession X15880 expression,0,3,real_run3_colon_chunk001
colon,real,3,31,F001189,GenBank accession R36973 expression,0,3,real_run3_colon_chunk001
colon,real,3,31,F000961,GenBank accession T62191 expression,0,3,real_run3_colon_chunk001
colon,real,3,31,F001364,GenBank accession T51139 expression,0,3,real_run3_colon_chunk001
colon,real,3,31,F000364,GenBank accession T64983 expression,0,3,real_run3_colon_chunk001
colon,real,3,31,F000761,Ly-GDI gene expression,1,3,real_run3_colon_chunk001
colon,real,3,31,F001063,GenBank accession H78819 expression,0,3,real_run3_colon_chunk001
colon,real,3,31,F001560,KIAA0107 gene expression,1,3,real_run3_colon_chunk001
colon,real,3,31,F000410,GenBank accession R44418 expression,0,3,real_run3_colon_chunk001
colon,real,3,31,F001483,GenBank accession T47778 expression,0,3,real_run3_colon_chunk001
colon,real,3,31,F000249,GenBank accession H82746 expression,0,3,real_run3_colon_chunk001
colon,real,3,31,F000278,CALR gene expression,1,3,real_run3_colon_chunk001
colon,real,3,31,F001595,GenBank accession D16227 expression,0,3,real_run3_colon_chunk001
colon,real,3,31,F001441,G22P1 gene expression,1,3,real_run3_colon_chunk001
colon,real,3,31,F000307,galK gene expression,1,3,real_run3_colon_chunk001
colon,real,3,31,F000412,GenBank accession H49587 expression,0,3,real_run3_colon_chunk001
colon,real,3,31,F000910,GABA-A receptor beta 1 subunit gene expression,1,3,real_run3_colon_chunk001
colon,real,3,31,F001793,GenBank accession T40674 expression,0,3,real_run3_colon_chunk001
colon,real,3,31,F000654,GenBank accession Z17227 expression,0,3,real_run3_colon_chunk001
colon,real,3,31,F000610,GenBank accession H89087 expression,0,3,real_run3_colon_chunk001
colon,real,3,31,F000979,GenBank accession L08044 expression,0,3,real_run3_colon_chunk001
colon,real,3,31,F001859,GenBank accession R71092 expression,0,3,real_run3_colon_chunk001
colon,real,3,31,F000579,GenBank accession T56011 expression,0,3,real_run3_colon_chunk001
colon,real,3,31,F000052,GenBank accession T51560 expression,0,3,real_run3_colon_chunk001
colon,real,3,31,F001116,GenBank accession T48612 expression,0,3,real_run3_colon_chunk001
colon,real,3,31,F001809,GenBank accession H40699 expression,0,3,real_run3_colon_chunk001
colon,real,3,31,F000106,bcl-xL gene expression,2,3,real_run3_colon_chunk001
colon,real,3,31,F001508,efp gene expression,1,3,real_run3_colon_chunk001
colon,real,3,31,F001315,RON gene expression,2,3,real_run3_colon_chunk001
colon,real,3,31,F001206,GenBank accession T47213 expression,0,3,real_run3_colon_chunk001
colon,real,3,31,F001255,GenBank accession H47107 expression,0,3,real_run3_colon_chunk001
colon,real,3,31,F001528,GenBank accession Y00971 expression,0,3,real_run3_colon_chunk001
colon,real,3,31,F000366,GenBank accession R49169 expression,0,3,real_run3_colon_chunk001
colon,real,3,31,F001048,ZNF174 gene expression,1,3,real_run3_colon_chunk001
colon,real,3,31,F000338,GenBank accession T52642 expression,0,3,real_run3_colon_chunk001
colon,real,3,31,F000449,ALDH2 gene expression,1,3,real_run3_colon_chunk001
colon,real,3,31,F000891,C8G gene expression,1,3,real_run3_colon_chunk001
colon,real,3,31,F001714,GenBank accession Z13009 expression,0,3,real_run3_colon_chunk001
colon,real,3,31,F001131,GenBank accession T71612 expression,0,3,real_run3_colon_chunk001
colon,real,3,31,F000686,GenBank accession H66976 expression,0,3,real_run3_colon_chunk001
colon,real,3,31,F001986,MDC gene expression,1,3,real_run3_colon_chunk001
colon,real,3,31,F000872,GenBank accession X64037 expression,0,3,real_run3_colon_chunk001
colon,real,3,31,F000798,MUC2 gene expression,3,3,real_run3_colon_chunk001
colon,real,3,31,F001269,KIAA0154 gene expression,1,3,real_run3_colon_chunk001
colon,real,3,31,F000624,GenBank accession H87344 expression,0,3,real_run3_colon_chunk001
colon,real,3,31,F001032,GenBank accession R54467 expression,0,3,real_run3_colon_chunk001
colon,real,3,31,F000416,GenBank accession R51531 expression,0,3,real_run3_colon_chunk001
colon,real,3,31,F000136,HLA-DRw12 gene expression,1,3,real_run3_colon_chunk001
colon,real,3,31,F001719,GenBank accession R75893 expression,0,3,real_run3_colon_chunk001
colon,real,3,31,F001548,GenBank accession M21186 expression,0,3,real_run3_colon_chunk001
colon,real,3,31,F001056,NGFR gene expression,2,3,real_run3_colon_chunk001
colon,real,3,31,F000195,GenBank accession Z24727 expression,0,3,real_run3_colon_chunk001
colon,real,3,31,F000816,DRG2 gene expression,1,3,real_run3_colon_chunk001
colon,real,3,31,F000074,PTMS gene expression,1,3,real_run3_colon_chunk001
colon,real,3,31,F001145,CD59 gene expression,2,3,real_run3_colon_chunk001
colon,real,3,31,F001823,CGRP gene expression,1,3,real_run3_colon_chunk001
colon,real,3,31,F000727,GenBank accession T78096 expression,0,3,real_run3_colon_chunk001
colon,real,3,31,F000076,GenBank accession M31013 expression,0,3,real_run3_colon_chunk001
colon,real,3,31,F000823,GenBank accession R81330 expression,0,3,real_run3_colon_chunk001
colon,real,3,31,F001299,KIAA0021 gene expression,1,3,real_run3_colon_chunk001
colon,real,3,31,F001424,GenBank accession X17042 expression,0,3,real_run3_colon_chunk001
colon,real,3,31,F001733,GenBank accession X02874 expression,0,3,real_run3_colon_chunk001
colon,real,3,31,F001215,GenBank accession X12791 expression,0,3,real_run3_colon_chunk001
colon,real,3,31,F001107,GenBank accession H09089 expression,0,3,real_run3_colon_chunk001
colon,real,3,31,F000797,GenBank accession X15882 expression,0,3,real_run3_colon_chunk001
colon,real,3,31,F001760,GenBank accession H01418 expression,0,3,real_run3_colon_chunk001
colon,real,3,31,F000937,TCF1 gene expression,1,3,real_run3_colon_chunk001
colon,real,3,31,F000556,HBP gene expression,1,3,real_run3_colon_chunk001
colon,real,3,31,F000660,CROC-1A gene expression,1,3,real_run3_colon_chunk001
colon,real,3,31,F000351,GenBank accession L09604 expression,0,3,real_run3_colon_chunk001
colon,real,3,31,F001242,lbx1 gene expression,1,3,real_run3_colon_chunk001
colon,real,3,31,F001094,GenBank accession T56460 expression,0,3,real_run3_colon_chunk001
colon,real,3,31,F001033,GenBank accession R36977 expression,0,3,real_run3_colon_chunk001
colon,real,3,31,F000629,GenBank accession U03865 expression,0,3,real_run3_colon_chunk001
colon,real,3,31,F000495,odc1 gene expression,2,3,real_run3_colon_chunk001
colon,real,3,31,F001139,GenBank accession R47976 expression,0,3,real_run3_colon_chunk001
colon,real,3,31,F001931,nrl gene expression,1,3,real_run3_colon_chunk001
colon,real,3,31,F001296,GenBank accession D78152 expression,0,3,real_run3_colon_chunk001
colon,real,3,31,F000035,GenBank accession T96832 expression,0,3,real_run3_colon_chunk001
colon,real,3,31,F001847,ERK3 gene expression,1,3,real_run3_colon_chunk001
colon,real,3,31,F001076,KIAA0091 gene expression,1,3,real_run3_colon_chunk001
colon,real,3,31,F000175,KIAA0106 gene expression,1,3,real_run3_colon_chunk001
colon,real,3,31,F001320,GenBank accession L32163 expression,0,3,real_run3_colon_chunk001
colon,real,3,31,F001944,p78 gene expression,1,3,real_run3_colon_chunk001
colon,real,3,31,F000569,GenBank accession T98803 expression,0,3,real_run3_colon_chunk001
colon,real,3,31,F000471,hARF5 gene expression,1,3,real_run3_colon_chunk001
colon,real,3,31,F001295,GenBank accession H73908 expression,0,3,real_run3_colon_chunk001
colon,real,3,31,F001347,GenBank accession R99916 expression,0,3,real_run3_colon_chunk001
colon,real,3,31,F001181,GenBank accession T79616 expression,0,3,real_run3_colon_chunk001
colon,real,3,31,F000409,GenBank accession M63167 expression,0,3,real_run3_colon_chunk001
colon,real,3,31,F000588,GenBank accession T99478 expression,0,3,real_run3_colon_chunk001
colon,real,3,31,F000253,GenBank accession X54163 expression,0,3,real_run3_colon_chunk001
colon,real,3,31,F000765,GenBank accession X13451 expression,0,3,real_run3_colon_chunk001
colon,real,3,31,F001098,KIAA0099 gene expression,1,3,real_run3_colon_chunk001
colon,real,3,31,F001445,GenBank accession M29550 expression,0,3,real_run3_colon_chunk001
colon,real,3,31,F001763,GenBank accession H08393 expression,0,3,real_run3_colon_chunk001
colon,real,3,31,F000339,BCL3 gene expression,2,3,real_run3_colon_chunk001
colon,real,3,31,F001642,GenBank accession U28686 expression,0,3,real_run3_colon_chunk001
colon,real,3,31,F000794,GenBank accession R00285 expression,0,3,real_run3_colon_chunk001
colon,real,3,31,F001496,GenBank accession M83221 expression,0,3,real_run3_colon_chunk001
colon,real,3,31,F001942,E-MAP-115 gene expression,1,3,real_run3_colon_chunk001
colon,real,3,31,F001340,CD1C gene expression,1,3,real_run3_colon_chunk001
colon,real,3,31,F001536,GenBank accession T61333 expression,0,3,real_run3_colon_chunk001
colon,real,3,31,F001516,rod cG-PDE G gene expression,1,3,real_run3_colon_chunk001
colon,real,3,31,F000555,GenBank accession M28128 expression,0,3,real_run3_colon_chunk001
colon,real,3,31,F000787,GenBank accession R73129 expression,0,3,real_run3_colon_chunk001
metabric,real,3,31,F000164,CASP9 gene expression,2,3,real_run3_metabric_chunk001
metabric,real,3,31,F000305,KMT2D gene expression,2,3,real_run3_metabric_chunk001
metabric,real,3,31,F000552,MAP2K4 somatic mutation,2,3,real_run3_metabric_chunk001
metabric,real,3,31,F000019,pr status,4,3,real_run3_metabric_chunk001
metabric,real,3,31,F000041,RAD51D gene expression,2,3,real_run3_metabric_chunk001
metabric,real,3,31,F000619,BCAS3 somatic mutation,1,3,real_run3_metabric_chunk001
metabric,real,3,31,F000135,ACVR2B gene expression,1,3,real_run3_metabric_chunk001
metabric,real,3,31,F000398,NPNT gene expression,1,3,real_run3_metabric_chunk001
metabric,real,3,31,F000651,ACVRL1 somatic mutation,1,3,real_run3_metabric_chunk001
metabric,real,3,31,F000424,SETDB1 gene expression,2,3,real_run3_metabric_chunk001
metabric,real,3,31,F000123,RFNG gene expression,1,3,real_run3_metabric_chunk001
metabric,real,3,31,F000329,TUBB4A gene expression,1,3,real_run3_metabric_chunk001
metabric,real,3,31,F000008,neoplasm histologic grade,4,3,real_run3_metabric_chunk001
metabric,real,3,31,F000140,APAF1 gene expression,2,3,real_run3_metabric_chunk001
metabric,real,3,31,F000187,FOLR3 gene expression,1,3,real_run3_metabric_chunk001
metabric,real,3,31,F000452,AKR1C1 gene expression,1,3,real_run3_metabric_chunk001
metabric,real,3,31,F000270,RPS6KA1 gene expression,2,3,real_run3_metabric_chunk001
metabric,real,3,31,F000161,CASP6 gene expression,2,3,real_run3_metabric_chunk001
metabric,real,3,31,F000284,SPTBN1 gene expression,1,3,real_run3_metabric_chunk001
metabric,real,3,31,F000317,BBC3 gene expression,2,3,real_run3_metabric_chunk001
metabric,real,3,31,F000548,STAB2 somatic mutation,1,3,real_run3_metabric_chunk001
metabric,real,3,31,F000312,TBX3 gene expression,2,3,real_run3_metabric_chunk001
metabric,real,3,31,F000012,inferred menopausal state,2,3,real_run3_metabric_chunk001
metabric,real,3,31,F000064,E2F4 gene expression,2,3,real_run3_metabric_chunk001
metabric,real,3,31,F000428,SIAH1 gene expression,2,3,real_run3_metabric_chunk001
metabric,real,3,31,F000459,CDK8 gene expression,2,3,real_run3_metabric_chunk001
metabric,real,3,31,F000052,CCND1 gene expression,3,3,real_run3_metabric_chunk001
metabric,real,3,31,F000157,BMPR2 gene expression,2,3,real_run3_metabric_chunk001
metabric,real,3,31,F000575,ASXL2 somatic mutation,1,3,real_run3_metabric_chunk001
metabric,real,3,31,F000299,ZFYVE9 gene expression,1,3,real_run3_metabric_chunk001
metabric,real,3,31,F000306,MYH9 gene expression,1,3,real_run3_metabric_chunk001
metabric,real,3,31,F000542,COL22A1 somatic mutation,1,3,real_run3_metabric_chunk001
metabric,real,3,31,F000507,TNK2 gene expression,2,3,real_run3_metabric_chunk001
metabric,real,3,31,F000608,NPNT somatic mutation,1,3,real_run3_metabric_chunk001
metabric,real,3,31,F000125,SPEN gene expression,2,3,real_run3_metabric_chunk001
metabric,real,3,31,F000010,her2 status,4,3,real_run3_metabric_chunk001
metabric,real,3,31,F000269,RPS6 gene expression,2,3,real_run3_metabric_chunk001
metabric,real,3,31,F000046,CCNA1 gene expression,2,3,real_run3_metabric_chunk001
metabric,real,3,31,F000672,NR2F1 somatic mutation,1,3,real_run3_metabric_chunk001
metabric,real,3,31,F000519,MAP3K1 somatic mutation,3,3,real_run3_metabric_chunk001
metabric,real,3,31,F000298,WWOX gene expression,2,3,real_run3_metabric_chunk001
metabric,real,3,31,F000522,CDH1 somatic mutation,3,3,real_run3_metabric_chunk001
metabric,real,3,31,F000467,CYP3A43 gene expression,1,3,real_run3_metabric_chunk001
metabric,real,3,31,F000434,SMARCD1 gene expression,1,3,real_run3_metabric_chunk001
metabric,real,3,31,F000023,BRCA1 gene expression,4,3,real_run3_metabric_chunk001
metabric,real,3,31,F000628,NRG3 somatic mutation,1,3,real_run3_metabric_chunk001
metabric,real,3,31,F000117,NUMBL gene expression,1,3,real_run3_metabric_chunk001
metabric,real,3,31,F000170,CXCR2 gene expression,2,3,real_run3_metabric_chunk001
metabric,real,3,31,F000047,CCNB1 gene expression,3,3,real_run3_metabric_chunk001
metabric,real,3,31,F000402,NRG3 gene expression,1,3,real_run3_metabric_chunk001
metabric,real,3,31,F000151,BMP4 gene expression,2,3,real_run3_metabric_chunk001
metabric,real,3,31,F000093,DTX3 gene expression,1,3,real_run3_metabric_chunk001
metabric,real,3,31,F000032,NF1 gene expression,3,3,real_run3_metabric_chunk001
metabric,real,3,31,F000562,SETD2 somatic mutation,3,3,real_run3_metabric_chunk001
metabric,real,3,31,F000017,nottingham prognostic index,4,3,real_run3_metabric_chunk001
metabric,real,3,31,F000094,DTX4 gene expression,1,3,real_run3_metabric_chunk001
metabric,real,3,31,F000173,DLEC1 gene expression,2,3,real_run3_metabric_chunk001
metabric,real,3,31,F000526,RYR2 somatic mutation,2,3,real_run3_metabric_chunk001
metabric,real,3,31,F000266,RASSF1 gene expression,3,3,real_run3_metabric_chunk001
metabric,real,3,31,F000198,INHA gene expression,1,3,real_run3_metabric_chunk001
metabric,real,3,31,F000257,PEG3 gene expression,2,3,real_run3_metabric_chunk001
metabric,real,3,31,F000635,PRKACG somatic mutation,1,3,real_run3_metabric_chunk001
metabric,real,3,31,F000554,LAMB3 somatic mutation,1,3,real_run3_metabric_chunk001
metabric,real,3,31,F000535,COL6A3 somatic mutation,1,3,real_run3_metabric_chunk001
metabric,real,3,31,F000495,RDH5 gene expression,1,3,real_run3_metabric_chunk001
metabric,real,3,31,F000646,KRAS somatic mutation,3,3,real_run3_metabric_chunk001
metabric,real,3,31,F000068,E2F8 gene expression,2,3,real_run3_metabric_chunk001
metabric,real,3,31,F000038,PMS2 gene expression,2,3,real_run3_metabric_chunk001
metabric,real,3,31,F000343,ARID5B gene expression,2,3,real_run3_metabric_chunk001
metabric,real,3,31,F000667,SMAD2 somatic mutation,2,3,real_run3_metabric_chunk001
metabric,real,3,31,F000474,HSD17B11 gene expression,1,3,real_run3_metabric_chunk001
metabric,real,3,31,F000544,AKT1 somatic mutation,3,3,real_run3_metabric_chunk001
metabric,real,3,31,F000607,ERBB4 somatic mutation,2,3,real_run3_metabric_chunk001
metabric,real,3,31,F000066,E2F6 gene expression,2,3,real_run3_metabric_chunk001
metabric,real,3,31,F000166,CSF1 gene expression,2,3,real_run3_metabric_chunk001
metabric,real,3,31,F000222,MAPK7 gene expression,2,3,real_run3_metabric_chunk001
metabric,real,3,31,F000654,CTNNA1 somatic mutation,1,3,real_run3_metabric_chunk001
metabric,real,3,31,F000159,CASP10 gene expression,2,3,real_run3_metabric_chunk001
metabric,real,3,31,F000498,SHBG gene expression,1,3,real_run3_metabric_chunk001
metabric,real,3,31,F000666,FRMD3 somatic mutation,1,3,real_run3_metabric_chunk001
metabric,real,3,31,F000380,L1CAM gene expression,2,3,real_run3_metabric_chunk001
metabric,real,3,31,F000326,NR1I2 gene expression,1,3,real_run3_metabric_chunk001
metabric,real,3,31,F000217,MAPK12 gene expression,2,3,real_run3_metabric_chunk001
metabric,real,3,31,F000147,BMP10 gene expression,1,3,real_run3_metabric_chunk001
metabric,real,3,31,F000553,ROS1 somatic mutation,2,3,real_run3_metabric_chunk001
metabric,real,3,31,F000049,CCNE1 gene expression,3,3,real_run3_metabric_chunk001
metabric,real,3,31,F000491,PIK3R3 gene expression,2,3,real_run3_metabric_chunk001
metabric,real,3,31,F000350,CCND3 gene expression,2,3,real_run3_metabric_chunk001
metabric,real,3,31,F000655,MAGEA8 somatic mutation,1,3,real_run3_metabric_chunk001
metabric,real,3,31,F000531,TG somatic mutation,1,3,real_run3_metabric_chunk001
metabric,real,3,31,F000466,CYP21A2 gene expression,1,3,real_run3_metabric_chunk001
metabric,real,3,31,F000076,STAT5B gene expression,2,3,real_run3_metabric_chunk001
metabric,real,3,31,F000415,PRR16 gene expression,1,3,real_run3_metabric_chunk001
metabric,real,3,31,F000486,HSD3B7 gene expression,1,3,real_run3_metabric_chunk001
metabric,real,3,31,F000334,AFF2 gene expression,1,3,real_run3_metabric_chunk001
metabric,real,3,31,F000593,SBNO1 somatic mutation,1,3,real_run3_metabric_chunk001
metabric,real,3,31,F000636,RPGR somatic mutation,1,3,real_run3_metabric_chunk001
metabric,real,3,31,F000664,PRKG1 somatic mutation,1,3,real_run3_metabric_chunk001
metabric,real,3,31,F000547,NCOR1 somatic mutation,3,3,real_run3_metabric_chunk001
metabric,real,3,31,F000528,HERC2 somatic mutation,2,3,real_run3_metabric_chunk001
metabric,real,3,31,F000065,E2F5 gene expression,2,3,real_run3_metabric_chunk001
metabric,real,3,31,F000454,AKR1C3 gene expression,2,3,real_run3_metabric_chunk001
metabric,real,3,31,F000410,PRKCE gene expression,2,3,real_run3_metabric_chunk001
metabric,real,3,31,F000420,RYR2 gene expression,2,3,real_run3_metabric_chunk001
metabric,real,3,31,F000564,THSD7A somatic mutation,1,3,real_run3_metabric_chunk001
metabric,real,3,31,F000558,SHANK2 somatic mutation,1,3,real_run3_metabric_chunk001
metabric,real,3,31,F000475,HSD17B12 gene expression,1,3,real_run3_metabric_chunk001
metabric,real,3,31,F000367,FLT3 gene expression,2,3,real_run3_metabric_chunk001
metabric,real,3,31,F000445,TTYH1 gene expression,1,3,real_run3_metabric_chunk001
metabric,real,3,31,F000490,NRIP1 gene expression,2,3,real_run3_metabric_chunk001
metabric,real,3,31,F000224,MAPK9 gene expression,2,3,real_run3_metabric_chunk001
metabric,real,3,31,F000022,tumor stage,4,3,real_run3_metabric_chunk001
metabric,real,3,31,F000030,CHEK2 gene expression,3,3,real_run3_metabric_chunk001
metabric,real,3,31,F000260,PIK3R2 gene expression,2,3,real_run3_metabric_chunk001
metabric,real,3,31,F000406,PBRM1 gene expression,3,3,real_run3_metabric_chunk001
metabric,real,3,31,F000579,FANCD2 somatic mutation,2,3,real_run3_metabric_chunk001
metabric,real,3,31,F000461,CYB5A gene expression,1,3,real_run3_metabric_chunk001
metabric,real,3,31,F000333,AFDN gene expression,1,3,real_run3_metabric_chunk001
metabric,real,3,31,F000097,HDAC1 gene expression,2,3,real_run3_metabric_chunk001
metabric,real,3,31,F000216,MAPK1 gene expression,2,3,real_run3_metabric_chunk001
metabric,real,3,31,F000570,FANCA somatic mutation,2,3,real_run3_metabric_chunk001
metabric,real,3,31,F000031,NBN gene expression,3,3,real_run3_metabric_chunk001
metabric,real,3,31,F000255,PDGFRB gene expression,2,3,real_run3_metabric_chunk001
metabric,real,3,31,F000436,STAB2 gene expression,1,3,real_run3_metabric_chunk001
metabric,real,3,31,F000515,AHNAK2 somatic mutation,1,3,real_run3_metabric_chunk001
metabric,real,3,31,F000062,E2F2 gene expression,2,3,real_run3_metabric_chunk001
metabric,real,3,31,F000479,HSD17B3 gene expression,1,3,real_run3_metabric_chunk001
metabric,real,3,31,F000505,ST7 gene expression,2,3,real_run3_metabric_chunk001
metabric,real,3,31,F000323,MAP2 gene expression,2,3,real_run3_metabric_chunk001
metabric,real,3,31,F000245,MMP3 gene expression,2,3,real_run3_metabric_chunk001
metabric,real,3,31,F000487,MECOM gene expression,2,3,real_run3_metabric_chunk001
metabric,real,3,31,F000090,DLL4 gene expression,2,3,real_run3_metabric_chunk001
metabric,real,3,31,F000026,PTEN gene expression,4,3,real_run3_metabric_chunk001
metabric,real,3,31,F000213,MAP3K3 gene expression,2,3,real_run3_metabric_chunk001
metabric,real,3,31,F000352,CLK3 gene expression,1,3,real_run3_metabric_chunk001
metabric,real,3,31,F000085,CTBP1 gene expression,2,3,real_run3_metabric_chunk001
metabric,real,3,31,F000034,BARD1 gene expression,3,3,real_run3_metabric_chunk001
metabric,real,3,31,F000289,TGFB3 gene expression,2,3,real_run3_metabric_chunk001
metabric,real,3,31,F000365,FANCA gene expression,3,3,real_run3_metabric_chunk001
metabric,real,3,31,F000431,SMARCB1 gene expression,3,3,real_run3_metabric_chunk001
metabric,real,3,31,F000634,HDAC9 somatic mutation,1,3,real_run3_metabric_chunk001
metabric,real,3,31,F000015,lymph nodes examined positive,4,3,real_run3_metabric_chunk001
metabric,real,3,31,F000144,BAD gene expression,2,3,real_run3_metabric_chunk001
metabric,real,3,31,F000171,DAB2 gene expression,2,3,real_run3_metabric_chunk001
metabric,real,3,31,F000025,PALB2 gene expression,4,3,real_run3_metabric_chunk001
metabric,real,3,31,F000668,SGCD somatic mutation,1,3,real_run3_metabric_chunk001
metabric,real,3,31,F000405,PALLD gene expression,1,3,real_run3_metabric_chunk001
metabric,real,3,31,F000197,IGF1R gene expression,2,3,real_run3_metabric_chunk001
metabric,real,3,31,F000384,LDLRAP1 gene expression,1,3,real_run3_metabric_chunk001
metabric,real,3,31,F000212,MAP3K1 gene expression,3,3,real_run3_metabric_chunk001
metabric,real,3,31,F000362,DNAH5 gene expression,1,3,real_run3_metabric_chunk001
metabric,real,3,31,F000385,LIFR gene expression,2,3,real_run3_metabric_chunk001
metabric,real,3,31,F000375,HERC2 gene expression,2,3,real_run3_metabric_chunk001
metabric,real,3,31,F000483,HSD17B8 gene expression,1,3,real_run3_metabric_chunk001
metabric,real,3,31,F000602,FAM20C somatic mutation,2,3,real_run3_metabric_chunk001
metabric,real,3,31,F000281,SMAD6 gene expression,1,3,real_run3_metabric_chunk001
metabric,real,3,31,F000302,CBFB gene expression,3,3,real_run3_metabric_chunk001
metabric,real,3,31,F000470,DDC gene expression,1,3,real_run3_metabric_chunk001
metabric,real,3,31,F000418,RASGEF1B gene expression,1,3,real_run3_metabric_chunk001
metabric,real,3,31,F000626,BRIP1 somatic mutation,3,3,real_run3_metabric_chunk001
metabric,real,3,31,F000650,CLRN2 somatic mutation,1,3,real_run3_metabric_chunk001
metabric,real,3,31,F000594,KDM3A somatic mutation,1,3,real_run3_metabric_chunk001
metabric,real,3,31,F000576,APC somatic mutation,3,3,real_run3_metabric_chunk001
metabric,real,3,31,F000656,PRR16 somatic mutation,1,3,real_run3_metabric_chunk001
metabric,real,3,31,F000240,MMP24 gene expression,2,3,real_run3_metabric_chunk001
metabric,real,3,31,F000050,CDK2 gene expression,2,3,real_run3_metabric_chunk001
metabric,real,3,31,F000648,CHEK2 somatic mutation,3,3,real_run3_metabric_chunk001
metabric,real,3,31,F000291,TGFBR2 gene expression,2,3,real_run3_metabric_chunk001
metabric,real,3,31,F000282,SMAD7 gene expression,2,3,real_run3_metabric_chunk001
metabric,real,3,31,F000002,cancer type,2,3,real_run3_metabric_chunk001
metabric,real,3,31,F000001,age at diagnosis,3,3,real_run3_metabric_chunk001
metabric,real,3,31,F000525,USH2A somatic mutation,2,3,real_run3_metabric_chunk001
metabric,real,3,31,F000296,VEGFB gene expression,2,3,real_run3_metabric_chunk001
metabric,real,3,31,F000497,SERPINI1 gene expression,1,3,real_run3_metabric_chunk001
metabric,real,3,31,F000610,AGMO somatic mutation,1,3,real_run3_metabric_chunk001
metabric,real,3,31,F000186,FOLR2 gene expression,1,3,real_run3_metabric_chunk001
metabric,real,3,31,F000513,TP53 somatic mutation,4,3,real_run3_metabric_chunk001
metabric,real,3,31,F000451,ACKR3 gene expression,2,3,real_run3_metabric_chunk001
metabric,real,3,31,F000057,CDKN2B gene expression,3,3,real_run3_metabric_chunk001
metabric,real,3,31,F000448,USP9X gene expression,2,3,real_run3_metabric_chunk001
metabric,real,3,31,F000044,RBL1 gene expression,2,3,real_run3_metabric_chunk001
metabric,real,3,31,F000126,HES2 gene expression,1,3,real_run3_metabric_chunk001
metabric,real,3,31,F000391,MTAP gene expression,2,3,real_run3_metabric_chunk001
metabric,real,3,31,F000193,HIF1A gene expression,3,3,real_run3_metabric_chunk001
metabric,real,3,31,F000315,ABCC1 gene expression,2,3,real_run3_metabric_chunk001
metabric,real,3,31,F000361,DNAH2 gene expression,1,3,real_run3_metabric_chunk001
metabric,real,3,31,F000277,SMAD2 gene expression,2,3,real_run3_metabric_chunk001
metabric,real,3,31,F000674,MBL2 somatic mutation,1,3,real_run3_metabric_chunk001
metabric,real,3,31,F000087,CUL1 gene expression,2,3,real_run3_metabric_chunk001
metabric,real,3,31,F000430,SIK2 gene expression,2,3,real_run3_metabric_chunk001
metabric,real,3,31,F000102,ITCH gene expression,2,3,real_run3_metabric_chunk001
metabric,real,3,31,F000473,HSD17B10 gene expression,1,3,real_run3_metabric_chunk001
metabric,real,3,31,F000482,HSD17B7 gene expression,1,3,real_run3_metabric_chunk001
metabric,real,3,31,F000309,PTPRD gene expression,2,3,real_run3_metabric_chunk001
metabric,real,3,31,F000146,BCL2L1 gene expression,2,3,real_run3_metabric_chunk001
metabric,real,3,31,F000585,FOXO3 somatic mutation,2,3,real_run3_metabric_chunk001
metabric,real,3,31,F000048,CDK1 gene expression,2,3,real_run3_metabric_chunk001
metabric,real,3,31,F000423,SETD2 gene expression,3,3,real_run3_metabric_chunk001
metabric,real,3,31,F000681,PRPS2 somatic mutation,1,3,real_run3_metabric_chunk001
metabric,real,3,31,F000676,PPP2CB somatic mutation,1,3,real_run3_metabric_chunk001
metabric,real,3,31,F000249,NFKB1 gene expression,2,3,real_run3_metabric_chunk001
metabric,real,3,31,F000573,PIK3R1 somatic mutation,3,3,real_run3_metabric_chunk001
metabric,real,3,31,F000264,RAD51 gene expression,3,3,real_run3_metabric_chunk001
metabric,real,3,31,F000332,ADGRA2 gene expression,1,3,real_run3_metabric_chunk001
metabric,real,3,31,F000617,PALLD somatic mutation,1,3,real_run3_metabric_chunk001
metabric,real,3,31,F000110,NCOR2 gene expression,2,3,real_run3_metabric_chunk001
metabric,real,3,31,F000078,TP53BP1 gene expression,2,3,real_run3_metabric_chunk001
metabric,real,3,31,F000437,STMN2 gene expression,2,3,real_run3_metabric_chunk001
metabric,real,3,31,F000246,MMP7 gene expression,2,3,real_run3_metabric_chunk001
metabric,real,3,31,F000143,AURKA gene expression,3,3,real_run3_metabric_chunk001
metabric,real,3,31,F000036,MSH2 gene expression,3,3,real_run3_metabric_chunk001
metabric,real,3,31,F000132,ACVR1B gene expression,1,3,real_run3_metabric_chunk001
metabric,real,3,31,F000342,ARID2 gene expression,3,3,real_run3_metabric_chunk001
metabric,real,3,31,F000080,ADAM17 gene expression,2,3,real_run3_metabric_chunk001
metabric,real,3,31,F000109,MAML3 gene expression,1,3,real_run3_metabric_chunk001
metabric,real,3,31,F000168,CXCL8 gene expression,2,3,real_run3_metabric_chunk001
metabric,real,3,31,F000145,BCL2 gene expression,3,3,real_run3_metabric_chunk001
metabric,real,3,31,F000662,CCND3 somatic mutation,1,3,real_run3_metabric_chunk001
metabric,real,3,31,F000009,her2 status measured by snp6,3,3,real_run3_metabric_chunk001
metabric,real,3,31,F000086,CTBP2 gene expression,1,3,real_run3_metabric_chunk001
metabric,real,3,31,F000071,JAK2 gene expression,2,3,real_run3_metabric_chunk001
metabric,real,3,31,F000599,CHD1 somatic mutation,2,3,real_run3_metabric_chunk001
metabric,real,3,31,F000241,MMP25 gene expression,1,3,real_run3_metabric_chunk001
metabric,real,3,31,F000209,MAP2K3 gene expression,1,3,real_run3_metabric_chunk001
metabric,real,3,31,F000671,HIST1H2BC somatic mutation,1,3,real_run3_metabric_chunk001
metabric,real,3,31,F000629,FBXW7 somatic mutation,3,3,real_run3_metabric_chunk001
metabric,real,3,31,F000653,CDKN2A somatic mutation,3,3,real_run3_metabric_chunk001
metabric,real,3,31,F000290,TGFBR1 gene expression,2,3,real_run3_metabric_chunk001
metabric,real,3,31,F000028,ATM gene expression,4,3,real_run3_metabric_chunk001
metabric,real,3,31,F000604,EGFR somatic mutation,3,3,real_run3_metabric_chunk001
metabric,real,3,31,F000379,KLRG1 gene expression,1,3,real_run3_metabric_chunk001
metabric,real,3,31,F000081,APH1A gene expression,1,3,real_run3_metabric_chunk001
metabric,real,3,31,F000373,GPS2 gene expression,1,3,real_run3_metabric_chunk001
metabric,real,3,31,F000165,CHEK1 gene expression,2,3,real_run3_metabric_chunk001
metabric,real,3,31,F000341,APC gene expression,2,3,real_run3_metabric_chunk001
metabric,real,3,31,F000176,EIF4E gene expression,2,3,real_run3_metabric_chunk001
metabric,real,3,31,F000592,LIFR somatic mutation,2,3,real_run3_metabric_chunk001
metabric,real,3,31,F000231,MMP13 gene expression,2,3,real_run3_metabric_chunk001
metabric,real,3,31,F000644,GH1 somatic mutation,1,3,real_run3_metabric_chunk001
metabric,real,3,31,F000331,TWIST1 gene expression,2,3,real_run3_metabric_chunk001
metabric,real,3,31,F000517,SYNE1 somatic mutation,2,3,real_run3_metabric_chunk001
metabric,real,3,31,F000449,UTRN gene expression,1,3,real_run3_metabric_chunk001
metabric,real,3,31,F000435,SPACA1 gene expression,1,3,real_run3_metabric_chunk001
metabric,real,3,31,F000006,er status measured by ihc,4,3,real_run3_metabric_chunk001
metabric,real,3,31,F000624,SIK2 somatic mutation,1,3,real_run3_metabric_chunk001
metabric,real,3,31,F000471,HES6 gene expression,1,3,real_run3_metabric_chunk001
metabric,real,3,31,F000183,FGF1 gene expression,2,3,real_run3_metabric_chunk001
metabric,real,3,31,F000577,CTCF somatic mutation,1,3,real_run3_metabric_chunk001
metabric,real,3,31,F000382,LAMB3 gene expression,1,3,real_run3_metabric_chunk001
metabric,real,3,31,F000393,MYO1A gene expression,1,3,real_run3_metabric_chunk001
metabric,real,3,31,F000007,er status,4,3,real_run3_metabric_chunk001
metabric,real,3,31,F000236,MMP19 gene expression,2,3,real_run3_metabric_chunk001
metabric,real,3,31,F000677,SMARCD1 somatic mutation,1,3,real_run3_metabric_chunk001
metabric,real,3,31,F000642,PPP2R2A somatic mutation,2,3,real_run3_metabric_chunk001
metabric,real,3,31,F000293,TSC1 gene expression,2,3,real_run3_metabric_chunk001
metabric,real,3,31,F000327,SLCO1B3 gene expression,1,3,real_run3_metabric_chunk001
metabric,real,3,31,F000121,RBPJ gene expression,2,3,real_run3_metabric_chunk001
metabric,real,3,31,F000586,USP28 somatic mutation,2,3,real_run3_metabric_chunk001
metabric,real,3,31,F000565,AFDN somatic mutation,1,3,real_run3_metabric_chunk001
metabric,real,3,31,F000453,AKR1C2 gene expression,1,3,real_run3_metabric_chunk001
metabric,real,3,31,F000641,LIPI somatic mutation,1,3,real_run3_metabric_chunk001
metabric,real,3,31,F000669,SPACA1 somatic mutation,1,3,real_run3_metabric_chunk001
metabric,real,3,31,F000067,E2F7 gene expression,2,3,real_run3_metabric_chunk001
metabric,real,3,31,F000675,MTAP somatic mutation,1,3,real_run3_metabric_chunk001
metabric,real,3,31,F000226,MLST8 gene expression,2,3,real_run3_metabric_chunk001
metabric,real,3,31,F000426,SGCD gene expression,1,3,real_run3_metabric_chunk001
metabric,real,3,31,F000156,BMPR1B gene expression,2,3,real_run3_metabric_chunk001
metabric,real,3,31,F000271,RPS6KA2 gene expression,2,3,real_run3_metabric_chunk001
metabric,real,3,31,F000567,RB1 somatic mutation,3,3,real_run3_metabric_chunk001
metabric,real,3,31,F000178,EIF5A2 gene expression,2,3,real_run3_metabric_chunk001
metabric,real,3,31,F000191,GDF2 gene expression,1,3,real_run3_metabric_chunk001
metabric,real,3,31,F000659,BRAF somatic mutation,3,3,real_run3_metabric_chunk001
metabric,real,3,31,F000516,KMT2C somatic mutation,3,3,real_run3_metabric_chunk001
metabric,real,3,31,F000530,AKAP9 somatic mutation,1,3,real_run3_metabric_chunk001
metabric,real,3,31,F000390,MEN1 gene expression,2,3,real_run3_metabric_chunk001
metabric,real,3,31,F000258,PIK3CA gene expression,4,3,real_run3_metabric_chunk001
metabric,real,3,31,F000541,COL12A1 somatic mutation,1,3,real_run3_metabric_chunk001
metabric,real,3,31,F000456,AKT3 gene expression,2,3,real_run3_metabric_chunk001
metabric,real,3,31,F000555,ARID1B somatic mutation,2,3,real_run3_metabric_chunk001
metabric,real,3,31,F000322,FN1 gene expression,2,3,real_run3_metabric_chunk001
metabric,real,3,31,F000184,FGFR1 gene expression,3,3,real_run3_metabric_chunk001
metabric,real,3,31,F000321,FGF2 gene expression,2,3,real_run3_metabric_chunk001
metabric,real,3,31,F000464,CYP17A1 gene expression,1,3,real_run3_metabric_chunk001
metabric,real,3,31,F000637,LARGE1 somatic mutation,1,3,real_run3_metabric_chunk001
metabric,real,3,31,F000311,RUNX1 gene expression,3,3,real_run3_metabric_chunk001
metabric,real,3,31,F000114,NOTCH3 gene expression,2,3,real_run3_metabric_chunk001
metabric,real,3,31,F000545,ATR somatic mutation,2,3,real_run3_metabric_chunk001
metabric,real,3,31,F000225,MDC1 gene expression,2,3,real_run3_metabric_chunk001
metabric,real,3,31,F000059,CDKN1A gene expression,3,3,real_run3_metabric_chunk001
metabric,real,3,31,F000539,CBFB somatic mutation,2,3,real_run3_metabric_chunk001
metabric,real,3,31,F000353,CLRN2 gene expression,1,3,real_run3_metabric_chunk001
metabric,real,3,31,F000338,AHNAK2 gene expression,1,3,real_run3_metabric_chunk001
metabric,real,3,31,F000663,NR3C1 somatic mutation,1,3,real_run3_metabric_chunk001
metabric,real,3,31,F000120,PSENEN gene expression,1,3,real_run3_metabric_chunk001
metabric,real,3,31,F000496,SDC4 gene expression,2,3,real_run3_metabric_chunk001
metabric,real,3,31,F000206,KRAS gene expression,3,3,real_run3_metabric_chunk001
metabric,real,3,31,F000518,GATA3 somatic mutation,3,3,real_run3_metabric_chunk001
metabric,real,3,31,F000280,SMAD5 gene expression,1,3,real_run3_metabric_chunk001
metabric,real,3,31,F000204,KDR gene expression,2,3,real_run3_metabric_chunk001
metabric,real,3,31,F000108,MAML2 gene expression,1,3,real_run3_metabric_chunk001
metabric,real,3,31,F000252,PDGFA gene expression,2,3,real_run3_metabric_chunk001
metabric,real,3,31,F000358,CTNNA1 gene expression,1,3,real_run3_metabric_chunk001
metabric,real,3,31,F000450,ZFP36L1 gene expression,2,3,real_run3_metabric_chunk001
metabric,real,3,31,F000400,NR3C1 gene expression,2,3,real_run3_metabric_chunk001
metabric,real,3,31,F000532,BIRC6 somatic mutation,1,3,real_run3_metabric_chunk001
metabric,real,3,31,F000218,MAPK14 gene expression,2,3,real_run3_metabric_chunk001
metabric,real,3,31,F000529,PDE4DIP somatic mutation,1,3,real_run3_metabric_chunk001
metabric,real,3,31,F000394,MYO3A gene expression,1,3,real_run3_metabric_chunk001
metabric,real,3,31,F000349,CACNA2D3 gene expression,2,3,real_run3_metabric_chunk001
metabric,real,3,31,F000254,PDGFRA gene expression,2,3,real_run3_metabric_chunk001
metabric,real,3,31,F000313,ABCB1 gene expression,2,3,real_run3_metabric_chunk001
metabric,real,3,31,F000154,BMP7 gene expression,2,3,real_run3_metabric_chunk001
metabric,real,3,31,F000580,TAF1 somatic mutation,1,3,real_run3_metabric_chunk001
metabric,real,3,31,F000557,SF3B1 somatic mutation,3,3,real_run3_metabric_chunk001
metabric,real,3,31,F000643,PRKCE somatic mutation,1,3,real_run3_metabric_chunk001
metabric,real,3,31,F000597,L1CAM somatic mutation,1,3,real_run3_metabric_chunk001
metabric,real,3,31,F000460,CDKN2C gene expression,2,3,real_run3_metabric_chunk001
metabric,real,3,31,F000160,CASP3 gene expression,2,3,real_run3_metabric_chunk001
metabric,real,3,31,F000422,SETD1A gene expression,2,3,real_run3_metabric_chunk001
metabric,real,3,31,F000679,NDFIP1 somatic mutation,1,3,real_run3_metabric_chunk001
metabric,real,3,31,F000167,CSF1R gene expression,2,3,real_run3_metabric_chunk001
metabric,real,3,31,F000439,TAF1 gene expression,2,3,real_run3_metabric_chunk001
metabric,real,3,31,F000374,HDAC9 gene expression,2,3,real_run3_metabric_chunk001
metabric,real,3,31,F000591,AFF2 somatic mutation,1,3,real_run3_metabric_chunk001
metabric,real,3,31,F000345,ASXL2 gene expression,2,3,real_run3_metabric_chunk001
metabric,real,3,31,F000399,NR2F1 gene expression,2,3,real_run3_metabric_chunk001
metabric,real,3,31,F000045,RBL2 gene expression,2,3,real_run3_metabric_chunk001
metabric,real,3,31,F000056,CDKN2A gene expression,3,3,real_run3_metabric_chunk001
metabric,real,3,31,F000303,GATA3 gene expression,4,3,real_run3_metabric_chunk001
metabric,real,3,31,F000210,MAP2K4 gene expression,3,3,real_run3_metabric_chunk001
metabric,real,3,31,F000274,RPTOR gene expression,2,3,real_run3_metabric_chunk001
metabric,real,3,31,F000100,HES5 gene expression,1,3,real_run3_metabric_chunk001
metabric,real,3,31,F000336,AGTR2 gene expression,1,3,real_run3_metabric_chunk001
metabric,real,3,31,F000360,DNAH11 gene expression,1,3,real_run3_metabric_chunk001
metabric,real,3,31,F000196,IGF1 gene expression,2,3,real_run3_metabric_chunk001
metabric,real,3,31,F000419,RPGR gene expression,1,3,real_run3_metabric_chunk001
metabric,real,3,31,F000401,NRAS gene expression,3,3,real_run3_metabric_chunk001
metabric,real,3,31,F000073,STAT2 gene expression,2,3,real_run3_metabric_chunk001
metabric,real,3,31,F000660,FOXO1 somatic mutation,2,3,real_run3_metabric_chunk001
metabric,real,3,31,F000638,FOXP1 somatic mutation,2,3,real_run3_metabric_chunk001
metabric,real,3,31,F000148,BMP15 gene expression,1,3,real_run3_metabric_chunk001
metabric,real,3,31,F000223,MAPK8 gene expression,2,3,real_run3_metabric_chunk001
metabric,real,3,31,F000263,RAB25 gene expression,2,3,real_run3_metabric_chunk001
metabric,real,3,31,F000627,FLT3 somatic mutation,2,3,real_run3_metabric_chunk001
metabric,real,3,31,F000347,BCAS3 gene expression,2,3,real_run3_metabric_chunk001
metabric,real,3,31,F000416,PTPN22 gene expression,1,3,real_run3_metabric_chunk001
metabric,real,3,31,F000153,BMP6 gene expression,2,3,real_run3_metabric_chunk001
metabric,real,3,31,F000404,OR6A2 gene expression,1,3,real_run3_metabric_chunk001
metabric,real,3,31,F000069,SRC gene expression,3,3,real_run3_metabric_chunk001
metabric,real,3,31,F000601,SETDB1 somatic mutation,1,3,real_run3_metabric_chunk001
metabric,real,3,31,F000527,DNAH5 somatic mutation,1,3,real_run3_metabric_chunk001
metabric,real,3,31,F000082,APH1B gene expression,1,3,real_run3_metabric_chunk001
metabric,real,3,31,F000104,JAG2 gene expression,2,3,real_run3_metabric_chunk001
metabric,real,3,31,F000202,ITGB3 gene expression,2,3,real_run3_metabric_chunk001
metabric,real,3,31,F000546,THADA somatic mutation,1,3,real_run3_metabric_chunk001
metabric,real,3,31,F000506,STAR gene expression,1,3,real_run3_metabric_chunk001
metabric,real,3,31,F000408,PPP2R2A gene expression,2,3,real_run3_metabric_chunk001
metabric,real,3,31,F000133,ACVR1C gene expression,1,3,real_run3_metabric_chunk001
metabric,real,3,31,F000412,PRKCZ gene expression,2,3,real_run3_metabric_chunk001
metabric,real,3,31,F000077,MDM2 gene expression,3,3,real_run3_metabric_chunk001
metabric,real,3,31,F000417,PTPRM gene expression,2,3,real_run3_metabric_chunk001
metabric,real,3,31,F000292,TGFBR3 gene expression,2,3,real_run3_metabric_chunk001
metabric,real,3,31,F000201,ITGAV gene expression,2,3,real_run3_metabric_chunk001
metabric,real,3,31,F000162,CASP7 gene expression,2,3,real_run3_metabric_chunk001
metabric,real,3,31,F000199,INHBA gene expression,2,3,real_run3_metabric_chunk001
metabric,real,3,31,F000359,CTNNA3 gene expression,1,3,real_run3_metabric_chunk001
metabric,real,3,31,F000397,NF2 gene expression,3,3,real_run3_metabric_chunk001
metabric,real,3,31,F000480,HSD17B4 gene expression,1,3,real_run3_metabric_chunk001
metabric,real,3,31,F000139,AKT2 gene expression,2,3,real_run3_metabric_chunk001
metabric,real,3,31,F000568,MYO1A somatic mutation,1,3,real_run3_metabric_chunk001
metabric,real,3,31,F000016,mutation count,3,3,real_run3_metabric_chunk001
metabric,real,3,31,F000233,MMP15 gene expression,2,3,real_run3_metabric_chunk001
metabric,real,3,31,F000285,TERC gene expression,2,3,real_run3_metabric_chunk001
metabric,real,3,31,F000330,TUBB4B gene expression,1,3,real_run3_metabric_chunk001
metabric,real,3,31,F000273,RPS6KB2 gene expression,2,3,real_run3_metabric_chunk001
metabric,real,3,31,F000248,MTOR gene expression,3,3,real_run3_metabric_chunk001
metabric,real,3,31,F000118,PSEN1 gene expression,2,3,real_run3_metabric_chunk001
metabric,real,3,31,F000618,DCAF4L2 somatic mutation,1,3,real_run3_metabric_chunk001
metabric,real,3,31,F000458,BCHE gene expression,1,3,real_run3_metabric_chunk001
metabric,real,3,31,F000494,RAN gene expression,2,3,real_run3_metabric_chunk001
metabric,real,3,31,F000288,TGFB2 gene expression,2,3,real_run3_metabric_chunk001
metabric,real,3,31,F000372,GPR32 gene expression,1,3,real_run3_metabric_chunk001
metabric,real,3,31,F000559,EP300 somatic mutation,3,3,real_run3_metabric_chunk001
metabric,real,3,31,F000364,FAM20C gene expression,2,3,real_run3_metabric_chunk001
metabric,real,3,31,F000051,CDC25A gene expression,2,3,real_run3_metabric_chunk001
metabric,real,3,31,F000169,CXCR1 gene expression,2,3,real_run3_metabric_chunk001
metabric,real,3,31,F000207,MAP2K1 gene expression,2,3,real_run3_metabric_chunk001
metabric,real,3,31,F000443,THADA gene expression,1,3,real_run3_metabric_chunk001
metabric,real,3,31,F000060,CDKN1B gene expression,2,3,real_run3_metabric_chunk001
metabric,real,3,31,F000612,SMAD4 somatic mutation,3,3,real_run3_metabric_chunk001
metabric,real,3,31,F000543,PTEN somatic mutation,3,3,real_run3_metabric_chunk001
metabric,real,3,31,F000235,MMP17 gene expression,2,3,real_run3_metabric_chunk001
metabric,real,3,31,F000381,LAMA2 gene expression,2,3,real_run3_metabric_chunk001
metabric,real,3,31,F000124,SNW1 gene expression,1,3,real_run3_metabric_chunk001
metabric,real,3,31,F000262,PTK2 gene expression,2,3,real_run3_metabric_chunk001
metabric,real,3,31,F000275,SLC19A1 gene expression,1,3,real_run3_metabric_chunk001
metabric,real,3,31,F000340,ALK gene expression,2,3,real_run3_metabric_chunk001
metabric,real,3,31,F000354,COL12A1 gene expression,1,3,real_run3_metabric_chunk001
metabric,real,3,31,F000620,CDKN1B somatic mutation,2,3,real_run3_metabric_chunk001
metabric,real,3,31,F000444,THSD7A gene expression,1,3,real_run3_metabric_chunk001
metabric,real,3,31,F000276,SMAD1 gene expression,1,3,real_run3_metabric_chunk001
metabric,real,3,31,F000119,PSEN2 gene expression,2,3,real_run3_metabric_chunk001
metabric,real,3,31,F000177,EIF4EBP1 gene expression,2,3,real_run3_metabric_chunk001
metabric,real,3,31,F000318,BMF gene expression,2,3,real_run3_metabric_chunk001
metabric,real,3,31,F000481,HSD17B6 gene expression,1,3,real_run3_metabric_chunk001
metabric,real,3,31,F000684,SIAH1 somatic mutation,1,3,real_run3_metabric_chunk001
metabric,real,3,31,F000600,JAK1 somatic mutation,2,3,real_run3_metabric_chunk001
metabric,real,3,31,F000272,RPS6KB1 gene expression,2,3,real_run3_metabric_chunk001
metabric,real,3,31,F000584,PTPRM somatic mutation,1,3,real_run3_metabric_chunk001
metabric,real,3,31,F000363,DTWD2 gene expression,1,3,real_run3_metabric_chunk001
metabric,real,3,31,F000137,AKT1 gene expression,3,3,real_run3_metabric_chunk001
metabric,real,3,31,F000335,AGMO gene expression,1,3,real_run3_metabric_chunk001
metabric,real,3,31,F000603,ARID5B somatic mutation,1,3,real_run3_metabric_chunk001
metabric,real,3,31,F000388,MAP3K10 gene expression,1,3,real_run3_metabric_chunk001
metabric,real,3,31,F000043,RB1 gene expression,3,3,real_run3_metabric_chunk001
metabric,real,3,31,F000463,CYP11B2 gene expression,1,3,real_run3_metabric_chunk001
metabric,real,3,31,F000596,BAP1 somatic mutation,2,3,real_run3_metabric_chunk001
metabric,real,3,31,F000103,JAG1 gene expression,2,3,real_run3_metabric_chunk001
metabric,real,3,31,F000438,SYNE1 gene expression,1,3,real_run3_metabric_chunk001
metabric,real,3,31,F000244,MMP28 gene expression,2,3,real_run3_metabric_chunk001
metabric,real,3,31,F000091,DTX1 gene expression,1,3,real_run3_metabric_chunk001
metabric,real,3,31,F000670,RASGEF1B somatic mutation,1,3,real_run3_metabric_chunk001
metabric,real,3,31,F000502,SRD5A1 gene expression,1,3,real_run3_metabric_chunk001
metabric,real,3,31,F000307,NCOR1 gene expression,2,3,real_run3_metabric_chunk001
metabric,real,3,31,F000111,NCSTN gene expression,1,3,real_run3_metabric_chunk001
metabric,real,3,31,F000392,MUC16 gene expression,2,3,real_run3_metabric_chunk001
metabric,real,3,31,F000378,KDM6A gene expression,2,3,real_run3_metabric_chunk001
metabric,real,3,31,F000403,NT5E gene expression,2,3,real_run3_metabric_chunk001
metabric,real,3,31,F000027,TP53 gene expression,4,3,real_run3_metabric_chunk001
metabric,real,3,31,F000054,CDK6 gene expression,2,3,real_run3_metabric_chunk001
metabric,real,3,31,F000432,SMARCC1 gene expression,1,3,real_run3_metabric_chunk001
metabric,real,3,31,F000228,MMP10 gene expression,2,3,real_run3_metabric_chunk001
metabric,real,3,31,F000616,SMARCC1 somatic mutation,1,3,real_run3_metabric_chunk001
metabric,real,3,31,F000314,ABCB11 gene expression,1,3,real_run3_metabric_chunk001
metabric,real,3,31,F000511,UGT2B7 gene expression,1,3,real_run3_metabric_chunk001
metabric,real,3,31,F000192,GSK3B gene expression,2,3,real_run3_metabric_chunk001
metabric,real,3,31,F000632,OR6A2 somatic mutation,1,3,real_run3_metabric_chunk001
metabric,real,3,31,F000472,HSD17B1 gene expression,1,3,real_run3_metabric_chunk001
metabric,real,3,31,F000084,CIR1 gene expression,1,3,real_run3_metabric_chunk001
metabric,real,3,31,F000356,COL6A3 gene expression,1,3,real_run3_metabric_chunk001
metabric,real,3,31,F000590,ARID2 somatic mutation,2,3,real_run3_metabric_chunk001
metabric,real,3,31,F000295,VEGFA gene expression,3,3,real_run3_metabric_chunk001
metabric,real,3,31,F000462,CYP11A1 gene expression,1,3,real_run3_metabric_chunk001
metabric,real,3,31,F000429,SIK1 gene expression,2,3,real_run3_metabric_chunk001
metabric,real,3,31,F000536,ARID1A somatic mutation,3,3,real_run3_metabric_chunk001
metabric,real,3,31,F000665,TBL1XR1 somatic mutation,2,3,real_run3_metabric_chunk001
metabric,real,3,31,F000571,ADGRA2 somatic mutation,1,3,real_run3_metabric_chunk001
metabric,real,3,31,F000131,ACVR1 gene expression,1,3,real_run3_metabric_chunk001
metabric,real,3,31,F000344,ASXL1 gene expression,2,3,real_run3_metabric_chunk001
metabric,real,3,31,F000037,MSH6 gene expression,3,3,real_run3_metabric_chunk001
metabric,real,3,31,F000492,PRKCI gene expression,1,3,real_run3_metabric_chunk001
metabric,real,3,31,F000339,AKAP9 gene expression,1,3,real_run3_metabric_chunk001
metabric,real,3,31,F000286,TERT gene expression,3,3,real_run3_metabric_chunk001
metabric,real,3,31,F000488,MET gene expression,3,3,real_run3_metabric_chunk001
metabric,real,3,31,F000219,MAPK3 gene expression,2,3,real_run3_metabric_chunk001
metabric,real,3,31,F000376,HIST1H2BC gene expression,1,3,real_run3_metabric_chunk001
metabric,real,3,31,F000524,KMT2D somatic mutation,2,3,real_run3_metabric_chunk001
metabric,real,3,31,F000158,BRAF gene expression,3,3,real_run3_metabric_chunk001
metabric,real,3,31,F000055,CCND2 gene expression,2,3,real_run3_metabric_chunk001
metabric,real,3,31,F000534,TBX3 somatic mutation,2,3,real_run3_metabric_chunk001
metabric,real,3,31,F000024,BRCA2 gene expression,4,3,real_run3_metabric_chunk001
metabric,real,3,31,F000441,TBL1XR1 gene expression,2,3,real_run3_metabric_chunk001
metabric,real,3,31,F000556,ERBB2 somatic mutation,3,3,real_run3_metabric_chunk001
metabric,real,3,31,F000182,FAS gene expression,2,3,real_run3_metabric_chunk001
metabric,real,3,31,F000501,SPRY2 gene expression,2,3,real_run3_metabric_chunk001
metabric,real,3,31,F000195,HRAS gene expression,3,3,real_run3_metabric_chunk001
metabric,real,3,31,F000092,DTX2 gene expression,1,3,real_run3_metabric_chunk001
metabric,real,3,31,F000287,TGFB1 gene expression,3,3,real_run3_metabric_chunk001
metabric,real,3,31,F000242,MMP26 gene expression,2,3,real_run3_metabric_chunk001
metabric,real,3,31,F000649,LDLRAP1 somatic mutation,1,3,real_run3_metabric_chunk001
metabric,real,3,31,F000128,HES7 gene expression,1,3,real_run3_metabric_chunk001
metabric,real,3,31,F000179,ERBB2 gene expression,4,3,real_run3_metabric_chunk001
metabric,real,3,31,F000587,GLDC somatic mutation,1,3,real_run3_metabric_chunk001
metabric,real,3,31,F000320,CYP3A4 gene expression,2,3,real_run3_metabric_chunk001
metabric,real,3,31,F000040,RAD51C gene expression,3,3,real_run3_metabric_chunk001
metabric,real,3,31,F000074,STAT3 gene expression,3,3,real_run3_metabric_chunk001
metabric,real,3,31,F000503,SRD5A2 gene expression,1,3,real_run3_metabric_chunk001
metabric,real,3,31,F000053,CDK4 gene expression,2,3,real_run3_metabric_chunk001
metabric,real,3,31,F000188,FOXO1 gene expression,2,3,real_run3_metabric_chunk001
metabric,real,3,31,F000163,CASP8 gene expression,2,3,real_run3_metabric_chunk001
metabric,real,3,31,F000316,ABCC10 gene expression,1,3,real_run3_metabric_chunk001
metabric,real,3,31,F000683,STMN2 somatic mutation,1,3,real_run3_metabric_chunk001
metabric,real,3,31,F000574,MYO3A somatic mutation,1,3,real_run3_metabric_chunk001
metabric,real,3,31,F000625,PTPN22 somatic mutation,1,3,real_run3_metabric_chunk001
metabric,real,3,31,F000328,TUBB1 gene expression,1,3,real_run3_metabric_chunk001
metabric,real,3,31,F000075,STAT5A gene expression,2,3,real_run3_metabric_chunk001
metabric,real,3,31,F000003,cancer type detailed,3,3,real_run3_metabric_chunk001
metabric,real,3,31,F000504,SRD5A3 gene expression,1,3,real_run3_metabric_chunk001
metabric,real,3,31,F000150,BMP3 gene expression,1,3,real_run3_metabric_chunk001
metabric,real,3,31,F000606,SMARCC2 somatic mutation,1,3,real_run3_metabric_chunk001
metabric,real,3,31,F000383,LARGE1 gene expression,1,3,real_run3_metabric_chunk001
metabric,real,3,31,F000130,HEY2 gene expression,1,3,real_run3_metabric_chunk001
metabric,real,3,31,F000440,TAF4B gene expression,1,3,real_run3_metabric_chunk001
metabric,real,3,31,F000621,GPS2 somatic mutation,1,3,real_run3_metabric_chunk001
metabric,real,3,31,F000609,NEK1 somatic mutation,1,3,real_run3_metabric_chunk001
metabric,real,3,31,F000476,HSD17B13 gene expression,1,3,real_run3_metabric_chunk001
metabric,real,3,31,F000560,PTPRD somatic mutation,2,3,real_run3_metabric_chunk001
metabric,real,3,31,F000645,GPR32 somatic mutation,1,3,real_run3_metabric_chunk001
metabric,real,3,31,F000095,EP300 gene expression,3,3,real_run3_metabric_chunk001
metabric,real,3,31,F000227,MMP1 gene expression,2,3,real_run3_metabric_chunk001
metabric,real,3,31,F000072,STAT1 gene expression,3,3,real_run3_metabric_chunk001
metabric,real,3,31,F000678,NRAS somatic mutation,3,3,real_run3_metabric_chunk001
metabric,real,3,31,F000520,AHNAK somatic mutation,1,3,real_run3_metabric_chunk001
metabric,real,3,31,F000129,HEY1 gene expression,1,3,real_run3_metabric_chunk001
metabric,real,3,31,F000371,GLDC gene expression,1,3,real_run3_metabric_chunk001
metabric,real,3,31,F000152,BMP5 gene expression,2,3,real_run3_metabric_chunk001
metabric,real,3,31,F000512,PIK3CA somatic mutation,4,3,real_run3_metabric_chunk001
metabric,real,3,31,F000265,RAF1 gene expression,3,3,real_run3_metabric_chunk001
metabric,real,3,31,F000200,INHBC gene expression,1,3,real_run3_metabric_chunk001
metabric,real,3,31,F000259,PIK3R1 gene expression,3,3,real_run3_metabric_chunk001
metabric,real,3,31,F000551,NF1 somatic mutation,3,3,real_run3_metabric_chunk001
metabric,real,3,31,F000680,HRAS somatic mutation,3,3,real_run3_metabric_chunk001
metabric,real,3,31,F000468,CYP3A5 gene expression,1,3,real_run3_metabric_chunk001
metabric,real,3,31,F000149,BMP2 gene expression,2,3,real_run3_metabric_chunk001
metabric,real,3,31,F000155,BMPR1A gene expression,2,3,real_run3_metabric_chunk001
metabric,real,3,31,F000540,NCOR2 somatic mutation,2,3,real_run3_metabric_chunk001
metabric,real,3,31,F000208,MAP2K2 gene expression,2,3,real_run3_metabric_chunk001
metabric,real,3,31,F000623,STK11 somatic mutation,2,3,real_run3_metabric_chunk001
metabric,real,3,31,F000141,ARL11 gene expression,1,3,real_run3_metabric_chunk001
metabric,real,3,31,F000605,MAP3K10 somatic mutation,1,3,real_run3_metabric_chunk001
metabric,real,3,31,F000089,DLL3 gene expression,2,3,real_run3_metabric_chunk001
metabric,real,3,31,F000042,RAD50 gene expression,2,3,real_run3_metabric_chunk001
metabric,real,3,31,F000640,PRKCZ somatic mutation,1,3,real_run3_metabric_chunk001
metabric,real,3,31,F000493,PRKD1 gene expression,2,3,real_run3_metabric_chunk001
metabric,real,3,31,F000357,CTCF gene expression,2,3,real_run3_metabric_chunk001
metabric,real,3,31,F000251,OPCML gene expression,2,3,real_run3_metabric_chunk001
metabric,real,3,31,F000647,NF2 somatic mutation,2,3,real_run3_metabric_chunk001
metabric,real,3,31,F000190,GDF11 gene expression,1,3,real_run3_metabric_chunk001
metabric,real,3,31,F000088,DLL1 gene expression,2,3,real_run3_metabric_chunk001
metabric,real,3,31,F000005,pam50 + claudin-low subtype,4,3,real_run3_metabric_chunk001
metabric,real,3,31,F000348,BIRC6 gene expression,2,3,real_run3_metabric_chunk001
metabric,real,3,31,F000613,SIK1 somatic mutation,1,3,real_run3_metabric_chunk001
metabric,real,3,31,F000256,PDPK1 gene expression,2,3,real_run3_metabric_chunk001
metabric,real,3,31,F000337,AHNAK gene expression,2,3,real_run3_metabric_chunk001
metabric,real,3,31,F000070,JAK1 gene expression,2,3,real_run3_metabric_chunk001
metabric,real,3,31,F000142,ATR gene expression,3,3,real_run3_metabric_chunk001
metabric,real,3,31,F000413,PRKG1 gene expression,1,3,real_run3_metabric_chunk001
metabric,real,3,31,F000442,TG gene expression,1,3,real_run3_metabric_chunk001
metabric,real,3,31,F000509,UGT2B15 gene expression,1,3,real_run3_metabric_chunk001
metabric,real,3,31,F000578,ASXL1 somatic mutation,2,3,real_run3_metabric_chunk001
metabric,real,3,31,F000414,PRPS2 gene expression,1,3,real_run3_metabric_chunk001
metabric,real,3,31,F000583,BRCA1 somatic mutation,4,3,real_run3_metabric_chunk001
metabric,real,3,31,F000611,ZFP36L1 somatic mutation,1,3,real_run3_metabric_chunk001
metabric,real,3,31,F000615,PRKCQ somatic mutation,1,3,real_run3_metabric_chunk001
metabric,real,3,31,F000563,SETD1A somatic mutation,1,3,real_run3_metabric_chunk001
metabric,real,3,31,F000477,HSD17B14 gene expression,1,3,real_run3_metabric_chunk001
metabric,real,3,31,F000589,CACNA2D3 somatic mutation,1,3,real_run3_metabric_chunk001
metabric,real,3,31,F000407,PPP2CB gene expression,1,3,real_run3_metabric_chunk001
metabric,real,3,31,F000211,MAP2K5 gene expression,2,3,real_run3_metabric_chunk001
metabric,real,3,31,F000387,MAGEA8 gene expression,1,3,real_run3_metabric_chunk001
metabric,real,3,31,F000116,NUMB gene expression,2,3,real_run3_metabric_chunk001
metabric,real,3,31,F000351,CHD1 gene expression,2,3,real_run3_metabric_chunk001
metabric,real,3,31,F000455,AKR1C4 gene expression,1,3,real_run3_metabric_chunk001
metabric,real,3,31,F000283,SMAD9 gene expression,1,3,real_run3_metabric_chunk001
metabric,real,3,31,F000297,WFDC2 gene expression,2,3,real_run3_metabric_chunk001
metabric,real,3,31,F000243,MMP27 gene expression,2,3,real_run3_metabric_chunk001
metabric,real,3,31,F000018,oncotree code,3,3,real_run3_metabric_chunk001
metabric,real,3,31,F000194,HLA-G gene expression,2,3,real_run3_metabric_chunk001
metabric,real,3,31,F000581,KDM6A somatic mutation,2,3,real_run3_metabric_chunk001
metabric,real,3,31,F000508,TULP4 gene expression,1,3,real_run3_metabric_chunk001
metabric,real,3,31,F000205,KIT gene expression,3,3,real_run3_metabric_chunk001
metabric,real,3,31,F000355,COL22A1 gene expression,1,3,real_run3_metabric_chunk001
metabric,real,3,31,F000039,EPCAM gene expression,2,3,real_run3_metabric_chunk001
metabric,real,3,31,F000366,FANCD2 gene expression,2,3,real_run3_metabric_chunk001
metabric,real,3,31,F000215,MAP3K5 gene expression,2,3,real_run3_metabric_chunk001
metabric,real,3,31,F000598,PBRM1 somatic mutation,2,3,real_run3_metabric_chunk001
metabric,real,3,31,F000294,TSC2 gene expression,2,3,real_run3_metabric_chunk001
metabric,real,3,31,F000614,CASP8 somatic mutation,2,3,real_run3_metabric_chunk001
metabric,real,3,31,F000079,ADAM10 gene expression,2,3,real_run3_metabric_chunk001
metabric,real,3,31,F000105,KDM5A gene expression,2,3,real_run3_metabric_chunk001
metabric,real,3,31,F000537,LAMA2 somatic mutation,1,3,real_run3_metabric_chunk001
metabric,real,3,31,F000319,CYP2C8 gene expression,1,3,real_run3_metabric_chunk001
metabric,real,3,31,F000658,AKT2 somatic mutation,2,3,real_run3_metabric_chunk001
metabric,real,3,31,F000058,MYC gene expression,3,3,real_run3_metabric_chunk001
metabric,real,3,31,F000304,KMT2C gene expression,3,3,real_run3_metabric_chunk001
metabric,real,3,31,F000063,E2F3 gene expression,2,3,real_run3_metabric_chunk001
metabric,real,3,31,F000247,MMP9 gene expression,2,3,real_run3_metabric_chunk001
metabric,real,3,31,F000538,NOTCH1 somatic mutation,2,3,real_run3_metabric_chunk001
metabric,real,3,31,F000510,UGT2B17 gene expression,1,3,real_run3_metabric_chunk001
metabric,real,3,31,F000014,primary tumor laterality,1,3,real_run3_metabric_chunk001
metabric,real,3,31,F000278,SMAD3 gene expression,2,3,real_run3_metabric_chunk001
metabric,real,3,31,F000181,ERBB4 gene expression,2,3,real_run3_metabric_chunk001
metabric,real,3,31,F000175,EGFR gene expression,3,3,real_run3_metabric_chunk001
metabric,real,3,31,F000630,TTYH1 somatic mutation,1,3,real_run3_metabric_chunk001
metabric,real,3,31,F000633,MAP3K13 somatic mutation,1,3,real_run3_metabric_chunk001
metabric,real,3,31,F000622,MEN1 somatic mutation,1,3,real_run3_metabric_chunk001
metabric,real,3,31,F000099,HES1 gene expression,2,3,real_run3_metabric_chunk001
metabric,real,3,31,F000514,MUC16 somatic mutation,2,3,real_run3_metabric_chunk001
metabric,real,3,31,F000457,AR gene expression,3,3,real_run3_metabric_chunk001
metabric,real,3,31,F000465,CYP19A1 gene expression,2,3,real_run3_metabric_chunk001
metabric,real,3,31,F000013,integrative cluster,4,3,real_run3_metabric_chunk001
metabric,real,3,31,F000300,ARID1A gene expression,3,3,real_run3_metabric_chunk001
metabric,real,3,31,F000061,E2F1 gene expression,2,3,real_run3_metabric_chunk001
metabric,real,3,31,F000631,TAF4B somatic mutation,1,3,real_run3_metabric_chunk001
metabric,real,3,31,F000421,SBNO1 gene expression,1,3,real_run3_metabric_chunk001
metabric,real,3,31,F000220,MAPK4 gene expression,1,3,real_run3_metabric_chunk001
metabric,real,3,31,F000521,DNAH11 somatic mutation,1,3,real_run3_metabric_chunk001
metabric,real,3,31,F000308,PDE4DIP gene expression,1,3,real_run3_metabric_chunk001
metabric,real,3,31,F000396,NEK1 gene expression,1,3,real_run3_metabric_chunk001
metabric,real,3,31,F000370,GH1 gene expression,1,3,real_run3_metabric_chunk001
metabric,real,3,31,F000020,3-gene classifier subtype,4,3,real_run3_metabric_chunk001
metabric,real,3,31,F000101,HEYL gene expression,1,3,real_run3_metabric_chunk001
metabric,real,3,31,F000203,IZUMO1R gene expression,1,3,real_run3_metabric_chunk001
metabric,real,3,31,F000484,HSD3B1 gene expression,1,3,real_run3_metabric_chunk001
metabric,real,3,31,F000489,NCOA2 gene expression,2,3,real_run3_metabric_chunk001
metabric,real,3,31,F000122,RBPJL gene expression,1,3,real_run3_metabric_chunk001
metabric,real,3,31,F000485,HSD3B2 gene expression,1,3,real_run3_metabric_chunk001
metabric,real,3,31,F000229,MMP11 gene expression,2,3,real_run3_metabric_chunk001
metabric,real,3,31,F000433,SMARCC2 gene expression,1,3,real_run3_metabric_chunk001
metabric,real,3,31,F000572,UBR5 somatic mutation,2,3,real_run3_metabric_chunk001
metabric,real,3,31,F000310,ROS1 gene expression,2,3,real_run3_metabric_chunk001
metabric,real,3,31,F000011,tumor other histologic subtype,2,3,real_run3_metabric_chunk001
metabric,real,3,31,F000004,cellularity,2,3,real_run3_metabric_chunk001
metabric,real,3,31,F000035,MLH1 gene expression,2,3,real_run3_metabric_chunk001
metabric,real,3,31,F000346,BAP1 gene expression,2,3,real_run3_metabric_chunk001
metabric,real,3,31,F000238,MMP21 gene expression,1,3,real_run3_metabric_chunk001
metabric,real,3,31,F000098,HDAC2 gene expression,2,3,real_run3_metabric_chunk001
metabric,real,3,31,F000389,MAP3K13 gene expression,2,3,real_run3_metabric_chunk001
metabric,real,3,31,F000657,DTWD2 somatic mutation,1,3,real_run3_metabric_chunk001
metabric,real,3,31,F000232,MMP14 gene expression,2,3,real_run3_metabric_chunk001
metabric,real,3,31,F000189,FOXO3 gene expression,2,3,real_run3_metabric_chunk001
metabric,real,3,31,F000112,NOTCH1 gene expression,3,3,real_run3_metabric_chunk001
metabric,real,3,31,F000409,PRKACG gene expression,1,3,real_run3_metabric_chunk001
metabric,real,3,31,F000368,FOXP1 gene expression,2,3,real_run3_metabric_chunk001
metabric,real,3,31,F000469,CYP3A7 gene expression,1,3,real_run3_metabric_chunk001
metabric,real,3,31,F000033,STK11 gene expression,2,3,real_run3_metabric_chunk001
metabric,real,3,31,F000113,NOTCH2 gene expression,2,3,real_run3_metabric_chunk001
metabric,real,3,31,F000447,USH2A gene expression,2,3,real_run3_metabric_chunk001
metabric,real,3,31,F000106,LFNG gene expression,1,3,real_run3_metabric_chunk001
metabric,real,3,31,F000588,BRCA2 somatic mutation,3,3,real_run3_metabric_chunk001
metabric,real,3,31,F000096,FBXW7 gene expression,3,3,real_run3_metabric_chunk001
metabric,real,3,31,F000595,NCOA3 somatic mutation,1,3,real_run3_metabric_chunk001
metabric,real,3,31,F000395,NCOA3 gene expression,2,3,real_run3_metabric_chunk001
metabric,real,3,31,F000673,KLRG1 somatic mutation,1,3,real_run3_metabric_chunk001
metabric,real,3,31,F000261,PLAGL1 gene expression,2,3,real_run3_metabric_chunk001
metabric,real,3,31,F000499,SLC29A1 gene expression,1,3,real_run3_metabric_chunk001
metabric,real,3,31,F000523,DNAH2 somatic mutation,1,3,real_run3_metabric_chunk001
metabric,real,3,31,F000268,RICTOR gene expression,2,3,real_run3_metabric_chunk001
metabric,real,3,31,F000582,CTNNA3 somatic mutation,1,3,real_run3_metabric_chunk001
metabric,real,3,31,F000325,MAPT gene expression,2,3,real_run3_metabric_chunk001
metabric,real,3,31,F000107,MAML1 gene expression,1,3,real_run3_metabric_chunk001
metabric,real,3,31,F000566,ERBB3 somatic mutation,2,3,real_run3_metabric_chunk001
metabric,real,3,31,F000478,HSD17B2 gene expression,1,3,real_run3_metabric_chunk001
metabric,real,3,31,F000267,RHEB gene expression,2,3,real_run3_metabric_chunk001
metabric,real,3,31,F000185,FOLR1 gene expression,2,3,real_run3_metabric_chunk001
metabric,real,3,31,F000127,HES4 gene expression,1,3,real_run3_metabric_chunk001
metabric,real,3,31,F000029,CDH1 gene expression,3,3,real_run3_metabric_chunk001
metabric,real,3,31,F000411,PRKCQ gene expression,1,3,real_run3_metabric_chunk001
metabric,real,3,31,F000661,NT5E somatic mutation,1,3,real_run3_metabric_chunk001
metabric,real,3,31,F000569,ALK somatic mutation,2,3,real_run3_metabric_chunk001
metabric,real,3,31,F000021,tumor size,4,3,real_run3_metabric_chunk001
metabric,real,3,31,F000174,DPH1 gene expression,1,3,real_run3_metabric_chunk001
metabric,real,3,31,F000639,CLK3 somatic mutation,1,3,real_run3_metabric_chunk001
metabric,real,3,31,F000172,DIRAS3 gene expression,2,3,real_run3_metabric_chunk001
metabric,real,3,31,F000237,MMP2 gene expression,2,3,real_run3_metabric_chunk001
metabric,real,3,31,F000239,MMP23B gene expression,1,3,real_run3_metabric_chunk001
metabric,real,3,31,F000221,MAPK6 gene expression,2,3,real_run3_metabric_chunk001
metabric,real,3,31,F000083,ARRDC1 gene expression,1,3,real_run3_metabric_chunk001
metabric,real,3,31,F000138,AKT1S1 gene expression,2,3,real_run3_metabric_chunk001
metabric,real,3,31,F000446,UBR5 gene expression,2,3,real_run3_metabric_chunk001
metabric,real,3,31,F000533,UTRN somatic mutation,1,3,real_run3_metabric_chunk001
metabric,real,3,31,F000561,USP9X somatic mutation,2,3,real_run3_metabric_chunk001
metabric,real,3,31,F000134,ACVR2A gene expression,2,3,real_run3_metabric_chunk001
metabric,real,3,31,F000652,AGTR2 somatic mutation,1,3,real_run3_metabric_chunk001
metabric,real,3,31,F000279,SMAD4 gene expression,3,3,real_run3_metabric_chunk001
metabric,real,3,31,F000549,MYH9 somatic mutation,1,3,real_run3_metabric_chunk001
metabric,real,3,31,F000425,SF3B1 gene expression,3,3,real_run3_metabric_chunk001
metabric,real,3,31,F000115,NRARP gene expression,1,3,real_run3_metabric_chunk001
metabric,real,3,31,F000136,ACVRL1 gene expression,1,3,real_run3_metabric_chunk001
metabric,real,3,31,F000427,SHANK2 gene expression,1,3,real_run3_metabric_chunk001
metabric,real,3,31,F000377,KDM3A gene expression,1,3,real_run3_metabric_chunk001
metabric,real,3,31,F000500,SOX9 gene expression,2,3,real_run3_metabric_chunk001
metabric,real,3,31,F000682,SMARCB1 somatic mutation,2,3,real_run3_metabric_chunk001
metabric,real,3,31,F000250,NFKB2 gene expression,2,3,real_run3_metabric_chunk001
metabric,real,3,31,F000324,MAP4 gene expression,1,3,real_run3_metabric_chunk001
metabric,real,3,31,F000369,FRMD3 gene expression,1,3,real_run3_metabric_chunk001
metabric,real,3,31,F000253,PDGFB gene expression,2,3,real_run3_metabric_chunk001
metabric,real,3,31,F000234,MMP16 gene expression,2,3,real_run3_metabric_chunk001
metabric,real,3,31,F000230,MMP12 gene expression,2,3,real_run3_metabric_chunk001
metabric,real,3,31,F000180,ERBB3 gene expression,3,3,real_run3_metabric_chunk001
metabric,real,3,31,F000301,ARID1B gene expression,2,3,real_run3_metabric_chunk001
metabric,real,3,31,F000386,LIPI gene expression,1,3,real_run3_metabric_chunk001
metabric,real,3,31,F000550,RUNX1 somatic mutation,3,3,real_run3_metabric_chunk001
metabric,real,3,31,F000214,MAP3K4 gene expression,2,3,real_run3_metabric_chunk001
