feature_id,semantic_source_feature_id,relevance_scaled,confidence_scaled,agreement,reliability,text_score,condition,llm_runs
F000001,F000161,0.0,1.0,1.0,1.0,0.0,permuted_seed_0019,3
F000002,F000003,0.0,1.0,1.0,1.0,0.0,permuted_seed_0019,3
F000003,F000405,0.0,1.0,1.0,1.0,0.0,permuted_seed_0019,3
F000004,F000163,0.0,1.0,1.0,1.0,0.0,permuted_seed_0019,3
F000005,F000156,0.0,1.0,1.0,1.0,0.0,permuted_seed_0019,3
F000006,F000422,0.0,1.0,1.0,1.0,0.0,permuted_seed_0019,3
F000007,F000032,0.0,1.0,1.0,1.0,0.0,permuted_seed_0019,3
F000008,F001388,0.0,1.0,1.0,1.0,0.0,permuted_seed_0019,3
F000009,F000768,0.25,1.0,1.0,1.0,0.25,permuted_seed_0019,3
F000010,F000407,0.0,1.0,1.0,1.0,0.0,permuted_seed_0019,3
F000011,F000313,0.25,1.0,1.0,1.0,0.25,permuted_seed_0019,3
F000012,F000428,0.0,1.0,1.0,1.0,0.0,permuted_seed_0019,3
F000013,F000872,0.0,1.0,1.0,1.0,0.0,permuted_seed_0019,3
F000014,F000346,0.25,1.0,1.0,1.0,0.25,permuted_seed_0019,3
F000015,F001353,0.0,1.0,1.0,1.0,0.0,permuted_seed_0019,3
F000016,F000055,0.0,1.0,1.0,1.0,0.0,permuted_seed_0019,3
F000017,F000400,0.0,1.0,1.0,1.0,0.0,permuted_seed_0019,3
F000018,F000121,0.0,1.0,1.0,1.0,0.0,permuted_seed_0019,3
F000019,F001300,0.25,1.0,1.0,1.0,0.25,permuted_seed_0019,3
F000020,F000907,0.0,1.0,1.0,1.0,0.0,permuted_seed_0019,3
F000021,F001240,0.5,1.0,1.0,1.0,0.5,permuted_seed_0019,3
F000022,F001265,0.0,1.0,1.0,1.0,0.0,permuted_seed_0019,3
F000023,F000752,0.0,1.0,1.0,1.0,0.0,permuted_seed_0019,3
F000024,F001307,0.0,1.0,1.0,1.0,0.0,permuted_seed_0019,3
F000025,F000624,0.0,1.0,1.0,1.0,0.0,permuted_seed_0019,3
F000026,F000749,0.0,1.0,1.0,1.0,0.0,permuted_seed_0019,3
F000027,F000199,0.0,1.0,1.0,1.0,0.0,permuted_seed_0019,3
F000028,F000290,0.0,1.0,1.0,1.0,0.0,permuted_seed_0019,3
F000029,F001610,0.0,1.0,1.0,1.0,0.0,permuted_seed_0019,3
F000030,F001014,0.0,1.0,1.0,1.0,0.0,permuted_seed_0019,3
F000031,F001731,0.25,1.0,1.0,1.0,0.25,permuted_seed_0019,3
F000032,F000756,0.25,1.0,1.0,1.0,0.25,permuted_seed_0019,3
F000033,F001649,0.0,1.0,1.0,1.0,0.0,permuted_seed_0019,3
F000034,F000560,0.0,1.0,1.0,1.0,0.0,permuted_seed_0019,3
F000035,F001521,0.25,1.0,1.0,1.0,0.25,permuted_seed_0019,3
F000036,F000833,0.25,1.0,1.0,1.0,0.25,permuted_seed_0019,3
F000037,F000711,0.25,1.0,1.0,1.0,0.25,permuted_seed_0019,3
F000038,F000134,0.0,1.0,1.0,1.0,0.0,permuted_seed_0019,3
F000039,F000293,0.0,1.0,1.0,1.0,0.0,permuted_seed_0019,3
F000040,F000526,0.0,1.0,1.0,1.0,0.0,permuted_seed_0019,3
F000041,F000242,0.0,1.0,1.0,1.0,0.0,permuted_seed_0019,3
F000042,F000434,0.0,1.0,1.0,1.0,0.0,permuted_seed_0019,3
F000043,F000566,0.0,1.0,1.0,1.0,0.0,permuted_seed_0019,3
F000044,F001647,0.0,1.0,1.0,1.0,0.0,permuted_seed_0019,3
F000045,F000784,0.0,1.0,1.0,1.0,0.0,permuted_seed_0019,3
F000046,F000318,0.0,1.0,1.0,1.0,0.0,permuted_seed_0019,3
F000047,F001960,0.75,1.0,1.0,1.0,0.75,permuted_seed_0019,3
F000048,F000771,0.0,1.0,1.0,1.0,0.0,permuted_seed_0019,3
F000049,F001697,0.0,1.0,1.0,1.0,0.0,permuted_seed_0019,3
F000050,F001084,0.0,1.0,1.0,1.0,0.0,permuted_seed_0019,3
F000051,F000692,0.0,1.0,1.0,1.0,0.0,permuted_seed_0019,3
F000052,F001452,0.0,1.0,1.0,1.0,0.0,permuted_seed_0019,3
F000053,F001546,0.0,1.0,1.0,1.0,0.0,permuted_seed_0019,3
F000054,F001639,0.0,1.0,1.0,1.0,0.0,permuted_seed_0019,3
F000055,F001876,0.0,1.0,1.0,1.0,0.0,permuted_seed_0019,3
F000056,F001588,0.0,1.0,1.0,1.0,0.0,permuted_seed_0019,3
F000057,F000117,0.5,1.0,1.0,1.0,0.5,permuted_seed_0019,3
F000058,F001729,0.0,1.0,1.0,1.0,0.0,permuted_seed_0019,3
F000059,F001951,0.0,1.0,1.0,1.0,0.0,permuted_seed_0019,3
F000060,F001581,0.0,1.0,1.0,1.0,0.0,permuted_seed_0019,3
F000061,F001565,0.0,1.0,1.0,1.0,0.0,permuted_seed_0019,3
F000062,F000110,0.0,1.0,1.0,1.0,0.0,permuted_seed_0019,3
F000063,F000917,0.0,1.0,1.0,1.0,0.0,permuted_seed_0019,3
F000064,F001155,0.0,1.0,1.0,1.0,0.0,permuted_seed_0019,3
F000065,F000848,0.0,1.0,1.0,1.0,0.0,permuted_seed_0019,3
F000066,F001966,0.25,1.0,1.0,1.0,0.25,permuted_seed_0019,3
F000067,F000363,0.0,1.0,1.0,1.0,0.0,permuted_seed_0019,3
F000068,F000916,0.25,1.0,1.0,1.0,0.25,permuted_seed_0019,3
F000069,F000876,0.0,1.0,1.0,1.0,0.0,permuted_seed_0019,3
F000070,F001050,0.0,1.0,1.0,1.0,0.0,permuted_seed_0019,3
F000071,F001853,0.25,1.0,1.0,1.0,0.25,permuted_seed_0019,3
F000072,F000479,0.5,1.0,1.0,1.0,0.5,permuted_seed_0019,3
F000073,F000795,0.0,1.0,1.0,1.0,0.0,permuted_seed_0019,3
F000074,F000814,0.0,1.0,1.0,1.0,0.0,permuted_seed_0019,3
F000075,F000185,0.0,1.0,1.0,1.0,0.0,permuted_seed_0019,3
F000076,F000340,0.0,1.0,1.0,1.0,0.0,permuted_seed_0019,3
F000077,F001416,0.0,1.0,1.0,1.0,0.0,permuted_seed_0019,3
F000078,F001621,0.0,1.0,1.0,1.0,0.0,permuted_seed_0019,3
F000079,F001578,0.0,1.0,1.0,1.0,0.0,permuted_seed_0019,3
F000080,F001843,0.0,1.0,1.0,1.0,0.0,permuted_seed_0019,3
F000081,F001730,0.0,1.0,1.0,1.0,0.0,permuted_seed_0019,3
F000082,F000494,0.0,1.0,1.0,1.0,0.0,permuted_seed_0019,3
F000083,F001352,0.5,1.0,1.0,1.0,0.5,permuted_seed_0019,3
F000084,F001138,0.5,1.0,1.0,1.0,0.5,permuted_seed_0019,3
F000085,F001726,0.0,1.0,1.0,1.0,0.0,permuted_seed_0019,3
F000086,F000975,0.0,1.0,1.0,1.0,0.0,permuted_seed_0019,3
F000087,F000895,0.0,1.0,1.0,1.0,0.0,permuted_seed_0019,3
F000088,F001972,0.0,1.0,1.0,1.0,0.0,permuted_seed_0019,3
F000089,F001235,0.0,1.0,1.0,1.0,0.0,permuted_seed_0019,3
F000090,F000514,0.0,1.0,1.0,1.0,0.0,permuted_seed_0019,3
F000091,F000464,0.25,1.0,1.0,1.0,0.25,permuted_seed_0019,3
F000092,F001332,0.0,1.0,1.0,1.0,0.0,permuted_seed_0019,3
F000093,F001509,0.0,1.0,1.0,1.0,0.0,permuted_seed_0019,3
F000094,F001190,0.0,1.0,1.0,1.0,0.0,permuted_seed_0019,3
F000095,F000414,0.0,1.0,1.0,1.0,0.0,permuted_seed_0019,3
F000096,F001012,0.0,1.0,1.0,1.0,0.0,permuted_seed_0019,3
F000097,F001666,0.0,1.0,1.0,1.0,0.0,permuted_seed_0019,3
F000098,F001645,0.0,1.0,1.0,1.0,0.0,permuted_seed_0019,3
F000099,F000335,0.0,1.0,1.0,1.0,0.0,permuted_seed_0019,3
F000100,F000429,0.0,1.0,1.0,1.0,0.0,permuted_seed_0019,3
F000101,F001239,0.25,1.0,1.0,1.0,0.25,permuted_seed_0019,3
F000102,F000376,0.25,1.0,1.0,1.0,0.25,permuted_seed_0019,3
F000103,F000108,0.0,1.0,1.0,1.0,0.0,permuted_seed_0019,3
F000104,F000575,0.0,1.0,1.0,1.0,0.0,permuted_seed_0019,3
F000105,F001375,0.0,1.0,1.0,1.0,0.0,permuted_seed_0019,3
F000106,F000069,0.0,1.0,1.0,1.0,0.0,permuted_seed_0019,3
F000107,F001872,0.0,1.0,1.0,1.0,0.0,permuted_seed_0019,3
F000108,F000096,0.0,1.0,1.0,1.0,0.0,permuted_seed_0019,3
F000109,F000099,0.0,1.0,1.0,1.0,0.0,permuted_seed_0019,3
F000110,F000075,0.0,1.0,1.0,1.0,0.0,permuted_seed_0019,3
F000111,F000843,0.0,1.0,1.0,1.0,0.0,permuted_seed_0019,3
F000112,F001808,0.75,1.0,1.0,1.0,0.75,permuted_seed_0019,3
F000113,F001854,0.5,1.0,1.0,1.0,0.5,permuted_seed_0019,3
F000114,F001196,0.0,1.0,1.0,1.0,0.0,permuted_seed_0019,3
F000115,F001403,0.25,1.0,1.0,1.0,0.25,permuted_seed_0019,3
F000116,F000723,0.0,1.0,1.0,1.0,0.0,permuted_seed_0019,3
F000117,F000946,0.0,1.0,1.0,1.0,0.0,permuted_seed_0019,3
F000118,F001209,0.0,1.0,1.0,1.0,0.0,permuted_seed_0019,3
F000119,F000754,0.0,1.0,1.0,1.0,0.0,permuted_seed_0019,3
F000120,F001777,0.25,1.0,1.0,1.0,0.25,permuted_seed_0019,3
F000121,F000142,0.25,1.0,1.0,1.0,0.25,permuted_seed_0019,3
F000122,F000847,0.25,1.0,1.0,1.0,0.25,permuted_seed_0019,3
F000123,F001795,0.25,1.0,1.0,1.0,0.25,permuted_seed_0019,3
F000124,F000983,0.0,1.0,1.0,1.0,0.0,permuted_seed_0019,3
F000125,F001702,0.25,1.0,1.0,1.0,0.25,permuted_seed_0019,3
F000126,F000249,0.0,1.0,1.0,1.0,0.0,permuted_seed_0019,3
F000127,F000374,0.0,1.0,1.0,1.0,0.0,permuted_seed_0019,3
F000128,F001719,0.0,1.0,1.0,1.0,0.0,permuted_seed_0019,3
F000129,F001636,0.25,1.0,1.0,1.0,0.25,permuted_seed_0019,3
F000130,F001943,0.0,1.0,1.0,1.0,0.0,permuted_seed_0019,3
F000131,F001159,0.0,1.0,1.0,1.0,0.0,permuted_seed_0019,3
F000132,F001713,0.0,1.0,1.0,1.0,0.0,permuted_seed_0019,3
F000133,F000837,0.25,1.0,1.0,1.0,0.25,permuted_seed_0019,3
F000134,F000202,0.25,1.0,1.0,1.0,0.25,permuted_seed_0019,3
F000135,F001883,0.0,1.0,1.0,1.0,0.0,permuted_seed_0019,3
F000136,F001071,0.25,1.0,1.0,1.0,0.25,permuted_seed_0019,3
F000137,F001246,0.0,1.0,1.0,1.0,0.0,permuted_seed_0019,3
F000138,F001367,0.0,1.0,1.0,1.0,0.0,permuted_seed_0019,3
F000139,F000956,0.0,1.0,1.0,1.0,0.0,permuted_seed_0019,3
F000140,F001279,0.5,1.0,1.0,1.0,0.5,permuted_seed_0019,3
F000141,F000246,0.0,1.0,1.0,1.0,0.0,permuted_seed_0019,3
F000142,F000326,0.0,1.0,1.0,1.0,0.0,permuted_seed_0019,3
F000143,F001287,0.25,1.0,1.0,1.0,0.25,permuted_seed_0019,3
F000144,F000850,0.0,1.0,1.0,1.0,0.0,permuted_seed_0019,3
F000145,F001979,0.0,1.0,1.0,1.0,0.0,permuted_seed_0019,3
F000146,F001953,0.0,1.0,1.0,1.0,0.0,permuted_seed_0019,3
F000147,F000074,0.25,1.0,1.0,1.0,0.25,permuted_seed_0019,3
F000148,F000015,0.0,1.0,1.0,1.0,0.0,permuted_seed_0019,3
F000149,F001794,0.0,1.0,1.0,1.0,0.0,permuted_seed_0019,3
F000150,F000785,0.0,1.0,1.0,1.0,0.0,permuted_seed_0019,3
F000151,F000695,0.5,1.0,1.0,1.0,0.5,permuted_seed_0019,3
F000152,F001605,0.0,1.0,1.0,1.0,0.0,permuted_seed_0019,3
F000153,F000381,0.0,1.0,1.0,1.0,0.0,permuted_seed_0019,3
F000154,F000904,0.25,1.0,1.0,1.0,0.25,permuted_seed_0019,3
F000155,F000455,0.0,1.0,1.0,1.0,0.0,permuted_seed_0019,3
F000156,F000884,0.25,1.0,1.0,1.0,0.25,permuted_seed_0019,3
F000157,F001988,0.0,1.0,1.0,1.0,0.0,permuted_seed_0019,3
F000158,F000881,0.25,1.0,1.0,1.0,0.25,permuted_seed_0019,3
F000159,F000287,0.0,1.0,1.0,1.0,0.0,permuted_seed_0019,3
F000160,F001947,0.25,1.0,1.0,1.0,0.25,permuted_seed_0019,3
F000161,F000204,0.0,1.0,1.0,1.0,0.0,permuted_seed_0019,3
F000162,F001004,0.0,1.0,1.0,1.0,0.0,permuted_seed_0019,3
F000163,F000934,0.0,1.0,1.0,1.0,0.0,permuted_seed_0019,3
F000164,F001306,0.5,1.0,1.0,1.0,0.5,permuted_seed_0019,3
F000165,F000842,0.0,1.0,1.0,1.0,0.0,permuted_seed_0019,3
F000166,F001481,0.5,1.0,0.5,0.5,0.5,permuted_seed_0019,3
F000167,F001143,0.0,1.0,1.0,1.0,0.0,permuted_seed_0019,3
F000168,F000815,0.0,1.0,1.0,1.0,0.0,permuted_seed_0019,3
F000169,F001185,0.0,1.0,1.0,1.0,0.0,permuted_seed_0019,3
F000170,F000101,0.0,1.0,1.0,1.0,0.0,permuted_seed_0019,3
F000171,F001987,0.5,1.0,1.0,1.0,0.5,permuted_seed_0019,3
F000172,F001467,0.0,1.0,1.0,1.0,0.0,permuted_seed_0019,3
F000173,F001786,0.0,1.0,1.0,1.0,0.0,permuted_seed_0019,3
F000174,F001172,0.0,1.0,1.0,1.0,0.0,permuted_seed_0019,3
F000175,F000966,0.0,1.0,1.0,1.0,0.0,permuted_seed_0019,3
F000176,F000126,0.0,1.0,1.0,1.0,0.0,permuted_seed_0019,3
F000177,F001568,0.0,1.0,1.0,1.0,0.0,permuted_seed_0019,3
F000178,F000545,0.0,1.0,1.0,1.0,0.0,permuted_seed_0019,3
F000179,F001174,0.5,1.0,1.0,1.0,0.5,permuted_seed_0019,3
F000180,F001782,0.0,1.0,1.0,1.0,0.0,permuted_seed_0019,3
F000181,F000570,0.25,1.0,1.0,1.0,0.25,permuted_seed_0019,3
F000182,F001574,0.0,1.0,1.0,1.0,0.0,permuted_seed_0019,3
F000183,F001507,0.0,1.0,1.0,1.0,0.0,permuted_seed_0019,3
F000184,F001264,0.0,1.0,1.0,1.0,0.0,permuted_seed_0019,3
F000185,F000656,0.0,1.0,1.0,1.0,0.0,permuted_seed_0019,3
F000186,F001735,0.0,1.0,1.0,1.0,0.0,permuted_seed_0019,3
F000187,F000571,0.0,1.0,1.0,1.0,0.0,permuted_seed_0019,3
F000188,F000859,0.0,1.0,1.0,1.0,0.0,permuted_seed_0019,3
F000189,F001424,0.0,1.0,1.0,1.0,0.0,permuted_seed_0019,3
F000190,F001787,0.0,1.0,1.0,1.0,0.0,permuted_seed_0019,3
F000191,F001226,0.5,1.0,1.0,1.0,0.5,permuted_seed_0019,3
F000192,F001530,0.0,1.0,1.0,1.0,0.0,permuted_seed_0019,3
F000193,F001107,0.0,1.0,1.0,1.0,0.0,permuted_seed_0019,3
F000194,F000574,0.0,1.0,1.0,1.0,0.0,permuted_seed_0019,3
F000195,F001091,0.0,1.0,1.0,1.0,0.0,permuted_seed_0019,3
F000196,F000615,0.0,1.0,1.0,1.0,0.0,permuted_seed_0019,3
F000197,F001579,0.0,1.0,1.0,1.0,0.0,permuted_seed_0019,3
F000198,F000004,0.0,1.0,1.0,1.0,0.0,permuted_seed_0019,3
F000199,F000329,0.0,1.0,1.0,1.0,0.0,permuted_seed_0019,3
F000200,F000534,0.0,1.0,1.0,1.0,0.0,permuted_seed_0019,3
F000201,F001476,0.5,1.0,1.0,1.0,0.5,permuted_seed_0019,3
F000202,F000382,0.25,1.0,1.0,1.0,0.25,permuted_seed_0019,3
F000203,F000728,0.5,1.0,1.0,1.0,0.5,permuted_seed_0019,3
F000204,F000006,0.0,1.0,1.0,1.0,0.0,permuted_seed_0019,3
F000205,F000380,0.0,1.0,1.0,1.0,0.0,permuted_seed_0019,3
F000206,F001904,0.0,1.0,1.0,1.0,0.0,permuted_seed_0019,3
F000207,F001926,0.5,1.0,1.0,1.0,0.5,permuted_seed_0019,3
F000208,F000140,0.25,1.0,1.0,1.0,0.25,permuted_seed_0019,3
F000209,F001813,0.0,1.0,1.0,1.0,0.0,permuted_seed_0019,3
F000210,F001604,0.0,1.0,1.0,1.0,0.0,permuted_seed_0019,3
F000211,F000454,0.25,1.0,1.0,1.0,0.25,permuted_seed_0019,3
F000212,F000258,0.25,1.0,1.0,1.0,0.25,permuted_seed_0019,3
F000213,F001252,0.25,1.0,1.0,1.0,0.25,permuted_seed_0019,3
F000214,F001135,0.0,1.0,1.0,1.0,0.0,permuted_seed_0019,3
F000215,F001369,0.0,1.0,1.0,1.0,0.0,permuted_seed_0019,3
F000216,F000747,0.0,1.0,1.0,1.0,0.0,permuted_seed_0019,3
F000217,F000133,0.0,1.0,1.0,1.0,0.0,permuted_seed_0019,3
F000218,F000726,0.5,1.0,1.0,1.0,0.5,permuted_seed_0019,3
F000219,F000305,0.25,1.0,1.0,1.0,0.25,permuted_seed_0019,3
F000220,F001593,0.5,1.0,1.0,1.0,0.5,permuted_seed_0019,3
F000221,F001954,0.0,1.0,1.0,1.0,0.0,permuted_seed_0019,3
F000222,F000765,0.0,1.0,1.0,1.0,0.0,permuted_seed_0019,3
F000223,F000553,0.0,1.0,1.0,1.0,0.0,permuted_seed_0019,3
F000224,F000030,0.25,1.0,1.0,1.0,0.25,permuted_seed_0019,3
F000225,F000201,0.0,1.0,1.0,1.0,0.0,permuted_seed_0019,3
F000226,F001384,0.0,1.0,1.0,1.0,0.0,permuted_seed_0019,3
F000227,F000602,0.0,1.0,1.0,1.0,0.0,permuted_seed_0019,3
F000228,F000284,0.0,1.0,1.0,1.0,0.0,permuted_seed_0019,3
F000229,F000489,0.0,1.0,1.0,1.0,0.0,permuted_seed_0019,3
F000230,F000120,0.0,1.0,1.0,1.0,0.0,permuted_seed_0019,3
F000231,F001459,0.25,1.0,1.0,1.0,0.25,permuted_seed_0019,3
F000232,F000547,0.0,1.0,1.0,1.0,0.0,permuted_seed_0019,3
F000233,F000986,0.0,1.0,1.0,1.0,0.0,permuted_seed_0019,3
F000234,F001402,0.0,1.0,1.0,1.0,0.0,permuted_seed_0019,3
F000235,F001331,0.0,1.0,1.0,1.0,0.0,permuted_seed_0019,3
F000236,F001035,0.25,1.0,1.0,1.0,0.25,permuted_seed_0019,3
F000237,F001659,0.25,1.0,1.0,1.0,0.25,permuted_seed_0019,3
F000238,F000551,0.0,1.0,1.0,1.0,0.0,permuted_seed_0019,3
F000239,F001532,0.0,1.0,1.0,1.0,0.0,permuted_seed_0019,3
F000240,F001213,0.0,1.0,1.0,1.0,0.0,permuted_seed_0019,3
F000241,F001082,0.5,1.0,1.0,1.0,0.5,permuted_seed_0019,3
F000242,F000459,0.0,1.0,1.0,1.0,0.0,permuted_seed_0019,3
F000243,F001141,0.5,1.0,1.0,1.0,0.5,permuted_seed_0019,3
F000244,F001541,0.0,1.0,1.0,1.0,0.0,permuted_seed_0019,3
F000245,F001940,0.0,1.0,1.0,1.0,0.0,permuted_seed_0019,3
F000246,F000760,0.0,1.0,1.0,1.0,0.0,permuted_seed_0019,3
F000247,F000835,0.5,1.0,1.0,1.0,0.5,permuted_seed_0019,3
F000248,F001181,0.0,1.0,1.0,1.0,0.0,permuted_seed_0019,3
F000249,F000641,0.0,1.0,1.0,1.0,0.0,permuted_seed_0019,3
F000250,F001371,0.5,1.0,1.0,1.0,0.5,permuted_seed_0019,3
F000251,F001435,0.25,1.0,1.0,1.0,0.25,permuted_seed_0019,3
F000252,F001466,0.0,1.0,1.0,1.0,0.0,permuted_seed_0019,3
F000253,F001740,0.0,1.0,1.0,1.0,0.0,permuted_seed_0019,3
F000254,F001399,0.0,1.0,1.0,1.0,0.0,permuted_seed_0019,3
F000255,F001126,0.0,1.0,1.0,1.0,0.0,permuted_seed_0019,3
F000256,F001515,0.0,1.0,1.0,1.0,0.0,permuted_seed_0019,3
F000257,F000492,0.0,1.0,1.0,1.0,0.0,permuted_seed_0019,3
F000258,F001343,0.0,1.0,1.0,1.0,0.0,permuted_seed_0019,3
F000259,F000944,0.0,1.0,1.0,1.0,0.0,permuted_seed_0019,3
F000260,F000840,0.0,1.0,1.0,1.0,0.0,permuted_seed_0019,3
F000261,F001502,0.0,1.0,1.0,1.0,0.0,permuted_seed_0019,3
F000262,F000674,0.0,1.0,1.0,1.0,0.0,permuted_seed_0019,3
F000263,F001827,0.0,1.0,1.0,1.0,0.0,permuted_seed_0019,3
F000264,F000417,0.25,1.0,1.0,1.0,0.25,permuted_seed_0019,3
F000265,F000879,0.0,1.0,1.0,1.0,0.0,permuted_seed_0019,3
F000266,F000958,0.0,1.0,1.0,1.0,0.0,permuted_seed_0019,3
F000267,F001760,0.0,1.0,1.0,1.0,0.0,permuted_seed_0019,3
F000268,F001074,0.25,1.0,1.0,1.0,0.25,permuted_seed_0019,3
F000269,F001584,0.0,1.0,1.0,1.0,0.0,permuted_seed_0019,3
F000270,F001670,0.0,1.0,1.0,1.0,0.0,permuted_seed_0019,3
F000271,F000561,0.0,1.0,1.0,1.0,0.0,permuted_seed_0019,3
F000272,F000177,0.0,1.0,1.0,1.0,0.0,permuted_seed_0019,3
F000273,F001941,0.25,1.0,1.0,1.0,0.25,permuted_seed_0019,3
F000274,F001564,0.25,1.0,1.0,1.0,0.25,permuted_seed_0019,3
F000275,F000406,0.0,1.0,1.0,1.0,0.0,permuted_seed_0019,3
F000276,F001441,0.25,1.0,1.0,1.0,0.25,permuted_seed_0019,3
F000277,F000231,0.0,1.0,1.0,1.0,0.0,permuted_seed_0019,3
F000278,F001504,0.0,1.0,1.0,1.0,0.0,permuted_seed_0019,3
F000279,F001282,0.25,1.0,1.0,1.0,0.25,permuted_seed_0019,3
F000280,F001955,0.25,1.0,1.0,1.0,0.25,permuted_seed_0019,3
F000281,F000554,0.0,1.0,1.0,1.0,0.0,permuted_seed_0019,3
F000282,F001809,0.0,1.0,1.0,1.0,0.0,permuted_seed_0019,3
F000283,F000691,0.0,1.0,1.0,1.0,0.0,permuted_seed_0019,3
F000284,F000039,0.0,1.0,1.0,1.0,0.0,permuted_seed_0019,3
F000285,F000273,0.0,1.0,1.0,1.0,0.0,permuted_seed_0019,3
F000286,F001336,0.0,1.0,1.0,1.0,0.0,permuted_seed_0019,3
F000287,F000462,0.25,1.0,1.0,1.0,0.25,permuted_seed_0019,3
F000288,F001602,0.0,1.0,1.0,1.0,0.0,permuted_seed_0019,3
F000289,F001478,0.25,1.0,1.0,1.0,0.25,permuted_seed_0019,3
F000290,F001394,0.25,1.0,1.0,1.0,0.25,permuted_seed_0019,3
F000291,F001646,0.0,1.0,1.0,1.0,0.0,permuted_seed_0019,3
F000292,F000522,0.0,1.0,1.0,1.0,0.0,permuted_seed_0019,3
F000293,F001927,0.0,1.0,1.0,1.0,0.0,permuted_seed_0019,3
F000294,F000803,0.0,1.0,1.0,1.0,0.0,permuted_seed_0019,3
F000295,F000315,0.0,1.0,1.0,1.0,0.0,permuted_seed_0019,3
F000296,F001629,0.0,1.0,1.0,1.0,0.0,permuted_seed_0019,3
F000297,F001038,0.0,1.0,1.0,1.0,0.0,permuted_seed_0019,3
F000298,F000221,0.25,1.0,1.0,1.0,0.25,permuted_seed_0019,3
F000299,F000685,0.0,1.0,1.0,1.0,0.0,permuted_seed_0019,3
F000300,F001160,0.0,1.0,1.0,1.0,0.0,permuted_seed_0019,3
F000301,F001407,0.0,1.0,1.0,1.0,0.0,permuted_seed_0019,3
F000302,F000105,0.0,1.0,1.0,1.0,0.0,permuted_seed_0019,3
F000303,F001630,0.0,1.0,1.0,1.0,0.0,permuted_seed_0019,3
F000304,F001587,0.0,1.0,1.0,1.0,0.0,permuted_seed_0019,3
F000305,F001891,0.25,1.0,1.0,1.0,0.25,permuted_seed_0019,3
F000306,F000103,0.0,1.0,1.0,1.0,0.0,permuted_seed_0019,3
F000307,F001398,0.5,1.0,1.0,1.0,0.5,permuted_seed_0019,3
F000308,F001657,0.0,1.0,1.0,1.0,0.0,permuted_seed_0019,3
F000309,F001387,0.0,1.0,1.0,1.0,0.0,permuted_seed_0019,3
F000310,F000441,0.0,1.0,1.0,1.0,0.0,permuted_seed_0019,3
F000311,F000136,0.25,1.0,1.0,1.0,0.25,permuted_seed_0019,3
F000312,F001460,0.0,1.0,1.0,1.0,0.0,permuted_seed_0019,3
F000313,F000590,0.0,1.0,1.0,1.0,0.0,permuted_seed_0019,3
F000314,F000563,0.0,1.0,1.0,1.0,0.0,permuted_seed_0019,3
F000315,F001073,0.0,1.0,1.0,1.0,0.0,permuted_seed_0019,3
F000316,F001001,0.0,1.0,1.0,1.0,0.0,permuted_seed_0019,3
F000317,F001137,0.0,1.0,1.0,1.0,0.0,permuted_seed_0019,3
F000318,F000981,0.25,1.0,1.0,1.0,0.25,permuted_seed_0019,3
F000319,F001864,0.5,1.0,1.0,1.0,0.5,permuted_seed_0019,3
F000320,F000867,0.5,1.0,1.0,1.0,0.5,permuted_seed_0019,3
F000321,F001841,0.0,1.0,1.0,1.0,0.0,permuted_seed_0019,3
F000322,F001320,0.0,1.0,1.0,1.0,0.0,permuted_seed_0019,3
F000323,F001784,0.25,1.0,1.0,1.0,0.25,permuted_seed_0019,3
F000324,F001344,0.5,1.0,1.0,1.0,0.5,permuted_seed_0019,3
F000325,F001052,0.0,1.0,1.0,1.0,0.0,permuted_seed_0019,3
F000326,F000321,0.0,1.0,1.0,1.0,0.0,permuted_seed_0019,3
F000327,F001622,0.25,1.0,1.0,1.0,0.25,permuted_seed_0019,3
F000328,F000766,0.0,1.0,1.0,1.0,0.0,permuted_seed_0019,3
F000329,F001750,0.0,1.0,1.0,1.0,0.0,permuted_seed_0019,3
F000330,F000654,0.0,1.0,1.0,1.0,0.0,permuted_seed_0019,3
F000331,F000460,0.0,1.0,1.0,1.0,0.0,permuted_seed_0019,3
F000332,F000599,0.0,1.0,1.0,1.0,0.0,permuted_seed_0019,3
F000333,F000035,0.0,1.0,1.0,1.0,0.0,permuted_seed_0019,3
F000334,F001765,0.0,1.0,1.0,1.0,0.0,permuted_seed_0019,3
F000335,F001868,0.25,1.0,1.0,1.0,0.25,permuted_seed_0019,3
F000336,F000769,0.0,1.0,1.0,1.0,0.0,permuted_seed_0019,3
F000337,F000065,0.25,1.0,1.0,1.0,0.25,permuted_seed_0019,3
F000338,F000638,0.0,1.0,1.0,1.0,0.0,permuted_seed_0019,3
F000339,F000608,0.0,1.0,1.0,1.0,0.0,permuted_seed_0019,3
F000340,F001991,0.0,1.0,1.0,1.0,0.0,permuted_seed_0019,3
F000341,F000301,0.0,1.0,1.0,1.0,0.0,permuted_seed_0019,3
F000342,F001031,0.25,1.0,1.0,1.0,0.25,permuted_seed_0019,3
F000343,F000378,0.0,1.0,1.0,1.0,0.0,permuted_seed_0019,3
F000344,F001005,0.0,1.0,1.0,1.0,0.0,permuted_seed_0019,3
F000345,F001556,0.0,1.0,1.0,1.0,0.0,permuted_seed_0019,3
F000346,F001445,0.0,1.0,1.0,1.0,0.0,permuted_seed_0019,3
F000347,F001683,0.0,1.0,1.0,1.0,0.0,permuted_seed_0019,3
F000348,F001661,0.0,1.0,1.0,1.0,0.0,permuted_seed_0019,3
F000349,F001764,0.0,1.0,1.0,1.0,0.0,permuted_seed_0019,3
F000350,F001967,0.0,1.0,1.0,1.0,0.0,permuted_seed_0019,3
F000351,F000410,0.0,1.0,1.0,1.0,0.0,permuted_seed_0019,3
F000352,F000131,0.25,1.0,1.0,1.0,0.25,permuted_seed_0019,3
F000353,F000849,0.0,1.0,1.0,1.0,0.0,permuted_seed_0019,3
F000354,F000891,0.25,1.0,1.0,1.0,0.25,permuted_seed_0019,3
F000355,F001029,0.25,1.0,1.0,1.0,0.25,permuted_seed_0019,3
F000356,F000393,0.0,1.0,1.0,1.0,0.0,permuted_seed_0019,3
F000357,F000355,0.5,1.0,1.0,1.0,0.5,permuted_seed_0019,3
F000358,F001957,0.0,1.0,1.0,1.0,0.0,permuted_seed_0019,3
F000359,F000701,0.0,1.0,1.0,1.0,0.0,permuted_seed_0019,3
F000360,F001468,0.0,1.0,1.0,1.0,0.0,permuted_seed_0019,3
F000361,F001286,0.25,1.0,1.0,1.0,0.25,permuted_seed_0019,3
F000362,F000449,0.25,1.0,1.0,1.0,0.25,permuted_seed_0019,3
F000363,F000356,0.0,1.0,1.0,1.0,0.0,permuted_seed_0019,3
F000364,F001607,0.0,1.0,1.0,1.0,0.0,permuted_seed_0019,3
F000365,F000328,0.0,1.0,1.0,1.0,0.0,permuted_seed_0019,3
F000366,F000456,0.5,1.0,1.0,1.0,0.5,permuted_seed_0019,3
F000367,F001742,0.0,1.0,1.0,1.0,0.0,permuted_seed_0019,3
F000368,F000930,0.0,1.0,1.0,1.0,0.0,permuted_seed_0019,3
F000369,F000404,0.0,1.0,1.0,1.0,0.0,permuted_seed_0019,3
F000370,F000569,0.0,1.0,1.0,1.0,0.0,permuted_seed_0019,3
F000371,F001696,0.0,1.0,1.0,1.0,0.0,permuted_seed_0019,3
F000372,F000482,0.0,1.0,1.0,1.0,0.0,permuted_seed_0019,3
F000373,F000421,0.0,1.0,1.0,1.0,0.0,permuted_seed_0019,3
F000374,F001324,0.0,1.0,1.0,1.0,0.0,permuted_seed_0019,3
F000375,F001148,0.0,1.0,1.0,1.0,0.0,permuted_seed_0019,3
F000376,F000167,0.0,1.0,1.0,1.0,0.0,permuted_seed_0019,3
F000377,F001935,0.25,1.0,1.0,1.0,0.25,permuted_seed_0019,3
F000378,F001258,0.0,1.0,1.0,1.0,0.0,permuted_seed_0019,3
F000379,F001667,0.0,1.0,1.0,1.0,0.0,permuted_seed_0019,3
F000380,F000187,0.0,1.0,1.0,1.0,0.0,permuted_seed_0019,3
F000381,F001789,0.5,1.0,0.5,0.5,0.5,permuted_seed_0019,3
F000382,F001129,0.0,1.0,1.0,1.0,0.0,permuted_seed_0019,3
F000383,F001165,0.0,1.0,1.0,1.0,0.0,permuted_seed_0019,3
F000384,F001753,0.0,1.0,1.0,1.0,0.0,permuted_seed_0019,3
F000385,F000557,0.0,1.0,1.0,1.0,0.0,permuted_seed_0019,3
F000386,F001191,0.0,1.0,1.0,1.0,0.0,permuted_seed_0019,3
F000387,F001859,0.0,1.0,1.0,1.0,0.0,permuted_seed_0019,3
F000388,F000604,0.0,1.0,1.0,1.0,0.0,permuted_seed_0019,3
F000389,F001166,0.0,1.0,1.0,1.0,0.0,permuted_seed_0019,3
F000390,F001110,0.0,1.0,1.0,1.0,0.0,permuted_seed_0019,3
F000391,F001428,0.0,1.0,1.0,1.0,0.0,permuted_seed_0019,3
F000392,F000159,0.25,1.0,1.0,1.0,0.25,permuted_seed_0019,3
F000393,F000148,0.25,1.0,1.0,1.0,0.25,permuted_seed_0019,3
F000394,F001450,0.0,1.0,1.0,1.0,0.0,permuted_seed_0019,3
F000395,F001146,0.0,1.0,1.0,1.0,0.0,permuted_seed_0019,3
F000396,F000137,0.0,1.0,1.0,1.0,0.0,permuted_seed_0019,3
F000397,F000158,0.5,1.0,1.0,1.0,0.5,permuted_seed_0019,3
F000398,F001508,0.25,1.0,1.0,1.0,0.25,permuted_seed_0019,3
F000399,F001916,0.0,1.0,1.0,1.0,0.0,permuted_seed_0019,3
F000400,F001326,0.25,1.0,1.0,1.0,0.25,permuted_seed_0019,3
F000401,F001929,0.25,1.0,1.0,1.0,0.25,permuted_seed_0019,3
F000402,F000887,0.0,1.0,1.0,1.0,0.0,permuted_seed_0019,3
F000403,F001124,0.0,1.0,1.0,1.0,0.0,permuted_seed_0019,3
F000404,F001989,0.0,1.0,1.0,1.0,0.0,permuted_seed_0019,3
F000405,F000475,0.0,1.0,1.0,1.0,0.0,permuted_seed_0019,3
F000406,F001640,0.5,1.0,0.5,0.5,0.5,permuted_seed_0019,3
F000407,F000937,0.25,1.0,1.0,1.0,0.25,permuted_seed_0019,3
F000408,F000402,0.25,1.0,1.0,1.0,0.25,permuted_seed_0019,3
F000409,F001600,0.0,1.0,1.0,1.0,0.0,permuted_seed_0019,3
F000410,F001374,0.0,1.0,1.0,1.0,0.0,permuted_seed_0019,3
F000411,F001746,0.0,1.0,1.0,1.0,0.0,permuted_seed_0019,3
F000412,F001488,0.0,1.0,1.0,1.0,0.0,permuted_seed_0019,3
F000413,F000517,0.0,1.0,1.0,1.0,0.0,permuted_seed_0019,3
F000414,F000970,0.0,1.0,1.0,1.0,0.0,permuted_seed_0019,3
F000415,F000971,0.0,1.0,1.0,1.0,0.0,permuted_seed_0019,3
F000416,F001892,0.0,1.0,1.0,1.0,0.0,permuted_seed_0019,3
F000417,F001318,0.0,1.0,1.0,1.0,0.0,permuted_seed_0019,3
F000418,F000601,0.5,1.0,1.0,1.0,0.5,permuted_seed_0019,3
F000419,F001216,0.0,1.0,1.0,1.0,0.0,permuted_seed_0019,3
F000420,F000457,0.25,1.0,1.0,1.0,0.25,permuted_seed_0019,3
F000421,F001847,0.25,1.0,1.0,1.0,0.25,permuted_seed_0019,3
F000422,F000639,0.0,1.0,1.0,1.0,0.0,permuted_seed_0019,3
F000423,F001325,0.0,1.0,1.0,1.0,0.0,permuted_seed_0019,3
F000424,F000616,0.0,1.0,1.0,1.0,0.0,permuted_seed_0019,3
F000425,F000669,0.0,1.0,1.0,1.0,0.0,permuted_seed_0019,3
F000426,F000283,0.0,1.0,1.0,1.0,0.0,permuted_seed_0019,3
F000427,F001415,0.25,1.0,1.0,1.0,0.25,permuted_seed_0019,3
F000428,F000280,0.0,1.0,1.0,1.0,0.0,permuted_seed_0019,3
F000429,F000943,0.0,1.0,1.0,1.0,0.0,permuted_seed_0019,3
F000430,F001418,0.0,1.0,1.0,1.0,0.0,permuted_seed_0019,3
F000431,F000147,0.0,1.0,1.0,1.0,0.0,permuted_seed_0019,3
F000432,F001019,0.0,1.0,1.0,1.0,0.0,permuted_seed_0019,3
F000433,F000825,0.0,1.0,1.0,1.0,0.0,permuted_seed_0019,3
F000434,F000743,0.25,1.0,1.0,1.0,0.25,permuted_seed_0019,3
F000435,F001642,0.0,1.0,1.0,1.0,0.0,permuted_seed_0019,3
F000436,F000403,0.5,1.0,1.0,1.0,0.5,permuted_seed_0019,3
F000437,F000507,0.5,1.0,1.0,1.0,0.5,permuted_seed_0019,3
F000438,F000323,0.0,1.0,1.0,1.0,0.0,permuted_seed_0019,3
F000439,F000513,0.0,1.0,1.0,1.0,0.0,permuted_seed_0019,3
F000440,F001414,0.5,1.0,1.0,1.0,0.5,permuted_seed_0019,3
F000441,F001734,0.0,1.0,1.0,1.0,0.0,permuted_seed_0019,3
F000442,F001309,0.0,1.0,1.0,1.0,0.0,permuted_seed_0019,3
F000443,F001162,0.5,1.0,1.0,1.0,0.5,permuted_seed_0019,3
F000444,F000304,0.0,1.0,1.0,1.0,0.0,permuted_seed_0019,3
F000445,F001959,0.0,1.0,1.0,1.0,0.0,permuted_seed_0019,3
F000446,F000709,0.0,1.0,1.0,1.0,0.0,permuted_seed_0019,3
F000447,F001687,0.0,1.0,1.0,1.0,0.0,permuted_seed_0019,3
F000448,F000613,0.25,1.0,1.0,1.0,0.25,permuted_seed_0019,3
F000449,F000234,0.0,1.0,1.0,1.0,0.0,permuted_seed_0019,3
F000450,F001061,0.0,1.0,1.0,1.0,0.0,permuted_seed_0019,3
F000451,F001707,0.25,1.0,1.0,1.0,0.25,permuted_seed_0019,3
F000452,F000600,0.0,1.0,1.0,1.0,0.0,permuted_seed_0019,3
F000453,F001637,0.0,1.0,1.0,1.0,0.0,permuted_seed_0019,3
F000454,F001752,0.0,1.0,1.0,1.0,0.0,permuted_seed_0019,3
F000455,F000260,0.5,1.0,1.0,1.0,0.5,permuted_seed_0019,3
F000456,F001869,0.25,1.0,1.0,1.0,0.25,permuted_seed_0019,3
F000457,F000472,0.0,1.0,1.0,1.0,0.0,permuted_seed_0019,3
F000458,F000621,0.0,1.0,1.0,1.0,0.0,permuted_seed_0019,3
F000459,F000720,0.0,1.0,1.0,1.0,0.0,permuted_seed_0019,3
F000460,F001586,0.0,1.0,1.0,1.0,0.0,permuted_seed_0019,3
F000461,F001058,0.0,1.0,1.0,1.0,0.0,permuted_seed_0019,3
F000462,F001289,0.25,1.0,1.0,1.0,0.25,permuted_seed_0019,3
F000463,F001358,0.0,1.0,1.0,1.0,0.0,permuted_seed_0019,3
F000464,F001002,0.0,1.0,1.0,1.0,0.0,permuted_seed_0019,3
F000465,F000737,0.0,1.0,1.0,1.0,0.0,permuted_seed_0019,3
F000466,F000138,0.25,1.0,1.0,1.0,0.25,permuted_seed_0019,3
F000467,F000653,0.5,1.0,1.0,1.0,0.5,permuted_seed_0019,3
F000468,F001133,0.25,1.0,1.0,1.0,0.25,permuted_seed_0019,3
F000469,F001322,0.25,1.0,1.0,1.0,0.25,permuted_seed_0019,3
F000470,F001815,0.5,1.0,1.0,1.0,0.5,permuted_seed_0019,3
F000471,F000235,0.0,1.0,1.0,1.0,0.0,permuted_seed_0019,3
F000472,F001945,0.25,1.0,1.0,1.0,0.25,permuted_seed_0019,3
F000473,F000415,0.25,1.0,1.0,1.0,0.25,permuted_seed_0019,3
F000474,F001023,0.0,1.0,1.0,1.0,0.0,permuted_seed_0019,3
F000475,F001796,0.0,1.0,1.0,1.0,0.0,permuted_seed_0019,3
F000476,F001494,0.0,1.0,1.0,1.0,0.0,permuted_seed_0019,3
F000477,F000505,0.0,1.0,1.0,1.0,0.0,permuted_seed_0019,3
F000478,F000773,0.0,1.0,1.0,1.0,0.0,permuted_seed_0019,3
F000479,F000744,0.0,1.0,1.0,1.0,0.0,permuted_seed_0019,3
F000480,F000525,0.0,1.0,1.0,1.0,0.0,permuted_seed_0019,3
F000481,F000232,0.0,1.0,1.0,1.0,0.0,permuted_seed_0019,3
F000482,F000506,0.0,1.0,1.0,1.0,0.0,permuted_seed_0019,3
F000483,F001483,0.0,1.0,1.0,1.0,0.0,permuted_seed_0019,3
F000484,F000889,0.25,1.0,1.0,1.0,0.25,permuted_seed_0019,3
F000485,F001676,0.0,1.0,1.0,1.0,0.0,permuted_seed_0019,3
F000486,F001006,0.0,1.0,1.0,1.0,0.0,permuted_seed_0019,3
F000487,F000828,0.0,1.0,1.0,1.0,0.0,permuted_seed_0019,3
F000488,F000239,0.25,1.0,1.0,1.0,0.25,permuted_seed_0019,3
F000489,F000543,0.5,1.0,1.0,1.0,0.5,permuted_seed_0019,3
F000490,F000902,0.0,1.0,1.0,1.0,0.0,permuted_seed_0019,3
F000491,F001297,0.25,1.0,1.0,1.0,0.25,permuted_seed_0019,3
F000492,F000001,0.0,1.0,1.0,1.0,0.0,permuted_seed_0019,3
F000493,F001316,0.0,1.0,1.0,1.0,0.0,permuted_seed_0019,3
F000494,F000153,0.0,1.0,1.0,1.0,0.0,permuted_seed_0019,3
F000495,F000172,0.0,1.0,1.0,1.0,0.0,permuted_seed_0019,3
F000496,F001817,0.0,1.0,1.0,1.0,0.0,permuted_seed_0019,3
F000497,F000042,0.0,1.0,1.0,1.0,0.0,permuted_seed_0019,3
F000498,F001898,0.0,1.0,1.0,1.0,0.0,permuted_seed_0019,3
F000499,F000154,0.0,1.0,1.0,1.0,0.0,permuted_seed_0019,3
F000500,F001204,0.25,1.0,1.0,1.0,0.25,permuted_seed_0019,3
F000501,F000440,0.0,1.0,1.0,1.0,0.0,permuted_seed_0019,3
F000502,F001714,0.0,1.0,1.0,1.0,0.0,permuted_seed_0019,3
F000503,F000741,0.5,1.0,1.0,1.0,0.5,permuted_seed_0019,3
F000504,F000054,0.0,1.0,1.0,1.0,0.0,permuted_seed_0019,3
F000505,F000375,0.0,1.0,1.0,1.0,0.0,permuted_seed_0019,3
F000506,F001497,0.0,1.0,1.0,1.0,0.0,permuted_seed_0019,3
F000507,F000043,0.0,1.0,1.0,1.0,0.0,permuted_seed_0019,3
F000508,F000594,0.0,1.0,1.0,1.0,0.0,permuted_seed_0019,3
F000509,F001982,0.25,1.0,1.0,1.0,0.25,permuted_seed_0019,3
F000510,F001085,0.0,1.0,1.0,1.0,0.0,permuted_seed_0019,3
F000511,F001533,0.0,1.0,1.0,1.0,0.0,permuted_seed_0019,3
F000512,F000498,0.0,1.0,1.0,1.0,0.0,permuted_seed_0019,3
F000513,F000853,0.0,1.0,1.0,1.0,0.0,permuted_seed_0019,3
F000514,F000682,0.0,1.0,1.0,1.0,0.0,permuted_seed_0019,3
F000515,F000732,0.0,1.0,1.0,1.0,0.0,permuted_seed_0019,3
F000516,F000568,0.5,1.0,1.0,1.0,0.5,permuted_seed_0019,3
F000517,F000092,0.0,1.0,1.0,1.0,0.0,permuted_seed_0019,3
F000518,F000085,0.0,1.0,1.0,1.0,0.0,permuted_seed_0019,3
F000519,F000662,0.5,1.0,1.0,1.0,0.5,permuted_seed_0019,3
F000520,F000906,0.0,1.0,1.0,1.0,0.0,permuted_seed_0019,3
F000521,F001045,0.0,1.0,1.0,1.0,0.0,permuted_seed_0019,3
F000522,F000169,0.0,1.0,1.0,1.0,0.0,permuted_seed_0019,3
F000523,F000550,0.0,1.0,1.0,1.0,0.0,permuted_seed_0019,3
F000524,F000552,0.0,1.0,1.0,1.0,0.0,permuted_seed_0019,3
F000525,F001104,0.0,1.0,1.0,1.0,0.0,permuted_seed_0019,3
F000526,F001408,0.25,1.0,1.0,1.0,0.25,permuted_seed_0019,3
F000527,F000707,0.25,1.0,1.0,1.0,0.25,permuted_seed_0019,3
F000528,F001457,0.0,1.0,1.0,1.0,0.0,permuted_seed_0019,3
F000529,F000166,0.25,1.0,1.0,1.0,0.25,permuted_seed_0019,3
F000530,F000451,0.0,1.0,1.0,1.0,0.0,permuted_seed_0019,3
F000531,F000197,0.25,1.0,1.0,1.0,0.25,permuted_seed_0019,3
F000532,F000778,0.25,1.0,1.0,1.0,0.25,permuted_seed_0019,3
F000533,F001576,0.25,1.0,1.0,1.0,0.25,permuted_seed_0019,3
F000534,F000990,0.0,1.0,1.0,1.0,0.0,permuted_seed_0019,3
F000535,F000028,0.0,1.0,1.0,1.0,0.0,permuted_seed_0019,3
F000536,F000687,0.25,1.0,1.0,1.0,0.25,permuted_seed_0019,3
F000537,F000993,0.0,1.0,1.0,1.0,0.0,permuted_seed_0019,3
F000538,F001305,0.0,1.0,1.0,1.0,0.0,permuted_seed_0019,3
F000539,F001861,0.0,1.0,1.0,1.0,0.0,permuted_seed_0019,3
F000540,F000184,0.25,1.0,1.0,1.0,0.25,permuted_seed_0019,3
F000541,F001733,0.0,1.0,1.0,1.0,0.0,permuted_seed_0019,3
F000542,F000892,0.0,1.0,1.0,1.0,0.0,permuted_seed_0019,3
F000543,F000516,0.0,1.0,1.0,1.0,0.0,permuted_seed_0019,3
F000544,F000298,0.0,1.0,1.0,1.0,0.0,permuted_seed_0019,3
F000545,F001436,0.0,1.0,1.0,1.0,0.0,permuted_seed_0019,3
F000546,F000962,0.0,1.0,1.0,1.0,0.0,permuted_seed_0019,3
F000547,F000717,0.5,1.0,1.0,1.0,0.5,permuted_seed_0019,3
F000548,F000084,0.0,1.0,1.0,1.0,0.0,permuted_seed_0019,3
F000549,F000670,0.0,1.0,1.0,1.0,0.0,permuted_seed_0019,3
F000550,F000509,0.0,1.0,1.0,1.0,0.0,permuted_seed_0019,3
F000551,F001802,0.5,1.0,1.0,1.0,0.5,permuted_seed_0019,3
F000552,F001447,0.5,1.0,1.0,1.0,0.5,permuted_seed_0019,3
F000553,F001631,0.25,1.0,1.0,1.0,0.25,permuted_seed_0019,3
F000554,F000088,0.25,1.0,1.0,1.0,0.25,permuted_seed_0019,3
F000555,F000207,0.0,1.0,1.0,1.0,0.0,permuted_seed_0019,3
F000556,F001218,0.0,1.0,1.0,1.0,0.0,permuted_seed_0019,3
F000557,F000068,0.0,1.0,1.0,1.0,0.0,permuted_seed_0019,3
F000558,F001781,0.0,1.0,1.0,1.0,0.0,permuted_seed_0019,3
F000559,F000936,0.0,1.0,1.0,1.0,0.0,permuted_seed_0019,3
F000560,F001078,0.0,1.0,1.0,1.0,0.0,permuted_seed_0019,3
F000561,F000922,0.5,1.0,1.0,1.0,0.5,permuted_seed_0019,3
F000562,F001182,0.0,1.0,1.0,1.0,0.0,permuted_seed_0019,3
F000563,F000573,0.0,1.0,1.0,1.0,0.0,permuted_seed_0019,3
F000564,F000793,0.5,1.0,1.0,1.0,0.5,permuted_seed_0019,3
F000565,F001902,0.0,1.0,1.0,1.0,0.0,permuted_seed_0019,3
F000566,F000423,0.0,1.0,1.0,1.0,0.0,permuted_seed_0019,3
F000567,F001041,0.5,1.0,1.0,1.0,0.5,permuted_seed_0019,3
F000568,F001365,0.0,1.0,1.0,1.0,0.0,permuted_seed_0019,3
F000569,F000059,0.0,1.0,1.0,1.0,0.0,permuted_seed_0019,3
F000570,F001701,0.0,1.0,1.0,1.0,0.0,permuted_seed_0019,3
F000571,F001803,0.5,1.0,1.0,1.0,0.5,permuted_seed_0019,3
F000572,F001140,0.0,1.0,1.0,1.0,0.0,permuted_seed_0019,3
F000573,F001108,0.0,1.0,1.0,1.0,0.0,permuted_seed_0019,3
F000574,F000939,0.0,1.0,1.0,1.0,0.0,permuted_seed_0019,3
F000575,F000021,0.0,1.0,1.0,1.0,0.0,permuted_seed_0019,3
F000576,F000086,0.0,1.0,1.0,1.0,0.0,permuted_seed_0019,3
F000577,F001275,0.25,1.0,1.0,1.0,0.25,permuted_seed_0019,3
F000578,F000274,0.0,1.0,1.0,1.0,0.0,permuted_seed_0019,3
F000579,F001142,0.25,1.0,1.0,1.0,0.25,permuted_seed_0019,3
F000580,F000064,0.0,1.0,1.0,1.0,0.0,permuted_seed_0019,3
F000581,F001598,0.0,1.0,1.0,1.0,0.0,permuted_seed_0019,3
F000582,F001704,0.0,1.0,1.0,1.0,0.0,permuted_seed_0019,3
F000583,F001664,0.0,1.0,1.0,1.0,0.0,permuted_seed_0019,3
F000584,F001901,0.0,1.0,1.0,1.0,0.0,permuted_seed_0019,3
F000585,F000549,0.0,1.0,1.0,1.0,0.0,permuted_seed_0019,3
F000586,F000533,0.25,1.0,1.0,1.0,0.25,permuted_seed_0019,3
F000587,F000091,0.0,1.0,1.0,1.0,0.0,permuted_seed_0019,3
F000588,F000432,0.25,1.0,1.0,1.0,0.25,permuted_seed_0019,3
F000589,F001680,0.0,1.0,1.0,1.0,0.0,permuted_seed_0019,3
F000590,F000666,0.0,1.0,1.0,1.0,0.0,permuted_seed_0019,3
F000591,F001749,0.0,1.0,1.0,1.0,0.0,permuted_seed_0019,3
F000592,F001545,0.0,1.0,1.0,1.0,0.0,permuted_seed_0019,3
F000593,F001361,0.0,1.0,1.0,1.0,0.0,permuted_seed_0019,3
F000594,F001315,0.5,1.0,1.0,1.0,0.5,permuted_seed_0019,3
F000595,F000582,0.0,1.0,1.0,1.0,0.0,permuted_seed_0019,3
F000596,F001131,0.0,1.0,1.0,1.0,0.0,permuted_seed_0019,3
F000597,F000580,0.25,1.0,1.0,1.0,0.25,permuted_seed_0019,3
F000598,F001116,0.0,1.0,1.0,1.0,0.0,permuted_seed_0019,3
F000599,F001176,0.0,1.0,1.0,1.0,0.0,permuted_seed_0019,3
F000600,F001616,0.0,1.0,1.0,1.0,0.0,permuted_seed_0019,3
F000601,F001968,0.0,1.0,1.0,1.0,0.0,permuted_seed_0019,3
F000602,F000758,0.5,1.0,1.0,1.0,0.5,permuted_seed_0019,3
F000603,F001748,0.0,1.0,1.0,1.0,0.0,permuted_seed_0019,3
F000604,F001832,0.0,1.0,1.0,1.0,0.0,permuted_seed_0019,3
F000605,F001767,0.0,1.0,1.0,1.0,0.0,permuted_seed_0019,3
F000606,F001186,0.0,1.0,1.0,1.0,0.0,permuted_seed_0019,3
F000607,F001018,0.5,1.0,1.0,1.0,0.5,permuted_seed_0019,3
F000608,F000857,0.5,1.0,1.0,1.0,0.5,permuted_seed_0019,3
F000609,F000162,0.0,1.0,1.0,1.0,0.0,permuted_seed_0019,3
F000610,F001569,0.0,1.0,1.0,1.0,0.0,permuted_seed_0019,3
F000611,F001304,0.0,1.0,1.0,1.0,0.0,permuted_seed_0019,3
F000612,F000645,0.25,1.0,1.0,1.0,0.25,permuted_seed_0019,3
F000613,F000354,0.0,1.0,1.0,1.0,0.0,permuted_seed_0019,3
F000614,F001220,0.0,1.0,1.0,1.0,0.0,permuted_seed_0019,3
F000615,F000125,0.0,1.0,1.0,1.0,0.0,permuted_seed_0019,3
F000616,F001703,0.25,1.0,1.0,1.0,0.25,permuted_seed_0019,3
F000617,F000751,0.25,1.0,1.0,1.0,0.25,permuted_seed_0019,3
F000618,F001033,0.0,1.0,1.0,1.0,0.0,permuted_seed_0019,3
F000619,F000377,0.0,1.0,1.0,1.0,0.0,permuted_seed_0019,3
F000620,F001888,0.0,1.0,1.0,1.0,0.0,permuted_seed_0019,3
F000621,F001244,0.0,1.0,1.0,1.0,0.0,permuted_seed_0019,3
F000622,F000807,0.25,1.0,1.0,1.0,0.25,permuted_seed_0019,3
F000623,F000761,0.25,1.0,1.0,1.0,0.25,permuted_seed_0019,3
F000624,F000263,0.5,1.0,1.0,1.0,0.5,permuted_seed_0019,3
F000625,F000098,0.25,1.0,1.0,1.0,0.25,permuted_seed_0019,3
F000626,F000066,0.0,1.0,1.0,1.0,0.0,permuted_seed_0019,3
F000627,F001932,0.0,1.0,1.0,1.0,0.0,permuted_seed_0019,3
F000628,F001867,0.25,1.0,1.0,1.0,0.25,permuted_seed_0019,3
F000629,F000443,0.5,1.0,1.0,1.0,0.5,permuted_seed_0019,3
F000630,F001487,0.0,1.0,1.0,1.0,0.0,permuted_seed_0019,3
F000631,F000212,0.0,1.0,1.0,1.0,0.0,permuted_seed_0019,3
F000632,F001877,0.25,1.0,1.0,1.0,0.25,permuted_seed_0019,3
F000633,F000866,0.0,1.0,1.0,1.0,0.0,permuted_seed_0019,3
F000634,F000830,0.0,1.0,1.0,1.0,0.0,permuted_seed_0019,3
F000635,F001613,0.0,1.0,1.0,1.0,0.0,permuted_seed_0019,3
F000636,F001977,0.25,1.0,1.0,1.0,0.25,permuted_seed_0019,3
F000637,F001865,0.25,1.0,1.0,1.0,0.25,permuted_seed_0019,3
F000638,F000010,0.0,1.0,1.0,1.0,0.0,permuted_seed_0019,3
F000639,F000165,0.0,1.0,1.0,1.0,0.0,permuted_seed_0019,3
F000640,F000253,0.0,1.0,1.0,1.0,0.0,permuted_seed_0019,3
F000641,F000424,0.0,1.0,1.0,1.0,0.0,permuted_seed_0019,3
F000642,F001851,0.0,1.0,1.0,1.0,0.0,permuted_seed_0019,3
F000643,F001807,0.0,1.0,1.0,1.0,0.0,permuted_seed_0019,3
F000644,F000049,0.0,1.0,1.0,1.0,0.0,permuted_seed_0019,3
F000645,F000963,0.0,1.0,1.0,1.0,0.0,permuted_seed_0019,3
F000646,F000183,0.0,1.0,1.0,1.0,0.0,permuted_seed_0019,3
F000647,F000348,0.0,1.0,1.0,1.0,0.0,permuted_seed_0019,3
F000648,F001169,0.25,1.0,1.0,1.0,0.25,permuted_seed_0019,3
F000649,F001223,0.25,1.0,1.0,1.0,0.25,permuted_seed_0019,3
F000650,F001198,0.0,1.0,1.0,1.0,0.0,permuted_seed_0019,3
F000651,F001769,0.0,1.0,1.0,1.0,0.0,permuted_seed_0019,3
F000652,F001284,0.0,1.0,1.0,1.0,0.0,permuted_seed_0019,3
F000653,F000266,0.0,1.0,1.0,1.0,0.0,permuted_seed_0019,3
F000654,F001933,0.0,1.0,1.0,1.0,0.0,permuted_seed_0019,3
F000655,F001020,0.25,1.0,1.0,1.0,0.25,permuted_seed_0019,3
F000656,F000704,0.0,1.0,1.0,1.0,0.0,permuted_seed_0019,3
F000657,F001896,0.0,1.0,1.0,1.0,0.0,permuted_seed_0019,3
F000658,F000957,0.25,1.0,1.0,1.0,0.25,permuted_seed_0019,3
F000659,F001963,0.0,1.0,1.0,1.0,0.0,permuted_seed_0019,3
F000660,F000343,0.25,1.0,1.0,1.0,0.25,permuted_seed_0019,3
F000661,F000774,0.0,1.0,1.0,1.0,0.0,permuted_seed_0019,3
F000662,F000288,0.0,1.0,1.0,1.0,0.0,permuted_seed_0019,3
F000663,F000090,0.0,1.0,1.0,1.0,0.0,permuted_seed_0019,3
F000664,F001456,0.25,1.0,1.0,1.0,0.25,permuted_seed_0019,3
F000665,F000470,0.25,1.0,1.0,1.0,0.25,permuted_seed_0019,3
F000666,F000841,0.0,1.0,1.0,1.0,0.0,permuted_seed_0019,3
F000667,F000079,0.0,1.0,1.0,1.0,0.0,permuted_seed_0019,3
F000668,F001601,0.0,1.0,1.0,1.0,0.0,permuted_seed_0019,3
F000669,F001884,0.5,1.0,1.0,1.0,0.5,permuted_seed_0019,3
F000670,F000964,0.0,1.0,1.0,1.0,0.0,permuted_seed_0019,3
F000671,F001345,0.0,1.0,1.0,1.0,0.0,permuted_seed_0019,3
F000672,F001000,0.25,1.0,1.0,1.0,0.25,permuted_seed_0019,3
F000673,F000351,0.0,1.0,1.0,1.0,0.0,permuted_seed_0019,3
F000674,F001167,0.0,1.0,1.0,1.0,0.0,permuted_seed_0019,3
F000675,F001270,0.25,1.0,1.0,1.0,0.25,permuted_seed_0019,3
F000676,F000034,0.0,1.0,1.0,1.0,0.0,permuted_seed_0019,3
F000677,F000989,0.0,1.0,1.0,1.0,0.0,permuted_seed_0019,3
F000678,F001290,0.0,1.0,1.0,1.0,0.0,permuted_seed_0019,3
F000679,F000667,0.5,1.0,1.0,1.0,0.5,permuted_seed_0019,3
F000680,F000037,0.0,1.0,1.0,1.0,0.0,permuted_seed_0019,3
F000681,F000762,0.5,1.0,1.0,1.0,0.5,permuted_seed_0019,3
F000682,F001828,0.0,1.0,1.0,1.0,0.0,permuted_seed_0019,3
F000683,F001429,0.25,1.0,1.0,1.0,0.25,permuted_seed_0019,3
F000684,F000792,0.0,1.0,1.0,1.0,0.0,permuted_seed_0019,3
F000685,F001531,0.25,1.0,1.0,1.0,0.25,permuted_seed_0019,3
F000686,F000193,0.0,1.0,1.0,1.0,0.0,permuted_seed_0019,3
F000687,F001860,0.0,1.0,1.0,1.0,0.0,permuted_seed_0019,3
F000688,F000444,0.0,1.0,1.0,1.0,0.0,permuted_seed_0019,3
F000689,F001918,0.25,1.0,1.0,1.0,0.25,permuted_seed_0019,3
F000690,F000900,0.0,1.0,1.0,1.0,0.0,permuted_seed_0019,3
F000691,F001768,0.0,1.0,1.0,1.0,0.0,permuted_seed_0019,3
F000692,F001614,0.0,1.0,1.0,1.0,0.0,permuted_seed_0019,3
F000693,F001652,0.0,1.0,1.0,1.0,0.0,permuted_seed_0019,3
F000694,F000102,0.0,1.0,1.0,1.0,0.0,permuted_seed_0019,3
F000695,F000658,0.0,1.0,1.0,1.0,0.0,permuted_seed_0019,3
F000696,F000418,0.0,1.0,1.0,1.0,0.0,permuted_seed_0019,3
F000697,F000300,0.0,1.0,1.0,1.0,0.0,permuted_seed_0019,3
F000698,F001102,0.25,1.0,1.0,1.0,0.25,permuted_seed_0019,3
F000699,F000332,0.0,1.0,1.0,1.0,0.0,permuted_seed_0019,3
F000700,F001700,0.0,1.0,1.0,1.0,0.0,permuted_seed_0019,3
F000701,F001554,0.0,1.0,1.0,1.0,0.0,permuted_seed_0019,3
F000702,F000664,0.0,1.0,1.0,1.0,0.0,permuted_seed_0019,3
F000703,F001928,0.0,1.0,1.0,1.0,0.0,permuted_seed_0019,3
F000704,F001480,0.0,1.0,1.0,1.0,0.0,permuted_seed_0019,3
F000705,F001543,0.5,1.0,1.0,1.0,0.5,permuted_seed_0019,3
F000706,F001274,0.0,1.0,1.0,1.0,0.0,permuted_seed_0019,3
F000707,F000587,0.0,1.0,1.0,1.0,0.0,permuted_seed_0019,3
F000708,F001493,0.0,1.0,1.0,1.0,0.0,permuted_seed_0019,3
F000709,F001285,0.0,1.0,1.0,1.0,0.0,permuted_seed_0019,3
F000710,F001816,0.0,1.0,1.0,1.0,0.0,permuted_seed_0019,3
F000711,F001798,0.0,1.0,1.0,1.0,0.0,permuted_seed_0019,3
F000712,F000192,0.0,1.0,1.0,1.0,0.0,permuted_seed_0019,3
F000713,F001930,0.0,1.0,1.0,1.0,0.0,permuted_seed_0019,3
F000714,F000426,0.0,1.0,1.0,1.0,0.0,permuted_seed_0019,3
F000715,F001985,0.0,1.0,1.0,1.0,0.0,permuted_seed_0019,3
F000716,F000855,0.0,1.0,1.0,1.0,0.0,permuted_seed_0019,3
F000717,F000198,0.0,1.0,1.0,1.0,0.0,permuted_seed_0019,3
F000718,F000928,0.0,1.0,1.0,1.0,0.0,permuted_seed_0019,3
F000719,F001421,0.0,1.0,1.0,1.0,0.0,permuted_seed_0019,3
F000720,F000048,0.0,1.0,1.0,1.0,0.0,permuted_seed_0019,3
F000721,F000813,0.0,1.0,1.0,1.0,0.0,permuted_seed_0019,3
F000722,F000367,0.25,1.0,1.0,1.0,0.25,permuted_seed_0019,3
F000723,F001952,0.0,1.0,1.0,1.0,0.0,permuted_seed_0019,3
F000724,F001589,0.0,1.0,1.0,1.0,0.0,permuted_seed_0019,3
F000725,F001400,0.0,1.0,1.0,1.0,0.0,permuted_seed_0019,3
F000726,F000107,0.25,1.0,1.0,1.0,0.25,permuted_seed_0019,3
F000727,F000372,0.0,1.0,1.0,1.0,0.0,permuted_seed_0019,3
F000728,F000366,0.0,1.0,1.0,1.0,0.0,permuted_seed_0019,3
F000729,F001007,0.0,1.0,1.0,1.0,0.0,permuted_seed_0019,3
F000730,F000731,0.0,1.0,1.0,1.0,0.0,permuted_seed_0019,3
F000731,F000684,0.0,1.0,1.0,1.0,0.0,permuted_seed_0019,3
F000732,F000822,0.0,1.0,1.0,1.0,0.0,permuted_seed_0019,3
F000733,F000750,0.0,1.0,1.0,1.0,0.0,permuted_seed_0019,3
F000734,F000324,0.25,1.0,1.0,1.0,0.25,permuted_seed_0019,3
F000735,F001238,0.5,1.0,1.0,1.0,0.5,permuted_seed_0019,3
F000736,F001060,0.0,1.0,1.0,1.0,0.0,permuted_seed_0019,3
F000737,F001931,0.25,1.0,1.0,1.0,0.25,permuted_seed_0019,3
F000738,F001852,0.0,1.0,1.0,1.0,0.0,permuted_seed_0019,3
F000739,F000114,0.0,1.0,1.0,1.0,0.0,permuted_seed_0019,3
F000740,F000458,0.0,1.0,1.0,1.0,0.0,permuted_seed_0019,3
F000741,F000292,0.0,1.0,1.0,1.0,0.0,permuted_seed_0019,3
F000742,F000961,0.0,1.0,1.0,1.0,0.0,permuted_seed_0019,3
F000743,F000411,0.0,1.0,1.0,1.0,0.0,permuted_seed_0019,3
F000744,F000631,0.5,1.0,1.0,1.0,0.5,permuted_seed_0019,3
F000745,F000799,0.0,1.0,1.0,1.0,0.0,permuted_seed_0019,3
F000746,F000798,0.75,1.0,1.0,1.0,0.75,permuted_seed_0019,3
F000747,F000805,0.0,1.0,1.0,1.0,0.0,permuted_seed_0019,3
F000748,F000783,0.0,1.0,1.0,1.0,0.0,permuted_seed_0019,3
F000749,F000143,0.0,1.0,1.0,1.0,0.0,permuted_seed_0019,3
F000750,F000226,0.25,1.0,1.0,1.0,0.25,permuted_seed_0019,3
F000751,F001112,0.0,1.0,1.0,1.0,0.0,permuted_seed_0019,3
F000752,F001217,0.25,1.0,1.0,1.0,0.25,permuted_seed_0019,3
F000753,F001773,0.0,1.0,1.0,1.0,0.0,permuted_seed_0019,3
F000754,F001413,0.0,1.0,1.0,1.0,0.0,permuted_seed_0019,3
F000755,F000899,0.0,1.0,1.0,1.0,0.0,permuted_seed_0019,3
F000756,F001308,0.0,1.0,1.0,1.0,0.0,permuted_seed_0019,3
F000757,F001065,0.0,1.0,1.0,1.0,0.0,permuted_seed_0019,3
F000758,F001801,0.25,1.0,1.0,1.0,0.25,permuted_seed_0019,3
F000759,F000220,0.25,1.0,1.0,1.0,0.25,permuted_seed_0019,3
F000760,F000603,0.0,1.0,1.0,1.0,0.0,permuted_seed_0019,3
F000761,F000442,0.0,1.0,1.0,1.0,0.0,permuted_seed_0019,3
F000762,F000629,0.0,1.0,1.0,1.0,0.0,permuted_seed_0019,3
F000763,F001363,0.5,1.0,1.0,1.0,0.5,permuted_seed_0019,3
F000764,F000461,0.0,1.0,1.0,1.0,0.0,permuted_seed_0019,3
F000765,F001042,0.5,1.0,1.0,1.0,0.5,permuted_seed_0019,3
F000766,F000973,0.25,1.0,1.0,1.0,0.25,permuted_seed_0019,3
F000767,F000924,0.0,1.0,1.0,1.0,0.0,permuted_seed_0019,3
F000768,F001837,0.0,1.0,1.0,1.0,0.0,permuted_seed_0019,3
F000769,F000083,0.0,1.0,1.0,1.0,0.0,permuted_seed_0019,3
F000770,F000627,0.5,1.0,1.0,1.0,0.5,permuted_seed_0019,3
F000771,F000772,0.0,1.0,1.0,1.0,0.0,permuted_seed_0019,3
F000772,F000625,0.0,1.0,1.0,1.0,0.0,permuted_seed_0019,3
F000773,F001699,0.0,1.0,1.0,1.0,0.0,permuted_seed_0019,3
F000774,F001548,0.0,1.0,1.0,1.0,0.0,permuted_seed_0019,3
F000775,F000261,0.0,1.0,1.0,1.0,0.0,permuted_seed_0019,3
F000776,F001925,0.25,1.0,1.0,1.0,0.25,permuted_seed_0019,3
F000777,F001491,0.25,1.0,1.0,1.0,0.25,permuted_seed_0019,3
F000778,F001164,0.25,1.0,1.0,1.0,0.25,permuted_seed_0019,3
F000779,F001194,0.0,1.0,1.0,1.0,0.0,permuted_seed_0019,3
F000780,F001536,0.0,1.0,1.0,1.0,0.0,permuted_seed_0019,3
F000781,F000359,0.0,1.0,1.0,1.0,0.0,permuted_seed_0019,3
F000782,F000797,0.0,1.0,1.0,1.0,0.0,permuted_seed_0019,3
F000783,F000141,0.0,1.0,1.0,1.0,0.0,permuted_seed_0019,3
F000784,F000611,0.0,1.0,1.0,1.0,0.0,permuted_seed_0019,3
F000785,F001125,0.0,1.0,1.0,1.0,0.0,permuted_seed_0019,3
F000786,F000360,0.0,1.0,1.0,1.0,0.0,permuted_seed_0019,3
F000787,F000330,0.25,1.0,1.0,1.0,0.25,permuted_seed_0019,3
F000788,F001088,0.0,1.0,1.0,1.0,0.0,permuted_seed_0019,3
F000789,F000531,0.0,1.0,1.0,1.0,0.0,permuted_seed_0019,3
F000790,F001215,0.0,1.0,1.0,1.0,0.0,permuted_seed_0019,3
F000791,F000164,0.25,1.0,1.0,1.0,0.25,permuted_seed_0019,3
F000792,F001406,0.0,1.0,1.0,1.0,0.0,permuted_seed_0019,3
F000793,F000495,0.5,1.0,1.0,1.0,0.5,permuted_seed_0019,3
F000794,F000041,0.0,1.0,1.0,1.0,0.0,permuted_seed_0019,3
F000795,F001711,0.0,1.0,1.0,1.0,0.0,permuted_seed_0019,3
F000796,F000097,0.0,1.0,1.0,1.0,0.0,permuted_seed_0019,3
F000797,F001156,0.0,1.0,1.0,1.0,0.0,permuted_seed_0019,3
F000798,F001242,0.25,1.0,1.0,1.0,0.25,permuted_seed_0019,3
F000799,F000050,0.0,1.0,1.0,1.0,0.0,permuted_seed_0019,3
F000800,F001937,0.0,1.0,1.0,1.0,0.0,permuted_seed_0019,3
F000801,F001024,0.0,1.0,1.0,1.0,0.0,permuted_seed_0019,3
F000802,F001044,0.0,1.0,1.0,1.0,0.0,permuted_seed_0019,3
F000803,F000188,0.0,1.0,1.0,1.0,0.0,permuted_seed_0019,3
F000804,F000349,0.0,1.0,1.0,1.0,0.0,permuted_seed_0019,3
F000805,F001503,0.0,1.0,1.0,1.0,0.0,permuted_seed_0019,3
F000806,F001942,0.25,1.0,1.0,1.0,0.25,permuted_seed_0019,3
F000807,F001211,0.0,1.0,1.0,1.0,0.0,permuted_seed_0019,3
F000808,F000128,0.0,1.0,1.0,1.0,0.0,permuted_seed_0019,3
F000809,F001668,0.0,1.0,1.0,1.0,0.0,permuted_seed_0019,3
F000810,F001917,0.0,1.0,1.0,1.0,0.0,permuted_seed_0019,3
F000811,F000203,0.0,1.0,1.0,1.0,0.0,permuted_seed_0019,3
F000812,F001606,0.0,1.0,1.0,1.0,0.0,permuted_seed_0019,3
F000813,F000901,0.0,1.0,1.0,1.0,0.0,permuted_seed_0019,3
F000814,F001339,0.0,1.0,1.0,1.0,0.0,permuted_seed_0019,3
F000815,F000978,0.5,1.0,1.0,1.0,0.5,permuted_seed_0019,3
F000816,F001043,0.0,1.0,1.0,1.0,0.0,permuted_seed_0019,3
F000817,F001066,0.0,1.0,1.0,1.0,0.0,permuted_seed_0019,3
F000818,F001936,0.5,1.0,1.0,1.0,0.5,permuted_seed_0019,3
F000819,F000824,0.0,1.0,1.0,1.0,0.0,permuted_seed_0019,3
F000820,F000391,0.0,1.0,1.0,1.0,0.0,permuted_seed_0019,3
F000821,F001081,0.5,1.0,1.0,1.0,0.5,permuted_seed_0019,3
F000822,F001228,0.0,1.0,1.0,1.0,0.0,permuted_seed_0019,3
F000823,F000309,0.0,1.0,1.0,1.0,0.0,permuted_seed_0019,3
F000824,F001150,0.0,1.0,1.0,1.0,0.0,permuted_seed_0019,3
F000825,F000011,0.0,1.0,1.0,1.0,0.0,permuted_seed_0019,3
F000826,F001705,0.25,1.0,1.0,1.0,0.25,permuted_seed_0019,3
F000827,F000267,0.0,1.0,1.0,1.0,0.0,permuted_seed_0019,3
F000828,F001080,0.0,1.0,1.0,1.0,0.0,permuted_seed_0019,3
F000829,F000033,0.0,1.0,1.0,1.0,0.0,permuted_seed_0019,3
F000830,F001281,0.0,1.0,1.0,1.0,0.0,permuted_seed_0019,3
F000831,F000511,0.0,1.0,1.0,1.0,0.0,permuted_seed_0019,3
F000832,F000353,0.25,1.0,1.0,1.0,0.25,permuted_seed_0019,3
F000833,F000648,0.0,1.0,1.0,1.0,0.0,permuted_seed_0019,3
F000834,F001747,0.25,1.0,1.0,1.0,0.25,permuted_seed_0019,3
F000835,F001744,0.0,1.0,1.0,1.0,0.0,permuted_seed_0019,3
F000836,F001268,0.25,1.0,1.0,1.0,0.25,permuted_seed_0019,3
F000837,F000145,0.0,1.0,1.0,1.0,0.0,permuted_seed_0019,3
F000838,F001791,0.25,1.0,1.0,1.0,0.25,permuted_seed_0019,3
F000839,F000342,0.25,1.0,1.0,1.0,0.25,permuted_seed_0019,3
F000840,F001389,0.0,1.0,1.0,1.0,0.0,permuted_seed_0019,3
F000841,F000450,0.0,1.0,1.0,1.0,0.0,permuted_seed_0019,3
F000842,F001027,0.0,1.0,1.0,1.0,0.0,permuted_seed_0019,3
F000843,F001567,0.0,1.0,1.0,1.0,0.0,permuted_seed_0019,3
F000844,F001978,0.5,1.0,1.0,1.0,0.5,permuted_seed_0019,3
F000845,F001856,0.0,1.0,1.0,1.0,0.0,permuted_seed_0019,3
F000846,F001698,0.25,1.0,1.0,1.0,0.25,permuted_seed_0019,3
F000847,F001489,0.5,1.0,1.0,1.0,0.5,permuted_seed_0019,3
F000848,F000073,0.0,1.0,1.0,1.0,0.0,permuted_seed_0019,3
F000849,F000072,0.0,1.0,1.0,1.0,0.0,permuted_seed_0019,3
F000850,F000796,0.0,1.0,1.0,1.0,0.0,permuted_seed_0019,3
F000851,F000932,0.25,1.0,1.0,1.0,0.25,permuted_seed_0019,3
F000852,F001800,0.0,1.0,1.0,1.0,0.0,permuted_seed_0019,3
F000853,F000245,0.0,1.0,1.0,1.0,0.0,permuted_seed_0019,3
F000854,F001836,0.0,1.0,1.0,1.0,0.0,permuted_seed_0019,3
F000855,F000383,0.0,1.0,1.0,1.0,0.0,permuted_seed_0019,3
F000856,F000191,0.25,1.0,1.0,1.0,0.25,permuted_seed_0019,3
F000857,F000398,0.0,1.0,1.0,1.0,0.0,permuted_seed_0019,3
F000858,F000388,0.0,1.0,1.0,1.0,0.0,permuted_seed_0019,3
F000859,F000589,0.0,1.0,1.0,1.0,0.0,permuted_seed_0019,3
F000860,F000471,0.25,1.0,1.0,1.0,0.25,permuted_seed_0019,3
F000861,F000512,0.0,1.0,1.0,1.0,0.0,permuted_seed_0019,3
F000862,F000389,0.25,1.0,1.0,1.0,0.25,permuted_seed_0019,3
F000863,F001823,0.25,1.0,1.0,1.0,0.25,permuted_seed_0019,3
F000864,F001814,0.0,1.0,1.0,1.0,0.0,permuted_seed_0019,3
F000865,F001273,0.5,1.0,1.0,1.0,0.5,permuted_seed_0019,3
F000866,F001519,0.25,1.0,1.0,1.0,0.25,permuted_seed_0019,3
F000867,F000488,0.25,1.0,1.0,1.0,0.25,permuted_seed_0019,3
F000868,F000327,0.0,1.0,1.0,1.0,0.0,permuted_seed_0019,3
F000869,F000819,0.0,1.0,1.0,1.0,0.0,permuted_seed_0019,3
F000870,F001759,0.0,1.0,1.0,1.0,0.0,permuted_seed_0019,3
F000871,F000596,0.25,1.0,1.0,1.0,0.25,permuted_seed_0019,3
F000872,F000219,0.0,1.0,1.0,1.0,0.0,permuted_seed_0019,3
F000873,F000487,0.0,1.0,1.0,1.0,0.0,permuted_seed_0019,3
F000874,F001522,0.25,1.0,1.0,1.0,0.25,permuted_seed_0019,3
F000875,F000873,0.0,1.0,1.0,1.0,0.0,permuted_seed_0019,3
F000876,F001973,0.0,1.0,1.0,1.0,0.0,permuted_seed_0019,3
F000877,F000972,0.0,1.0,1.0,1.0,0.0,permuted_seed_0019,3
F000878,F001261,0.0,1.0,1.0,1.0,0.0,permuted_seed_0019,3
F000879,F000619,0.0,1.0,1.0,1.0,0.0,permuted_seed_0019,3
F000880,F001964,0.5,1.0,1.0,1.0,0.5,permuted_seed_0019,3
F000881,F000614,0.0,1.0,1.0,1.0,0.0,permuted_seed_0019,3
F000882,F001063,0.0,1.0,1.0,1.0,0.0,permuted_seed_0019,3
F000883,F000763,0.25,1.0,1.0,1.0,0.25,permuted_seed_0019,3
F000884,F001983,0.0,1.0,1.0,1.0,0.0,permuted_seed_0019,3
F000885,F000178,0.25,1.0,1.0,1.0,0.25,permuted_seed_0019,3
F000886,F000706,0.0,1.0,1.0,1.0,0.0,permuted_seed_0019,3
F000887,F001473,0.0,1.0,1.0,1.0,0.0,permuted_seed_0019,3
F000888,F000949,0.0,1.0,1.0,1.0,0.0,permuted_seed_0019,3
F000889,F000832,0.0,1.0,1.0,1.0,0.0,permuted_seed_0019,3
F000890,F000433,0.0,1.0,1.0,1.0,0.0,permuted_seed_0019,3
F000891,F000109,0.25,1.0,1.0,1.0,0.25,permuted_seed_0019,3
F000892,F000395,0.0,1.0,1.0,1.0,0.0,permuted_seed_0019,3
F000893,F000673,0.0,1.0,1.0,1.0,0.0,permuted_seed_0019,3
F000894,F000584,0.0,1.0,1.0,1.0,0.0,permuted_seed_0019,3
F000895,F001350,0.0,1.0,1.0,1.0,0.0,permuted_seed_0019,3
F000896,F000650,0.25,1.0,1.0,1.0,0.25,permuted_seed_0019,3
F000897,F000278,0.25,1.0,1.0,1.0,0.25,permuted_seed_0019,3
F000898,F001632,0.25,1.0,1.0,1.0,0.25,permuted_seed_0019,3
F000899,F000009,0.0,1.0,1.0,1.0,0.0,permuted_seed_0019,3
F000900,F000515,0.0,1.0,1.0,1.0,0.0,permuted_seed_0019,3
F000901,F000510,0.0,1.0,1.0,1.0,0.0,permuted_seed_0019,3
F000902,F001267,0.0,1.0,1.0,1.0,0.0,permuted_seed_0019,3
F000903,F000846,0.25,1.0,1.0,1.0,0.25,permuted_seed_0019,3
F000904,F000539,0.0,1.0,1.0,1.0,0.0,permuted_seed_0019,3
F000905,F000285,0.25,1.0,1.0,1.0,0.25,permuted_seed_0019,3
F000906,F000018,0.0,1.0,1.0,1.0,0.0,permuted_seed_0019,3
F000907,F000130,0.0,1.0,1.0,1.0,0.0,permuted_seed_0019,3
F000908,F001247,0.0,1.0,1.0,1.0,0.0,permuted_seed_0019,3
F000909,F001432,0.0,1.0,1.0,1.0,0.0,permuted_seed_0019,3
F000910,F000289,0.0,1.0,1.0,1.0,0.0,permuted_seed_0019,3
F000911,F000190,0.0,1.0,1.0,1.0,0.0,permuted_seed_0019,3
F000912,F000241,0.0,1.0,1.0,1.0,0.0,permuted_seed_0019,3
F000913,F001262,0.25,1.0,1.0,1.0,0.25,permuted_seed_0019,3
F000914,F000794,0.0,1.0,1.0,1.0,0.0,permuted_seed_0019,3
F000915,F001590,0.25,1.0,1.0,1.0,0.25,permuted_seed_0019,3
F000916,F000663,0.25,1.0,1.0,1.0,0.25,permuted_seed_0019,3
F000917,F001732,0.0,1.0,1.0,1.0,0.0,permuted_seed_0019,3
F000918,F000077,0.0,1.0,1.0,1.0,0.0,permuted_seed_0019,3
F000919,F000609,0.0,1.0,1.0,1.0,0.0,permuted_seed_0019,3
F000920,F001263,0.25,1.0,1.0,1.0,0.25,permuted_seed_0019,3
F000921,F001464,0.0,1.0,1.0,1.0,0.0,permuted_seed_0019,3
F000922,F001844,0.25,1.0,1.0,1.0,0.25,permuted_seed_0019,3
F000923,F001879,0.0,1.0,1.0,1.0,0.0,permuted_seed_0019,3
F000924,F001067,0.0,1.0,1.0,1.0,0.0,permuted_seed_0019,3
F000925,F000775,0.0,1.0,1.0,1.0,0.0,permuted_seed_0019,3
F000926,F001484,0.5,1.0,0.5,0.5,0.5,permuted_seed_0019,3
F000927,F000119,0.0,1.0,1.0,1.0,0.0,permuted_seed_0019,3
F000928,F001855,0.0,1.0,1.0,1.0,0.0,permuted_seed_0019,3
F000929,F001834,0.0,1.0,1.0,1.0,0.0,permuted_seed_0019,3
F000930,F000149,0.0,1.0,1.0,1.0,0.0,permuted_seed_0019,3
F000931,F001627,0.0,1.0,1.0,1.0,0.0,permuted_seed_0019,3
F000932,F000555,0.0,1.0,1.0,1.0,0.0,permuted_seed_0019,3
F000933,F000699,0.0,1.0,1.0,1.0,0.0,permuted_seed_0019,3
F000934,F001469,0.0,1.0,1.0,1.0,0.0,permuted_seed_0019,3
F000935,F000546,0.0,1.0,1.0,1.0,0.0,permuted_seed_0019,3
F000936,F001099,0.0,1.0,1.0,1.0,0.0,permuted_seed_0019,3
F000937,F000371,0.0,1.0,1.0,1.0,0.0,permuted_seed_0019,3
F000938,F000548,0.0,1.0,1.0,1.0,0.0,permuted_seed_0019,3
F000939,F000502,0.0,1.0,1.0,1.0,0.0,permuted_seed_0019,3
F000940,F000882,0.0,1.0,1.0,1.0,0.0,permuted_seed_0019,3
F000941,F001965,0.0,1.0,1.0,1.0,0.0,permuted_seed_0019,3
F000942,F000365,0.0,1.0,1.0,1.0,0.0,permuted_seed_0019,3
F000943,F001269,0.25,1.0,1.0,1.0,0.25,permuted_seed_0019,3
F000944,F000878,0.0,1.0,1.0,1.0,0.0,permuted_seed_0019,3
F000945,F000386,0.0,1.0,1.0,1.0,0.0,permuted_seed_0019,3
F000946,F001121,0.0,1.0,1.0,1.0,0.0,permuted_seed_0019,3
F000947,F000445,0.0,1.0,1.0,1.0,0.0,permuted_seed_0019,3
F000948,F001212,0.0,1.0,1.0,1.0,0.0,permuted_seed_0019,3
F000949,F000294,0.25,1.0,1.0,1.0,0.25,permuted_seed_0019,3
F000950,F000612,0.0,1.0,1.0,1.0,0.0,permuted_seed_0019,3
F000951,F000224,0.0,1.0,1.0,1.0,0.0,permuted_seed_0019,3
F000952,F001528,0.0,1.0,1.0,1.0,0.0,permuted_seed_0019,3
F000953,F000929,0.0,1.0,1.0,1.0,0.0,permuted_seed_0019,3
F000954,F000661,0.0,1.0,1.0,1.0,0.0,permuted_seed_0019,3
F000955,F000196,0.0,1.0,1.0,1.0,0.0,permuted_seed_0019,3
F000956,F000938,0.0,1.0,1.0,1.0,0.0,permuted_seed_0019,3
F000957,F001276,0.0,1.0,1.0,1.0,0.0,permuted_seed_0019,3
F000958,F001908,0.5,1.0,1.0,1.0,0.5,permuted_seed_0019,3
F000959,F000788,0.0,1.0,1.0,1.0,0.0,permuted_seed_0019,3
F000960,F001766,0.0,1.0,1.0,1.0,0.0,permuted_seed_0019,3
F000961,F000413,0.0,1.0,1.0,1.0,0.0,permuted_seed_0019,3
F000962,F001472,0.0,1.0,1.0,1.0,0.0,permuted_seed_0019,3
F000963,F000912,0.0,1.0,1.0,1.0,0.0,permuted_seed_0019,3
F000964,F001412,0.0,1.0,1.0,1.0,0.0,permuted_seed_0019,3
F000965,F001866,0.0,1.0,1.0,1.0,0.0,permuted_seed_0019,3
F000966,F001949,0.0,1.0,1.0,1.0,0.0,permuted_seed_0019,3
F000967,F000503,0.0,1.0,1.0,1.0,0.0,permuted_seed_0019,3
F000968,F000205,0.0,1.0,1.0,1.0,0.0,permuted_seed_0019,3
F000969,F000800,0.0,1.0,1.0,1.0,0.0,permuted_seed_0019,3
F000970,F000564,0.0,1.0,1.0,1.0,0.0,permuted_seed_0019,3
F000971,F001214,0.0,1.0,1.0,1.0,0.0,permuted_seed_0019,3
F000972,F000031,0.0,1.0,1.0,1.0,0.0,permuted_seed_0019,3
F000973,F001177,0.0,1.0,1.0,1.0,0.0,permuted_seed_0019,3
F000974,F001423,0.25,1.0,1.0,1.0,0.25,permuted_seed_0019,3
F000975,F001725,0.0,1.0,1.0,1.0,0.0,permuted_seed_0019,3
F000976,F001222,0.0,1.0,1.0,1.0,0.0,permuted_seed_0019,3
F000977,F000420,0.0,1.0,1.0,1.0,0.0,permuted_seed_0019,3
F000978,F001537,0.0,1.0,1.0,1.0,0.0,permuted_seed_0019,3
F000979,F001179,0.0,1.0,1.0,1.0,0.0,permuted_seed_0019,3
F000980,F000500,0.0,1.0,1.0,1.0,0.0,permuted_seed_0019,3
F000981,F001291,0.0,1.0,1.0,1.0,0.0,permuted_seed_0019,3
F000982,F001562,0.25,1.0,1.0,1.0,0.25,permuted_seed_0019,3
F000983,F001778,0.0,1.0,1.0,1.0,0.0,permuted_seed_0019,3
F000984,F000700,0.0,1.0,1.0,1.0,0.0,permuted_seed_0019,3
F000985,F001958,0.0,1.0,1.0,1.0,0.0,permuted_seed_0019,3
F000986,F000282,0.0,1.0,1.0,1.0,0.0,permuted_seed_0019,3
F000987,F001597,0.0,1.0,1.0,1.0,0.0,permuted_seed_0019,3
F000988,F000945,0.25,1.0,1.0,1.0,0.25,permuted_seed_0019,3
F000989,F001583,0.0,1.0,1.0,1.0,0.0,permuted_seed_0019,3
F000990,F000394,0.25,1.0,1.0,1.0,0.25,permuted_seed_0019,3
F000991,F001575,0.5,1.0,1.0,1.0,0.5,permuted_seed_0019,3
F000992,F001549,0.0,1.0,1.0,1.0,0.0,permuted_seed_0019,3
F000993,F000262,0.0,1.0,1.0,1.0,0.0,permuted_seed_0019,3
F000994,F000630,0.0,1.0,1.0,1.0,0.0,permuted_seed_0019,3
F000995,F000779,0.0,1.0,1.0,1.0,0.0,permuted_seed_0019,3
F000996,F000642,0.0,1.0,1.0,1.0,0.0,permuted_seed_0019,3
F000997,F000297,0.25,1.0,1.0,1.0,0.25,permuted_seed_0019,3
F000998,F001037,0.0,1.0,1.0,1.0,0.0,permuted_seed_0019,3
F000999,F000044,0.0,1.0,1.0,1.0,0.0,permuted_seed_0019,3
F001000,F001409,0.0,1.0,1.0,1.0,0.0,permuted_seed_0019,3
F001001,F001237,0.0,1.0,1.0,1.0,0.0,permuted_seed_0019,3
F001002,F000562,0.0,1.0,1.0,1.0,0.0,permuted_seed_0019,3
F001003,F000652,0.0,1.0,1.0,1.0,0.0,permuted_seed_0019,3
F001004,F000026,0.0,1.0,1.0,1.0,0.0,permuted_seed_0019,3
F001005,F000521,0.5,1.0,1.0,1.0,0.5,permuted_seed_0019,3
F001006,F001561,0.0,1.0,1.0,1.0,0.0,permuted_seed_0019,3
F001007,F001224,0.0,1.0,1.0,1.0,0.0,permuted_seed_0019,3
F001008,F001599,0.5,1.0,1.0,1.0,0.5,permuted_seed_0019,3
F001009,F001934,0.5,1.0,1.0,1.0,0.5,permuted_seed_0019,3
F001010,F000657,0.0,1.0,1.0,1.0,0.0,permuted_seed_0019,3
F001011,F000987,0.25,1.0,1.0,1.0,0.25,permuted_seed_0019,3
F001012,F001650,0.0,1.0,1.0,1.0,0.0,permuted_seed_0019,3
F001013,F001178,0.0,1.0,1.0,1.0,0.0,permuted_seed_0019,3
F001014,F000186,0.25,1.0,1.0,1.0,0.25,permuted_seed_0019,3
F001015,F001727,0.0,1.0,1.0,1.0,0.0,permuted_seed_0019,3
F001016,F001596,0.25,1.0,1.0,1.0,0.25,permuted_seed_0019,3
F001017,F001120,0.0,1.0,1.0,1.0,0.0,permuted_seed_0019,3
F001018,F000759,0.0,1.0,1.0,1.0,0.0,permuted_seed_0019,3
F001019,F001634,0.0,1.0,1.0,1.0,0.0,permuted_seed_0019,3
F001020,F001251,0.5,1.0,1.0,1.0,0.5,permuted_seed_0019,3
F001021,F001385,0.0,1.0,1.0,1.0,0.0,permuted_seed_0019,3
F001022,F000401,0.0,1.0,1.0,1.0,0.0,permuted_seed_0019,3
F001023,F000858,0.25,1.0,1.0,1.0,0.25,permuted_seed_0019,3
F001024,F001293,0.25,1.0,1.0,1.0,0.25,permuted_seed_0019,3
F001025,F001362,0.25,1.0,1.0,1.0,0.25,permuted_seed_0019,3
F001026,F000022,0.25,1.0,1.0,1.0,0.25,permuted_seed_0019,3
F001027,F000491,0.0,1.0,1.0,1.0,0.0,permuted_seed_0019,3
F001028,F001100,0.0,1.0,1.0,1.0,0.0,permuted_seed_0019,3
F001029,F000874,0.0,1.0,1.0,1.0,0.0,permuted_seed_0019,3
F001030,F001015,0.0,1.0,1.0,1.0,0.0,permuted_seed_0019,3
F001031,F000780,0.0,1.0,1.0,1.0,0.0,permuted_seed_0019,3
F001032,F001321,0.0,1.0,1.0,1.0,0.0,permuted_seed_0019,3
F001033,F000438,0.0,1.0,1.0,1.0,0.0,permuted_seed_0019,3
F001034,F000325,0.0,1.0,1.0,1.0,0.0,permuted_seed_0019,3
F001035,F000559,0.0,1.0,1.0,1.0,0.0,permuted_seed_0019,3
F001036,F000919,0.0,1.0,1.0,1.0,0.0,permuted_seed_0019,3
F001037,F001582,0.0,1.0,1.0,1.0,0.0,permuted_seed_0019,3
F001038,F000591,0.0,1.0,1.0,1.0,0.0,permuted_seed_0019,3
F001039,F000607,0.0,1.0,1.0,1.0,0.0,permuted_seed_0019,3
F001040,F001981,0.75,1.0,1.0,1.0,0.75,permuted_seed_0019,3
F001041,F000588,0.0,1.0,1.0,1.0,0.0,permuted_seed_0019,3
F001042,F000229,0.0,1.0,1.0,1.0,0.0,permuted_seed_0019,3
F001043,F001591,0.25,1.0,1.0,1.0,0.25,permuted_seed_0019,3
F001044,F001990,0.0,1.0,1.0,1.0,0.0,permuted_seed_0019,3
F001045,F001920,0.0,1.0,1.0,1.0,0.0,permuted_seed_0019,3
F001046,F000334,0.0,1.0,1.0,1.0,0.0,permuted_seed_0019,3
F001047,F000499,0.0,1.0,1.0,1.0,0.0,permuted_seed_0019,3
F001048,F001231,0.0,1.0,1.0,1.0,0.0,permuted_seed_0019,3
F001049,F000839,0.5,1.0,1.0,1.0,0.5,permuted_seed_0019,3
F001050,F001770,0.0,1.0,1.0,1.0,0.0,permuted_seed_0019,3
F001051,F001036,0.0,1.0,1.0,1.0,0.0,permuted_seed_0019,3
F001052,F000861,0.25,1.0,1.0,1.0,0.25,permuted_seed_0019,3
F001053,F001482,0.0,1.0,1.0,1.0,0.0,permuted_seed_0019,3
F001054,F001465,0.0,1.0,1.0,1.0,0.0,permuted_seed_0019,3
F001055,F000124,0.0,1.0,1.0,1.0,0.0,permuted_seed_0019,3
F001056,F000361,0.5,1.0,1.0,1.0,0.5,permuted_seed_0019,3
F001057,F001818,0.0,1.0,1.0,1.0,0.0,permuted_seed_0019,3
F001058,F000427,0.0,1.0,1.0,1.0,0.0,permuted_seed_0019,3
F001059,F001097,0.0,1.0,1.0,1.0,0.0,permuted_seed_0019,3
F001060,F000243,0.0,1.0,1.0,1.0,0.0,permuted_seed_0019,3
F001061,F000174,0.0,1.0,1.0,1.0,0.0,permuted_seed_0019,3
F001062,F001346,0.0,1.0,1.0,1.0,0.0,permuted_seed_0019,3
F001063,F001062,0.0,1.0,1.0,1.0,0.0,permuted_seed_0019,3
F001064,F001381,0.25,1.0,1.0,1.0,0.25,permuted_seed_0019,3
F001065,F001047,0.25,1.0,1.0,1.0,0.25,permuted_seed_0019,3
F001066,F000053,0.0,1.0,1.0,1.0,0.0,permuted_seed_0019,3
F001067,F001298,0.0,1.0,1.0,1.0,0.0,permuted_seed_0019,3
F001068,F000397,0.0,1.0,1.0,1.0,0.0,permuted_seed_0019,3
F001069,F001433,0.0,1.0,1.0,1.0,0.0,permuted_seed_0019,3
F001070,F001098,0.25,1.0,1.0,1.0,0.25,permuted_seed_0019,3
F001071,F001114,0.25,1.0,1.0,1.0,0.25,permuted_seed_0019,3
F001072,F000132,0.0,1.0,1.0,1.0,0.0,permuted_seed_0019,3
F001073,F001618,0.25,1.0,1.0,1.0,0.25,permuted_seed_0019,3
F001074,F000344,0.0,1.0,1.0,1.0,0.0,permuted_seed_0019,3
F001075,F000721,0.0,1.0,1.0,1.0,0.0,permuted_seed_0019,3
F001076,F001205,0.5,1.0,1.0,1.0,0.5,permuted_seed_0019,3
F001077,F000703,0.0,1.0,1.0,1.0,0.0,permuted_seed_0019,3
F001078,F000216,0.25,1.0,1.0,1.0,0.25,permuted_seed_0019,3
F001079,F000960,0.0,1.0,1.0,1.0,0.0,permuted_seed_0019,3
F001080,F001199,0.0,1.0,1.0,1.0,0.0,permuted_seed_0019,3
F001081,F000697,0.0,1.0,1.0,1.0,0.0,permuted_seed_0019,3
F001082,F000969,0.5,1.0,1.0,1.0,0.5,permuted_seed_0019,3
F001083,F001510,0.25,1.0,1.0,1.0,0.25,permuted_seed_0019,3
F001084,F000227,0.0,1.0,1.0,1.0,0.0,permuted_seed_0019,3
F001085,F000808,0.0,1.0,1.0,1.0,0.0,permuted_seed_0019,3
F001086,F000337,0.0,1.0,1.0,1.0,0.0,permuted_seed_0019,3
F001087,F000725,0.5,1.0,1.0,1.0,0.5,permuted_seed_0019,3
F001088,F001295,0.0,1.0,1.0,1.0,0.0,permuted_seed_0019,3
F001089,F001950,0.0,1.0,1.0,1.0,0.0,permuted_seed_0019,3
F001090,F001849,0.0,1.0,1.0,1.0,0.0,permuted_seed_0019,3
F001091,F001573,0.0,1.0,1.0,1.0,0.0,permuted_seed_0019,3
F001092,F001525,0.0,1.0,1.0,1.0,0.0,permuted_seed_0019,3
F001093,F000942,0.0,1.0,1.0,1.0,0.0,permuted_seed_0019,3
F001094,F000959,0.0,1.0,1.0,1.0,0.0,permuted_seed_0019,3
F001095,F001461,0.0,1.0,1.0,1.0,0.0,permuted_seed_0019,3
F001096,F001161,0.0,1.0,1.0,1.0,0.0,permuted_seed_0019,3
F001097,F001529,0.0,1.0,1.0,1.0,0.0,permuted_seed_0019,3
F001098,F001410,0.0,1.0,1.0,1.0,0.0,permuted_seed_0019,3
F001099,F000135,0.25,1.0,1.0,1.0,0.25,permuted_seed_0019,3
F001100,F000466,0.0,1.0,1.0,1.0,0.0,permuted_seed_0019,3
F001101,F000408,0.0,1.0,1.0,1.0,0.0,permuted_seed_0019,3
F001102,F000852,0.0,1.0,1.0,1.0,0.0,permuted_seed_0019,3
F001103,F000875,0.0,1.0,1.0,1.0,0.0,permuted_seed_0019,3
F001104,F001003,0.0,1.0,1.0,1.0,0.0,permuted_seed_0019,3
F001105,F001128,0.0,1.0,1.0,1.0,0.0,permuted_seed_0019,3
F001106,F000431,0.0,1.0,1.0,1.0,0.0,permuted_seed_0019,3
F001107,F001648,0.0,1.0,1.0,1.0,0.0,permuted_seed_0019,3
F001108,F001863,0.5,1.0,1.0,1.0,0.5,permuted_seed_0019,3
F001109,F000025,0.0,1.0,1.0,1.0,0.0,permuted_seed_0019,3
F001110,F001690,0.0,1.0,1.0,1.0,0.0,permuted_seed_0019,3
F001111,F000501,0.25,1.0,1.0,1.0,0.25,permuted_seed_0019,3
F001112,F001944,0.25,1.0,1.0,1.0,0.25,permuted_seed_0019,3
F001113,F001158,0.0,1.0,1.0,1.0,0.0,permuted_seed_0019,3
F001114,F000113,0.0,1.0,1.0,1.0,0.0,permuted_seed_0019,3
F001115,F000634,0.0,1.0,1.0,1.0,0.0,permuted_seed_0019,3
F001116,F000914,0.5,1.0,1.0,1.0,0.5,permuted_seed_0019,3
F001117,F001122,0.25,1.0,1.0,1.0,0.25,permuted_seed_0019,3
F001118,F001762,0.0,1.0,1.0,1.0,0.0,permuted_seed_0019,3
F001119,F001617,0.0,1.0,1.0,1.0,0.0,permuted_seed_0019,3
F001120,F001249,0.0,1.0,1.0,1.0,0.0,permuted_seed_0019,3
F001121,F000694,0.25,1.0,1.0,1.0,0.25,permuted_seed_0019,3
F001122,F001395,0.0,1.0,1.0,1.0,0.0,permuted_seed_0019,3
F001123,F000915,0.5,1.0,1.0,1.0,0.5,permuted_seed_0019,3
F001124,F000036,0.0,1.0,1.0,1.0,0.0,permuted_seed_0019,3
F001125,F001724,0.25,1.0,1.0,1.0,0.25,permuted_seed_0019,3
F001126,F001755,0.0,1.0,1.0,1.0,0.0,permuted_seed_0019,3
F001127,F000715,0.0,1.0,1.0,1.0,0.0,permuted_seed_0019,3
F001128,F001310,0.0,1.0,1.0,1.0,0.0,permuted_seed_0019,3
F001129,F000345,0.0,1.0,1.0,1.0,0.0,permuted_seed_0019,3
F001130,F000967,0.0,1.0,1.0,1.0,0.0,permuted_seed_0019,3
F001131,F000222,0.75,1.0,1.0,1.0,0.75,permuted_seed_0019,3
F001132,F000804,0.25,1.0,1.0,1.0,0.25,permuted_seed_0019,3
F001133,F000093,0.0,1.0,1.0,1.0,0.0,permuted_seed_0019,3
F001134,F000925,0.0,1.0,1.0,1.0,0.0,permuted_seed_0019,3
F001135,F001008,0.25,1.0,1.0,1.0,0.25,permuted_seed_0019,3
F001136,F001534,0.5,1.0,1.0,1.0,0.5,permuted_seed_0019,3
F001137,F001792,0.5,1.0,1.0,1.0,0.5,permuted_seed_0019,3
F001138,F000225,0.0,1.0,1.0,1.0,0.0,permuted_seed_0019,3
F001139,F000605,0.0,1.0,1.0,1.0,0.0,permuted_seed_0019,3
F001140,F001364,0.0,1.0,1.0,1.0,0.0,permuted_seed_0019,3
F001141,F000672,0.0,1.0,1.0,1.0,0.0,permuted_seed_0019,3
F001142,F000151,0.0,1.0,1.0,1.0,0.0,permuted_seed_0019,3
F001143,F000038,0.0,1.0,1.0,1.0,0.0,permuted_seed_0019,3
F001144,F000024,0.0,1.0,1.0,1.0,0.0,permuted_seed_0019,3
F001145,F001717,0.0,1.0,1.0,1.0,0.0,permuted_seed_0019,3
F001146,F001272,0.25,1.0,1.0,1.0,0.25,permuted_seed_0019,3
F001147,F001277,0.0,1.0,1.0,1.0,0.0,permuted_seed_0019,3
F001148,F000270,0.0,1.0,1.0,1.0,0.0,permuted_seed_0019,3
F001149,F001824,0.0,1.0,1.0,1.0,0.0,permuted_seed_0019,3
F001150,F001608,0.0,1.0,1.0,1.0,0.0,permuted_seed_0019,3
F001151,F000708,0.0,1.0,1.0,1.0,0.0,permuted_seed_0019,3
F001152,F001689,0.25,1.0,1.0,1.0,0.25,permuted_seed_0019,3
F001153,F001296,0.0,1.0,1.0,1.0,0.0,permuted_seed_0019,3
F001154,F000194,0.0,1.0,1.0,1.0,0.0,permuted_seed_0019,3
F001155,F000678,0.0,1.0,1.0,1.0,0.0,permuted_seed_0019,3
F001156,F000734,0.0,1.0,1.0,1.0,0.0,permuted_seed_0019,3
F001157,F000655,0.0,1.0,1.0,1.0,0.0,permuted_seed_0019,3
F001158,F000368,0.0,1.0,1.0,1.0,0.0,permuted_seed_0019,3
F001159,F000238,0.0,1.0,1.0,1.0,0.0,permuted_seed_0019,3
F001160,F000333,0.0,1.0,1.0,1.0,0.0,permuted_seed_0019,3
F001161,F001660,0.0,1.0,1.0,1.0,0.0,permuted_seed_0019,3
F001162,F000606,0.0,1.0,1.0,1.0,0.0,permuted_seed_0019,3
F001163,F000399,0.0,1.0,1.0,1.0,0.0,permuted_seed_0019,3
F001164,F001382,0.25,1.0,1.0,1.0,0.25,permuted_seed_0019,3
F001165,F000387,0.0,1.0,1.0,1.0,0.0,permuted_seed_0019,3
F001166,F000676,0.25,1.0,1.0,1.0,0.25,permuted_seed_0019,3
F001167,F000598,0.0,1.0,1.0,1.0,0.0,permuted_seed_0019,3
F001168,F001077,0.0,1.0,1.0,1.0,0.0,permuted_seed_0019,3
F001169,F000299,0.0,1.0,1.0,1.0,0.0,permuted_seed_0019,3
F001170,F001738,0.5,1.0,1.0,1.0,0.5,permuted_seed_0019,3
F001171,F001229,0.25,1.0,1.0,1.0,0.25,permuted_seed_0019,3
F001172,F000755,0.0,1.0,1.0,1.0,0.0,permuted_seed_0019,3
F001173,F000896,0.0,1.0,1.0,1.0,0.0,permuted_seed_0019,3
F001174,F001743,0.0,1.0,1.0,1.0,0.0,permuted_seed_0019,3
F001175,F000215,0.0,1.0,1.0,1.0,0.0,permuted_seed_0019,3
F001176,F000871,0.0,1.0,1.0,1.0,0.0,permuted_seed_0019,3
F001177,F001183,0.0,1.0,1.0,1.0,0.0,permuted_seed_0019,3
F001178,F001168,0.0,1.0,1.0,1.0,0.0,permuted_seed_0019,3
F001179,F001559,0.25,1.0,1.0,1.0,0.25,permuted_seed_0019,3
F001180,F001420,0.25,1.0,1.0,1.0,0.25,permuted_seed_0019,3
F001181,F000483,0.0,1.0,1.0,1.0,0.0,permuted_seed_0019,3
F001182,F001278,0.0,1.0,1.0,1.0,0.0,permuted_seed_0019,3
F001183,F000213,0.25,1.0,1.0,1.0,0.25,permuted_seed_0019,3
F001184,F000696,0.0,1.0,1.0,1.0,0.0,permuted_seed_0019,3
F001185,F000139,0.0,1.0,1.0,1.0,0.0,permuted_seed_0019,3
F001186,F001831,0.0,1.0,1.0,1.0,0.0,permuted_seed_0019,3
F001187,F000886,0.25,1.0,1.0,1.0,0.25,permuted_seed_0019,3
F001188,F000311,0.25,1.0,1.0,1.0,0.25,permuted_seed_0019,3
F001189,F000838,0.0,1.0,1.0,1.0,0.0,permuted_seed_0019,3
F001190,F000316,0.0,1.0,1.0,1.0,0.0,permuted_seed_0019,3
F001191,F001144,0.0,1.0,1.0,1.0,0.0,permuted_seed_0019,3
F001192,F001913,0.0,1.0,1.0,1.0,0.0,permuted_seed_0019,3
F001193,F000279,0.0,1.0,1.0,1.0,0.0,permuted_seed_0019,3
F001194,F001299,0.25,1.0,1.0,1.0,0.25,permuted_seed_0019,3
F001195,F000644,0.0,1.0,1.0,1.0,0.0,permuted_seed_0019,3
F001196,F000277,0.0,1.0,1.0,1.0,0.0,permuted_seed_0019,3
F001197,F000210,0.0,1.0,1.0,1.0,0.0,permuted_seed_0019,3
F001198,F000518,0.25,1.0,1.0,1.0,0.25,permuted_seed_0019,3
F001199,F000247,0.0,1.0,1.0,1.0,0.0,permuted_seed_0019,3
F001200,F000597,0.0,1.0,1.0,1.0,0.0,permuted_seed_0019,3
F001201,F001241,0.0,1.0,1.0,1.0,0.0,permuted_seed_0019,3
F001202,F000977,0.0,1.0,1.0,1.0,0.0,permuted_seed_0019,3
F001203,F001825,0.0,1.0,1.0,1.0,0.0,permuted_seed_0019,3
F001204,F000179,0.0,1.0,1.0,1.0,0.0,permuted_seed_0019,3
F001205,F001887,0.25,1.0,1.0,1.0,0.25,permuted_seed_0019,3
F001206,F001113,0.25,1.0,1.0,1.0,0.25,permuted_seed_0019,3
F001207,F001192,0.0,1.0,1.0,1.0,0.0,permuted_seed_0019,3
F001208,F000089,0.0,1.0,1.0,1.0,0.0,permuted_seed_0019,3
F001209,F001333,0.0,1.0,1.0,1.0,0.0,permuted_seed_0019,3
F001210,F001017,0.0,1.0,1.0,1.0,0.0,permuted_seed_0019,3
F001211,F001880,0.0,1.0,1.0,1.0,0.0,permuted_seed_0019,3
F001212,F000535,0.0,1.0,1.0,1.0,0.0,permuted_seed_0019,3
F001213,F001897,0.0,1.0,1.0,1.0,0.0,permuted_seed_0019,3
F001214,F001894,0.25,1.0,1.0,1.0,0.25,permuted_seed_0019,3
F001215,F001775,0.25,1.0,1.0,1.0,0.25,permuted_seed_0019,3
F001216,F000520,0.0,1.0,1.0,1.0,0.0,permuted_seed_0019,3
F001217,F001535,0.0,1.0,1.0,1.0,0.0,permuted_seed_0019,3
F001218,F001858,0.0,1.0,1.0,1.0,0.0,permuted_seed_0019,3
F001219,F001905,0.0,1.0,1.0,1.0,0.0,permuted_seed_0019,3
F001220,F000786,0.5,1.0,1.0,1.0,0.5,permuted_seed_0019,3
F001221,F000452,0.25,1.0,1.0,1.0,0.25,permuted_seed_0019,3
F001222,F000362,0.0,1.0,1.0,1.0,0.0,permuted_seed_0019,3
F001223,F000719,0.0,1.0,1.0,1.0,0.0,permuted_seed_0019,3
F001224,F000727,0.0,1.0,1.0,1.0,0.0,permuted_seed_0019,3
F001225,F001862,0.5,1.0,1.0,1.0,0.5,permuted_seed_0019,3
F001226,F001354,0.25,1.0,1.0,1.0,0.25,permuted_seed_0019,3
F001227,F001709,0.5,1.0,1.0,1.0,0.5,permuted_seed_0019,3
F001228,F001328,0.0,1.0,1.0,1.0,0.0,permuted_seed_0019,3
F001229,F000390,0.25,1.0,1.0,1.0,0.25,permuted_seed_0019,3
F001230,F000592,0.0,1.0,1.0,1.0,0.0,permuted_seed_0019,3
F001231,F000002,0.0,1.0,1.0,1.0,0.0,permuted_seed_0019,3
F001232,F001370,0.0,1.0,1.0,1.0,0.0,permuted_seed_0019,3
F001233,F001280,0.0,1.0,1.0,1.0,0.0,permuted_seed_0019,3
F001234,F001383,0.0,1.0,1.0,1.0,0.0,permuted_seed_0019,3
F001235,F001658,0.0,1.0,1.0,1.0,0.0,permuted_seed_0019,3
F001236,F001685,0.0,1.0,1.0,1.0,0.0,permuted_seed_0019,3
F001237,F000985,0.0,1.0,1.0,1.0,0.0,permuted_seed_0019,3
F001238,F000572,0.0,1.0,1.0,1.0,0.0,permuted_seed_0019,3
F001239,F000996,0.0,1.0,1.0,1.0,0.0,permuted_seed_0019,3
F001240,F000524,0.0,1.0,1.0,1.0,0.0,permuted_seed_0019,3
F001241,F001430,0.0,1.0,1.0,1.0,0.0,permuted_seed_0019,3
F001242,F001342,0.25,1.0,1.0,1.0,0.25,permuted_seed_0019,3
F001243,F000860,0.25,1.0,1.0,1.0,0.25,permuted_seed_0019,3
F001244,F001032,0.0,1.0,1.0,1.0,0.0,permuted_seed_0019,3
F001245,F000890,0.0,1.0,1.0,1.0,0.0,permuted_seed_0019,3
F001246,F001829,0.0,1.0,1.0,1.0,0.0,permuted_seed_0019,3
F001247,F000338,0.0,1.0,1.0,1.0,0.0,permuted_seed_0019,3
F001248,F001826,0.0,1.0,1.0,1.0,0.0,permuted_seed_0019,3
F001249,F000679,0.0,1.0,1.0,1.0,0.0,permuted_seed_0019,3
F001250,F000251,0.5,1.0,1.0,1.0,0.5,permuted_seed_0019,3
F001251,F000827,0.25,1.0,1.0,1.0,0.25,permuted_seed_0019,3
F001252,F001200,0.0,1.0,1.0,1.0,0.0,permuted_seed_0019,3
F001253,F001127,0.0,1.0,1.0,1.0,0.0,permuted_seed_0019,3
F001254,F001366,0.0,1.0,1.0,1.0,0.0,permuted_seed_0019,3
F001255,F001710,0.0,1.0,1.0,1.0,0.0,permuted_seed_0019,3
F001256,F000189,0.0,1.0,1.0,1.0,0.0,permuted_seed_0019,3
F001257,F001538,0.0,1.0,1.0,1.0,0.0,permuted_seed_0019,3
F001258,F000690,0.0,1.0,1.0,1.0,0.0,permuted_seed_0019,3
F001259,F001812,0.0,1.0,1.0,1.0,0.0,permuted_seed_0019,3
F001260,F001695,0.0,1.0,1.0,1.0,0.0,permuted_seed_0019,3
F001261,F000862,0.5,1.0,1.0,1.0,0.5,permuted_seed_0019,3
F001262,F001390,0.0,1.0,1.0,1.0,0.0,permuted_seed_0019,3
F001263,F000538,0.5,1.0,1.0,1.0,0.5,permuted_seed_0019,3
F001264,F000005,0.0,1.0,1.0,1.0,0.0,permuted_seed_0019,3
F001265,F000111,0.25,1.0,1.0,1.0,0.25,permuted_seed_0019,3
F001266,F001641,0.0,1.0,1.0,1.0,0.0,permuted_seed_0019,3
F001267,F001736,0.0,1.0,1.0,1.0,0.0,permuted_seed_0019,3
F001268,F001961,0.0,1.0,1.0,1.0,0.0,permuted_seed_0019,3
F001269,F000941,0.0,1.0,1.0,1.0,0.0,permuted_seed_0019,3
F001270,F001386,0.0,1.0,1.0,1.0,0.0,permuted_seed_0019,3
F001271,F001594,0.0,1.0,1.0,1.0,0.0,permuted_seed_0019,3
F001272,F001560,0.25,1.0,1.0,1.0,0.25,permuted_seed_0019,3
F001273,F001440,0.0,1.0,1.0,1.0,0.0,permuted_seed_0019,3
F001274,F000869,0.5,1.0,1.0,1.0,0.5,permuted_seed_0019,3
F001275,F001396,0.25,1.0,1.0,1.0,0.25,permuted_seed_0019,3
F001276,F001980,0.0,1.0,1.0,1.0,0.0,permuted_seed_0019,3
F001277,F001948,0.25,1.0,1.0,1.0,0.25,permuted_seed_0019,3
F001278,F000369,0.25,1.0,1.0,1.0,0.25,permuted_seed_0019,3
F001279,F001016,0.0,1.0,1.0,1.0,0.0,permuted_seed_0019,3
F001280,F001577,0.0,1.0,1.0,1.0,0.0,permuted_seed_0019,3
F001281,F001377,0.25,1.0,1.0,1.0,0.25,permuted_seed_0019,3
F001282,F001871,0.0,1.0,1.0,1.0,0.0,permuted_seed_0019,3
F001283,F001970,0.0,1.0,1.0,1.0,0.0,permuted_seed_0019,3
F001284,F001059,0.0,1.0,1.0,1.0,0.0,permuted_seed_0019,3
F001285,F001592,0.0,1.0,1.0,1.0,0.0,permuted_seed_0019,3
F001286,F000948,0.0,1.0,1.0,1.0,0.0,permuted_seed_0019,3
F001287,F001846,0.25,1.0,1.0,1.0,0.25,permuted_seed_0019,3
F001288,F001912,0.25,1.0,1.0,1.0,0.25,permuted_seed_0019,3
F001289,F001303,0.25,1.0,1.0,1.0,0.25,permuted_seed_0019,3
F001290,F000127,0.0,1.0,1.0,1.0,0.0,permuted_seed_0019,3
F001291,F001771,0.0,1.0,1.0,1.0,0.0,permuted_seed_0019,3
F001292,F001022,0.25,1.0,1.0,1.0,0.25,permuted_seed_0019,3
F001293,F000753,0.0,1.0,1.0,1.0,0.0,permuted_seed_0019,3
F001294,F000617,0.0,1.0,1.0,1.0,0.0,permuted_seed_0019,3
F001295,F000767,0.0,1.0,1.0,1.0,0.0,permuted_seed_0019,3
F001296,F000435,0.0,1.0,1.0,1.0,0.0,permuted_seed_0019,3
F001297,F001694,0.0,1.0,1.0,1.0,0.0,permuted_seed_0019,3
F001298,F000259,0.0,1.0,1.0,1.0,0.0,permuted_seed_0019,3
F001299,F000082,0.0,1.0,1.0,1.0,0.0,permuted_seed_0019,3
F001300,F001202,0.0,1.0,1.0,1.0,0.0,permuted_seed_0019,3
F001301,F001092,0.0,1.0,1.0,1.0,0.0,permuted_seed_0019,3
F001302,F001899,0.0,1.0,1.0,1.0,0.0,permuted_seed_0019,3
F001303,F000453,0.0,1.0,1.0,1.0,0.0,permuted_seed_0019,3
F001304,F001477,0.0,1.0,1.0,1.0,0.0,permuted_seed_0019,3
F001305,F001380,0.0,1.0,1.0,1.0,0.0,permuted_seed_0019,3
F001306,F000477,0.5,1.0,1.0,1.0,0.5,permuted_seed_0019,3
F001307,F001232,0.0,1.0,1.0,1.0,0.0,permuted_seed_0019,3
F001308,F000913,0.0,1.0,1.0,1.0,0.0,permuted_seed_0019,3
F001309,F001157,0.0,1.0,1.0,1.0,0.0,permuted_seed_0019,3
F001310,F001056,0.5,1.0,1.0,1.0,0.5,permuted_seed_0019,3
F001311,F000357,0.0,1.0,1.0,1.0,0.0,permuted_seed_0019,3
F001312,F001426,0.0,1.0,1.0,1.0,0.0,permuted_seed_0019,3
F001313,F001069,0.0,1.0,1.0,1.0,0.0,permuted_seed_0019,3
F001314,F001512,0.0,1.0,1.0,1.0,0.0,permuted_seed_0019,3
F001315,F001193,0.25,1.0,1.0,1.0,0.25,permuted_seed_0019,3
F001316,F000152,0.0,1.0,1.0,1.0,0.0,permuted_seed_0019,3
F001317,F001189,0.0,1.0,1.0,1.0,0.0,permuted_seed_0019,3
F001318,F001253,0.5,1.0,1.0,1.0,0.5,permuted_seed_0019,3
F001319,F000168,0.0,1.0,1.0,1.0,0.0,permuted_seed_0019,3
F001320,F000063,0.0,1.0,1.0,1.0,0.0,permuted_seed_0019,3
F001321,F001184,0.0,1.0,1.0,1.0,0.0,permuted_seed_0019,3
F001322,F001623,0.0,1.0,1.0,1.0,0.0,permuted_seed_0019,3
F001323,F000480,0.25,1.0,1.0,1.0,0.25,permuted_seed_0019,3
F001324,F001340,0.25,1.0,1.0,1.0,0.25,permuted_seed_0019,3
F001325,F000181,0.0,1.0,1.0,1.0,0.0,permuted_seed_0019,3
F001326,F001682,0.0,1.0,1.0,1.0,0.0,permuted_seed_0019,3
F001327,F001294,0.25,1.0,1.0,1.0,0.25,permuted_seed_0019,3
F001328,F000286,0.0,1.0,1.0,1.0,0.0,permuted_seed_0019,3
F001329,F001557,0.0,1.0,1.0,1.0,0.0,permuted_seed_0019,3
F001330,F001356,0.25,1.0,1.0,1.0,0.25,permuted_seed_0019,3
F001331,F000994,0.0,1.0,1.0,1.0,0.0,permuted_seed_0019,3
F001332,F001665,0.0,1.0,1.0,1.0,0.0,permuted_seed_0019,3
F001333,F001708,0.0,1.0,1.0,1.0,0.0,permuted_seed_0019,3
F001334,F001492,0.0,1.0,1.0,1.0,0.0,permuted_seed_0019,3
F001335,F001243,0.0,1.0,1.0,1.0,0.0,permuted_seed_0019,3
F001336,F000478,0.0,1.0,1.0,1.0,0.0,permuted_seed_0019,3
F001337,F000910,0.25,1.0,1.0,1.0,0.25,permuted_seed_0019,3
F001338,F000955,0.0,1.0,1.0,1.0,0.0,permuted_seed_0019,3
F001339,F001612,0.0,1.0,1.0,1.0,0.0,permuted_seed_0019,3
F001340,F000023,0.0,1.0,1.0,1.0,0.0,permuted_seed_0019,3
F001341,F000252,0.0,1.0,1.0,1.0,0.0,permuted_seed_0019,3
F001342,F000051,0.0,1.0,1.0,1.0,0.0,permuted_seed_0019,3
F001343,F000578,0.25,1.0,1.0,1.0,0.25,permuted_seed_0019,3
F001344,F000144,0.0,1.0,1.0,1.0,0.0,permuted_seed_0019,3
F001345,F001558,0.0,1.0,1.0,1.0,0.0,permuted_seed_0019,3
F001346,F001233,0.0,1.0,1.0,1.0,0.0,permuted_seed_0019,3
F001347,F001723,0.0,1.0,1.0,1.0,0.0,permuted_seed_0019,3
F001348,F000668,0.0,1.0,1.0,1.0,0.0,permuted_seed_0019,3
F001349,F001463,0.25,1.0,1.0,1.0,0.25,permuted_seed_0019,3
F001350,F000698,0.0,1.0,1.0,1.0,0.0,permuted_seed_0019,3
F001351,F001230,0.0,1.0,1.0,1.0,0.0,permuted_seed_0019,3
F001352,F000952,0.0,1.0,1.0,1.0,0.0,permuted_seed_0019,3
F001353,F001271,0.0,1.0,1.0,1.0,0.0,permuted_seed_0019,3
F001354,F000416,0.0,1.0,1.0,1.0,0.0,permuted_seed_0019,3
F001355,F000740,0.0,1.0,1.0,1.0,0.0,permuted_seed_0019,3
F001356,F001314,0.0,1.0,1.0,1.0,0.0,permuted_seed_0019,3
F001357,F000851,0.0,1.0,1.0,1.0,0.0,permuted_seed_0019,3
F001358,F000430,0.5,1.0,0.5,0.5,0.5,permuted_seed_0019,3
F001359,F001495,0.0,1.0,1.0,1.0,0.0,permuted_seed_0019,3
F001360,F001349,0.5,1.0,1.0,1.0,0.5,permuted_seed_0019,3
F001361,F000671,0.0,1.0,1.0,1.0,0.0,permuted_seed_0019,3
F001362,F001626,0.25,1.0,1.0,1.0,0.25,permuted_seed_0019,3
F001363,F001671,0.5,1.0,1.0,1.0,0.5,permuted_seed_0019,3
F001364,F001329,0.25,1.0,1.0,1.0,0.25,permuted_seed_0019,3
F001365,F000078,0.0,1.0,1.0,1.0,0.0,permuted_seed_0019,3
F001366,F001878,0.25,1.0,1.0,1.0,0.25,permuted_seed_0019,3
F001367,F000465,0.0,1.0,1.0,1.0,0.0,permuted_seed_0019,3
F001368,F001835,0.0,1.0,1.0,1.0,0.0,permuted_seed_0019,3
F001369,F000968,0.5,1.0,1.0,1.0,0.5,permuted_seed_0019,3
F001370,F000635,0.25,1.0,1.0,1.0,0.25,permuted_seed_0019,3
F001371,F000170,0.0,1.0,1.0,1.0,0.0,permuted_seed_0019,3
F001372,F001376,0.0,1.0,1.0,1.0,0.0,permuted_seed_0019,3
F001373,F000379,0.0,1.0,1.0,1.0,0.0,permuted_seed_0019,3
F001374,F001505,0.0,1.0,1.0,1.0,0.0,permuted_seed_0019,3
F001375,F000770,0.0,1.0,1.0,1.0,0.0,permuted_seed_0019,3
F001376,F000437,0.0,1.0,1.0,1.0,0.0,permuted_seed_0019,3
F001377,F001335,0.25,1.0,1.0,1.0,0.25,permuted_seed_0019,3
F001378,F000537,0.0,1.0,1.0,1.0,0.0,permuted_seed_0019,3
F001379,F001643,0.0,1.0,1.0,1.0,0.0,permuted_seed_0019,3
F001380,F001739,0.0,1.0,1.0,1.0,0.0,permuted_seed_0019,3
F001381,F001379,0.0,1.0,1.0,1.0,0.0,permuted_seed_0019,3
F001382,F000265,0.5,1.0,1.0,1.0,0.5,permuted_seed_0019,3
F001383,F001675,0.0,1.0,1.0,1.0,0.0,permuted_seed_0019,3
F001384,F000834,0.0,1.0,1.0,1.0,0.0,permuted_seed_0019,3
F001385,F001313,0.25,1.0,1.0,1.0,0.25,permuted_seed_0019,3
F001386,F000923,0.25,1.0,1.0,1.0,0.25,permuted_seed_0019,3
F001387,F001105,0.25,1.0,1.0,1.0,0.25,permuted_seed_0019,3
F001388,F001553,0.0,1.0,1.0,1.0,0.0,permuted_seed_0019,3
F001389,F001090,0.5,1.0,1.0,1.0,0.5,permuted_seed_0019,3
F001390,F000476,0.0,1.0,1.0,1.0,0.0,permuted_seed_0019,3
F001391,F001833,0.25,1.0,1.0,1.0,0.25,permuted_seed_0019,3
F001392,F001840,0.0,1.0,1.0,1.0,0.0,permuted_seed_0019,3
F001393,F000150,0.25,1.0,1.0,1.0,0.25,permuted_seed_0019,3
F001394,F001566,0.0,1.0,1.0,1.0,0.0,permuted_seed_0019,3
F001395,F000160,0.0,1.0,1.0,1.0,0.0,permuted_seed_0019,3
F001396,F001446,0.0,1.0,1.0,1.0,0.0,permuted_seed_0019,3
F001397,F001009,0.5,1.0,1.0,1.0,0.5,permuted_seed_0019,3
F001398,F001873,0.0,1.0,1.0,1.0,0.0,permuted_seed_0019,3
F001399,F000019,0.0,1.0,1.0,1.0,0.0,permuted_seed_0019,3
F001400,F000214,0.5,1.0,1.0,1.0,0.5,permuted_seed_0019,3
F001401,F000586,0.0,1.0,1.0,1.0,0.0,permuted_seed_0019,3
F001402,F001117,0.25,1.0,1.0,1.0,0.25,permuted_seed_0019,3
F001403,F001772,0.0,1.0,1.0,1.0,0.0,permuted_seed_0019,3
F001404,F000104,0.0,1.0,1.0,1.0,0.0,permuted_seed_0019,3
F001405,F000953,0.0,1.0,1.0,1.0,0.0,permuted_seed_0019,3
F001406,F001427,0.0,1.0,1.0,1.0,0.0,permuted_seed_0019,3
F001407,F001207,0.0,1.0,1.0,1.0,0.0,permuted_seed_0019,3
F001408,F000493,0.0,1.0,1.0,1.0,0.0,permuted_seed_0019,3
F001409,F000331,0.0,1.0,1.0,1.0,0.0,permuted_seed_0019,3
F001410,F001025,0.0,1.0,1.0,1.0,0.0,permuted_seed_0019,3
F001411,F000481,0.0,1.0,1.0,1.0,0.0,permuted_seed_0019,3
F001412,F001404,0.0,1.0,1.0,1.0,0.0,permuted_seed_0019,3
F001413,F001075,0.0,1.0,1.0,1.0,0.0,permuted_seed_0019,3
F001414,F001745,0.0,1.0,1.0,1.0,0.0,permuted_seed_0019,3
F001415,F000527,0.25,1.0,1.0,1.0,0.25,permuted_seed_0019,3
F001416,F000269,0.0,1.0,1.0,1.0,0.0,permuted_seed_0019,3
F001417,F001839,0.0,1.0,1.0,1.0,0.0,permuted_seed_0019,3
F001418,F000118,0.0,1.0,1.0,1.0,0.0,permuted_seed_0019,3
F001419,F001139,0.0,1.0,1.0,1.0,0.0,permuted_seed_0019,3
F001420,F000473,0.0,1.0,1.0,1.0,0.0,permuted_seed_0019,3
F001421,F001571,0.0,1.0,1.0,1.0,0.0,permuted_seed_0019,3
F001422,F000206,0.0,1.0,1.0,1.0,0.0,permuted_seed_0019,3
F001423,F000863,0.25,1.0,1.0,1.0,0.25,permuted_seed_0019,3
F001424,F000581,0.0,1.0,1.0,1.0,0.0,permuted_seed_0019,3
F001425,F000579,0.0,1.0,1.0,1.0,0.0,permuted_seed_0019,3
F001426,F001822,0.0,1.0,1.0,1.0,0.0,permuted_seed_0019,3
F001427,F001678,0.0,1.0,1.0,1.0,0.0,permuted_seed_0019,3
F001428,F001334,0.5,1.0,1.0,1.0,0.5,permuted_seed_0019,3
F001429,F000467,0.0,1.0,1.0,1.0,0.0,permuted_seed_0019,3
F001430,F000686,0.0,1.0,1.0,1.0,0.0,permuted_seed_0019,3
F001431,F000816,0.25,1.0,1.0,1.0,0.25,permuted_seed_0019,3
F001432,F001301,0.0,1.0,1.0,1.0,0.0,permuted_seed_0019,3
F001433,F000474,0.0,1.0,1.0,1.0,0.0,permuted_seed_0019,3
F001434,F000801,0.25,1.0,1.0,1.0,0.25,permuted_seed_0019,3
F001435,F001895,0.25,1.0,1.0,1.0,0.25,permuted_seed_0019,3
F001436,F001439,0.0,1.0,1.0,1.0,0.0,permuted_seed_0019,3
F001437,F001499,0.25,1.0,1.0,1.0,0.25,permuted_seed_0019,3
F001438,F001885,0.0,1.0,1.0,1.0,0.0,permuted_seed_0019,3
F001439,F000710,0.0,1.0,1.0,1.0,0.0,permuted_seed_0019,3
F001440,F001870,0.0,1.0,1.0,1.0,0.0,permuted_seed_0019,3
F001441,F001422,0.0,1.0,1.0,1.0,0.0,permuted_seed_0019,3
F001442,F001372,0.0,1.0,1.0,1.0,0.0,permuted_seed_0019,3
F001443,F000228,0.0,1.0,1.0,1.0,0.0,permuted_seed_0019,3
F001444,F000931,0.0,1.0,1.0,1.0,0.0,permuted_seed_0019,3
F001445,F000903,0.0,1.0,1.0,1.0,0.0,permuted_seed_0019,3
F001446,F000100,0.0,1.0,1.0,1.0,0.0,permuted_seed_0019,3
F001447,F001722,0.0,1.0,1.0,1.0,0.0,permuted_seed_0019,3
F001448,F001254,0.0,1.0,1.0,1.0,0.0,permuted_seed_0019,3
F001449,F000384,0.0,1.0,1.0,1.0,0.0,permuted_seed_0019,3
F001450,F001319,0.0,1.0,1.0,1.0,0.0,permuted_seed_0019,3
F001451,F000112,0.0,1.0,1.0,1.0,0.0,permuted_seed_0019,3
F001452,F000468,0.0,1.0,1.0,1.0,0.0,permuted_seed_0019,3
F001453,F001011,0.25,1.0,1.0,1.0,0.25,permuted_seed_0019,3
F001454,F000176,0.0,1.0,1.0,1.0,0.0,permuted_seed_0019,3
F001455,F000757,0.0,1.0,1.0,1.0,0.0,permuted_seed_0019,3
F001456,F001283,0.0,1.0,1.0,1.0,0.0,permuted_seed_0019,3
F001457,F001378,0.5,1.0,1.0,1.0,0.5,permuted_seed_0019,3
F001458,F000567,0.25,1.0,1.0,1.0,0.25,permuted_seed_0019,3
F001459,F001087,0.25,1.0,1.0,1.0,0.25,permuted_seed_0019,3
F001460,F000295,0.25,1.0,1.0,1.0,0.25,permuted_seed_0019,3
F001461,F001611,0.25,1.0,1.0,1.0,0.25,permuted_seed_0019,3
F001462,F000935,0.0,1.0,1.0,1.0,0.0,permuted_seed_0019,3
F001463,F001292,0.0,1.0,1.0,1.0,0.0,permuted_seed_0019,3
F001464,F001256,0.0,1.0,1.0,1.0,0.0,permuted_seed_0019,3
F001465,F000610,0.0,1.0,1.0,1.0,0.0,permuted_seed_0019,3
F001466,F000056,0.0,1.0,1.0,1.0,0.0,permuted_seed_0019,3
F001467,F000447,0.5,1.0,1.0,1.0,0.5,permuted_seed_0019,3
F001468,F001893,0.0,1.0,1.0,1.0,0.0,permuted_seed_0019,3
F001469,F000364,0.0,1.0,1.0,1.0,0.0,permuted_seed_0019,3
F001470,F000095,0.0,1.0,1.0,1.0,0.0,permuted_seed_0019,3
F001471,F001357,0.0,1.0,1.0,1.0,0.0,permuted_seed_0019,3
F001472,F001338,0.0,1.0,1.0,1.0,0.0,permuted_seed_0019,3
F001473,F001089,0.0,1.0,1.0,1.0,0.0,permuted_seed_0019,3
F001474,F000347,0.0,1.0,1.0,1.0,0.0,permuted_seed_0019,3
F001475,F001654,0.0,1.0,1.0,1.0,0.0,permuted_seed_0019,3
F001476,F000844,0.0,1.0,1.0,1.0,0.0,permuted_seed_0019,3
F001477,F000818,0.0,1.0,1.0,1.0,0.0,permuted_seed_0019,3
F001478,F000777,0.0,1.0,1.0,1.0,0.0,permuted_seed_0019,3
F001479,F000565,0.0,1.0,1.0,1.0,0.0,permuted_seed_0019,3
F001480,F000508,0.25,1.0,1.0,1.0,0.25,permuted_seed_0019,3
F001481,F001527,0.0,1.0,1.0,1.0,0.0,permuted_seed_0019,3
F001482,F000544,0.25,1.0,1.0,1.0,0.25,permuted_seed_0019,3
F001483,F001034,0.25,1.0,1.0,1.0,0.25,permuted_seed_0019,3
F001484,F000618,0.0,1.0,1.0,1.0,0.0,permuted_seed_0019,3
F001485,F000496,0.0,1.0,1.0,1.0,0.0,permuted_seed_0019,3
F001486,F001922,0.5,1.0,1.0,1.0,0.5,permuted_seed_0019,3
F001487,F001638,0.0,1.0,1.0,1.0,0.0,permuted_seed_0019,3
F001488,F000129,0.25,1.0,1.0,1.0,0.25,permuted_seed_0019,3
F001489,F000013,0.25,1.0,1.0,1.0,0.25,permuted_seed_0019,3
F001490,F000014,0.0,1.0,1.0,1.0,0.0,permuted_seed_0019,3
F001491,F000237,0.0,1.0,1.0,1.0,0.0,permuted_seed_0019,3
F001492,F001517,0.0,1.0,1.0,1.0,0.0,permuted_seed_0019,3
F001493,F000040,0.0,1.0,1.0,1.0,0.0,permuted_seed_0019,3
F001494,F000764,0.0,1.0,1.0,1.0,0.0,permuted_seed_0019,3
F001495,F001677,0.25,1.0,1.0,1.0,0.25,permuted_seed_0019,3
F001496,F001136,0.25,1.0,1.0,1.0,0.25,permuted_seed_0019,3
F001497,F000908,0.0,1.0,1.0,1.0,0.0,permuted_seed_0019,3
F001498,F000268,0.0,1.0,1.0,1.0,0.0,permuted_seed_0019,3
F001499,F000791,0.0,1.0,1.0,1.0,0.0,permuted_seed_0019,3
F001500,F000693,0.0,1.0,1.0,1.0,0.0,permuted_seed_0019,3
F001501,F001443,0.0,1.0,1.0,1.0,0.0,permuted_seed_0019,3
F001502,F001093,0.0,1.0,1.0,1.0,0.0,permuted_seed_0019,3
F001503,F001673,0.25,1.0,1.0,1.0,0.25,permuted_seed_0019,3
F001504,F000831,0.25,1.0,1.0,1.0,0.25,permuted_seed_0019,3
F001505,F000175,0.25,1.0,1.0,1.0,0.25,permuted_seed_0019,3
F001506,F001248,0.25,1.0,1.0,1.0,0.25,permuted_seed_0019,3
F001507,F001524,0.0,1.0,1.0,1.0,0.0,permuted_seed_0019,3
F001508,F000352,0.0,1.0,1.0,1.0,0.0,permuted_seed_0019,3
F001509,F000271,0.0,1.0,1.0,1.0,0.0,permuted_seed_0019,3
F001510,F000392,0.0,1.0,1.0,1.0,0.0,permuted_seed_0019,3
F001511,F000979,0.0,1.0,1.0,1.0,0.0,permuted_seed_0019,3
F001512,F001754,0.0,1.0,1.0,1.0,0.0,permuted_seed_0019,3
F001513,F001790,0.0,1.0,1.0,1.0,0.0,permuted_seed_0019,3
F001514,F001706,0.0,1.0,1.0,1.0,0.0,permuted_seed_0019,3
F001515,F000811,0.0,1.0,1.0,1.0,0.0,permuted_seed_0019,3
F001516,F000885,0.0,1.0,1.0,1.0,0.0,permuted_seed_0019,3
F001517,F000058,0.5,1.0,1.0,1.0,0.5,permuted_seed_0019,3
F001518,F000236,0.25,1.0,1.0,1.0,0.25,permuted_seed_0019,3
F001519,F001620,0.0,1.0,1.0,1.0,0.0,permuted_seed_0019,3
F001520,F000950,0.0,1.0,1.0,1.0,0.0,permuted_seed_0019,3
F001521,F001741,0.0,1.0,1.0,1.0,0.0,permuted_seed_0019,3
F001522,F001437,0.5,1.0,1.0,1.0,0.5,permuted_seed_0019,3
F001523,F000358,0.0,1.0,1.0,1.0,0.0,permuted_seed_0019,3
F001524,F000921,0.25,1.0,1.0,1.0,0.25,permuted_seed_0019,3
F001525,F001681,0.25,1.0,1.0,1.0,0.25,permuted_seed_0019,3
F001526,F000490,0.0,1.0,1.0,1.0,0.0,permuted_seed_0019,3
F001527,F000999,0.0,1.0,1.0,1.0,0.0,permuted_seed_0019,3
F001528,F000123,0.0,1.0,1.0,1.0,0.0,permuted_seed_0019,3
F001529,F001906,0.0,1.0,1.0,1.0,0.0,permuted_seed_0019,3
F001530,F001498,0.5,1.0,1.0,1.0,0.5,permuted_seed_0019,3
F001531,F001351,0.0,1.0,1.0,1.0,0.0,permuted_seed_0019,3
F001532,F001086,0.0,1.0,1.0,1.0,0.0,permuted_seed_0019,3
F001533,F000689,0.0,1.0,1.0,1.0,0.0,permuted_seed_0019,3
F001534,F000733,0.0,1.0,1.0,1.0,0.0,permuted_seed_0019,3
F001535,F000094,0.0,1.0,1.0,1.0,0.0,permuted_seed_0019,3
F001536,F000748,0.0,1.0,1.0,1.0,0.0,permuted_seed_0019,3
F001537,F000997,0.0,1.0,1.0,1.0,0.0,permuted_seed_0019,3
F001538,F000322,0.0,1.0,1.0,1.0,0.0,permuted_seed_0019,3
F001539,F000646,0.0,1.0,1.0,1.0,0.0,permuted_seed_0019,3
F001540,F001373,0.0,1.0,1.0,1.0,0.0,permuted_seed_0019,3
F001541,F001956,0.0,1.0,1.0,1.0,0.0,permuted_seed_0019,3
F001542,F001518,0.0,1.0,1.0,1.0,0.0,permuted_seed_0019,3
F001543,F000722,0.0,1.0,1.0,1.0,0.0,permuted_seed_0019,3
F001544,F001040,0.0,1.0,1.0,1.0,0.0,permuted_seed_0019,3
F001545,F001526,0.0,1.0,1.0,1.0,0.0,permuted_seed_0019,3
F001546,F001152,0.0,1.0,1.0,1.0,0.0,permuted_seed_0019,3
F001547,F001679,0.0,1.0,1.0,1.0,0.0,permuted_seed_0019,3
F001548,F000810,0.0,1.0,1.0,1.0,0.0,permuted_seed_0019,3
F001549,F000497,0.0,1.0,1.0,1.0,0.0,permuted_seed_0019,3
F001550,F001462,0.25,1.0,1.0,1.0,0.25,permuted_seed_0019,3
F001551,F000254,0.0,1.0,1.0,1.0,0.0,permuted_seed_0019,3
F001552,F000940,0.0,1.0,1.0,1.0,0.0,permuted_seed_0019,3
F001553,F000787,0.0,1.0,1.0,1.0,0.0,permuted_seed_0019,3
F001554,F001516,0.25,1.0,1.0,1.0,0.25,permuted_seed_0019,3
F001555,F000385,0.0,1.0,1.0,1.0,0.0,permuted_seed_0019,3
F001556,F000180,0.25,1.0,1.0,1.0,0.25,permuted_seed_0019,3
F001557,F001728,0.0,1.0,1.0,1.0,0.0,permuted_seed_0019,3
F001558,F001111,0.0,1.0,1.0,1.0,0.0,permuted_seed_0019,3
F001559,F001674,0.0,1.0,1.0,1.0,0.0,permuted_seed_0019,3
F001560,F001903,0.0,1.0,1.0,1.0,0.0,permuted_seed_0019,3
F001561,F001451,0.0,1.0,1.0,1.0,0.0,permuted_seed_0019,3
F001562,F000250,0.0,1.0,1.0,1.0,0.0,permuted_seed_0019,3
F001563,F001103,0.0,1.0,1.0,1.0,0.0,permuted_seed_0019,3
F001564,F001171,0.0,1.0,1.0,1.0,0.0,permuted_seed_0019,3
F001565,F001514,0.0,1.0,1.0,1.0,0.0,permuted_seed_0019,3
F001566,F000730,0.0,1.0,1.0,1.0,0.0,permuted_seed_0019,3
F001567,F000255,0.0,1.0,1.0,1.0,0.0,permuted_seed_0019,3
F001568,F000789,0.0,1.0,1.0,1.0,0.0,permuted_seed_0019,3
F001569,F000008,0.0,1.0,1.0,1.0,0.0,permuted_seed_0019,3
F001570,F000905,0.25,1.0,1.0,1.0,0.25,permuted_seed_0019,3
F001571,F000308,0.5,1.0,1.0,1.0,0.5,permuted_seed_0019,3
F001572,F001227,0.0,1.0,1.0,1.0,0.0,permuted_seed_0019,3
F001573,F000307,0.25,1.0,1.0,1.0,0.25,permuted_seed_0019,3
F001574,F001712,0.0,1.0,1.0,1.0,0.0,permuted_seed_0019,3
F001575,F001523,0.0,1.0,1.0,1.0,0.0,permuted_seed_0019,3
F001576,F001355,0.25,1.0,1.0,1.0,0.25,permuted_seed_0019,3
F001577,F001055,0.0,1.0,1.0,1.0,0.0,permuted_seed_0019,3
F001578,F001915,0.0,1.0,1.0,1.0,0.0,permuted_seed_0019,3
F001579,F001368,0.0,1.0,1.0,1.0,0.0,permuted_seed_0019,3
F001580,F001149,0.0,1.0,1.0,1.0,0.0,permuted_seed_0019,3
F001581,F000209,0.0,1.0,1.0,1.0,0.0,permuted_seed_0019,3
F001582,F001079,0.0,1.0,1.0,1.0,0.0,permuted_seed_0019,3
F001583,F001946,0.0,1.0,1.0,1.0,0.0,permuted_seed_0019,3
F001584,F001984,0.25,1.0,1.0,1.0,0.25,permuted_seed_0019,3
F001585,F001417,0.0,1.0,1.0,1.0,0.0,permuted_seed_0019,3
F001586,F000660,0.25,1.0,1.0,1.0,0.25,permuted_seed_0019,3
F001587,F001820,0.0,1.0,1.0,1.0,0.0,permuted_seed_0019,3
F001588,F001874,0.0,1.0,1.0,1.0,0.0,permuted_seed_0019,3
F001589,F000485,0.5,1.0,1.0,1.0,0.5,permuted_seed_0019,3
F001590,F000341,0.0,1.0,1.0,1.0,0.0,permuted_seed_0019,3
F001591,F000047,0.0,1.0,1.0,1.0,0.0,permuted_seed_0019,3
F001592,F000312,0.0,1.0,1.0,1.0,0.0,permuted_seed_0019,3
F001593,F001054,0.25,1.0,1.0,1.0,0.25,permuted_seed_0019,3
F001594,F001359,0.0,1.0,1.0,1.0,0.0,permuted_seed_0019,3
F001595,F001758,0.0,1.0,1.0,1.0,0.0,permuted_seed_0019,3
F001596,F000836,0.0,1.0,1.0,1.0,0.0,permuted_seed_0019,3
F001597,F001401,0.0,1.0,1.0,1.0,0.0,permuted_seed_0019,3
F001598,F000463,0.0,1.0,1.0,1.0,0.0,permuted_seed_0019,3
F001599,F000425,0.0,1.0,1.0,1.0,0.0,permuted_seed_0019,3
F001600,F000626,0.5,1.0,1.0,1.0,0.5,permuted_seed_0019,3
F001601,F000623,0.0,1.0,1.0,1.0,0.0,permuted_seed_0019,3
F001602,F001969,0.0,1.0,1.0,1.0,0.0,permuted_seed_0019,3
F001603,F001799,0.0,1.0,1.0,1.0,0.0,permuted_seed_0019,3
F001604,F001776,0.0,1.0,1.0,1.0,0.0,permuted_seed_0019,3
F001605,F001392,0.0,1.0,1.0,1.0,0.0,permuted_seed_0019,3
F001606,F001348,0.0,1.0,1.0,1.0,0.0,permuted_seed_0019,3
F001607,F000223,0.0,1.0,1.0,1.0,0.0,permuted_seed_0019,3
F001608,F001938,0.0,1.0,1.0,1.0,0.0,permuted_seed_0019,3
F001609,F001134,0.5,1.0,0.5,0.5,0.5,permuted_seed_0019,3
F001610,F001049,0.0,1.0,1.0,1.0,0.0,permuted_seed_0019,3
F001611,F000888,0.0,1.0,1.0,1.0,0.0,permuted_seed_0019,3
F001612,F001431,0.75,1.0,1.0,1.0,0.75,permuted_seed_0019,3
F001613,F000106,0.5,1.0,1.0,1.0,0.5,permuted_seed_0019,3
F001614,F001971,0.0,1.0,1.0,1.0,0.0,permuted_seed_0019,3
F001615,F001662,0.0,1.0,1.0,1.0,0.0,permuted_seed_0019,3
F001616,F001889,0.5,1.0,1.0,1.0,0.5,permuted_seed_0019,3
F001617,F001454,0.0,1.0,1.0,1.0,0.0,permuted_seed_0019,3
F001618,F001496,0.0,1.0,1.0,1.0,0.0,permuted_seed_0019,3
F001619,F000528,0.0,1.0,1.0,1.0,0.0,permuted_seed_0019,3
F001620,F000746,0.25,1.0,1.0,1.0,0.25,permuted_seed_0019,3
F001621,F001838,0.25,1.0,1.0,1.0,0.25,permuted_seed_0019,3
F001622,F000409,0.0,1.0,1.0,1.0,0.0,permuted_seed_0019,3
F001623,F001842,0.25,1.0,1.0,1.0,0.25,permuted_seed_0019,3
F001624,F001259,0.0,1.0,1.0,1.0,0.0,permuted_seed_0019,3
F001625,F000659,0.0,1.0,1.0,1.0,0.0,permuted_seed_0019,3
F001626,F001788,0.5,1.0,1.0,1.0,0.5,permuted_seed_0019,3
F001627,F000665,0.0,1.0,1.0,1.0,0.0,permuted_seed_0019,3
F001628,F001260,0.0,1.0,1.0,1.0,0.0,permuted_seed_0019,3
F001629,F000211,0.0,1.0,1.0,1.0,0.0,permuted_seed_0019,3
F001630,F000336,0.5,1.0,1.0,1.0,0.5,permuted_seed_0019,3
F001631,F001195,0.0,1.0,1.0,1.0,0.0,permuted_seed_0019,3
F001632,F001057,0.0,1.0,1.0,1.0,0.0,permuted_seed_0019,3
F001633,F001302,0.25,1.0,1.0,1.0,0.25,permuted_seed_0019,3
F001634,F000540,0.0,1.0,1.0,1.0,0.0,permuted_seed_0019,3
F001635,F001692,0.0,1.0,1.0,1.0,0.0,permuted_seed_0019,3
F001636,F001672,0.25,1.0,1.0,1.0,0.25,permuted_seed_0019,3
F001637,F001580,0.0,1.0,1.0,1.0,0.0,permuted_seed_0019,3
F001638,F001180,0.0,1.0,1.0,1.0,0.0,permuted_seed_0019,3
F001639,F001486,0.0,1.0,1.0,1.0,0.0,permuted_seed_0019,3
F001640,F000257,0.0,1.0,1.0,1.0,0.0,permuted_seed_0019,3
F001641,F000240,0.0,1.0,1.0,1.0,0.0,permuted_seed_0019,3
F001642,F001513,0.25,1.0,1.0,1.0,0.25,permuted_seed_0019,3
F001643,F000894,0.25,1.0,1.0,1.0,0.25,permuted_seed_0019,3
F001644,F000992,0.0,1.0,1.0,1.0,0.0,permuted_seed_0019,3
F001645,F000628,0.25,1.0,1.0,1.0,0.25,permuted_seed_0019,3
F001646,F001644,0.25,1.0,1.0,1.0,0.25,permuted_seed_0019,3
F001647,F000272,0.0,1.0,1.0,1.0,0.0,permuted_seed_0019,3
F001648,F001693,0.0,1.0,1.0,1.0,0.0,permuted_seed_0019,3
F001649,F000947,0.0,1.0,1.0,1.0,0.0,permuted_seed_0019,3
F001650,F001976,0.0,1.0,1.0,1.0,0.0,permuted_seed_0019,3
F001651,F000012,0.0,1.0,1.0,1.0,0.0,permuted_seed_0019,3
F001652,F000633,0.5,1.0,1.0,1.0,0.5,permuted_seed_0019,3
F001653,F001419,0.0,1.0,1.0,1.0,0.0,permuted_seed_0019,3
F001654,F000081,0.5,1.0,1.0,1.0,0.5,permuted_seed_0019,3
F001655,F000649,0.0,1.0,1.0,1.0,0.0,permuted_seed_0019,3
F001656,F001501,0.0,1.0,1.0,1.0,0.0,permuted_seed_0019,3
F001657,F001471,0.25,1.0,1.0,1.0,0.25,permuted_seed_0019,3
F001658,F001551,0.0,1.0,1.0,1.0,0.0,permuted_seed_0019,3
F001659,F000302,0.0,1.0,1.0,1.0,0.0,permuted_seed_0019,3
F001660,F000446,0.0,1.0,1.0,1.0,0.0,permuted_seed_0019,3
F001661,F000076,0.0,1.0,1.0,1.0,0.0,permuted_seed_0019,3
F001662,F001850,0.0,1.0,1.0,1.0,0.0,permuted_seed_0019,3
F001663,F001911,0.5,1.0,1.0,1.0,0.5,permuted_seed_0019,3
F001664,F000677,0.0,1.0,1.0,1.0,0.0,permuted_seed_0019,3
F001665,F001101,0.0,1.0,1.0,1.0,0.0,permuted_seed_0019,3
F001666,F001485,0.25,1.0,1.0,1.0,0.25,permuted_seed_0019,3
F001667,F001173,0.0,1.0,1.0,1.0,0.0,permuted_seed_0019,3
F001668,F001635,0.0,1.0,1.0,1.0,0.0,permuted_seed_0019,3
F001669,F001907,0.0,1.0,1.0,1.0,0.0,permuted_seed_0019,3
F001670,F000856,0.0,1.0,1.0,1.0,0.0,permuted_seed_0019,3
F001671,F001761,0.0,1.0,1.0,1.0,0.0,permuted_seed_0019,3
F001672,F000146,0.0,1.0,1.0,1.0,0.0,permuted_seed_0019,3
F001673,F000281,0.0,1.0,1.0,1.0,0.0,permuted_seed_0019,3
F001674,F000951,0.0,1.0,1.0,1.0,0.0,permuted_seed_0019,3
F001675,F001563,0.0,1.0,1.0,1.0,0.0,permuted_seed_0019,3
F001676,F001520,0.0,1.0,1.0,1.0,0.0,permuted_seed_0019,3
F001677,F000781,0.0,1.0,1.0,1.0,0.0,permuted_seed_0019,3
F001678,F001805,0.0,1.0,1.0,1.0,0.0,permuted_seed_0019,3
F001679,F000157,0.0,1.0,1.0,1.0,0.0,permuted_seed_0019,3
F001680,F001923,0.25,1.0,1.0,1.0,0.25,permuted_seed_0019,3
F001681,F001153,0.0,1.0,1.0,1.0,0.0,permuted_seed_0019,3
F001682,F001793,0.0,1.0,1.0,1.0,0.0,permuted_seed_0019,3
F001683,F001341,0.0,1.0,1.0,1.0,0.0,permuted_seed_0019,3
F001684,F001288,0.0,1.0,1.0,1.0,0.0,permuted_seed_0019,3
F001685,F001552,0.25,1.0,1.0,1.0,0.25,permuted_seed_0019,3
F001686,F000419,0.0,1.0,1.0,1.0,0.0,permuted_seed_0019,3
F001687,F001070,0.0,1.0,1.0,1.0,0.0,permuted_seed_0019,3
F001688,F001625,0.0,1.0,1.0,1.0,0.0,permuted_seed_0019,3
F001689,F000536,0.0,1.0,1.0,1.0,0.0,permuted_seed_0019,3
F001690,F000782,0.5,1.0,1.0,1.0,0.5,permuted_seed_0019,3
F001691,F000716,0.0,1.0,1.0,1.0,0.0,permuted_seed_0019,3
F001692,F001311,0.0,1.0,1.0,1.0,0.0,permuted_seed_0019,3
F001693,F001572,0.0,1.0,1.0,1.0,0.0,permuted_seed_0019,3
F001694,F001669,0.0,1.0,1.0,1.0,0.0,permuted_seed_0019,3
F001695,F000052,0.0,1.0,1.0,1.0,0.0,permuted_seed_0019,3
F001696,F000529,0.0,1.0,1.0,1.0,0.0,permuted_seed_0019,3
F001697,F001118,0.0,1.0,1.0,1.0,0.0,permuted_seed_0019,3
F001698,F000893,0.0,1.0,1.0,1.0,0.0,permuted_seed_0019,3
F001699,F001688,0.0,1.0,1.0,1.0,0.0,permuted_seed_0019,3
F001700,F000317,0.25,1.0,1.0,1.0,0.25,permuted_seed_0019,3
F001701,F001095,0.0,1.0,1.0,1.0,0.0,permuted_seed_0019,3
F001702,F000991,0.0,1.0,1.0,1.0,0.0,permuted_seed_0019,3
F001703,F001715,0.0,1.0,1.0,1.0,0.0,permuted_seed_0019,3
F001704,F001986,0.5,1.0,1.0,1.0,0.5,permuted_seed_0019,3
F001705,F001779,0.0,1.0,1.0,1.0,0.0,permuted_seed_0019,3
F001706,F000080,0.0,1.0,1.0,1.0,0.0,permuted_seed_0019,3
F001707,F000016,0.0,1.0,1.0,1.0,0.0,permuted_seed_0019,3
F001708,F001479,0.25,1.0,1.0,1.0,0.25,permuted_seed_0019,3
F001709,F001615,0.0,1.0,1.0,1.0,0.0,permuted_seed_0019,3
F001710,F000017,0.0,1.0,1.0,1.0,0.0,permuted_seed_0019,3
F001711,F000714,0.0,1.0,1.0,1.0,0.0,permuted_seed_0019,3
F001712,F000675,0.0,1.0,1.0,1.0,0.0,permuted_seed_0019,3
F001713,F000683,0.0,1.0,1.0,1.0,0.0,permuted_seed_0019,3
F001714,F001633,0.25,1.0,1.0,1.0,0.25,permuted_seed_0019,3
F001715,F000933,0.25,1.0,1.0,1.0,0.25,permuted_seed_0019,3
F001716,F001072,0.0,1.0,1.0,1.0,0.0,permuted_seed_0019,3
F001717,F001013,0.0,1.0,1.0,1.0,0.0,permuted_seed_0019,3
F001718,F000396,0.0,1.0,1.0,1.0,0.0,permuted_seed_0019,3
F001719,F000640,0.0,1.0,1.0,1.0,0.0,permuted_seed_0019,3
F001720,F000200,0.5,1.0,1.0,1.0,0.5,permuted_seed_0019,3
F001721,F001206,0.0,1.0,1.0,1.0,0.0,permuted_seed_0019,3
F001722,F001444,0.25,1.0,1.0,1.0,0.25,permuted_seed_0019,3
F001723,F000845,0.0,1.0,1.0,1.0,0.0,permuted_seed_0019,3
F001724,F000350,0.25,1.0,1.0,1.0,0.25,permuted_seed_0019,3
F001725,F000542,0.0,1.0,1.0,1.0,0.0,permuted_seed_0019,3
F001726,F001048,0.25,1.0,1.0,1.0,0.25,permuted_seed_0019,3
F001727,F000718,0.0,1.0,1.0,1.0,0.0,permuted_seed_0019,3
F001728,F001881,0.5,1.0,1.0,1.0,0.5,permuted_seed_0019,3
F001729,F001327,0.0,1.0,1.0,1.0,0.0,permuted_seed_0019,3
F001730,F001225,0.0,1.0,1.0,1.0,0.0,permuted_seed_0019,3
F001731,F001774,0.0,1.0,1.0,1.0,0.0,permuted_seed_0019,3
F001732,F001848,0.25,1.0,1.0,1.0,0.25,permuted_seed_0019,3
F001733,F001830,0.0,1.0,1.0,1.0,0.0,permuted_seed_0019,3
F001734,F001245,0.0,1.0,1.0,1.0,0.0,permuted_seed_0019,3
F001735,F000007,0.0,1.0,1.0,1.0,0.0,permuted_seed_0019,3
F001736,F001458,0.0,1.0,1.0,1.0,0.0,permuted_seed_0019,3
F001737,F000296,0.0,1.0,1.0,1.0,0.0,permuted_seed_0019,3
F001738,F001962,0.25,1.0,1.0,1.0,0.25,permuted_seed_0019,3
F001739,F000291,0.0,1.0,1.0,1.0,0.0,permuted_seed_0019,3
F001740,F001718,0.0,1.0,1.0,1.0,0.0,permuted_seed_0019,3
F001741,F000155,0.0,1.0,1.0,1.0,0.0,permuted_seed_0019,3
F001742,F001857,0.0,1.0,1.0,1.0,0.0,permuted_seed_0019,3
F001743,F001797,0.25,1.0,1.0,1.0,0.25,permuted_seed_0019,3
F001744,F001076,0.25,1.0,1.0,1.0,0.25,permuted_seed_0019,3
F001745,F000911,0.0,1.0,1.0,1.0,0.0,permuted_seed_0019,3
F001746,F000870,0.5,1.0,1.0,1.0,0.5,permuted_seed_0019,3
F001747,F000373,0.0,1.0,1.0,1.0,0.0,permuted_seed_0019,3
F001748,F000320,0.0,1.0,1.0,1.0,0.0,permuted_seed_0019,3
F001749,F000230,0.0,1.0,1.0,1.0,0.0,permuted_seed_0019,3
F001750,F001721,0.25,1.0,1.0,1.0,0.25,permuted_seed_0019,3
F001751,F001434,0.0,1.0,1.0,1.0,0.0,permuted_seed_0019,3
F001752,F001882,0.0,1.0,1.0,1.0,0.0,permuted_seed_0019,3
F001753,F000647,0.0,1.0,1.0,1.0,0.0,permuted_seed_0019,3
F001754,F000620,0.0,1.0,1.0,1.0,0.0,permuted_seed_0019,3
F001755,F000244,0.5,1.0,1.0,1.0,0.5,permuted_seed_0019,3
F001756,F001442,0.25,1.0,1.0,1.0,0.25,permuted_seed_0019,3
F001757,F001393,0.5,1.0,1.0,1.0,0.5,permuted_seed_0019,3
F001758,F001455,0.5,1.0,1.0,1.0,0.5,permuted_seed_0019,3
F001759,F001875,0.0,1.0,1.0,1.0,0.0,permuted_seed_0019,3
F001760,F001083,0.0,1.0,1.0,1.0,0.0,permuted_seed_0019,3
F001761,F000712,0.0,1.0,1.0,1.0,0.0,permuted_seed_0019,3
F001762,F000823,0.0,1.0,1.0,1.0,0.0,permuted_seed_0019,3
F001763,F000057,0.0,1.0,1.0,1.0,0.0,permuted_seed_0019,3
F001764,F001603,0.0,1.0,1.0,1.0,0.0,permuted_seed_0019,3
F001765,F000738,0.25,1.0,1.0,1.0,0.25,permuted_seed_0019,3
F001766,F001653,0.0,1.0,1.0,1.0,0.0,permuted_seed_0019,3
F001767,F001975,0.5,1.0,1.0,1.0,0.5,permuted_seed_0019,3
F001768,F000984,0.0,1.0,1.0,1.0,0.0,permuted_seed_0019,3
F001769,F000264,0.0,1.0,1.0,1.0,0.0,permuted_seed_0019,3
F001770,F001411,0.0,1.0,1.0,1.0,0.0,permuted_seed_0019,3
F001771,F001921,0.0,1.0,1.0,1.0,0.0,permuted_seed_0019,3
F001772,F000742,0.25,1.0,1.0,1.0,0.25,permuted_seed_0019,3
F001773,F000864,0.0,1.0,1.0,1.0,0.0,permuted_seed_0019,3
F001774,F001684,0.0,1.0,1.0,1.0,0.0,permuted_seed_0019,3
F001775,F001806,0.0,1.0,1.0,1.0,0.0,permuted_seed_0019,3
F001776,F000735,0.25,1.0,1.0,1.0,0.25,permuted_seed_0019,3
F001777,F001570,0.5,1.0,1.0,1.0,0.5,permuted_seed_0019,3
F001778,F001470,0.0,1.0,1.0,1.0,0.0,permuted_seed_0019,3
F001779,F000974,0.0,1.0,1.0,1.0,0.0,permuted_seed_0019,3
F001780,F001547,0.0,1.0,1.0,1.0,0.0,permuted_seed_0019,3
F001781,F001030,0.0,1.0,1.0,1.0,0.0,permuted_seed_0019,3
F001782,F000643,0.0,1.0,1.0,1.0,0.0,permuted_seed_0019,3
F001783,F001026,0.0,1.0,1.0,1.0,0.0,permuted_seed_0019,3
F001784,F001330,0.0,1.0,1.0,1.0,0.0,permuted_seed_0019,3
F001785,F001347,0.0,1.0,1.0,1.0,0.0,permuted_seed_0019,3
F001786,F001974,0.25,1.0,1.0,1.0,0.25,permuted_seed_0019,3
F001787,F000339,0.5,1.0,1.0,1.0,0.5,permuted_seed_0019,3
F001788,F001810,0.0,1.0,1.0,1.0,0.0,permuted_seed_0019,3
F001789,F001737,0.5,1.0,1.0,1.0,0.5,permuted_seed_0019,3
F001790,F001391,0.5,1.0,1.0,1.0,0.5,permuted_seed_0019,3
F001791,F000486,0.0,1.0,1.0,1.0,0.0,permuted_seed_0019,3
F001792,F000233,0.0,1.0,1.0,1.0,0.0,permuted_seed_0019,3
F001793,F001109,0.0,1.0,1.0,1.0,0.0,permuted_seed_0019,3
F001794,F001585,0.0,1.0,1.0,1.0,0.0,permuted_seed_0019,3
F001795,F000809,0.0,1.0,1.0,1.0,0.0,permuted_seed_0019,3
F001796,F000713,0.0,1.0,1.0,1.0,0.0,permuted_seed_0019,3
F001797,F001924,0.0,1.0,1.0,1.0,0.0,permuted_seed_0019,3
F001798,F001544,0.0,1.0,1.0,1.0,0.0,permuted_seed_0019,3
F001799,F000541,0.0,1.0,1.0,1.0,0.0,permuted_seed_0019,3
F001800,F001257,0.25,1.0,1.0,1.0,0.25,permuted_seed_0019,3
F001801,F000812,0.0,1.0,1.0,1.0,0.0,permuted_seed_0019,3
F001802,F001397,0.0,1.0,1.0,1.0,0.0,permuted_seed_0019,3
F001803,F000448,0.0,1.0,1.0,1.0,0.0,permuted_seed_0019,3
F001804,F001145,0.5,1.0,1.0,1.0,0.5,permuted_seed_0019,3
F001805,F001751,0.0,1.0,1.0,1.0,0.0,permuted_seed_0019,3
F001806,F001609,0.0,1.0,1.0,1.0,0.0,permuted_seed_0019,3
F001807,F000303,0.25,1.0,1.0,1.0,0.25,permuted_seed_0019,3
F001808,F001780,0.25,1.0,1.0,1.0,0.25,permuted_seed_0019,3
F001809,F001021,0.0,1.0,1.0,1.0,0.0,permuted_seed_0019,3
F001810,F001595,0.0,1.0,1.0,1.0,0.0,permuted_seed_0019,3
F001811,F001624,0.0,1.0,1.0,1.0,0.0,permuted_seed_0019,3
F001812,F001201,0.0,1.0,1.0,1.0,0.0,permuted_seed_0019,3
F001813,F001783,0.0,1.0,1.0,1.0,0.0,permuted_seed_0019,3
F001814,F001337,0.0,1.0,1.0,1.0,0.0,permuted_seed_0019,3
F001815,F000523,0.0,1.0,1.0,1.0,0.0,permuted_seed_0019,3
F001816,F000020,0.0,1.0,1.0,1.0,0.0,permuted_seed_0019,3
F001817,F001914,0.0,1.0,1.0,1.0,0.0,permuted_seed_0019,3
F001818,F000865,0.0,1.0,1.0,1.0,0.0,permuted_seed_0019,3
F001819,F001119,0.25,1.0,1.0,1.0,0.25,permuted_seed_0019,3
F001820,F001919,0.0,1.0,1.0,1.0,0.0,permuted_seed_0019,3
F001821,F000736,0.0,1.0,1.0,1.0,0.0,permuted_seed_0019,3
F001822,F001811,0.25,1.0,1.0,1.0,0.25,permuted_seed_0019,3
F001823,F001250,0.0,1.0,1.0,1.0,0.0,permuted_seed_0019,3
F001824,F000729,0.0,1.0,1.0,1.0,0.0,permuted_seed_0019,3
F001825,F001691,0.0,1.0,1.0,1.0,0.0,permuted_seed_0019,3
F001826,F000218,0.0,1.0,1.0,1.0,0.0,permuted_seed_0019,3
F001827,F000883,0.0,1.0,1.0,1.0,0.0,permuted_seed_0019,3
F001828,F000868,0.0,1.0,1.0,1.0,0.0,permuted_seed_0019,3
F001829,F001197,0.25,1.0,1.0,1.0,0.25,permuted_seed_0019,3
F001830,F000046,0.0,1.0,1.0,1.0,0.0,permuted_seed_0019,3
F001831,F001540,0.0,1.0,1.0,1.0,0.0,permuted_seed_0019,3
F001832,F001039,0.0,1.0,1.0,1.0,0.0,permuted_seed_0019,3
F001833,F001096,0.0,1.0,1.0,1.0,0.0,permuted_seed_0019,3
F001834,F000248,0.0,1.0,1.0,1.0,0.0,permuted_seed_0019,3
F001835,F001046,0.25,1.0,1.0,1.0,0.25,permuted_seed_0019,3
F001836,F000724,0.0,1.0,1.0,1.0,0.0,permuted_seed_0019,3
F001837,F000829,0.0,1.0,1.0,1.0,0.0,permuted_seed_0019,3
F001838,F000965,0.0,1.0,1.0,1.0,0.0,permuted_seed_0019,3
F001839,F000556,0.25,1.0,1.0,1.0,0.25,permuted_seed_0019,3
F001840,F000927,0.0,1.0,1.0,1.0,0.0,permuted_seed_0019,3
F001841,F000854,0.25,1.0,1.0,1.0,0.25,permuted_seed_0019,3
F001842,F000776,0.25,1.0,1.0,1.0,0.25,permuted_seed_0019,3
F001843,F000412,0.0,1.0,1.0,1.0,0.0,permuted_seed_0019,3
F001844,F000820,0.0,1.0,1.0,1.0,0.0,permuted_seed_0019,3
F001845,F000182,0.0,1.0,1.0,1.0,0.0,permuted_seed_0019,3
F001846,F001323,0.0,1.0,1.0,1.0,0.0,permuted_seed_0019,3
F001847,F000558,0.25,1.0,1.0,1.0,0.25,permuted_seed_0019,3
F001848,F000436,0.0,1.0,1.0,1.0,0.0,permuted_seed_0019,3
F001849,F001132,0.25,1.0,1.0,1.0,0.25,permuted_seed_0019,3
F001850,F000898,0.25,1.0,1.0,1.0,0.25,permuted_seed_0019,3
F001851,F001147,0.5,1.0,1.0,1.0,0.5,permuted_seed_0019,3
F001852,F000519,0.0,1.0,1.0,1.0,0.0,permuted_seed_0019,3
F001853,F001123,0.5,1.0,1.0,1.0,0.5,permuted_seed_0019,3
F001854,F001115,0.0,1.0,1.0,1.0,0.0,permuted_seed_0019,3
F001855,F001939,0.25,1.0,1.0,1.0,0.25,permuted_seed_0019,3
F001856,F000976,0.0,1.0,1.0,1.0,0.0,permuted_seed_0019,3
F001857,F001449,0.0,1.0,1.0,1.0,0.0,permuted_seed_0019,3
F001858,F001785,0.0,1.0,1.0,1.0,0.0,permuted_seed_0019,3
F001859,F000071,0.0,1.0,1.0,1.0,0.0,permuted_seed_0019,3
F001860,F000637,0.0,1.0,1.0,1.0,0.0,permuted_seed_0019,3
F001861,F000173,0.0,1.0,1.0,1.0,0.0,permuted_seed_0019,3
F001862,F001542,0.0,1.0,1.0,1.0,0.0,permuted_seed_0019,3
F001863,F001051,0.0,1.0,1.0,1.0,0.0,permuted_seed_0019,3
F001864,F000319,0.0,1.0,1.0,1.0,0.0,permuted_seed_0019,3
F001865,F000208,0.5,1.0,0.5,0.5,0.5,permuted_seed_0019,3
F001866,F000062,0.0,1.0,1.0,1.0,0.0,permuted_seed_0019,3
F001867,F001910,0.25,1.0,1.0,1.0,0.25,permuted_seed_0019,3
F001868,F000029,0.0,1.0,1.0,1.0,0.0,permuted_seed_0019,3
F001869,F001628,0.0,1.0,1.0,1.0,0.0,permuted_seed_0019,3
F001870,F001208,0.0,1.0,1.0,1.0,0.0,permuted_seed_0019,3
F001871,F001175,0.0,1.0,1.0,1.0,0.0,permuted_seed_0019,3
F001872,F001539,0.0,1.0,1.0,1.0,0.0,permuted_seed_0019,3
F001873,F000918,0.25,1.0,1.0,1.0,0.25,permuted_seed_0019,3
F001874,F000370,0.0,1.0,1.0,1.0,0.0,permuted_seed_0019,3
F001875,F001663,0.25,1.0,1.0,1.0,0.25,permuted_seed_0019,3
F001876,F000310,0.0,1.0,1.0,1.0,0.0,permuted_seed_0019,3
F001877,F000988,0.0,1.0,1.0,1.0,0.0,permuted_seed_0019,3
F001878,F000122,0.0,1.0,1.0,1.0,0.0,permuted_seed_0019,3
F001879,F001068,0.0,1.0,1.0,1.0,0.0,permuted_seed_0019,3
F001880,F000195,0.0,1.0,1.0,1.0,0.0,permuted_seed_0019,3
F001881,F001221,0.5,1.0,1.0,1.0,0.5,permuted_seed_0019,3
F001882,F000045,0.0,1.0,1.0,1.0,0.0,permuted_seed_0019,3
F001883,F000909,0.0,1.0,1.0,1.0,0.0,permuted_seed_0019,3
F001884,F001010,0.0,1.0,1.0,1.0,0.0,permuted_seed_0019,3
F001885,F001094,0.0,1.0,1.0,1.0,0.0,permuted_seed_0019,3
F001886,F000061,0.0,1.0,1.0,1.0,0.0,permuted_seed_0019,3
F001887,F001448,0.0,1.0,1.0,1.0,0.0,permuted_seed_0019,3
F001888,F001255,0.0,1.0,1.0,1.0,0.0,permuted_seed_0019,3
F001889,F000532,0.5,1.0,1.0,1.0,0.5,permuted_seed_0019,3
F001890,F001130,0.0,1.0,1.0,1.0,0.0,permuted_seed_0019,3
F001891,F000790,0.0,1.0,1.0,1.0,0.0,permuted_seed_0019,3
F001892,F001555,0.0,1.0,1.0,1.0,0.0,permuted_seed_0019,3
F001893,F000583,0.0,1.0,1.0,1.0,0.0,permuted_seed_0019,3
F001894,F001188,0.0,1.0,1.0,1.0,0.0,permuted_seed_0019,3
F001895,F000926,0.0,1.0,1.0,1.0,0.0,permuted_seed_0019,3
F001896,F001236,0.0,1.0,1.0,1.0,0.0,permuted_seed_0019,3
F001897,F001475,0.25,1.0,1.0,1.0,0.25,permuted_seed_0019,3
F001898,F000817,0.0,1.0,1.0,1.0,0.0,permuted_seed_0019,3
F001899,F000593,0.0,1.0,1.0,1.0,0.0,permuted_seed_0019,3
F001900,F001151,0.0,1.0,1.0,1.0,0.0,permuted_seed_0019,3
F001901,F000806,0.0,1.0,1.0,1.0,0.0,permuted_seed_0019,3
F001902,F000484,0.0,1.0,1.0,1.0,0.0,permuted_seed_0019,3
F001903,F000802,0.0,1.0,1.0,1.0,0.0,permuted_seed_0019,3
F001904,F001550,0.0,1.0,1.0,1.0,0.0,permuted_seed_0019,3
F001905,F000877,0.0,1.0,1.0,1.0,0.0,permuted_seed_0019,3
F001906,F001064,0.0,1.0,1.0,1.0,0.0,permuted_seed_0019,3
F001907,F000275,0.0,1.0,1.0,1.0,0.0,permuted_seed_0019,3
F001908,F000070,0.0,1.0,1.0,1.0,0.0,permuted_seed_0019,3
F001909,F000314,0.25,1.0,1.0,1.0,0.25,permuted_seed_0019,3
F001910,F000636,0.0,1.0,1.0,1.0,0.0,permuted_seed_0019,3
F001911,F000680,0.0,1.0,1.0,1.0,0.0,permuted_seed_0019,3
F001912,F000632,0.0,1.0,1.0,1.0,0.0,permuted_seed_0019,3
F001913,F000826,0.0,1.0,1.0,1.0,0.0,permuted_seed_0019,3
F001914,F001170,0.25,1.0,1.0,1.0,0.25,permuted_seed_0019,3
F001915,F001756,0.5,1.0,1.0,1.0,0.5,permuted_seed_0019,3
F001916,F000705,0.0,1.0,1.0,1.0,0.0,permuted_seed_0019,3
F001917,F001655,0.0,1.0,1.0,1.0,0.0,permuted_seed_0019,3
F001918,F000651,0.0,1.0,1.0,1.0,0.0,permuted_seed_0019,3
F001919,F000954,0.0,1.0,1.0,1.0,0.0,permuted_seed_0019,3
F001920,F000116,0.0,1.0,1.0,1.0,0.0,permuted_seed_0019,3
F001921,F001187,0.0,1.0,1.0,1.0,0.0,permuted_seed_0019,3
F001922,F000115,0.0,1.0,1.0,1.0,0.0,permuted_seed_0019,3
F001923,F000469,0.5,1.0,1.0,1.0,0.5,permuted_seed_0019,3
F001924,F000027,0.0,1.0,1.0,1.0,0.0,permuted_seed_0019,3
F001925,F000060,0.0,1.0,1.0,1.0,0.0,permuted_seed_0019,3
F001926,F001163,0.25,1.0,1.0,1.0,0.25,permuted_seed_0019,3
F001927,F001821,0.25,1.0,1.0,1.0,0.25,permuted_seed_0019,3
F001928,F001317,0.0,1.0,1.0,1.0,0.0,permuted_seed_0019,3
F001929,F000681,0.25,1.0,1.0,1.0,0.25,permuted_seed_0019,3
F001930,F001266,0.5,1.0,1.0,1.0,0.5,permuted_seed_0019,3
F001931,F001763,0.0,1.0,1.0,1.0,0.0,permuted_seed_0019,3
F001932,F001506,0.25,1.0,1.0,1.0,0.25,permuted_seed_0019,3
F001933,F000980,0.0,1.0,1.0,1.0,0.0,permuted_seed_0019,3
F001934,F001453,0.0,1.0,1.0,1.0,0.0,permuted_seed_0019,3
F001935,F000504,0.25,1.0,1.0,1.0,0.25,permuted_seed_0019,3
F001936,F000595,0.25,1.0,1.0,1.0,0.25,permuted_seed_0019,3
F001937,F001900,0.0,1.0,1.0,1.0,0.0,permuted_seed_0019,3
F001938,F001106,0.0,1.0,1.0,1.0,0.0,permuted_seed_0019,3
F001939,F000276,0.0,1.0,1.0,1.0,0.0,permuted_seed_0019,3
F001940,F000739,0.0,1.0,1.0,1.0,0.0,permuted_seed_0019,3
F001941,F001716,0.25,1.0,1.0,1.0,0.25,permuted_seed_0019,3
F001942,F000067,0.0,1.0,1.0,1.0,0.0,permuted_seed_0019,3
F001943,F000576,0.5,1.0,1.0,1.0,0.5,permuted_seed_0019,3
F001944,F001203,0.0,1.0,1.0,1.0,0.0,permuted_seed_0019,3
F001945,F001651,0.0,1.0,1.0,1.0,0.0,permuted_seed_0019,3
F001946,F001405,0.0,1.0,1.0,1.0,0.0,permuted_seed_0019,3
F001947,F001720,0.0,1.0,1.0,1.0,0.0,permuted_seed_0019,3
F001948,F000306,0.0,1.0,1.0,1.0,0.0,permuted_seed_0019,3
F001949,F001845,0.0,1.0,1.0,1.0,0.0,permuted_seed_0019,3
F001950,F001360,0.0,1.0,1.0,1.0,0.0,permuted_seed_0019,3
F001951,F000087,0.0,1.0,1.0,1.0,0.0,permuted_seed_0019,3
F001952,F001890,0.0,1.0,1.0,1.0,0.0,permuted_seed_0019,3
F001953,F000688,0.0,1.0,1.0,1.0,0.0,permuted_seed_0019,3
F001954,F001312,0.0,1.0,1.0,1.0,0.0,permuted_seed_0019,3
F001955,F000745,0.0,1.0,1.0,1.0,0.0,permuted_seed_0019,3
F001956,F001053,0.0,1.0,1.0,1.0,0.0,permuted_seed_0019,3
F001957,F001210,0.25,1.0,1.0,1.0,0.25,permuted_seed_0019,3
F001958,F000880,0.0,1.0,1.0,1.0,0.0,permuted_seed_0019,3
F001959,F000530,0.0,1.0,1.0,1.0,0.0,permuted_seed_0019,3
F001960,F000256,0.0,1.0,1.0,1.0,0.0,permuted_seed_0019,3
F001961,F000171,0.0,1.0,1.0,1.0,0.0,permuted_seed_0019,3
F001962,F001804,0.0,1.0,1.0,1.0,0.0,permuted_seed_0019,3
F001963,F001425,0.0,1.0,1.0,1.0,0.0,permuted_seed_0019,3
F001964,F001686,0.0,1.0,1.0,1.0,0.0,permuted_seed_0019,3
F001965,F001234,0.0,1.0,1.0,1.0,0.0,permuted_seed_0019,3
F001966,F001028,0.0,1.0,1.0,1.0,0.0,permuted_seed_0019,3
F001967,F000897,0.0,1.0,1.0,1.0,0.0,permuted_seed_0019,3
F001968,F000622,0.0,1.0,1.0,1.0,0.0,permuted_seed_0019,3
F001969,F000585,0.0,1.0,1.0,1.0,0.0,permuted_seed_0019,3
F001970,F000439,0.0,1.0,1.0,1.0,0.0,permuted_seed_0019,3
F001971,F000982,0.25,1.0,1.0,1.0,0.25,permuted_seed_0019,3
F001972,F001500,0.25,1.0,1.0,1.0,0.25,permuted_seed_0019,3
F001973,F001438,0.0,1.0,1.0,1.0,0.0,permuted_seed_0019,3
F001974,F001154,0.0,1.0,1.0,1.0,0.0,permuted_seed_0019,3
F001975,F001757,0.5,1.0,1.0,1.0,0.5,permuted_seed_0019,3
F001976,F001619,0.5,1.0,1.0,1.0,0.5,permuted_seed_0019,3
F001977,F001219,0.5,1.0,1.0,1.0,0.5,permuted_seed_0019,3
F001978,F001886,0.0,1.0,1.0,1.0,0.0,permuted_seed_0019,3
F001979,F000702,0.25,1.0,1.0,1.0,0.25,permuted_seed_0019,3
F001980,F001490,0.25,1.0,1.0,1.0,0.25,permuted_seed_0019,3
F001981,F001819,0.0,1.0,1.0,1.0,0.0,permuted_seed_0019,3
F001982,F001511,0.0,1.0,1.0,1.0,0.0,permuted_seed_0019,3
F001983,F000577,0.0,1.0,1.0,1.0,0.0,permuted_seed_0019,3
F001984,F000821,0.0,1.0,1.0,1.0,0.0,permuted_seed_0019,3
F001985,F000998,0.25,1.0,1.0,1.0,0.25,permuted_seed_0019,3
F001986,F001909,0.25,1.0,1.0,1.0,0.25,permuted_seed_0019,3
F001987,F000995,0.0,1.0,1.0,1.0,0.0,permuted_seed_0019,3
F001988,F000920,0.25,1.0,1.0,1.0,0.25,permuted_seed_0019,3
F001989,F001656,0.25,1.0,1.0,1.0,0.25,permuted_seed_0019,3
F001990,F000217,0.0,1.0,1.0,1.0,0.0,permuted_seed_0019,3
F001991,F001474,0.0,1.0,1.0,1.0,0.0,permuted_seed_0019,3
