feature_id,data_score,data_rank,cv_mean_oriented_auc,cv_sd_oriented_effect
F000001,0.0,0.35527638190954774,0.6666666666666666,0.6666666666666667
F000002,0.0,0.35527638190954774,0.26388888888888884,0.4110735718596873
F000003,0.0,0.35527638190954774,0.26388888888888884,0.4110735718596873
F000004,0.0,0.35527638190954774,0.5555555555555556,0.5091750772173156
F000005,0.4730936953723087,0.9796482412060301,0.7916666666666667,0.22047927592204927
F000006,0.17065537609580494,0.857286432160804,0.7777777777777777,0.769800358919501
F000007,0.17322570474349053,0.8650753768844222,0.6805555555555556,0.37577081273524116
F000008,0.1564584167334001,0.8407035175879397,0.7083333333333334,0.5204164998665332
F000009,0.36310546582568015,0.9542713567839196,0.7777777777777777,0.3849001794597506
F000010,0.0,0.35527638190954774,0.19444444444444442,0.3469443332443554
F000011,0.32312508340006674,0.9364321608040201,0.7916666666666667,0.5204164998665333
F000012,0.0,0.35527638190954774,0.3194444444444444,0.6254627916220946
F000013,0.05968702202485132,0.7846733668341709,0.6805555555555556,0.6028481781725197
F000014,0.0,0.35527638190954774,0.375,0.5464532103585
F000015,0.5260506159308034,0.9871859296482413,0.8472222222222221,0.33678765702728175
F000016,0.43763894448893326,0.9701005025125629,0.8055555555555556,0.34694433324435553
F000017,0.3519409161410501,0.9477386934673366,0.736111111111111,0.24056261216234412
F000018,0.0,0.35527638190954774,0.26388888888888884,0.4110735718596873
F000019,0.15048400847344884,0.8311557788944723,0.6388888888888888,0.2545875386086578
F000020,0.16666666666666663,0.8492462311557789,0.6666666666666666,0.33333333333333337
F000021,0.0,0.35527638190954774,0.6666666666666666,0.6666666666666667
F000022,0.0,0.35527638190954774,0.4861111111111111,0.2926570486903539
F000023,0.0,0.35527638190954774,0.6666666666666666,0.6666666666666667
F000024,0.0,0.35527638190954774,0.20833333333333331,0.5204164998665333
F000025,0.0,0.35527638190954774,0.375,0.6614378277661477
F000026,0.18985690583578663,0.8753768844221106,0.7222222222222222,0.5091750772173156
F000027,0.0,0.35527638190954774,0.3194444444444444,0.6254627916220946
F000028,0.0,0.35527638190954774,0.6388888888888888,0.8552669065744807
F000029,0.11785136605074786,0.8060301507537688,0.736111111111111,0.7087417123429486
F000030,0.0,0.35527638190954774,0.3055555555555556,0.3469443332443555
F000031,0.5853276880479024,0.9934673366834171,0.8888888888888888,0.3849001794597506
F000032,0.0,0.35527638190954774,0.5972222222222222,0.5023094811118091
F000033,0.0,0.35527638190954774,0.041666666666666685,0.14433756729740646
F000034,0.0,0.35527638190954774,0.2361111111111111,0.4110735718596873
F000035,0.0,0.35527638190954774,0.4444444444444444,0.5091750772173156
F000036,0.0,0.35527638190954774,0.33333333333333337,0.6666666666666666
F000037,0.43763894448893326,0.9701005025125629,0.8055555555555556,0.34694433324435553
F000038,0.0,0.35527638190954774,0.26388888888888884,0.7087417123429485
F000039,0.16666666666666663,0.8492462311557789,0.6666666666666666,0.33333333333333337
F000040,1.0,0.999748743718593,1.0,0.0
F000041,0.0,0.35527638190954774,0.41666666666666663,0.4409585518440984
F000042,0.1564584167334001,0.8407035175879397,0.7083333333333334,0.5204164998665332
F000043,0.0,0.35527638190954774,0.33333333333333337,0.6666666666666666
F000044,0.5853276880479024,0.9934673366834171,0.8888888888888888,0.3849001794597506
F000045,0.009898589972417882,0.7160804020100503,0.6388888888888888,0.5357583756107198
F000046,0.11785136605074786,0.8060301507537688,0.736111111111111,0.7087417123429486
F000047,0.0,0.35527638190954774,0.33333333333333337,0.6666666666666666
F000048,0.41666666666666663,0.9655778894472362,0.75,0.16666666666666674
F000049,0.0,0.35527638190954774,0.2777777777777778,0.5091750772173156
F000050,0.0,0.35527638190954774,0.19444444444444442,0.3469443332443554
F000051,0.0,0.35527638190954774,0.4166666666666667,0.2886751345948129
F000052,0.2666854362923786,0.9085427135678392,0.7361111111111112,0.4110735718596873
F000053,0.0,0.35527638190954774,0.5138888888888888,0.5548606765399495
F000054,0.3009680169468978,0.9190954773869346,0.7777777777777778,0.5091750772173156
F000055,0.0,0.35527638190954774,0.625,0.5464532103585001
F000056,0.5853276880479024,0.9934673366834171,0.8888888888888888,0.3849001794597506
F000057,0.0,0.35527638190954774,0.2777777777777778,0.5091750772173156
F000058,0.0,0.35527638190954774,0.19444444444444442,0.3469443332443554
F000059,0.0,0.35527638190954774,0.2222222222222222,0.5091750772173156
F000060,0.0,0.35527638190954774,0.2222222222222222,0.5091750772173156
F000061,0.1732257047434905,0.8628140703517588,0.6805555555555556,0.3757708127352412
F000062,0.4510034825212683,0.9751256281407035,0.8194444444444444,0.3757708127352412
F000063,0.01800981821541575,0.7331658291457287,0.625,0.4639803635691685
F000064,0.0,0.35527638190954774,0.6527777777777778,0.6684005230842202
F000065,0.0,0.35527638190954774,0.19444444444444442,0.3469443332443554
F000066,0.7188194722444669,0.9969849246231156,0.9027777777777779,0.17347216662217768
F000067,0.16666666666666663,0.8492462311557789,0.6666666666666666,0.33333333333333337
F000068,0.0,0.35527638190954774,0.375,0.6614378277661477
F000069,0.0,0.35527638190954774,0.6666666666666666,0.6666666666666667
F000070,0.0,0.35527638190954774,0.4027777777777778,0.17347216662217774
F000071,0.0,0.35527638190954774,0.2361111111111111,0.4110735718596873
F000072,0.0,0.35527638190954774,0.625,0.6614378277661477
F000073,0.0,0.35527638190954774,0.33333333333333337,0.5773502691896258
F000074,0.052101231861607145,0.7761306532663317,0.6944444444444444,0.6735753140545634
F000075,0.30642702870564203,0.9263819095477387,0.7083333333333334,0.22047927592204927
F000076,0.0,0.35527638190954774,0.5416666666666666,0.36324157862838946
F000077,0.4730936953723087,0.9796482412060301,0.7916666666666667,0.22047927592204927
F000078,0.21541672226671116,0.8881909547738693,0.6944444444444444,0.3469443332443555
F000079,0.0,0.35527638190954774,0.15277777777777773,0.33678765702728164
F000080,0.18985690583578663,0.8753768844221106,0.7222222222222222,0.5091750772173156
F000081,0.32224099184793414,0.9311557788944723,0.7638888888888888,0.4110735718596873
F000082,0.21541672226671116,0.8881909547738693,0.6944444444444444,0.3469443332443555
F000083,0.15048400847344884,0.8311557788944723,0.6388888888888888,0.2545875386086578
F000084,0.014886066246173488,0.7268844221105528,0.5555555555555556,0.1924500897298752
F000085,0.34077636645642,0.9424623115577889,0.6944444444444444,0.09622504486493767
F000086,0.0,0.35527638190954774,0.6111111111111112,0.693888666488711
F000087,0.0,0.35527638190954774,0.3888888888888889,0.19245008972987526
F000088,0.0,0.35527638190954774,0.26388888888888884,0.4110735718596873
F000089,0.0,0.35527638190954774,0.29166666666666663,0.22047927592204927
F000090,0.0,0.35527638190954774,0.5138888888888888,0.5548606765399495
F000091,0.0,0.35527638190954774,0.3194444444444444,0.6254627916220946
F000092,0.18985690583578663,0.8753768844221106,0.7222222222222222,0.5091750772173156
F000093,0.009898589972417882,0.7160804020100503,0.6388888888888888,0.5357583756107198
F000094,0.49999999999999994,0.9844221105527639,0.8333333333333333,0.33333333333333337
F000095,0.044658198738520394,0.7555276381909548,0.6666666666666666,0.5773502691896258
F000096,0.0,0.35527638190954774,0.6666666666666666,0.6666666666666667
F000097,0.0,0.35527638190954774,0.6527777777777778,0.6684005230842202
F000098,0.0,0.35527638190954774,0.3472222222222222,0.3367876570272817
F000099,0.3519409161410501,0.9477386934673366,0.736111111111111,0.24056261216234412
F000100,0.36310546582568015,0.9542713567839196,0.7777777777777777,0.3849001794597506
F000101,0.18985690583578663,0.8753768844221106,0.7222222222222222,0.5091750772173156
F000102,0.0,0.35527638190954774,0.41666666666666663,0.4409585518440984
F000103,0.15048400847344884,0.8311557788944723,0.6388888888888888,0.2545875386086578
F000104,0.0,0.35527638190954774,0.4444444444444444,0.1924500897298753
F000105,0.30642702870564203,0.9263819095477387,0.7083333333333334,0.22047927592204927
F000106,0.0,0.35527638190954774,0.3194444444444444,0.37577081273524116
F000107,0.0,0.35527638190954774,0.36111111111111105,0.5357583756107197
F000108,0.009898589972417882,0.7160804020100503,0.6388888888888888,0.5357583756107198
F000109,0.10770836113335558,0.800502512562814,0.5972222222222222,0.17347216662217768
F000110,0.0,0.35527638190954774,0.33333333333333337,0.33333333333333337
F000111,0.0,0.35527638190954774,0.6111111111111112,0.693888666488711
F000112,0.0,0.35527638190954774,0.40277777777777773,0.5023094811118091
F000113,0.16666666666666663,0.8492462311557789,0.6666666666666666,0.33333333333333337
F000114,0.43763894448893326,0.9701005025125629,0.8055555555555556,0.34694433324435553
F000115,0.0,0.35527638190954774,0.16666666666666669,0.3333333333333333
F000116,0.0,0.35527638190954774,0.41666666666666663,0.4409585518440984
F000117,0.0,0.35527638190954774,0.16666666666666669,0.5773502691896258
F000118,0.41666666666666663,0.9655778894472362,0.75,0.16666666666666674
F000119,0.0,0.35527638190954774,0.3472222222222222,0.6684005230842202
F000120,0.0,0.35527638190954774,0.25,0.16666666666666669
F000121,0.36310546582568015,0.9542713567839196,0.7777777777777777,0.3849001794597506
F000122,0.0,0.35527638190954774,0.5972222222222222,0.5023094811118091
F000123,0.0,0.35527638190954774,0.2777777777777778,0.5091750772173156
F000124,0.0,0.35527638190954774,0.4722222222222222,0.4194352464039305
F000125,0.0,0.35527638190954774,0.4861111111111111,0.2926570486903539
F000126,0.0,0.35527638190954774,0.2222222222222222,0.5091750772173156
F000127,0.0,0.35527638190954774,0.20833333333333331,0.5204164998665333
F000128,0.0,0.35527638190954774,0.2777777777777778,0.5091750772173156
F000129,0.0,0.35527638190954774,0.3611111111111111,0.2545875386086578
F000130,0.0,0.35527638190954774,0.5833333333333333,0.4409585518440985
F000131,0.16666666666666663,0.8492462311557789,0.6666666666666666,0.33333333333333337
F000132,0.4730936953723087,0.9796482412060301,0.7916666666666667,0.22047927592204927
F000133,0.3009680169468978,0.9190954773869346,0.7777777777777778,0.5091750772173156
F000134,0.0,0.35527638190954774,0.26388888888888884,0.4110735718596873
F000135,0.0,0.35527638190954774,0.41666666666666663,0.4409585518440984
F000136,0.0,0.35527638190954774,0.5555555555555556,0.5091750772173156
F000137,0.18985690583578663,0.8753768844221106,0.7222222222222222,0.5091750772173156
F000138,0.0,0.35527638190954774,0.6111111111111112,0.693888666488711
F000139,0.0,0.35527638190954774,0.5277777777777778,0.6309898162000304
F000140,0.0,0.35527638190954774,0.3194444444444444,0.37577081273524116
F000141,0.0,0.35527638190954774,0.4444444444444444,1.0183501544346312
F000142,0.0,0.35527638190954774,0.1111111111111111,0.3849001794597505
F000143,0.0,0.35527638190954774,0.33333333333333337,0.6666666666666666
F000144,0.18985690583578663,0.8753768844221106,0.7222222222222222,0.5091750772173156
F000145,0.25,0.8997487437185929,0.75,0.5
F000146,0.0,0.35527638190954774,0.4166666666666667,0.2886751345948129
F000147,0.3009680169468978,0.9190954773869346,0.7777777777777778,0.5091750772173156
F000148,0.0,0.35527638190954774,0.2777777777777778,0.3849001794597505
F000149,0.0,0.35527638190954774,0.29166666666666663,0.22047927592204927
F000150,0.18985690583578663,0.8753768844221106,0.7222222222222222,0.5091750772173156
F000151,0.0,0.35527638190954774,0.33333333333333326,0.6666666666666666
F000152,0.0,0.35527638190954774,0.5833333333333334,0.7637626158259733
F000153,0.0,0.35527638190954774,0.29166666666666663,0.22047927592204924
F000154,0.01800981821541575,0.7331658291457287,0.625,0.4639803635691685
F000155,0.0,0.35527638190954774,0.5972222222222222,0.8347210667398177
F000156,0.0,0.35527638190954774,0.25,0.5
F000157,0.21541672226671116,0.8881909547738693,0.6944444444444444,0.3469443332443555
F000158,0.0,0.35527638190954774,0.4583333333333333,0.3632415786283894
F000159,0.052101231861607145,0.7761306532663317,0.6944444444444444,0.6735753140545634
F000160,0.25,0.8997487437185929,0.75,0.5
F000161,0.0,0.35527638190954774,0.26388888888888884,0.7087417123429485
F000162,0.0,0.35527638190954774,0.625,0.5464532103585001
F000163,0.029772132492346948,0.7414572864321608,0.6111111111111112,0.3849001794597506
F000164,0.25,0.8997487437185929,0.75,0.5
F000165,0.0,0.35527638190954774,0.33333333333333337,0.33333333333333337
F000166,0.0,0.35527638190954774,0.25,0.5
F000167,0.0,0.35527638190954774,0.3472222222222222,0.3367876570272817
F000168,0.0,0.35527638190954774,0.3888888888888889,0.19245008972987526
F000169,0.0,0.35527638190954774,0.625,1.0897247358851685
F000170,0.0,0.35527638190954774,0.4027777777777778,0.17347216662217774
F000171,0.0,0.35527638190954774,0.5833333333333333,0.44095855184409843
F000172,0.0483797153000638,0.7670854271356784,0.6805555555555556,0.6254627916220946
F000173,0.0,0.35527638190954774,0.2777777777777778,0.3849001794597505
F000174,0.0,0.35527638190954774,0.4305555555555555,0.47385339192311066
F000175,0.32224099184793414,0.9311557788944723,0.7638888888888888,0.4110735718596873
F000176,0.0,0.35527638190954774,0.26388888888888884,0.7087417123429485
F000177,0.0,0.35527638190954774,0.1111111111111111,0.3849001794597505
F000178,0.0,0.35527638190954774,0.3194444444444444,0.6254627916220945
F000179,0.14857832784080438,0.8226130653266331,0.7361111111111112,0.6472877887628358
F000180,0.0,0.35527638190954774,0.6527777777777778,0.6684005230842202
F000181,0.0,0.35527638190954774,0.2222222222222222,0.769800358919501
F000182,0.0,0.35527638190954774,0.2361111111111111,0.4110735718596873
F000183,0.0,0.35527638190954774,0.4166666666666667,0.726483157256779
F000184,0.0,0.35527638190954774,0.4305555555555555,0.7280745790045088
F000185,0.4730936953723087,0.9796482412060301,0.7916666666666667,0.22047927592204927
F000186,0.0,0.35527638190954774,0.5555555555555556,0.5091750772173156
F000187,0.0,0.35527638190954774,0.08333333333333331,0.28867513459481287
F000188,0.009898589972417882,0.7160804020100503,0.6388888888888888,0.5357583756107198
F000189,0.0,0.35527638190954774,0.29166666666666663,0.22047927592204927
F000190,0.044658198738520394,0.7555276381909548,0.6666666666666666,0.5773502691896258
F000191,0.0,0.35527638190954774,0.4583333333333333,0.14433756729740646
F000192,0.0,0.35527638190954774,0.6666666666666666,0.6666666666666667
F000193,0.17322570474349053,0.8650753768844222,0.6805555555555556,0.37577081273524116
F000194,0.0,0.35527638190954774,0.375,0.5464532103585
F000195,0.25,0.8997487437185929,0.75,0.5
F000196,0.0,0.35527638190954774,0.4444444444444444,0.9622504486493764
F000197,0.0,0.35527638190954774,0.25,0.16666666666666669
F000198,0.18985690583578663,0.8753768844221106,0.7222222222222222,0.5091750772173156
F000199,0.0,0.35527638190954774,0.16666666666666669,0.5773502691896258
F000200,0.0,0.35527638190954774,0.6111111111111112,0.693888666488711
F000201,0.0,0.35527638190954774,0.4305555555555555,0.7280745790045088
F000202,0.0,0.35527638190954774,0.16666666666666669,0.5773502691896258
F000203,0.43763894448893326,0.9701005025125629,0.8055555555555556,0.34694433324435553
F000204,0.0,0.35527638190954774,0.22222222222222215,0.3849001794597505
F000205,0.15048400847344884,0.8311557788944723,0.6388888888888888,0.2545875386086578
F000206,0.43763894448893326,0.9701005025125629,0.8055555555555556,0.34694433324435553
F000207,0.0,0.35527638190954774,0.3194444444444444,0.37577081273524116
F000208,0.0,0.35527638190954774,0.3194444444444444,0.6254627916220946
F000209,0.0,0.35527638190954774,0.20833333333333331,0.5204164998665333
F000210,0.0,0.35527638190954774,0.15277777777777773,0.33678765702728164
F000211,0.0,0.35527638190954774,0.375,0.7949493345141214
F000212,0.1564584167334001,0.8407035175879397,0.7083333333333334,0.5204164998665332
F000213,0.0,0.35527638190954774,0.2777777777777778,0.5091750772173156
F000214,0.0,0.35527638190954774,0.15277777777777773,0.33678765702728164
F000215,0.11785136605074786,0.8060301507537688,0.736111111111111,0.7087417123429486
F000216,0.0,0.35527638190954774,0.26388888888888884,0.4110735718596873
F000217,0.0,0.35527638190954774,0.29166666666666663,0.5204164998665332
F000218,0.05968702202485132,0.7846733668341709,0.6805555555555556,0.6028481781725197
F000219,0.0,0.35527638190954774,0.33333333333333326,0.6666666666666666
F000220,0.0,0.35527638190954774,0.3888888888888889,0.693888666488711
F000221,0.15048400847344884,0.8311557788944723,0.6388888888888888,0.2545875386086578
F000222,0.13716172704191473,0.8180904522613065,0.6527777777777778,0.3367876570272817
F000223,0.0,0.35527638190954774,0.29166666666666663,0.5204164998665332
F000224,0.0,0.35527638190954774,0.625,0.5464532103585001
F000225,0.30642702870564203,0.9263819095477387,0.7083333333333334,0.22047927592204927
F000226,0.0,0.35527638190954774,0.3194444444444444,0.37577081273524116
F000227,0.0,0.35527638190954774,0.15277777777777773,0.33678765702728164
F000228,0.0,0.35527638190954774,0.08333333333333331,0.28867513459481287
F000229,0.0,0.35527638190954774,0.15277777777777773,0.33678765702728164
F000230,0.0,0.35527638190954774,0.41666666666666663,0.4409585518440984
F000231,0.03349364905389035,0.7457286432160805,0.625,0.4330127018922193
F000232,0.0,0.35527638190954774,0.3055555555555556,0.7876359377087682
F000233,0.0,0.35527638190954774,0.25,0.5
F000234,0.34077636645642,0.9424623115577889,0.6944444444444444,0.09622504486493767
F000235,0.34077636645642,0.9424623115577889,0.6944444444444444,0.09622504486493767
F000236,0.0,0.35527638190954774,0.4583333333333333,0.3632415786283894
F000237,0.014886066246173488,0.7268844221105528,0.5555555555555556,0.1924500897298752
F000238,0.0,0.35527638190954774,0.4583333333333333,0.3632415786283894
F000239,0.0,0.35527638190954774,0.6666666666666666,0.6666666666666667
F000240,0.0,0.35527638190954774,0.4444444444444444,0.5091750772173156
F000241,0.0,0.35527638190954774,0.625,0.6614378277661477
F000242,0.0,0.35527638190954774,0.5694444444444444,0.5548606765399494
F000243,0.17065537609580494,0.857286432160804,0.7777777777777777,0.769800358919501
F000244,0.0,0.35527638190954774,0.375,0.4639803635691685
F000245,0.4730936953723087,0.9796482412060301,0.7916666666666667,0.22047927592204927
F000246,0.0,0.35527638190954774,0.4722222222222222,0.4194352464039305
F000247,0.0,0.35527638190954774,0.20833333333333331,0.5204164998665333
F000248,0.0,0.35527638190954774,0.4722222222222222,0.4811252243246882
F000249,0.0,0.35527638190954774,0.26388888888888884,0.7087417123429485
F000250,0.0,0.35527638190954774,0.4583333333333333,0.3632415786283894
F000251,0.18985690583578663,0.8753768844221106,0.7222222222222222,0.5091750772173156
F000252,0.05968702202485132,0.7846733668341709,0.6805555555555556,0.6028481781725197
F000253,0.0,0.35527638190954774,0.5138888888888888,0.29265704869035386
F000254,0.0,0.35527638190954774,0.33333333333333326,0.6666666666666666
F000255,0.0,0.35527638190954774,0.3055555555555556,0.0962250448649376
F000256,0.12599717735728458,0.8105527638190955,0.611111111111111,0.1924500897298752
F000257,0.3519409161410501,0.9477386934673366,0.736111111111111,0.24056261216234412
F000258,0.0,0.35527638190954774,0.6666666666666666,0.6666666666666667
F000259,0.0,0.35527638190954774,0.33333333333333337,0.5773502691896258
F000260,0.0,0.35527638190954774,0.09722222222222215,0.17347216662217768
F000261,0.0,0.35527638190954774,0.16666666666666669,0.3333333333333333
F000262,0.044658198738520394,0.7555276381909548,0.6666666666666666,0.5773502691896258
F000263,0.0,0.35527638190954774,0.13888888888888884,0.2545875386086578
F000264,0.18985690583578663,0.8753768844221106,0.7222222222222222,0.5091750772173156
F000265,0.0,0.35527638190954774,0.16666666666666669,0.5773502691896258
F000266,0.2666854362923786,0.9085427135678392,0.7361111111111112,0.4110735718596873
F000267,0.5334936490538904,0.9896984924623116,0.875,0.4330127018922193
F000268,0.0,0.35527638190954774,0.5833333333333334,0.726483157256779
F000269,0.0,0.35527638190954774,0.3194444444444444,0.6028481781725196
F000270,0.0,0.35527638190954774,0.3888888888888889,0.8388704928078611
F000271,0.0,0.35527638190954774,0.6527777777777778,0.6684005230842202
F000272,0.0,0.35527638190954774,0.6666666666666666,0.6666666666666667
F000273,0.0,0.35527638190954774,0.33333333333333337,0.6666666666666666
F000274,0.0,0.35527638190954774,0.41666666666666663,0.4409585518440984
F000275,0.0,0.35527638190954774,0.7222222222222222,0.9622504486493764
F000276,0.1371617270419147,0.8153266331658291,0.6527777777777778,0.33678765702728175
F000277,0.3779915320718537,0.9613065326633166,0.8333333333333333,0.5773502691896258
F000278,0.0,0.35527638190954774,0.3055555555555556,0.6735753140545634
F000279,0.0,0.35527638190954774,0.25,0.8660254037844386
F000280,0.0,0.35527638190954774,0.1111111111111111,0.3849001794597505
F000281,0.0,0.35527638190954774,0.5694444444444444,0.47385339192311066
F000282,0.0,0.35527638190954774,0.29166666666666663,0.22047927592204927
F000283,0.0,0.35527638190954774,0.3055555555555556,0.6735753140545634
F000284,0.0,0.35527638190954774,0.25,0.5
F000285,0.3009680169468978,0.9190954773869346,0.7777777777777778,0.5091750772173156
F000286,0.0,0.35527638190954774,0.2777777777777778,0.5091750772173156
F000287,0.32312508340006674,0.9364321608040201,0.7916666666666667,0.5204164998665333
F000288,0.0,0.35527638190954774,0.6666666666666666,0.6666666666666667
F000289,0.0,0.35527638190954774,0.19444444444444442,0.3469443332443554
F000290,0.0,0.35527638190954774,0.6388888888888888,0.8552669065744807
F000291,0.0,0.35527638190954774,0.3472222222222222,0.6684005230842202
F000292,0.044658198738520394,0.7555276381909548,0.6666666666666666,0.5773502691896258
F000293,0.0,0.35527638190954774,0.6527777777777778,0.6684005230842202
F000294,0.0,0.35527638190954774,0.19444444444444442,0.09622504486493767
F000295,0.15048400847344884,0.8311557788944723,0.6388888888888888,0.2545875386086578
F000296,0.0,0.35527638190954774,0.33333333333333337,0.5773502691896258
F000297,0.0,0.35527638190954774,0.29166666666666663,0.5204164998665332
F000298,0.0,0.35527638190954774,0.09722222222222215,0.17347216662217768
F000299,0.0,0.35527638190954774,0.19444444444444442,0.3469443332443554
F000300,0.0,0.35527638190954774,0.3888888888888889,0.693888666488711
F000301,0.0,0.35527638190954774,0.29166666666666663,0.22047927592204927
F000302,0.0,0.35527638190954774,0.36111111111111105,0.5357583756107197
F000303,0.0,0.35527638190954774,0.25,0.16666666666666669
F000304,0.0,0.35527638190954774,0.3194444444444444,0.37577081273524116
F000305,0.044658198738520394,0.7555276381909548,0.6666666666666666,0.5773502691896258
F000306,0.0,0.35527638190954774,0.4305555555555555,0.5548606765399494
F000307,0.0,0.35527638190954774,0.4444444444444444,1.0183501544346312
F000308,0.0483797153000638,0.7670854271356784,0.6805555555555556,0.6254627916220946
F000309,0.0,0.35527638190954774,0.16666666666666669,0.5773502691896258
F000310,0.1371617270419147,0.8153266331658291,0.6527777777777778,0.33678765702728175
F000311,0.0,0.35527638190954774,0.4305555555555555,0.5548606765399494
F000312,0.0,0.35527638190954774,0.1111111111111111,0.3849001794597505
F000313,0.0,0.35527638190954774,0.3055555555555556,0.6735753140545634
F000314,0.16666666666666663,0.8492462311557789,0.6666666666666666,0.33333333333333337
F000315,0.34077636645642,0.9424623115577889,0.6944444444444444,0.09622504486493767
F000316,0.25,0.8997487437185929,0.75,0.5
F000317,0.0,0.35527638190954774,0.3194444444444444,0.6028481781725196
F000318,0.0,0.35527638190954774,0.4722222222222222,0.4194352464039305
F000319,0.0,0.35527638190954774,0.20833333333333331,0.2204792759220492
F000320,0.0,0.35527638190954774,0.2222222222222222,0.769800358919501
F000321,0.3779915320718537,0.9613065326633166,0.8333333333333333,0.5773502691896258
F000322,0.0,0.35527638190954774,0.2777777777777778,0.6938886664887108
F000323,0.0,0.35527638190954774,0.4166666666666667,0.2886751345948129
F000324,0.0,0.35527638190954774,0.3472222222222222,0.6684005230842202
F000325,0.0,0.35527638190954774,0.2361111111111111,0.4110735718596873
F000326,0.0,0.35527638190954774,0.3055555555555556,0.3469443332443555
F000327,0.0,0.35527638190954774,0.25,0.5
F000328,0.1371617270419147,0.8153266331658291,0.6527777777777778,0.33678765702728175
F000329,0.0,0.35527638190954774,0.26388888888888884,0.4110735718596873
F000330,0.044658198738520394,0.7555276381909548,0.6666666666666666,0.5773502691896258
F000331,0.0,0.35527638190954774,0.09722222222222215,0.17347216662217768
F000332,0.0,0.35527638190954774,0.3055555555555556,0.6735753140545634
F000333,0.0,0.35527638190954774,0.2361111111111111,0.4110735718596873
F000334,0.0,0.35527638190954774,0.2777777777777778,0.5091750772173156
F000335,0.0,0.35527638190954774,0.2222222222222222,0.769800358919501
F000336,0.1564584167334001,0.8407035175879397,0.7083333333333334,0.5204164998665332
F000337,0.0,0.35527638190954774,0.2777777777777778,0.5091750772173156
F000338,0.0,0.35527638190954774,0.3055555555555556,0.6735753140545634
F000339,0.0,0.35527638190954774,0.3472222222222222,0.33678765702728175
F000340,0.0,0.35527638190954774,0.5694444444444444,0.47385339192311066
F000341,0.3779915320718537,0.9613065326633166,0.8333333333333333,0.5773502691896258
F000342,0.0,0.35527638190954774,0.3055555555555556,0.3469443332443555
F000343,0.0,0.35527638190954774,0.3055555555555556,0.6735753140545634
F000344,0.0,0.35527638190954774,0.4166666666666667,0.2886751345948129
F000345,0.0,0.35527638190954774,0.33333333333333337,0.5773502691896258
F000346,0.029772132492346948,0.7414572864321608,0.6111111111111112,0.3849001794597506
F000347,0.17065537609580494,0.857286432160804,0.7777777777777777,0.769800358919501
F000348,0.0,0.35527638190954774,0.25,0.5
F000349,0.0,0.35527638190954774,0.20833333333333331,0.2204792759220492
F000350,0.009898589972417882,0.7160804020100503,0.6388888888888888,0.5357583756107198
F000351,0.11785136605074786,0.8060301507537688,0.736111111111111,0.7087417123429486
F000352,0.0,0.35527638190954774,0.33333333333333337,0.5773502691896258
F000353,0.0,0.35527638190954774,0.3055555555555556,0.3469443332443555
F000354,0.2666854362923786,0.9085427135678392,0.7361111111111112,0.4110735718596873
F000355,0.0,0.35527638190954774,0.36111111111111105,0.6735753140545635
F000356,0.0,0.35527638190954774,0.2777777777777778,0.6938886664887108
F000357,0.0,0.35527638190954774,0.6111111111111112,0.693888666488711
F000358,0.0,0.35527638190954774,0.4444444444444444,0.5091750772173156
F000359,0.0,0.35527638190954774,0.5694444444444444,0.7469072033193752
F000360,0.0,0.35527638190954774,0.2361111111111111,0.4110735718596873
F000361,0.0,0.35527638190954774,0.4722222222222222,0.4194352464039305
F000362,0.0,0.35527638190954774,0.20833333333333331,0.5204164998665333
F000363,0.1564584167334001,0.8407035175879397,0.7083333333333334,0.5204164998665332
F000364,0.0,0.35527638190954774,0.15277777777777773,0.33678765702728164
F000365,0.0,0.35527638190954774,0.3194444444444444,0.8988160937424132
F000366,0.0,0.35527638190954774,0.25,0.5
F000367,0.0,0.35527638190954774,0.6111111111111112,0.693888666488711
F000368,0.3009680169468978,0.9190954773869346,0.7777777777777778,0.5091750772173156
F000369,0.0,0.35527638190954774,0.16666666666666669,0.5773502691896258
F000370,0.0,0.35527638190954774,0.5833333333333333,0.44095855184409843
F000371,0.0,0.35527638190954774,0.2777777777777778,0.5091750772173156
F000372,0.0,0.35527638190954774,0.3472222222222222,0.33678765702728175
F000373,0.0,0.35527638190954774,0.3194444444444444,0.37577081273524116
F000374,0.0,0.35527638190954774,0.6666666666666666,0.6666666666666667
F000375,0.6889957660359269,0.9964824120603015,0.9166666666666667,0.28867513459481287
F000376,0.014886066246173488,0.7268844221105528,0.5555555555555556,0.1924500897298752
F000377,0.12599717735728458,0.8105527638190955,0.611111111111111,0.1924500897298752
F000378,0.0,0.35527638190954774,0.20833333333333331,0.5204164998665333
F000379,0.10770836113335558,0.800502512562814,0.5972222222222222,0.17347216662217768
F000380,0.0,0.35527638190954774,0.29166666666666663,0.5204164998665332
F000381,0.044658198738520394,0.7555276381909548,0.6666666666666666,0.5773502691896258
F000382,0.36310546582568015,0.9542713567839196,0.7777777777777777,0.3849001794597506
F000383,0.0,0.35527638190954774,0.2777777777777778,0.5091750772173156
F000384,0.0,0.35527638190954774,0.4444444444444444,0.1924500897298753
F000385,0.0,0.35527638190954774,0.4166666666666667,0.726483157256779
F000386,0.32224099184793414,0.9311557788944723,0.7638888888888888,0.4110735718596873
F000387,0.0,0.35527638190954774,0.25,0.8660254037844386
F000388,0.0,0.35527638190954774,0.15277777777777773,0.33678765702728164
F000389,0.009898589972417882,0.7160804020100503,0.6388888888888888,0.5357583756107198
F000390,0.5853276880479024,0.9934673366834171,0.8888888888888888,0.3849001794597506
F000391,0.0,0.35527638190954774,0.29166666666666663,0.5204164998665332
F000392,0.14857832784080438,0.8226130653266331,0.7361111111111112,0.6472877887628358
F000393,0.0,0.35527638190954774,0.6666666666666666,0.6666666666666667
F000394,0.0,0.35527638190954774,0.6388888888888888,0.7515416254704823
F000395,0.0,0.35527638190954774,0.5,0.0
F000396,0.0,0.35527638190954774,0.2777777777777778,0.5091750772173156
F000397,0.1564584167334001,0.8407035175879397,0.7083333333333334,0.5204164998665332
F000398,0.0,0.35527638190954774,0.25,0.16666666666666669
F000399,0.0,0.35527638190954774,0.2777777777777778,0.5091750772173156
F000400,0.0,0.35527638190954774,0.2361111111111111,0.4110735718596873
F000401,0.3009680169468978,0.9190954773869346,0.7777777777777778,0.5091750772173156
F000402,0.36310546582568015,0.9542713567839196,0.7777777777777777,0.3849001794597506
F000403,0.0,0.35527638190954774,0.4861111111111111,0.2926570486903539
F000404,0.011164549684630098,0.7221105527638191,0.5416666666666666,0.14433756729740646
F000405,0.044658198738520394,0.7555276381909548,0.6666666666666666,0.5773502691896258
F000406,0.30642702870564203,0.9263819095477387,0.7083333333333334,0.22047927592204927
F000407,0.0,0.35527638190954774,0.2777777777777778,0.5091750772173156
F000408,0.0,0.35527638190954774,0.25,0.5
F000409,0.0,0.35527638190954774,0.26388888888888884,0.4110735718596873
F000410,0.17065537609580494,0.857286432160804,0.7777777777777777,0.769800358919501
F000411,0.0,0.35527638190954774,0.36111111111111105,0.5357583756107197
F000412,0.0,0.35527638190954774,0.5138888888888888,0.29265704869035386
F000413,0.03349364905389035,0.7457286432160805,0.625,0.4330127018922193
F000414,0.0,0.35527638190954774,0.3055555555555556,0.6735753140545634
F000415,0.0,0.35527638190954774,0.4305555555555555,0.33678765702728175
F000416,0.0,0.35527638190954774,0.5277777777777778,0.41943524640393054
F000417,0.0,0.35527638190954774,0.36111111111111105,0.5357583756107197
F000418,0.43763894448893326,0.9701005025125629,0.8055555555555556,0.34694433324435553
F000419,0.0,0.35527638190954774,0.16666666666666669,0.3333333333333333
F000420,0.3009680169468978,0.9190954773869346,0.7777777777777778,0.5091750772173156
F000421,0.0,0.35527638190954774,0.41666666666666663,0.4409585518440984
F000422,0.0,0.35527638190954774,0.25,0.16666666666666669
F000423,0.0,0.35527638190954774,0.4444444444444444,0.1924500897298753
F000424,0.0,0.35527638190954774,0.5833333333333334,0.7637626158259734
F000425,0.14857832784080438,0.8226130653266331,0.7361111111111112,0.6472877887628358
F000426,0.0,0.35527638190954774,0.3055555555555556,0.6735753140545634
F000427,0.0,0.35527638190954774,0.22222222222222215,0.3849001794597505
F000428,0.0,0.35527638190954774,0.6111111111111112,0.693888666488711
F000429,0.0,0.35527638190954774,0.20833333333333331,0.5204164998665333
F000430,0.0,0.35527638190954774,0.2777777777777778,0.5091750772173156
F000431,0.05968702202485132,0.7846733668341709,0.6805555555555556,0.6028481781725197
F000432,0.17065537609580494,0.857286432160804,0.7777777777777777,0.769800358919501
F000433,0.0,0.35527638190954774,0.3611111111111111,0.2545875386086578
F000434,0.0,0.35527638190954774,0.4027777777777778,0.17347216662217774
F000435,0.2666854362923786,0.9085427135678392,0.7361111111111112,0.4110735718596873
F000436,0.10770836113335558,0.800502512562814,0.5972222222222222,0.17347216662217768
F000437,0.0,0.35527638190954774,0.4305555555555556,0.7280745790045088
F000438,0.0,0.35527638190954774,0.2777777777777778,0.6938886664887108
F000439,0.0,0.35527638190954774,0.41666666666666663,0.4409585518440984
F000440,0.0,0.35527638190954774,0.5277777777777778,0.41943524640393054
F000441,0.0,0.35527638190954774,0.36111111111111105,0.5357583756107197
F000442,0.1732257047434905,0.8628140703517588,0.6805555555555556,0.3757708127352412
F000443,0.0,0.35527638190954774,0.6111111111111112,0.693888666488711
F000444,0.0,0.35527638190954774,0.3611111111111111,0.2545875386086578
F000445,0.28149929433932114,0.9125628140703518,0.6527777777777778,0.04811252243246877
F000446,0.052101231861607145,0.7761306532663317,0.6944444444444444,0.6735753140545634
F000447,0.10770836113335558,0.800502512562814,0.5972222222222222,0.17347216662217768
F000448,0.0,0.35527638190954774,0.4583333333333333,0.3632415786283894
F000449,0.044658198738520394,0.7555276381909548,0.6666666666666666,0.5773502691896258
F000450,0.0,0.35527638190954774,0.1111111111111111,0.3849001794597505
F000451,0.0,0.35527638190954774,0.6666666666666666,1.1547005383792517
F000452,0.0,0.35527638190954774,0.25,0.5
F000453,0.009898589972417882,0.7160804020100503,0.6388888888888888,0.5357583756107198
F000454,0.0,0.35527638190954774,0.4444444444444444,0.1924500897298753
F000455,0.0,0.35527638190954774,0.375,0.6614378277661477
F000456,0.0,0.35527638190954774,0.25,0.16666666666666669
F000457,0.0,0.35527638190954774,0.3888888888888889,0.19245008972987526
F000458,0.6815527329128401,0.9959798994974874,0.8888888888888888,0.1924500897298752
F000459,0.15048400847344884,0.8311557788944723,0.6388888888888888,0.2545875386086578
F000460,0.0,0.35527638190954774,0.2777777777777778,0.6938886664887108
F000461,0.0,0.35527638190954774,0.33333333333333337,0.33333333333333337
F000462,0.0,0.35527638190954774,0.29166666666666663,0.5204164998665332
F000463,0.0,0.35527638190954774,0.625,0.6614378277661477
F000464,0.0,0.35527638190954774,0.6527777777777778,0.6684005230842202
F000465,0.0,0.35527638190954774,0.20833333333333331,0.7216878364870323
F000466,0.17065537609580494,0.857286432160804,0.7777777777777777,0.769800358919501
F000467,0.18985690583578663,0.8753768844221106,0.7222222222222222,0.5091750772173156
F000468,0.43763894448893326,0.9701005025125629,0.8055555555555556,0.34694433324435553
F000469,0.0,0.35527638190954774,0.26388888888888884,0.7087417123429485
F000470,0.0,0.35527638190954774,0.3472222222222222,0.048112522432468836
F000471,0.052101231861607145,0.7761306532663317,0.6944444444444444,0.6735753140545634
F000472,0.0,0.35527638190954774,0.26388888888888884,0.4110735718596873
F000473,0.009898589972417882,0.7160804020100503,0.6388888888888888,0.5357583756107198
F000474,0.0,0.35527638190954774,0.3194444444444444,0.37577081273524116
F000475,0.18985690583578663,0.8753768844221106,0.7222222222222222,0.5091750772173156
F000476,0.052101231861607145,0.7761306532663317,0.6944444444444444,0.6735753140545634
F000477,0.0,0.35527638190954774,0.4583333333333333,0.14433756729740646
F000478,0.0,0.35527638190954774,0.6388888888888888,0.8552669065744807
F000479,0.30642702870564203,0.9263819095477387,0.7083333333333334,0.22047927592204927
F000480,0.49999999999999994,0.9844221105527639,0.8333333333333333,0.33333333333333337
F000481,0.0,0.35527638190954774,0.5833333333333333,0.4409585518440985
F000482,0.28149929433932114,0.9125628140703518,0.6527777777777778,0.04811252243246877
F000483,0.0,0.35527638190954774,0.4305555555555555,0.47385339192311066
F000484,0.4730936953723087,0.9796482412060301,0.7916666666666667,0.22047927592204927
F000485,0.0,0.35527638190954774,0.20833333333333331,0.5204164998665333
F000486,0.0,0.35527638190954774,0.4305555555555555,0.5548606765399494
F000487,0.0,0.35527638190954774,0.26388888888888884,0.7087417123429485
F000488,0.3009680169468978,0.9190954773869346,0.7777777777777778,0.5091750772173156
F000489,0.16666666666666663,0.8492462311557789,0.6666666666666666,0.33333333333333337
F000490,0.0,0.35527638190954774,0.16666666666666669,0.3333333333333333
F000491,0.41666666666666663,0.9655778894472362,0.75,0.16666666666666674
F000492,0.0,0.35527638190954774,0.29166666666666663,0.5204164998665332
F000493,0.0,0.35527638190954774,0.2777777777777778,0.3849001794597505
F000494,0.0,0.35527638190954774,0.22222222222222215,0.3849001794597505
F000495,0.0,0.35527638190954774,0.6111111111111112,0.693888666488711
F000496,0.0,0.35527638190954774,0.625,1.0897247358851685
F000497,0.0,0.35527638190954774,0.5833333333333334,0.7637626158259733
F000498,0.0,0.35527638190954774,0.20833333333333331,0.5204164998665333
F000499,0.0,0.35527638190954774,0.3472222222222222,0.33678765702728175
F000500,0.0,0.35527638190954774,0.2777777777777778,0.6938886664887108
F000501,0.1371617270419147,0.8153266331658291,0.6527777777777778,0.33678765702728175
F000502,0.0,0.35527638190954774,0.16666666666666669,0.5773502691896258
F000503,0.0,0.35527638190954774,0.625,0.5464532103585001
F000504,0.0,0.35527638190954774,0.7222222222222222,0.9622504486493764
F000505,0.12599717735728458,0.8105527638190955,0.611111111111111,0.1924500897298752
F000506,0.25,0.8997487437185929,0.75,0.5
F000507,0.0,0.35527638190954774,0.25,0.5
F000508,0.0,0.35527638190954774,0.625,0.6614378277661477
F000509,0.0,0.35527638190954774,0.5,0.3333333333333333
F000510,0.0,0.35527638190954774,0.2222222222222222,0.5091750772173156
F000511,0.7926638440239513,0.9982412060301508,0.9444444444444444,0.1924500897298752
F000512,0.14857832784080438,0.8226130653266331,0.7361111111111112,0.6472877887628358
F000513,0.0,0.35527638190954774,0.20833333333333331,0.5204164998665333
F000514,0.0,0.35527638190954774,0.33333333333333337,0.5773502691896258
F000515,0.0,0.35527638190954774,0.13888888888888884,0.2545875386086578
F000516,0.0,0.35527638190954774,0.5972222222222222,0.5023094811118091
F000517,0.0,0.35527638190954774,0.3194444444444444,0.8988160937424132
F000518,0.36310546582568015,0.9542713567839196,0.7777777777777777,0.3849001794597506
F000519,0.0,0.35527638190954774,0.5833333333333334,0.6009252125773316
F000520,0.0,0.35527638190954774,0.33333333333333337,0.6666666666666666
F000521,0.0,0.35527638190954774,0.6111111111111112,0.693888666488711
F000522,0.0483797153000638,0.7670854271356784,0.6805555555555556,0.6254627916220946
F000523,0.0,0.35527638190954774,0.6666666666666666,0.881917103688197
F000524,0.022329099369260197,0.7371859296482413,0.5833333333333334,0.2886751345948129
F000525,0.0,0.35527638190954774,0.2777777777777778,0.5091750772173156
F000526,0.0,0.35527638190954774,0.25,0.16666666666666669
F000527,0.0,0.35527638190954774,0.3055555555555556,0.6735753140545634
F000528,0.0,0.35527638190954774,0.3472222222222222,0.6684005230842202
F000529,0.0,0.35527638190954774,0.3055555555555556,0.6735753140545634
F000530,0.15048400847344884,0.8311557788944723,0.6388888888888888,0.2545875386086578
F000531,0.0,0.35527638190954774,0.20833333333333331,0.5204164998665333
F000532,0.1371617270419147,0.8153266331658291,0.6527777777777778,0.33678765702728175
F000533,0.1564584167334001,0.8407035175879397,0.7083333333333334,0.5204164998665332
F000534,0.0,0.35527638190954774,0.29166666666666663,0.5204164998665332
F000535,0.0,0.35527638190954774,0.29166666666666663,0.22047927592204927
F000536,0.10770836113335558,0.800502512562814,0.5972222222222222,0.17347216662217768
F000537,0.25,0.8997487437185929,0.75,0.5
F000538,0.15048400847344884,0.8311557788944723,0.6388888888888888,0.2545875386086578
F000539,0.32312508340006674,0.9364321608040201,0.7916666666666667,0.5204164998665333
F000540,0.1732257047434905,0.8628140703517588,0.6805555555555556,0.3757708127352412
F000541,0.0,0.35527638190954774,0.3194444444444444,0.6028481781725196
F000542,0.0,0.35527638190954774,0.5833333333333333,0.44095855184409843
F000543,0.0,0.35527638190954774,0.3611111111111111,0.2545875386086578
F000544,0.0,0.35527638190954774,0.5416666666666666,0.36324157862838946
F000545,0.0,0.35527638190954774,0.4305555555555555,0.47385339192311066
F000546,0.28149929433932114,0.9125628140703518,0.6527777777777778,0.04811252243246877
F000547,0.0,0.35527638190954774,0.3055555555555556,0.7876359377087682
F000548,0.0,0.35527638190954774,0.2222222222222222,0.5091750772173156
F000549,0.0,0.35527638190954774,0.3194444444444444,0.6254627916220945
F000550,0.32312508340006674,0.9364321608040201,0.7916666666666667,0.5204164998665333
F000551,0.18985690583578663,0.8753768844221106,0.7222222222222222,0.5091750772173156
F000552,0.2666854362923786,0.9085427135678392,0.7361111111111112,0.4110735718596873
F000553,0.044658198738520394,0.7555276381909548,0.6666666666666666,0.5773502691896258
F000554,0.0,0.35527638190954774,0.5,0.3333333333333333
F000555,0.01800981821541575,0.7331658291457287,0.625,0.4639803635691685
F000556,0.0,0.35527638190954774,0.5555555555555556,0.5091750772173156
F000557,0.0,0.35527638190954774,0.5277777777777778,0.41943524640393054
F000558,0.0,0.35527638190954774,0.4583333333333333,0.3632415786283894
F000559,0.022329099369260197,0.7371859296482413,0.5833333333333334,0.2886751345948129
F000560,0.17065537609580494,0.857286432160804,0.7777777777777777,0.769800358919501
F000561,0.0,0.35527638190954774,0.2222222222222222,0.769800358919501
F000562,0.49999999999999994,0.9844221105527639,0.8333333333333333,0.33333333333333337
F000563,0.21541672226671116,0.8881909547738693,0.6944444444444444,0.3469443332443555
F000564,0.0,0.35527638190954774,0.3055555555555556,0.3469443332443555
F000565,0.0,0.35527638190954774,0.33333333333333337,0.5773502691896258
F000566,0.0,0.35527638190954774,0.29166666666666663,0.22047927592204927
F000567,0.17065537609580494,0.857286432160804,0.7777777777777777,0.769800358919501
F000568,0.0,0.35527638190954774,0.5833333333333333,0.44095855184409843
F000569,0.0,0.35527638190954774,0.4861111111111111,0.2926570486903539
F000570,0.0,0.35527638190954774,0.7222222222222222,0.9622504486493764
F000571,0.0,0.35527638190954774,0.33333333333333337,0.5773502691896258
F000572,0.0,0.35527638190954774,0.1111111111111111,0.1924500897298752
F000573,0.0,0.35527638190954774,0.20833333333333331,0.5204164998665333
F000574,0.0,0.35527638190954774,0.18055555555555552,0.3757708127352412
F000575,0.0,0.35527638190954774,0.3472222222222222,0.33678765702728175
F000576,0.0483797153000638,0.7670854271356784,0.6805555555555556,0.6254627916220946
F000577,0.0,0.35527638190954774,0.3194444444444444,0.6254627916220946
F000578,0.10770836113335558,0.800502512562814,0.5972222222222222,0.17347216662217768
F000579,0.014886066246173488,0.7268844221105528,0.5555555555555556,0.1924500897298752
F000580,0.0,0.35527638190954774,0.2222222222222222,0.5091750772173156
F000581,0.5334936490538904,0.9896984924623116,0.875,0.4330127018922193
F000582,0.0,0.35527638190954774,0.25,0.5
F000583,0.0,0.35527638190954774,0.29166666666666663,0.5204164998665332
F000584,0.0,0.35527638190954774,0.5694444444444444,0.7280745790045087
F000585,0.0,0.35527638190954774,0.5416666666666666,0.36324157862838946
F000586,0.43763894448893326,0.9701005025125629,0.8055555555555556,0.34694433324435553
F000587,0.0,0.35527638190954774,0.4305555555555555,0.47385339192311066
F000588,0.34077636645642,0.9424623115577889,0.6944444444444444,0.09622504486493767
F000589,0.0,0.35527638190954774,0.611111111111111,0.8388704928078611
F000590,0.0,0.35527638190954774,0.15277777777777773,0.33678765702728164
F000591,0.0,0.35527638190954774,0.4444444444444444,0.1924500897298753
F000592,0.0,0.35527638190954774,0.2777777777777778,0.9622504486493764
F000593,0.0,0.35527638190954774,0.5833333333333334,0.6009252125773316
F000594,0.0,0.35527638190954774,0.25,0.5
F000595,0.0,0.35527638190954774,0.25,0.16666666666666669
F000596,0.18985690583578663,0.8753768844221106,0.7222222222222222,0.5091750772173156
F000597,0.0,0.35527638190954774,0.33333333333333337,0.5773502691896258
F000598,0.09750011120008895,0.7939698492462312,0.7222222222222222,0.6938886664887111
F000599,0.21541672226671116,0.8881909547738693,0.6944444444444444,0.3469443332443555
F000600,0.2666854362923786,0.9085427135678392,0.7361111111111112,0.4110735718596873
F000601,0.009898589972417882,0.7160804020100503,0.6388888888888888,0.5357583756107198
F000602,0.15048400847344884,0.8311557788944723,0.6388888888888888,0.2545875386086578
F000603,0.0,0.35527638190954774,0.5694444444444444,0.7469072033193752
F000604,0.0,0.35527638190954774,0.26388888888888884,0.4110735718596873
F000605,0.0,0.35527638190954774,0.4722222222222222,0.4194352464039305
F000606,0.0,0.35527638190954774,0.055555555555555525,0.1924500897298752
F000607,0.0,0.35527638190954774,0.2222222222222222,0.769800358919501
F000608,0.0,0.35527638190954774,0.4166666666666667,0.726483157256779
F000609,0.17065537609580494,0.857286432160804,0.7777777777777777,0.769800358919501
F000610,0.0,0.35527638190954774,0.3055555555555556,0.6735753140545634
F000611,0.28149929433932114,0.9125628140703518,0.6527777777777778,0.04811252243246877
F000612,0.044658198738520394,0.7555276381909548,0.6666666666666666,0.5773502691896258
F000613,0.0,0.35527638190954774,0.5833333333333333,0.44095855184409843
F000614,0.0,0.35527638190954774,0.16666666666666669,0.5773502691896258
F000615,0.0,0.35527638190954774,0.2361111111111111,0.4110735718596873
F000616,0.49999999999999994,0.9844221105527639,0.8333333333333333,0.33333333333333337
F000617,0.0,0.35527638190954774,0.29166666666666663,0.22047927592204927
F000618,0.17065537609580494,0.857286432160804,0.7777777777777777,0.769800358919501
F000619,0.0,0.35527638190954774,0.19444444444444442,0.3469443332443554
F000620,0.0,0.35527638190954774,0.6666666666666666,0.881917103688197
F000621,0.0,0.35527638190954774,0.33333333333333337,0.5773502691896258
F000622,0.0,0.35527638190954774,0.15277777777777773,0.33678765702728164
F000623,0.0,0.35527638190954774,0.5833333333333334,0.6009252125773316
F000624,0.052101231861607145,0.7761306532663317,0.6944444444444444,0.6735753140545634
F000625,0.0,0.35527638190954774,0.36111111111111105,0.5357583756107197
F000626,0.0,0.35527638190954774,0.2361111111111111,0.24056261216234412
F000627,0.5334936490538904,0.9896984924623116,0.875,0.4330127018922193
F000628,0.0,0.35527638190954774,0.16666666666666669,0.3333333333333333
F000629,0.0,0.35527638190954774,0.4444444444444444,0.1924500897298753
F000630,0.0,0.35527638190954774,0.5833333333333334,1.0408329997330665
F000631,0.0,0.35527638190954774,0.2222222222222222,0.769800358919501
F000632,0.0,0.35527638190954774,0.5277777777777778,0.41943524640393054
F000633,0.0,0.35527638190954774,0.13888888888888884,0.2545875386086578
F000634,0.0,0.35527638190954774,0.3472222222222222,0.048112522432468836
F000635,0.0,0.35527638190954774,0.33333333333333337,0.5773502691896258
F000636,0.0,0.35527638190954774,0.29166666666666663,0.5204164998665332
F000637,0.16666666666666663,0.8492462311557789,0.6666666666666666,0.33333333333333337
F000638,0.0,0.35527638190954774,0.16666666666666669,0.5773502691896258
F000639,0.0,0.35527638190954774,0.6666666666666666,0.6666666666666667
F000640,0.14857832784080438,0.8226130653266331,0.7361111111111112,0.6472877887628358
F000641,0.0,0.35527638190954774,0.4444444444444444,0.1924500897298753
F000642,0.0,0.35527638190954774,0.1111111111111111,0.3849001794597505
F000643,0.4730936953723087,0.9796482412060301,0.7916666666666667,0.22047927592204927
F000644,0.0,0.35527638190954774,0.5277777777777778,0.41943524640393054
F000645,0.0,0.35527638190954774,0.3888888888888889,0.19245008972987526
F000646,0.0,0.35527638190954774,0.29166666666666663,0.5204164998665332
F000647,0.0,0.35527638190954774,0.4583333333333333,0.3632415786283894
F000648,0.25,0.8997487437185929,0.75,0.5
F000649,0.0,0.35527638190954774,0.3611111111111111,0.7515416254704823
F000650,0.0669872981077807,0.7886934673366834,0.75,0.8660254037844386
F000651,0.0,0.35527638190954774,0.26388888888888884,0.7087417123429485
F000652,0.0,0.35527638190954774,0.6666666666666666,0.6666666666666667
F000653,0.0,0.35527638190954774,0.3611111111111111,0.7515416254704823
F000654,0.0,0.35527638190954774,0.3055555555555556,0.3469443332443555
F000655,0.0,0.35527638190954774,0.33333333333333337,1.1547005383792517
F000656,0.0,0.35527638190954774,0.3055555555555556,0.6735753140545634
F000657,0.0,0.35527638190954774,0.6805555555555556,0.8988160937424132
F000658,0.0,0.35527638190954774,0.5833333333333333,0.44095855184409843
F000659,0.0483797153000638,0.7670854271356784,0.6805555555555556,0.6254627916220946
F000660,0.0,0.35527638190954774,0.5277777777777778,0.6309898162000304
F000661,0.0,0.35527638190954774,0.375,0.7949493345141214
F000662,0.0,0.35527638190954774,0.3055555555555556,0.6735753140545634
F000663,0.0,0.35527638190954774,0.26388888888888884,0.7087417123429485
F000664,0.0,0.35527638190954774,0.4166666666666667,0.2886751345948129
F000665,0.0,0.35527638190954774,0.2777777777777778,0.6938886664887108
F000666,0.0,0.35527638190954774,0.6388888888888888,0.8552669065744807
F000667,0.0,0.35527638190954774,0.3472222222222222,0.048112522432468836
F000668,0.0,0.35527638190954774,0.41666666666666663,0.4409585518440984
F000669,0.0,0.35527638190954774,0.1111111111111111,0.3849001794597505
F000670,0.0,0.35527638190954774,0.33333333333333337,0.5773502691896258
F000671,0.0,0.35527638190954774,0.3055555555555556,0.6735753140545634
F000672,0.0,0.35527638190954774,0.19444444444444442,0.3469443332443554
F000673,0.0,0.35527638190954774,0.29166666666666663,1.0103629710818451
F000674,0.0,0.35527638190954774,0.2222222222222222,0.5091750772173156
F000675,0.0,0.35527638190954774,0.2777777777777778,0.3849001794597505
F000676,0.0483797153000638,0.7670854271356784,0.6805555555555556,0.6254627916220946
F000677,0.0,0.35527638190954774,0.3611111111111111,0.2545875386086578
F000678,0.18985690583578663,0.8753768844221106,0.7222222222222222,0.5091750772173156
F000679,0.014886066246173488,0.7268844221105528,0.5555555555555556,0.1924500897298752
F000680,0.0,0.35527638190954774,0.4305555555555555,0.47385339192311066
F000681,0.0,0.35527638190954774,0.6805555555555556,0.8988160937424132
F000682,0.17322570474349053,0.8650753768844222,0.6805555555555556,0.37577081273524116
F000683,0.0483797153000638,0.7670854271356784,0.6805555555555556,0.6254627916220946
F000684,0.15048400847344884,0.8311557788944723,0.6388888888888888,0.2545875386086578
F000685,0.0,0.35527638190954774,0.33333333333333337,0.881917103688197
F000686,0.0,0.35527638190954774,0.4305555555555555,0.47385339192311066
F000687,0.044658198738520394,0.7555276381909548,0.6666666666666666,0.5773502691896258
F000688,0.009898589972417882,0.7160804020100503,0.6388888888888888,0.5357583756107198
F000689,0.0,0.35527638190954774,0.33333333333333337,0.5773502691896258
F000690,0.0,0.35527638190954774,0.16666666666666669,0.3333333333333333
F000691,0.05968702202485132,0.7846733668341709,0.6805555555555556,0.6028481781725197
F000692,0.0,0.35527638190954774,0.36111111111111105,0.5357583756107197
F000693,0.0,0.35527638190954774,0.5833333333333333,0.4409585518440985
F000694,0.044658198738520394,0.7555276381909548,0.6666666666666666,0.5773502691896258
F000695,0.0,0.35527638190954774,0.33333333333333326,0.6666666666666666
F000696,0.0,0.35527638190954774,0.19444444444444442,0.3469443332443554
F000697,0.0,0.35527638190954774,0.1111111111111111,0.3849001794597505
F000698,0.0483797153000638,0.7670854271356784,0.6805555555555556,0.6254627916220946
F000699,0.0,0.35527638190954774,0.4722222222222222,0.4811252243246882
F000700,0.0,0.35527638190954774,0.3611111111111111,0.2545875386086578
F000701,0.16666666666666663,0.8492462311557789,0.6666666666666666,0.33333333333333337
F000702,0.0,0.35527638190954774,0.6111111111111112,0.693888666488711
F000703,0.0,0.35527638190954774,0.3194444444444444,0.8988160937424132
F000704,0.0,0.35527638190954774,0.26388888888888884,0.24056261216234404
F000705,0.0,0.35527638190954774,0.2222222222222222,0.5091750772173156
F000706,0.21541672226671116,0.8881909547738693,0.6944444444444444,0.3469443332443555
F000707,0.009898589972417882,0.7160804020100503,0.6388888888888888,0.5357583756107198
F000708,0.0,0.35527638190954774,0.6666666666666666,0.6666666666666667
F000709,0.0,0.35527638190954774,0.3055555555555556,0.6735753140545634
F000710,0.0,0.35527638190954774,0.4027777777777778,0.17347216662217774
F000711,0.0,0.35527638190954774,0.25,0.5
F000712,0.0,0.35527638190954774,0.3055555555555556,0.6735753140545634
F000713,0.0,0.35527638190954774,0.6666666666666666,0.881917103688197
F000714,0.0,0.35527638190954774,0.4444444444444444,0.1924500897298753
F000715,0.4730936953723087,0.9796482412060301,0.7916666666666667,0.22047927592204927
F000716,0.022329099369260197,0.7371859296482413,0.5833333333333334,0.2886751345948129
F000717,0.0,0.35527638190954774,0.3055555555555556,0.0962250448649376
F000718,0.0,0.35527638190954774,0.3055555555555556,0.3469443332443555
F000719,0.0,0.35527638190954774,0.4722222222222222,0.4194352464039305
F000720,0.0,0.35527638190954774,0.3055555555555556,0.3469443332443555
F000721,0.0,0.35527638190954774,0.33333333333333337,1.1547005383792517
F000722,0.0,0.35527638190954774,0.15277777777777773,0.33678765702728164
F000723,0.0,0.35527638190954774,0.625,0.6614378277661477
F000724,0.32312508340006674,0.9364321608040201,0.7916666666666667,0.5204164998665333
F000725,0.18985690583578663,0.8753768844221106,0.7222222222222222,0.5091750772173156
F000726,0.0,0.35527638190954774,0.625,0.6614378277661477
F000727,0.0,0.35527638190954774,0.20833333333333331,0.5204164998665333
F000728,0.4510034825212683,0.9751256281407035,0.8194444444444444,0.3757708127352412
F000729,0.0,0.35527638190954774,0.5,0.0
F000730,0.5260506159308034,0.9871859296482413,0.8472222222222221,0.33678765702728175
F000731,0.0,0.35527638190954774,0.4027777777777778,0.17347216662217774
F000732,0.0,0.35527638190954774,0.5694444444444444,0.47385339192311066
F000733,0.0,0.35527638190954774,0.3055555555555556,0.6735753140545634
F000734,0.029772132492346948,0.7414572864321608,0.6111111111111112,0.3849001794597506
F000735,0.014886066246173488,0.7268844221105528,0.5555555555555556,0.1924500897298752
F000736,0.0,0.35527638190954774,0.6527777777777778,0.6684005230842202
F000737,0.0,0.35527638190954774,0.5416666666666666,0.36324157862838946
F000738,0.0,0.35527638190954774,0.26388888888888884,0.6472877887628358
F000739,0.0,0.35527638190954774,0.1111111111111111,0.3849001794597505
F000740,0.0,0.35527638190954774,0.2361111111111111,0.24056261216234412
F000741,0.0,0.35527638190954774,0.4722222222222222,0.4194352464039305
F000742,0.0,0.35527638190954774,0.08333333333333331,0.28867513459481287
F000743,0.0,0.35527638190954774,0.375,0.4639803635691685
F000744,0.0,0.35527638190954774,0.3472222222222222,0.6684005230842202
F000745,0.0,0.35527638190954774,0.3472222222222222,0.048112522432468836
F000746,0.0,0.35527638190954774,0.20833333333333331,0.2204792759220492
F000747,0.052101231861607145,0.7761306532663317,0.6944444444444444,0.6735753140545634
F000748,0.0,0.35527638190954774,0.2222222222222222,0.5091750772173156
F000749,0.0,0.35527638190954774,0.2222222222222222,0.5091750772173156
F000750,0.25,0.8997487437185929,0.75,0.5
F000751,0.0,0.35527638190954774,0.4305555555555555,0.5548606765399494
F000752,0.25,0.8997487437185929,0.75,0.5
F000753,0.0,0.35527638190954774,0.2222222222222222,0.769800358919501
F000754,0.0,0.35527638190954774,0.5694444444444444,0.7469072033193752
F000755,0.0,0.35527638190954774,0.1111111111111111,0.3849001794597505
F000756,0.0,0.35527638190954774,0.6111111111111112,0.693888666488711
F000757,0.34077636645642,0.9424623115577889,0.6944444444444444,0.09622504486493767
F000758,0.0,0.35527638190954774,0.3194444444444444,0.37577081273524116
F000759,0.0,0.35527638190954774,0.3194444444444444,0.6028481781725196
F000760,0.0,0.35527638190954774,0.5972222222222222,0.5023094811118091
F000761,0.0,0.35527638190954774,0.36111111111111105,0.5357583756107197
F000762,0.25,0.8997487437185929,0.75,0.5
F000763,0.0,0.35527638190954774,0.29166666666666663,0.5204164998665332
F000764,0.0,0.35527638190954774,0.3055555555555556,0.6735753140545634
F000765,0.0,0.35527638190954774,0.26388888888888884,0.4110735718596873
F000766,0.0,0.35527638190954774,0.29166666666666663,0.22047927592204924
F000767,0.0,0.35527638190954774,0.3472222222222222,0.6684005230842202
F000768,0.0,0.35527638190954774,0.2777777777777778,0.6938886664887108
F000769,0.0,0.35527638190954774,0.375,0.5464532103585
F000770,0.0,0.35527638190954774,0.375,0.5464532103585
F000771,0.0,0.35527638190954774,0.4444444444444444,0.769800358919501
F000772,0.014886066246173488,0.7268844221105528,0.5555555555555556,0.1924500897298752
F000773,0.1564584167334001,0.8407035175879397,0.7083333333333334,0.5204164998665332
F000774,0.12599717735728458,0.8105527638190955,0.611111111111111,0.1924500897298752
F000775,0.0,0.35527638190954774,0.2777777777777778,0.6938886664887108
F000776,0.0,0.35527638190954774,0.3055555555555556,0.3469443332443555
F000777,0.15048400847344884,0.8311557788944723,0.6388888888888888,0.2545875386086578
F000778,0.28149929433932114,0.9125628140703518,0.6527777777777778,0.04811252243246877
F000779,0.0,0.35527638190954774,0.2361111111111111,0.4110735718596873
F000780,0.16666666666666663,0.8492462311557789,0.6666666666666666,0.33333333333333337
F000781,0.0,0.35527638190954774,0.29166666666666663,0.5204164998665332
F000782,0.5334936490538904,0.9896984924623116,0.875,0.4330127018922193
F000783,0.30642702870564203,0.9263819095477387,0.7083333333333334,0.22047927592204927
F000784,0.0,0.35527638190954774,0.1111111111111111,0.3849001794597505
F000785,0.0,0.35527638190954774,0.3055555555555556,0.3469443332443555
F000786,0.0,0.35527638190954774,0.4722222222222222,0.4194352464039305
F000787,0.0,0.35527638190954774,0.4583333333333333,0.3632415786283894
F000788,0.0,0.35527638190954774,0.2222222222222222,0.5091750772173156
F000789,0.0,0.35527638190954774,0.25,0.5
F000790,0.0,0.35527638190954774,0.6111111111111112,0.693888666488711
F000791,0.49999999999999994,0.9844221105527639,0.8333333333333333,0.33333333333333337
F000792,0.0,0.35527638190954774,0.33333333333333337,0.5773502691896258
F000793,0.0,0.35527638190954774,0.33333333333333326,0.6666666666666666
F000794,0.25,0.8997487437185929,0.75,0.5
F000795,0.0,0.35527638190954774,0.25,0.5
F000796,0.5334936490538904,0.9896984924623116,0.875,0.4330127018922193
F000797,0.4730936953723087,0.9796482412060301,0.7916666666666667,0.22047927592204927
F000798,0.0,0.35527638190954774,0.33333333333333337,0.33333333333333337
F000799,0.0,0.35527638190954774,0.3194444444444444,0.6028481781725196
F000800,0.1564584167334001,0.8407035175879397,0.7083333333333334,0.5204164998665332
F000801,0.044658198738520394,0.7555276381909548,0.6666666666666666,0.5773502691896258
F000802,0.0,0.35527638190954774,0.29166666666666663,0.22047927592204927
F000803,0.0,0.35527638190954774,0.625,0.5464532103585001
F000804,0.3779915320718537,0.9613065326633166,0.8333333333333333,0.5773502691896258
F000805,0.0,0.35527638190954774,0.33333333333333337,0.5773502691896258
F000806,0.0,0.35527638190954774,0.33333333333333337,0.881917103688197
F000807,0.0,0.35527638190954774,0.40277777777777773,0.5023094811118091
F000808,0.0,0.35527638190954774,0.3611111111111111,0.2545875386086578
F000809,0.0,0.35527638190954774,0.3888888888888889,0.693888666488711
F000810,0.0,0.35527638190954774,0.041666666666666685,0.14433756729740646
F000811,0.0,0.35527638190954774,0.36111111111111105,0.6735753140545635
F000812,0.0,0.35527638190954774,0.4444444444444444,0.1924500897298753
F000813,0.30642702870564203,0.9263819095477387,0.7083333333333334,0.22047927592204927
F000814,0.0,0.35527638190954774,0.055555555555555525,0.1924500897298752
F000815,0.0,0.35527638190954774,0.2777777777777778,0.6938886664887108
F000816,0.1371617270419147,0.8153266331658291,0.6527777777777778,0.33678765702728175
F000817,0.1564584167334001,0.8407035175879397,0.7083333333333334,0.5204164998665332
F000818,0.0,0.35527638190954774,0.26388888888888884,0.24056261216234404
F000819,0.14857832784080438,0.8226130653266331,0.7361111111111112,0.6472877887628358
F000820,0.3009680169468978,0.9190954773869346,0.7777777777777778,0.5091750772173156
F000821,0.0,0.35527638190954774,0.33333333333333326,0.6666666666666666
F000822,0.0,0.35527638190954774,0.4444444444444444,0.1924500897298753
F000823,0.0,0.35527638190954774,0.33333333333333337,1.1547005383792517
F000824,0.0,0.35527638190954774,0.2777777777777778,0.5091750772173156
F000825,0.0,0.35527638190954774,0.6666666666666666,1.1547005383792517
F000826,0.10770836113335558,0.800502512562814,0.5972222222222222,0.17347216662217768
F000827,0.0,0.35527638190954774,0.25,0.5
F000828,0.05968702202485132,0.7846733668341709,0.6805555555555556,0.6028481781725197
F000829,0.0,0.35527638190954774,0.6944444444444444,0.7876359377087682
F000830,0.0,0.35527638190954774,0.20833333333333331,0.5204164998665333
F000831,0.0,0.35527638190954774,0.36111111111111105,0.5357583756107197
F000832,0.0,0.35527638190954774,0.33333333333333337,0.5773502691896258
F000833,0.0,0.35527638190954774,0.4027777777777778,0.17347216662217774
F000834,0.0,0.35527638190954774,0.3194444444444444,0.6028481781725196
F000835,0.0,0.35527638190954774,0.36111111111111105,0.6735753140545635
F000836,0.0483797153000638,0.7670854271356784,0.6805555555555556,0.6254627916220946
F000837,0.0,0.35527638190954774,0.3055555555555556,0.0962250448649376
F000838,0.1564584167334001,0.8407035175879397,0.7083333333333334,0.5204164998665332
F000839,0.0,0.35527638190954774,0.3194444444444444,0.37577081273524116
F000840,0.0,0.35527638190954774,0.6111111111111112,0.693888666488711
F000841,0.0,0.35527638190954774,0.3194444444444444,0.37577081273524116
F000842,0.0,0.35527638190954774,0.2222222222222222,0.769800358919501
F000843,0.0,0.35527638190954774,0.16666666666666669,0.5773502691896258
F000844,0.0,0.35527638190954774,0.20833333333333331,0.2204792759220492
F000845,0.0483797153000638,0.7670854271356784,0.6805555555555556,0.6254627916220946
F000846,0.14857832784080438,0.8226130653266331,0.7361111111111112,0.6472877887628358
F000847,0.0,0.35527638190954774,0.18055555555555552,0.3757708127352412
F000848,0.0,0.35527638190954774,0.3888888888888889,0.19245008972987526
F000849,0.0,0.35527638190954774,0.375,0.6614378277661477
F000850,0.0,0.35527638190954774,0.26388888888888884,0.7087417123429485
F000851,0.0,0.35527638190954774,0.3055555555555556,0.3469443332443555
F000852,0.0,0.35527638190954774,0.3194444444444444,0.37577081273524116
F000853,0.0,0.35527638190954774,0.4444444444444444,0.1924500897298753
F000854,0.0,0.35527638190954774,0.41666666666666663,0.4409585518440984
F000855,0.0,0.35527638190954774,0.5416666666666666,0.36324157862838946
F000856,0.0,0.35527638190954774,0.5138888888888888,0.8673608331108886
F000857,0.5260506159308034,0.9871859296482413,0.8472222222222221,0.33678765702728175
F000858,0.14857832784080438,0.8226130653266331,0.7361111111111112,0.6472877887628358
F000859,0.052101231861607145,0.7761306532663317,0.6944444444444444,0.6735753140545634
F000860,0.0,0.35527638190954774,0.4444444444444444,0.1924500897298753
F000861,0.0,0.35527638190954774,0.5833333333333334,0.7637626158259734
F000862,0.0,0.35527638190954774,0.3055555555555556,0.0962250448649376
F000863,0.0,0.35527638190954774,0.2222222222222222,0.769800358919501
F000864,0.0,0.35527638190954774,0.26388888888888884,0.24056261216234404
F000865,0.009898589972417882,0.7160804020100503,0.6388888888888888,0.5357583756107198
F000866,0.0,0.35527638190954774,0.625,0.5464532103585001
F000867,0.0,0.35527638190954774,0.2361111111111111,0.4110735718596873
F000868,0.0,0.35527638190954774,0.29166666666666663,0.5204164998665332
F000869,0.0,0.35527638190954774,0.29166666666666663,0.5204164998665332
F000870,0.18985690583578663,0.8753768844221106,0.7222222222222222,0.5091750772173156
F000871,0.0,0.35527638190954774,0.3194444444444444,0.37577081273524116
F000872,0.0,0.35527638190954774,0.1111111111111111,0.3849001794597505
F000873,0.0,0.35527638190954774,0.36111111111111116,0.8552669065744807
F000874,0.052101231861607145,0.7761306532663317,0.6944444444444444,0.6735753140545634
F000875,0.0,0.35527638190954774,0.29166666666666663,0.5204164998665332
F000876,0.044658198738520394,0.7555276381909548,0.6666666666666666,0.5773502691896258
F000877,0.0,0.35527638190954774,0.26388888888888884,0.4110735718596873
F000878,0.0,0.35527638190954774,0.20833333333333331,0.2204792759220492
F000879,0.0,0.35527638190954774,0.2222222222222222,0.5091750772173156
F000880,0.0,0.35527638190954774,0.33333333333333337,0.5773502691896258
F000881,0.0,0.35527638190954774,0.1111111111111111,0.3849001794597505
F000882,0.14857832784080438,0.8226130653266331,0.7361111111111112,0.6472877887628358
F000883,0.0,0.35527638190954774,0.6666666666666666,0.6666666666666667
F000884,0.0,0.35527638190954774,0.3055555555555556,0.6735753140545634
F000885,0.0,0.35527638190954774,0.33333333333333337,0.5773502691896258
F000886,0.0,0.35527638190954774,0.19444444444444442,0.3469443332443554
F000887,0.0,0.35527638190954774,0.19444444444444442,0.3469443332443554
F000888,0.4730936953723087,0.9796482412060301,0.7916666666666667,0.22047927592204927
F000889,0.0,0.35527638190954774,0.625,0.6614378277661477
F000890,0.052101231861607145,0.7761306532663317,0.6944444444444444,0.6735753140545634
F000891,0.0,0.35527638190954774,0.3611111111111111,0.2545875386086578
F000892,0.14857832784080438,0.8226130653266331,0.7361111111111112,0.6472877887628358
F000893,0.044658198738520394,0.7555276381909548,0.6666666666666666,0.5773502691896258
F000894,0.0,0.35527638190954774,0.3472222222222222,0.33678765702728175
F000895,0.0,0.35527638190954774,0.3194444444444444,0.8988160937424132
F000896,0.10770836113335558,0.800502512562814,0.5972222222222222,0.17347216662217768
F000897,0.0,0.35527638190954774,0.375,0.4330127018922193
F000898,0.029772132492346948,0.7414572864321608,0.6111111111111112,0.3849001794597506
F000899,0.0,0.35527638190954774,0.26388888888888884,0.24056261216234404
F000900,0.0,0.35527638190954774,0.33333333333333337,0.33333333333333337
F000901,0.4510034825212683,0.9751256281407035,0.8194444444444444,0.3757708127352412
F000902,0.0,0.35527638190954774,0.25,0.5
F000903,0.0,0.35527638190954774,0.25,0.8660254037844386
F000904,0.0,0.35527638190954774,0.19444444444444442,0.3469443332443554
F000905,0.22248941508981723,0.892964824120603,0.7916666666666667,0.7216878364870323
F000906,0.0,0.35527638190954774,0.29166666666666663,0.5204164998665332
F000907,0.0,0.35527638190954774,0.3055555555555556,0.0962250448649376
F000908,0.0,0.35527638190954774,0.055555555555555525,0.1924500897298752
F000909,0.18985690583578663,0.8753768844221106,0.7222222222222222,0.5091750772173156
F000910,0.2666854362923786,0.9085427135678392,0.7361111111111112,0.4110735718596873
F000911,0.0,0.35527638190954774,0.4583333333333333,0.3632415786283894
F000912,0.0,0.35527638190954774,0.4861111111111111,0.2926570486903539
F000913,0.0,0.35527638190954774,0.625,0.5464532103585001
F000914,0.0,0.35527638190954774,0.6527777777777778,0.9292071490932073
F000915,0.17065537609580494,0.857286432160804,0.7777777777777777,0.769800358919501
F000916,0.0,0.35527638190954774,0.26388888888888884,0.24056261216234404
F000917,0.10770836113335558,0.800502512562814,0.5972222222222222,0.17347216662217768
F000918,0.0,0.35527638190954774,0.18055555555555552,0.3757708127352412
F000919,0.0,0.35527638190954774,0.40277777777777773,0.5023094811118091
F000920,0.01800981821541575,0.7331658291457287,0.625,0.4639803635691685
F000921,0.0,0.35527638190954774,0.29166666666666663,0.5204164998665332
F000922,0.0,0.35527638190954774,0.3194444444444444,0.37577081273524116
F000923,0.0,0.35527638190954774,0.5,0.3333333333333333
F000924,0.09649223773253268,0.7904522613065327,0.6805555555555556,0.529237746757157
F000925,0.009898589972417882,0.7160804020100503,0.6388888888888888,0.5357583756107198
F000926,0.34077636645642,0.9424623115577889,0.6944444444444444,0.09622504486493767
F000927,0.32312508340006674,0.9364321608040201,0.7916666666666667,0.5204164998665333
F000928,0.0,0.35527638190954774,0.4027777777777778,0.17347216662217774
F000929,0.0,0.35527638190954774,0.25,0.16666666666666669
F000930,0.0,0.35527638190954774,0.33333333333333337,1.1547005383792517
F000931,0.49999999999999994,0.9844221105527639,0.8333333333333333,0.33333333333333337
F000932,0.18985690583578663,0.8753768844221106,0.7222222222222222,0.5091750772173156
F000933,0.0,0.35527638190954774,0.19444444444444442,0.3469443332443554
F000934,0.0,0.35527638190954774,0.33333333333333337,0.33333333333333337
F000935,0.0,0.35527638190954774,0.20833333333333331,0.5204164998665333
F000936,0.052101231861607145,0.7761306532663317,0.6944444444444444,0.6735753140545634
F000937,0.15048400847344884,0.8311557788944723,0.6388888888888888,0.2545875386086578
F000938,0.0,0.35527638190954774,0.40277777777777773,0.5023094811118091
F000939,0.0,0.35527638190954774,0.22222222222222215,0.3849001794597505
F000940,0.011164549684630098,0.7221105527638191,0.5416666666666666,0.14433756729740646
F000941,0.0,0.35527638190954774,0.36111111111111105,0.5357583756107197
F000942,0.0,0.35527638190954774,0.2222222222222222,0.5091750772173156
F000943,0.0,0.35527638190954774,0.2777777777777778,0.5091750772173156
F000944,0.0,0.35527638190954774,0.16666666666666669,0.5773502691896258
F000945,0.0,0.35527638190954774,0.33333333333333326,0.6666666666666666
F000946,0.0,0.35527638190954774,0.4027777777777778,0.8347210667398177
F000947,0.0,0.35527638190954774,0.1111111111111111,0.3849001794597505
F000948,0.0,0.35527638190954774,0.2777777777777778,0.5091750772173156
F000949,0.34077636645642,0.9424623115577889,0.6944444444444444,0.09622504486493767
F000950,0.052101231861607145,0.7761306532663317,0.6944444444444444,0.6735753140545634
F000951,0.0,0.35527638190954774,0.2777777777777778,0.5091750772173156
F000952,0.0,0.35527638190954774,0.29166666666666663,0.22047927592204927
F000953,0.32224099184793414,0.9311557788944723,0.7638888888888888,0.4110735718596873
F000954,0.0,0.35527638190954774,0.41666666666666663,0.4409585518440984
F000955,0.17065537609580494,0.857286432160804,0.7777777777777777,0.769800358919501
F000956,0.0,0.35527638190954774,0.36111111111111105,0.5357583756107197
F000957,0.0,0.35527638190954774,0.6666666666666666,0.6666666666666667
F000958,0.0,0.35527638190954774,0.2361111111111111,0.4110735718596873
F000959,0.0,0.35527638190954774,0.5138888888888888,0.5548606765399495
F000960,0.0,0.35527638190954774,0.1111111111111111,0.3849001794597505
F000961,0.0,0.35527638190954774,0.625,0.5464532103585001
F000962,0.0,0.35527638190954774,0.5,0.3333333333333333
F000963,0.0,0.35527638190954774,0.16666666666666669,0.3333333333333333
F000964,0.0,0.35527638190954774,0.3194444444444444,0.6028481781725196
F000965,0.0,0.35527638190954774,0.3194444444444444,0.6028481781725196
F000966,0.0,0.35527638190954774,0.3055555555555556,0.3469443332443555
F000967,0.0,0.35527638190954774,0.3055555555555556,0.3469443332443555
F000968,0.0,0.35527638190954774,0.3055555555555556,0.3469443332443555
F000969,0.3009680169468978,0.9190954773869346,0.7777777777777778,0.5091750772173156
F000970,0.0,0.35527638190954774,0.2777777777777778,0.5091750772173156
F000971,0.0,0.35527638190954774,0.33333333333333337,0.33333333333333337
F000972,0.044658198738520394,0.7555276381909548,0.6666666666666666,0.5773502691896258
F000973,0.0,0.35527638190954774,0.33333333333333326,0.6666666666666666
F000974,0.0,0.35527638190954774,0.375,0.6614378277661477
F000975,0.36310546582568015,0.9542713567839196,0.7777777777777777,0.3849001794597506
F000976,0.18985690583578663,0.8753768844221106,0.7222222222222222,0.5091750772173156
F000977,0.0,0.35527638190954774,0.3611111111111111,0.2545875386086578
F000978,0.12599717735728458,0.8105527638190955,0.611111111111111,0.1924500897298752
F000979,0.0,0.35527638190954774,0.3194444444444444,0.529237746757157
F000980,0.0,0.35527638190954774,0.3888888888888889,0.3849001794597506
F000981,0.0483797153000638,0.7670854271356784,0.6805555555555556,0.6254627916220946
F000982,0.0,0.35527638190954774,0.4166666666666667,0.726483157256779
F000983,0.18985690583578663,0.8753768844221106,0.7222222222222222,0.5091750772173156
F000984,0.029772132492346948,0.7414572864321608,0.6111111111111112,0.3849001794597506
F000985,0.3009680169468978,0.9190954773869346,0.7777777777777778,0.5091750772173156
F000986,0.18985690583578663,0.8753768844221106,0.7222222222222222,0.5091750772173156
F000987,0.044658198738520394,0.7555276381909548,0.6666666666666666,0.5773502691896258
F000988,0.15048400847344884,0.8311557788944723,0.6388888888888888,0.2545875386086578
F000989,0.0,0.35527638190954774,0.3194444444444444,0.8988160937424132
F000990,0.21541672226671116,0.8881909547738693,0.6944444444444444,0.3469443332443555
F000991,0.0,0.35527638190954774,0.3055555555555556,0.0962250448649376
F000992,0.22248941508981723,0.892964824120603,0.7916666666666667,0.7216878364870323
F000993,0.17065537609580494,0.857286432160804,0.7777777777777777,0.769800358919501
F000994,0.0,0.35527638190954774,0.3611111111111111,0.2545875386086578
F000995,0.0,0.35527638190954774,0.375,0.4639803635691685
F000996,0.0,0.35527638190954774,0.13888888888888884,0.2545875386086578
F000997,0.0,0.35527638190954774,0.29166666666666663,0.5204164998665332
F000998,0.0,0.35527638190954774,0.20833333333333331,0.2204792759220492
F000999,0.0,0.35527638190954774,0.5833333333333333,0.4409585518440985
F001000,0.0,0.35527638190954774,0.29166666666666663,0.22047927592204927
F001001,0.0,0.35527638190954774,0.375,0.4639803635691685
F001002,0.0,0.35527638190954774,0.5694444444444444,0.7469072033193752
F001003,0.0,0.35527638190954774,0.5555555555555556,0.5091750772173156
F001004,0.0,0.35527638190954774,0.5555555555555556,0.769800358919501
F001005,0.0,0.35527638190954774,0.5833333333333333,0.4409585518440985
F001006,0.0,0.35527638190954774,0.26388888888888884,0.7087417123429485
F001007,0.044658198738520394,0.7555276381909548,0.6666666666666666,0.5773502691896258
F001008,0.0,0.35527638190954774,0.25,0.16666666666666669
F001009,0.3779915320718537,0.9613065326633166,0.8333333333333333,0.5773502691896258
F001010,0.0,0.35527638190954774,0.4027777777777778,0.17347216662217774
F001011,0.0,0.35527638190954774,0.3055555555555556,0.6735753140545634
F001012,0.0,0.35527638190954774,0.16666666666666669,0.5773502691896258
F001013,0.044658198738520394,0.7555276381909548,0.6666666666666666,0.5773502691896258
F001014,0.0,0.35527638190954774,0.33333333333333337,0.5773502691896258
F001015,0.11785136605074786,0.8060301507537688,0.736111111111111,0.7087417123429486
F001016,0.0,0.35527638190954774,0.20833333333333331,0.5204164998665333
F001017,0.0,0.35527638190954774,0.611111111111111,0.8388704928078611
F001018,0.0,0.35527638190954774,0.3055555555555556,0.3469443332443555
F001019,0.4510034825212683,0.9751256281407035,0.8194444444444444,0.3757708127352412
F001020,0.0,0.35527638190954774,0.2777777777777778,0.3849001794597505
F001021,0.25,0.8997487437185929,0.75,0.5
F001022,0.0,0.35527638190954774,0.20833333333333331,0.2204792759220492
F001023,0.0,0.35527638190954774,0.2777777777777778,0.5091750772173156
F001024,0.21541672226671116,0.8881909547738693,0.6944444444444444,0.3469443332443555
F001025,0.32224099184793414,0.9311557788944723,0.7638888888888888,0.4110735718596873
F001026,0.0,0.35527638190954774,0.3888888888888889,0.19245008972987526
F001027,0.0,0.35527638190954774,0.5972222222222222,0.5023094811118091
F001028,0.0,0.35527638190954774,0.26388888888888884,0.4110735718596873
F001029,0.0,0.35527638190954774,0.2222222222222222,0.769800358919501
F001030,0.0,0.35527638190954774,0.3888888888888889,0.693888666488711
F001031,0.0,0.35527638190954774,0.2777777777777778,0.5091750772173156
F001032,0.0,0.35527638190954774,0.2222222222222222,0.769800358919501
F001033,0.5853276880479024,0.9934673366834171,0.8888888888888888,0.3849001794597506
F001034,0.0,0.35527638190954774,0.375,0.5464532103585
F001035,0.0,0.35527638190954774,0.5694444444444444,0.7469072033193752
F001036,0.0,0.35527638190954774,0.4722222222222222,0.6309898162000305
F001037,0.009898589972417882,0.7160804020100503,0.6388888888888888,0.5357583756107198
F001038,0.0,0.35527638190954774,0.375,0.5464532103585
F001039,0.0,0.35527638190954774,0.36111111111111105,0.5357583756107197
F001040,0.0,0.35527638190954774,0.16666666666666669,0.5773502691896258
F001041,0.0,0.35527638190954774,0.36111111111111105,0.6735753140545635
F001042,0.0,0.35527638190954774,0.41666666666666663,0.6009252125773316
F001043,0.10770836113335558,0.800502512562814,0.5972222222222222,0.17347216662217768
F001044,0.4510034825212683,0.9751256281407035,0.8194444444444444,0.3757708127352412
F001045,0.0,0.35527638190954774,0.3194444444444444,0.37577081273524116
F001046,0.0,0.35527638190954774,0.20833333333333331,0.5204164998665333
F001047,0.0,0.35527638190954774,0.6388888888888888,0.8552669065744807
F001048,0.6703881832282101,0.9954773869346734,0.8472222222222223,0.048112522432468774
F001049,0.0,0.35527638190954774,0.33333333333333337,0.5773502691896258
F001050,0.0,0.35527638190954774,0.4722222222222222,0.4194352464039305
F001051,0.17065537609580494,0.857286432160804,0.7777777777777777,0.769800358919501
F001052,0.3009680169468978,0.9190954773869346,0.7777777777777778,0.5091750772173156
F001053,0.0,0.35527638190954774,0.4861111111111111,0.2926570486903539
F001054,0.0,0.35527638190954774,0.4305555555555555,0.7280745790045088
F001055,0.0,0.35527638190954774,0.2222222222222222,0.769800358919501
F001056,0.5334936490538904,0.9896984924623116,0.875,0.4330127018922193
F001057,0.21541672226671116,0.8881909547738693,0.6944444444444444,0.3469443332443555
F001058,0.3779915320718537,0.9613065326633166,0.8333333333333333,0.5773502691896258
F001059,0.0,0.35527638190954774,0.33333333333333337,0.5773502691896258
F001060,0.014886066246173488,0.7268844221105528,0.5555555555555556,0.1924500897298752
F001061,0.0,0.35527638190954774,0.375,0.4639803635691685
F001062,0.052101231861607145,0.7761306532663317,0.6944444444444444,0.6735753140545634
F001063,0.0,0.35527638190954774,0.20833333333333331,0.5204164998665333
F001064,0.0,0.35527638190954774,0.2777777777777778,0.6938886664887108
F001065,0.0,0.35527638190954774,0.25,0.16666666666666669
F001066,0.05968702202485132,0.7846733668341709,0.6805555555555556,0.6028481781725197
F001067,0.0,0.35527638190954774,0.26388888888888884,0.7087417123429485
F001068,0.0,0.35527638190954774,0.5555555555555556,0.5091750772173156
F001069,0.0,0.35527638190954774,0.16666666666666669,0.5773502691896258
F001070,0.0,0.35527638190954774,0.611111111111111,0.8388704928078611
F001071,0.0,0.35527638190954774,0.2777777777777778,0.6938886664887108
F001072,0.09750011120008895,0.7939698492462312,0.7222222222222222,0.6938886664887111
F001073,0.0,0.35527638190954774,0.15277777777777773,0.33678765702728164
F001074,0.0,0.35527638190954774,0.3888888888888889,0.3849001794597506
F001075,0.0,0.35527638190954774,0.20833333333333331,0.2204792759220492
F001076,0.0,0.35527638190954774,0.3194444444444444,0.37577081273524116
F001077,0.0,0.35527638190954774,0.6388888888888888,0.7515416254704823
F001078,0.0,0.35527638190954774,0.1111111111111111,0.3849001794597505
F001079,0.0,0.35527638190954774,0.5694444444444444,0.7280745790045087
F001080,0.0,0.35527638190954774,0.19444444444444442,0.3469443332443554
F001081,0.01800981821541575,0.7331658291457287,0.625,0.4639803635691685
F001082,0.0,0.35527638190954774,0.3472222222222222,0.6684005230842202
F001083,0.0,0.35527638190954774,0.19444444444444442,0.3469443332443554
F001084,0.0,0.35527638190954774,0.20833333333333331,0.5204164998665333
F001085,0.34077636645642,0.9424623115577889,0.6944444444444444,0.09622504486493767
F001086,0.044658198738520394,0.7555276381909548,0.6666666666666666,0.5773502691896258
F001087,0.0,0.35527638190954774,0.16666666666666669,0.5773502691896258
F001088,0.0,0.35527638190954774,0.20833333333333331,0.2204792759220492
F001089,0.1564584167334001,0.8407035175879397,0.7083333333333334,0.5204164998665332
F001090,0.0,0.35527638190954774,0.5833333333333333,0.44095855184409843
F001091,0.0,0.35527638190954774,0.19444444444444442,0.09622504486493767
F001092,0.0,0.35527638190954774,0.2777777777777778,0.5091750772173156
F001093,0.014886066246173488,0.7268844221105528,0.5555555555555556,0.1924500897298752
F001094,0.30642702870564203,0.9263819095477387,0.7083333333333334,0.22047927592204927
F001095,0.0,0.35527638190954774,0.29166666666666663,0.5204164998665332
F001096,0.0,0.35527638190954774,0.13888888888888884,0.2545875386086578
F001097,0.0,0.35527638190954774,0.5833333333333334,0.726483157256779
F001098,0.0,0.35527638190954774,0.41666666666666663,0.4409585518440984
F001099,0.25,0.8997487437185929,0.75,0.5
F001100,0.0,0.35527638190954774,0.6805555555555556,0.8988160937424132
F001101,0.3779915320718537,0.9613065326633166,0.8333333333333333,0.5773502691896258
F001102,0.0,0.35527638190954774,0.2222222222222222,0.5091750772173156
F001103,0.0,0.35527638190954774,0.2222222222222222,0.5091750772173156
F001104,0.0,0.35527638190954774,0.4027777777777778,0.17347216662217774
F001105,0.0,0.35527638190954774,0.3472222222222222,0.33678765702728175
F001106,0.0,0.35527638190954774,0.2777777777777778,0.6938886664887108
F001107,0.0,0.35527638190954774,0.5833333333333333,0.44095855184409843
F001108,0.0,0.35527638190954774,0.18055555555555552,0.3757708127352412
F001109,0.0,0.35527638190954774,0.33333333333333337,0.5773502691896258
F001110,0.022329099369260197,0.7371859296482413,0.5833333333333334,0.2886751345948129
F001111,0.0,0.35527638190954774,0.16666666666666669,0.3333333333333333
F001112,0.0,0.35527638190954774,0.09722222222222215,0.17347216662217768
F001113,0.0,0.35527638190954774,0.36111111111111116,0.8552669065744807
F001114,0.0,0.35527638190954774,0.3055555555555556,0.7876359377087682
F001115,0.0,0.35527638190954774,0.19444444444444442,0.3469443332443554
F001116,0.0,0.35527638190954774,0.4166666666666667,0.726483157256779
F001117,0.0,0.35527638190954774,0.3055555555555556,0.0962250448649376
F001118,0.15048400847344884,0.8311557788944723,0.6388888888888888,0.2545875386086578
F001119,0.0,0.35527638190954774,0.5833333333333333,0.44095855184409843
F001120,0.0,0.35527638190954774,0.2777777777777778,0.6938886664887108
F001121,0.0,0.35527638190954774,0.625,0.5464532103585001
F001122,0.0,0.35527638190954774,0.2222222222222222,0.769800358919501
F001123,0.0,0.35527638190954774,0.041666666666666685,0.14433756729740646
F001124,0.0,0.35527638190954774,0.2777777777777778,0.5091750772173156
F001125,0.0,0.35527638190954774,0.36111111111111105,0.5357583756107197
F001126,0.14857832784080438,0.8226130653266331,0.7361111111111112,0.6472877887628358
F001127,0.0,0.35527638190954774,0.4722222222222222,0.4194352464039305
F001128,0.32312508340006674,0.9364321608040201,0.7916666666666667,0.5204164998665333
F001129,0.0,0.35527638190954774,0.16666666666666669,0.5773502691896258
F001130,0.0,0.35527638190954774,0.2777777777777778,0.9622504486493764
F001131,0.0,0.35527638190954774,0.2361111111111111,0.4110735718596873
F001132,0.0,0.35527638190954774,0.2222222222222222,0.769800358919501
F001133,0.0,0.35527638190954774,0.3472222222222222,0.33678765702728175
F001134,0.3779915320718537,0.9613065326633166,0.8333333333333333,0.5773502691896258
F001135,0.0,0.35527638190954774,0.4583333333333333,0.14433756729740646
F001136,0.0,0.35527638190954774,0.5138888888888888,0.29265704869035386
F001137,0.0,0.35527638190954774,0.20833333333333331,0.2204792759220492
F001138,0.17065537609580494,0.857286432160804,0.7777777777777777,0.769800358919501
F001139,0.0,0.35527638190954774,0.4166666666666667,0.2886751345948129
F001140,0.0,0.35527638190954774,0.5833333333333334,0.6009252125773316
F001141,0.0,0.35527638190954774,0.5972222222222222,0.5023094811118091
F001142,0.0,0.35527638190954774,0.4722222222222222,0.4194352464039305
F001143,0.0,0.35527638190954774,0.4444444444444444,0.1924500897298753
F001144,0.0,0.35527638190954774,0.16666666666666669,0.3333333333333333
F001145,0.0,0.35527638190954774,0.33333333333333337,0.5773502691896258
F001146,0.21541672226671116,0.8881909547738693,0.6944444444444444,0.3469443332443555
F001147,0.0,0.35527638190954774,0.3194444444444444,0.6028481781725196
F001148,0.022329099369260197,0.7371859296482413,0.5833333333333334,0.2886751345948129
F001149,0.0,0.35527638190954774,0.25,0.16666666666666669
F001150,0.0,0.35527638190954774,0.055555555555555525,0.1924500897298752
F001151,0.0,0.35527638190954774,0.19444444444444442,0.3469443332443554
F001152,0.0,0.35527638190954774,0.3888888888888889,0.693888666488711
F001153,0.0,0.35527638190954774,0.16666666666666669,0.5773502691896258
F001154,0.0,0.35527638190954774,0.3055555555555556,0.6735753140545634
F001155,0.0,0.35527638190954774,0.20833333333333331,0.5204164998665333
F001156,0.0,0.35527638190954774,0.29166666666666663,0.5204164998665332
F001157,0.0,0.35527638190954774,0.25,0.16666666666666669
F001158,0.01800981821541575,0.7331658291457287,0.625,0.4639803635691685
F001159,0.0,0.35527638190954774,0.2777777777777778,0.9622504486493764
F001160,0.1371617270419147,0.8153266331658291,0.6527777777777778,0.33678765702728175
F001161,0.0,0.35527638190954774,0.36111111111111105,0.5357583756107197
F001162,0.0,0.35527638190954774,0.25,0.16666666666666669
F001163,0.0,0.35527638190954774,0.625,0.5464532103585001
F001164,0.0,0.35527638190954774,0.2222222222222222,0.769800358919501
F001165,0.0,0.35527638190954774,0.3611111111111111,0.2545875386086578
F001166,0.0,0.35527638190954774,0.1111111111111111,0.3849001794597505
F001167,0.0,0.35527638190954774,0.26388888888888884,0.24056261216234404
F001168,0.0,0.35527638190954774,0.5555555555555556,0.8388704928078611
F001169,0.0,0.35527638190954774,0.4722222222222222,0.4194352464039305
F001170,0.12599717735728458,0.8105527638190955,0.611111111111111,0.1924500897298752
F001171,0.0,0.35527638190954774,0.16666666666666669,0.5773502691896258
F001172,0.0,0.35527638190954774,0.20833333333333331,0.5204164998665333
F001173,0.0,0.35527638190954774,0.33333333333333337,0.5773502691896258
F001174,0.2519943547145692,0.9057788944723618,0.7222222222222222,0.3849001794597505
F001175,0.01800981821541575,0.7331658291457287,0.625,0.4639803635691685
F001176,0.18985690583578663,0.8753768844221106,0.7222222222222222,0.5091750772173156
F001177,0.0,0.35527638190954774,0.3888888888888889,0.8388704928078611
F001178,0.0,0.35527638190954774,0.6805555555555556,0.8988160937424132
F001179,0.3009680169468978,0.9190954773869346,0.7777777777777778,0.5091750772173156
F001180,0.0,0.35527638190954774,0.5416666666666666,0.36324157862838946
F001181,0.0,0.35527638190954774,0.5833333333333333,0.4409585518440985
F001182,0.0,0.35527638190954774,0.2222222222222222,0.769800358919501
F001183,0.0,0.35527638190954774,0.2222222222222222,0.769800358919501
F001184,0.0,0.35527638190954774,0.3055555555555556,0.3469443332443555
F001185,0.0,0.35527638190954774,0.3888888888888889,0.693888666488711
F001186,0.0,0.35527638190954774,0.6527777777777778,0.6684005230842202
F001187,0.0,0.35527638190954774,0.26388888888888884,0.4110735718596873
F001188,0.0,0.35527638190954774,0.20833333333333331,0.5204164998665333
F001189,0.0,0.35527638190954774,0.4444444444444444,0.5091750772173156
F001190,0.0,0.35527638190954774,0.16666666666666669,0.5773502691896258
F001191,0.0,0.35527638190954774,0.36111111111111105,0.5357583756107197
F001192,0.044658198738520394,0.7555276381909548,0.6666666666666666,0.5773502691896258
F001193,0.0,0.35527638190954774,0.4444444444444444,0.5091750772173156
F001194,0.0,0.35527638190954774,0.2777777777777778,0.5091750772173156
F001195,0.0,0.35527638190954774,0.26388888888888884,0.4110735718596873
F001196,0.0,0.35527638190954774,0.611111111111111,0.8388704928078611
F001197,0.014886066246173488,0.7268844221105528,0.5555555555555556,0.1924500897298752
F001198,0.0,0.35527638190954774,0.3055555555555556,0.6735753140545634
F001199,0.0,0.35527638190954774,0.29166666666666663,1.0103629710818451
F001200,0.0,0.35527638190954774,0.26388888888888884,0.7087417123429485
F001201,0.0,0.35527638190954774,0.3194444444444444,0.37577081273524116
F001202,0.36310546582568015,0.9542713567839196,0.7777777777777777,0.3849001794597506
F001203,0.0,0.35527638190954774,0.3194444444444444,0.6028481781725196
F001204,0.0,0.35527638190954774,0.4166666666666667,0.2886751345948129
F001205,0.0,0.35527638190954774,0.3194444444444444,0.6028481781725196
F001206,0.0,0.35527638190954774,0.625,0.6614378277661477
F001207,0.0,0.35527638190954774,0.41666666666666663,0.4409585518440984
F001208,0.0,0.35527638190954774,0.3472222222222222,0.3367876570272817
F001209,0.0,0.35527638190954774,0.29166666666666663,0.5204164998665332
F001210,0.0,0.35527638190954774,0.33333333333333337,0.881917103688197
F001211,0.0,0.35527638190954774,0.5833333333333334,0.726483157256779
F001212,0.0,0.35527638190954774,0.6805555555555556,0.8988160937424132
F001213,0.0,0.35527638190954774,0.16666666666666669,0.5773502691896258
F001214,0.0,0.35527638190954774,0.2222222222222222,0.769800358919501
F001215,0.0,0.35527638190954774,0.2222222222222222,0.5091750772173156
F001216,0.0,0.35527638190954774,0.3888888888888889,0.693888666488711
F001217,0.0,0.35527638190954774,0.4444444444444444,0.9622504486493764
F001218,0.0,0.35527638190954774,0.26388888888888884,0.7087417123429485
F001219,0.0,0.35527638190954774,0.16666666666666669,0.5773502691896258
F001220,0.0,0.35527638190954774,0.25,0.5
F001221,0.0,0.35527638190954774,0.26388888888888884,0.4110735718596873
F001222,0.4730936953723087,0.9796482412060301,0.7916666666666667,0.22047927592204927
F001223,0.0,0.35527638190954774,0.625,0.5464532103585001
F001224,0.0,0.35527638190954774,0.625,0.5464532103585001
F001225,0.0,0.35527638190954774,0.4861111111111111,0.2926570486903539
F001226,0.0,0.35527638190954774,0.2222222222222222,0.769800358919501
F001227,0.0,0.35527638190954774,0.3194444444444444,0.6254627916220946
F001228,0.0,0.35527638190954774,0.2777777777777778,0.6938886664887108
F001229,0.0,0.35527638190954774,0.33333333333333326,0.6666666666666666
F001230,0.0,0.35527638190954774,0.3194444444444444,0.37577081273524116
F001231,0.0,0.35527638190954774,0.5,0.3333333333333333
F001232,0.0,0.35527638190954774,0.4027777777777778,0.8347210667398177
F001233,0.0,0.35527638190954774,0.13888888888888884,0.2545875386086578
F001234,0.0,0.35527638190954774,0.375,0.6614378277661477
F001235,0.3519409161410501,0.9477386934673366,0.736111111111111,0.24056261216234412
F001236,0.0,0.35527638190954774,0.2777777777777778,0.5091750772173156
F001237,0.1371617270419147,0.8153266331658291,0.6527777777777778,0.33678765702728175
F001238,0.18985690583578663,0.8753768844221106,0.7222222222222222,0.5091750772173156
F001239,0.0,0.35527638190954774,0.26388888888888884,0.7087417123429485
F001240,0.18985690583578663,0.8753768844221106,0.7222222222222222,0.5091750772173156
F001241,0.0,0.35527638190954774,0.4305555555555556,0.7280745790045088
F001242,0.0,0.35527638190954774,0.3055555555555556,0.3469443332443555
F001243,0.3009680169468978,0.9190954773869346,0.7777777777777778,0.5091750772173156
F001244,0.0,0.35527638190954774,0.20833333333333331,0.5204164998665333
F001245,0.21541672226671116,0.8881909547738693,0.6944444444444444,0.3469443332443555
F001246,0.0,0.35527638190954774,0.4583333333333333,0.14433756729740646
F001247,0.0,0.35527638190954774,0.3888888888888889,0.693888666488711
F001248,0.0,0.35527638190954774,0.3611111111111111,0.2545875386086578
F001249,0.0,0.35527638190954774,0.3194444444444444,0.529237746757157
F001250,0.011164549684630098,0.7221105527638191,0.5416666666666666,0.14433756729740646
F001251,0.3779915320718537,0.9613065326633166,0.8333333333333333,0.5773502691896258
F001252,0.0,0.35527638190954774,0.5555555555555556,0.5091750772173156
F001253,0.0,0.35527638190954774,0.5833333333333333,0.44095855184409843
F001254,0.0,0.35527638190954774,0.36111111111111116,0.8552669065744807
F001255,0.0,0.35527638190954774,0.3611111111111111,0.2545875386086578
F001256,0.0,0.35527638190954774,0.5833333333333334,0.726483157256779
F001257,0.0,0.35527638190954774,0.33333333333333337,0.33333333333333337
F001258,0.0,0.35527638190954774,0.2361111111111111,0.4110735718596873
F001259,0.0,0.35527638190954774,0.16666666666666669,0.3333333333333333
F001260,0.0,0.35527638190954774,0.3472222222222222,0.33678765702728175
F001261,0.0,0.35527638190954774,0.055555555555555525,0.1924500897298752
F001262,0.0,0.35527638190954774,0.2777777777777778,0.5091750772173156
F001263,0.0,0.35527638190954774,0.5694444444444444,0.47385339192311066
F001264,0.0,0.35527638190954774,0.4444444444444444,0.1924500897298753
F001265,0.0,0.35527638190954774,0.4861111111111111,0.2926570486903539
F001266,0.0,0.35527638190954774,0.16666666666666669,0.5773502691896258
F001267,0.0,0.35527638190954774,0.5694444444444444,0.5548606765399494
F001268,0.43763894448893326,0.9701005025125629,0.8055555555555556,0.34694433324435553
F001269,0.0,0.35527638190954774,0.19444444444444442,0.3469443332443554
F001270,0.0,0.35527638190954774,0.36111111111111105,0.5357583756107197
F001271,0.1564584167334001,0.8407035175879397,0.7083333333333334,0.5204164998665332
F001272,0.0,0.35527638190954774,0.33333333333333337,0.5773502691896258
F001273,0.0,0.35527638190954774,0.611111111111111,0.8388704928078611
F001274,0.0,0.35527638190954774,0.2777777777777778,0.5091750772173156
F001275,0.0,0.35527638190954774,0.19444444444444442,0.3469443332443554
F001276,0.32224099184793414,0.9311557788944723,0.7638888888888888,0.4110735718596873
F001277,0.0,0.35527638190954774,0.4444444444444444,0.1924500897298753
F001278,0.0,0.35527638190954774,0.3055555555555556,0.3469443332443555
F001279,0.0,0.35527638190954774,0.2222222222222222,0.769800358919501
F001280,0.022329099369260197,0.7371859296482413,0.5833333333333334,0.2886751345948129
F001281,0.0,0.35527638190954774,0.33333333333333337,0.33333333333333337
F001282,0.0,0.35527638190954774,0.6388888888888888,0.7515416254704823
F001283,0.0,0.35527638190954774,0.13888888888888884,0.2545875386086578
F001284,0.0,0.35527638190954774,0.16666666666666669,0.5773502691896258
F001285,0.044658198738520394,0.7555276381909548,0.6666666666666666,0.5773502691896258
F001286,0.0,0.35527638190954774,0.4444444444444444,0.5091750772173156
F001287,0.0,0.35527638190954774,0.3055555555555556,0.3469443332443555
F001288,0.11785136605074786,0.8060301507537688,0.736111111111111,0.7087417123429486
F001289,0.0,0.35527638190954774,0.2361111111111111,0.24056261216234412
F001290,0.0,0.35527638190954774,0.4861111111111111,0.2926570486903539
F001291,0.22248941508981723,0.892964824120603,0.7916666666666667,0.7216878364870323
F001292,0.0,0.35527638190954774,0.375,0.5464532103585
F001293,0.18985690583578663,0.8753768844221106,0.7222222222222222,0.5091750772173156
F001294,0.044658198738520394,0.7555276381909548,0.6666666666666666,0.5773502691896258
F001295,0.0,0.35527638190954774,0.4166666666666667,0.7637626158259734
F001296,0.014886066246173488,0.7268844221105528,0.5555555555555556,0.1924500897298752
F001297,0.0,0.35527638190954774,0.33333333333333337,1.1547005383792517
F001298,0.0,0.35527638190954774,0.25,0.5
F001299,0.0,0.35527638190954774,0.4583333333333333,0.14433756729740646
F001300,0.05968702202485132,0.7846733668341709,0.6805555555555556,0.6028481781725197
F001301,0.0,0.35527638190954774,0.16666666666666669,0.5773502691896258
F001302,0.0,0.35527638190954774,0.08333333333333331,0.28867513459481287
F001303,0.0,0.35527638190954774,0.29166666666666663,0.5204164998665332
F001304,0.13716172704191473,0.8180904522613065,0.6527777777777778,0.3367876570272817
F001305,0.0,0.35527638190954774,0.5833333333333334,0.726483157256779
F001306,0.0,0.35527638190954774,0.25,0.5
F001307,0.0,0.35527638190954774,0.20833333333333331,0.5204164998665333
F001308,0.0,0.35527638190954774,0.4444444444444444,0.5091750772173156
F001309,0.0,0.35527638190954774,0.25,0.16666666666666669
F001310,0.044658198738520394,0.7555276381909548,0.6666666666666666,0.5773502691896258
F001311,0.0,0.35527638190954774,0.5833333333333333,0.44095855184409843
F001312,0.0,0.35527638190954774,0.4722222222222222,0.5853140973807078
F001313,0.43763894448893326,0.9701005025125629,0.8055555555555556,0.34694433324435553
F001314,0.3519409161410501,0.9477386934673366,0.736111111111111,0.24056261216234412
F001315,0.0,0.35527638190954774,0.4305555555555555,0.5548606765399494
F001316,0.7926638440239513,0.9982412060301508,0.9444444444444444,0.1924500897298752
F001317,0.34077636645642,0.9424623115577889,0.6944444444444444,0.09622504486493767
F001318,0.0,0.35527638190954774,0.055555555555555525,0.1924500897298752
F001319,0.0,0.35527638190954774,0.3611111111111111,0.2545875386086578
F001320,0.0,0.35527638190954774,0.25,0.16666666666666669
F001321,0.0483797153000638,0.7670854271356784,0.6805555555555556,0.6254627916220946
F001322,0.0,0.35527638190954774,0.26388888888888884,0.4110735718596873
F001323,0.0,0.35527638190954774,0.20833333333333331,0.5204164998665333
F001324,0.0,0.35527638190954774,0.1111111111111111,0.3849001794597505
F001325,0.09750011120008895,0.7939698492462312,0.7222222222222222,0.6938886664887111
F001326,0.36310546582568015,0.9542713567839196,0.7777777777777777,0.3849001794597506
F001327,0.15048400847344884,0.8311557788944723,0.6388888888888888,0.2545875386086578
F001328,0.0,0.35527638190954774,0.3194444444444444,0.529237746757157
F001329,0.0,0.35527638190954774,0.4722222222222222,0.4194352464039305
F001330,0.3779915320718537,0.9613065326633166,0.8333333333333333,0.5773502691896258
F001331,0.03349364905389035,0.7457286432160805,0.625,0.4330127018922193
F001332,0.0,0.35527638190954774,0.33333333333333337,0.33333333333333337
F001333,0.0,0.35527638190954774,0.1111111111111111,0.3849001794597505
F001334,0.014886066246173488,0.7268844221105528,0.5555555555555556,0.1924500897298752
F001335,0.3779915320718537,0.9613065326633166,0.8333333333333333,0.5773502691896258
F001336,0.0,0.35527638190954774,0.2222222222222222,0.5091750772173156
F001337,0.43763894448893326,0.9701005025125629,0.8055555555555556,0.34694433324435553
F001338,0.2666854362923786,0.9085427135678392,0.7361111111111112,0.4110735718596873
F001339,0.7926638440239513,0.9982412060301508,0.9444444444444444,0.1924500897298752
F001340,0.0,0.35527638190954774,0.5833333333333333,0.44095855184409843
F001341,0.0,0.35527638190954774,0.1111111111111111,0.3849001794597505
F001342,0.16666666666666663,0.8492462311557789,0.6666666666666666,0.33333333333333337
F001343,0.3519409161410501,0.9477386934673366,0.736111111111111,0.24056261216234412
F001344,0.36310546582568015,0.9542713567839196,0.7777777777777777,0.3849001794597506
F001345,0.0,0.35527638190954774,0.2777777777777778,0.5091750772173156
F001346,0.5260506159308034,0.9871859296482413,0.8472222222222221,0.33678765702728175
F001347,0.0,0.35527638190954774,0.2222222222222222,0.769800358919501
F001348,0.03349364905389035,0.7457286432160805,0.625,0.4330127018922193
F001349,0.052101231861607145,0.7761306532663317,0.6944444444444444,0.6735753140545634
F001350,0.052101231861607145,0.7761306532663317,0.6944444444444444,0.6735753140545634
F001351,0.0,0.35527638190954774,0.3888888888888889,0.693888666488711
F001352,0.0,0.35527638190954774,0.40277777777777773,0.5023094811118091
F001353,0.0,0.35527638190954774,0.3611111111111111,0.2545875386086578
F001354,0.0,0.35527638190954774,0.3611111111111111,0.7515416254704824
F001355,0.0,0.35527638190954774,0.2777777777777778,0.5091750772173156
F001356,0.0,0.35527638190954774,0.3472222222222222,0.048112522432468836
F001357,0.0,0.35527638190954774,0.4444444444444444,0.769800358919501
F001358,0.029772132492346948,0.7414572864321608,0.6111111111111112,0.3849001794597506
F001359,0.0,0.35527638190954774,0.2777777777777778,0.5091750772173156
F001360,0.0,0.35527638190954774,0.15277777777777773,0.33678765702728164
F001361,0.09750011120008895,0.7939698492462312,0.7222222222222222,0.6938886664887111
F001362,0.0,0.35527638190954774,0.3194444444444444,0.37577081273524116
F001363,0.044658198738520394,0.7555276381909548,0.6666666666666666,0.5773502691896258
F001364,0.0,0.35527638190954774,0.18055555555555552,0.3757708127352412
F001365,0.0,0.35527638190954774,0.16666666666666669,0.5773502691896258
F001366,0.0,0.35527638190954774,0.25,0.5
F001367,0.0,0.35527638190954774,0.1111111111111111,0.3849001794597505
F001368,0.0,0.35527638190954774,0.2777777777777778,0.5091750772173156
F001369,0.0,0.35527638190954774,0.375,0.4330127018922193
F001370,0.0,0.35527638190954774,0.19444444444444442,0.3469443332443554
F001371,0.0,0.35527638190954774,0.29166666666666663,0.5204164998665332
F001372,0.0,0.35527638190954774,0.3055555555555556,0.0962250448649376
F001373,0.0,0.35527638190954774,0.4861111111111111,0.2926570486903539
F001374,0.0,0.35527638190954774,0.16666666666666669,0.5773502691896258
F001375,0.0,0.35527638190954774,0.25,0.16666666666666669
F001376,0.0,0.35527638190954774,0.36111111111111105,0.5357583756107197
F001377,0.0,0.35527638190954774,0.4027777777777778,0.17347216662217774
F001378,0.0,0.35527638190954774,0.2222222222222222,0.5091750772173156
F001379,0.0,0.35527638190954774,0.16666666666666669,0.5773502691896258
F001380,0.0,0.35527638190954774,0.25,0.16666666666666669
F001381,0.0,0.35527638190954774,0.18055555555555552,0.3757708127352412
F001382,0.0,0.35527638190954774,0.6527777777777778,0.9292071490932072
F001383,0.0,0.35527638190954774,0.15277777777777773,0.33678765702728164
F001384,0.0,0.35527638190954774,0.5138888888888888,0.29265704869035386
F001385,0.0,0.35527638190954774,0.5277777777777778,0.41943524640393054
F001386,0.0,0.35527638190954774,0.375,0.5464532103585
F001387,0.09750011120008895,0.7939698492462312,0.7222222222222222,0.6938886664887111
F001388,0.0,0.35527638190954774,0.125,0.4330127018922193
F001389,0.0,0.35527638190954774,0.3194444444444444,0.6028481781725196
F001390,0.0,0.35527638190954774,0.3611111111111111,0.2545875386086578
F001391,0.0,0.35527638190954774,0.2361111111111111,0.24056261216234412
F001392,0.0,0.35527638190954774,0.2777777777777778,0.5091750772173156
F001393,0.0,0.35527638190954774,0.3194444444444444,0.8988160937424132
F001394,0.0,0.35527638190954774,0.16666666666666669,0.5773502691896258
F001395,0.22248941508981723,0.892964824120603,0.7916666666666667,0.7216878364870323
F001396,0.0,0.35527638190954774,0.6666666666666666,0.881917103688197
F001397,0.0,0.35527638190954774,0.7222222222222222,0.9622504486493764
F001398,0.0,0.35527638190954774,0.4444444444444444,0.1924500897298753
F001399,0.0,0.35527638190954774,0.625,0.5464532103585001
F001400,0.1732257047434905,0.8628140703517588,0.6805555555555556,0.3757708127352412
F001401,0.03349364905389035,0.7457286432160805,0.625,0.4330127018922193
F001402,0.0,0.35527638190954774,0.6666666666666666,0.6666666666666667
F001403,0.21541672226671116,0.8881909547738693,0.6944444444444444,0.3469443332443555
F001404,0.0,0.35527638190954774,0.2777777777777778,0.5091750772173156
F001405,0.0,0.35527638190954774,0.6666666666666666,0.881917103688197
F001406,0.1564584167334001,0.8407035175879397,0.7083333333333334,0.5204164998665332
F001407,0.3519409161410501,0.9477386934673366,0.736111111111111,0.24056261216234412
F001408,0.0,0.35527638190954774,0.4722222222222222,0.4194352464039305
F001409,0.36310546582568015,0.9542713567839196,0.7777777777777777,0.3849001794597506
F001410,0.25,0.8997487437185929,0.75,0.5
F001411,0.0,0.35527638190954774,0.3472222222222222,0.33678765702728175
F001412,0.03349364905389035,0.7457286432160805,0.625,0.4330127018922193
F001413,0.0,0.35527638190954774,0.2777777777777778,0.5091750772173156
F001414,0.3519409161410501,0.9477386934673366,0.736111111111111,0.24056261216234412
F001415,0.0,0.35527638190954774,0.2777777777777778,0.6938886664887108
F001416,0.0,0.35527638190954774,0.5833333333333334,0.6009252125773316
F001417,0.0,0.35527638190954774,0.6111111111111112,0.693888666488711
F001418,0.0,0.35527638190954774,0.19444444444444442,0.3469443332443554
F001419,0.0,0.35527638190954774,0.5277777777777778,0.6309898162000304
F001420,0.0,0.35527638190954774,0.16666666666666669,0.5773502691896258
F001421,0.0,0.35527638190954774,0.3055555555555556,0.3469443332443555
F001422,0.0,0.35527638190954774,0.125,0.4330127018922193
F001423,0.0,0.35527638190954774,0.3055555555555556,0.6735753140545634
F001424,0.0,0.35527638190954774,0.4027777777777778,0.17347216662217774
F001425,0.0,0.35527638190954774,0.25,0.5
F001426,0.4730936953723087,0.9796482412060301,0.7916666666666667,0.22047927592204927
F001427,0.0,0.35527638190954774,0.19444444444444442,0.3469443332443554
F001428,0.0,0.35527638190954774,0.25,0.5
F001429,0.0,0.35527638190954774,0.1111111111111111,0.3849001794597505
F001430,0.0,0.35527638190954774,0.4166666666666667,0.726483157256779
F001431,0.10770836113335558,0.800502512562814,0.5972222222222222,0.17347216662217768
F001432,0.0,0.35527638190954774,0.6666666666666666,0.6666666666666667
F001433,0.18985690583578663,0.8753768844221106,0.7222222222222222,0.5091750772173156
F001434,0.0,0.35527638190954774,0.5833333333333333,0.44095855184409843
F001435,0.0,0.35527638190954774,0.3055555555555556,0.0962250448649376
F001436,0.10770836113335558,0.800502512562814,0.5972222222222222,0.17347216662217768
F001437,0.0,0.35527638190954774,0.625,0.5464532103585001
F001438,0.0,0.35527638190954774,0.7222222222222222,0.9622504486493764
F001439,0.0,0.35527638190954774,0.33333333333333337,0.33333333333333337
F001440,0.3009680169468978,0.9190954773869346,0.7777777777777778,0.5091750772173156
F001441,0.0,0.35527638190954774,0.26388888888888884,0.7087417123429485
F001442,0.0,0.35527638190954774,0.4305555555555555,0.5548606765399494
F001443,0.0,0.35527638190954774,0.16666666666666669,0.5773502691896258
F001444,0.0,0.35527638190954774,0.41666666666666663,0.6009252125773316
F001445,0.0,0.35527638190954774,0.2361111111111111,0.4110735718596873
F001446,0.0,0.35527638190954774,0.36111111111111105,0.5357583756107197
F001447,0.0,0.35527638190954774,0.2777777777777778,0.5091750772173156
F001448,0.0,0.35527638190954774,0.3472222222222222,0.6684005230842202
F001449,0.0,0.35527638190954774,0.25,0.5
F001450,0.052101231861607145,0.7761306532663317,0.6944444444444444,0.6735753140545634
F001451,0.052101231861607145,0.7761306532663317,0.6944444444444444,0.6735753140545634
F001452,0.18985690583578663,0.8753768844221106,0.7222222222222222,0.5091750772173156
F001453,0.0,0.35527638190954774,0.20833333333333331,0.5204164998665333
F001454,0.0,0.35527638190954774,0.19444444444444442,0.3469443332443554
F001455,0.21541672226671116,0.8881909547738693,0.6944444444444444,0.3469443332443555
F001456,0.0,0.35527638190954774,0.33333333333333326,0.6666666666666666
F001457,0.32312508340006674,0.9364321608040201,0.7916666666666667,0.5204164998665333
F001458,0.0,0.35527638190954774,0.7222222222222222,0.9622504486493764
F001459,0.0,0.35527638190954774,0.2777777777777778,0.9622504486493764
F001460,0.0,0.35527638190954774,0.3055555555555556,0.6735753140545634
F001461,0.0,0.35527638190954774,0.4166666666666667,0.7637626158259734
F001462,0.0,0.35527638190954774,0.20833333333333331,0.5204164998665333
F001463,0.0,0.35527638190954774,0.33333333333333326,0.6666666666666666
F001464,0.7926638440239513,0.9982412060301508,0.9444444444444444,0.1924500897298752
F001465,0.0,0.35527638190954774,0.6111111111111112,0.693888666488711
F001466,0.0,0.35527638190954774,0.25,0.5
F001467,0.0,0.35527638190954774,0.3888888888888889,0.3849001794597506
F001468,0.0,0.35527638190954774,0.3472222222222222,0.3367876570272817
F001469,0.044658198738520394,0.7555276381909548,0.6666666666666666,0.5773502691896258
F001470,0.0,0.35527638190954774,0.41666666666666663,0.4409585518440984
F001471,0.0,0.35527638190954774,0.4444444444444445,0.8388704928078611
F001472,0.0,0.35527638190954774,0.25,0.5
F001473,0.0,0.35527638190954774,0.25,0.5
F001474,0.0,0.35527638190954774,0.2222222222222222,0.769800358919501
F001475,0.15048400847344884,0.8311557788944723,0.6388888888888888,0.2545875386086578
F001476,0.014886066246173488,0.7268844221105528,0.5555555555555556,0.1924500897298752
F001477,0.0,0.35527638190954774,0.33333333333333337,0.33333333333333337
F001478,0.3519409161410501,0.9477386934673366,0.736111111111111,0.24056261216234412
F001479,0.0,0.35527638190954774,0.40277777777777773,0.5023094811118091
F001480,0.0,0.35527638190954774,0.26388888888888884,0.7087417123429485
F001481,0.0,0.35527638190954774,0.4583333333333333,0.3632415786283894
F001482,0.09750011120008895,0.7939698492462312,0.7222222222222222,0.6938886664887111
F001483,0.0,0.35527638190954774,0.4027777777777778,0.17347216662217774
F001484,0.044658198738520394,0.7555276381909548,0.6666666666666666,0.5773502691896258
F001485,0.0,0.35527638190954774,0.6666666666666666,0.6666666666666667
F001486,0.01800981821541575,0.7331658291457287,0.625,0.4639803635691685
F001487,0.30642702870564203,0.9263819095477387,0.7083333333333334,0.22047927592204927
F001488,0.0,0.35527638190954774,0.3472222222222222,0.6684005230842202
F001489,0.0,0.35527638190954774,0.13888888888888884,0.2545875386086578
F001490,0.2519943547145692,0.9057788944723618,0.7222222222222222,0.3849001794597505
F001491,0.0,0.35527638190954774,0.4305555555555555,0.7469072033193751
F001492,0.0,0.35527638190954774,0.19444444444444442,0.3469443332443554
F001493,0.0,0.35527638190954774,0.6527777777777778,0.6684005230842202
F001494,0.0,0.35527638190954774,0.19444444444444442,0.3469443332443554
F001495,0.34077636645642,0.9424623115577889,0.6944444444444444,0.09622504486493767
F001496,0.0,0.35527638190954774,0.375,0.5464532103585
F001497,0.0,0.35527638190954774,0.15277777777777773,0.33678765702728164
F001498,0.0,0.35527638190954774,0.2777777777777778,0.5091750772173156
F001499,0.0,0.35527638190954774,0.2222222222222222,0.769800358919501
F001500,0.0669872981077807,0.7886934673366834,0.75,0.8660254037844386
F001501,0.0,0.35527638190954774,0.2222222222222222,0.769800358919501
F001502,0.0,0.35527638190954774,0.2222222222222222,0.769800358919501
F001503,0.0,0.35527638190954774,0.2222222222222222,0.5091750772173156
F001504,0.0,0.35527638190954774,0.5694444444444444,0.5548606765399494
F001505,0.0,0.35527638190954774,0.375,0.5464532103585
F001506,0.0,0.35527638190954774,0.26388888888888884,0.7087417123429485
F001507,0.0,0.35527638190954774,0.2361111111111111,0.4110735718596873
F001508,0.09649223773253268,0.7904522613065327,0.6805555555555556,0.529237746757157
F001509,0.0,0.35527638190954774,0.2777777777777778,0.5091750772173156
F001510,0.0,0.35527638190954774,0.26388888888888884,0.7087417123429485
F001511,0.0,0.35527638190954774,0.41666666666666663,0.6009252125773316
F001512,0.0,0.35527638190954774,0.33333333333333337,0.2886751345948129
F001513,0.0,0.35527638190954774,0.20833333333333331,0.7216878364870323
F001514,0.009898589972417882,0.7160804020100503,0.6388888888888888,0.5357583756107198
F001515,0.0,0.35527638190954774,0.4722222222222222,0.4194352464039305
F001516,0.0,0.35527638190954774,0.3888888888888889,0.693888666488711
F001517,0.0,0.35527638190954774,0.6666666666666666,0.881917103688197
F001518,0.0,0.35527638190954774,0.2222222222222222,0.769800358919501
F001519,0.0,0.35527638190954774,0.20833333333333331,0.2204792759220492
F001520,0.0,0.35527638190954774,0.19444444444444442,0.3469443332443554
F001521,0.0,0.35527638190954774,0.26388888888888884,0.24056261216234404
F001522,0.0,0.35527638190954774,0.2777777777777778,0.5091750772173156
F001523,0.029772132492346948,0.7414572864321608,0.6111111111111112,0.3849001794597506
F001524,0.0,0.35527638190954774,0.19444444444444442,0.3469443332443554
F001525,0.0,0.35527638190954774,0.2777777777777778,0.5091750772173156
F001526,0.0,0.35527638190954774,0.13888888888888884,0.2545875386086578
F001527,0.0,0.35527638190954774,0.4305555555555555,0.47385339192311066
F001528,0.36310546582568015,0.9542713567839196,0.7777777777777777,0.3849001794597506
F001529,0.0,0.35527638190954774,0.13888888888888884,0.2545875386086578
F001530,0.0,0.35527638190954774,0.33333333333333337,0.33333333333333337
F001531,0.0,0.35527638190954774,0.4583333333333333,0.7406828681096325
F001532,0.0,0.35527638190954774,0.375,0.5464532103585
F001533,0.0,0.35527638190954774,0.33333333333333337,0.6666666666666666
F001534,0.0,0.35527638190954774,0.4861111111111111,0.2926570486903539
F001535,0.0,0.35527638190954774,0.3194444444444444,0.37577081273524116
F001536,0.32224099184793414,0.9311557788944723,0.7638888888888888,0.4110735718596873
F001537,0.17065537609580494,0.857286432160804,0.7777777777777777,0.769800358919501
F001538,0.0,0.35527638190954774,0.5,0.3333333333333333
F001539,0.0,0.35527638190954774,0.4305555555555555,0.5548606765399494
F001540,0.0,0.35527638190954774,0.36111111111111105,0.5357583756107197
F001541,0.0,0.35527638190954774,0.5833333333333334,0.726483157256779
F001542,0.0,0.35527638190954774,0.4027777777777778,0.17347216662217774
F001543,0.05968702202485132,0.7846733668341709,0.6805555555555556,0.6028481781725197
F001544,0.0,0.35527638190954774,0.26388888888888884,0.4110735718596873
F001545,0.0,0.35527638190954774,0.29166666666666663,0.5204164998665332
F001546,0.0,0.35527638190954774,0.33333333333333337,0.5773502691896258
F001547,0.0,0.35527638190954774,0.20833333333333331,0.5204164998665333
F001548,0.0,0.35527638190954774,0.3472222222222222,0.9292071490932073
F001549,0.0,0.35527638190954774,0.3194444444444444,0.529237746757157
F001550,0.0,0.35527638190954774,0.5694444444444444,0.5548606765399494
F001551,0.09750011120008895,0.7939698492462312,0.7222222222222222,0.6938886664887111
F001552,0.01800981821541575,0.7331658291457287,0.625,0.4639803635691685
F001553,0.0,0.35527638190954774,0.40277777777777773,0.8179128813519699
F001554,0.17322570474349053,0.8650753768844222,0.6805555555555556,0.37577081273524116
F001555,0.0,0.35527638190954774,0.3888888888888889,0.19245008972987526
F001556,0.0,0.35527638190954774,0.3055555555555556,0.6735753140545634
F001557,0.25,0.8997487437185929,0.75,0.5
F001558,0.052101231861607145,0.7761306532663317,0.6944444444444444,0.6735753140545634
F001559,0.0,0.35527638190954774,0.5,0.3333333333333333
F001560,0.0,0.35527638190954774,0.375,0.4639803635691685
F001561,0.0,0.35527638190954774,0.33333333333333326,0.6666666666666666
F001562,0.0,0.35527638190954774,0.33333333333333337,0.33333333333333337
F001563,0.0,0.35527638190954774,0.25,0.5
F001564,0.0,0.35527638190954774,0.4444444444444444,1.0183501544346312
F001565,0.28149929433932114,0.9125628140703518,0.6527777777777778,0.04811252243246877
F001566,0.41666666666666663,0.9655778894472362,0.75,0.16666666666666674
F001567,0.0,0.35527638190954774,0.20833333333333331,0.5204164998665333
F001568,0.0,0.35527638190954774,0.2222222222222222,0.5091750772173156
F001569,0.0,0.35527638190954774,0.4583333333333333,0.3632415786283894
F001570,0.0,0.35527638190954774,0.25,0.5
F001571,0.0,0.35527638190954774,0.4305555555555555,0.33678765702728175
F001572,0.0,0.35527638190954774,0.3472222222222222,0.048112522432468836
F001573,0.36310546582568015,0.9542713567839196,0.7777777777777777,0.3849001794597506
F001574,0.0,0.35527638190954774,0.6111111111111112,0.693888666488711
F001575,0.0,0.35527638190954774,0.3194444444444444,0.37577081273524116
F001576,0.1732257047434905,0.8628140703517588,0.6805555555555556,0.3757708127352412
F001577,0.0,0.35527638190954774,0.5833333333333334,0.726483157256779
F001578,0.0,0.35527638190954774,0.4305555555555555,0.33678765702728175
F001579,0.0,0.35527638190954774,0.13888888888888884,0.2545875386086578
F001580,0.0,0.35527638190954774,0.33333333333333326,0.6666666666666666
F001581,0.0,0.35527638190954774,0.2777777777777778,0.5091750772173156
F001582,0.0,0.35527638190954774,0.3055555555555556,0.3469443332443555
F001583,0.0,0.35527638190954774,0.15277777777777773,0.33678765702728164
F001584,0.0,0.35527638190954774,0.2222222222222222,0.769800358919501
F001585,0.0,0.35527638190954774,0.5833333333333334,0.726483157256779
F001586,0.0,0.35527638190954774,0.625,0.5464532103585001
F001587,0.0,0.35527638190954774,0.2777777777777778,0.6938886664887108
F001588,0.28149929433932114,0.9125628140703518,0.6527777777777778,0.04811252243246877
F001589,0.0,0.35527638190954774,0.6666666666666666,0.6666666666666667
F001590,0.0,0.35527638190954774,0.625,0.5464532103585001
F001591,0.009898589972417882,0.7160804020100503,0.6388888888888888,0.5357583756107198
F001592,0.0,0.35527638190954774,0.3888888888888889,0.8388704928078611
F001593,0.0,0.35527638190954774,0.5277777777777778,0.5853140973807078
F001594,0.0,0.35527638190954774,0.5555555555555556,0.5091750772173156
F001595,0.0,0.35527638190954774,0.3472222222222222,0.33678765702728175
F001596,0.0,0.35527638190954774,0.4444444444444444,0.769800358919501
F001597,0.0,0.35527638190954774,0.4305555555555555,0.33678765702728175
F001598,0.0,0.35527638190954774,0.33333333333333337,0.5773502691896258
F001599,0.0,0.35527638190954774,0.20833333333333331,0.2204792759220492
F001600,0.0,0.35527638190954774,0.6527777777777778,0.6684005230842202
F001601,0.0,0.35527638190954774,0.3194444444444444,0.37577081273524116
F001602,0.0,0.35527638190954774,0.16666666666666669,0.5773502691896258
F001603,0.0,0.35527638190954774,0.3472222222222222,0.3367876570272817
F001604,0.0,0.35527638190954774,0.5138888888888888,0.5548606765399495
F001605,0.0,0.35527638190954774,0.16666666666666669,0.3333333333333333
F001606,0.12599717735728458,0.8105527638190955,0.611111111111111,0.1924500897298752
F001607,0.1564584167334001,0.8407035175879397,0.7083333333333334,0.5204164998665332
F001608,0.0,0.35527638190954774,0.29166666666666663,0.5204164998665332
F001609,0.022329099369260197,0.7371859296482413,0.5833333333333334,0.2886751345948129
F001610,0.0,0.35527638190954774,0.2777777777777778,0.5091750772173156
F001611,0.0,0.35527638190954774,0.3194444444444444,0.6028481781725196
F001612,0.0,0.35527638190954774,0.29166666666666663,0.22047927592204924
F001613,0.0,0.35527638190954774,0.7222222222222222,0.9622504486493764
F001614,0.0,0.35527638190954774,0.6527777777777778,0.6684005230842202
F001615,0.0,0.35527638190954774,0.25,0.5
F001616,0.0,0.35527638190954774,0.20833333333333331,0.5204164998665333
F001617,0.0,0.35527638190954774,0.7083333333333334,1.0103629710818451
F001618,0.0,0.35527638190954774,0.33333333333333337,0.33333333333333337
F001619,0.14857832784080438,0.8226130653266331,0.7361111111111112,0.6472877887628358
F001620,0.15048400847344884,0.8311557788944723,0.6388888888888888,0.2545875386086578
F001621,0.0,0.35527638190954774,0.7222222222222222,0.9622504486493764
F001622,0.0,0.35527638190954774,0.16666666666666669,0.5773502691896258
F001623,0.0,0.35527638190954774,0.3055555555555556,0.6735753140545634
F001624,0.43763894448893326,0.9701005025125629,0.8055555555555556,0.34694433324435553
F001625,0.0,0.35527638190954774,0.33333333333333337,0.6666666666666666
F001626,0.3009680169468978,0.9190954773869346,0.7777777777777778,0.5091750772173156
F001627,0.17065537609580494,0.857286432160804,0.7777777777777777,0.769800358919501
F001628,0.0,0.35527638190954774,0.19444444444444442,0.3469443332443554
F001629,0.0,0.35527638190954774,0.6111111111111112,0.693888666488711
F001630,0.16666666666666663,0.8492462311557789,0.6666666666666666,0.33333333333333337
F001631,0.0,0.35527638190954774,0.5,0.3333333333333333
F001632,0.0,0.35527638190954774,0.33333333333333326,0.6666666666666666
F001633,0.3009680169468978,0.9190954773869346,0.7777777777777778,0.5091750772173156
F001634,0.0,0.35527638190954774,0.3055555555555556,0.3469443332443555
F001635,0.14857832784080438,0.8226130653266331,0.7361111111111112,0.6472877887628358
F001636,0.0,0.35527638190954774,0.20833333333333331,0.5204164998665333
F001637,0.0,0.35527638190954774,0.6388888888888888,0.7515416254704823
F001638,0.0,0.35527638190954774,0.3194444444444444,0.6254627916220945
F001639,0.0,0.35527638190954774,0.6805555555555556,0.8988160937424132
F001640,0.1564584167334001,0.8407035175879397,0.7083333333333334,0.5204164998665332
F001641,0.0,0.35527638190954774,0.375,0.7949493345141214
F001642,0.0,0.35527638190954774,0.2222222222222222,0.5091750772173156
F001643,0.0,0.35527638190954774,0.33333333333333337,0.881917103688197
F001644,0.0,0.35527638190954774,0.26388888888888884,0.24056261216234404
F001645,0.11785136605074786,0.8060301507537688,0.736111111111111,0.7087417123429486
F001646,0.10770836113335558,0.800502512562814,0.5972222222222222,0.17347216662217768
F001647,0.052101231861607145,0.7761306532663317,0.6944444444444444,0.6735753140545634
F001648,0.0,0.35527638190954774,0.4444444444444444,0.1924500897298753
F001649,0.25,0.8997487437185929,0.75,0.5
F001650,0.0,0.35527638190954774,0.26388888888888884,0.7087417123429485
F001651,0.0,0.35527638190954774,0.3194444444444444,0.37577081273524116
F001652,0.0,0.35527638190954774,0.29166666666666663,0.5204164998665332
F001653,0.0,0.35527638190954774,0.3055555555555556,0.3469443332443555
F001654,0.0,0.35527638190954774,0.25,0.5
F001655,0.0,0.35527638190954774,0.4444444444444444,0.1924500897298753
F001656,0.0,0.35527638190954774,0.20833333333333331,0.5204164998665333
F001657,0.0,0.35527638190954774,0.26388888888888884,0.24056261216234404
F001658,0.34077636645642,0.9424623115577889,0.6944444444444444,0.09622504486493767
F001659,0.43763894448893326,0.9701005025125629,0.8055555555555556,0.34694433324435553
F001660,0.009898589972417882,0.7160804020100503,0.6388888888888888,0.5357583756107198
F001661,0.15048400847344884,0.8311557788944723,0.6388888888888888,0.2545875386086578
F001662,0.5853276880479024,0.9934673366834171,0.8888888888888888,0.3849001794597506
F001663,0.0,0.35527638190954774,0.33333333333333337,0.5773502691896258
F001664,0.12599717735728458,0.8105527638190955,0.611111111111111,0.1924500897298752
F001665,0.13716172704191473,0.8180904522613065,0.6527777777777778,0.3367876570272817
F001666,0.0,0.35527638190954774,0.2222222222222222,0.5091750772173156
F001667,0.0,0.35527638190954774,0.5138888888888888,0.29265704869035386
F001668,0.0,0.35527638190954774,0.625,0.6614378277661477
F001669,0.0,0.35527638190954774,0.41666666666666663,0.4409585518440984
F001670,0.0,0.35527638190954774,0.33333333333333337,0.6666666666666666
F001671,0.0,0.35527638190954774,0.5833333333333334,0.7637626158259734
F001672,0.0,0.35527638190954774,0.33333333333333326,0.6666666666666666
F001673,0.0,0.35527638190954774,0.09722222222222215,0.17347216662217768
F001674,0.0,0.35527638190954774,0.2361111111111111,0.4110735718596873
F001675,0.09750011120008895,0.7939698492462312,0.7222222222222222,0.6938886664887111
F001676,0.0,0.35527638190954774,0.3888888888888889,0.693888666488711
F001677,0.0,0.35527638190954774,0.4027777777777778,0.17347216662217774
F001678,0.22248941508981723,0.892964824120603,0.7916666666666667,0.7216878364870323
F001679,0.0,0.35527638190954774,0.29166666666666663,0.22047927592204927
F001680,0.0,0.35527638190954774,0.16666666666666669,0.3333333333333333
F001681,0.0,0.35527638190954774,0.4583333333333333,0.14433756729740646
F001682,0.0,0.35527638190954774,0.3055555555555556,0.0962250448649376
F001683,0.0,0.35527638190954774,0.41666666666666663,0.4409585518440984
F001684,0.0,0.35527638190954774,0.36111111111111105,0.6735753140545635
F001685,0.0,0.35527638190954774,0.2777777777777778,0.5091750772173156
F001686,0.0,0.35527638190954774,0.4166666666666667,0.2886751345948129
F001687,0.0,0.35527638190954774,0.4305555555555555,0.33678765702728175
F001688,0.0,0.35527638190954774,0.2222222222222222,0.5091750772173156
F001689,0.0,0.35527638190954774,0.2222222222222222,0.5091750772173156
F001690,0.0,0.35527638190954774,0.6666666666666666,0.6666666666666667
F001691,0.0,0.35527638190954774,0.3194444444444444,0.6028481781725196
F001692,0.0,0.35527638190954774,0.5277777777777778,0.6309898162000304
F001693,0.0,0.35527638190954774,0.5694444444444444,0.7469072033193752
F001694,0.0,0.35527638190954774,0.4027777777777778,0.17347216662217774
F001695,0.0,0.35527638190954774,0.22222222222222215,0.3849001794597505
F001696,0.0,0.35527638190954774,0.25,0.5
F001697,0.0,0.35527638190954774,0.15277777777777773,0.33678765702728164
F001698,0.0,0.35527638190954774,0.22222222222222215,0.3849001794597505
F001699,0.16666666666666663,0.8492462311557789,0.6666666666666666,0.33333333333333337
F001700,0.0,0.35527638190954774,0.25,0.5
F001701,0.052101231861607145,0.7761306532663317,0.6944444444444444,0.6735753140545634
F001702,0.0,0.35527638190954774,0.3055555555555556,0.0962250448649376
F001703,0.0,0.35527638190954774,0.5416666666666666,0.36324157862838946
F001704,0.044658198738520394,0.7555276381909548,0.6666666666666666,0.5773502691896258
F001705,0.0,0.35527638190954774,0.36111111111111105,0.5357583756107197
F001706,0.0,0.35527638190954774,0.3055555555555556,0.6735753140545634
F001707,0.25,0.8997487437185929,0.75,0.5
F001708,0.0,0.35527638190954774,0.6111111111111112,0.693888666488711
F001709,0.0,0.35527638190954774,0.4027777777777778,0.17347216662217774
F001710,0.0,0.35527638190954774,0.5277777777777778,0.41943524640393054
F001711,0.0,0.35527638190954774,0.36111111111111105,0.5357583756107197
F001712,0.0,0.35527638190954774,0.5555555555555556,1.0183501544346312
F001713,0.0,0.35527638190954774,0.6666666666666666,0.6666666666666667
F001714,0.0,0.35527638190954774,0.33333333333333337,0.33333333333333337
F001715,0.0,0.35527638190954774,0.36111111111111105,0.5357583756107197
F001716,0.0,0.35527638190954774,0.4027777777777778,0.17347216662217774
F001717,0.0,0.35527638190954774,0.2361111111111111,0.4110735718596873
F001718,0.5629985886786423,0.9914572864321608,0.8055555555555556,0.09622504486493767
F001719,0.0,0.35527638190954774,0.19444444444444442,0.3469443332443554
F001720,0.0,0.35527638190954774,0.36111111111111105,0.5357583756107197
F001721,0.0,0.35527638190954774,0.33333333333333326,0.6666666666666666
F001722,0.0,0.35527638190954774,0.3611111111111111,0.2545875386086578
F001723,0.0,0.35527638190954774,0.25,0.8660254037844386
F001724,0.0,0.35527638190954774,0.5277777777777778,0.4811252243246881
F001725,0.0,0.35527638190954774,0.375,0.5464532103585
F001726,0.009898589972417882,0.7160804020100503,0.6388888888888888,0.5357583756107198
F001727,0.1564584167334001,0.8407035175879397,0.7083333333333334,0.5204164998665332
F001728,0.0,0.35527638190954774,0.19444444444444442,0.3469443332443554
F001729,0.0,0.35527638190954774,0.375,0.4330127018922193
F001730,0.0,0.35527638190954774,0.638888888888889,0.6735753140545635
F001731,0.0,0.35527638190954774,0.3611111111111111,0.2545875386086578
F001732,0.0,0.35527638190954774,0.29166666666666663,0.5204164998665332
F001733,0.0,0.35527638190954774,0.33333333333333337,0.33333333333333337
F001734,0.0,0.35527638190954774,0.6111111111111112,0.693888666488711
F001735,0.0,0.35527638190954774,0.33333333333333337,0.5773502691896258
F001736,0.0,0.35527638190954774,0.5555555555555556,0.5091750772173156
F001737,0.0,0.35527638190954774,0.6666666666666666,0.6666666666666667
F001738,0.16666666666666663,0.8492462311557789,0.6666666666666666,0.33333333333333337
F001739,0.0,0.35527638190954774,0.41666666666666663,0.4409585518440984
F001740,0.0,0.35527638190954774,0.4027777777777778,0.8832285053102581
F001741,0.0,0.35527638190954774,0.4027777777777778,0.17347216662217774
F001742,0.0,0.35527638190954774,0.25,0.5
F001743,0.05968702202485132,0.7846733668341709,0.6805555555555556,0.6028481781725197
F001744,0.0,0.35527638190954774,0.2222222222222222,0.5091750772173156
F001745,0.0,0.35527638190954774,0.3611111111111111,0.2545875386086578
F001746,0.32224099184793414,0.9311557788944723,0.7638888888888888,0.4110735718596873
F001747,0.32312508340006674,0.9364321608040201,0.7916666666666667,0.5204164998665333
F001748,0.0,0.35527638190954774,0.5,0.3333333333333333
F001749,0.0,0.35527638190954774,0.2222222222222222,0.769800358919501
F001750,0.0,0.35527638190954774,0.36111111111111105,0.5357583756107197
F001751,0.0,0.35527638190954774,0.4166666666666667,1.0408329997330665
F001752,0.36310546582568015,0.9542713567839196,0.7777777777777777,0.3849001794597506
F001753,0.12599717735728458,0.8105527638190955,0.611111111111111,0.1924500897298752
F001754,0.0,0.35527638190954774,0.33333333333333326,0.6666666666666666
F001755,0.0,0.35527638190954774,0.3194444444444444,0.37577081273524116
F001756,0.0,0.35527638190954774,0.2222222222222222,0.769800358919501
F001757,0.044658198738520394,0.7555276381909548,0.6666666666666666,0.5773502691896258
F001758,0.0,0.35527638190954774,0.2777777777777778,0.5091750772173156
F001759,0.0,0.35527638190954774,0.3472222222222222,0.048112522432468836
F001760,0.009898589972417882,0.7160804020100503,0.6388888888888888,0.5357583756107198
F001761,0.0,0.35527638190954774,0.3055555555555556,0.0962250448649376
F001762,0.32312508340006674,0.9364321608040201,0.7916666666666667,0.5204164998665333
F001763,0.5853276880479024,0.9934673366834171,0.8888888888888888,0.3849001794597506
F001764,0.0,0.35527638190954774,0.16666666666666669,0.5773502691896258
F001765,0.0,0.35527638190954774,0.16666666666666669,0.3333333333333333
F001766,0.3009680169468978,0.9190954773869346,0.7777777777777778,0.5091750772173156
F001767,0.0,0.35527638190954774,0.2222222222222222,0.5091750772173156
F001768,0.0,0.35527638190954774,0.7222222222222222,0.9622504486493764
F001769,0.0,0.35527638190954774,0.16666666666666669,0.3333333333333333
F001770,0.18985690583578663,0.8753768844221106,0.7222222222222222,0.5091750772173156
F001771,0.0,0.35527638190954774,0.6111111111111112,0.693888666488711
F001772,0.0,0.35527638190954774,0.4166666666666667,0.2886751345948129
F001773,0.0,0.35527638190954774,0.25,0.16666666666666669
F001774,0.0,0.35527638190954774,0.5555555555555556,0.5091750772173156
F001775,0.0,0.35527638190954774,0.29166666666666663,0.22047927592204924
F001776,0.18985690583578663,0.8753768844221106,0.7222222222222222,0.5091750772173156
F001777,1.0,0.999748743718593,1.0,0.0
F001778,0.21541672226671116,0.8881909547738693,0.6944444444444444,0.3469443332443555
F001779,0.0,0.35527638190954774,0.33333333333333337,0.6666666666666666
F001780,0.0,0.35527638190954774,0.5138888888888888,0.29265704869035386
F001781,0.0,0.35527638190954774,0.2777777777777778,0.5091750772173156
F001782,0.0,0.35527638190954774,0.33333333333333326,0.6666666666666666
F001783,0.14857832784080438,0.8226130653266331,0.7361111111111112,0.6472877887628358
F001784,0.0,0.35527638190954774,0.5416666666666666,0.36324157862838946
F001785,0.0,0.35527638190954774,0.4583333333333333,0.3632415786283894
F001786,0.014886066246173488,0.7268844221105528,0.5555555555555556,0.1924500897298752
F001787,0.0,0.35527638190954774,0.20833333333333331,0.2204792759220492
F001788,0.0669872981077807,0.7886934673366834,0.75,0.8660254037844386
F001789,0.49999999999999994,0.9844221105527639,0.8333333333333333,0.33333333333333337
F001790,0.18985690583578663,0.8753768844221106,0.7222222222222222,0.5091750772173156
F001791,0.0,0.35527638190954774,0.41666666666666663,0.4409585518440984
F001792,0.0,0.35527638190954774,0.19444444444444442,0.3469443332443554
F001793,0.0,0.35527638190954774,0.33333333333333326,0.6666666666666666
F001794,0.0,0.35527638190954774,0.1111111111111111,0.3849001794597505
F001795,0.0,0.35527638190954774,0.19444444444444442,0.09622504486493767
F001796,0.03349364905389035,0.7457286432160805,0.625,0.4330127018922193
F001797,0.0,0.35527638190954774,0.3472222222222222,0.048112522432468836
F001798,0.18985690583578663,0.8753768844221106,0.7222222222222222,0.5091750772173156
F001799,0.32312508340006674,0.9364321608040201,0.7916666666666667,0.5204164998665333
F001800,0.0,0.35527638190954774,0.625,0.5464532103585001
F001801,0.0,0.35527638190954774,0.2777777777777778,0.6938886664887108
F001802,0.0,0.35527638190954774,0.1111111111111111,0.3849001794597505
F001803,0.0,0.35527638190954774,0.4027777777777778,0.17347216662217774
F001804,0.0,0.35527638190954774,0.5833333333333334,0.6009252125773316
F001805,0.0,0.35527638190954774,0.3055555555555556,0.6735753140545634
F001806,0.0,0.35527638190954774,0.41666666666666663,0.6009252125773316
F001807,0.10770836113335558,0.800502512562814,0.5972222222222222,0.17347216662217768
F001808,0.0,0.35527638190954774,0.4166666666666667,0.726483157256779
F001809,0.0,0.35527638190954774,0.6805555555555556,0.8988160937424132
F001810,0.0,0.35527638190954774,0.2777777777777778,0.5091750772173156
F001811,0.32224099184793414,0.9311557788944723,0.7638888888888888,0.4110735718596873
F001812,0.0,0.35527638190954774,0.2777777777777778,0.5091750772173156
F001813,0.0,0.35527638190954774,0.33333333333333337,0.881917103688197
F001814,0.09750011120008895,0.7939698492462312,0.7222222222222222,0.6938886664887111
F001815,0.0,0.35527638190954774,0.6527777777777778,0.6684005230842202
F001816,0.0,0.35527638190954774,0.2777777777777778,0.5091750772173156
F001817,0.0,0.35527638190954774,0.3055555555555556,0.3469443332443555
F001818,0.0,0.35527638190954774,0.6944444444444444,0.7876359377087682
F001819,0.0,0.35527638190954774,0.15277777777777773,0.33678765702728164
F001820,0.0,0.35527638190954774,0.4444444444444444,0.1924500897298753
F001821,0.0,0.35527638190954774,0.18055555555555552,0.3757708127352412
F001822,0.0,0.35527638190954774,0.6111111111111112,0.693888666488711
F001823,0.05968702202485132,0.7846733668341709,0.6805555555555556,0.6028481781725197
F001824,0.0,0.35527638190954774,0.29166666666666663,0.22047927592204927
F001825,0.0,0.35527638190954774,0.3472222222222222,0.9292071490932073
F001826,0.0,0.35527638190954774,0.19444444444444442,0.3469443332443554
F001827,0.044658198738520394,0.7555276381909548,0.6666666666666666,0.5773502691896258
F001828,0.0,0.35527638190954774,0.22222222222222215,0.3849001794597505
F001829,0.0,0.35527638190954774,0.3888888888888889,0.8388704928078611
F001830,0.0,0.35527638190954774,0.16666666666666669,0.5773502691896258
F001831,0.0,0.35527638190954774,0.15277777777777773,0.33678765702728164
F001832,0.0,0.35527638190954774,0.3055555555555556,0.6735753140545634
F001833,0.0,0.35527638190954774,0.25,0.5
F001834,0.36310546582568015,0.9542713567839196,0.7777777777777777,0.3849001794597506
F001835,0.0,0.35527638190954774,0.5416666666666666,0.36324157862838946
F001836,0.0,0.35527638190954774,0.5694444444444444,0.33678765702728164
F001837,0.0483797153000638,0.7670854271356784,0.6805555555555556,0.6254627916220946
F001838,0.0,0.35527638190954774,0.5416666666666666,0.36324157862838946
F001839,0.0,0.35527638190954774,0.20833333333333331,0.7216878364870323
F001840,0.0,0.35527638190954774,0.36111111111111105,0.5357583756107197
F001841,0.029772132492346948,0.7414572864321608,0.6111111111111112,0.3849001794597506
F001842,0.2666854362923786,0.9085427135678392,0.7361111111111112,0.4110735718596873
F001843,0.0,0.35527638190954774,0.19444444444444442,0.3469443332443554
F001844,0.0,0.35527638190954774,0.4583333333333333,0.14433756729740646
F001845,0.0,0.35527638190954774,0.4027777777777778,0.17347216662217774
F001846,0.0,0.35527638190954774,0.3194444444444444,0.8988160937424132
F001847,0.10770836113335558,0.800502512562814,0.5972222222222222,0.17347216662217768
F001848,0.0,0.35527638190954774,0.4583333333333333,0.3632415786283894
F001849,0.0,0.35527638190954774,0.2222222222222222,0.5091750772173156
F001850,0.0,0.35527638190954774,0.6666666666666666,0.6666666666666667
F001851,0.25,0.8997487437185929,0.75,0.5
F001852,0.0,0.35527638190954774,0.15277777777777773,0.048112522432468774
F001853,0.0,0.35527638190954774,0.3472222222222222,0.33678765702728175
F001854,0.4510034825212683,0.9751256281407035,0.8194444444444444,0.3757708127352412
F001855,0.0,0.35527638190954774,0.3055555555555556,0.6735753140545634
F001856,0.0,0.35527638190954774,0.2222222222222222,0.5091750772173156
F001857,0.0,0.35527638190954774,0.4444444444444444,0.5091750772173156
F001858,0.0,0.35527638190954774,0.2777777777777778,0.6938886664887108
F001859,0.0,0.35527638190954774,0.41666666666666663,0.6009252125773316
F001860,0.0,0.35527638190954774,0.15277777777777773,0.33678765702728164
F001861,0.09750011120008895,0.7939698492462312,0.7222222222222222,0.6938886664887111
F001862,0.18985690583578663,0.8753768844221106,0.7222222222222222,0.5091750772173156
F001863,0.0,0.35527638190954774,0.2777777777777778,0.6938886664887108
F001864,0.09649223773253268,0.7904522613065327,0.6805555555555556,0.529237746757157
F001865,0.18985690583578663,0.8753768844221106,0.7222222222222222,0.5091750772173156
F001866,0.0,0.35527638190954774,0.2222222222222222,0.769800358919501
F001867,0.0,0.35527638190954774,0.4444444444444444,0.1924500897298753
F001868,0.0,0.35527638190954774,0.4583333333333333,0.3632415786283894
F001869,0.044658198738520394,0.7555276381909548,0.6666666666666666,0.5773502691896258
F001870,0.0,0.35527638190954774,0.2777777777777778,0.6938886664887108
F001871,0.0,0.35527638190954774,0.3611111111111111,0.2545875386086578
F001872,0.25,0.8997487437185929,0.75,0.5
F001873,0.0,0.35527638190954774,0.29166666666666663,0.22047927592204927
F001874,0.0,0.35527638190954774,0.4444444444444444,0.1924500897298753
F001875,0.0,0.35527638190954774,0.6666666666666666,0.881917103688197
F001876,0.0,0.35527638190954774,0.1111111111111111,0.3849001794597505
F001877,0.0,0.35527638190954774,0.6527777777777778,0.6684005230842202
F001878,0.0,0.35527638190954774,0.2777777777777778,0.9622504486493764
F001879,0.0,0.35527638190954774,0.375,0.5464532103585
F001880,0.0,0.35527638190954774,0.41666666666666663,0.4409585518440984
F001881,0.0,0.35527638190954774,0.5833333333333334,0.6009252125773316
F001882,0.18985690583578663,0.8753768844221106,0.7222222222222222,0.5091750772173156
F001883,0.0,0.35527638190954774,0.375,0.5464532103585
F001884,0.0,0.35527638190954774,0.29166666666666663,0.5204164998665332
F001885,0.43763894448893326,0.9701005025125629,0.8055555555555556,0.34694433324435553
F001886,0.0,0.35527638190954774,0.19444444444444442,0.3469443332443554
F001887,0.1564584167334001,0.8407035175879397,0.7083333333333334,0.5204164998665332
F001888,0.0,0.35527638190954774,0.6666666666666666,0.6666666666666667
F001889,0.0,0.35527638190954774,0.25,0.8660254037844386
F001890,0.0,0.35527638190954774,0.4166666666666667,0.2886751345948129
F001891,0.36310546582568015,0.9542713567839196,0.7777777777777777,0.3849001794597506
F001892,0.0,0.35527638190954774,0.19444444444444442,0.3469443332443554
F001893,0.0,0.35527638190954774,0.375,0.4330127018922193
F001894,0.0,0.35527638190954774,0.3055555555555556,0.6735753140545634
F001895,0.0,0.35527638190954774,0.19444444444444442,0.3469443332443554
F001896,0.0,0.35527638190954774,0.33333333333333337,0.33333333333333337
F001897,0.0,0.35527638190954774,0.6944444444444444,0.7876359377087682
F001898,0.16666666666666663,0.8492462311557789,0.6666666666666666,0.33333333333333337
F001899,0.0,0.35527638190954774,0.36111111111111116,0.8552669065744807
F001900,0.0669872981077807,0.7886934673366834,0.75,0.8660254037844386
F001901,0.12599717735728458,0.8105527638190955,0.611111111111111,0.1924500897298752
F001902,0.18985690583578663,0.8753768844221106,0.7222222222222222,0.5091750772173156
F001903,0.0,0.35527638190954774,0.33333333333333337,0.881917103688197
F001904,0.0483797153000638,0.7670854271356784,0.6805555555555556,0.6254627916220946
F001905,0.0,0.35527638190954774,0.625,0.5464532103585001
F001906,0.0,0.35527638190954774,0.625,0.7949493345141214
F001907,0.0,0.35527638190954774,0.3055555555555556,0.6735753140545634
F001908,0.0,0.35527638190954774,0.4305555555555555,0.47385339192311066
F001909,0.0,0.35527638190954774,0.29166666666666663,0.5204164998665332
F001910,0.14857832784080438,0.8226130653266331,0.7361111111111112,0.6472877887628358
F001911,0.0,0.35527638190954774,0.3194444444444444,0.37577081273524116
F001912,0.0,0.35527638190954774,0.2361111111111111,0.4110735718596873
F001913,0.029772132492346948,0.7414572864321608,0.6111111111111112,0.3849001794597506
F001914,0.0,0.35527638190954774,0.4444444444444444,0.1924500897298753
F001915,0.3009680169468978,0.9190954773869346,0.7777777777777778,0.5091750772173156
F001916,0.0,0.35527638190954774,0.2222222222222222,0.5091750772173156
F001917,0.0,0.35527638190954774,0.40277777777777773,0.5023094811118091
F001918,0.0,0.35527638190954774,0.08333333333333331,0.28867513459481287
F001919,0.009898589972417882,0.7160804020100503,0.6388888888888888,0.5357583756107198
F001920,0.0,0.35527638190954774,0.6111111111111112,0.693888666488711
F001921,0.009898589972417882,0.7160804020100503,0.6388888888888888,0.5357583756107198
F001922,0.0,0.35527638190954774,0.3611111111111111,0.2545875386086578
F001923,0.029772132492346948,0.7414572864321608,0.6111111111111112,0.3849001794597506
F001924,0.0,0.35527638190954774,0.20833333333333331,0.2204792759220492
F001925,0.0,0.35527638190954774,0.6666666666666666,0.6666666666666667
F001926,0.25,0.8997487437185929,0.75,0.5
F001927,0.0,0.35527638190954774,0.2222222222222222,0.769800358919501
F001928,0.0,0.35527638190954774,0.4027777777777778,0.17347216662217774
F001929,0.0,0.35527638190954774,0.4861111111111111,0.2926570486903539
F001930,0.0,0.35527638190954774,0.6111111111111112,0.693888666488711
F001931,0.0,0.35527638190954774,0.3888888888888889,0.3849001794597506
F001932,0.0,0.35527638190954774,0.16666666666666669,0.3333333333333333
F001933,0.052101231861607145,0.7761306532663317,0.6944444444444444,0.6735753140545634
F001934,0.0,0.35527638190954774,0.2222222222222222,0.5091750772173156
F001935,0.0,0.35527638190954774,0.16666666666666669,0.5773502691896258
F001936,0.0,0.35527638190954774,0.6388888888888888,0.7515416254704823
F001937,0.0,0.35527638190954774,0.16666666666666669,0.3333333333333333
F001938,0.0,0.35527638190954774,0.6111111111111112,0.693888666488711
F001939,0.0,0.35527638190954774,0.20833333333333331,0.5204164998665333
F001940,0.0,0.35527638190954774,0.3888888888888889,0.693888666488711
F001941,0.0,0.35527638190954774,0.3194444444444444,0.37577081273524116
F001942,0.0,0.35527638190954774,0.41666666666666663,0.4409585518440984
F001943,0.0,0.35527638190954774,0.5833333333333333,0.4409585518440985
F001944,0.0,0.35527638190954774,0.22222222222222215,0.3849001794597505
F001945,0.0,0.35527638190954774,0.625,0.5464532103585001
F001946,0.0,0.35527638190954774,0.36111111111111116,0.8552669065744807
F001947,0.18985690583578663,0.8753768844221106,0.7222222222222222,0.5091750772173156
F001948,0.0,0.35527638190954774,0.3472222222222222,0.048112522432468836
F001949,0.0,0.35527638190954774,0.36111111111111105,0.5357583756107197
F001950,0.0,0.35527638190954774,0.16666666666666669,0.5773502691896258
F001951,0.0,0.35527638190954774,0.2222222222222222,0.769800358919501
F001952,0.0,0.35527638190954774,0.19444444444444442,0.3469443332443554
F001953,0.0,0.35527638190954774,0.6666666666666666,0.881917103688197
F001954,0.0,0.35527638190954774,0.3194444444444444,0.37577081273524116
F001955,0.0,0.35527638190954774,0.29166666666666663,0.22047927592204927
F001956,0.0,0.35527638190954774,0.33333333333333337,0.6666666666666666
F001957,0.12599717735728458,0.8105527638190955,0.611111111111111,0.1924500897298752
F001958,0.40749647169660574,0.964321608040201,0.7638888888888888,0.24056261216234412
F001959,0.0,0.35527638190954774,0.15277777777777773,0.33678765702728164
F001960,0.0,0.35527638190954774,0.5416666666666666,0.36324157862838946
F001961,0.09750011120008895,0.7939698492462312,0.7222222222222222,0.6938886664887111
F001962,0.0,0.35527638190954774,0.26388888888888884,0.7087417123429485
F001963,0.0,0.35527638190954774,0.16666666666666669,0.5773502691896258
F001964,0.25,0.8997487437185929,0.75,0.5
F001965,0.30642702870564203,0.9263819095477387,0.7083333333333334,0.22047927592204927
F001966,0.0,0.35527638190954774,0.5833333333333334,0.6009252125773316
F001967,0.0,0.35527638190954774,0.2777777777777778,0.9622504486493764
F001968,0.0,0.35527638190954774,0.3611111111111111,0.2545875386086578
F001969,0.0,0.35527638190954774,0.25,0.8660254037844386
F001970,0.0,0.35527638190954774,0.6944444444444444,0.787635937708768
F001971,0.0,0.35527638190954774,0.3055555555555556,0.0962250448649376
F001972,0.0,0.35527638190954774,0.3472222222222222,0.6684005230842202
F001973,0.1564584167334001,0.8407035175879397,0.7083333333333334,0.5204164998665332
F001974,0.0,0.35527638190954774,0.41666666666666663,0.4409585518440984
F001975,0.0,0.35527638190954774,0.6111111111111112,0.693888666488711
F001976,0.052101231861607145,0.7761306532663317,0.6944444444444444,0.6735753140545634
F001977,0.0,0.35527638190954774,0.4166666666666667,0.2886751345948129
F001978,0.014886066246173488,0.7268844221105528,0.5555555555555556,0.1924500897298752
F001979,0.014886066246173488,0.7268844221105528,0.5555555555555556,0.1924500897298752
F001980,0.0,0.35527638190954774,0.2222222222222222,0.5091750772173156
F001981,0.05968702202485132,0.7846733668341709,0.6805555555555556,0.6028481781725197
F001982,0.36310546582568015,0.9542713567839196,0.7777777777777777,0.3849001794597506
F001983,0.0,0.35527638190954774,0.3194444444444444,0.6254627916220945
F001984,0.32312508340006674,0.9364321608040201,0.7916666666666667,0.5204164998665333
F001985,0.0,0.35527638190954774,0.5833333333333334,0.6009252125773316
F001986,0.0,0.35527638190954774,0.16666666666666669,0.5773502691896258
F001987,0.0,0.35527638190954774,0.6111111111111112,0.693888666488711
F001988,0.0,0.35527638190954774,0.1111111111111111,0.3849001794597505
F001989,0.0,0.35527638190954774,0.2222222222222222,0.769800358919501
F001990,0.0,0.35527638190954774,0.2777777777777778,0.5091750772173156
F001991,0.0,0.35527638190954774,0.3055555555555556,0.3469443332443555
