feature_id,data_score,data_rank,cv_mean_oriented_auc,cv_sd_oriented_effect,relevance_scaled,confidence_scaled,agreement,reliability,text_score,condition,llm_runs,text_rank,data_rank_for_hybrid,data_uncertainty_rank,adaptive_text_weight,text_priority,adaptive_consensus
F000001,0.0521012318616071,0.7947236180904522,0.6944444444444444,0.6735753140545634,0.0,1.0,1.0,1.0,0.0,real,3,0.3701005025125628,0.7947236180904522,0.8160804020100503,0.6120603015075377,0.33606613469356833,0.5348286659427792
F000002,0.0,0.3635678391959799,0.5416666666666666,0.3818813079129866,0.0,1.0,1.0,1.0,0.0,real,3,0.3701005025125628,0.3635678391959799,0.4236180904522613,0.31771356783919597,0.2634408853311785,0.36564335496578365
F000003,0.0,0.3635678391959799,0.5416666666666666,0.3818813079129866,0.0,1.0,1.0,1.0,0.0,real,3,0.3701005025125628,0.3635678391959799,0.4236180904522613,0.31771356783919597,0.2634408853311785,0.36564335496578365
F000004,0.5260506159308034,0.963819095477387,0.8472222222222221,0.3367876570272817,0.0,1.0,1.0,1.0,0.0,real,3,0.3701005025125628,0.963819095477387,0.3005025125628141,0.22537688442211057,0.240658316709174,0.8300086487714957
F000005,0.4376389444889332,0.951005025125628,0.8055555555555556,0.3469443332443555,0.0,1.0,1.0,1.0,0.0,real,3,0.3701005025125628,0.951005025125628,0.37613065326633166,0.2820979899497488,0.25465332314840533,0.787133026943764
F000006,0.0,0.3635678391959799,0.3472222222222222,0.5672382737961704,0.0,1.0,1.0,1.0,0.0,real,3,0.3701005025125628,0.3635678391959799,0.7017587939698492,0.5263190954773869,0.31491089240170705,0.3670061046438221
F000007,0.2154167222667111,0.8768844221105527,0.6944444444444444,0.3469443332443555,0.0,1.0,1.0,1.0,0.0,real,3,0.3701005025125628,0.8768844221105527,0.37613065326633166,0.2820979899497488,0.25465332314840533,0.7339216970531047
F000008,0.1898569058357866,0.864321608040201,0.7222222222222222,0.5091750772173156,0.0,1.0,1.0,1.0,0.0,real,3,0.3701005025125628,0.864321608040201,0.6321608040201006,0.4741206030150754,0.3020317668745739,0.6300011994646599
F000009,0.5260506159308034,0.963819095477387,0.8472222222222221,0.3367876570272817,0.0,1.0,1.0,1.0,0.0,real,3,0.3701005025125628,0.963819095477387,0.3005025125628141,0.22537688442211057,0.240658316709174,0.8300086487714957
F000010,0.01116454968463,0.7346733668341708,0.5416666666666666,0.1443375672974064,0.0,1.0,1.0,1.0,0.0,real,3,0.3701005025125628,0.7346733668341708,0.06030150753768844,0.04522613065326633,0.1962090603772632,0.7181851468397262
F000011,0.3009680169468978,0.9133165829145728,0.7777777777777778,0.5091750772173156,0.0,1.0,1.0,1.0,0.0,real,3,0.3701005025125628,0.9133165829145728,0.6321608040201006,0.4741206030150754,0.3020317668745739,0.6557666473068862
F000012,0.4376389444889332,0.951005025125628,0.8055555555555556,0.3469443332443555,0.0,1.0,1.0,1.0,0.0,real,3,0.3701005025125628,0.951005025125628,0.37613065326633166,0.2820979899497488,0.25465332314840533,0.787133026943764
F000013,0.0,0.3635678391959799,0.4305555555555555,0.4276334532872403,0.25,1.0,1.0,1.0,0.25,real,3,0.8304020100502513,0.3635678391959799,0.5221105527638191,0.3915829145728643,0.6319818312668872,0.546372124441302
F000014,0.0,0.3635678391959799,0.25,0.8660254037844386,0.0,1.0,1.0,1.0,0.0,real,3,0.3701005025125628,0.3635678391959799,0.9349246231155779,0.7011934673366834,0.3580582876695033,0.36814850003787786
F000015,0.3009680169468978,0.9133165829145728,0.7777777777777778,0.5091750772173156,0.0,1.0,1.0,1.0,0.0,real,3,0.3701005025125628,0.9133165829145728,0.6321608040201006,0.4741206030150754,0.3020317668745739,0.6557666473068862
F000016,0.0,0.3635678391959799,0.6111111111111112,0.6309898162000305,0.0,1.0,1.0,1.0,0.0,real,3,0.3701005025125628,0.3635678391959799,0.7751256281407035,0.5813442211055276,0.3284874434989016,0.36736556526350345
F000017,0.0669872981077807,0.8050251256281407,0.75,0.8660254037844386,0.0,1.0,1.0,1.0,0.0,real,3,0.3701005025125628,0.8050251256281407,0.9349246231155779,0.7011934673366834,0.3580582876695033,0.5000588211156284
F000018,0.0,0.3635678391959799,0.3055555555555556,0.6735753140545634,0.0,1.0,1.0,1.0,0.0,real,3,0.3701005025125628,0.3635678391959799,0.8160804020100503,0.6120603015075377,0.33606613469356833,0.36756622307517484
F000019,0.0,0.3635678391959799,0.4027777777777778,0.7561476438231223,0.0,1.0,1.0,1.0,0.0,real,3,0.3701005025125628,0.3635678391959799,0.8826633165829145,0.6619974874371859,0.3483873197646524,0.3678924458978309
F000020,0.0,0.3635678391959799,0.2777777777777778,0.9622504486493764,0.0,1.0,1.0,1.0,0.0,real,3,0.3701005025125628,0.3635678391959799,0.9577889447236181,0.7183417085427135,0.36228933612787556,0.3682605237241484
F000021,0.25,0.8977386934673367,0.75,0.5,0.0,1.0,1.0,1.0,0.0,real,3,0.3701005025125628,0.8977386934673367,0.5793969849246231,0.4345477386934673,0.29226780889371484,0.6684547107396278
F000022,0.0,0.3635678391959799,0.25,0.5,0.25,1.0,1.0,1.0,0.25,real,3,0.8304020100502513,0.3635678391959799,0.5793969849246231,0.4345477386934673,0.6557672154743568,0.5664295724855433
F000023,0.25,0.8977386934673367,0.75,0.5,0.0,1.0,1.0,1.0,0.0,real,3,0.3701005025125628,0.8977386934673367,0.5793969849246231,0.4345477386934673,0.29226780889371484,0.6684547107396278
F000024,0.0,0.3635678391959799,0.5416666666666666,0.3818813079129866,0.0,1.0,1.0,1.0,0.0,real,3,0.3701005025125628,0.3635678391959799,0.4236180904522613,0.31771356783919597,0.2634408853311785,0.36564335496578365
F000025,0.0,0.3635678391959799,0.4444444444444444,1.0183501544346312,0.0,1.0,1.0,1.0,0.0,real,3,0.3701005025125628,0.3635678391959799,0.9741206030150754,0.7305904522613066,0.36531151359814146,0.36834054064291305
F000026,1.0,0.9987437185929648,1.0,0.0,0.0,1.0,1.0,1.0,0.0,real,3,0.3701005025125628,0.9987437185929648,0.005527638190954774,0.004145728643216081,0.1860731420923714,0.9961375344056969
F000027,0.25,0.8977386934673367,0.75,0.5,0.0,1.0,1.0,1.0,0.0,real,3,0.3701005025125628,0.8977386934673367,0.5793969849246231,0.4345477386934673,0.29226780889371484,0.6684547107396278
F000028,0.0446581987385203,0.7701005025125628,0.6666666666666666,0.5773502691896258,0.0,1.0,1.0,1.0,0.0,real,3,0.3701005025125628,0.7701005025125628,0.7276381909547739,0.5457286432160804,0.3196998813161284,0.5518090452261306
F000029,0.0,0.3635678391959799,0.3472222222222222,0.5672382737961704,0.0,1.0,1.0,1.0,0.0,real,3,0.3701005025125628,0.3635678391959799,0.7017587939698492,0.5263190954773869,0.31491089240170705,0.3670061046438221
F000030,0.0,0.3635678391959799,0.6944444444444444,0.7876359377087682,0.25,1.0,1.0,1.0,0.25,real,3,0.8304020100502513,0.3635678391959799,0.9082914572864321,0.6812185929648241,0.7923245309461882,0.6815839562132269
F000031,1.0,0.9987437185929648,1.0,0.0,0.0,1.0,1.0,1.0,0.0,real,3,0.3701005025125628,0.9987437185929648,0.005527638190954774,0.004145728643216081,0.1860731420923714,0.9961375344056969
F000032,0.1898569058357866,0.864321608040201,0.7222222222222222,0.5091750772173156,0.0,1.0,1.0,1.0,0.0,real,3,0.3701005025125628,0.864321608040201,0.6321608040201006,0.4741206030150754,0.3020317668745739,0.6300011994646599
F000033,0.0,0.3635678391959799,0.4583333333333333,0.3818813079129866,0.0,1.0,1.0,1.0,0.0,real,3,0.3701005025125628,0.3635678391959799,0.4236180904522613,0.31771356783919597,0.2634408853311785,0.36564335496578365
F000034,0.0,0.3635678391959799,0.5416666666666666,0.3818813079129866,0.0,1.0,1.0,1.0,0.0,real,3,0.3701005025125628,0.3635678391959799,0.4236180904522613,0.31771356783919597,0.2634408853311785,0.36564335496578365
F000035,0.2974642264589466,0.9080402010050252,0.6805555555555556,0.1272937693043289,0.0,1.0,1.0,1.0,0.0,real,3,0.3701005025125628,0.9080402010050252,0.03869346733668342,0.029020100502512566,0.1922104871089114,0.8924291368904826
F000036,0.4376389444889332,0.951005025125628,0.8055555555555556,0.3469443332443555,0.0,1.0,1.0,1.0,0.0,real,3,0.3701005025125628,0.951005025125628,0.37613065326633166,0.2820979899497488,0.25465332314840533,0.787133026943764
F000037,0.5853276880479024,0.9761306532663316,0.8888888888888888,0.3849001794597506,0.0,1.0,1.0,1.0,0.0,real,3,0.3701005025125628,0.9761306532663316,0.45879396984924625,0.3440954773869347,0.26995019065175124,0.7675984192318376
F000038,0.0,0.3635678391959799,0.4583333333333333,0.3818813079129866,0.0,1.0,1.0,1.0,0.0,real,3,0.3701005025125628,0.3635678391959799,0.4236180904522613,0.31771356783919597,0.2634408853311785,0.36564335496578365
F000039,0.1898569058357866,0.864321608040201,0.7222222222222222,0.5091750772173156,0.0,1.0,1.0,1.0,0.0,real,3,0.3701005025125628,0.864321608040201,0.6321608040201006,0.4741206030150754,0.3020317668745739,0.6300011994646599
F000040,1.0,0.9987437185929648,1.0,0.0,0.0,1.0,1.0,1.0,0.0,real,3,0.3701005025125628,0.9987437185929648,0.005527638190954774,0.004145728643216081,0.1860731420923714,0.9961375344056969
F000041,0.0,0.3635678391959799,0.5972222222222222,0.393817968854384,0.0,1.0,1.0,1.0,0.0,real,3,0.3701005025125628,0.3635678391959799,0.48266331658291456,0.3619974874371859,0.27436721926213986,0.365932646902856
F000042,0.0,0.3635678391959799,0.1944444444444444,0.3469443332443554,0.0,1.0,1.0,1.0,0.0,real,3,0.3701005025125628,0.3635678391959799,0.33341708542713566,0.25006281407035175,0.2467491666877099,0.36520141536829875
F000043,0.25,0.8977386934673367,0.75,0.5,0.0,1.0,1.0,1.0,0.0,real,3,0.3701005025125628,0.8977386934673367,0.5793969849246231,0.4345477386934673,0.29226780889371484,0.6684547107396278
F000044,0.7926638440239513,0.9952261306532664,0.9444444444444444,0.1924500897298752,0.0,1.0,1.0,1.0,0.0,real,3,0.3701005025125628,0.9952261306532664,0.1,0.07500000000000001,0.20355527638190957,0.9483417085427137
F000045,0.0,0.3635678391959799,0.4027777777777778,0.6364688465216445,0.0,1.0,1.0,1.0,0.0,real,3,0.3701005025125628,0.3635678391959799,0.7829145728643216,0.5871859296482412,0.3299287896770284,0.3674037271786066
F000046,0.4510034825212683,0.9595477386934672,0.8194444444444444,0.3757708127352412,0.0,1.0,1.0,1.0,0.0,real,3,0.3701005025125628,0.9595477386934672,0.40804020100502514,0.3060301507537688,0.2605581929749249,0.7791591121436328
F000047,0.1732257047434905,0.8477386934673367,0.6805555555555556,0.3757708127352411,0.0,1.0,1.0,1.0,0.0,real,3,0.3701005025125628,0.8477386934673367,0.3969849246231156,0.29773869346733667,0.2585124113027449,0.70552732254236
F000048,0.0,0.3635678391959799,0.6944444444444444,0.7876359377087682,0.0,1.0,1.0,1.0,0.0,real,3,0.3701005025125628,0.3635678391959799,0.9082914572864321,0.6812185929648241,0.35312981364106966,0.3680180109088155
F000049,0.0483797153000638,0.7836683417085427,0.6805555555555556,0.6254627916220946,0.0,1.0,1.0,1.0,0.0,real,3,0.3701005025125628,0.7836683417085427,0.7610552763819095,0.5707914572864321,0.32588372137067245,0.5476073520870686
F000050,0.0,0.3635678391959799,0.1111111111111111,0.3849001794597505,0.0,1.0,1.0,1.0,0.0,real,3,0.3701005025125628,0.3635678391959799,0.4492462311557789,0.33693467336683414,0.2681833792075958,0.3657689199767683
F000051,0.4376389444889332,0.951005025125628,0.8055555555555556,0.3469443332443555,0.0,1.0,1.0,1.0,0.0,real,3,0.3701005025125628,0.951005025125628,0.37613065326633166,0.2820979899497488,0.25465332314840533,0.787133026943764
F000052,0.0,0.3635678391959799,0.3055555555555556,0.6735753140545634,0.0,1.0,1.0,1.0,0.0,real,3,0.3701005025125628,0.3635678391959799,0.8160804020100503,0.6120603015075377,0.33606613469356833,0.36756622307517484
F000053,0.0,0.3635678391959799,0.5833333333333334,0.7637626158259733,0.0,1.0,1.0,1.0,0.0,real,3,0.3701005025125628,0.3635678391959799,0.8902010050251257,0.6676507537688443,0.34978217090477515,0.36792937678341453
F000054,0.3009680169468978,0.9133165829145728,0.7777777777777778,0.5091750772173156,0.0,1.0,1.0,1.0,0.0,real,3,0.3701005025125628,0.9133165829145728,0.6321608040201006,0.4741206030150754,0.3020317668745739,0.6557666473068862
F000055,0.0,0.3635678391959799,0.1944444444444444,0.3469443332443554,0.0,1.0,1.0,1.0,0.0,real,3,0.3701005025125628,0.3635678391959799,0.33341708542713566,0.25006281407035175,0.2467491666877099,0.36520141536829875
F000056,0.4376389444889332,0.951005025125628,0.8055555555555556,0.3469443332443555,0.0,1.0,1.0,1.0,0.0,real,3,0.3701005025125628,0.951005025125628,0.37613065326633166,0.2820979899497488,0.25465332314840533,0.787133026943764
F000057,0.25,0.8977386934673367,0.75,0.5,0.0,1.0,1.0,1.0,0.0,real,3,0.3701005025125628,0.8977386934673367,0.5793969849246231,0.4345477386934673,0.29226780889371484,0.6684547107396278
F000058,0.0223290993692601,0.7540201005025126,0.5833333333333334,0.2886751345948129,0.5,1.0,1.0,1.0,0.5,real,3,0.9587939698492463,0.7540201005025126,0.26030150753768844,0.19522613065326633,0.604184742809525,0.7939973106739728
F000059,0.0,0.3635678391959799,0.2361111111111111,0.2097176232019652,0.0,1.0,1.0,1.0,0.0,real,3,0.3701005025125628,0.3635678391959799,0.11708542713567839,0.0878140703517588,0.20671693896618776,0.36414149895204667
F000060,0.2224894150898172,0.8839195979899498,0.7916666666666667,0.7216878364870323,0.0,1.0,1.0,1.0,0.0,real,3,0.3701005025125628,0.8839195979899498,0.857286432160804,0.642964824120603,0.3436913209262392,0.5535519936365244
F000061,0.0,0.3635678391959799,0.1388888888888888,0.2545875386086578,0.0,1.0,1.0,1.0,0.0,real,3,0.3701005025125628,0.3635678391959799,0.1771356783919598,0.13285175879396985,0.21782925304916542,0.3644357150071968
F000062,0.0,0.3635678391959799,0.3055555555555556,0.6735753140545634,0.0,1.0,1.0,1.0,0.0,real,3,0.3701005025125628,0.3635678391959799,0.8160804020100503,0.6120603015075377,0.33606613469356833,0.36756622307517484
F000063,0.0,0.3635678391959799,0.2222222222222222,0.769800358919501,0.0,1.0,1.0,1.0,0.0,real,3,0.3701005025125628,0.3635678391959799,0.9007537688442211,0.6755653266331658,0.35173496250094693,0.36798108002323177
F000064,0.5949284529178934,0.9836683417085428,0.8611111111111112,0.2545875386086578,0.0,1.0,1.0,1.0,0.0,real,3,0.3701005025125628,0.9836683417085428,0.1771356783919598,0.13285175879396985,0.21782925304916542,0.9021547751319412
F000065,0.0,0.3635678391959799,0.3055555555555556,0.6735753140545634,0.25,1.0,1.0,1.0,0.25,real,3,0.8304020100502513,0.3635678391959799,0.8160804020100503,0.6120603015075377,0.7540384081210071,0.6492985025630665
F000066,0.4376389444889332,0.951005025125628,0.8055555555555556,0.3469443332443555,0.0,1.0,1.0,1.0,0.0,real,3,0.3701005025125628,0.951005025125628,0.37613065326633166,0.2820979899497488,0.25465332314840533,0.787133026943764
F000067,0.3231250834000667,0.9236180904522612,0.7916666666666667,0.5204164998665333,0.0,1.0,1.0,1.0,0.0,real,3,0.3701005025125628,0.9236180904522612,0.6665829145728643,0.49993718592964825,0.3084015870811343,0.6468940651751218
F000068,0.0446581987385203,0.7701005025125628,0.6666666666666666,0.5773502691896258,0.0,1.0,1.0,1.0,0.0,real,3,0.3701005025125628,0.7701005025125628,0.7276381909547739,0.5457286432160804,0.3196998813161284,0.5518090452261306
F000069,0.5949284529178934,0.9836683417085428,0.8611111111111112,0.2545875386086578,0.0,1.0,1.0,1.0,0.0,real,3,0.3701005025125628,0.9836683417085428,0.1771356783919598,0.13285175879396985,0.21782925304916542,0.9021547751319412
F000070,0.0,0.3635678391959799,0.4722222222222222,0.4194352464039305,0.0,1.0,1.0,1.0,0.0,real,3,0.3701005025125628,0.3635678391959799,0.5165829145728643,0.38743718592964826,0.2806440493926921,0.36609883588798264
F000071,0.0,0.3635678391959799,0.1944444444444444,0.3469443332443554,0.0,1.0,1.0,1.0,0.0,real,3,0.3701005025125628,0.3635678391959799,0.33341708542713566,0.25006281407035175,0.2467491666877099,0.36520141536829875
F000072,0.0,0.3635678391959799,0.4444444444444444,0.5357583756107198,0.0,1.0,1.0,1.0,0.0,real,3,0.3701005025125628,0.3635678391959799,0.6912060301507538,0.5184045226130654,0.3129581008055352,0.3669544014040049
F000073,0.0,0.3635678391959799,0.4166666666666667,0.7637626158259733,0.0,1.0,1.0,1.0,0.0,real,3,0.3701005025125628,0.3635678391959799,0.8902010050251257,0.6676507537688443,0.34978217090477515,0.36792937678341453
F000074,0.0,0.3635678391959799,0.1111111111111111,0.3849001794597505,0.25,1.0,1.0,1.0,0.25,real,3,0.8304020100502513,0.3635678391959799,0.4492462311557789,0.33693467336683414,0.601728491704755,0.5208604580692406
F000075,0.3231250834000667,0.9236180904522612,0.7916666666666667,0.5204164998665333,0.0,1.0,1.0,1.0,0.0,real,3,0.3701005025125628,0.9236180904522612,0.6665829145728643,0.49993718592964825,0.3084015870811343,0.6468940651751218
F000076,0.0,0.3635678391959799,0.1944444444444444,0.3469443332443554,0.0,1.0,1.0,1.0,0.0,real,3,0.3701005025125628,0.3635678391959799,0.33341708542713566,0.25006281407035175,0.2467491666877099,0.36520141536829875
F000077,0.0,0.3635678391959799,0.5277777777777778,0.8221471437193746,0.0,1.0,1.0,1.0,0.0,real,3,0.3701005025125628,0.3635678391959799,0.9208542713567839,0.6906407035175879,0.35545456554127425,0.3680795623847883
F000078,0.0,0.3635678391959799,0.3333333333333333,0.2886751345948129,0.0,1.0,1.0,1.0,0.0,real,3,0.3701005025125628,0.3635678391959799,0.26030150753768844,0.19522613065326633,0.2332191106285195,0.3648431857781369
F000079,0.0,0.3635678391959799,0.25,0.5,0.0,1.0,1.0,1.0,0.0,real,3,0.3701005025125628,0.3635678391959799,0.5793969849246231,0.4345477386934673,0.29226780889371484,0.36640659326784675
F000080,0.6889957660359269,0.9899497487437184,0.9166666666666669,0.2886751345948128,0.0,1.0,1.0,1.0,0.0,real,3,0.3701005025125628,0.9899497487437184,0.228391959798995,0.17129396984924625,0.22731424080199994,0.8837733106487209
F000081,0.1898569058357866,0.864321608040201,0.7222222222222222,0.5091750772173156,0.5,1.0,1.0,1.0,0.5,real,3,0.9587939698492463,0.864321608040201,0.6321608040201006,0.4741206030150754,0.7824529683593849,0.9091129011893639
F000082,0.1732257047434905,0.8477386934673367,0.6805555555555556,0.3757708127352411,0.0,1.0,1.0,1.0,0.0,real,3,0.3701005025125628,0.8477386934673367,0.3969849246231156,0.29773869346733667,0.2585124113027449,0.70552732254236
F000083,0.1898569058357866,0.864321608040201,0.7222222222222222,0.5091750772173156,0.0,1.0,1.0,1.0,0.0,real,3,0.3701005025125628,0.864321608040201,0.6321608040201006,0.4741206030150754,0.3020317668745739,0.6300011994646599
F000084,0.1504840084734488,0.8346733668341708,0.6388888888888888,0.2545875386086578,0.0,1.0,1.0,1.0,0.0,real,3,0.3701005025125628,0.8346733668341708,0.1771356783919598,0.13285175879396985,0.21782925304916542,0.7729540447210929
F000085,0.3009680169468978,0.9133165829145728,0.7777777777777778,0.5091750772173156,0.0,1.0,1.0,1.0,0.0,real,3,0.3701005025125628,0.9133165829145728,0.6321608040201006,0.4741206030150754,0.3020317668745739,0.6557666473068862
F000086,0.1898569058357866,0.864321608040201,0.7222222222222222,0.5091750772173156,0.0,1.0,1.0,1.0,0.0,real,3,0.3701005025125628,0.864321608040201,0.6321608040201006,0.4741206030150754,0.3020317668745739,0.6300011994646599
F000087,0.0,0.3635678391959799,0.3333333333333333,0.2886751345948129,0.0,1.0,1.0,1.0,0.0,real,3,0.3701005025125628,0.3635678391959799,0.26030150753768844,0.19522613065326633,0.2332191106285195,0.3648431857781369
F000088,0.0,0.3635678391959799,0.5416666666666666,0.3818813079129866,0.25,1.0,1.0,1.0,0.25,real,3,0.8304020100502513,0.3635678391959799,0.4236180904522613,0.31771356783919597,0.5910876619277291,0.5118873892073432
F000089,0.4376389444889332,0.951005025125628,0.8055555555555556,0.3469443332443555,0.0,1.0,1.0,1.0,0.0,real,3,0.3701005025125628,0.951005025125628,0.37613065326633166,0.2820979899497488,0.25465332314840533,0.787133026943764
F000090,0.0,0.3635678391959799,0.5277777777777778,0.4194352464039305,0.0,1.0,1.0,1.0,0.0,real,3,0.3701005025125628,0.3635678391959799,0.5165829145728643,0.38743718592964826,0.2806440493926921,0.36609883588798264
F000091,0.0,0.3635678391959799,0.6111111111111112,0.693888666488711,0.0,1.0,1.0,1.0,0.0,real,3,0.3701005025125628,0.3635678391959799,0.8351758793969849,0.6263819095477386,0.33959975758187927,0.36765978131865357
F000092,0.0,0.3635678391959799,0.5833333333333334,0.7637626158259733,0.0,1.0,1.0,1.0,0.0,real,3,0.3701005025125628,0.3635678391959799,0.8902010050251257,0.6676507537688443,0.34978217090477515,0.36792937678341453
F000093,0.0,0.3635678391959799,0.1388888888888888,0.2545875386086578,0.0,1.0,1.0,1.0,0.0,real,3,0.3701005025125628,0.3635678391959799,0.1771356783919598,0.13285175879396985,0.21782925304916542,0.3644357150071968
F000094,0.6889957660359269,0.9899497487437184,0.9166666666666669,0.2886751345948128,0.0,1.0,1.0,1.0,0.0,real,3,0.3701005025125628,0.9899497487437184,0.228391959798995,0.17129396984924625,0.22731424080199994,0.8837733106487209
F000095,0.2224894150898172,0.8839195979899498,0.7916666666666667,0.7216878364870323,0.0,1.0,1.0,1.0,0.0,real,3,0.3701005025125628,0.8839195979899498,0.857286432160804,0.642964824120603,0.3436913209262392,0.5535519936365244
F000096,0.0521012318616071,0.7947236180904522,0.6944444444444444,0.6735753140545634,0.0,1.0,1.0,1.0,0.0,real,3,0.3701005025125628,0.7947236180904522,0.8160804020100503,0.6120603015075377,0.33606613469356833,0.5348286659427792
F000097,0.0,0.3635678391959799,0.1944444444444444,0.3469443332443554,0.0,1.0,1.0,1.0,0.0,real,3,0.3701005025125628,0.3635678391959799,0.33341708542713566,0.25006281407035175,0.2467491666877099,0.36520141536829875
F000098,0.0,0.3635678391959799,0.1666666666666666,0.5773502691896258,0.25,1.0,1.0,1.0,0.25,real,3,0.8304020100502513,0.3635678391959799,0.7276381909547739,0.5457286432160804,0.7173171132042121,0.6183326178631853
F000099,0.0,0.3635678391959799,0.3472222222222222,0.5672382737961704,0.0,1.0,1.0,1.0,0.0,real,3,0.3701005025125628,0.3635678391959799,0.7017587939698492,0.5263190954773869,0.31491089240170705,0.3670061046438221
F000100,0.25,0.8977386934673367,0.75,0.5,0.0,1.0,1.0,1.0,0.0,real,3,0.3701005025125628,0.8977386934673367,0.5793969849246231,0.4345477386934673,0.29226780889371484,0.6684547107396278
F000101,0.6889957660359269,0.9899497487437184,0.9166666666666669,0.2886751345948128,0.0,1.0,1.0,1.0,0.0,real,3,0.3701005025125628,0.9899497487437184,0.228391959798995,0.17129396984924625,0.22731424080199994,0.8837733106487209
F000102,0.0,0.3635678391959799,0.5833333333333334,0.7637626158259733,0.0,1.0,1.0,1.0,0.0,real,3,0.3701005025125628,0.3635678391959799,0.8902010050251257,0.6676507537688443,0.34978217090477515,0.36792937678341453
F000103,0.0,0.3635678391959799,0.2916666666666666,0.3818813079129867,0.0,1.0,1.0,1.0,0.0,real,3,0.3701005025125628,0.3635678391959799,0.4402010050251256,0.3301507537688442,0.2665095578394485,0.36572460291406783
F000104,0.0,0.3635678391959799,0.4444444444444444,0.1924500897298753,0.0,1.0,1.0,1.0,0.0,real,3,0.3701005025125628,0.3635678391959799,0.1077889447236181,0.08084170854271357,0.20499662256003634,0.36409595085982677
F000105,0.3009680169468978,0.9133165829145728,0.7777777777777778,0.5091750772173156,0.0,1.0,1.0,1.0,0.0,real,3,0.3701005025125628,0.9133165829145728,0.6321608040201006,0.4741206030150754,0.3020317668745739,0.6557666473068862
F000106,0.0,0.3635678391959799,0.2916666666666666,0.3818813079129867,0.5,1.0,1.0,1.0,0.5,real,3,0.9587939698492463,0.3635678391959799,0.4402010050251256,0.3301507537688442,0.6904280194944573,0.5600821948940683
F000107,0.0,0.3635678391959799,0.2222222222222222,0.5091750772173156,0.25,1.0,1.0,1.0,0.25,real,3,0.8304020100502513,0.3635678391959799,0.6321608040201006,0.4741206030150754,0.6776748061917629,0.5849035377894498
F000108,0.0,0.3635678391959799,0.1944444444444444,0.3469443332443554,0.0,1.0,1.0,1.0,0.0,real,3,0.3701005025125628,0.3635678391959799,0.33341708542713566,0.25006281407035175,0.2467491666877099,0.36520141536829875
F000109,0.0,0.3635678391959799,0.1666666666666666,0.5773502691896258,0.25,1.0,1.0,1.0,0.25,real,3,0.8304020100502513,0.3635678391959799,0.7276381909547739,0.5457286432160804,0.7173171132042121,0.6183326178631853
F000110,0.3963319220119756,0.9414572864321608,0.7222222222222222,0.0962250448649376,0.0,1.0,1.0,1.0,0.0,real,3,0.3701005025125628,0.9414572864321608,0.021105527638190954,0.015829145728643215,0.18895583444862502,0.9324131966364485
F000111,0.0,0.3635678391959799,0.3055555555555556,0.7876359377087682,0.25,1.0,1.0,1.0,0.25,real,3,0.8304020100502513,0.3635678391959799,0.9082914572864321,0.6812185929648241,0.7923245309461882,0.6815839562132269
F000112,0.1898569058357866,0.864321608040201,0.7222222222222222,0.5091750772173156,0.0,1.0,1.0,1.0,0.0,real,3,0.3701005025125628,0.864321608040201,0.6321608040201006,0.4741206030150754,0.3020317668745739,0.6300011994646599
F000113,0.2974642264589466,0.9080402010050252,0.6805555555555556,0.1272937693043289,0.0,1.0,1.0,1.0,0.0,real,3,0.3701005025125628,0.9080402010050252,0.03869346733668342,0.029020100502512566,0.1922104871089114,0.8924291368904826
F000114,0.0,0.3635678391959799,0.5,0.0,0.0,1.0,1.0,1.0,0.0,real,3,0.3701005025125628,0.3635678391959799,0.005527638190954774,0.004145728643216081,0.1860731420923714,0.363594921845408
F000115,0.0,0.3635678391959799,0.5555555555555556,0.5357583756107197,0.0,1.0,1.0,1.0,0.0,real,3,0.3701005025125628,0.3635678391959799,0.6798994974874372,0.5099246231155778,0.31086582409535113,0.3668990050756294
F000116,0.0,0.3635678391959799,0.3194444444444444,0.3757708127352411,0.0,1.0,1.0,1.0,0.0,real,3,0.3701005025125628,0.3635678391959799,0.3969849246231156,0.29773869346733667,0.2585124113027449,0.36551286583672127
F000117,0.0,0.3635678391959799,0.3333333333333333,0.2886751345948129,0.5,1.0,1.0,1.0,0.5,real,3,0.9587939698492463,0.3635678391959799,0.26030150753768844,0.19522613065326633,0.604184742809525,0.47977153354713264
F000118,0.0,0.3635678391959799,0.2361111111111111,0.4110735718596873,0.0,1.0,1.0,1.0,0.0,real,3,0.3701005025125628,0.3635678391959799,0.507035175879397,0.3802763819095477,0.27887723794853664,0.3660520567662433
F000119,0.0,0.3635678391959799,0.5833333333333334,0.7637626158259733,0.0,1.0,1.0,1.0,0.0,real,3,0.3701005025125628,0.3635678391959799,0.8902010050251257,0.6676507537688443,0.34978217090477515,0.36792937678341453
F000120,0.0,0.3635678391959799,0.5416666666666666,0.3818813079129866,0.0,1.0,1.0,1.0,0.0,real,3,0.3701005025125628,0.3635678391959799,0.4236180904522613,0.31771356783919597,0.2634408853311785,0.36564335496578365
F000121,0.7926638440239513,0.9952261306532664,0.9444444444444444,0.1924500897298752,0.0,1.0,1.0,1.0,0.0,real,3,0.3701005025125628,0.9952261306532664,0.1,0.07500000000000001,0.20355527638190957,0.9483417085427137
F000122,0.1898569058357866,0.864321608040201,0.7222222222222222,0.5091750772173156,0.0,1.0,1.0,1.0,0.0,real,3,0.3701005025125628,0.864321608040201,0.6321608040201006,0.4741206030150754,0.3020317668745739,0.6300011994646599
F000123,0.0,0.3635678391959799,0.5833333333333334,0.7637626158259733,0.0,1.0,1.0,1.0,0.0,real,3,0.3701005025125628,0.3635678391959799,0.8902010050251257,0.6676507537688443,0.34978217090477515,0.36792937678341453
F000124,0.1898569058357866,0.864321608040201,0.7222222222222222,0.5091750772173156,0.0,1.0,1.0,1.0,0.0,real,3,0.3701005025125628,0.864321608040201,0.6321608040201006,0.4741206030150754,0.3020317668745739,0.6300011994646599
F000125,0.0,0.3635678391959799,0.5972222222222222,0.8832285053102581,0.0,1.0,1.0,1.0,0.0,real,3,0.3701005025125628,0.3635678391959799,0.9422110552763819,0.7066582914572864,0.35940664377162196,0.3681841998939421
F000126,0.0,0.3635678391959799,0.1527777777777777,0.3367876570272816,0.0,1.0,1.0,1.0,0.0,real,3,0.3701005025125628,0.3635678391959799,0.2947236180904523,0.22104271356783922,0.23958893083507993,0.3650118368223024
F000127,0.0,0.3635678391959799,0.2638888888888888,0.4110735718596873,0.0,1.0,1.0,1.0,0.0,real,3,0.3701005025125628,0.3635678391959799,0.507035175879397,0.3802763819095477,0.27887723794853664,0.3660520567662433
F000128,0.0,0.3635678391959799,0.25,0.5,0.0,1.0,1.0,1.0,0.0,real,3,0.3701005025125628,0.3635678391959799,0.5793969849246231,0.4345477386934673,0.29226780889371484,0.36640659326784675
F000129,0.0,0.3635678391959799,0.1388888888888888,0.2545875386086578,0.25,1.0,1.0,1.0,0.25,real,3,0.8304020100502513,0.3635678391959799,0.1771356783919598,0.13285175879396985,0.48874791671927476,0.42558757985909446
F000130,0.0,0.3635678391959799,0.2777777777777778,0.5091750772173156,0.0,1.0,1.0,1.0,0.0,real,3,0.3701005025125628,0.3635678391959799,0.6321608040201006,0.4741206030150754,0.3020317668745739,0.36666510946693265
F000131,0.0,0.3635678391959799,0.1666666666666666,0.5773502691896258,0.25,1.0,1.0,1.0,0.25,real,3,0.8304020100502513,0.3635678391959799,0.7276381909547739,0.5457286432160804,0.7173171132042121,0.6183326178631853
F000132,0.7926638440239513,0.9952261306532664,0.9444444444444444,0.1924500897298752,0.0,1.0,1.0,1.0,0.0,real,3,0.3701005025125628,0.9952261306532664,0.1,0.07500000000000001,0.20355527638190957,0.9483417085427137
F000133,0.6889957660359269,0.9899497487437184,0.9166666666666669,0.2886751345948128,0.0,1.0,1.0,1.0,0.0,real,3,0.3701005025125628,0.9899497487437184,0.228391959798995,0.17129396984924625,0.22731424080199994,0.8837733106487209
F000134,0.061411169010459,0.8010050251256281,0.6527777777777778,0.488288773090193,0.0,1.0,1.0,1.0,0.0,real,3,0.3701005025125628,0.8010050251256281,0.5447236180904522,0.40854271356783917,0.2858514936491503,0.624962122168632
F000135,0.1898569058357866,0.864321608040201,0.7222222222222222,0.5091750772173156,0.25,1.0,1.0,1.0,0.25,real,3,0.8304020100502513,0.864321608040201,0.6321608040201006,0.4741206030150754,0.6776748061917629,0.8482396277871771
F000136,0.0,0.3635678391959799,0.3194444444444444,0.1272937693043289,0.25,1.0,1.0,1.0,0.25,real,3,0.8304020100502513,0.3635678391959799,0.03869346733668342,0.029020100502512566,0.4312665715512235,0.377115413752178
F000137,0.0446581987385203,0.7701005025125628,0.6666666666666666,0.5773502691896258,0.0,1.0,1.0,1.0,0.0,real,3,0.3701005025125628,0.7701005025125628,0.7276381909547739,0.5457286432160804,0.3196998813161284,0.5518090452261306
F000138,0.0,0.3635678391959799,0.3472222222222222,0.5672382737961704,0.25,1.0,1.0,1.0,0.25,real,3,0.8304020100502513,0.3635678391959799,0.7017587939698492,0.5263190954773869,0.7065719615666272,0.6092715777379358
F000139,0.0,0.3635678391959799,0.0833333333333333,0.2886751345948128,0.0,1.0,1.0,1.0,0.0,real,3,0.3701005025125628,0.3635678391959799,0.228391959798995,0.17129396984924625,0.22731424080199994,0.36468684502916593
F000140,0.1898569058357866,0.864321608040201,0.7222222222222222,0.5091750772173156,0.25,1.0,1.0,1.0,0.25,real,3,0.8304020100502513,0.864321608040201,0.6321608040201006,0.4741206030150754,0.6776748061917629,0.8482396277871771
F000141,0.3779915320718537,0.9329145728643216,0.8333333333333333,0.5773502691896258,0.0,1.0,1.0,1.0,0.0,real,3,0.3701005025125628,0.9329145728643216,0.7276381909547739,0.5457286432160804,0.3196998813161284,0.6257708138683367
F000142,0.0,0.3635678391959799,0.375,0.6614378277661477,0.25,1.0,1.0,1.0,0.25,real,3,0.8304020100502513,0.3635678391959799,0.8,0.6000000000000001,0.7473618090452262,0.6436683417085427
F000143,0.1889957660359268,0.8522613065326633,0.6666666666666666,0.2886751345948129,0.0,1.0,1.0,1.0,0.0,real,3,0.3701005025125628,0.8522613065326633,0.26030150753768844,0.19522613065326633,0.2332191106285195,0.7581309184111512
F000144,0.4376389444889332,0.951005025125628,0.8055555555555556,0.3469443332443555,0.0,1.0,1.0,1.0,0.0,real,3,0.3701005025125628,0.951005025125628,0.37613065326633166,0.2820979899497488,0.25465332314840533,0.787133026943764
F000145,0.5853276880479024,0.9761306532663316,0.8888888888888888,0.3849001794597506,0.0,1.0,1.0,1.0,0.0,real,3,0.3701005025125628,0.9761306532663316,0.45879396984924625,0.3440954773869347,0.26995019065175124,0.7675984192318376
F000146,0.0,0.3635678391959799,0.4444444444444444,0.1924500897298753,0.0,1.0,1.0,1.0,0.0,real,3,0.3701005025125628,0.3635678391959799,0.1077889447236181,0.08084170854271357,0.20499662256003634,0.36409595085982677
F000147,0.3009680169468978,0.9133165829145728,0.7777777777777778,0.5091750772173156,0.0,1.0,1.0,1.0,0.0,real,3,0.3701005025125628,0.9133165829145728,0.6321608040201006,0.4741206030150754,0.3020317668745739,0.6557666473068862
F000148,0.0,0.3635678391959799,0.3055555555555556,0.6735753140545634,0.25,1.0,1.0,1.0,0.25,real,3,0.8304020100502513,0.3635678391959799,0.8160804020100503,0.6120603015075377,0.7540384081210071,0.6492985025630665
F000149,0.0,0.3635678391959799,0.3333333333333333,0.7637626158259733,0.0,1.0,1.0,1.0,0.0,real,3,0.3701005025125628,0.3635678391959799,0.8902010050251257,0.6676507537688443,0.34978217090477515,0.36792937678341453
F000150,0.3222409918479341,0.9193467336683416,0.7638888888888888,0.4110735718596873,0.25,1.0,1.0,1.0,0.25,real,3,0.8304020100502513,0.9193467336683416,0.507035175879397,0.3802763819095477,0.6257225196333426,0.8855231559809096
F000151,0.0,0.3635678391959799,0.0416666666666666,0.1443375672974064,0.0,1.0,1.0,1.0,0.0,real,3,0.3701005025125628,0.3635678391959799,0.06030150753768844,0.04522613065326633,0.1962090603772632,0.3638632862806495
F000152,0.0,0.3635678391959799,0.3611111111111111,0.2545875386086578,0.0,1.0,1.0,1.0,0.0,real,3,0.3701005025125628,0.3635678391959799,0.1771356783919598,0.13285175879396985,0.21782925304916542,0.3644357150071968
F000153,0.0,0.3635678391959799,0.1944444444444444,0.3469443332443554,0.0,1.0,1.0,1.0,0.0,real,3,0.3701005025125628,0.3635678391959799,0.33341708542713566,0.25006281407035175,0.2467491666877099,0.36520141536829875
F000154,0.0,0.3635678391959799,0.1666666666666666,0.2886751345948128,0.0,1.0,1.0,1.0,0.0,real,3,0.3701005025125628,0.3635678391959799,0.228391959798995,0.17129396984924625,0.22731424080199994,0.36468684502916593
F000155,0.1564584167334001,0.842211055276382,0.7083333333333334,0.5204164998665332,0.0,1.0,1.0,1.0,0.0,real,3,0.3701005025125628,0.842211055276382,0.657035175879397,0.49277638190954776,0.30663477563697883,0.6095661252241106
F000156,0.0,0.3635678391959799,0.4583333333333333,0.1443375672974064,0.0,1.0,1.0,1.0,0.0,real,3,0.3701005025125628,0.3635678391959799,0.06030150753768844,0.04522613065326633,0.1962090603772632,0.3638632862806495
F000157,0.0446581987385203,0.7701005025125628,0.6666666666666666,0.5773502691896258,0.0,1.0,1.0,1.0,0.0,real,3,0.3701005025125628,0.7701005025125628,0.7276381909547739,0.5457286432160804,0.3196998813161284,0.5518090452261306
F000158,0.25,0.8977386934673367,0.75,0.5,0.5,1.0,1.0,1.0,0.5,real,3,0.9587939698492463,0.8977386934673367,0.5793969849246231,0.4345477386934673,0.7571581525719048,0.9242701257544002
F000159,0.0,0.3635678391959799,0.0833333333333333,0.2886751345948128,0.25,1.0,1.0,1.0,0.25,real,3,0.8304020100502513,0.3635678391959799,0.228391959798995,0.17129396984924625,0.5100295762733265,0.4435337175828893
F000160,0.0,0.3635678391959799,0.6111111111111112,0.6309898162000305,0.0,1.0,1.0,1.0,0.0,real,3,0.3701005025125628,0.3635678391959799,0.7751256281407035,0.5813442211055276,0.3284874434989016,0.36736556526350345
F000161,0.0,0.3635678391959799,0.3055555555555556,0.3469443332443555,0.0,1.0,1.0,1.0,0.0,real,3,0.3701005025125628,0.3635678391959799,0.37613065326633166,0.2820979899497488,0.25465332314840533,0.36541069038660645
F000162,0.0,0.3635678391959799,0.1111111111111111,0.3849001794597505,0.0,1.0,1.0,1.0,0.0,real,3,0.3701005025125628,0.3635678391959799,0.4492462311557789,0.33693467336683414,0.2681833792075958,0.3657689199767683
F000163,0.0,0.3635678391959799,0.6388888888888888,0.7515416254704823,0.0,1.0,1.0,1.0,0.0,real,3,0.3701005025125628,0.3635678391959799,0.8728643216080402,0.6546482412060302,0.3465740132824929,0.3678444357465721
F000164,0.0,0.3635678391959799,0.6111111111111112,0.693888666488711,0.25,1.0,1.0,1.0,0.25,real,3,0.8304020100502513,0.3635678391959799,0.8351758793969849,0.6263819095477386,0.7619668695234969,0.6559843185778137
F000165,0.0,0.3635678391959799,0.1944444444444444,0.3469443332443554,0.0,1.0,1.0,1.0,0.0,real,3,0.3701005025125628,0.3635678391959799,0.33341708542713566,0.25006281407035175,0.2467491666877099,0.36520141536829875
F000166,0.0,0.3635678391959799,0.2777777777777778,0.0962250448649376,0.25,1.0,1.0,1.0,0.25,real,3,0.8304020100502513,0.3635678391959799,0.021105527638190954,0.015829145728643215,0.42396404131208804,0.37095742531754244
F000167,0.0,0.3635678391959799,0.1388888888888888,0.2545875386086578,0.0,1.0,1.0,1.0,0.0,real,3,0.3701005025125628,0.3635678391959799,0.1771356783919598,0.13285175879396985,0.21782925304916542,0.3644357150071968
F000168,0.0,0.3635678391959799,0.4027777777777778,0.6364688465216445,0.0,1.0,1.0,1.0,0.0,real,3,0.3701005025125628,0.3635678391959799,0.7829145728643216,0.5871859296482412,0.3299287896770284,0.3674037271786066
F000169,0.4510034825212683,0.9595477386934672,0.8194444444444444,0.3757708127352412,0.0,1.0,1.0,1.0,0.0,real,3,0.3701005025125628,0.9595477386934672,0.40804020100502514,0.3060301507537688,0.2605581929749249,0.7791591121436328
F000170,0.0223290993692601,0.7540201005025126,0.5833333333333334,0.2886751345948129,0.0,1.0,1.0,1.0,0.0,real,3,0.3701005025125628,0.7540201005025126,0.26030150753768844,0.19522613065326633,0.2332191106285195,0.6790689629049772
F000171,0.0,0.3635678391959799,0.3888888888888889,0.693888666488711,0.0,1.0,1.0,1.0,0.0,real,3,0.3701005025125628,0.3635678391959799,0.8351758793969849,0.6263819095477386,0.33959975758187927,0.36765978131865357
F000172,0.0,0.3635678391959799,0.5416666666666666,0.3818813079129866,0.0,1.0,1.0,1.0,0.0,real,3,0.3701005025125628,0.3635678391959799,0.4236180904522613,0.31771356783919597,0.2634408853311785,0.36564335496578365
F000173,0.0,0.3635678391959799,0.5833333333333334,0.7637626158259733,0.0,1.0,1.0,1.0,0.0,real,3,0.3701005025125628,0.3635678391959799,0.8902010050251257,0.6676507537688443,0.34978217090477515,0.36792937678341453
F000174,0.0,0.3635678391959799,0.3055555555555556,0.7876359377087682,0.0,1.0,1.0,1.0,0.0,real,3,0.3701005025125628,0.3635678391959799,0.9082914572864321,0.6812185929648241,0.35312981364106966,0.3680180109088155
F000175,0.1485783278408043,0.8238693467336683,0.7361111111111112,0.6472877887628358,0.25,1.0,1.0,1.0,0.25,real,3,0.8304020100502513,0.8238693467336683,0.7924623115577889,0.5943467336683417,0.7442321532284538,0.8277520138380344
F000176,0.01116454968463,0.7346733668341708,0.5416666666666666,0.1443375672974064,0.0,1.0,1.0,1.0,0.0,real,3,0.3701005025125628,0.7346733668341708,0.06030150753768844,0.04522613065326633,0.1962090603772632,0.7181851468397262
F000177,0.0,0.3635678391959799,0.1666666666666666,0.2886751345948128,0.0,1.0,1.0,1.0,0.0,real,3,0.3701005025125628,0.3635678391959799,0.228391959798995,0.17129396984924625,0.22731424080199994,0.36468684502916593
F000178,0.0,0.3635678391959799,0.4166666666666667,0.2886751345948129,0.25,1.0,1.0,1.0,0.25,real,3,0.8304020100502513,0.3635678391959799,0.26030150753768844,0.19522613065326633,0.5232784525643291,0.45470606802858515
F000179,0.1898569058357866,0.864321608040201,0.7222222222222222,0.5091750772173156,0.0,1.0,1.0,1.0,0.0,real,3,0.3701005025125628,0.864321608040201,0.6321608040201006,0.4741206030150754,0.3020317668745739,0.6300011994646599
F000180,0.0,0.3635678391959799,0.2916666666666666,0.8036375634160796,0.25,1.0,1.0,1.0,0.25,real,3,0.8304020100502513,0.3635678391959799,0.914321608040201,0.6857412060301508,0.7948282555996061,0.6836952665336734
F000181,0.5949284529178934,0.9836683417085428,0.8611111111111112,0.2545875386086578,0.0,1.0,1.0,1.0,0.0,real,3,0.3701005025125628,0.9836683417085428,0.1771356783919598,0.13285175879396985,0.21782925304916542,0.9021547751319412
F000182,0.0,0.3635678391959799,0.4305555555555555,0.4738533919231106,0.0,1.0,1.0,1.0,0.0,real,3,0.3701005025125628,0.3635678391959799,0.535427135678392,0.40157035175879396,0.2841311772429989,0.3661911631019419
F000183,0.0,0.3635678391959799,0.1388888888888888,0.2545875386086578,0.0,1.0,1.0,1.0,0.0,real,3,0.3701005025125628,0.3635678391959799,0.1771356783919598,0.13285175879396985,0.21782925304916542,0.3644357150071968
F000184,0.0,0.3635678391959799,0.3055555555555556,0.6735753140545634,0.25,1.0,1.0,1.0,0.25,real,3,0.8304020100502513,0.3635678391959799,0.8160804020100503,0.6120603015075377,0.7540384081210071,0.6492985025630665
F000185,0.0,0.3635678391959799,0.2361111111111111,0.4110735718596873,0.0,1.0,1.0,1.0,0.0,real,3,0.3701005025125628,0.3635678391959799,0.507035175879397,0.3802763819095477,0.27887723794853664,0.3660520567662433
F000186,0.0,0.3635678391959799,0.2083333333333333,0.5204164998665333,0.25,1.0,1.0,1.0,0.25,real,3,0.8304020100502513,0.3635678391959799,0.6665829145728643,0.49993718592964825,0.6919669010883563,0.596955600868665
F000187,0.0,0.3635678391959799,0.25,0.5,0.0,1.0,1.0,1.0,0.0,real,3,0.3701005025125628,0.3635678391959799,0.5793969849246231,0.4345477386934673,0.29226780889371484,0.36640659326784675
F000188,0.0,0.3635678391959799,0.25,0.5,0.0,1.0,1.0,1.0,0.0,real,3,0.3701005025125628,0.3635678391959799,0.5793969849246231,0.4345477386934673,0.29226780889371484,0.36640659326784675
F000189,0.0,0.3635678391959799,0.1944444444444444,0.3469443332443554,0.0,1.0,1.0,1.0,0.0,real,3,0.3701005025125628,0.3635678391959799,0.33341708542713566,0.25006281407035175,0.2467491666877099,0.36520141536829875
F000190,0.0,0.3635678391959799,0.5277777777777778,0.5853140973807078,0.0,1.0,1.0,1.0,0.0,real,3,0.3701005025125628,0.3635678391959799,0.750251256281407,0.5626884422110552,0.32388443473649653,0.36724369334107726
F000191,0.0,0.3635678391959799,0.5,0.0,0.25,1.0,1.0,1.0,0.25,real,3,0.8304020100502513,0.3635678391959799,0.005527638190954774,0.004145728643216081,0.4174960859574253,0.3655032069897225
F000192,0.3963319220119756,0.9414572864321608,0.7222222222222222,0.0962250448649376,0.0,1.0,1.0,1.0,0.0,real,3,0.3701005025125628,0.9414572864321608,0.021105527638190954,0.015829145728643215,0.18895583444862502,0.9324131966364485
F000193,0.0,0.3635678391959799,0.1944444444444444,0.3469443332443554,0.0,1.0,1.0,1.0,0.0,real,3,0.3701005025125628,0.3635678391959799,0.33341708542713566,0.25006281407035175,0.2467491666877099,0.36520141536829875
F000194,0.1898569058357866,0.864321608040201,0.7222222222222222,0.5091750772173156,0.0,1.0,1.0,1.0,0.0,real,3,0.3701005025125628,0.864321608040201,0.6321608040201006,0.4741206030150754,0.3020317668745739,0.6300011994646599
F000195,0.3779915320718537,0.9329145728643216,0.8333333333333333,0.5773502691896258,0.0,1.0,1.0,1.0,0.0,real,3,0.3701005025125628,0.9329145728643216,0.7276381909547739,0.5457286432160804,0.3196998813161284,0.6257708138683367
F000196,0.0,0.3635678391959799,0.375,1.0897247358851685,0.0,1.0,1.0,1.0,0.0,real,3,0.3701005025125628,0.3635678391959799,0.9899497487437185,0.7424623115577889,0.3682407009923992,0.3684180955026388
F000197,0.0,0.3635678391959799,0.1388888888888888,0.2545875386086578,0.25,1.0,1.0,1.0,0.25,real,3,0.8304020100502513,0.3635678391959799,0.1771356783919598,0.13285175879396985,0.48874791671927476,0.42558757985909446
F000198,0.0,0.3635678391959799,0.375,0.6614378277661477,0.0,1.0,1.0,1.0,0.0,real,3,0.3701005025125628,0.3635678391959799,0.8,0.6000000000000001,0.33309045226130657,0.3674874371859297
F000199,0.0,0.3635678391959799,0.0833333333333333,0.2886751345948128,0.0,1.0,1.0,1.0,0.0,real,3,0.3701005025125628,0.3635678391959799,0.228391959798995,0.17129396984924625,0.22731424080199994,0.36468684502916593
F000200,0.3222409918479341,0.9193467336683416,0.7638888888888888,0.4110735718596873,0.5,1.0,1.0,1.0,0.5,real,3,0.9587939698492463,0.9193467336683416,0.507035175879397,0.3802763819095477,0.722468119491932,0.9343475859195475
F000201,0.0,0.3635678391959799,0.3055555555555556,0.6735753140545634,0.0,1.0,1.0,1.0,0.0,real,3,0.3701005025125628,0.3635678391959799,0.8160804020100503,0.6120603015075377,0.33606613469356833,0.36756622307517484
F000202,0.0,0.3635678391959799,0.125,0.25,0.25,1.0,1.0,1.0,0.25,real,3,0.8304020100502513,0.3635678391959799,0.1349246231155779,0.10119346733668343,0.47122184414534984,0.41080840761596926
F000203,0.0,0.3635678391959799,0.1944444444444444,0.3469443332443554,0.0,1.0,1.0,1.0,0.0,real,3,0.3701005025125628,0.3635678391959799,0.33341708542713566,0.25006281407035175,0.2467491666877099,0.36520141536829875
F000204,0.0,0.3635678391959799,0.4861111111111111,0.9141379262169074,0.0,1.0,1.0,1.0,0.0,real,3,0.3701005025125628,0.3635678391959799,0.9492462311557789,0.7119346733668341,0.3607085048357365,0.3682186687204868
F000205,0.0,0.3635678391959799,0.2361111111111111,0.2097176232019652,0.0,1.0,1.0,1.0,0.0,real,3,0.3701005025125628,0.3635678391959799,0.11708542713567839,0.0878140703517588,0.20671693896618776,0.36414149895204667
F000206,0.0,0.3635678391959799,0.4861111111111111,0.6142595663193329,0.0,1.0,1.0,1.0,0.0,real,3,0.3701005025125628,0.3635678391959799,0.7525125628140703,0.5643844221105527,0.32430289007853336,0.3672547726067523
F000207,0.0,0.3635678391959799,0.1944444444444444,0.3469443332443554,0.0,1.0,1.0,1.0,0.0,real,3,0.3701005025125628,0.3635678391959799,0.33341708542713566,0.25006281407035175,0.2467491666877099,0.36520141536829875
F000208,0.0483797153000638,0.7836683417085427,0.6805555555555556,0.6254627916220946,0.5,1.0,0.5,0.5,0.5,real,3,0.9587939698492463,0.7836683417085427,0.7610552763819095,0.28539572864321605,0.4221222948915432,0.8336484479558597
F000209,0.0334936490538903,0.7618090452261307,0.625,0.4330127018922193,0.0,1.0,1.0,1.0,0.0,real,3,0.3701005025125628,0.7618090452261307,0.5271356783919598,0.3953517587939699,0.28259684098886395,0.6069463839296987
F000210,0.0,0.3635678391959799,0.25,0.5,0.0,1.0,1.0,1.0,0.0,real,3,0.3701005025125628,0.3635678391959799,0.5793969849246231,0.4345477386934673,0.29226780889371484,0.36640659326784675
F000211,0.0,0.3635678391959799,0.1944444444444444,0.3469443332443554,0.0,1.0,1.0,1.0,0.0,real,3,0.3701005025125628,0.3635678391959799,0.33341708542713566,0.25006281407035175,0.2467491666877099,0.36520141536829875
F000212,0.25,0.8977386934673367,0.75,0.5,0.0,1.0,1.0,1.0,0.0,real,3,0.3701005025125628,0.8977386934673367,0.5793969849246231,0.4345477386934673,0.29226780889371484,0.6684547107396278
F000213,0.0,0.3635678391959799,0.4166666666666667,0.2886751345948129,0.25,1.0,1.0,1.0,0.25,real,3,0.8304020100502513,0.3635678391959799,0.26030150753768844,0.19522613065326633,0.5232784525643291,0.45470606802858515
F000214,0.0,0.3635678391959799,0.1944444444444444,0.3469443332443554,0.5,1.0,1.0,1.0,0.5,real,3,0.9587939698492463,0.3635678391959799,0.33341708542713566,0.25006281407035175,0.6392361304007474,0.5124117604353425
F000215,0.0,0.3635678391959799,0.3055555555555556,0.6735753140545634,0.0,1.0,1.0,1.0,0.0,real,3,0.3701005025125628,0.3635678391959799,0.8160804020100503,0.6120603015075377,0.33606613469356833,0.36756622307517484
F000216,0.0,0.3635678391959799,0.3888888888888889,0.6309898162000305,0.25,1.0,1.0,1.0,0.25,real,3,0.8304020100502513,0.3635678391959799,0.7751256281407035,0.5813442211055276,0.7370339448498775,0.6349591866367011
F000217,0.0,0.3635678391959799,0.3611111111111111,0.7515416254704823,0.0,1.0,1.0,1.0,0.0,real,3,0.3701005025125628,0.3635678391959799,0.8728643216080402,0.6546482412060302,0.3465740132824929,0.3678444357465721
F000218,0.0,0.3635678391959799,0.6388888888888888,0.7515416254704823,0.0,1.0,1.0,1.0,0.0,real,3,0.3701005025125628,0.3635678391959799,0.8728643216080402,0.6546482412060302,0.3465740132824929,0.3678444357465721
F000219,0.0,0.3635678391959799,0.1388888888888888,0.2545875386086578,0.0,1.0,1.0,1.0,0.0,real,3,0.3701005025125628,0.3635678391959799,0.1771356783919598,0.13285175879396985,0.21782925304916542,0.3644357150071968
F000220,0.0521012318616071,0.7947236180904522,0.6944444444444444,0.6735753140545634,0.25,1.0,1.0,1.0,0.25,real,3,0.8304020100502513,0.7947236180904522,0.8160804020100503,0.6120603015075377,0.7540384081210071,0.8165609454306709
F000221,0.0521012318616071,0.7947236180904522,0.6944444444444444,0.6735753140545634,0.25,1.0,1.0,1.0,0.25,real,3,0.8304020100502513,0.7947236180904522,0.8160804020100503,0.6120603015075377,0.7540384081210071,0.8165609454306709
F000222,0.0,0.3635678391959799,0.3055555555555556,0.6735753140545634,0.75,1.0,1.0,1.0,0.75,real,3,0.9987437185929648,0.3635678391959799,0.8160804020100503,0.6120603015075377,0.9068994469836621,0.7523337794500139
F000223,0.2224894150898172,0.8839195979899498,0.7916666666666667,0.7216878364870323,0.0,1.0,1.0,1.0,0.0,real,3,0.3701005025125628,0.8839195979899498,0.857286432160804,0.642964824120603,0.3436913209262392,0.5535519936365244
F000224,0.0,0.3635678391959799,0.0555555555555555,0.1924500897298752,0.0,1.0,1.0,1.0,0.0,real,3,0.3701005025125628,0.3635678391959799,0.1,0.07500000000000001,0.20355527638190957,0.3640577889447236
F000225,0.01116454968463,0.7346733668341708,0.5416666666666666,0.1443375672974064,0.0,1.0,1.0,1.0,0.0,real,3,0.3701005025125628,0.7346733668341708,0.06030150753768844,0.04522613065326633,0.1962090603772632,0.7181851468397262
F000226,0.0,0.3635678391959799,0.3194444444444444,0.3757708127352411,0.25,1.0,1.0,1.0,0.25,real,3,0.8304020100502513,0.3635678391959799,0.3969849246231156,0.29773869346733667,0.580029544708467,0.502562435292038
F000227,0.0,0.3635678391959799,0.1944444444444444,0.3469443332443554,0.0,1.0,1.0,1.0,0.0,real,3,0.3701005025125628,0.3635678391959799,0.33341708542713566,0.25006281407035175,0.2467491666877099,0.36520141536829875
F000228,0.0,0.3635678391959799,0.3055555555555556,0.6735753140545634,0.0,1.0,1.0,1.0,0.0,real,3,0.3701005025125628,0.3635678391959799,0.8160804020100503,0.6120603015075377,0.33606613469356833,0.36756622307517484
F000229,0.0,0.3635678391959799,0.4305555555555555,0.5912165737164656,0.0,1.0,1.0,1.0,0.0,real,3,0.3701005025125628,0.3635678391959799,0.7515075376884423,0.5636306532663317,0.32411690992651704,0.36724984848867454
F000230,0.0,0.3635678391959799,0.6111111111111112,0.693888666488711,0.0,1.0,1.0,1.0,0.0,real,3,0.3701005025125628,0.3635678391959799,0.8351758793969849,0.6263819095477386,0.33959975758187927,0.36765978131865357
F000231,0.0,0.3635678391959799,0.25,0.5,0.0,1.0,1.0,1.0,0.0,real,3,0.3701005025125628,0.3635678391959799,0.5793969849246231,0.4345477386934673,0.29226780889371484,0.36640659326784675
F000232,0.0,0.3635678391959799,0.3888888888888889,0.4811252243246881,0.0,1.0,1.0,1.0,0.0,real,3,0.3701005025125628,0.3635678391959799,0.5391959798994975,0.40439698492462317,0.28482860281306027,0.3662096285447337
F000233,0.061411169010459,0.8010050251256281,0.6527777777777778,0.488288773090193,0.0,1.0,1.0,1.0,0.0,real,3,0.3701005025125628,0.8010050251256281,0.5447236180904522,0.40854271356783917,0.2858514936491503,0.624962122168632
F000234,0.0,0.3635678391959799,0.3888888888888889,0.693888666488711,0.0,1.0,1.0,1.0,0.0,real,3,0.3701005025125628,0.3635678391959799,0.8351758793969849,0.6263819095477386,0.33959975758187927,0.36765978131865357
F000235,0.5853276880479024,0.9761306532663316,0.8888888888888888,0.3849001794597506,0.0,1.0,1.0,1.0,0.0,real,3,0.3701005025125628,0.9761306532663316,0.45879396984924625,0.3440954773869347,0.26995019065175124,0.7675984192318376
F000236,0.0148860662461734,0.7439698492462311,0.5555555555555556,0.1924500897298752,0.25,1.0,1.0,1.0,0.25,real,3,0.8304020100502513,0.7439698492462311,0.1,0.07500000000000001,0.4567211055276382,0.7504522613065326
F000237,0.0,0.3635678391959799,0.3888888888888889,0.693888666488711,0.0,1.0,1.0,1.0,0.0,real,3,0.3701005025125628,0.3635678391959799,0.8351758793969849,0.6263819095477386,0.33959975758187927,0.36765978131865357
F000238,0.0,0.3635678391959799,0.1944444444444444,0.3469443332443554,0.0,1.0,1.0,1.0,0.0,real,3,0.3701005025125628,0.3635678391959799,0.33341708542713566,0.25006281407035175,0.2467491666877099,0.36520141536829875
F000239,0.5334936490538904,0.9678391959798996,0.875,0.4330127018922193,0.25,1.0,1.0,1.0,0.25,real,3,0.8304020100502513,0.9678391959798996,0.5271356783919598,0.3953517587939699,0.6340682684780687,0.9135031627989192
F000240,0.0,0.3635678391959799,0.5972222222222222,0.393817968854384,0.0,1.0,1.0,1.0,0.0,real,3,0.3701005025125628,0.3635678391959799,0.48266331658291456,0.3619974874371859,0.27436721926213986,0.365932646902856
F000241,0.0,0.3635678391959799,0.5972222222222222,0.393817968854384,0.0,1.0,1.0,1.0,0.0,real,3,0.3701005025125628,0.3635678391959799,0.48266331658291456,0.3619974874371859,0.27436721926213986,0.365932646902856
F000242,0.0,0.3635678391959799,0.1944444444444444,0.3469443332443554,0.0,1.0,1.0,1.0,0.0,real,3,0.3701005025125628,0.3635678391959799,0.33341708542713566,0.25006281407035175,0.2467491666877099,0.36520141536829875
F000243,0.3779915320718537,0.9329145728643216,0.8333333333333333,0.5773502691896258,0.0,1.0,1.0,1.0,0.0,real,3,0.3701005025125628,0.9329145728643216,0.7276381909547739,0.5457286432160804,0.3196998813161284,0.6257708138683367
F000244,0.1898569058357866,0.864321608040201,0.7222222222222222,0.5091750772173156,0.5,1.0,1.0,1.0,0.5,real,3,0.9587939698492463,0.864321608040201,0.6321608040201006,0.4741206030150754,0.7824529683593849,0.9091129011893639
F000245,0.0,0.3635678391959799,0.2777777777777778,0.5091750772173156,0.0,1.0,1.0,1.0,0.0,real,3,0.3701005025125628,0.3635678391959799,0.6321608040201006,0.4741206030150754,0.3020317668745739,0.36666510946693265
F000246,0.0,0.3635678391959799,0.3611111111111111,0.7515416254704823,0.0,1.0,1.0,1.0,0.0,real,3,0.3701005025125628,0.3635678391959799,0.8728643216080402,0.6546482412060302,0.3465740132824929,0.3678444357465721
F000247,0.0,0.3635678391959799,0.1944444444444444,0.3469443332443554,0.0,1.0,1.0,1.0,0.0,real,3,0.3701005025125628,0.3635678391959799,0.33341708542713566,0.25006281407035175,0.2467491666877099,0.36520141536829875
F000248,0.0,0.3635678391959799,0.2083333333333333,0.5204164998665333,0.0,1.0,1.0,1.0,0.0,real,3,0.3701005025125628,0.3635678391959799,0.6665829145728643,0.49993718592964825,0.3084015870811343,0.36683376051109823
F000249,0.0,0.3635678391959799,0.5416666666666666,0.3818813079129866,0.0,1.0,1.0,1.0,0.0,real,3,0.3701005025125628,0.3635678391959799,0.4236180904522613,0.31771356783919597,0.2634408853311785,0.36564335496578365
F000250,0.0,0.3635678391959799,0.3611111111111111,0.2545875386086578,0.0,1.0,1.0,1.0,0.0,real,3,0.3701005025125628,0.3635678391959799,0.1771356783919598,0.13285175879396985,0.21782925304916542,0.3644357150071968
F000251,0.0,0.3635678391959799,0.3055555555555556,0.6735753140545634,0.5,1.0,1.0,1.0,0.5,real,3,0.9587939698492463,0.3635678391959799,0.8160804020100503,0.6120603015075377,0.8706234691043155,0.7278821241887831
F000252,0.3779915320718537,0.9329145728643216,0.8333333333333333,0.5773502691896258,0.0,1.0,1.0,1.0,0.0,real,3,0.3701005025125628,0.9329145728643216,0.7276381909547739,0.5457286432160804,0.3196998813161284,0.6257708138683367
F000253,0.0,0.3635678391959799,0.4722222222222222,0.4194352464039305,0.0,1.0,1.0,1.0,0.0,real,3,0.3701005025125628,0.3635678391959799,0.5165829145728643,0.38743718592964826,0.2806440493926921,0.36609883588798264
F000254,0.0,0.3635678391959799,0.2777777777777778,0.5091750772173156,0.0,1.0,1.0,1.0,0.0,real,3,0.3701005025125628,0.3635678391959799,0.6321608040201006,0.4741206030150754,0.3020317668745739,0.36666510946693265
F000255,0.5853276880479024,0.9761306532663316,0.8888888888888888,0.3849001794597506,0.0,1.0,1.0,1.0,0.0,real,3,0.3701005025125628,0.9761306532663316,0.45879396984924625,0.3440954773869347,0.26995019065175124,0.7675984192318376
F000256,0.25,0.8977386934673367,0.75,0.5,0.0,1.0,1.0,1.0,0.0,real,3,0.3701005025125628,0.8977386934673367,0.5793969849246231,0.4345477386934673,0.29226780889371484,0.6684547107396278
F000257,0.0,0.3635678391959799,0.4861111111111111,0.9141379262169074,0.0,1.0,1.0,1.0,0.0,real,3,0.3701005025125628,0.3635678391959799,0.9492462311557789,0.7119346733668341,0.3607085048357365,0.3682186687204868
F000258,0.5334936490538904,0.9678391959798996,0.875,0.4330127018922193,0.25,1.0,1.0,1.0,0.25,real,3,0.8304020100502513,0.9678391959798996,0.5271356783919598,0.3953517587939699,0.6340682684780687,0.9135031627989192
F000259,0.0,0.3635678391959799,0.6111111111111112,0.693888666488711,0.0,1.0,1.0,1.0,0.0,real,3,0.3701005025125628,0.3635678391959799,0.8351758793969849,0.6263819095477386,0.33959975758187927,0.36765978131865357
F000260,0.0,0.3635678391959799,0.25,0.5,0.5,1.0,1.0,1.0,0.5,real,3,0.9587939698492463,0.3635678391959799,0.5793969849246231,0.4345477386934673,0.7571581525719048,0.6222220082826191
F000261,0.0521012318616071,0.7947236180904522,0.6944444444444444,0.6735753140545634,0.0,1.0,1.0,1.0,0.0,real,3,0.3701005025125628,0.7947236180904522,0.8160804020100503,0.6120603015075377,0.33606613469356833,0.5348286659427792
F000262,0.1898569058357866,0.864321608040201,0.7222222222222222,0.5091750772173156,0.0,1.0,1.0,1.0,0.0,real,3,0.3701005025125628,0.864321608040201,0.6321608040201006,0.4741206030150754,0.3020317668745739,0.6300011994646599
F000263,0.0,0.3635678391959799,0.3055555555555556,0.6735753140545634,0.5,1.0,1.0,1.0,0.5,real,3,0.9587939698492463,0.3635678391959799,0.8160804020100503,0.6120603015075377,0.8706234691043155,0.7278821241887831
F000264,0.5853276880479024,0.9761306532663316,0.8888888888888888,0.3849001794597506,0.0,1.0,1.0,1.0,0.0,real,3,0.3701005025125628,0.9761306532663316,0.45879396984924625,0.3440954773869347,0.26995019065175124,0.7675984192318376
F000265,0.0,0.3635678391959799,0.3055555555555556,0.7876359377087682,0.5,1.0,1.0,1.0,0.5,real,3,0.9587939698492463,0.3635678391959799,0.9082914572864321,0.6812185929648241,0.9148291709805307,0.7690469464154945
F000266,0.2666854362923786,0.9065326633165828,0.7361111111111112,0.4110735718596873,0.0,1.0,1.0,1.0,0.0,real,3,0.3701005025125628,0.9065326633165828,0.507035175879397,0.3802763819095477,0.27887723794853664,0.7025401820661095
F000267,0.1898569058357866,0.864321608040201,0.7222222222222222,0.5091750772173156,0.0,1.0,1.0,1.0,0.0,real,3,0.3701005025125628,0.864321608040201,0.6321608040201006,0.4741206030150754,0.3020317668745739,0.6300011994646599
F000268,0.25,0.8977386934673367,0.75,0.5,0.0,1.0,1.0,1.0,0.0,real,3,0.3701005025125628,0.8977386934673367,0.5793969849246231,0.4345477386934673,0.29226780889371484,0.6684547107396278
F000269,0.0,0.3635678391959799,0.2222222222222222,0.0962250448649376,0.0,1.0,1.0,1.0,0.0,real,3,0.3701005025125628,0.3635678391959799,0.021105527638190954,0.015829145728643215,0.18895583444862502,0.3636712456756142
F000270,0.4376389444889332,0.951005025125628,0.8055555555555556,0.3469443332443555,0.0,1.0,1.0,1.0,0.0,real,3,0.3701005025125628,0.951005025125628,0.37613065326633166,0.2820979899497488,0.25465332314840533,0.787133026943764
F000271,0.0,0.3635678391959799,0.1944444444444444,0.3469443332443554,0.0,1.0,1.0,1.0,0.0,real,3,0.3701005025125628,0.3635678391959799,0.33341708542713566,0.25006281407035175,0.2467491666877099,0.36520141536829875
F000272,0.4376389444889332,0.951005025125628,0.8055555555555556,0.3469443332443555,0.0,1.0,1.0,1.0,0.0,real,3,0.3701005025125628,0.951005025125628,0.37613065326633166,0.2820979899497488,0.25465332314840533,0.787133026943764
F000273,0.0,0.3635678391959799,0.3472222222222222,0.6988747569671736,0.0,1.0,1.0,1.0,0.0,real,3,0.3701005025125628,0.3635678391959799,0.8437185929648241,0.6327889447236181,0.34118058887401836,0.3677016363223151
F000274,0.0,0.3635678391959799,0.25,0.5,0.0,1.0,1.0,1.0,0.0,real,3,0.3701005025125628,0.3635678391959799,0.5793969849246231,0.4345477386934673,0.29226780889371484,0.36640659326784675
F000275,0.0,0.3635678391959799,0.3333333333333333,1.1547005383792517,0.0,1.0,1.0,1.0,0.0,real,3,0.3701005025125628,0.3635678391959799,0.9967336683417085,0.7475502512562814,0.3694960670185096,0.3684513332996642
F000276,0.0,0.3635678391959799,0.2361111111111111,0.2097176232019652,0.0,1.0,1.0,1.0,0.0,real,3,0.3701005025125628,0.3635678391959799,0.11708542713567839,0.0878140703517588,0.20671693896618776,0.36414149895204667
F000277,0.3779915320718537,0.9329145728643216,0.8333333333333333,0.5773502691896258,0.0,1.0,1.0,1.0,0.0,real,3,0.3701005025125628,0.9329145728643216,0.7276381909547739,0.5457286432160804,0.3196998813161284,0.6257708138683367
F000278,0.01116454968463,0.7346733668341708,0.5416666666666666,0.1443375672974064,0.25,1.0,1.0,1.0,0.25,real,3,0.8304020100502513,0.7346733668341708,0.06030150753768844,0.04522613065326633,0.4402382515593041,0.7390028029595213
F000279,0.3009680169468978,0.9133165829145728,0.7777777777777778,0.5091750772173156,0.0,1.0,1.0,1.0,0.0,real,3,0.3701005025125628,0.9133165829145728,0.6321608040201006,0.4741206030150754,0.3020317668745739,0.6557666473068862
F000280,0.0,0.3635678391959799,0.25,0.8660254037844386,0.0,1.0,1.0,1.0,0.0,real,3,0.3701005025125628,0.3635678391959799,0.9349246231155779,0.7011934673366834,0.3580582876695033,0.36814850003787786
F000281,0.0,0.3635678391959799,0.2777777777777778,0.0962250448649376,0.0,1.0,1.0,1.0,0.0,real,3,0.3701005025125628,0.3635678391959799,0.021105527638190954,0.015829145728643215,0.18895583444862502,0.3636712456756142
F000282,0.0,0.3635678391959799,0.25,0.5,0.0,1.0,1.0,1.0,0.0,real,3,0.3701005025125628,0.3635678391959799,0.5793969849246231,0.4345477386934673,0.29226780889371484,0.36640659326784675
F000283,0.0,0.3635678391959799,0.375,1.0897247358851685,0.0,1.0,1.0,1.0,0.0,real,3,0.3701005025125628,0.3635678391959799,0.9899497487437185,0.7424623115577889,0.3682407009923992,0.3684180955026388
F000284,0.061411169010459,0.8010050251256281,0.6527777777777778,0.488288773090193,0.0,1.0,1.0,1.0,0.0,real,3,0.3701005025125628,0.8010050251256281,0.5447236180904522,0.40854271356783917,0.2858514936491503,0.624962122168632
F000285,0.0483797153000638,0.7836683417085427,0.6805555555555556,0.6254627916220946,0.25,1.0,1.0,1.0,0.25,real,3,0.8304020100502513,0.7836683417085427,0.7610552763819095,0.5707914572864321,0.7311919206585693,0.8103435203656473
F000286,0.1178513660507478,0.8135678391959799,0.736111111111111,0.7087417123429486,0.0,1.0,1.0,1.0,0.0,real,3,0.3701005025125628,0.8135678391959799,0.8517587939698492,0.6388190954773869,0.34266843009014925,0.5302724363021136
F000287,0.5853276880479024,0.9761306532663316,0.8888888888888888,0.3849001794597506,0.0,1.0,1.0,1.0,0.0,real,3,0.3701005025125628,0.9761306532663316,0.45879396984924625,0.3440954773869347,0.26995019065175124,0.7675984192318376
F000288,0.0,0.3635678391959799,0.1111111111111111,0.3849001794597505,0.0,1.0,1.0,1.0,0.0,real,3,0.3701005025125628,0.3635678391959799,0.4492462311557789,0.33693467336683414,0.2681833792075958,0.3657689199767683
F000289,0.0,0.3635678391959799,0.3333333333333333,0.2886751345948129,0.0,1.0,1.0,1.0,0.0,real,3,0.3701005025125628,0.3635678391959799,0.26030150753768844,0.19522613065326633,0.2332191106285195,0.3648431857781369
F000290,0.0446581987385203,0.7701005025125628,0.6666666666666666,0.5773502691896258,0.0,1.0,1.0,1.0,0.0,real,3,0.3701005025125628,0.7701005025125628,0.7276381909547739,0.5457286432160804,0.3196998813161284,0.5518090452261306
F000291,0.1504840084734488,0.8346733668341708,0.6388888888888888,0.2545875386086578,0.0,1.0,1.0,1.0,0.0,real,3,0.3701005025125628,0.8346733668341708,0.1771356783919598,0.13285175879396985,0.21782925304916542,0.7729540447210929
F000292,0.1485783278408043,0.8238693467336683,0.7361111111111112,0.6472877887628358,0.0,1.0,1.0,1.0,0.0,real,3,0.3701005025125628,0.8238693467336683,0.7924623115577889,0.5943467336683417,0.3316956011211838,0.5541733163303957
F000293,0.0,0.3635678391959799,0.1944444444444444,0.3469443332443554,0.0,1.0,1.0,1.0,0.0,real,3,0.3701005025125628,0.3635678391959799,0.33341708542713566,0.25006281407035175,0.2467491666877099,0.36520141536829875
F000294,0.0,0.3635678391959799,0.1388888888888888,0.2545875386086578,0.25,1.0,1.0,1.0,0.25,real,3,0.8304020100502513,0.3635678391959799,0.1771356783919598,0.13285175879396985,0.48874791671927476,0.42558757985909446
F000295,0.0,0.3635678391959799,0.25,0.8660254037844386,0.25,1.0,1.0,1.0,0.25,real,3,0.8304020100502513,0.3635678391959799,0.9349246231155779,0.7011934673366834,0.8033826481654504,0.6909089101285321
F000296,0.0,0.3635678391959799,0.1666666666666666,0.5773502691896258,0.0,1.0,1.0,1.0,0.0,real,3,0.3701005025125628,0.3635678391959799,0.7276381909547739,0.5457286432160804,0.3196998813161284,0.36713290068432614
F000297,0.0,0.3635678391959799,0.4444444444444444,0.1924500897298753,0.25,1.0,1.0,1.0,0.25,real,3,0.8304020100502513,0.3635678391959799,0.1077889447236181,0.08084170854271357,0.45995508320496953,0.40130751117396024
F000298,0.0,0.3635678391959799,0.3194444444444444,0.1272937693043289,0.0,1.0,1.0,1.0,0.0,real,3,0.3701005025125628,0.3635678391959799,0.03869346733668342,0.029020100502512566,0.1922104871089114,0.36375741774197623
F000299,0.0,0.3635678391959799,0.1944444444444444,0.3469443332443554,0.0,1.0,1.0,1.0,0.0,real,3,0.3701005025125628,0.3635678391959799,0.33341708542713566,0.25006281407035175,0.2467491666877099,0.36520141536829875
F000300,0.0,0.3635678391959799,0.5972222222222222,0.393817968854384,0.0,1.0,1.0,1.0,0.0,real,3,0.3701005025125628,0.3635678391959799,0.48266331658291456,0.3619974874371859,0.27436721926213986,0.365932646902856
F000301,0.0,0.3635678391959799,0.1944444444444444,0.3469443332443554,0.0,1.0,1.0,1.0,0.0,real,3,0.3701005025125628,0.3635678391959799,0.33341708542713566,0.25006281407035175,0.2467491666877099,0.36520141536829875
F000302,0.0,0.3635678391959799,0.5277777777777778,0.4194352464039305,0.0,1.0,1.0,1.0,0.0,real,3,0.3701005025125628,0.3635678391959799,0.5165829145728643,0.38743718592964826,0.2806440493926921,0.36609883588798264
F000303,0.0,0.3635678391959799,0.4583333333333333,0.1443375672974064,0.25,1.0,1.0,1.0,0.25,real,3,0.8304020100502513,0.3635678391959799,0.06030150753768844,0.04522613065326633,0.4402382515593041,0.3846809424004444
F000304,0.0,0.3635678391959799,0.2361111111111111,0.2097176232019652,0.0,1.0,1.0,1.0,0.0,real,3,0.3701005025125628,0.3635678391959799,0.11708542713567839,0.0878140703517588,0.20671693896618776,0.36414149895204667
F000305,0.0483797153000638,0.7836683417085427,0.6805555555555556,0.6254627916220946,0.25,1.0,1.0,1.0,0.25,real,3,0.8304020100502513,0.7836683417085427,0.7610552763819095,0.5707914572864321,0.7311919206585693,0.8103435203656473
F000306,0.0,0.3635678391959799,0.4861111111111111,0.9141379262169074,0.0,1.0,1.0,1.0,0.0,real,3,0.3701005025125628,0.3635678391959799,0.9492462311557789,0.7119346733668341,0.3607085048357365,0.3682186687204868
F000307,0.0,0.3635678391959799,0.6388888888888888,0.7515416254704823,0.25,1.0,1.0,1.0,0.25,real,3,0.8304020100502513,0.3635678391959799,0.8728643216080402,0.6546482412060302,0.7776151486073584,0.6691800080806041
F000308,0.0,0.3635678391959799,0.5277777777777778,0.4194352464039305,0.5,1.0,1.0,1.0,0.5,real,3,0.9587939698492463,0.3635678391959799,0.5165829145728643,0.38743718592964826,0.7270452766344284,0.5941805762480745
F000309,0.0,0.3635678391959799,0.4861111111111111,0.9141379262169074,0.0,1.0,1.0,1.0,0.0,real,3,0.3701005025125628,0.3635678391959799,0.9492462311557789,0.7119346733668341,0.3607085048357365,0.3682186687204868
F000310,0.0,0.3635678391959799,0.1388888888888888,0.2545875386086578,0.0,1.0,1.0,1.0,0.0,real,3,0.3701005025125628,0.3635678391959799,0.1771356783919598,0.13285175879396985,0.21782925304916542,0.3644357150071968
F000311,0.0,0.3635678391959799,0.5972222222222222,0.393817968854384,0.25,1.0,1.0,1.0,0.25,real,3,0.8304020100502513,0.3635678391959799,0.48266331658291456,0.3619974874371859,0.6156032991591122,0.5325606360950481
F000312,0.0,0.3635678391959799,0.0416666666666666,0.1443375672974064,0.0,1.0,1.0,1.0,0.0,real,3,0.3701005025125628,0.3635678391959799,0.06030150753768844,0.04522613065326633,0.1962090603772632,0.3638632862806495
F000313,0.0,0.3635678391959799,0.5972222222222222,0.393817968854384,0.25,1.0,1.0,1.0,0.25,real,3,0.8304020100502513,0.3635678391959799,0.48266331658291456,0.3619974874371859,0.6156032991591122,0.5325606360950481
F000314,0.0,0.3635678391959799,0.3333333333333333,0.7637626158259733,0.25,1.0,1.0,1.0,0.25,real,3,0.8304020100502513,0.3635678391959799,0.8902010050251257,0.6676507537688443,0.7848133569859347,0.6752500252518876
F000315,0.3963319220119756,0.9414572864321608,0.7222222222222222,0.0962250448649376,0.0,1.0,1.0,1.0,0.0,real,3,0.3701005025125628,0.9414572864321608,0.021105527638190954,0.015829145728643215,0.18895583444862502,0.9324131966364485
F000316,0.0,0.3635678391959799,0.5972222222222222,0.393817968854384,0.0,1.0,1.0,1.0,0.0,real,3,0.3701005025125628,0.3635678391959799,0.48266331658291456,0.3619974874371859,0.27436721926213986,0.365932646902856
F000317,0.0,0.3635678391959799,0.2777777777777778,0.5091750772173156,0.25,1.0,1.0,1.0,0.25,real,3,0.8304020100502513,0.3635678391959799,0.6321608040201006,0.4741206030150754,0.6776748061917629,0.5849035377894498
F000318,0.0,0.3635678391959799,0.1944444444444444,0.3469443332443554,0.0,1.0,1.0,1.0,0.0,real,3,0.3701005025125628,0.3635678391959799,0.33341708542713566,0.25006281407035175,0.2467491666877099,0.36520141536829875
F000319,0.0,0.3635678391959799,0.2083333333333333,0.3818813079129866,0.0,1.0,1.0,1.0,0.0,real,3,0.3701005025125628,0.3635678391959799,0.4236180904522613,0.31771356783919597,0.2634408853311785,0.36564335496578365
F000320,0.125,0.8168341708542713,0.625,0.25,0.0,1.0,1.0,1.0,0.0,real,3,0.3701005025125628,0.8168341708542713,0.1349246231155779,0.10119346733668343,0.21001808666447816,0.7716276419787378
F000321,0.3009680169468978,0.9133165829145728,0.7777777777777778,0.5091750772173156,0.0,1.0,1.0,1.0,0.0,real,3,0.3701005025125628,0.9133165829145728,0.6321608040201006,0.4741206030150754,0.3020317668745739,0.6557666473068862
F000322,0.0,0.3635678391959799,0.4444444444444444,1.0183501544346312,0.0,1.0,1.0,1.0,0.0,real,3,0.3701005025125628,0.3635678391959799,0.9741206030150754,0.7305904522613066,0.36531151359814146,0.36834054064291305
F000323,0.01116454968463,0.7346733668341708,0.5416666666666666,0.1443375672974064,0.0,1.0,1.0,1.0,0.0,real,3,0.3701005025125628,0.7346733668341708,0.06030150753768844,0.04522613065326633,0.1962090603772632,0.7181851468397262
F000324,0.0,0.3635678391959799,0.5972222222222222,0.393817968854384,0.25,1.0,1.0,1.0,0.25,real,3,0.8304020100502513,0.3635678391959799,0.48266331658291456,0.3619974874371859,0.6156032991591122,0.5325606360950481
F000325,0.25,0.8977386934673367,0.75,0.5,0.0,1.0,1.0,1.0,0.0,real,3,0.3701005025125628,0.8977386934673367,0.5793969849246231,0.4345477386934673,0.29226780889371484,0.6684547107396278
F000326,0.0,0.3635678391959799,0.2361111111111111,0.2097176232019652,0.0,1.0,1.0,1.0,0.0,real,3,0.3701005025125628,0.3635678391959799,0.11708542713567839,0.0878140703517588,0.20671693896618776,0.36414149895204667
F000327,0.0,0.3635678391959799,0.5972222222222222,0.393817968854384,0.0,1.0,1.0,1.0,0.0,real,3,0.3701005025125628,0.3635678391959799,0.48266331658291456,0.3619974874371859,0.27436721926213986,0.365932646902856
F000328,0.0,0.3635678391959799,0.5972222222222222,0.8832285053102581,0.0,1.0,1.0,1.0,0.0,real,3,0.3701005025125628,0.3635678391959799,0.9422110552763819,0.7066582914572864,0.35940664377162196,0.3681841998939421
F000329,0.0,0.3635678391959799,0.1666666666666666,0.5773502691896258,0.0,1.0,1.0,1.0,0.0,real,3,0.3701005025125628,0.3635678391959799,0.7276381909547739,0.5457286432160804,0.3196998813161284,0.36713290068432614
F000330,0.6889957660359269,0.9899497487437184,0.9166666666666669,0.2886751345948128,0.25,1.0,1.0,1.0,0.25,real,3,0.8304020100502513,0.9899497487437184,0.228391959798995,0.17129396984924625,0.5100295762733265,0.9626201832024442
F000331,0.01116454968463,0.7346733668341708,0.5416666666666666,0.1443375672974064,0.0,1.0,1.0,1.0,0.0,real,3,0.3701005025125628,0.7346733668341708,0.06030150753768844,0.04522613065326633,0.1962090603772632,0.7181851468397262
F000332,0.0,0.3635678391959799,0.4583333333333333,0.1443375672974064,0.0,1.0,1.0,1.0,0.0,real,3,0.3701005025125628,0.3635678391959799,0.06030150753768844,0.04522613065326633,0.1962090603772632,0.3638632862806495
F000333,0.0,0.3635678391959799,0.25,0.5,0.0,1.0,1.0,1.0,0.0,real,3,0.3701005025125628,0.3635678391959799,0.5793969849246231,0.4345477386934673,0.29226780889371484,0.36640659326784675
F000334,0.5949284529178934,0.9836683417085428,0.8611111111111112,0.2545875386086578,0.0,1.0,1.0,1.0,0.0,real,3,0.3701005025125628,0.9836683417085428,0.1771356783919598,0.13285175879396985,0.21782925304916542,0.9021547751319412
F000335,0.0,0.3635678391959799,0.4027777777777778,0.6364688465216445,0.0,1.0,1.0,1.0,0.0,real,3,0.3701005025125628,0.3635678391959799,0.7829145728643216,0.5871859296482412,0.3299287896770284,0.3674037271786066
F000336,0.0,0.3635678391959799,0.4166666666666667,1.0408329997330663,0.5,1.0,1.0,1.0,0.5,real,3,0.9587939698492463,0.3635678391959799,0.9811557788944724,0.7358668341708543,0.9497601070680033,0.8015750075755663
F000337,0.0,0.3635678391959799,0.5694444444444444,0.7469072033193752,0.0,1.0,1.0,1.0,0.0,real,3,0.3701005025125628,0.3635678391959799,0.8628140703517588,0.6471105527638191,0.34471421176232925,0.3677951945657938
F000338,0.0,0.3635678391959799,0.5972222222222222,0.393817968854384,0.0,1.0,1.0,1.0,0.0,real,3,0.3701005025125628,0.3635678391959799,0.48266331658291456,0.3619974874371859,0.27436721926213986,0.365932646902856
F000339,0.0446581987385203,0.7701005025125628,0.6666666666666666,0.5773502691896258,0.5,1.0,1.0,1.0,0.5,real,3,0.9587939698492463,0.7701005025125628,0.7276381909547739,0.5457286432160804,0.828224539784349,0.8730759324259489
F000340,0.0,0.3635678391959799,0.5416666666666666,0.3818813079129866,0.0,1.0,1.0,1.0,0.0,real,3,0.3701005025125628,0.3635678391959799,0.4236180904522613,0.31771356783919597,0.2634408853311785,0.36564335496578365
F000341,0.0,0.3635678391959799,0.5277777777777778,0.8221471437193746,0.0,1.0,1.0,1.0,0.0,real,3,0.3701005025125628,0.3635678391959799,0.9208542713567839,0.6906407035175879,0.35545456554127425,0.3680795623847883
F000342,0.0,0.3635678391959799,0.3611111111111111,0.2545875386086578,0.25,1.0,1.0,1.0,0.25,real,3,0.8304020100502513,0.3635678391959799,0.1771356783919598,0.13285175879396985,0.48874791671927476,0.42558757985909446
F000343,0.0,0.3635678391959799,0.5972222222222222,0.393817968854384,0.25,1.0,1.0,1.0,0.25,real,3,0.8304020100502513,0.3635678391959799,0.48266331658291456,0.3619974874371859,0.6156032991591122,0.5325606360950481
F000344,0.0,0.3635678391959799,0.2916666666666666,0.5204164998665332,0.0,1.0,1.0,1.0,0.0,real,3,0.3701005025125628,0.3635678391959799,0.657035175879397,0.49277638190954776,0.30663477563697883,0.36678698138935883
F000345,0.0,0.3635678391959799,0.625,0.75,0.0,1.0,1.0,1.0,0.0,real,3,0.3701005025125628,0.3635678391959799,0.8633165829145729,0.6474874371859297,0.3448072018383374,0.3677976566248327
F000346,0.01116454968463,0.7346733668341708,0.5416666666666666,0.1443375672974064,0.25,1.0,1.0,1.0,0.25,real,3,0.8304020100502513,0.7346733668341708,0.06030150753768844,0.04522613065326633,0.4402382515593041,0.7390028029595213
F000347,0.0,0.3635678391959799,0.4305555555555555,0.9871864246620478,0.0,1.0,1.0,1.0,0.0,real,3,0.3701005025125628,0.3635678391959799,0.9628140703517588,0.7221105527638191,0.36321923688795743,0.3682851443145375
F000348,0.2154167222667111,0.8768844221105527,0.6944444444444444,0.3469443332443555,0.0,1.0,1.0,1.0,0.0,real,3,0.3701005025125628,0.8768844221105527,0.37613065326633166,0.2820979899497488,0.25465332314840533,0.7339216970531047
F000349,0.01116454968463,0.7346733668341708,0.5416666666666666,0.1443375672974064,0.0,1.0,1.0,1.0,0.0,real,3,0.3701005025125628,0.7346733668341708,0.06030150753768844,0.04522613065326633,0.1962090603772632,0.7181851468397262
F000350,0.0,0.3635678391959799,0.2222222222222222,0.5091750772173156,0.25,1.0,1.0,1.0,0.25,real,3,0.8304020100502513,0.3635678391959799,0.6321608040201006,0.4741206030150754,0.6776748061917629,0.5849035377894498
F000351,0.3779915320718537,0.9329145728643216,0.8333333333333333,0.5773502691896258,0.0,1.0,1.0,1.0,0.0,real,3,0.3701005025125628,0.9329145728643216,0.7276381909547739,0.5457286432160804,0.3196998813161284,0.6257708138683367
F000352,0.0,0.3635678391959799,0.0833333333333333,0.2886751345948128,0.0,1.0,1.0,1.0,0.0,real,3,0.3701005025125628,0.3635678391959799,0.228391959798995,0.17129396984924625,0.22731424080199994,0.36468684502916593
F000353,0.0,0.3635678391959799,0.125,0.4330127018922193,0.25,1.0,1.0,1.0,0.25,real,3,0.8304020100502513,0.3635678391959799,0.5271356783919598,0.3953517587939699,0.6340682684780687,0.5481315497083408
F000354,0.0,0.3635678391959799,0.1944444444444444,0.3469443332443554,0.0,1.0,1.0,1.0,0.0,real,3,0.3701005025125628,0.3635678391959799,0.33341708542713566,0.25006281407035175,0.2467491666877099,0.36520141536829875
F000355,0.0,0.3635678391959799,0.25,0.5,0.5,1.0,1.0,1.0,0.5,real,3,0.9587939698492463,0.3635678391959799,0.5793969849246231,0.4345477386934673,0.7571581525719048,0.6222220082826191
F000356,0.6889957660359269,0.9899497487437184,0.9166666666666669,0.2886751345948128,0.0,1.0,1.0,1.0,0.0,real,3,0.3701005025125628,0.9899497487437184,0.228391959798995,0.17129396984924625,0.22731424080199994,0.8837733106487209
F000357,0.2154167222667111,0.8768844221105527,0.6944444444444444,0.3469443332443555,0.0,1.0,1.0,1.0,0.0,real,3,0.3701005025125628,0.8768844221105527,0.37613065326633166,0.2820979899497488,0.25465332314840533,0.7339216970531047
F000358,0.0,0.3635678391959799,0.5277777777777778,0.8221471437193746,0.0,1.0,1.0,1.0,0.0,real,3,0.3701005025125628,0.3635678391959799,0.9208542713567839,0.6906407035175879,0.35545456554127425,0.3680795623847883
F000359,0.0,0.3635678391959799,0.25,0.5,0.0,1.0,1.0,1.0,0.0,real,3,0.3701005025125628,0.3635678391959799,0.5793969849246231,0.4345477386934673,0.29226780889371484,0.36640659326784675
F000360,0.0,0.3635678391959799,0.3611111111111111,0.7515416254704823,0.0,1.0,1.0,1.0,0.0,real,3,0.3701005025125628,0.3635678391959799,0.8728643216080402,0.6546482412060302,0.3465740132824929,0.3678444357465721
F000361,0.0,0.3635678391959799,0.3472222222222222,0.5672382737961704,0.5,1.0,1.0,1.0,0.5,real,3,0.9587939698492463,0.3635678391959799,0.7017587939698492,0.5263190954773869,0.8158180348981087,0.676846717885912
F000362,0.0,0.3635678391959799,0.4027777777777778,0.3938179688543841,0.0,1.0,1.0,1.0,0.0,real,3,0.3701005025125628,0.3635678391959799,0.5022613065326633,0.3766959798994975,0.27799383222645896,0.3660286672053736
F000363,0.0,0.3635678391959799,0.6111111111111112,0.693888666488711,0.0,1.0,1.0,1.0,0.0,real,3,0.3701005025125628,0.3635678391959799,0.8351758793969849,0.6263819095477386,0.33959975758187927,0.36765978131865357
F000364,0.01116454968463,0.7346733668341708,0.5416666666666666,0.1443375672974064,0.0,1.0,1.0,1.0,0.0,real,3,0.3701005025125628,0.7346733668341708,0.06030150753768844,0.04522613065326633,0.1962090603772632,0.7181851468397262
F000365,0.0,0.3635678391959799,0.5972222222222222,0.393817968854384,0.0,1.0,1.0,1.0,0.0,real,3,0.3701005025125628,0.3635678391959799,0.48266331658291456,0.3619974874371859,0.27436721926213986,0.365932646902856
F000366,0.0,0.3635678391959799,0.4444444444444444,0.5357583756107198,0.0,1.0,1.0,1.0,0.0,real,3,0.3701005025125628,0.3635678391959799,0.6912060301507538,0.5184045226130654,0.3129581008055352,0.3669544014040049
F000367,0.0,0.3635678391959799,0.4305555555555555,0.9871864246620478,0.25,1.0,1.0,1.0,0.25,real,3,0.8304020100502513,0.3635678391959799,0.9628140703517588,0.7221105527638191,0.814962374687508,0.700673720360597
F000368,0.5334936490538904,0.9678391959798996,0.875,0.4330127018922193,0.0,1.0,1.0,1.0,0.0,real,3,0.3701005025125628,0.9678391959798996,0.5271356783919598,0.3953517587939699,0.28259684098886395,0.7315221522183784
F000369,0.0,0.3635678391959799,0.1805555555555555,0.3757708127352412,0.25,1.0,1.0,1.0,0.25,real,3,0.8304020100502513,0.3635678391959799,0.40804020100502514,0.3060301507537688,0.5846197065730664,0.5064331708795232
F000370,0.0,0.3635678391959799,0.25,0.5,0.0,1.0,1.0,1.0,0.0,real,3,0.3701005025125628,0.3635678391959799,0.5793969849246231,0.4345477386934673,0.29226780889371484,0.36640659326784675
F000371,0.0,0.3635678391959799,0.25,0.5,0.0,1.0,1.0,1.0,0.0,real,3,0.3701005025125628,0.3635678391959799,0.5793969849246231,0.4345477386934673,0.29226780889371484,0.36640659326784675
F000372,0.0,0.3635678391959799,0.2222222222222222,0.5091750772173156,0.0,1.0,1.0,1.0,0.0,real,3,0.3701005025125628,0.3635678391959799,0.6321608040201006,0.4741206030150754,0.3020317668745739,0.36666510946693265
F000373,0.0,0.3635678391959799,0.5833333333333334,0.7637626158259733,0.0,1.0,1.0,1.0,0.0,real,3,0.3701005025125628,0.3635678391959799,0.8902010050251257,0.6676507537688443,0.34978217090477515,0.36792937678341453
F000374,0.0521012318616071,0.7947236180904522,0.6944444444444444,0.6735753140545634,0.0,1.0,1.0,1.0,0.0,real,3,0.3701005025125628,0.7947236180904522,0.8160804020100503,0.6120603015075377,0.33606613469356833,0.5348286659427792
F000375,0.6889957660359269,0.9899497487437184,0.9166666666666669,0.2886751345948128,0.0,1.0,1.0,1.0,0.0,real,3,0.3701005025125628,0.9899497487437184,0.228391959798995,0.17129396984924625,0.22731424080199994,0.8837733106487209
F000376,0.0,0.3635678391959799,0.1944444444444444,0.3469443332443554,0.25,1.0,1.0,1.0,0.25,real,3,0.8304020100502513,0.3635678391959799,0.33341708542713566,0.25006281407035175,0.5536361139870205,0.48030570566399833
F000377,0.0,0.3635678391959799,0.3611111111111111,0.8552669065744807,0.0,1.0,1.0,1.0,0.0,real,3,0.3701005025125628,0.3635678391959799,0.928894472361809,0.6966708542713568,0.3569424067574051,0.3681189553294109
F000378,0.0,0.3635678391959799,0.2916666666666666,0.3818813079129867,0.0,1.0,1.0,1.0,0.0,real,3,0.3701005025125628,0.3635678391959799,0.4402010050251256,0.3301507537688442,0.2665095578394485,0.36572460291406783
F000379,0.01116454968463,0.7346733668341708,0.5416666666666666,0.1443375672974064,0.0,1.0,1.0,1.0,0.0,real,3,0.3701005025125628,0.7346733668341708,0.06030150753768844,0.04522613065326633,0.1962090603772632,0.7181851468397262
F000380,0.0,0.3635678391959799,0.2083333333333333,0.5204164998665333,0.0,1.0,1.0,1.0,0.0,real,3,0.3701005025125628,0.3635678391959799,0.6665829145728643,0.49993718592964825,0.3084015870811343,0.36683376051109823
F000381,0.0483797153000638,0.7836683417085427,0.6805555555555556,0.6254627916220946,0.0,1.0,1.0,1.0,0.0,real,3,0.3701005025125628,0.7836683417085427,0.7610552763819095,0.5707914572864321,0.32588372137067245,0.5476073520870686
F000382,0.7926638440239513,0.9952261306532664,0.9444444444444444,0.1924500897298752,0.25,1.0,1.0,1.0,0.25,real,3,0.8304020100502513,0.9952261306532664,0.1,0.07500000000000001,0.4567211055276382,0.9828643216080403
F000383,0.0,0.3635678391959799,0.6111111111111112,0.693888666488711,0.0,1.0,1.0,1.0,0.0,real,3,0.3701005025125628,0.3635678391959799,0.8351758793969849,0.6263819095477386,0.33959975758187927,0.36765978131865357
F000384,0.0,0.3635678391959799,0.1527777777777777,0.3367876570272816,0.0,1.0,1.0,1.0,0.0,real,3,0.3701005025125628,0.3635678391959799,0.2947236180904523,0.22104271356783922,0.23958893083507993,0.3650118368223024
F000385,0.061411169010459,0.8010050251256281,0.6527777777777778,0.488288773090193,0.0,1.0,1.0,1.0,0.0,real,3,0.3701005025125628,0.8010050251256281,0.5447236180904522,0.40854271356783917,0.2858514936491503,0.624962122168632
F000386,0.0483797153000638,0.7836683417085427,0.6805555555555556,0.6254627916220946,0.0,1.0,1.0,1.0,0.0,real,3,0.3701005025125628,0.7836683417085427,0.7610552763819095,0.5707914572864321,0.32588372137067245,0.5476073520870686
F000387,0.0,0.3635678391959799,0.3055555555555556,0.6735753140545634,0.0,1.0,1.0,1.0,0.0,real,3,0.3701005025125628,0.3635678391959799,0.8160804020100503,0.6120603015075377,0.33606613469356833,0.36756622307517484
F000388,0.0,0.3635678391959799,0.4722222222222222,0.5853140973807078,0.0,1.0,1.0,1.0,0.0,real,3,0.3701005025125628,0.3635678391959799,0.750251256281407,0.5626884422110552,0.32388443473649653,0.36724369334107726
F000389,0.0148860662461734,0.7439698492462311,0.5555555555555556,0.1924500897298752,0.25,1.0,1.0,1.0,0.25,real,3,0.8304020100502513,0.7439698492462311,0.1,0.07500000000000001,0.4567211055276382,0.7504522613065326
F000390,0.5853276880479024,0.9761306532663316,0.8888888888888888,0.3849001794597506,0.25,1.0,1.0,1.0,0.25,real,3,0.8304020100502513,0.9761306532663316,0.45879396984924625,0.3440954773869347,0.6056927224059999,0.9259860862099442
F000391,0.0,0.3635678391959799,0.5972222222222222,0.393817968854384,0.0,1.0,1.0,1.0,0.0,real,3,0.3701005025125628,0.3635678391959799,0.48266331658291456,0.3619974874371859,0.27436721926213986,0.365932646902856
F000392,0.0,0.3635678391959799,0.625,0.6614378277661477,0.0,1.0,1.0,1.0,0.0,real,3,0.3701005025125628,0.3635678391959799,0.8,0.6000000000000001,0.33309045226130657,0.3674874371859297
F000393,0.25,0.8977386934673367,0.75,0.5,0.0,1.0,1.0,1.0,0.0,real,3,0.3701005025125628,0.8977386934673367,0.5793969849246231,0.4345477386934673,0.29226780889371484,0.6684547107396278
F000394,0.01116454968463,0.7346733668341708,0.5416666666666666,0.1443375672974064,0.25,1.0,1.0,1.0,0.25,real,3,0.8304020100502513,0.7346733668341708,0.06030150753768844,0.04522613065326633,0.4402382515593041,0.7390028029595213
F000395,0.0,0.3635678391959799,0.5138888888888888,0.2926570486903538,0.0,1.0,1.0,1.0,0.0,real,3,0.3701005025125628,0.3635678391959799,0.2829145728643216,0.21218592964824118,0.23740366404888766,0.364953978434888
F000396,0.0,0.3635678391959799,0.25,0.5,0.0,1.0,1.0,1.0,0.0,real,3,0.3701005025125628,0.3635678391959799,0.5793969849246231,0.4345477386934673,0.29226780889371484,0.36640659326784675
F000397,0.0,0.3635678391959799,0.1388888888888888,0.2545875386086578,0.0,1.0,1.0,1.0,0.0,real,3,0.3701005025125628,0.3635678391959799,0.1771356783919598,0.13285175879396985,0.21782925304916542,0.3644357150071968
F000398,0.0,0.3635678391959799,0.1944444444444444,0.3469443332443554,0.0,1.0,1.0,1.0,0.0,real,3,0.3701005025125628,0.3635678391959799,0.33341708542713566,0.25006281407035175,0.2467491666877099,0.36520141536829875
F000399,0.0,0.3635678391959799,0.3055555555555556,0.3469443332443555,0.0,1.0,1.0,1.0,0.0,real,3,0.3701005025125628,0.3635678391959799,0.37613065326633166,0.2820979899497488,0.25465332314840533,0.36541069038660645
F000400,0.0,0.3635678391959799,0.1944444444444444,0.3469443332443554,0.0,1.0,1.0,1.0,0.0,real,3,0.3701005025125628,0.3635678391959799,0.33341708542713566,0.25006281407035175,0.2467491666877099,0.36520141536829875
F000401,0.0,0.3635678391959799,0.5972222222222222,0.393817968854384,0.0,1.0,1.0,1.0,0.0,real,3,0.3701005025125628,0.3635678391959799,0.48266331658291456,0.3619974874371859,0.27436721926213986,0.365932646902856
F000402,0.0,0.3635678391959799,0.0972222222222221,0.1734721666221776,0.25,1.0,1.0,1.0,0.25,real,3,0.8304020100502513,0.3635678391959799,0.07839195979899498,0.05879396984924623,0.4477494255195576,0.3910148733617838
F000403,0.0,0.3635678391959799,0.1944444444444444,0.3469443332443554,0.5,1.0,1.0,1.0,0.5,real,3,0.9587939698492463,0.3635678391959799,0.33341708542713566,0.25006281407035175,0.6392361304007474,0.5124117604353425
F000404,0.0219364186574703,0.7472361809045226,0.6527777777777778,0.5672382737961704,0.0,1.0,1.0,1.0,0.0,real,3,0.3701005025125628,0.7472361809045226,0.7017587939698492,0.5263190954773869,0.31491089240170705,0.5487424717810157
F000405,0.0,0.3635678391959799,0.6944444444444444,0.7876359377087682,0.0,1.0,1.0,1.0,0.0,real,3,0.3701005025125628,0.3635678391959799,0.9082914572864321,0.6812185929648241,0.35312981364106966,0.3680180109088155
F000406,0.1898569058357866,0.864321608040201,0.7222222222222222,0.5091750772173156,0.0,1.0,1.0,1.0,0.0,real,3,0.3701005025125628,0.864321608040201,0.6321608040201006,0.4741206030150754,0.3020317668745739,0.6300011994646599
F000407,0.0,0.3635678391959799,0.4861111111111111,0.9141379262169074,0.0,1.0,1.0,1.0,0.0,real,3,0.3701005025125628,0.3635678391959799,0.9492462311557789,0.7119346733668341,0.3607085048357365,0.3682186687204868
F000408,0.0,0.3635678391959799,0.3194444444444444,0.3757708127352411,0.0,1.0,1.0,1.0,0.0,real,3,0.3701005025125628,0.3635678391959799,0.3969849246231156,0.29773869346733667,0.2585124113027449,0.36551286583672127
F000409,0.0,0.3635678391959799,0.3611111111111111,0.2545875386086578,0.0,1.0,1.0,1.0,0.0,real,3,0.3701005025125628,0.3635678391959799,0.1771356783919598,0.13285175879396985,0.21782925304916542,0.3644357150071968
F000410,0.0,0.3635678391959799,0.5555555555555556,0.8388704928078611,0.0,1.0,1.0,1.0,0.0,real,3,0.3701005025125628,0.3635678391959799,0.9258793969849246,0.6944095477386935,0.356384466301356,0.3681041829751774
F000411,0.0,0.3635678391959799,0.1944444444444444,0.3469443332443554,0.0,1.0,1.0,1.0,0.0,real,3,0.3701005025125628,0.3635678391959799,0.33341708542713566,0.25006281407035175,0.2467491666877099,0.36520141536829875
F000412,0.0,0.3635678391959799,0.1944444444444444,0.3469443332443554,0.0,1.0,1.0,1.0,0.0,real,3,0.3701005025125628,0.3635678391959799,0.33341708542713566,0.25006281407035175,0.2467491666877099,0.36520141536829875
F000413,0.0,0.3635678391959799,0.4861111111111111,0.9141379262169074,0.0,1.0,1.0,1.0,0.0,real,3,0.3701005025125628,0.3635678391959799,0.9492462311557789,0.7119346733668341,0.3607085048357365,0.3682186687204868
F000414,0.0,0.3635678391959799,0.4027777777777778,0.1734721666221777,0.0,1.0,1.0,1.0,0.0,real,3,0.3701005025125628,0.3635678391959799,0.08819095477386935,0.06614321608040201,0.20137000959571727,0.36399993055730917
F000415,0.0,0.3635678391959799,0.1944444444444444,0.3469443332443554,0.25,1.0,1.0,1.0,0.25,real,3,0.8304020100502513,0.3635678391959799,0.33341708542713566,0.25006281407035175,0.5536361139870205,0.48030570566399833
F000416,0.0,0.3635678391959799,0.2222222222222222,0.769800358919501,0.0,1.0,1.0,1.0,0.0,real,3,0.3701005025125628,0.3635678391959799,0.9007537688442211,0.6755653266331658,0.35173496250094693,0.36798108002323177
F000417,0.0,0.3635678391959799,0.1944444444444444,0.3469443332443554,0.25,1.0,1.0,1.0,0.25,real,3,0.8304020100502513,0.3635678391959799,0.33341708542713566,0.25006281407035175,0.5536361139870205,0.48030570566399833
F000418,0.25,0.8977386934673367,0.75,0.5,0.0,1.0,1.0,1.0,0.0,real,3,0.3701005025125628,0.8977386934673367,0.5793969849246231,0.4345477386934673,0.29226780889371484,0.6684547107396278
F000419,0.0,0.3635678391959799,0.0833333333333333,0.2886751345948128,0.0,1.0,1.0,1.0,0.0,real,3,0.3701005025125628,0.3635678391959799,0.228391959798995,0.17129396984924625,0.22731424080199994,0.36468684502916593
F000420,0.3009680169468978,0.9133165829145728,0.7777777777777778,0.5091750772173156,0.0,1.0,1.0,1.0,0.0,real,3,0.3701005025125628,0.9133165829145728,0.6321608040201006,0.4741206030150754,0.3020317668745739,0.6557666473068862
F000421,0.0,0.3635678391959799,0.25,0.5,0.0,1.0,1.0,1.0,0.0,real,3,0.3701005025125628,0.3635678391959799,0.5793969849246231,0.4345477386934673,0.29226780889371484,0.36640659326784675
F000422,0.0,0.3635678391959799,0.1944444444444444,0.3469443332443554,0.0,1.0,1.0,1.0,0.0,real,3,0.3701005025125628,0.3635678391959799,0.33341708542713566,0.25006281407035175,0.2467491666877099,0.36520141536829875
F000423,0.0,0.3635678391959799,0.3055555555555556,0.6735753140545634,0.0,1.0,1.0,1.0,0.0,real,3,0.3701005025125628,0.3635678391959799,0.8160804020100503,0.6120603015075377,0.33606613469356833,0.36756622307517484
F000424,0.0,0.3635678391959799,0.5416666666666666,0.3818813079129866,0.0,1.0,1.0,1.0,0.0,real,3,0.3701005025125628,0.3635678391959799,0.4236180904522613,0.31771356783919597,0.2634408853311785,0.36564335496578365
F000425,0.0,0.3635678391959799,0.5972222222222222,0.393817968854384,0.0,1.0,1.0,1.0,0.0,real,3,0.3701005025125628,0.3635678391959799,0.48266331658291456,0.3619974874371859,0.27436721926213986,0.365932646902856
F000426,0.0,0.3635678391959799,0.4722222222222222,0.4194352464039305,0.0,1.0,1.0,1.0,0.0,real,3,0.3701005025125628,0.3635678391959799,0.5165829145728643,0.38743718592964826,0.2806440493926921,0.36609883588798264
F000427,0.0,0.3635678391959799,0.2777777777777778,0.0962250448649376,0.0,1.0,1.0,1.0,0.0,real,3,0.3701005025125628,0.3635678391959799,0.021105527638190954,0.015829145728643215,0.18895583444862502,0.3636712456756142
F000428,0.0483797153000638,0.7836683417085427,0.6805555555555556,0.6254627916220946,0.0,1.0,1.0,1.0,0.0,real,3,0.3701005025125628,0.7836683417085427,0.7610552763819095,0.5707914572864321,0.32588372137067245,0.5476073520870686
F000429,0.0,0.3635678391959799,0.1944444444444444,0.3469443332443554,0.0,1.0,1.0,1.0,0.0,real,3,0.3701005025125628,0.3635678391959799,0.33341708542713566,0.25006281407035175,0.2467491666877099,0.36520141536829875
F000430,0.0483797153000638,0.7836683417085427,0.6805555555555556,0.6254627916220946,0.5,1.0,0.5,0.5,0.5,real,3,0.9587939698492463,0.7836683417085427,0.7610552763819095,0.28539572864321605,0.4221222948915432,0.8336484479558597
F000431,0.0,0.3635678391959799,0.25,0.5,0.0,1.0,1.0,1.0,0.0,real,3,0.3701005025125628,0.3635678391959799,0.5793969849246231,0.4345477386934673,0.29226780889371484,0.36640659326784675
F000432,0.0,0.3635678391959799,0.0972222222222221,0.1734721666221776,0.25,1.0,1.0,1.0,0.25,real,3,0.8304020100502513,0.3635678391959799,0.07839195979899498,0.05879396984924623,0.4477494255195576,0.3910148733617838
F000433,0.0,0.3635678391959799,0.4166666666666667,0.2886751345948129,0.0,1.0,1.0,1.0,0.0,real,3,0.3701005025125628,0.3635678391959799,0.26030150753768844,0.19522613065326633,0.2332191106285195,0.3648431857781369
F000434,0.0334936490538903,0.7618090452261307,0.625,0.4330127018922193,0.0,1.0,1.0,1.0,0.0,real,3,0.3701005025125628,0.7618090452261307,0.5271356783919598,0.3953517587939699,0.28259684098886395,0.6069463839296987
F000435,0.3009680169468978,0.9133165829145728,0.7777777777777778,0.5091750772173156,0.0,1.0,1.0,1.0,0.0,real,3,0.3701005025125628,0.9133165829145728,0.6321608040201006,0.4741206030150754,0.3020317668745739,0.6557666473068862
F000436,0.0,0.3635678391959799,0.3472222222222222,0.6988747569671736,0.0,1.0,1.0,1.0,0.0,real,3,0.3701005025125628,0.3635678391959799,0.8437185929648241,0.6327889447236181,0.34118058887401836,0.3677016363223151
F000437,0.0,0.3635678391959799,0.0833333333333333,0.2886751345948128,0.0,1.0,1.0,1.0,0.0,real,3,0.3701005025125628,0.3635678391959799,0.228391959798995,0.17129396984924625,0.22731424080199994,0.36468684502916593
F000438,0.0,0.3635678391959799,0.4444444444444444,1.0183501544346312,0.0,1.0,1.0,1.0,0.0,real,3,0.3701005025125628,0.3635678391959799,0.9741206030150754,0.7305904522613066,0.36531151359814146,0.36834054064291305
F000439,0.0,0.3635678391959799,0.1666666666666666,0.5773502691896258,0.0,1.0,1.0,1.0,0.0,real,3,0.3701005025125628,0.3635678391959799,0.7276381909547739,0.5457286432160804,0.3196998813161284,0.36713290068432614
F000440,0.0,0.3635678391959799,0.1944444444444444,0.3469443332443554,0.0,1.0,1.0,1.0,0.0,real,3,0.3701005025125628,0.3635678391959799,0.33341708542713566,0.25006281407035175,0.2467491666877099,0.36520141536829875
F000441,0.0,0.3635678391959799,0.1944444444444444,0.3469443332443554,0.0,1.0,1.0,1.0,0.0,real,3,0.3701005025125628,0.3635678391959799,0.33341708542713566,0.25006281407035175,0.2467491666877099,0.36520141536829875
F000442,0.0,0.3635678391959799,0.4305555555555555,0.9871864246620478,0.0,1.0,1.0,1.0,0.0,real,3,0.3701005025125628,0.3635678391959799,0.9628140703517588,0.7221105527638191,0.36321923688795743,0.3682851443145375
F000443,0.0,0.3635678391959799,0.5277777777777778,0.8221471437193746,0.5,1.0,1.0,1.0,0.5,real,3,0.9587939698492463,0.3635678391959799,0.9208542713567839,0.6906407035175879,0.9208517461680261,0.7746552328224035
F000444,0.0,0.3635678391959799,0.6388888888888888,0.7515416254704823,0.0,1.0,1.0,1.0,0.0,real,3,0.3701005025125628,0.3635678391959799,0.8728643216080402,0.6546482412060302,0.3465740132824929,0.3678444357465721
F000445,0.0,0.3635678391959799,0.6527777777777778,0.6684005230842202,0.0,1.0,1.0,1.0,0.0,real,3,0.3701005025125628,0.3635678391959799,0.8037688442211055,0.6028266331658292,0.3337878778313679,0.3675059026287215
F000446,0.0,0.3635678391959799,0.25,0.5,0.0,1.0,1.0,1.0,0.0,real,3,0.3701005025125628,0.3635678391959799,0.5793969849246231,0.4345477386934673,0.29226780889371484,0.36640659326784675
F000447,0.2224894150898172,0.8839195979899498,0.7916666666666667,0.7216878364870323,0.5,1.0,1.0,1.0,0.5,real,3,0.9587939698492463,0.8839195979899498,0.857286432160804,0.642964824120603,0.8903775157193,0.9320611853236029
F000448,0.4376389444889332,0.951005025125628,0.8055555555555556,0.3469443332443555,0.0,1.0,1.0,1.0,0.0,real,3,0.3701005025125628,0.951005025125628,0.37613065326633166,0.2820979899497488,0.25465332314840533,0.787133026943764
F000449,0.2224894150898172,0.8839195979899498,0.7916666666666667,0.7216878364870323,0.25,1.0,1.0,1.0,0.25,real,3,0.8304020100502513,0.8839195979899498,0.857286432160804,0.642964824120603,0.7711471932526957,0.8495096714729427
F000450,0.0,0.3635678391959799,0.1527777777777777,0.3367876570272816,0.0,1.0,1.0,1.0,0.0,real,3,0.3701005025125628,0.3635678391959799,0.2947236180904523,0.22104271356783922,0.23958893083507993,0.3650118368223024
F000451,0.0,0.3635678391959799,0.2222222222222222,0.769800358919501,0.0,1.0,1.0,1.0,0.0,real,3,0.3701005025125628,0.3635678391959799,0.9007537688442211,0.6755653266331658,0.35173496250094693,0.36798108002323177
F000452,0.0,0.3635678391959799,0.125,0.25,0.25,1.0,1.0,1.0,0.25,real,3,0.8304020100502513,0.3635678391959799,0.1349246231155779,0.10119346733668343,0.47122184414534984,0.41080840761596926
F000453,0.0,0.3635678391959799,0.4305555555555555,0.9871864246620478,0.0,1.0,1.0,1.0,0.0,real,3,0.3701005025125628,0.3635678391959799,0.9628140703517588,0.7221105527638191,0.36321923688795743,0.3682851443145375
F000454,0.1504840084734488,0.8346733668341708,0.6388888888888888,0.2545875386086578,0.25,1.0,1.0,1.0,0.25,real,3,0.8304020100502513,0.8346733668341708,0.1771356783919598,0.13285175879396985,0.48874791671927476,0.8341059095729906
F000455,0.0,0.3635678391959799,0.3611111111111111,0.8552669065744807,0.0,1.0,1.0,1.0,0.0,real,3,0.3701005025125628,0.3635678391959799,0.928894472361809,0.6966708542713568,0.3569424067574051,0.3681189553294109
F000456,0.0,0.3635678391959799,0.5972222222222222,0.393817968854384,0.5,1.0,1.0,1.0,0.5,real,3,0.9587939698492463,0.3635678391959799,0.48266331658291456,0.3619974874371859,0.7107843236281912,0.5790382029494205
F000457,0.0,0.3635678391959799,0.3611111111111111,0.8552669065744807,0.25,1.0,1.0,1.0,0.25,real,3,0.8304020100502513,0.3635678391959799,0.928894472361809,0.6966708542713568,0.8008789235120325,0.6887975998080856
F000458,0.2666854362923786,0.9065326633165828,0.7361111111111112,0.4110735718596873,0.0,1.0,1.0,1.0,0.0,real,3,0.3701005025125628,0.9065326633165828,0.507035175879397,0.3802763819095477,0.27887723794853664,0.7025401820661095
F000459,0.2154167222667111,0.8768844221105527,0.6944444444444444,0.3469443332443555,0.0,1.0,1.0,1.0,0.0,real,3,0.3701005025125628,0.8768844221105527,0.37613065326633166,0.2820979899497488,0.25465332314840533,0.7339216970531047
F000460,0.0,0.3635678391959799,0.0555555555555555,0.1924500897298752,0.0,1.0,1.0,1.0,0.0,real,3,0.3701005025125628,0.3635678391959799,0.1,0.07500000000000001,0.20355527638190957,0.3640577889447236
F000461,0.0,0.3635678391959799,0.1388888888888888,0.2545875386086578,0.0,1.0,1.0,1.0,0.0,real,3,0.3701005025125628,0.3635678391959799,0.1771356783919598,0.13285175879396985,0.21782925304916542,0.3644357150071968
F000462,0.0,0.3635678391959799,0.5972222222222222,0.393817968854384,0.25,1.0,1.0,1.0,0.25,real,3,0.8304020100502513,0.3635678391959799,0.48266331658291456,0.3619974874371859,0.6156032991591122,0.5325606360950481
F000463,0.0,0.3635678391959799,0.3194444444444444,0.3757708127352411,0.0,1.0,1.0,1.0,0.0,real,3,0.3701005025125628,0.3635678391959799,0.3969849246231156,0.29773869346733667,0.2585124113027449,0.36551286583672127
F000464,0.0,0.3635678391959799,0.1388888888888888,0.2545875386086578,0.25,1.0,1.0,1.0,0.25,real,3,0.8304020100502513,0.3635678391959799,0.1771356783919598,0.13285175879396985,0.48874791671927476,0.42558757985909446
F000465,0.0223290993692601,0.7540201005025126,0.5833333333333334,0.2886751345948129,0.0,1.0,1.0,1.0,0.0,real,3,0.3701005025125628,0.7540201005025126,0.26030150753768844,0.19522613065326633,0.2332191106285195,0.6790689629049772
F000466,0.1178513660507478,0.8135678391959799,0.736111111111111,0.7087417123429486,0.0,1.0,1.0,1.0,0.0,real,3,0.3701005025125628,0.8135678391959799,0.8517587939698492,0.6388190954773869,0.34266843009014925,0.5302724363021136
F000467,0.5752420042367246,0.9706030150753768,0.8194444444444444,0.1272937693043289,0.0,1.0,1.0,1.0,0.0,real,3,0.3701005025125628,0.9706030150753768,0.03869346733668342,0.029020100502512566,0.1922104871089114,0.9531763718087927
F000468,0.1504840084734488,0.8346733668341708,0.6388888888888888,0.2545875386086578,0.0,1.0,1.0,1.0,0.0,real,3,0.3701005025125628,0.8346733668341708,0.1771356783919598,0.13285175879396985,0.21782925304916542,0.7729540447210929
F000469,0.0,0.3635678391959799,0.5555555555555556,0.5357583756107197,0.5,1.0,1.0,1.0,0.5,real,3,0.9587939698492463,0.3635678391959799,0.6798994974874372,0.5099246231155778,0.805338754071867,0.6670882995378904
F000470,0.0,0.3635678391959799,0.2777777777777778,0.5091750772173156,0.25,1.0,1.0,1.0,0.25,real,3,0.8304020100502513,0.3635678391959799,0.6321608040201006,0.4741206030150754,0.6776748061917629,0.5849035377894498
F000471,0.0,0.3635678391959799,0.1944444444444444,0.3469443332443554,0.25,1.0,1.0,1.0,0.25,real,3,0.8304020100502513,0.3635678391959799,0.33341708542713566,0.25006281407035175,0.5536361139870205,0.48030570566399833
F000472,0.0,0.3635678391959799,0.4583333333333333,1.010362971081845,0.0,1.0,1.0,1.0,0.0,real,3,0.3701005025125628,0.3635678391959799,0.9678391959798995,0.7258793969849247,0.3641491376480392,0.3683097649049266
F000473,0.0,0.3635678391959799,0.3888888888888889,0.693888666488711,0.0,1.0,1.0,1.0,0.0,real,3,0.3701005025125628,0.3635678391959799,0.8351758793969849,0.6263819095477386,0.33959975758187927,0.36765978131865357
F000474,0.0,0.3635678391959799,0.1805555555555555,0.3757708127352412,0.0,1.0,1.0,1.0,0.0,real,3,0.3701005025125628,0.3635678391959799,0.40804020100502514,0.3060301507537688,0.2605581929749249,0.36556703113557737
F000475,0.1485783278408043,0.8238693467336683,0.7361111111111112,0.6472877887628358,0.0,1.0,1.0,1.0,0.0,real,3,0.3701005025125628,0.8238693467336683,0.7924623115577889,0.5943467336683417,0.3316956011211838,0.5541733163303957
F000476,0.0,0.3635678391959799,0.1111111111111111,0.3849001794597505,0.0,1.0,1.0,1.0,0.0,real,3,0.3701005025125628,0.3635678391959799,0.4492462311557789,0.33693467336683414,0.2681833792075958,0.3657689199767683
F000477,0.0223290993692601,0.7540201005025126,0.5833333333333334,0.2886751345948129,0.5,1.0,1.0,1.0,0.5,real,3,0.9587939698492463,0.7540201005025126,0.26030150753768844,0.19522613065326633,0.604184742809525,0.7939973106739728
F000478,0.0,0.3635678391959799,0.1388888888888888,0.2545875386086578,0.0,1.0,1.0,1.0,0.0,real,3,0.3701005025125628,0.3635678391959799,0.1771356783919598,0.13285175879396985,0.21782925304916542,0.3644357150071968
F000479,0.0,0.3635678391959799,0.6388888888888888,0.7515416254704823,0.5,1.0,1.0,1.0,0.5,real,3,0.9587939698492463,0.3635678391959799,0.8728643216080402,0.6546482412060302,0.897845508951794,0.7532315787480115
F000480,0.3231250834000667,0.9236180904522612,0.7916666666666667,0.5204164998665333,0.25,1.0,1.0,1.0,0.25,real,3,0.8304020100502513,0.9236180904522612,0.6665829145728643,0.49993718592964825,0.6919669010883563,0.8770159055326885
F000481,0.0,0.3635678391959799,0.1944444444444444,0.3469443332443554,0.0,1.0,1.0,1.0,0.0,real,3,0.3701005025125628,0.3635678391959799,0.33341708542713566,0.25006281407035175,0.2467491666877099,0.36520141536829875
F000482,0.0,0.3635678391959799,0.1944444444444444,0.3469443332443554,0.0,1.0,1.0,1.0,0.0,real,3,0.3701005025125628,0.3635678391959799,0.33341708542713566,0.25006281407035175,0.2467491666877099,0.36520141536829875
F000483,0.0,0.3635678391959799,0.3611111111111111,0.2545875386086578,0.0,1.0,1.0,1.0,0.0,real,3,0.3701005025125628,0.3635678391959799,0.1771356783919598,0.13285175879396985,0.21782925304916542,0.3644357150071968
F000484,0.5949284529178934,0.9836683417085428,0.8611111111111112,0.2545875386086578,0.0,1.0,1.0,1.0,0.0,real,3,0.3701005025125628,0.9836683417085428,0.1771356783919598,0.13285175879396985,0.21782925304916542,0.9021547751319412
F000485,0.0,0.3635678391959799,0.4444444444444444,0.5357583756107198,0.5,1.0,1.0,1.0,0.5,real,3,0.9587939698492463,0.3635678391959799,0.6912060301507538,0.5184045226130654,0.8107590717406126,0.6721357573041085
F000486,0.1898569058357866,0.864321608040201,0.7222222222222222,0.5091750772173156,0.0,1.0,1.0,1.0,0.0,real,3,0.3701005025125628,0.864321608040201,0.6321608040201006,0.4741206030150754,0.3020317668745739,0.6300011994646599
F000487,0.01116454968463,0.7346733668341708,0.5416666666666666,0.1443375672974064,0.0,1.0,1.0,1.0,0.0,real,3,0.3701005025125628,0.7346733668341708,0.06030150753768844,0.04522613065326633,0.1962090603772632,0.7181851468397262
F000488,0.0,0.3635678391959799,0.1805555555555555,0.1272937693043289,0.25,1.0,1.0,1.0,0.25,real,3,0.8304020100502513,0.3635678391959799,0.03869346733668342,0.029020100502512566,0.4312665715512235,0.377115413752178
F000489,0.0334936490538903,0.7618090452261307,0.625,0.4330127018922193,0.0,1.0,1.0,1.0,0.0,real,3,0.3701005025125628,0.7618090452261307,0.5271356783919598,0.3953517587939699,0.28259684098886395,0.6069463839296987
F000490,0.0,0.3635678391959799,0.1666666666666666,0.2886751345948128,0.0,1.0,1.0,1.0,0.0,real,3,0.3701005025125628,0.3635678391959799,0.228391959798995,0.17129396984924625,0.22731424080199994,0.36468684502916593
F000491,0.1898569058357866,0.864321608040201,0.7222222222222222,0.5091750772173156,0.0,1.0,1.0,1.0,0.0,real,3,0.3701005025125628,0.864321608040201,0.6321608040201006,0.4741206030150754,0.3020317668745739,0.6300011994646599
F000492,0.0,0.3635678391959799,0.1666666666666666,0.5773502691896258,0.0,1.0,1.0,1.0,0.0,real,3,0.3701005025125628,0.3635678391959799,0.7276381909547739,0.5457286432160804,0.3196998813161284,0.36713290068432614
F000493,0.0,0.3635678391959799,0.1944444444444444,0.3469443332443554,0.0,1.0,1.0,1.0,0.0,real,3,0.3701005025125628,0.3635678391959799,0.33341708542713566,0.25006281407035175,0.2467491666877099,0.36520141536829875
F000494,0.0,0.3635678391959799,0.3611111111111111,0.7515416254704823,0.0,1.0,1.0,1.0,0.0,real,3,0.3701005025125628,0.3635678391959799,0.8728643216080402,0.6546482412060302,0.3465740132824929,0.3678444357465721
F000495,0.0,0.3635678391959799,0.4444444444444444,0.5357583756107198,0.5,1.0,1.0,1.0,0.5,real,3,0.9587939698492463,0.3635678391959799,0.6912060301507538,0.5184045226130654,0.8107590717406126,0.6721357573041085
F000496,0.0,0.3635678391959799,0.0416666666666666,0.1443375672974064,0.0,1.0,1.0,1.0,0.0,real,3,0.3701005025125628,0.3635678391959799,0.06030150753768844,0.04522613065326633,0.1962090603772632,0.3638632862806495
F000497,0.0,0.3635678391959799,0.3194444444444444,0.1272937693043289,0.0,1.0,1.0,1.0,0.0,real,3,0.3701005025125628,0.3635678391959799,0.03869346733668342,0.029020100502512566,0.1922104871089114,0.36375741774197623
F000498,0.0,0.3635678391959799,0.2361111111111111,0.2097176232019652,0.0,1.0,1.0,1.0,0.0,real,3,0.3701005025125628,0.3635678391959799,0.11708542713567839,0.0878140703517588,0.20671693896618776,0.36414149895204667
F000499,0.0,0.3635678391959799,0.0972222222222221,0.1734721666221776,0.0,1.0,1.0,1.0,0.0,real,3,0.3701005025125628,0.3635678391959799,0.07839195979899498,0.05879396984924623,0.19955670311355775,0.36395192040605034
F000500,0.0,0.3635678391959799,0.0833333333333333,0.2886751345948128,0.0,1.0,1.0,1.0,0.0,real,3,0.3701005025125628,0.3635678391959799,0.228391959798995,0.17129396984924625,0.22731424080199994,0.36468684502916593
F000501,0.0,0.3635678391959799,0.1944444444444444,0.3469443332443554,0.25,1.0,1.0,1.0,0.25,real,3,0.8304020100502513,0.3635678391959799,0.33341708542713566,0.25006281407035175,0.5536361139870205,0.48030570566399833
F000502,0.0,0.3635678391959799,0.3611111111111111,0.2545875386086578,0.0,1.0,1.0,1.0,0.0,real,3,0.3701005025125628,0.3635678391959799,0.1771356783919598,0.13285175879396985,0.21782925304916542,0.3644357150071968
F000503,0.0,0.3635678391959799,0.1388888888888888,0.2545875386086578,0.0,1.0,1.0,1.0,0.0,real,3,0.3701005025125628,0.3635678391959799,0.1771356783919598,0.13285175879396985,0.21782925304916542,0.3644357150071968
F000504,0.7926638440239513,0.9952261306532664,0.9444444444444444,0.1924500897298752,0.25,1.0,1.0,1.0,0.25,real,3,0.8304020100502513,0.9952261306532664,0.1,0.07500000000000001,0.4567211055276382,0.9828643216080403
F000505,0.0,0.3635678391959799,0.1805555555555555,0.1272937693043289,0.0,1.0,1.0,1.0,0.0,real,3,0.3701005025125628,0.3635678391959799,0.03869346733668342,0.029020100502512566,0.1922104871089114,0.36375741774197623
F000506,0.0,0.3635678391959799,0.3888888888888889,0.693888666488711,0.0,1.0,1.0,1.0,0.0,real,3,0.3701005025125628,0.3635678391959799,0.8351758793969849,0.6263819095477386,0.33959975758187927,0.36765978131865357
F000507,0.0,0.3635678391959799,0.3055555555555556,0.6735753140545634,0.5,1.0,1.0,1.0,0.5,real,3,0.9587939698492463,0.3635678391959799,0.8160804020100503,0.6120603015075377,0.8706234691043155,0.7278821241887831
F000508,0.0,0.3635678391959799,0.25,0.5,0.25,1.0,1.0,1.0,0.25,real,3,0.8304020100502513,0.3635678391959799,0.5793969849246231,0.4345477386934673,0.6557672154743568,0.5664295724855433
F000509,0.0,0.3635678391959799,0.3194444444444444,0.3757708127352411,0.0,1.0,1.0,1.0,0.0,real,3,0.3701005025125628,0.3635678391959799,0.3969849246231156,0.29773869346733667,0.2585124113027449,0.36551286583672127
F000510,0.0,0.3635678391959799,0.2083333333333333,0.3818813079129866,0.0,1.0,1.0,1.0,0.0,real,3,0.3701005025125628,0.3635678391959799,0.4236180904522613,0.31771356783919597,0.2634408853311785,0.36564335496578365
F000511,0.3231250834000667,0.9236180904522612,0.7916666666666667,0.5204164998665333,0.0,1.0,1.0,1.0,0.0,real,3,0.3701005025125628,0.9236180904522612,0.6665829145728643,0.49993718592964825,0.3084015870811343,0.6468940651751218
F000512,0.0,0.3635678391959799,0.5416666666666666,0.3818813079129866,0.0,1.0,1.0,1.0,0.0,real,3,0.3701005025125628,0.3635678391959799,0.4236180904522613,0.31771356783919597,0.2634408853311785,0.36564335496578365
F000513,0.0,0.3635678391959799,0.5138888888888888,0.2926570486903538,0.0,1.0,1.0,1.0,0.0,real,3,0.3701005025125628,0.3635678391959799,0.2829145728643216,0.21218592964824118,0.23740366404888766,0.364953978434888
F000514,0.0,0.3635678391959799,0.0555555555555555,0.1924500897298752,0.0,1.0,1.0,1.0,0.0,real,3,0.3701005025125628,0.3635678391959799,0.1,0.07500000000000001,0.20355527638190957,0.3640577889447236
F000515,0.0,0.3635678391959799,0.3611111111111111,0.7515416254704823,0.0,1.0,1.0,1.0,0.0,real,3,0.3701005025125628,0.3635678391959799,0.8728643216080402,0.6546482412060302,0.3465740132824929,0.3678444357465721
F000516,0.1178513660507478,0.8135678391959799,0.736111111111111,0.7087417123429486,0.0,1.0,1.0,1.0,0.0,real,3,0.3701005025125628,0.8135678391959799,0.8517587939698492,0.6388190954773869,0.34266843009014925,0.5302724363021136
F000517,0.0,0.3635678391959799,0.5972222222222222,0.393817968854384,0.0,1.0,1.0,1.0,0.0,real,3,0.3701005025125628,0.3635678391959799,0.48266331658291456,0.3619974874371859,0.27436721926213986,0.365932646902856
F000518,0.5853276880479024,0.9761306532663316,0.8888888888888888,0.3849001794597506,0.25,1.0,1.0,1.0,0.25,real,3,0.8304020100502513,0.9761306532663316,0.45879396984924625,0.3440954773869347,0.6056927224059999,0.9259860862099442
F000519,0.0,0.3635678391959799,0.6388888888888888,0.7515416254704823,0.0,1.0,1.0,1.0,0.0,real,3,0.3701005025125628,0.3635678391959799,0.8728643216080402,0.6546482412060302,0.3465740132824929,0.3678444357465721
F000520,0.25,0.8977386934673367,0.75,0.5,0.0,1.0,1.0,1.0,0.0,real,3,0.3701005025125628,0.8977386934673367,0.5793969849246231,0.4345477386934673,0.29226780889371484,0.6684547107396278
F000521,0.0334936490538903,0.7618090452261307,0.625,0.4330127018922193,0.5,1.0,1.0,1.0,0.5,real,3,0.9587939698492463,0.7618090452261307,0.5271356783919598,0.3953517587939699,0.7321042397919245,0.8396873816317769
F000522,0.0,0.3635678391959799,0.5972222222222222,0.393817968854384,0.0,1.0,1.0,1.0,0.0,real,3,0.3701005025125628,0.3635678391959799,0.48266331658291456,0.3619974874371859,0.27436721926213986,0.365932646902856
F000523,0.0,0.3635678391959799,0.375,1.0897247358851685,0.0,1.0,1.0,1.0,0.0,real,3,0.3701005025125628,0.3635678391959799,0.9899497487437185,0.7424623115577889,0.3682407009923992,0.3684180955026388
F000524,0.0,0.3635678391959799,0.3472222222222222,0.5672382737961704,0.0,1.0,1.0,1.0,0.0,real,3,0.3701005025125628,0.3635678391959799,0.7017587939698492,0.5263190954773869,0.31491089240170705,0.3670061046438221
F000525,0.0,0.3635678391959799,0.3055555555555556,0.7876359377087682,0.0,1.0,1.0,1.0,0.0,real,3,0.3701005025125628,0.3635678391959799,0.9082914572864321,0.6812185929648241,0.35312981364106966,0.3680180109088155
F000526,0.0,0.3635678391959799,0.1944444444444444,0.3469443332443554,0.0,1.0,1.0,1.0,0.0,real,3,0.3701005025125628,0.3635678391959799,0.33341708542713566,0.25006281407035175,0.2467491666877099,0.36520141536829875
F000527,0.01116454968463,0.7346733668341708,0.5416666666666666,0.1443375672974064,0.25,1.0,1.0,1.0,0.25,real,3,0.8304020100502513,0.7346733668341708,0.06030150753768844,0.04522613065326633,0.4402382515593041,0.7390028029595213
F000528,0.1504840084734488,0.8346733668341708,0.6388888888888888,0.2545875386086578,0.0,1.0,1.0,1.0,0.0,real,3,0.3701005025125628,0.8346733668341708,0.1771356783919598,0.13285175879396985,0.21782925304916542,0.7729540447210929
F000529,0.0,0.3635678391959799,0.6111111111111112,0.693888666488711,0.0,1.0,1.0,1.0,0.0,real,3,0.3701005025125628,0.3635678391959799,0.8351758793969849,0.6263819095477386,0.33959975758187927,0.36765978131865357
F000530,0.4376389444889332,0.951005025125628,0.8055555555555556,0.3469443332443555,0.0,1.0,1.0,1.0,0.0,real,3,0.3701005025125628,0.951005025125628,0.37613065326633166,0.2820979899497488,0.25465332314840533,0.787133026943764
F000531,0.0,0.3635678391959799,0.5694444444444444,0.4738533919231106,0.0,1.0,1.0,1.0,0.0,real,3,0.3701005025125628,0.3635678391959799,0.535427135678392,0.40157035175879396,0.2841311772429989,0.3661911631019419
F000532,0.0,0.3635678391959799,0.4027777777777778,0.6364688465216445,0.5,1.0,1.0,1.0,0.5,real,3,0.9587939698492463,0.3635678391959799,0.7829145728643216,0.5871859296482412,0.8547238706093281,0.7130762480745436
F000533,0.0,0.3635678391959799,0.3611111111111111,0.2545875386086578,0.25,1.0,1.0,1.0,0.25,real,3,0.8304020100502513,0.3635678391959799,0.1771356783919598,0.13285175879396985,0.48874791671927476,0.42558757985909446
F000534,0.0,0.3635678391959799,0.1666666666666666,0.5773502691896258,0.0,1.0,1.0,1.0,0.0,real,3,0.3701005025125628,0.3635678391959799,0.7276381909547739,0.5457286432160804,0.3196998813161284,0.36713290068432614
F000535,0.0,0.3635678391959799,0.3055555555555556,0.6735753140545634,0.0,1.0,1.0,1.0,0.0,real,3,0.3701005025125628,0.3635678391959799,0.8160804020100503,0.6120603015075377,0.33606613469356833,0.36756622307517484
F000536,0.0,0.3635678391959799,0.1388888888888888,0.2545875386086578,0.0,1.0,1.0,1.0,0.0,real,3,0.3701005025125628,0.3635678391959799,0.1771356783919598,0.13285175879396985,0.21782925304916542,0.3644357150071968
F000537,0.1504840084734488,0.8346733668341708,0.6388888888888888,0.2545875386086578,0.0,1.0,1.0,1.0,0.0,real,3,0.3701005025125628,0.8346733668341708,0.1771356783919598,0.13285175879396985,0.21782925304916542,0.7729540447210929
F000538,0.0,0.3635678391959799,0.1944444444444444,0.3469443332443554,0.5,1.0,1.0,1.0,0.5,real,3,0.9587939698492463,0.3635678391959799,0.33341708542713566,0.25006281407035175,0.6392361304007474,0.5124117604353425
F000539,0.0,0.3635678391959799,0.5555555555555556,0.5357583756107197,0.0,1.0,1.0,1.0,0.0,real,3,0.3701005025125628,0.3635678391959799,0.6798994974874372,0.5099246231155778,0.31086582409535113,0.3668990050756294
F000540,0.125,0.8168341708542713,0.625,0.25,0.0,1.0,1.0,1.0,0.0,real,3,0.3701005025125628,0.8168341708542713,0.1349246231155779,0.10119346733668343,0.21001808666447816,0.7716276419787378
F000541,0.0521012318616071,0.7947236180904522,0.6944444444444444,0.6735753140545634,0.0,1.0,1.0,1.0,0.0,real,3,0.3701005025125628,0.7947236180904522,0.8160804020100503,0.6120603015075377,0.33606613469356833,0.5348286659427792
F000542,0.0,0.3635678391959799,0.25,0.5,0.0,1.0,1.0,1.0,0.0,real,3,0.3701005025125628,0.3635678391959799,0.5793969849246231,0.4345477386934673,0.29226780889371484,0.36640659326784675
F000543,0.1889957660359268,0.8522613065326633,0.6666666666666666,0.2886751345948129,0.5,1.0,1.0,1.0,0.5,real,3,0.9587939698492463,0.8522613065326633,0.26030150753768844,0.19522613065326633,0.604184742809525,0.8730592661801468
F000544,0.0,0.3635678391959799,0.5416666666666666,0.3818813079129866,0.25,1.0,1.0,1.0,0.25,real,3,0.8304020100502513,0.3635678391959799,0.4236180904522613,0.31771356783919597,0.5910876619277291,0.5118873892073432
F000545,0.1178513660507478,0.8135678391959799,0.736111111111111,0.7087417123429486,0.0,1.0,1.0,1.0,0.0,real,3,0.3701005025125628,0.8135678391959799,0.8517587939698492,0.6388190954773869,0.34266843009014925,0.5302724363021136
F000546,0.0,0.3635678391959799,0.4861111111111111,0.9141379262169074,0.0,1.0,1.0,1.0,0.0,real,3,0.3701005025125628,0.3635678391959799,0.9492462311557789,0.7119346733668341,0.3607085048357365,0.3682186687204868
F000547,0.0,0.3635678391959799,0.25,0.5,0.0,1.0,1.0,1.0,0.0,real,3,0.3701005025125628,0.3635678391959799,0.5793969849246231,0.4345477386934673,0.29226780889371484,0.36640659326784675
F000548,0.0,0.3635678391959799,0.1944444444444444,0.3469443332443554,0.0,1.0,1.0,1.0,0.0,real,3,0.3701005025125628,0.3635678391959799,0.33341708542713566,0.25006281407035175,0.2467491666877099,0.36520141536829875
F000549,0.0,0.3635678391959799,0.3611111111111111,0.2545875386086578,0.0,1.0,1.0,1.0,0.0,real,3,0.3701005025125628,0.3635678391959799,0.1771356783919598,0.13285175879396985,0.21782925304916542,0.3644357150071968
F000550,0.0,0.3635678391959799,0.1944444444444444,0.3469443332443554,0.0,1.0,1.0,1.0,0.0,real,3,0.3701005025125628,0.3635678391959799,0.33341708542713566,0.25006281407035175,0.2467491666877099,0.36520141536829875
F000551,0.0,0.3635678391959799,0.4166666666666667,0.2886751345948129,0.0,1.0,1.0,1.0,0.0,real,3,0.3701005025125628,0.3635678391959799,0.26030150753768844,0.19522613065326633,0.2332191106285195,0.3648431857781369
F000552,0.0,0.3635678391959799,0.0972222222222221,0.1734721666221776,0.0,1.0,1.0,1.0,0.0,real,3,0.3701005025125628,0.3635678391959799,0.07839195979899498,0.05879396984924623,0.19955670311355775,0.36395192040605034
F000553,0.0,0.3635678391959799,0.25,0.5,0.0,1.0,1.0,1.0,0.0,real,3,0.3701005025125628,0.3635678391959799,0.5793969849246231,0.4345477386934673,0.29226780889371484,0.36640659326784675
F000554,0.4376389444889332,0.951005025125628,0.8055555555555556,0.3469443332443555,0.0,1.0,1.0,1.0,0.0,real,3,0.3701005025125628,0.951005025125628,0.37613065326633166,0.2820979899497488,0.25465332314840533,0.787133026943764
F000555,0.0,0.3635678391959799,0.4861111111111111,0.2926570486903539,0.0,1.0,1.0,1.0,0.0,real,3,0.3701005025125628,0.3635678391959799,0.2904522613065327,0.2178391959798995,0.23879851518901038,0.36499090932047173
F000556,0.0,0.3635678391959799,0.3333333333333333,0.5773502691896258,0.25,1.0,1.0,1.0,0.25,real,3,0.8304020100502513,0.3635678391959799,0.7276381909547739,0.5457286432160804,0.7173171132042121,0.6183326178631853
F000557,0.0,0.3635678391959799,0.25,0.5,0.0,1.0,1.0,1.0,0.0,real,3,0.3701005025125628,0.3635678391959799,0.5793969849246231,0.4345477386934673,0.29226780889371484,0.36640659326784675
F000558,0.0,0.3635678391959799,0.1944444444444444,0.3469443332443554,0.25,1.0,1.0,1.0,0.25,real,3,0.8304020100502513,0.3635678391959799,0.33341708542713566,0.25006281407035175,0.5536361139870205,0.48030570566399833
F000559,0.0,0.3635678391959799,0.5277777777777778,0.8221471437193746,0.0,1.0,1.0,1.0,0.0,real,3,0.3701005025125628,0.3635678391959799,0.9208542713567839,0.6906407035175879,0.35545456554127425,0.3680795623847883
F000560,0.0,0.3635678391959799,0.1666666666666666,0.5773502691896258,0.0,1.0,1.0,1.0,0.0,real,3,0.3701005025125628,0.3635678391959799,0.7276381909547739,0.5457286432160804,0.3196998813161284,0.36713290068432614
F000561,0.0,0.3635678391959799,0.4444444444444444,1.0183501544346312,0.0,1.0,1.0,1.0,0.0,real,3,0.3701005025125628,0.3635678391959799,0.9741206030150754,0.7305904522613066,0.36531151359814146,0.36834054064291305
F000562,0.4376389444889332,0.951005025125628,0.8055555555555556,0.3469443332443555,0.0,1.0,1.0,1.0,0.0,real,3,0.3701005025125628,0.951005025125628,0.37613065326633166,0.2820979899497488,0.25465332314840533,0.787133026943764
F000563,0.0,0.3635678391959799,0.1388888888888888,0.2545875386086578,0.0,1.0,1.0,1.0,0.0,real,3,0.3701005025125628,0.3635678391959799,0.1771356783919598,0.13285175879396985,0.21782925304916542,0.3644357150071968
F000564,0.0,0.3635678391959799,0.4027777777777778,0.1734721666221777,0.0,1.0,1.0,1.0,0.0,real,3,0.3701005025125628,0.3635678391959799,0.08819095477386935,0.06614321608040201,0.20137000959571727,0.36399993055730917
F000565,0.0,0.3635678391959799,0.3611111111111111,0.2545875386086578,0.0,1.0,1.0,1.0,0.0,real,3,0.3701005025125628,0.3635678391959799,0.1771356783919598,0.13285175879396985,0.21782925304916542,0.3644357150071968
F000566,0.0,0.3635678391959799,0.25,0.5,0.0,1.0,1.0,1.0,0.0,real,3,0.3701005025125628,0.3635678391959799,0.5793969849246231,0.4345477386934673,0.29226780889371484,0.36640659326784675
F000567,0.0,0.3635678391959799,0.25,0.5,0.25,1.0,1.0,1.0,0.25,real,3,0.8304020100502513,0.3635678391959799,0.5793969849246231,0.4345477386934673,0.6557672154743568,0.5664295724855433
F000568,0.0,0.3635678391959799,0.3055555555555556,0.6735753140545634,0.5,1.0,1.0,1.0,0.5,real,3,0.9587939698492463,0.3635678391959799,0.8160804020100503,0.6120603015075377,0.8706234691043155,0.7278821241887831
F000569,0.0,0.3635678391959799,0.2361111111111111,0.2097176232019652,0.0,1.0,1.0,1.0,0.0,real,3,0.3701005025125628,0.3635678391959799,0.11708542713567839,0.0878140703517588,0.20671693896618776,0.36414149895204667
F000570,0.3963319220119756,0.9414572864321608,0.7222222222222222,0.0962250448649376,0.25,1.0,1.0,1.0,0.25,real,3,0.8304020100502513,0.9414572864321608,0.021105527638190954,0.015829145728643215,0.42396404131208804,0.9396993762783767
F000571,0.0,0.3635678391959799,0.1944444444444444,0.3469443332443554,0.0,1.0,1.0,1.0,0.0,real,3,0.3701005025125628,0.3635678391959799,0.33341708542713566,0.25006281407035175,0.2467491666877099,0.36520141536829875
F000572,0.5949284529178934,0.9836683417085428,0.8611111111111112,0.2545875386086578,0.0,1.0,1.0,1.0,0.0,real,3,0.3701005025125628,0.9836683417085428,0.1771356783919598,0.13285175879396985,0.21782925304916542,0.9021547751319412
F000573,0.0,0.3635678391959799,0.4166666666666667,1.0408329997330663,0.0,1.0,1.0,1.0,0.0,real,3,0.3701005025125628,0.3635678391959799,0.9811557788944724,0.7358668341708543,0.366613374662256,0.3683750094694579
F000574,0.1898569058357866,0.864321608040201,0.7222222222222222,0.5091750772173156,0.0,1.0,1.0,1.0,0.0,real,3,0.3701005025125628,0.864321608040201,0.6321608040201006,0.4741206030150754,0.3020317668745739,0.6300011994646599
F000575,0.0446581987385203,0.7701005025125628,0.6666666666666666,0.5773502691896258,0.0,1.0,1.0,1.0,0.0,real,3,0.3701005025125628,0.7701005025125628,0.7276381909547739,0.5457286432160804,0.3196998813161284,0.5518090452261306
F000576,0.061411169010459,0.8010050251256281,0.6527777777777778,0.488288773090193,0.5,1.0,1.0,1.0,0.5,real,3,0.9587939698492463,0.8010050251256281,0.5447236180904522,0.40854271356783917,0.7405358450544178,0.8654685487740208
F000577,0.0,0.3635678391959799,0.25,0.5,0.0,1.0,1.0,1.0,0.0,real,3,0.3701005025125628,0.3635678391959799,0.5793969849246231,0.4345477386934673,0.29226780889371484,0.36640659326784675
F000578,0.0,0.3635678391959799,0.4027777777777778,0.1734721666221777,0.25,1.0,1.0,1.0,0.25,real,3,0.8304020100502513,0.3635678391959799,0.08819095477386935,0.06614321608040201,0.4518179780813616,0.39444575263250925
F000579,0.0,0.3635678391959799,0.1388888888888888,0.2545875386086578,0.0,1.0,1.0,1.0,0.0,real,3,0.3701005025125628,0.3635678391959799,0.1771356783919598,0.13285175879396985,0.21782925304916542,0.3644357150071968
F000580,0.0,0.3635678391959799,0.125,0.25,0.25,1.0,1.0,1.0,0.25,real,3,0.8304020100502513,0.3635678391959799,0.1349246231155779,0.10119346733668343,0.47122184414534984,0.41080840761596926
F000581,0.6889957660359269,0.9899497487437184,0.9166666666666669,0.2886751345948128,0.0,1.0,1.0,1.0,0.0,real,3,0.3701005025125628,0.9899497487437184,0.228391959798995,0.17129396984924625,0.22731424080199994,0.8837733106487209
F000582,0.0,0.3635678391959799,0.0833333333333333,0.2886751345948128,0.0,1.0,1.0,1.0,0.0,real,3,0.3701005025125628,0.3635678391959799,0.228391959798995,0.17129396984924625,0.22731424080199994,0.36468684502916593
F000583,0.0,0.3635678391959799,0.3194444444444444,0.3757708127352411,0.0,1.0,1.0,1.0,0.0,real,3,0.3701005025125628,0.3635678391959799,0.3969849246231156,0.29773869346733667,0.2585124113027449,0.36551286583672127
F000584,0.0,0.3635678391959799,0.1805555555555555,0.1272937693043289,0.0,1.0,1.0,1.0,0.0,real,3,0.3701005025125628,0.3635678391959799,0.03869346733668342,0.029020100502512566,0.1922104871089114,0.36375741774197623
F000585,0.01116454968463,0.7346733668341708,0.5416666666666666,0.1443375672974064,0.0,1.0,1.0,1.0,0.0,real,3,0.3701005025125628,0.7346733668341708,0.06030150753768844,0.04522613065326633,0.1962090603772632,0.7181851468397262
F000586,0.0,0.3635678391959799,0.3055555555555556,0.7876359377087682,0.0,1.0,1.0,1.0,0.0,real,3,0.3701005025125628,0.3635678391959799,0.9082914572864321,0.6812185929648241,0.35312981364106966,0.3680180109088155
F000587,0.5853276880479024,0.9761306532663316,0.8888888888888888,0.3849001794597506,0.0,1.0,1.0,1.0,0.0,real,3,0.3701005025125628,0.9761306532663316,0.45879396984924625,0.3440954773869347,0.26995019065175124,0.7675984192318376
F000588,0.0219364186574703,0.7472361809045226,0.6527777777777778,0.5672382737961704,0.0,1.0,1.0,1.0,0.0,real,3,0.3701005025125628,0.7472361809045226,0.7017587939698492,0.5263190954773869,0.31491089240170705,0.5487424717810157
F000589,0.0521012318616071,0.7947236180904522,0.6944444444444444,0.6735753140545634,0.0,1.0,1.0,1.0,0.0,real,3,0.3701005025125628,0.7947236180904522,0.8160804020100503,0.6120603015075377,0.33606613469356833,0.5348286659427792
F000590,0.0,0.3635678391959799,0.4583333333333333,0.3818813079129866,0.0,1.0,1.0,1.0,0.0,real,3,0.3701005025125628,0.3635678391959799,0.4236180904522613,0.31771356783919597,0.2634408853311785,0.36564335496578365
F000591,0.5752420042367246,0.9706030150753768,0.8194444444444444,0.1272937693043289,0.0,1.0,1.0,1.0,0.0,real,3,0.3701005025125628,0.9706030150753768,0.03869346733668342,0.029020100502512566,0.1922104871089114,0.9531763718087927
F000592,0.1889957660359268,0.8522613065326633,0.6666666666666666,0.2886751345948129,0.0,1.0,1.0,1.0,0.0,real,3,0.3701005025125628,0.8522613065326633,0.26030150753768844,0.19522613065326633,0.2332191106285195,0.7581309184111512
F000593,0.0,0.3635678391959799,0.5138888888888888,0.2926570486903538,0.0,1.0,1.0,1.0,0.0,real,3,0.3701005025125628,0.3635678391959799,0.2829145728643216,0.21218592964824118,0.23740366404888766,0.364953978434888
F000594,0.0,0.3635678391959799,0.4027777777777778,0.6364688465216445,0.0,1.0,1.0,1.0,0.0,real,3,0.3701005025125628,0.3635678391959799,0.7829145728643216,0.5871859296482412,0.3299287896770284,0.3674037271786066
F000595,0.0,0.3635678391959799,0.5972222222222222,0.393817968854384,0.25,1.0,1.0,1.0,0.25,real,3,0.8304020100502513,0.3635678391959799,0.48266331658291456,0.3619974874371859,0.6156032991591122,0.5325606360950481
F000596,0.0483797153000638,0.7836683417085427,0.6805555555555556,0.6254627916220946,0.25,1.0,1.0,1.0,0.25,real,3,0.8304020100502513,0.7836683417085427,0.7610552763819095,0.5707914572864321,0.7311919206585693,0.8103435203656473
F000597,0.4376389444889332,0.951005025125628,0.8055555555555556,0.3469443332443555,0.0,1.0,1.0,1.0,0.0,real,3,0.3701005025125628,0.951005025125628,0.37613065326633166,0.2820979899497488,0.25465332314840533,0.787133026943764
F000598,0.0,0.3635678391959799,0.2222222222222222,0.769800358919501,0.0,1.0,1.0,1.0,0.0,real,3,0.3701005025125628,0.3635678391959799,0.9007537688442211,0.6755653266331658,0.35173496250094693,0.36798108002323177
F000599,0.0,0.3635678391959799,0.3888888888888889,0.4811252243246881,0.0,1.0,1.0,1.0,0.0,real,3,0.3701005025125628,0.3635678391959799,0.5391959798994975,0.40439698492462317,0.28482860281306027,0.3662096285447337
F000600,0.0,0.3635678391959799,0.5555555555555556,0.5357583756107197,0.0,1.0,1.0,1.0,0.0,real,3,0.3701005025125628,0.3635678391959799,0.6798994974874372,0.5099246231155778,0.31086582409535113,0.3668990050756294
F000601,0.2224894150898172,0.8839195979899498,0.7916666666666667,0.7216878364870323,0.5,1.0,1.0,1.0,0.5,real,3,0.9587939698492463,0.8839195979899498,0.857286432160804,0.642964824120603,0.8903775157193,0.9320611853236029
F000602,0.0,0.3635678391959799,0.1944444444444444,0.3469443332443554,0.0,1.0,1.0,1.0,0.0,real,3,0.3701005025125628,0.3635678391959799,0.33341708542713566,0.25006281407035175,0.2467491666877099,0.36520141536829875
F000603,0.0,0.3635678391959799,0.5972222222222222,0.393817968854384,0.0,1.0,1.0,1.0,0.0,real,3,0.3701005025125628,0.3635678391959799,0.48266331658291456,0.3619974874371859,0.27436721926213986,0.365932646902856
F000604,0.0,0.3635678391959799,0.2777777777777778,0.0962250448649376,0.0,1.0,1.0,1.0,0.0,real,3,0.3701005025125628,0.3635678391959799,0.021105527638190954,0.015829145728643215,0.18895583444862502,0.3636712456756142
F000605,0.0,0.3635678391959799,0.25,0.5,0.0,1.0,1.0,1.0,0.0,real,3,0.3701005025125628,0.3635678391959799,0.5793969849246231,0.4345477386934673,0.29226780889371484,0.36640659326784675
F000606,0.0,0.3635678391959799,0.3333333333333333,1.1547005383792517,0.0,1.0,1.0,1.0,0.0,real,3,0.3701005025125628,0.3635678391959799,0.9967336683417085,0.7475502512562814,0.3694960670185096,0.3684513332996642
F000607,0.0,0.3635678391959799,0.2777777777777778,0.0962250448649376,0.0,1.0,1.0,1.0,0.0,real,3,0.3701005025125628,0.3635678391959799,0.021105527638190954,0.015829145728643215,0.18895583444862502,0.3636712456756142
F000608,0.0,0.3635678391959799,0.3333333333333333,0.5773502691896258,0.0,1.0,1.0,1.0,0.0,real,3,0.3701005025125628,0.3635678391959799,0.7276381909547739,0.5457286432160804,0.3196998813161284,0.36713290068432614
F000609,0.0,0.3635678391959799,0.0972222222222221,0.1734721666221776,0.0,1.0,1.0,1.0,0.0,real,3,0.3701005025125628,0.3635678391959799,0.07839195979899498,0.05879396984924623,0.19955670311355775,0.36395192040605034
F000610,0.0,0.3635678391959799,0.25,0.5,0.0,1.0,1.0,1.0,0.0,real,3,0.3701005025125628,0.3635678391959799,0.5793969849246231,0.4345477386934673,0.29226780889371484,0.36640659326784675
F000611,0.0,0.3635678391959799,0.3611111111111111,0.2545875386086578,0.0,1.0,1.0,1.0,0.0,real,3,0.3701005025125628,0.3635678391959799,0.1771356783919598,0.13285175879396985,0.21782925304916542,0.3644357150071968
F000612,0.3779915320718537,0.9329145728643216,0.8333333333333333,0.5773502691896258,0.0,1.0,1.0,1.0,0.0,real,3,0.3701005025125628,0.9329145728643216,0.7276381909547739,0.5457286432160804,0.3196998813161284,0.6257708138683367
F000613,0.0,0.3635678391959799,0.3055555555555556,0.6735753140545634,0.25,1.0,1.0,1.0,0.25,real,3,0.8304020100502513,0.3635678391959799,0.8160804020100503,0.6120603015075377,0.7540384081210071,0.6492985025630665
F000614,0.0,0.3635678391959799,0.5833333333333334,0.7637626158259733,0.0,1.0,1.0,1.0,0.0,real,3,0.3701005025125628,0.3635678391959799,0.8902010050251257,0.6676507537688443,0.34978217090477515,0.36792937678341453
F000615,0.0,0.3635678391959799,0.1388888888888888,0.2545875386086578,0.0,1.0,1.0,1.0,0.0,real,3,0.3701005025125628,0.3635678391959799,0.1771356783919598,0.13285175879396985,0.21782925304916542,0.3644357150071968
F000616,0.5853276880479024,0.9761306532663316,0.8888888888888888,0.3849001794597506,0.0,1.0,1.0,1.0,0.0,real,3,0.3701005025125628,0.9761306532663316,0.45879396984924625,0.3440954773869347,0.26995019065175124,0.7675984192318376
F000617,0.0,0.3635678391959799,0.1388888888888888,0.2545875386086578,0.0,1.0,1.0,1.0,0.0,real,3,0.3701005025125628,0.3635678391959799,0.1771356783919598,0.13285175879396985,0.21782925304916542,0.3644357150071968
F000618,0.5853276880479024,0.9761306532663316,0.8888888888888888,0.3849001794597506,0.0,1.0,1.0,1.0,0.0,real,3,0.3701005025125628,0.9761306532663316,0.45879396984924625,0.3440954773869347,0.26995019065175124,0.7675984192318376
F000619,0.0,0.3635678391959799,0.5416666666666666,0.8779711460710616,0.0,1.0,1.0,1.0,0.0,real,3,0.3701005025125628,0.3635678391959799,0.9402010050251256,0.7051507537688442,0.3590346834675892,0.3681743516577864
F000620,0.1706553760958049,0.8447236180904523,0.7777777777777777,0.769800358919501,0.0,1.0,1.0,1.0,0.0,real,3,0.3701005025125628,0.8447236180904523,0.9007537688442211,0.6755653266331658,0.35173496250094693,0.5240846979874245
F000621,0.5260506159308034,0.963819095477387,0.8472222222222221,0.3367876570272817,0.0,1.0,1.0,1.0,0.0,real,3,0.3701005025125628,0.963819095477387,0.3005025125628141,0.22537688442211057,0.240658316709174,0.8300086487714957
F000622,0.0,0.3635678391959799,0.4861111111111111,0.9141379262169074,0.0,1.0,1.0,1.0,0.0,real,3,0.3701005025125628,0.3635678391959799,0.9492462311557789,0.7119346733668341,0.3607085048357365,0.3682186687204868
F000623,0.0,0.3635678391959799,0.1666666666666666,0.2886751345948128,0.0,1.0,1.0,1.0,0.0,real,3,0.3701005025125628,0.3635678391959799,0.228391959798995,0.17129396984924625,0.22731424080199994,0.36468684502916593
F000624,0.6889957660359269,0.9899497487437184,0.9166666666666669,0.2886751345948128,0.0,1.0,1.0,1.0,0.0,real,3,0.3701005025125628,0.9899497487437184,0.228391959798995,0.17129396984924625,0.22731424080199994,0.8837733106487209
F000625,0.1504840084734488,0.8346733668341708,0.6388888888888888,0.2545875386086578,0.0,1.0,1.0,1.0,0.0,real,3,0.3701005025125628,0.8346733668341708,0.1771356783919598,0.13285175879396985,0.21782925304916542,0.7729540447210929
F000626,0.0,0.3635678391959799,0.1944444444444444,0.3469443332443554,0.5,1.0,1.0,1.0,0.5,real,3,0.9587939698492463,0.3635678391959799,0.33341708542713566,0.25006281407035175,0.6392361304007474,0.5124117604353425
F000627,0.0483797153000638,0.7836683417085427,0.6805555555555556,0.6254627916220946,0.5,1.0,1.0,1.0,0.5,real,3,0.9587939698492463,0.7836683417085427,0.7610552763819095,0.5707914572864321,0.8442445897830864,0.8836285542031768
F000628,0.0,0.3635678391959799,0.5277777777777778,0.8221471437193746,0.25,1.0,1.0,1.0,0.25,real,3,0.8304020100502513,0.3635678391959799,0.9208542713567839,0.6906407035175879,0.7975406239741422,0.6859825193808237
F000629,0.0,0.3635678391959799,0.3333333333333333,0.2886751345948129,0.0,1.0,1.0,1.0,0.0,real,3,0.3701005025125628,0.3635678391959799,0.26030150753768844,0.19522613065326633,0.2332191106285195,0.3648431857781369
F000630,0.0,0.3635678391959799,0.3333333333333333,0.5773502691896258,0.0,1.0,1.0,1.0,0.0,real,3,0.3701005025125628,0.3635678391959799,0.7276381909547739,0.5457286432160804,0.3196998813161284,0.36713290068432614
F000631,0.0,0.3635678391959799,0.0416666666666666,0.1443375672974064,0.5,1.0,1.0,1.0,0.5,real,3,0.9587939698492463,0.3635678391959799,0.06030150753768844,0.04522613065326633,0.5083053458246004,0.3904876139491427
F000632,0.0,0.3635678391959799,0.1944444444444444,0.3469443332443554,0.0,1.0,1.0,1.0,0.0,real,3,0.3701005025125628,0.3635678391959799,0.33341708542713566,0.25006281407035175,0.2467491666877099,0.36520141536829875
F000633,0.0,0.3635678391959799,0.1527777777777777,0.3367876570272816,0.5,1.0,1.0,1.0,0.5,real,3,0.9587939698492463,0.3635678391959799,0.2947236180904523,0.22104271356783922,0.620686598823262,0.49513823830206305
F000634,0.0,0.3635678391959799,0.25,0.5,0.0,1.0,1.0,1.0,0.0,real,3,0.3701005025125628,0.3635678391959799,0.5793969849246231,0.4345477386934673,0.29226780889371484,0.36640659326784675
F000635,0.0,0.3635678391959799,0.4861111111111111,0.9141379262169074,0.25,1.0,1.0,1.0,0.25,real,3,0.8304020100502513,0.3635678391959799,0.9492462311557789,0.7119346733668341,0.8093289942173179,0.6959232721395925
F000636,0.0,0.3635678391959799,0.5138888888888888,0.2926570486903538,0.0,1.0,1.0,1.0,0.0,real,3,0.3701005025125628,0.3635678391959799,0.2829145728643216,0.21218592964824118,0.23740366404888766,0.364953978434888
F000637,0.2257260127101733,0.8886934673366834,0.7083333333333334,0.3818813079129867,0.0,1.0,1.0,1.0,0.0,real,3,0.3701005025125628,0.8886934673366834,0.4402010050251256,0.3301507537688442,0.2665095578394485,0.7174796091007803
F000638,0.0,0.3635678391959799,0.4166666666666667,0.2886751345948129,0.0,1.0,1.0,1.0,0.0,real,3,0.3701005025125628,0.3635678391959799,0.26030150753768844,0.19522613065326633,0.2332191106285195,0.3648431857781369
F000639,0.4376389444889332,0.951005025125628,0.8055555555555556,0.3469443332443555,0.0,1.0,1.0,1.0,0.0,real,3,0.3701005025125628,0.951005025125628,0.37613065326633166,0.2820979899497488,0.25465332314840533,0.787133026943764
F000640,0.0,0.3635678391959799,0.5138888888888888,0.2926570486903538,0.0,1.0,1.0,1.0,0.0,real,3,0.3701005025125628,0.3635678391959799,0.2829145728643216,0.21218592964824118,0.23740366404888766,0.364953978434888
F000641,0.0,0.3635678391959799,0.25,0.5,0.0,1.0,1.0,1.0,0.0,real,3,0.3701005025125628,0.3635678391959799,0.5793969849246231,0.4345477386934673,0.29226780889371484,0.36640659326784675
F000642,0.0,0.3635678391959799,0.1944444444444444,0.3469443332443554,0.0,1.0,1.0,1.0,0.0,real,3,0.3701005025125628,0.3635678391959799,0.33341708542713566,0.25006281407035175,0.2467491666877099,0.36520141536829875
F000643,0.3779915320718537,0.9329145728643216,0.8333333333333333,0.5773502691896258,0.0,1.0,1.0,1.0,0.0,real,3,0.3701005025125628,0.9329145728643216,0.7276381909547739,0.5457286432160804,0.3196998813161284,0.6257708138683367
F000644,0.0,0.3635678391959799,0.3611111111111111,0.2545875386086578,0.0,1.0,1.0,1.0,0.0,real,3,0.3701005025125628,0.3635678391959799,0.1771356783919598,0.13285175879396985,0.21782925304916542,0.3644357150071968
F000645,0.0,0.3635678391959799,0.3472222222222222,0.3367876570272817,0.25,1.0,1.0,1.0,0.25,real,3,0.8304020100502513,0.3635678391959799,0.3005025125628141,0.22537688442211057,0.5399699502537815,0.46878147016489485
F000646,0.0,0.3635678391959799,0.4722222222222222,0.4194352464039305,0.0,1.0,1.0,1.0,0.0,real,3,0.3701005025125628,0.3635678391959799,0.5165829145728643,0.38743718592964826,0.2806440493926921,0.36609883588798264
F000647,0.0,0.3635678391959799,0.375,1.0897247358851685,0.0,1.0,1.0,1.0,0.0,real,3,0.3701005025125628,0.3635678391959799,0.9899497487437185,0.7424623115577889,0.3682407009923992,0.3684180955026388
F000648,0.0223290993692601,0.7540201005025126,0.5833333333333334,0.2886751345948129,0.0,1.0,1.0,1.0,0.0,real,3,0.3701005025125628,0.7540201005025126,0.26030150753768844,0.19522613065326633,0.2332191106285195,0.6790689629049772
F000649,0.0,0.3635678391959799,0.4027777777777778,0.6364688465216445,0.0,1.0,1.0,1.0,0.0,real,3,0.3701005025125628,0.3635678391959799,0.7829145728643216,0.5871859296482412,0.3299287896770284,0.3674037271786066
F000650,0.0,0.3635678391959799,0.5972222222222222,0.393817968854384,0.25,1.0,1.0,1.0,0.25,real,3,0.8304020100502513,0.3635678391959799,0.48266331658291456,0.3619974874371859,0.6156032991591122,0.5325606360950481
F000651,0.0,0.3635678391959799,0.2916666666666666,0.8036375634160796,0.0,1.0,1.0,1.0,0.0,real,3,0.3701005025125628,0.3635678391959799,0.914321608040201,0.6857412060301508,0.35424569455316784,0.3680475556172824
F000652,0.5949284529178934,0.9836683417085428,0.8611111111111112,0.2545875386086578,0.0,1.0,1.0,1.0,0.0,real,3,0.3701005025125628,0.9836683417085428,0.1771356783919598,0.13285175879396985,0.21782925304916542,0.9021547751319412
F000653,0.3009680169468978,0.9133165829145728,0.7777777777777778,0.5091750772173156,0.5,1.0,1.0,1.0,0.5,real,3,0.9587939698492463,0.9133165829145728,0.6321608040201006,0.4741206030150754,0.7824529683593849,0.9348783490315902
F000654,0.0,0.3635678391959799,0.3611111111111111,0.2545875386086578,0.0,1.0,1.0,1.0,0.0,real,3,0.3701005025125628,0.3635678391959799,0.1771356783919598,0.13285175879396985,0.21782925304916542,0.3644357150071968
F000655,0.0,0.3635678391959799,0.4305555555555555,0.9871864246620478,0.0,1.0,1.0,1.0,0.0,real,3,0.3701005025125628,0.3635678391959799,0.9628140703517588,0.7221105527638191,0.36321923688795743,0.3682851443145375
F000656,0.0148860662461734,0.7439698492462311,0.5555555555555556,0.1924500897298752,0.0,1.0,1.0,1.0,0.0,real,3,0.3701005025125628,0.7439698492462311,0.1,0.07500000000000001,0.20355527638190957,0.7159296482412061
F000657,0.0,0.3635678391959799,0.4444444444444444,1.0183501544346312,0.0,1.0,1.0,1.0,0.0,real,3,0.3701005025125628,0.3635678391959799,0.9741206030150754,0.7305904522613066,0.36531151359814146,0.36834054064291305
F000658,0.0,0.3635678391959799,0.25,0.5,0.0,1.0,1.0,1.0,0.0,real,3,0.3701005025125628,0.3635678391959799,0.5793969849246231,0.4345477386934673,0.29226780889371484,0.36640659326784675
F000659,0.0,0.3635678391959799,0.5972222222222222,0.393817968854384,0.0,1.0,1.0,1.0,0.0,real,3,0.3701005025125628,0.3635678391959799,0.48266331658291456,0.3619974874371859,0.27436721926213986,0.365932646902856
F000660,0.0,0.3635678391959799,0.3611111111111111,0.7515416254704823,0.25,1.0,1.0,1.0,0.25,real,3,0.8304020100502513,0.3635678391959799,0.8728643216080402,0.6546482412060302,0.7776151486073584,0.6691800080806041
F000661,0.0,0.3635678391959799,0.25,0.8660254037844386,0.0,1.0,1.0,1.0,0.0,real,3,0.3701005025125628,0.3635678391959799,0.9349246231155779,0.7011934673366834,0.3580582876695033,0.36814850003787786
F000662,0.0,0.3635678391959799,0.4861111111111111,0.9141379262169074,0.5,1.0,1.0,1.0,0.5,real,3,0.9587939698492463,0.3635678391959799,0.9492462311557789,0.7119346733668341,0.9344627660917655,0.7873299601020176
F000663,0.0,0.3635678391959799,0.0416666666666666,0.1443375672974064,0.25,1.0,1.0,1.0,0.25,real,3,0.8304020100502513,0.3635678391959799,0.06030150753768844,0.04522613065326633,0.4402382515593041,0.3846809424004444
F000664,0.01116454968463,0.7346733668341708,0.5416666666666666,0.1443375672974064,0.0,1.0,1.0,1.0,0.0,real,3,0.3701005025125628,0.7346733668341708,0.06030150753768844,0.04522613065326633,0.1962090603772632,0.7181851468397262
F000665,0.0,0.3635678391959799,0.1666666666666666,0.2886751345948128,0.0,1.0,1.0,1.0,0.0,real,3,0.3701005025125628,0.3635678391959799,0.228391959798995,0.17129396984924625,0.22731424080199994,0.36468684502916593
F000666,0.0,0.3635678391959799,0.1944444444444444,0.3469443332443554,0.0,1.0,1.0,1.0,0.0,real,3,0.3701005025125628,0.3635678391959799,0.33341708542713566,0.25006281407035175,0.2467491666877099,0.36520141536829875
F000667,0.0,0.3635678391959799,0.5972222222222222,0.393817968854384,0.5,1.0,1.0,1.0,0.5,real,3,0.9587939698492463,0.3635678391959799,0.48266331658291456,0.3619974874371859,0.7107843236281912,0.5790382029494205
F000668,0.0521012318616071,0.7947236180904522,0.6944444444444444,0.6735753140545634,0.0,1.0,1.0,1.0,0.0,real,3,0.3701005025125628,0.7947236180904522,0.8160804020100503,0.6120603015075377,0.33606613469356833,0.5348286659427792
F000669,0.0,0.3635678391959799,0.3194444444444444,0.1272937693043289,0.0,1.0,1.0,1.0,0.0,real,3,0.3701005025125628,0.3635678391959799,0.03869346733668342,0.029020100502512566,0.1922104871089114,0.36375741774197623
F000670,0.0,0.3635678391959799,0.3888888888888889,1.0715167512214396,0.0,1.0,1.0,1.0,0.0,real,3,0.3701005025125628,0.3635678391959799,0.9849246231155779,0.7386934673366834,0.3673108002323174,0.36839347491224966
F000671,0.2154167222667111,0.8768844221105527,0.6944444444444444,0.3469443332443555,0.0,1.0,1.0,1.0,0.0,real,3,0.3701005025125628,0.8768844221105527,0.37613065326633166,0.2820979899497488,0.25465332314840533,0.7339216970531047
F000672,0.0,0.3635678391959799,0.3611111111111111,0.2545875386086578,0.0,1.0,1.0,1.0,0.0,real,3,0.3701005025125628,0.3635678391959799,0.1771356783919598,0.13285175879396985,0.21782925304916542,0.3644357150071968
F000673,0.0,0.3635678391959799,0.4305555555555555,0.7469072033193751,0.0,1.0,1.0,1.0,0.0,real,3,0.3701005025125628,0.3635678391959799,0.8618090452261307,0.646356783919598,0.3445282316103129,0.36779027044771595
F000674,0.0,0.3635678391959799,0.1111111111111111,0.3849001794597505,0.0,1.0,1.0,1.0,0.0,real,3,0.3701005025125628,0.3635678391959799,0.4492462311557789,0.33693467336683414,0.2681833792075958,0.3657689199767683
F000675,0.3779915320718537,0.9329145728643216,0.8333333333333333,0.5773502691896258,0.0,1.0,1.0,1.0,0.0,real,3,0.3701005025125628,0.9329145728643216,0.7276381909547739,0.5457286432160804,0.3196998813161284,0.6257708138683367
F000676,0.0,0.3635678391959799,0.5972222222222222,0.393817968854384,0.25,1.0,1.0,1.0,0.25,real,3,0.8304020100502513,0.3635678391959799,0.48266331658291456,0.3619974874371859,0.6156032991591122,0.5325606360950481
F000677,0.3963319220119756,0.9414572864321608,0.7222222222222222,0.0962250448649376,0.0,1.0,1.0,1.0,0.0,real,3,0.3701005025125628,0.9414572864321608,0.021105527638190954,0.015829145728643215,0.18895583444862502,0.9324131966364485
F000678,0.0483797153000638,0.7836683417085427,0.6805555555555556,0.6254627916220946,0.0,1.0,1.0,1.0,0.0,real,3,0.3701005025125628,0.7836683417085427,0.7610552763819095,0.5707914572864321,0.32588372137067245,0.5476073520870686
F000679,0.0,0.3635678391959799,0.5,0.0,0.0,1.0,1.0,1.0,0.0,real,3,0.3701005025125628,0.3635678391959799,0.005527638190954774,0.004145728643216081,0.1860731420923714,0.363594921845408
F000680,0.0,0.3635678391959799,0.4444444444444445,0.8388704928078611,0.0,1.0,1.0,1.0,0.0,real,3,0.3701005025125628,0.3635678391959799,0.9258793969849246,0.6944095477386935,0.356384466301356,0.3681041829751774
F000681,0.0,0.3635678391959799,0.0972222222222221,0.1734721666221776,0.25,1.0,1.0,1.0,0.25,real,3,0.8304020100502513,0.3635678391959799,0.07839195979899498,0.05879396984924623,0.4477494255195576,0.3910148733617838
F000682,0.0,0.3635678391959799,0.3611111111111111,0.7515416254704823,0.0,1.0,1.0,1.0,0.0,real,3,0.3701005025125628,0.3635678391959799,0.8728643216080402,0.6546482412060302,0.3465740132824929,0.3678444357465721
F000683,0.1504840084734488,0.8346733668341708,0.6388888888888888,0.2545875386086578,0.0,1.0,1.0,1.0,0.0,real,3,0.3701005025125628,0.8346733668341708,0.1771356783919598,0.13285175879396985,0.21782925304916542,0.7729540447210929
F000684,0.0,0.3635678391959799,0.1944444444444444,0.3469443332443554,0.0,1.0,1.0,1.0,0.0,real,3,0.3701005025125628,0.3635678391959799,0.33341708542713566,0.25006281407035175,0.2467491666877099,0.36520141536829875
F000685,0.0,0.3635678391959799,0.6388888888888888,0.7515416254704823,0.0,1.0,1.0,1.0,0.0,real,3,0.3701005025125628,0.3635678391959799,0.8728643216080402,0.6546482412060302,0.3465740132824929,0.3678444357465721
F000686,0.0,0.3635678391959799,0.2638888888888888,0.7087417123429485,0.0,1.0,1.0,1.0,0.0,real,3,0.3701005025125628,0.3635678391959799,0.8482412060301507,0.636180904522613,0.34201749955809196,0.3677237948536653
F000687,0.0,0.3635678391959799,0.0833333333333333,0.2886751345948128,0.25,1.0,1.0,1.0,0.25,real,3,0.8304020100502513,0.3635678391959799,0.228391959798995,0.17129396984924625,0.5100295762733265,0.4435337175828893
F000688,0.5260506159308034,0.963819095477387,0.8472222222222221,0.3367876570272817,0.0,1.0,1.0,1.0,0.0,real,3,0.3701005025125628,0.963819095477387,0.3005025125628141,0.22537688442211057,0.240658316709174,0.8300086487714957
F000689,0.0,0.3635678391959799,0.3055555555555556,0.6735753140545634,0.0,1.0,1.0,1.0,0.0,real,3,0.3701005025125628,0.3635678391959799,0.8160804020100503,0.6120603015075377,0.33606613469356833,0.36756622307517484
F000690,0.0,0.3635678391959799,0.1944444444444444,0.3469443332443554,0.0,1.0,1.0,1.0,0.0,real,3,0.3701005025125628,0.3635678391959799,0.33341708542713566,0.25006281407035175,0.2467491666877099,0.36520141536829875
F000691,0.0,0.3635678391959799,0.1527777777777777,0.3367876570272816,0.0,1.0,1.0,1.0,0.0,real,3,0.3701005025125628,0.3635678391959799,0.2947236180904523,0.22104271356783922,0.23958893083507993,0.3650118368223024
F000692,0.0,0.3635678391959799,0.25,0.5,0.0,1.0,1.0,1.0,0.0,real,3,0.3701005025125628,0.3635678391959799,0.5793969849246231,0.4345477386934673,0.29226780889371484,0.36640659326784675
F000693,0.0,0.3635678391959799,0.4305555555555555,0.5548606765399494,0.0,1.0,1.0,1.0,0.0,real,3,0.3701005025125628,0.3635678391959799,0.6964824120603015,0.5223618090452261,0.3139344966036211,0.36698025302391357
F000694,0.1898569058357866,0.864321608040201,0.7222222222222222,0.5091750772173156,0.25,1.0,1.0,1.0,0.25,real,3,0.8304020100502513,0.864321608040201,0.6321608040201006,0.4741206030150754,0.6776748061917629,0.8482396277871771
F000695,0.0,0.3635678391959799,0.6111111111111112,0.693888666488711,0.5,1.0,1.0,1.0,0.5,real,3,0.9587939698492463,0.3635678391959799,0.8351758793969849,0.6263819095477386,0.8797777833893085,0.7364067195272846
F000696,0.0,0.3635678391959799,0.25,0.5,0.0,1.0,1.0,1.0,0.0,real,3,0.3701005025125628,0.3635678391959799,0.5793969849246231,0.4345477386934673,0.29226780889371484,0.36640659326784675
F000697,0.0,0.3635678391959799,0.1388888888888888,0.2545875386086578,0.0,1.0,1.0,1.0,0.0,real,3,0.3701005025125628,0.3635678391959799,0.1771356783919598,0.13285175879396985,0.21782925304916542,0.3644357150071968
F000698,0.0,0.3635678391959799,0.5972222222222222,0.393817968854384,0.0,1.0,1.0,1.0,0.0,real,3,0.3701005025125628,0.3635678391959799,0.48266331658291456,0.3619974874371859,0.27436721926213986,0.365932646902856
F000699,0.0,0.3635678391959799,0.6944444444444444,0.7876359377087682,0.0,1.0,1.0,1.0,0.0,real,3,0.3701005025125628,0.3635678391959799,0.9082914572864321,0.6812185929648241,0.35312981364106966,0.3680180109088155
F000700,0.0148860662461734,0.7439698492462311,0.5555555555555556,0.1924500897298752,0.0,1.0,1.0,1.0,0.0,real,3,0.3701005025125628,0.7439698492462311,0.1,0.07500000000000001,0.20355527638190957,0.7159296482412061
F000701,0.0,0.3635678391959799,0.1388888888888888,0.2545875386086578,0.0,1.0,1.0,1.0,0.0,real,3,0.3701005025125628,0.3635678391959799,0.1771356783919598,0.13285175879396985,0.21782925304916542,0.3644357150071968
F000702,0.0,0.3635678391959799,0.25,0.5,0.25,1.0,1.0,1.0,0.25,real,3,0.8304020100502513,0.3635678391959799,0.5793969849246231,0.4345477386934673,0.6557672154743568,0.5664295724855433
F000703,0.0,0.3635678391959799,0.4861111111111111,0.4589642122738419,0.0,1.0,1.0,1.0,0.0,real,3,0.3701005025125628,0.3635678391959799,0.5329145728643216,0.39968592964824123,0.283666226862958,0.36617885280674733
F000704,0.0,0.3635678391959799,0.4861111111111111,0.2926570486903539,0.0,1.0,1.0,1.0,0.0,real,3,0.3701005025125628,0.3635678391959799,0.2904522613065327,0.2178391959798995,0.23879851518901038,0.36499090932047173
F000705,0.0,0.3635678391959799,0.5,1.0,0.0,1.0,1.0,1.0,0.0,real,3,0.3701005025125628,0.3635678391959799,0.9673366834170855,0.7255025125628141,0.36405614757203103,0.3683073028458877
F000706,0.0,0.3635678391959799,0.2916666666666666,0.3818813079129867,0.0,1.0,1.0,1.0,0.0,real,3,0.3701005025125628,0.3635678391959799,0.4402010050251256,0.3301507537688442,0.2665095578394485,0.36572460291406783
F000707,0.0,0.3635678391959799,0.1388888888888888,0.2545875386086578,0.25,1.0,1.0,1.0,0.25,real,3,0.8304020100502513,0.3635678391959799,0.1771356783919598,0.13285175879396985,0.48874791671927476,0.42558757985909446
F000708,0.0,0.3635678391959799,0.6388888888888888,0.7515416254704823,0.0,1.0,1.0,1.0,0.0,real,3,0.3701005025125628,0.3635678391959799,0.8728643216080402,0.6546482412060302,0.3465740132824929,0.3678444357465721
F000709,0.0,0.3635678391959799,0.4166666666666667,0.2886751345948129,0.0,1.0,1.0,1.0,0.0,real,3,0.3701005025125628,0.3635678391959799,0.26030150753768844,0.19522613065326633,0.2332191106285195,0.3648431857781369
F000710,0.0223290993692601,0.7540201005025126,0.5833333333333334,0.2886751345948129,0.0,1.0,1.0,1.0,0.0,real,3,0.3701005025125628,0.7540201005025126,0.26030150753768844,0.19522613065326633,0.2332191106285195,0.6790689629049772
F000711,0.0,0.3635678391959799,0.5277777777777778,0.8221471437193746,0.25,1.0,1.0,1.0,0.25,real,3,0.8304020100502513,0.3635678391959799,0.9208542713567839,0.6906407035175879,0.7975406239741422,0.6859825193808237
F000712,0.0,0.3635678391959799,0.3333333333333333,0.5773502691896258,0.0,1.0,1.0,1.0,0.0,real,3,0.3701005025125628,0.3635678391959799,0.7276381909547739,0.5457286432160804,0.3196998813161284,0.36713290068432614
F000713,0.0,0.3635678391959799,0.0833333333333333,0.2886751345948128,0.0,1.0,1.0,1.0,0.0,real,3,0.3701005025125628,0.3635678391959799,0.228391959798995,0.17129396984924625,0.22731424080199994,0.36468684502916593
F000714,0.0,0.3635678391959799,0.2777777777777778,0.9622504486493764,0.0,1.0,1.0,1.0,0.0,real,3,0.3701005025125628,0.3635678391959799,0.9577889447236181,0.7183417085427135,0.36228933612787556,0.3682605237241484
F000715,0.0,0.3635678391959799,0.25,0.5,0.0,1.0,1.0,1.0,0.0,real,3,0.3701005025125628,0.3635678391959799,0.5793969849246231,0.4345477386934673,0.29226780889371484,0.36640659326784675
F000716,0.0,0.3635678391959799,0.3611111111111111,0.2545875386086578,0.0,1.0,1.0,1.0,0.0,real,3,0.3701005025125628,0.3635678391959799,0.1771356783919598,0.13285175879396985,0.21782925304916542,0.3644357150071968
F000717,0.1889957660359268,0.8522613065326633,0.6666666666666666,0.2886751345948129,0.5,1.0,1.0,1.0,0.5,real,3,0.9587939698492463,0.8522613065326633,0.26030150753768844,0.19522613065326633,0.604184742809525,0.8730592661801468
F000718,0.0,0.3635678391959799,0.1388888888888888,0.2545875386086578,0.0,1.0,1.0,1.0,0.0,real,3,0.3701005025125628,0.3635678391959799,0.1771356783919598,0.13285175879396985,0.21782925304916542,0.3644357150071968
F000719,0.0,0.3635678391959799,0.3611111111111111,0.2545875386086578,0.0,1.0,1.0,1.0,0.0,real,3,0.3701005025125628,0.3635678391959799,0.1771356783919598,0.13285175879396985,0.21782925304916542,0.3644357150071968
F000720,0.0,0.3635678391959799,0.3194444444444444,0.3757708127352411,0.0,1.0,1.0,1.0,0.0,real,3,0.3701005025125628,0.3635678391959799,0.3969849246231156,0.29773869346733667,0.2585124113027449,0.36551286583672127
F000721,0.0,0.3635678391959799,0.4444444444444444,1.0183501544346312,0.0,1.0,1.0,1.0,0.0,real,3,0.3701005025125628,0.3635678391959799,0.9741206030150754,0.7305904522613066,0.36531151359814146,0.36834054064291305
F000722,0.01116454968463,0.7346733668341708,0.5416666666666666,0.1443375672974064,0.0,1.0,1.0,1.0,0.0,real,3,0.3701005025125628,0.7346733668341708,0.06030150753768844,0.04522613065326633,0.1962090603772632,0.7181851468397262
F000723,0.0,0.3635678391959799,0.0833333333333333,0.2886751345948128,0.0,1.0,1.0,1.0,0.0,real,3,0.3701005025125628,0.3635678391959799,0.228391959798995,0.17129396984924625,0.22731424080199994,0.36468684502916593
F000724,0.0,0.3635678391959799,0.25,0.5,0.0,1.0,1.0,1.0,0.0,real,3,0.3701005025125628,0.3635678391959799,0.5793969849246231,0.4345477386934673,0.29226780889371484,0.36640659326784675
F000725,0.0,0.3635678391959799,0.4583333333333333,0.8779711460710616,0.5,1.0,1.0,1.0,0.5,real,3,0.9587939698492463,0.3635678391959799,0.9402010050251256,0.7051507537688442,0.9301265119567689,0.7832919938890432
F000726,0.0,0.3635678391959799,0.5972222222222222,0.393817968854384,0.5,1.0,1.0,1.0,0.5,real,3,0.9587939698492463,0.3635678391959799,0.48266331658291456,0.3619974874371859,0.7107843236281912,0.5790382029494205
F000727,0.0,0.3635678391959799,0.25,0.5,0.0,1.0,1.0,1.0,0.0,real,3,0.3701005025125628,0.3635678391959799,0.5793969849246231,0.4345477386934673,0.29226780889371484,0.36640659326784675
F000728,0.1485783278408043,0.8238693467336683,0.7361111111111112,0.6472877887628358,0.5,1.0,1.0,1.0,0.5,real,3,0.9587939698492463,0.8238693467336683,0.7924623115577889,0.5943467336683417,0.8593010277518245,0.904061355773844
F000729,0.0,0.3635678391959799,0.2222222222222222,0.5091750772173156,0.0,1.0,1.0,1.0,0.0,real,3,0.3701005025125628,0.3635678391959799,0.6321608040201006,0.4741206030150754,0.3020317668745739,0.36666510946693265
F000730,0.3779915320718537,0.9329145728643216,0.8333333333333333,0.5773502691896258,0.0,1.0,1.0,1.0,0.0,real,3,0.3701005025125628,0.9329145728643216,0.7276381909547739,0.5457286432160804,0.3196998813161284,0.6257708138683367
F000731,0.0,0.3635678391959799,0.3333333333333333,1.1547005383792517,0.0,1.0,1.0,1.0,0.0,real,3,0.3701005025125628,0.3635678391959799,0.9967336683417085,0.7475502512562814,0.3694960670185096,0.3684513332996642
F000732,0.0,0.3635678391959799,0.5416666666666666,0.3818813079129866,0.0,1.0,1.0,1.0,0.0,real,3,0.3701005025125628,0.3635678391959799,0.4236180904522613,0.31771356783919597,0.2634408853311785,0.36564335496578365
F000733,0.0,0.3635678391959799,0.5138888888888888,0.2926570486903538,0.0,1.0,1.0,1.0,0.0,real,3,0.3701005025125628,0.3635678391959799,0.2829145728643216,0.21218592964824118,0.23740366404888766,0.364953978434888
F000734,0.0446581987385203,0.7701005025125628,0.6666666666666666,0.5773502691896258,0.0,1.0,1.0,1.0,0.0,real,3,0.3701005025125628,0.7701005025125628,0.7276381909547739,0.5457286432160804,0.3196998813161284,0.5518090452261306
F000735,0.0,0.3635678391959799,0.5972222222222222,0.393817968854384,0.25,1.0,1.0,1.0,0.25,real,3,0.8304020100502513,0.3635678391959799,0.48266331658291456,0.3619974874371859,0.6156032991591122,0.5325606360950481
F000736,0.0,0.3635678391959799,0.3055555555555556,0.6735753140545634,0.0,1.0,1.0,1.0,0.0,real,3,0.3701005025125628,0.3635678391959799,0.8160804020100503,0.6120603015075377,0.33606613469356833,0.36756622307517484
F000737,0.0,0.3635678391959799,0.1944444444444444,0.3469443332443554,0.0,1.0,1.0,1.0,0.0,real,3,0.3701005025125628,0.3635678391959799,0.33341708542713566,0.25006281407035175,0.2467491666877099,0.36520141536829875
F000738,0.0,0.3635678391959799,0.2916666666666666,0.3818813079129867,0.25,1.0,1.0,1.0,0.25,real,3,0.8304020100502513,0.3635678391959799,0.4402010050251256,0.3301507537688442,0.5979729047246282,0.517693492588571
F000739,0.0,0.3635678391959799,0.5416666666666666,0.8779711460710616,0.0,1.0,1.0,1.0,0.0,real,3,0.3701005025125628,0.3635678391959799,0.9402010050251256,0.7051507537688442,0.3590346834675892,0.3681743516577864
F000740,0.0,0.3635678391959799,0.1666666666666666,0.5773502691896258,0.0,1.0,1.0,1.0,0.0,real,3,0.3701005025125628,0.3635678391959799,0.7276381909547739,0.5457286432160804,0.3196998813161284,0.36713290068432614
F000741,0.0,0.3635678391959799,0.5416666666666666,0.3818813079129866,0.5,1.0,1.0,1.0,0.5,real,3,0.9587939698492463,0.3635678391959799,0.4236180904522613,0.31771356783919597,0.6824782202469635,0.5526792568369485
F000742,0.0,0.3635678391959799,0.1388888888888888,0.2545875386086578,0.25,1.0,1.0,1.0,0.25,real,3,0.8304020100502513,0.3635678391959799,0.1771356783919598,0.13285175879396985,0.48874791671927476,0.42558757985909446
F000743,0.0,0.3635678391959799,0.4583333333333333,0.1443375672974064,0.25,1.0,1.0,1.0,0.25,real,3,0.8304020100502513,0.3635678391959799,0.06030150753768844,0.04522613065326633,0.4402382515593041,0.3846809424004444
F000744,0.0,0.3635678391959799,0.5972222222222222,0.393817968854384,0.0,1.0,1.0,1.0,0.0,real,3,0.3701005025125628,0.3635678391959799,0.48266331658291456,0.3619974874371859,0.27436721926213986,0.365932646902856
F000745,0.0,0.3635678391959799,0.1111111111111111,0.3849001794597505,0.0,1.0,1.0,1.0,0.0,real,3,0.3701005025125628,0.3635678391959799,0.4492462311557789,0.33693467336683414,0.2681833792075958,0.3657689199767683
F000746,0.0,0.3635678391959799,0.3333333333333333,0.2886751345948129,0.25,1.0,1.0,1.0,0.25,real,3,0.8304020100502513,0.3635678391959799,0.26030150753768844,0.19522613065326633,0.5232784525643291,0.45470606802858515
F000747,0.0,0.3635678391959799,0.6111111111111112,0.693888666488711,0.0,1.0,1.0,1.0,0.0,real,3,0.3701005025125628,0.3635678391959799,0.8351758793969849,0.6263819095477386,0.33959975758187927,0.36765978131865357
F000748,0.0,0.3635678391959799,0.2638888888888888,0.7087417123429485,0.0,1.0,1.0,1.0,0.0,real,3,0.3701005025125628,0.3635678391959799,0.8482412060301507,0.636180904522613,0.34201749955809196,0.3677237948536653
F000749,0.0,0.3635678391959799,0.2222222222222222,0.0962250448649376,0.0,1.0,1.0,1.0,0.0,real,3,0.3701005025125628,0.3635678391959799,0.021105527638190954,0.015829145728643215,0.18895583444862502,0.3636712456756142
F000750,0.0,0.3635678391959799,0.3888888888888889,0.4811252243246881,0.0,1.0,1.0,1.0,0.0,real,3,0.3701005025125628,0.3635678391959799,0.5391959798994975,0.40439698492462317,0.28482860281306027,0.3662096285447337
F000751,0.0,0.3635678391959799,0.5,0.0,0.25,1.0,1.0,1.0,0.25,real,3,0.8304020100502513,0.3635678391959799,0.005527638190954774,0.004145728643216081,0.4174960859574253,0.3655032069897225
F000752,0.0,0.3635678391959799,0.3055555555555556,0.6735753140545634,0.0,1.0,1.0,1.0,0.0,real,3,0.3701005025125628,0.3635678391959799,0.8160804020100503,0.6120603015075377,0.33606613469356833,0.36756622307517484
F000753,0.0,0.3635678391959799,0.1388888888888888,0.2545875386086578,0.0,1.0,1.0,1.0,0.0,real,3,0.3701005025125628,0.3635678391959799,0.1771356783919598,0.13285175879396985,0.21782925304916542,0.3644357150071968
F000754,0.0,0.3635678391959799,0.4861111111111111,0.2926570486903539,0.0,1.0,1.0,1.0,0.0,real,3,0.3701005025125628,0.3635678391959799,0.2904522613065327,0.2178391959798995,0.23879851518901038,0.36499090932047173
F000755,0.0,0.3635678391959799,0.5833333333333334,0.7637626158259733,0.0,1.0,1.0,1.0,0.0,real,3,0.3701005025125628,0.3635678391959799,0.8902010050251257,0.6676507537688443,0.34978217090477515,0.36792937678341453
F000756,0.5949284529178934,0.9836683417085428,0.8611111111111112,0.2545875386086578,0.25,1.0,1.0,1.0,0.25,real,3,0.8304020100502513,0.9836683417085428,0.1771356783919598,0.13285175879396985,0.48874791671927476,0.9633066399838388
F000757,0.0,0.3635678391959799,0.2361111111111111,0.2097176232019652,0.0,1.0,1.0,1.0,0.0,real,3,0.3701005025125628,0.3635678391959799,0.11708542713567839,0.0878140703517588,0.20671693896618776,0.36414149895204667
F000758,0.0,0.3635678391959799,0.1944444444444444,0.3469443332443554,0.5,1.0,1.0,1.0,0.5,real,3,0.9587939698492463,0.3635678391959799,0.33341708542713566,0.25006281407035175,0.6392361304007474,0.5124117604353425
F000759,0.25,0.8977386934673367,0.75,0.5,0.0,1.0,1.0,1.0,0.0,real,3,0.3701005025125628,0.8977386934673367,0.5793969849246231,0.4345477386934673,0.29226780889371484,0.6684547107396278
F000760,0.0,0.3635678391959799,0.25,0.5,0.0,1.0,1.0,1.0,0.0,real,3,0.3701005025125628,0.3635678391959799,0.5793969849246231,0.4345477386934673,0.29226780889371484,0.36640659326784675
F000761,0.0223290993692601,0.7540201005025126,0.5833333333333334,0.2886751345948129,0.25,1.0,1.0,1.0,0.25,real,3,0.8304020100502513,0.7540201005025126,0.26030150753768844,0.19522613065326633,0.5232784525643291,0.7689318451554255
F000762,0.0,0.3635678391959799,0.4027777777777778,0.1734721666221777,0.5,1.0,1.0,1.0,0.5,real,3,0.9587939698492463,0.3635678391959799,0.08819095477386935,0.06614321608040201,0.5216754627408399,0.4029380097724805
F000763,0.0,0.3635678391959799,0.5555555555555556,0.5357583756107197,0.25,1.0,1.0,1.0,0.25,real,3,0.8304020100502513,0.3635678391959799,0.6798994974874372,0.5099246231155778,0.6974959596979875,0.6016180778263175
F000764,0.0,0.3635678391959799,0.4722222222222222,0.4194352464039305,0.0,1.0,1.0,1.0,0.0,real,3,0.3701005025125628,0.3635678391959799,0.5165829145728643,0.38743718592964826,0.2806440493926921,0.36609883588798264
F000765,0.0,0.3635678391959799,0.1805555555555555,0.3757708127352412,0.0,1.0,1.0,1.0,0.0,real,3,0.3701005025125628,0.3635678391959799,0.40804020100502514,0.3060301507537688,0.2605581929749249,0.36556703113557737
F000766,0.0,0.3635678391959799,0.25,0.5,0.0,1.0,1.0,1.0,0.0,real,3,0.3701005025125628,0.3635678391959799,0.5793969849246231,0.4345477386934673,0.29226780889371484,0.36640659326784675
F000767,0.5752420042367246,0.9706030150753768,0.8194444444444444,0.1272937693043289,0.0,1.0,1.0,1.0,0.0,real,3,0.3701005025125628,0.9706030150753768,0.03869346733668342,0.029020100502512566,0.1922104871089114,0.9531763718087927
F000768,0.0,0.3635678391959799,0.5277777777777778,0.8221471437193746,0.25,1.0,1.0,1.0,0.25,real,3,0.8304020100502513,0.3635678391959799,0.9208542713567839,0.6906407035175879,0.7975406239741422,0.6859825193808237
F000769,0.3963319220119756,0.9414572864321608,0.7222222222222222,0.0962250448649376,0.0,1.0,1.0,1.0,0.0,real,3,0.3701005025125628,0.9414572864321608,0.021105527638190954,0.015829145728643215,0.18895583444862502,0.9324131966364485
F000770,0.1889957660359268,0.8522613065326633,0.6666666666666666,0.2886751345948129,0.0,1.0,1.0,1.0,0.0,real,3,0.3701005025125628,0.8522613065326633,0.26030150753768844,0.19522613065326633,0.2332191106285195,0.7581309184111512
F000771,0.5853276880479024,0.9761306532663316,0.8888888888888888,0.3849001794597506,0.0,1.0,1.0,1.0,0.0,real,3,0.3701005025125628,0.9761306532663316,0.45879396984924625,0.3440954773869347,0.26995019065175124,0.7675984192318376
F000772,0.0,0.3635678391959799,0.25,0.5,0.0,1.0,1.0,1.0,0.0,real,3,0.3701005025125628,0.3635678391959799,0.5793969849246231,0.4345477386934673,0.29226780889371484,0.36640659326784675
F000773,0.0,0.3635678391959799,0.3611111111111111,0.2545875386086578,0.0,1.0,1.0,1.0,0.0,real,3,0.3701005025125628,0.3635678391959799,0.1771356783919598,0.13285175879396985,0.21782925304916542,0.3644357150071968
F000774,0.0,0.3635678391959799,0.25,0.5,0.0,1.0,1.0,1.0,0.0,real,3,0.3701005025125628,0.3635678391959799,0.5793969849246231,0.4345477386934673,0.29226780889371484,0.36640659326784675
F000775,0.0,0.3635678391959799,0.2222222222222222,0.0962250448649376,0.0,1.0,1.0,1.0,0.0,real,3,0.3701005025125628,0.3635678391959799,0.021105527638190954,0.015829145728643215,0.18895583444862502,0.3636712456756142
F000776,0.0,0.3635678391959799,0.3194444444444444,0.3757708127352411,0.25,1.0,1.0,1.0,0.25,real,3,0.8304020100502513,0.3635678391959799,0.3969849246231156,0.29773869346733667,0.580029544708467,0.502562435292038
F000777,0.0,0.3635678391959799,0.25,0.5,0.0,1.0,1.0,1.0,0.0,real,3,0.3701005025125628,0.3635678391959799,0.5793969849246231,0.4345477386934673,0.29226780889371484,0.36640659326784675
F000778,0.3222409918479341,0.9193467336683416,0.7638888888888888,0.4110735718596873,0.25,1.0,1.0,1.0,0.25,real,3,0.8304020100502513,0.9193467336683416,0.507035175879397,0.3802763819095477,0.6257225196333426,0.8855231559809096
F000779,0.0,0.3635678391959799,0.3055555555555556,0.7876359377087682,0.0,1.0,1.0,1.0,0.0,real,3,0.3701005025125628,0.3635678391959799,0.9082914572864321,0.6812185929648241,0.35312981364106966,0.3680180109088155
F000780,0.0,0.3635678391959799,0.5416666666666666,0.3818813079129866,0.0,1.0,1.0,1.0,0.0,real,3,0.3701005025125628,0.3635678391959799,0.4236180904522613,0.31771356783919597,0.2634408853311785,0.36564335496578365
F000781,0.2974642264589466,0.9080402010050252,0.6805555555555556,0.1272937693043289,0.0,1.0,1.0,1.0,0.0,real,3,0.3701005025125628,0.9080402010050252,0.03869346733668342,0.029020100502512566,0.1922104871089114,0.8924291368904826
F000782,0.3222409918479341,0.9193467336683416,0.7638888888888888,0.4110735718596873,0.5,1.0,1.0,1.0,0.5,real,3,0.9587939698492463,0.9193467336683416,0.507035175879397,0.3802763819095477,0.722468119491932,0.9343475859195475
F000783,0.1485783278408043,0.8238693467336683,0.7361111111111112,0.6472877887628358,0.0,1.0,1.0,1.0,0.0,real,3,0.3701005025125628,0.8238693467336683,0.7924623115577889,0.5943467336683417,0.3316956011211838,0.5541733163303957
F000784,0.0,0.3635678391959799,0.0416666666666666,0.1443375672974064,0.0,1.0,1.0,1.0,0.0,real,3,0.3701005025125628,0.3635678391959799,0.06030150753768844,0.04522613065326633,0.1962090603772632,0.3638632862806495
F000785,0.0,0.3635678391959799,0.3888888888888889,0.6309898162000305,0.0,1.0,1.0,1.0,0.0,real,3,0.3701005025125628,0.3635678391959799,0.7751256281407035,0.5813442211055276,0.3284874434989016,0.36736556526350345
F000786,0.0,0.3635678391959799,0.5972222222222222,0.393817968854384,0.5,1.0,1.0,1.0,0.5,real,3,0.9587939698492463,0.3635678391959799,0.48266331658291456,0.3619974874371859,0.7107843236281912,0.5790382029494205
F000787,0.0,0.3635678391959799,0.5833333333333334,0.7637626158259733,0.0,1.0,1.0,1.0,0.0,real,3,0.3701005025125628,0.3635678391959799,0.8902010050251257,0.6676507537688443,0.34978217090477515,0.36792937678341453
F000788,0.0,0.3635678391959799,0.2916666666666666,0.8036375634160796,0.0,1.0,1.0,1.0,0.0,real,3,0.3701005025125628,0.3635678391959799,0.914321608040201,0.6857412060301508,0.35424569455316784,0.3680475556172824
F000789,0.0,0.3635678391959799,0.2222222222222222,0.5091750772173156,0.0,1.0,1.0,1.0,0.0,real,3,0.3701005025125628,0.3635678391959799,0.6321608040201006,0.4741206030150754,0.3020317668745739,0.36666510946693265
F000790,0.0,0.3635678391959799,0.2777777777777778,0.5091750772173156,0.0,1.0,1.0,1.0,0.0,real,3,0.3701005025125628,0.3635678391959799,0.6321608040201006,0.4741206030150754,0.3020317668745739,0.36666510946693265
F000791,0.0,0.3635678391959799,0.2916666666666666,0.5204164998665332,0.0,1.0,1.0,1.0,0.0,real,3,0.3701005025125628,0.3635678391959799,0.657035175879397,0.49277638190954776,0.30663477563697883,0.36678698138935883
F000792,0.0,0.3635678391959799,0.2777777777777778,0.0962250448649376,0.0,1.0,1.0,1.0,0.0,real,3,0.3701005025125628,0.3635678391959799,0.021105527638190954,0.015829145728643215,0.18895583444862502,0.3636712456756142
F000793,0.3779915320718537,0.9329145728643216,0.8333333333333333,0.5773502691896258,0.5,1.0,1.0,1.0,0.5,real,3,0.9587939698492463,0.9329145728643216,0.7276381909547739,0.5457286432160804,0.828224539784349,0.9470377010681549
F000794,0.0,0.3635678391959799,0.5555555555555556,0.5357583756107197,0.0,1.0,1.0,1.0,0.0,real,3,0.3701005025125628,0.3635678391959799,0.6798994974874372,0.5099246231155778,0.31086582409535113,0.3668990050756294
F000795,0.0,0.3635678391959799,0.6388888888888888,0.7515416254704823,0.0,1.0,1.0,1.0,0.0,real,3,0.3701005025125628,0.3635678391959799,0.8728643216080402,0.6546482412060302,0.3465740132824929,0.3678444357465721
F000796,0.1485783278408043,0.8238693467336683,0.7361111111111112,0.6472877887628358,0.0,1.0,1.0,1.0,0.0,real,3,0.3701005025125628,0.8238693467336683,0.7924623115577889,0.5943467336683417,0.3316956011211838,0.5541733163303957
F000797,0.1485783278408043,0.8238693467336683,0.7361111111111112,0.6472877887628358,0.0,1.0,1.0,1.0,0.0,real,3,0.3701005025125628,0.8238693467336683,0.7924623115577889,0.5943467336683417,0.3316956011211838,0.5541733163303957
F000798,0.25,0.8977386934673367,0.75,0.5,0.75,1.0,1.0,1.0,0.75,real,3,0.9987437185929648,0.8977386934673367,0.5793969849246231,0.4345477386934673,0.7887064089290675,0.9416301987323552
F000799,0.0,0.3635678391959799,0.1388888888888888,0.2545875386086578,0.0,1.0,1.0,1.0,0.0,real,3,0.3701005025125628,0.3635678391959799,0.1771356783919598,0.13285175879396985,0.21782925304916542,0.3644357150071968
F000800,0.0,0.3635678391959799,0.6388888888888888,0.7515416254704823,0.0,1.0,1.0,1.0,0.0,real,3,0.3701005025125628,0.3635678391959799,0.8728643216080402,0.6546482412060302,0.3465740132824929,0.3678444357465721
F000801,0.0,0.3635678391959799,0.1666666666666666,0.2886751345948128,0.25,1.0,1.0,1.0,0.25,real,3,0.8304020100502513,0.3635678391959799,0.228391959798995,0.17129396984924625,0.5100295762733265,0.4435337175828893
F000802,0.0,0.3635678391959799,0.5138888888888888,0.2926570486903538,0.0,1.0,1.0,1.0,0.0,real,3,0.3701005025125628,0.3635678391959799,0.2829145728643216,0.21218592964824118,0.23740366404888766,0.364953978434888
F000803,0.0,0.3635678391959799,0.0555555555555555,0.1924500897298752,0.0,1.0,1.0,1.0,0.0,real,3,0.3701005025125628,0.3635678391959799,0.1,0.07500000000000001,0.20355527638190957,0.3640577889447236
F000804,0.0,0.3635678391959799,0.1944444444444444,0.3469443332443554,0.25,1.0,1.0,1.0,0.25,real,3,0.8304020100502513,0.3635678391959799,0.33341708542713566,0.25006281407035175,0.5536361139870205,0.48030570566399833
F000805,0.0,0.3635678391959799,0.3333333333333333,0.2886751345948129,0.0,1.0,1.0,1.0,0.0,real,3,0.3701005025125628,0.3635678391959799,0.26030150753768844,0.19522613065326633,0.2332191106285195,0.3648431857781369
F000806,0.0219364186574703,0.7472361809045226,0.6527777777777778,0.5672382737961704,0.0,1.0,1.0,1.0,0.0,real,3,0.3701005025125628,0.7472361809045226,0.7017587939698492,0.5263190954773869,0.31491089240170705,0.5487424717810157
F000807,0.0,0.3635678391959799,0.4583333333333333,0.1443375672974064,0.25,1.0,1.0,1.0,0.25,real,3,0.8304020100502513,0.3635678391959799,0.06030150753768844,0.04522613065326633,0.4402382515593041,0.3846809424004444
F000808,0.0,0.3635678391959799,0.5694444444444444,0.4738533919231106,0.0,1.0,1.0,1.0,0.0,real,3,0.3701005025125628,0.3635678391959799,0.535427135678392,0.40157035175879396,0.2841311772429989,0.3661911631019419
F000809,0.0,0.3635678391959799,0.3055555555555556,0.7876359377087682,0.0,1.0,1.0,1.0,0.0,real,3,0.3701005025125628,0.3635678391959799,0.9082914572864321,0.6812185929648241,0.35312981364106966,0.3680180109088155
F000810,0.0,0.3635678391959799,0.2777777777777778,0.9622504486493764,0.0,1.0,1.0,1.0,0.0,real,3,0.3701005025125628,0.3635678391959799,0.9577889447236181,0.7183417085427135,0.36228933612787556,0.3682605237241484
F000811,0.3231250834000667,0.9236180904522612,0.7916666666666667,0.5204164998665333,0.0,1.0,1.0,1.0,0.0,real,3,0.3701005025125628,0.9236180904522612,0.6665829145728643,0.49993718592964825,0.3084015870811343,0.6468940651751218
F000812,0.0,0.3635678391959799,0.1666666666666666,0.2886751345948128,0.0,1.0,1.0,1.0,0.0,real,3,0.3701005025125628,0.3635678391959799,0.228391959798995,0.17129396984924625,0.22731424080199994,0.36468684502916593
F000813,0.5334936490538904,0.9678391959798996,0.875,0.4330127018922193,0.0,1.0,1.0,1.0,0.0,real,3,0.3701005025125628,0.9678391959798996,0.5271356783919598,0.3953517587939699,0.28259684098886395,0.7315221522183784
F000814,0.0,0.3635678391959799,0.1666666666666666,0.5773502691896258,0.0,1.0,1.0,1.0,0.0,real,3,0.3701005025125628,0.3635678391959799,0.7276381909547739,0.5457286432160804,0.3196998813161284,0.36713290068432614
F000815,0.0,0.3635678391959799,0.3333333333333333,1.1547005383792517,0.0,1.0,1.0,1.0,0.0,real,3,0.3701005025125628,0.3635678391959799,0.9967336683417085,0.7475502512562814,0.3694960670185096,0.3684513332996642
F000816,0.0,0.3635678391959799,0.4861111111111111,0.9141379262169074,0.25,1.0,1.0,1.0,0.25,real,3,0.8304020100502513,0.3635678391959799,0.9492462311557789,0.7119346733668341,0.8093289942173179,0.6959232721395925
F000817,0.0,0.3635678391959799,0.3888888888888889,0.4811252243246881,0.0,1.0,1.0,1.0,0.0,real,3,0.3701005025125628,0.3635678391959799,0.5391959798994975,0.40439698492462317,0.28482860281306027,0.3662096285447337
F000818,0.0,0.3635678391959799,0.5972222222222222,0.393817968854384,0.0,1.0,1.0,1.0,0.0,real,3,0.3701005025125628,0.3635678391959799,0.48266331658291456,0.3619974874371859,0.27436721926213986,0.365932646902856
F000819,0.0,0.3635678391959799,0.25,0.5,0.0,1.0,1.0,1.0,0.0,real,3,0.3701005025125628,0.3635678391959799,0.5793969849246231,0.4345477386934673,0.29226780889371484,0.36640659326784675
F000820,0.0,0.3635678391959799,0.4166666666666667,0.2886751345948129,0.0,1.0,1.0,1.0,0.0,real,3,0.3701005025125628,0.3635678391959799,0.26030150753768844,0.19522613065326633,0.2332191106285195,0.3648431857781369
F000821,0.1706553760958049,0.8447236180904523,0.7777777777777777,0.769800358919501,0.0,1.0,1.0,1.0,0.0,real,3,0.3701005025125628,0.8447236180904523,0.9007537688442211,0.6755653266331658,0.35173496250094693,0.5240846979874245
F000822,0.0,0.3635678391959799,0.5972222222222222,0.393817968854384,0.0,1.0,1.0,1.0,0.0,real,3,0.3701005025125628,0.3635678391959799,0.48266331658291456,0.3619974874371859,0.27436721926213986,0.365932646902856
F000823,0.0,0.3635678391959799,0.1666666666666666,0.5773502691896258,0.0,1.0,1.0,1.0,0.0,real,3,0.3701005025125628,0.3635678391959799,0.7276381909547739,0.5457286432160804,0.3196998813161284,0.36713290068432614
F000824,0.0,0.3635678391959799,0.375,0.4330127018922193,0.0,1.0,1.0,1.0,0.0,real,3,0.3701005025125628,0.3635678391959799,0.5271356783919598,0.3953517587939699,0.28259684098886395,0.3661505391277998
F000825,0.0,0.3635678391959799,0.4444444444444444,1.0183501544346312,0.0,1.0,1.0,1.0,0.0,real,3,0.3701005025125628,0.3635678391959799,0.9741206030150754,0.7305904522613066,0.36531151359814146,0.36834054064291305
F000826,0.0,0.3635678391959799,0.1527777777777777,0.3367876570272816,0.0,1.0,1.0,1.0,0.0,real,3,0.3701005025125628,0.3635678391959799,0.2947236180904523,0.22104271356783922,0.23958893083507993,0.3650118368223024
F000827,0.0,0.3635678391959799,0.4583333333333333,0.6291528696058959,0.25,1.0,1.0,1.0,0.25,real,3,0.8304020100502513,0.3635678391959799,0.7713567839195979,0.5785175879396984,0.7354691169414914,0.6336396176864221
F000828,0.0,0.3635678391959799,0.0833333333333333,0.2886751345948128,0.0,1.0,1.0,1.0,0.0,real,3,0.3701005025125628,0.3635678391959799,0.228391959798995,0.17129396984924625,0.22731424080199994,0.36468684502916593
F000829,0.0,0.3635678391959799,0.5972222222222222,0.393817968854384,0.0,1.0,1.0,1.0,0.0,real,3,0.3701005025125628,0.3635678391959799,0.48266331658291456,0.3619974874371859,0.27436721926213986,0.365932646902856
F000830,0.0,0.3635678391959799,0.4166666666666667,0.7637626158259734,0.0,1.0,1.0,1.0,0.0,real,3,0.3701005025125628,0.3635678391959799,0.8974874371859296,0.6731155778894472,0.3511305270068938,0.3679650766394788
F000831,0.0,0.3635678391959799,0.1944444444444444,0.3469443332443554,0.25,1.0,1.0,1.0,0.25,real,3,0.8304020100502513,0.3635678391959799,0.33341708542713566,0.25006281407035175,0.5536361139870205,0.48030570566399833
F000832,0.0,0.3635678391959799,0.3333333333333333,0.2886751345948129,0.0,1.0,1.0,1.0,0.0,real,3,0.3701005025125628,0.3635678391959799,0.26030150753768844,0.19522613065326633,0.2332191106285195,0.3648431857781369
F000833,0.0,0.3635678391959799,0.3333333333333333,0.2886751345948129,0.25,1.0,1.0,1.0,0.25,real,3,0.8304020100502513,0.3635678391959799,0.26030150753768844,0.19522613065326633,0.5232784525643291,0.45470606802858515
F000834,0.1898569058357866,0.864321608040201,0.7222222222222222,0.5091750772173156,0.0,1.0,1.0,1.0,0.0,real,3,0.3701005025125628,0.864321608040201,0.6321608040201006,0.4741206030150754,0.3020317668745739,0.6300011994646599
F000835,0.0,0.3635678391959799,0.4583333333333333,0.3818813079129866,0.5,1.0,1.0,1.0,0.5,real,3,0.9587939698492463,0.3635678391959799,0.4236180904522613,0.31771356783919597,0.6824782202469635,0.5526792568369485
F000836,0.0,0.3635678391959799,0.3055555555555556,0.3469443332443555,0.0,1.0,1.0,1.0,0.0,real,3,0.3701005025125628,0.3635678391959799,0.37613065326633166,0.2820979899497488,0.25465332314840533,0.36541069038660645
F000837,0.0,0.3635678391959799,0.3055555555555556,0.3469443332443555,0.25,1.0,1.0,1.0,0.25,real,3,0.8304020100502513,0.3635678391959799,0.37613065326633166,0.2820979899497488,0.5713708302820636,0.49526082043382746
F000838,0.0483797153000638,0.7836683417085427,0.6805555555555556,0.6254627916220946,0.0,1.0,1.0,1.0,0.0,real,3,0.3701005025125628,0.7836683417085427,0.7610552763819095,0.5707914572864321,0.32588372137067245,0.5476073520870686
F000839,0.0,0.3635678391959799,0.5138888888888888,0.2926570486903538,0.5,1.0,1.0,1.0,0.5,real,3,0.9587939698492463,0.3635678391959799,0.2829145728643216,0.21218592964824118,0.6150253781470165,0.4898664490795687
F000840,0.1485783278408043,0.8238693467336683,0.7361111111111112,0.6472877887628358,0.0,1.0,1.0,1.0,0.0,real,3,0.3701005025125628,0.8238693467336683,0.7924623115577889,0.5943467336683417,0.3316956011211838,0.5541733163303957
F000841,0.0,0.3635678391959799,0.2083333333333333,0.3818813079129866,0.0,1.0,1.0,1.0,0.0,real,3,0.3701005025125628,0.3635678391959799,0.4236180904522613,0.31771356783919597,0.2634408853311785,0.36564335496578365
F000842,0.0,0.3635678391959799,0.2777777777777778,0.0962250448649376,0.0,1.0,1.0,1.0,0.0,real,3,0.3701005025125628,0.3635678391959799,0.021105527638190954,0.015829145728643215,0.18895583444862502,0.3636712456756142
F000843,0.1077083611333555,0.8103015075376885,0.5972222222222222,0.1734721666221776,0.0,1.0,1.0,1.0,0.0,real,3,0.3701005025125628,0.8103015075376885,0.07839195979899498,0.05879396984924623,0.19955670311355775,0.7844203429206333
F000844,0.0,0.3635678391959799,0.4027777777777778,0.6364688465216445,0.0,1.0,1.0,1.0,0.0,real,3,0.3701005025125628,0.3635678391959799,0.7829145728643216,0.5871859296482412,0.3299287896770284,0.3674037271786066
F000845,0.6889957660359269,0.9899497487437184,0.9166666666666669,0.2886751345948128,0.0,1.0,1.0,1.0,0.0,real,3,0.3701005025125628,0.9899497487437184,0.228391959798995,0.17129396984924625,0.22731424080199994,0.8837733106487209
F000846,0.0,0.3635678391959799,0.5972222222222222,0.393817968854384,0.25,1.0,1.0,1.0,0.25,real,3,0.8304020100502513,0.3635678391959799,0.48266331658291456,0.3619974874371859,0.6156032991591122,0.5325606360950481
F000847,0.0,0.3635678391959799,0.6944444444444444,0.7876359377087682,0.25,1.0,1.0,1.0,0.25,real,3,0.8304020100502513,0.3635678391959799,0.9082914572864321,0.6812185929648241,0.7923245309461882,0.6815839562132269
F000848,0.0223290993692601,0.7540201005025126,0.5833333333333334,0.2886751345948129,0.0,1.0,1.0,1.0,0.0,real,3,0.3701005025125628,0.7540201005025126,0.26030150753768844,0.19522613065326633,0.2332191106285195,0.6790689629049772
F000849,0.0,0.3635678391959799,0.0972222222222221,0.1734721666221776,0.0,1.0,1.0,1.0,0.0,real,3,0.3701005025125628,0.3635678391959799,0.07839195979899498,0.05879396984924623,0.19955670311355775,0.36395192040605034
F000850,0.0,0.3635678391959799,0.4444444444444444,1.0183501544346312,0.0,1.0,1.0,1.0,0.0,real,3,0.3701005025125628,0.3635678391959799,0.9741206030150754,0.7305904522613066,0.36531151359814146,0.36834054064291305
F000851,0.0223290993692601,0.7540201005025126,0.5833333333333334,0.2886751345948129,0.0,1.0,1.0,1.0,0.0,real,3,0.3701005025125628,0.7540201005025126,0.26030150753768844,0.19522613065326633,0.2332191106285195,0.6790689629049772
F000852,0.0,0.3635678391959799,0.2361111111111111,0.2097176232019652,0.0,1.0,1.0,1.0,0.0,real,3,0.3701005025125628,0.3635678391959799,0.11708542713567839,0.0878140703517588,0.20671693896618776,0.36414149895204667
F000853,0.0,0.3635678391959799,0.5555555555555556,0.5357583756107197,0.0,1.0,1.0,1.0,0.0,real,3,0.3701005025125628,0.3635678391959799,0.6798994974874372,0.5099246231155778,0.31086582409535113,0.3668990050756294
F000854,0.0,0.3635678391959799,0.5,0.0,0.25,1.0,1.0,1.0,0.25,real,3,0.8304020100502513,0.3635678391959799,0.005527638190954774,0.004145728643216081,0.4174960859574253,0.3655032069897225
F000855,0.5260506159308034,0.963819095477387,0.8472222222222221,0.3367876570272817,0.0,1.0,1.0,1.0,0.0,real,3,0.3701005025125628,0.963819095477387,0.3005025125628141,0.22537688442211057,0.240658316709174,0.8300086487714957
F000856,0.0,0.3635678391959799,0.1666666666666666,0.5773502691896258,0.0,1.0,1.0,1.0,0.0,real,3,0.3701005025125628,0.3635678391959799,0.7276381909547739,0.5457286432160804,0.3196998813161284,0.36713290068432614
F000857,0.0,0.3635678391959799,0.6388888888888888,0.7515416254704823,0.5,1.0,1.0,1.0,0.5,real,3,0.9587939698492463,0.3635678391959799,0.8728643216080402,0.6546482412060302,0.897845508951794,0.7532315787480115
F000858,0.0,0.3635678391959799,0.3888888888888889,0.6309898162000305,0.25,1.0,1.0,1.0,0.25,real,3,0.8304020100502513,0.3635678391959799,0.7751256281407035,0.5813442211055276,0.7370339448498775,0.6349591866367011
F000859,0.0,0.3635678391959799,0.3055555555555556,0.6735753140545634,0.0,1.0,1.0,1.0,0.0,real,3,0.3701005025125628,0.3635678391959799,0.8160804020100503,0.6120603015075377,0.33606613469356833,0.36756622307517484
F000860,0.01116454968463,0.7346733668341708,0.5416666666666666,0.1443375672974064,0.25,1.0,1.0,1.0,0.25,real,3,0.8304020100502513,0.7346733668341708,0.06030150753768844,0.04522613065326633,0.4402382515593041,0.7390028029595213
F000861,0.0,0.3635678391959799,0.6666666666666666,0.7637626158259733,0.25,1.0,1.0,1.0,0.25,real,3,0.8304020100502513,0.3635678391959799,0.8902010050251257,0.6676507537688443,0.7848133569859347,0.6752500252518876
F000862,0.25,0.8977386934673367,0.75,0.5,0.5,1.0,1.0,1.0,0.5,real,3,0.9587939698492463,0.8977386934673367,0.5793969849246231,0.4345477386934673,0.7571581525719048,0.9242701257544002
F000863,0.0,0.3635678391959799,0.1666666666666666,0.5773502691896258,0.25,1.0,1.0,1.0,0.25,real,3,0.8304020100502513,0.3635678391959799,0.7276381909547739,0.5457286432160804,0.7173171132042121,0.6183326178631853
F000864,0.0,0.3635678391959799,0.375,0.25,0.0,1.0,1.0,1.0,0.0,real,3,0.3701005025125628,0.3635678391959799,0.1349246231155779,0.10119346733668343,0.21001808666447816,0.36422890204792807
F000865,0.0,0.3635678391959799,0.25,0.5,0.0,1.0,1.0,1.0,0.0,real,3,0.3701005025125628,0.3635678391959799,0.5793969849246231,0.4345477386934673,0.29226780889371484,0.36640659326784675
F000866,0.0,0.3635678391959799,0.25,0.5,0.0,1.0,1.0,1.0,0.0,real,3,0.3701005025125628,0.3635678391959799,0.5793969849246231,0.4345477386934673,0.29226780889371484,0.36640659326784675
F000867,0.0,0.3635678391959799,0.2222222222222222,0.5091750772173156,0.5,1.0,1.0,1.0,0.5,real,3,0.9587939698492463,0.3635678391959799,0.6321608040201006,0.4741206030150754,0.7824529683593849,0.6457768111916367
F000868,0.0,0.3635678391959799,0.1944444444444444,0.3469443332443554,0.0,1.0,1.0,1.0,0.0,real,3,0.3701005025125628,0.3635678391959799,0.33341708542713566,0.25006281407035175,0.2467491666877099,0.36520141536829875
F000869,0.0,0.3635678391959799,0.4444444444444444,0.1924500897298753,0.5,1.0,1.0,1.0,0.5,real,3,0.9587939698492463,0.3635678391959799,0.1077889447236181,0.08084170854271357,0.5310706800333325,0.4116869365672584
F000870,0.4376389444889332,0.951005025125628,0.8055555555555556,0.3469443332443555,0.5,1.0,1.0,1.0,0.5,real,3,0.9587939698492463,0.951005025125628,0.37613065326633166,0.2820979899497488,0.6597128860382313,0.9532022707759904
F000871,0.0521012318616071,0.7947236180904522,0.6944444444444444,0.6735753140545634,0.0,1.0,1.0,1.0,0.0,real,3,0.3701005025125628,0.7947236180904522,0.8160804020100503,0.6120603015075377,0.33606613469356833,0.5348286659427792
F000872,0.0,0.3635678391959799,0.3611111111111111,0.2545875386086578,0.0,1.0,1.0,1.0,0.0,real,3,0.3701005025125628,0.3635678391959799,0.1771356783919598,0.13285175879396985,0.21782925304916542,0.3644357150071968
F000873,0.0,0.3635678391959799,0.1944444444444444,0.3469443332443554,0.0,1.0,1.0,1.0,0.0,real,3,0.3701005025125628,0.3635678391959799,0.33341708542713566,0.25006281407035175,0.2467491666877099,0.36520141536829875
F000874,0.1504840084734488,0.8346733668341708,0.6388888888888888,0.2545875386086578,0.0,1.0,1.0,1.0,0.0,real,3,0.3701005025125628,0.8346733668341708,0.1771356783919598,0.13285175879396985,0.21782925304916542,0.7729540447210929
F000875,0.0223290993692601,0.7540201005025126,0.5833333333333334,0.2886751345948129,0.0,1.0,1.0,1.0,0.0,real,3,0.3701005025125628,0.7540201005025126,0.26030150753768844,0.19522613065326633,0.2332191106285195,0.6790689629049772
F000876,0.4229189661767951,0.9434673366834172,0.7638888888888888,0.2097176232019653,0.0,1.0,1.0,1.0,0.0,real,3,0.3701005025125628,0.9434673366834172,0.12688442211055276,0.09516331658291458,0.20853024544834725,0.8889038471250728
F000877,0.0,0.3635678391959799,0.5416666666666666,0.8779711460710616,0.0,1.0,1.0,1.0,0.0,real,3,0.3701005025125628,0.3635678391959799,0.9402010050251256,0.7051507537688442,0.3590346834675892,0.3681743516577864
F000878,0.0,0.3635678391959799,0.25,0.5,0.0,1.0,1.0,1.0,0.0,real,3,0.3701005025125628,0.3635678391959799,0.5793969849246231,0.4345477386934673,0.29226780889371484,0.36640659326784675
F000879,0.0,0.3635678391959799,0.1388888888888888,0.2545875386086578,0.0,1.0,1.0,1.0,0.0,real,3,0.3701005025125628,0.3635678391959799,0.1771356783919598,0.13285175879396985,0.21782925304916542,0.3644357150071968
F000880,0.0,0.3635678391959799,0.0972222222222221,0.1734721666221776,0.0,1.0,1.0,1.0,0.0,real,3,0.3701005025125628,0.3635678391959799,0.07839195979899498,0.05879396984924623,0.19955670311355775,0.36395192040605034
F000881,0.0,0.3635678391959799,0.3055555555555556,0.7876359377087682,0.25,1.0,1.0,1.0,0.25,real,3,0.8304020100502513,0.3635678391959799,0.9082914572864321,0.6812185929648241,0.7923245309461882,0.6815839562132269
F000882,0.0,0.3635678391959799,0.5972222222222222,0.393817968854384,0.0,1.0,1.0,1.0,0.0,real,3,0.3701005025125628,0.3635678391959799,0.48266331658291456,0.3619974874371859,0.27436721926213986,0.365932646902856
F000883,0.0,0.3635678391959799,0.0833333333333333,0.2886751345948128,0.0,1.0,1.0,1.0,0.0,real,3,0.3701005025125628,0.3635678391959799,0.228391959798995,0.17129396984924625,0.22731424080199994,0.36468684502916593
F000884,0.0,0.3635678391959799,0.2777777777777778,0.5091750772173156,0.25,1.0,1.0,1.0,0.25,real,3,0.8304020100502513,0.3635678391959799,0.6321608040201006,0.4741206030150754,0.6776748061917629,0.5849035377894498
F000885,0.0,0.3635678391959799,0.1944444444444444,0.3469443332443554,0.0,1.0,1.0,1.0,0.0,real,3,0.3701005025125628,0.3635678391959799,0.33341708542713566,0.25006281407035175,0.2467491666877099,0.36520141536829875
F000886,0.0,0.3635678391959799,0.0833333333333333,0.2886751345948128,0.25,1.0,1.0,1.0,0.25,real,3,0.8304020100502513,0.3635678391959799,0.228391959798995,0.17129396984924625,0.5100295762733265,0.4435337175828893
F000887,0.0,0.3635678391959799,0.4027777777777778,0.1734721666221777,0.0,1.0,1.0,1.0,0.0,real,3,0.3701005025125628,0.3635678391959799,0.08819095477386935,0.06614321608040201,0.20137000959571727,0.36399993055730917
F000888,0.8444978830179634,0.9969849246231156,0.9583333333333331,0.1443375672974064,0.0,1.0,1.0,1.0,0.0,real,3,0.3701005025125628,0.9969849246231156,0.06030150753768844,0.04522613065326633,0.1962090603772632,0.9686333678442464
F000889,0.0,0.3635678391959799,0.5972222222222222,0.393817968854384,0.25,1.0,1.0,1.0,0.25,real,3,0.8304020100502513,0.3635678391959799,0.48266331658291456,0.3619974874371859,0.6156032991591122,0.5325606360950481
F000890,0.0,0.3635678391959799,0.25,0.5,0.0,1.0,1.0,1.0,0.0,real,3,0.3701005025125628,0.3635678391959799,0.5793969849246231,0.4345477386934673,0.29226780889371484,0.36640659326784675
F000891,0.0,0.3635678391959799,0.4027777777777778,0.1734721666221777,0.25,1.0,1.0,1.0,0.25,real,3,0.8304020100502513,0.3635678391959799,0.08819095477386935,0.06614321608040201,0.4518179780813616,0.39444575263250925
F000892,0.0,0.3635678391959799,0.5972222222222222,0.393817968854384,0.0,1.0,1.0,1.0,0.0,real,3,0.3701005025125628,0.3635678391959799,0.48266331658291456,0.3619974874371859,0.27436721926213986,0.365932646902856
F000893,0.0,0.3635678391959799,0.5555555555555556,0.5357583756107197,0.0,1.0,1.0,1.0,0.0,real,3,0.3701005025125628,0.3635678391959799,0.6798994974874372,0.5099246231155778,0.31086582409535113,0.3668990050756294
F000894,0.0,0.3635678391959799,0.2638888888888888,0.7087417123429485,0.25,1.0,1.0,1.0,0.25,real,3,0.8304020100502513,0.3635678391959799,0.8482412060301507,0.636180904522613,0.7673916062725689,0.6605588242721143
F000895,0.0,0.3635678391959799,0.3194444444444444,0.1272937693043289,0.0,1.0,1.0,1.0,0.0,real,3,0.3701005025125628,0.3635678391959799,0.03869346733668342,0.029020100502512566,0.1922104871089114,0.36375741774197623
F000896,0.0,0.3635678391959799,0.5,0.0,0.0,1.0,1.0,1.0,0.0,real,3,0.3701005025125628,0.3635678391959799,0.005527638190954774,0.004145728643216081,0.1860731420923714,0.363594921845408
F000897,0.0,0.3635678391959799,0.5138888888888888,0.2926570486903538,0.0,1.0,1.0,1.0,0.0,real,3,0.3701005025125628,0.3635678391959799,0.2829145728643216,0.21218592964824118,0.23740366404888766,0.364953978434888
F000898,0.0,0.3635678391959799,0.1805555555555555,0.1272937693043289,0.25,1.0,1.0,1.0,0.25,real,3,0.8304020100502513,0.3635678391959799,0.03869346733668342,0.029020100502512566,0.4312665715512235,0.377115413752178
F000899,0.0,0.3635678391959799,0.3888888888888889,0.3849001794597506,0.0,1.0,1.0,1.0,0.0,real,3,0.3701005025125628,0.3635678391959799,0.45879396984924625,0.3440954773869347,0.26995019065175124,0.36581569909850764
F000900,0.0,0.3635678391959799,0.3055555555555556,0.6735753140545634,0.0,1.0,1.0,1.0,0.0,real,3,0.3701005025125628,0.3635678391959799,0.8160804020100503,0.6120603015075377,0.33606613469356833,0.36756622307517484
F000901,0.0483797153000638,0.7836683417085427,0.6805555555555556,0.6254627916220946,0.0,1.0,1.0,1.0,0.0,real,3,0.3701005025125628,0.7836683417085427,0.7610552763819095,0.5707914572864321,0.32588372137067245,0.5476073520870686
F000902,0.0,0.3635678391959799,0.1388888888888888,0.2545875386086578,0.0,1.0,1.0,1.0,0.0,real,3,0.3701005025125628,0.3635678391959799,0.1771356783919598,0.13285175879396985,0.21782925304916542,0.3644357150071968
F000903,0.0,0.3635678391959799,0.1388888888888888,0.2545875386086578,0.0,1.0,1.0,1.0,0.0,real,3,0.3701005025125628,0.3635678391959799,0.1771356783919598,0.13285175879396985,0.21782925304916542,0.3644357150071968
F000904,0.0,0.3635678391959799,0.1944444444444444,0.3469443332443554,0.25,1.0,1.0,1.0,0.25,real,3,0.8304020100502513,0.3635678391959799,0.33341708542713566,0.25006281407035175,0.5536361139870205,0.48030570566399833
F000905,0.0,0.3635678391959799,0.5972222222222222,0.393817968854384,0.25,1.0,1.0,1.0,0.25,real,3,0.8304020100502513,0.3635678391959799,0.48266331658291456,0.3619974874371859,0.6156032991591122,0.5325606360950481
F000906,0.0,0.3635678391959799,0.5416666666666666,0.3818813079129866,0.0,1.0,1.0,1.0,0.0,real,3,0.3701005025125628,0.3635678391959799,0.4236180904522613,0.31771356783919597,0.2634408853311785,0.36564335496578365
F000907,0.0,0.3635678391959799,0.6111111111111112,0.6309898162000305,0.0,1.0,1.0,1.0,0.0,real,3,0.3701005025125628,0.3635678391959799,0.7751256281407035,0.5813442211055276,0.3284874434989016,0.36736556526350345
F000908,0.0,0.3635678391959799,0.4305555555555555,0.7469072033193751,0.0,1.0,1.0,1.0,0.0,real,3,0.3701005025125628,0.3635678391959799,0.8618090452261307,0.646356783919598,0.3445282316103129,0.36779027044771595
F000909,0.3923926793768401,0.9396984924623116,0.7916666666666667,0.3818813079129866,0.0,1.0,1.0,1.0,0.0,real,3,0.3701005025125628,0.9396984924623116,0.4236180904522613,0.31771356783919597,0.2634408853311785,0.7587294828413423
F000910,0.1504840084734488,0.8346733668341708,0.6388888888888888,0.2545875386086578,0.25,1.0,1.0,1.0,0.25,real,3,0.8304020100502513,0.8346733668341708,0.1771356783919598,0.13285175879396985,0.48874791671927476,0.8341059095729906
F000911,0.2154167222667111,0.8768844221105527,0.6944444444444444,0.3469443332443555,0.0,1.0,1.0,1.0,0.0,real,3,0.3701005025125628,0.8768844221105527,0.37613065326633166,0.2820979899497488,0.25465332314840533,0.7339216970531047
F000912,0.0223290993692601,0.7540201005025126,0.5833333333333334,0.2886751345948129,0.0,1.0,1.0,1.0,0.0,real,3,0.3701005025125628,0.7540201005025126,0.26030150753768844,0.19522613065326633,0.2332191106285195,0.6790689629049772
F000913,0.1504840084734488,0.8346733668341708,0.6388888888888888,0.2545875386086578,0.0,1.0,1.0,1.0,0.0,real,3,0.3701005025125628,0.8346733668341708,0.1771356783919598,0.13285175879396985,0.21782925304916542,0.7729540447210929
F000914,0.0,0.3635678391959799,0.5972222222222222,0.393817968854384,0.5,1.0,1.0,1.0,0.5,real,3,0.9587939698492463,0.3635678391959799,0.48266331658291456,0.3619974874371859,0.7107843236281912,0.5790382029494205
F000915,0.1178513660507478,0.8135678391959799,0.736111111111111,0.7087417123429486,0.5,1.0,1.0,1.0,0.5,real,3,0.9587939698492463,0.8135678391959799,0.8517587939698492,0.6388190954773869,0.8877275826368021,0.9063410646195802
F000916,0.1732257047434905,0.8477386934673367,0.6805555555555556,0.3757708127352411,0.25,1.0,1.0,1.0,0.25,real,3,0.8304020100502513,0.8477386934673367,0.3969849246231156,0.29773869346733667,0.580029544708467,0.8425768919976767
F000917,0.0,0.3635678391959799,0.4166666666666667,0.2886751345948129,0.0,1.0,1.0,1.0,0.0,real,3,0.3701005025125628,0.3635678391959799,0.26030150753768844,0.19522613065326633,0.2332191106285195,0.3648431857781369
F000918,0.0,0.3635678391959799,0.25,0.5,0.25,1.0,1.0,1.0,0.25,real,3,0.8304020100502513,0.3635678391959799,0.5793969849246231,0.4345477386934673,0.6557672154743568,0.5664295724855433
F000919,0.1504840084734488,0.8346733668341708,0.6388888888888888,0.2545875386086578,0.0,1.0,1.0,1.0,0.0,real,3,0.3701005025125628,0.8346733668341708,0.1771356783919598,0.13285175879396985,0.21782925304916542,0.7729540447210929
F000920,0.1020902318637188,0.8077889447236181,0.7083333333333334,0.6291528696058958,0.25,1.0,1.0,1.0,0.25,real,3,0.8304020100502513,0.8077889447236181,0.7695979899497487,0.5771984924623115,0.7347388639175778,0.8208411719401025
F000921,0.0,0.3635678391959799,0.5972222222222222,0.393817968854384,0.25,1.0,1.0,1.0,0.25,real,3,0.8304020100502513,0.3635678391959799,0.48266331658291456,0.3619974874371859,0.6156032991591122,0.5325606360950481
F000922,0.0,0.3635678391959799,0.4305555555555555,0.5912165737164656,0.5,1.0,1.0,1.0,0.5,real,3,0.9587939698492463,0.3635678391959799,0.7515075376884423,0.5636306532663317,0.83966743264059,0.6990555320572713
F000923,0.1564584167334001,0.842211055276382,0.7083333333333334,0.5204164998665332,0.25,1.0,1.0,1.0,0.25,real,3,0.8304020100502513,0.842211055276382,0.657035175879397,0.49277638190954776,0.6880026703871114,0.8363918366960431
F000924,0.0,0.3635678391959799,0.4722222222222222,0.4194352464039305,0.0,1.0,1.0,1.0,0.0,real,3,0.3701005025125628,0.3635678391959799,0.5165829145728643,0.38743718592964826,0.2806440493926921,0.36609883588798264
F000925,0.0,0.3635678391959799,0.4027777777777778,0.6364688465216445,0.0,1.0,1.0,1.0,0.0,real,3,0.3701005025125628,0.3635678391959799,0.7829145728643216,0.5871859296482412,0.3299287896770284,0.3674037271786066
F000926,0.0,0.3635678391959799,0.375,1.0897247358851685,0.0,1.0,1.0,1.0,0.0,real,3,0.3701005025125628,0.3635678391959799,0.9899497487437185,0.7424623115577889,0.3682407009923992,0.3684180955026388
F000927,0.0,0.3635678391959799,0.3333333333333333,0.5773502691896258,0.0,1.0,1.0,1.0,0.0,real,3,0.3701005025125628,0.3635678391959799,0.7276381909547739,0.5457286432160804,0.3196998813161284,0.36713290068432614
F000928,0.0,0.3635678391959799,0.4166666666666667,0.2886751345948129,0.0,1.0,1.0,1.0,0.0,real,3,0.3701005025125628,0.3635678391959799,0.26030150753768844,0.19522613065326633,0.2332191106285195,0.3648431857781369
F000929,0.0,0.3635678391959799,0.1944444444444444,0.3469443332443554,0.0,1.0,1.0,1.0,0.0,real,3,0.3701005025125628,0.3635678391959799,0.33341708542713566,0.25006281407035175,0.2467491666877099,0.36520141536829875
F000930,0.0,0.3635678391959799,0.3333333333333333,1.1547005383792517,0.0,1.0,1.0,1.0,0.0,real,3,0.3701005025125628,0.3635678391959799,0.9967336683417085,0.7475502512562814,0.3694960670185096,0.3684513332996642
F000931,0.1889957660359268,0.8522613065326633,0.6666666666666666,0.2886751345948129,0.0,1.0,1.0,1.0,0.0,real,3,0.3701005025125628,0.8522613065326633,0.26030150753768844,0.19522613065326633,0.2332191106285195,0.7581309184111512
F000932,0.2224894150898172,0.8839195979899498,0.7916666666666667,0.7216878364870323,0.25,1.0,1.0,1.0,0.25,real,3,0.8304020100502513,0.8839195979899498,0.857286432160804,0.642964824120603,0.7711471932526957,0.8495096714729427
F000933,0.0,0.3635678391959799,0.5416666666666666,0.3818813079129866,0.25,1.0,1.0,1.0,0.25,real,3,0.8304020100502513,0.3635678391959799,0.4236180904522613,0.31771356783919597,0.5910876619277291,0.5118873892073432
F000934,0.0,0.3635678391959799,0.3611111111111111,0.8552669065744807,0.0,1.0,1.0,1.0,0.0,real,3,0.3701005025125628,0.3635678391959799,0.928894472361809,0.6966708542713568,0.3569424067574051,0.3681189553294109
F000935,0.0,0.3635678391959799,0.2916666666666666,0.3818813079129867,0.0,1.0,1.0,1.0,0.0,real,3,0.3701005025125628,0.3635678391959799,0.4402010050251256,0.3301507537688442,0.2665095578394485,0.36572460291406783
F000936,0.0,0.3635678391959799,0.4444444444444444,1.0183501544346312,0.0,1.0,1.0,1.0,0.0,real,3,0.3701005025125628,0.3635678391959799,0.9741206030150754,0.7305904522613066,0.36531151359814146,0.36834054064291305
F000937,0.0,0.3635678391959799,0.5138888888888888,0.2926570486903538,0.25,1.0,1.0,1.0,0.25,real,3,0.8304020100502513,0.3635678391959799,0.2829145728643216,0.21218592964824118,0.5326674200146461,0.46262348173025936
F000938,0.0,0.3635678391959799,0.3611111111111111,0.2545875386086578,0.0,1.0,1.0,1.0,0.0,real,3,0.3701005025125628,0.3635678391959799,0.1771356783919598,0.13285175879396985,0.21782925304916542,0.3644357150071968
F000939,0.0,0.3635678391959799,0.5833333333333334,0.7637626158259733,0.0,1.0,1.0,1.0,0.0,real,3,0.3701005025125628,0.3635678391959799,0.8902010050251257,0.6676507537688443,0.34978217090477515,0.36792937678341453
F000940,0.0334936490538903,0.7618090452261307,0.625,0.4330127018922193,0.0,1.0,1.0,1.0,0.0,real,3,0.3701005025125628,0.7618090452261307,0.5271356783919598,0.3953517587939699,0.28259684098886395,0.6069463839296987
F000941,0.5752420042367246,0.9706030150753768,0.8194444444444444,0.1272937693043289,0.0,1.0,1.0,1.0,0.0,real,3,0.3701005025125628,0.9706030150753768,0.03869346733668342,0.029020100502512566,0.1922104871089114,0.9531763718087927
F000942,0.0,0.3635678391959799,0.5277777777777778,0.8221471437193746,0.0,1.0,1.0,1.0,0.0,real,3,0.3701005025125628,0.3635678391959799,0.9208542713567839,0.6906407035175879,0.35545456554127425,0.3680795623847883
F000943,0.0,0.3635678391959799,0.1388888888888888,0.2545875386086578,0.0,1.0,1.0,1.0,0.0,real,3,0.3701005025125628,0.3635678391959799,0.1771356783919598,0.13285175879396985,0.21782925304916542,0.3644357150071968
F000944,0.0,0.3635678391959799,0.0416666666666666,0.1443375672974064,0.0,1.0,1.0,1.0,0.0,real,3,0.3701005025125628,0.3635678391959799,0.06030150753768844,0.04522613065326633,0.1962090603772632,0.3638632862806495
F000945,0.1178513660507478,0.8135678391959799,0.736111111111111,0.7087417123429486,0.25,1.0,1.0,1.0,0.25,real,3,0.8304020100502513,0.8135678391959799,0.8517587939698492,0.6388190954773869,0.768852112320396,0.8243218289942174
F000946,0.0,0.3635678391959799,0.5416666666666666,0.3818813079129866,0.0,1.0,1.0,1.0,0.0,real,3,0.3701005025125628,0.3635678391959799,0.4236180904522613,0.31771356783919597,0.2634408853311785,0.36564335496578365
F000947,0.0,0.3635678391959799,0.125,0.25,0.0,1.0,1.0,1.0,0.0,real,3,0.3701005025125628,0.3635678391959799,0.1349246231155779,0.10119346733668343,0.21001808666447816,0.36422890204792807
F000948,0.0,0.3635678391959799,0.3333333333333333,0.7637626158259733,0.0,1.0,1.0,1.0,0.0,real,3,0.3701005025125628,0.3635678391959799,0.8902010050251257,0.6676507537688443,0.34978217090477515,0.36792937678341453
F000949,0.1706553760958049,0.8447236180904523,0.7777777777777777,0.769800358919501,0.0,1.0,1.0,1.0,0.0,real,3,0.3701005025125628,0.8447236180904523,0.9007537688442211,0.6755653266331658,0.35173496250094693,0.5240846979874245
F000950,0.0,0.3635678391959799,0.3333333333333333,0.5773502691896258,0.0,1.0,1.0,1.0,0.0,real,3,0.3701005025125628,0.3635678391959799,0.7276381909547739,0.5457286432160804,0.3196998813161284,0.36713290068432614
F000951,0.0,0.3635678391959799,0.2083333333333333,0.5204164998665333,0.0,1.0,1.0,1.0,0.0,real,3,0.3701005025125628,0.3635678391959799,0.6665829145728643,0.49993718592964825,0.3084015870811343,0.36683376051109823
F000952,0.0,0.3635678391959799,0.4166666666666667,0.2886751345948129,0.0,1.0,1.0,1.0,0.0,real,3,0.3701005025125628,0.3635678391959799,0.26030150753768844,0.19522613065326633,0.2332191106285195,0.3648431857781369
F000953,0.0446581987385203,0.7701005025125628,0.6666666666666666,0.5773502691896258,0.0,1.0,1.0,1.0,0.0,real,3,0.3701005025125628,0.7701005025125628,0.7276381909547739,0.5457286432160804,0.3196998813161284,0.5518090452261306
F000954,0.0,0.3635678391959799,0.5694444444444444,0.5548606765399494,0.0,1.0,1.0,1.0,0.0,real,3,0.3701005025125628,0.3635678391959799,0.6964824120603015,0.5223618090452261,0.3139344966036211,0.36698025302391357
F000955,0.3779915320718537,0.9329145728643216,0.8333333333333333,0.5773502691896258,0.0,1.0,1.0,1.0,0.0,real,3,0.3701005025125628,0.9329145728643216,0.7276381909547739,0.5457286432160804,0.3196998813161284,0.6257708138683367
F000956,0.0,0.3635678391959799,0.1944444444444444,0.3469443332443554,0.0,1.0,1.0,1.0,0.0,real,3,0.3701005025125628,0.3635678391959799,0.33341708542713566,0.25006281407035175,0.2467491666877099,0.36520141536829875
F000957,0.0,0.3635678391959799,0.1944444444444444,0.3469443332443554,0.25,1.0,1.0,1.0,0.25,real,3,0.8304020100502513,0.3635678391959799,0.33341708542713566,0.25006281407035175,0.5536361139870205,0.48030570566399833
F000958,0.0,0.3635678391959799,0.1944444444444444,0.3469443332443554,0.0,1.0,1.0,1.0,0.0,real,3,0.3701005025125628,0.3635678391959799,0.33341708542713566,0.25006281407035175,0.2467491666877099,0.36520141536829875
F000959,0.0,0.3635678391959799,0.1388888888888888,0.2545875386086578,0.0,1.0,1.0,1.0,0.0,real,3,0.3701005025125628,0.3635678391959799,0.1771356783919598,0.13285175879396985,0.21782925304916542,0.3644357150071968
F000960,0.0,0.3635678391959799,0.3472222222222222,0.6988747569671736,0.0,1.0,1.0,1.0,0.0,real,3,0.3701005025125628,0.3635678391959799,0.8437185929648241,0.6327889447236181,0.34118058887401836,0.3677016363223151
F000961,0.01116454968463,0.7346733668341708,0.5416666666666666,0.1443375672974064,0.0,1.0,1.0,1.0,0.0,real,3,0.3701005025125628,0.7346733668341708,0.06030150753768844,0.04522613065326633,0.1962090603772632,0.7181851468397262
F000962,0.0,0.3635678391959799,0.1944444444444444,0.3469443332443554,0.0,1.0,1.0,1.0,0.0,real,3,0.3701005025125628,0.3635678391959799,0.33341708542713566,0.25006281407035175,0.2467491666877099,0.36520141536829875
F000963,0.0,0.3635678391959799,0.4027777777777778,0.1734721666221777,0.0,1.0,1.0,1.0,0.0,real,3,0.3701005025125628,0.3635678391959799,0.08819095477386935,0.06614321608040201,0.20137000959571727,0.36399993055730917
F000964,0.0,0.3635678391959799,0.25,0.5,0.0,1.0,1.0,1.0,0.0,real,3,0.3701005025125628,0.3635678391959799,0.5793969849246231,0.4345477386934673,0.29226780889371484,0.36640659326784675
F000965,0.0,0.3635678391959799,0.2638888888888888,0.2097176232019653,0.0,1.0,1.0,1.0,0.0,real,3,0.3701005025125628,0.3635678391959799,0.12688442211055276,0.09516331658291458,0.20853024544834725,0.3641895091033055
F000966,0.125,0.8168341708542713,0.625,0.25,0.0,1.0,1.0,1.0,0.0,real,3,0.3701005025125628,0.8168341708542713,0.1349246231155779,0.10119346733668343,0.21001808666447816,0.7716276419787378
F000967,0.0223290993692601,0.7540201005025126,0.5833333333333334,0.2886751345948129,0.0,1.0,1.0,1.0,0.0,real,3,0.3701005025125628,0.7540201005025126,0.26030150753768844,0.19522613065326633,0.2332191106285195,0.6790689629049772
F000968,0.0,0.3635678391959799,0.2916666666666666,0.8036375634160796,0.5,1.0,1.0,1.0,0.5,real,3,0.9587939698492463,0.3635678391959799,0.914321608040201,0.6857412060301508,0.9177200070705286,0.7717389238908109
F000969,0.0,0.3635678391959799,0.5833333333333334,0.7637626158259733,0.5,1.0,1.0,1.0,0.5,real,3,0.9587939698492463,0.3635678391959799,0.8902010050251257,0.6676507537688443,0.9061566627105376,0.7609710139895458
F000970,0.5853276880479024,0.9761306532663316,0.8888888888888888,0.3849001794597506,0.0,1.0,1.0,1.0,0.0,real,3,0.3701005025125628,0.9761306532663316,0.45879396984924625,0.3440954773869347,0.26995019065175124,0.7675984192318376
F000971,0.0,0.3635678391959799,0.4027777777777778,0.1734721666221777,0.0,1.0,1.0,1.0,0.0,real,3,0.3701005025125628,0.3635678391959799,0.08819095477386935,0.06614321608040201,0.20137000959571727,0.36399993055730917
F000972,0.0,0.3635678391959799,0.25,0.8660254037844386,0.0,1.0,1.0,1.0,0.0,real,3,0.3701005025125628,0.3635678391959799,0.9349246231155779,0.7011934673366834,0.3580582876695033,0.36814850003787786
F000973,0.0,0.3635678391959799,0.4444444444444444,1.0183501544346312,0.25,1.0,1.0,1.0,0.25,real,3,0.8304020100502513,0.3635678391959799,0.9741206030150754,0.7305904522613066,0.8196568584126663,0.7046324272114342
F000974,0.0,0.3635678391959799,0.2777777777777778,0.5091750772173156,0.0,1.0,1.0,1.0,0.0,real,3,0.3701005025125628,0.3635678391959799,0.6321608040201006,0.4741206030150754,0.3020317668745739,0.36666510946693265
F000975,0.0334936490538903,0.7618090452261307,0.625,0.4330127018922193,0.0,1.0,1.0,1.0,0.0,real,3,0.3701005025125628,0.7618090452261307,0.5271356783919598,0.3953517587939699,0.28259684098886395,0.6069463839296987
F000976,0.0,0.3635678391959799,0.1527777777777777,0.3367876570272816,0.0,1.0,1.0,1.0,0.0,real,3,0.3701005025125628,0.3635678391959799,0.2947236180904523,0.22104271356783922,0.23958893083507993,0.3650118368223024
F000977,0.0,0.3635678391959799,0.1805555555555555,0.1272937693043289,0.0,1.0,1.0,1.0,0.0,real,3,0.3701005025125628,0.3635678391959799,0.03869346733668342,0.029020100502512566,0.1922104871089114,0.36375741774197623
F000978,0.0148860662461734,0.7439698492462311,0.5555555555555556,0.1924500897298752,0.5,1.0,1.0,1.0,0.5,real,3,0.9587939698492463,0.7439698492462311,0.1,0.07500000000000001,0.5273366834170855,0.7600816582914574
F000979,0.4510034825212683,0.9595477386934672,0.8194444444444444,0.3757708127352412,0.0,1.0,1.0,1.0,0.0,real,3,0.3701005025125628,0.9595477386934672,0.40804020100502514,0.3060301507537688,0.2605581929749249,0.7791591121436328
F000980,0.1898569058357866,0.864321608040201,0.7222222222222222,0.5091750772173156,0.0,1.0,1.0,1.0,0.0,real,3,0.3701005025125628,0.864321608040201,0.6321608040201006,0.4741206030150754,0.3020317668745739,0.6300011994646599
F000981,0.0,0.3635678391959799,0.5972222222222222,0.393817968854384,0.25,1.0,1.0,1.0,0.25,real,3,0.8304020100502513,0.3635678391959799,0.48266331658291456,0.3619974874371859,0.6156032991591122,0.5325606360950481
F000982,0.0,0.3635678391959799,0.4027777777777778,0.1734721666221777,0.25,1.0,1.0,1.0,0.25,real,3,0.8304020100502513,0.3635678391959799,0.08819095477386935,0.06614321608040201,0.4518179780813616,0.39444575263250925
F000983,0.5853276880479024,0.9761306532663316,0.8888888888888888,0.3849001794597506,0.0,1.0,1.0,1.0,0.0,real,3,0.3701005025125628,0.9761306532663316,0.45879396984924625,0.3440954773869347,0.26995019065175124,0.7675984192318376
F000984,0.1020902318637188,0.8077889447236181,0.7083333333333334,0.6291528696058958,0.0,1.0,1.0,1.0,0.0,real,3,0.3701005025125628,0.8077889447236181,0.7695979899497487,0.5771984924623115,0.32746455266281155,0.5551558357112194
F000985,0.4376389444889332,0.951005025125628,0.8055555555555556,0.3469443332443555,0.0,1.0,1.0,1.0,0.0,real,3,0.3701005025125628,0.951005025125628,0.37613065326633166,0.2820979899497488,0.25465332314840533,0.787133026943764
F000986,0.0,0.3635678391959799,0.3333333333333333,0.5773502691896258,0.0,1.0,1.0,1.0,0.0,real,3,0.3701005025125628,0.3635678391959799,0.7276381909547739,0.5457286432160804,0.3196998813161284,0.36713290068432614
F000987,0.0,0.3635678391959799,0.1805555555555555,0.1272937693043289,0.25,1.0,1.0,1.0,0.25,real,3,0.8304020100502513,0.3635678391959799,0.03869346733668342,0.029020100502512566,0.4312665715512235,0.377115413752178
F000988,0.1371617270419147,0.8188442211055277,0.6527777777777778,0.3367876570272817,0.0,1.0,1.0,1.0,0.0,real,3,0.3701005025125628,0.8188442211055277,0.3005025125628141,0.22537688442211057,0.240658316709174,0.717707759905053
F000989,0.3231250834000667,0.9236180904522612,0.7916666666666667,0.5204164998665333,0.0,1.0,1.0,1.0,0.0,real,3,0.3701005025125628,0.9236180904522612,0.6665829145728643,0.49993718592964825,0.3084015870811343,0.6468940651751218
F000990,0.0,0.3635678391959799,0.3611111111111111,0.2545875386086578,0.0,1.0,1.0,1.0,0.0,real,3,0.3701005025125628,0.3635678391959799,0.1771356783919598,0.13285175879396985,0.21782925304916542,0.3644357150071968
F000991,0.0,0.3635678391959799,0.4305555555555555,0.9871864246620478,0.0,1.0,1.0,1.0,0.0,real,3,0.3701005025125628,0.3635678391959799,0.9628140703517588,0.7221105527638191,0.36321923688795743,0.3682851443145375
F000992,0.061411169010459,0.8010050251256281,0.6527777777777778,0.488288773090193,0.0,1.0,1.0,1.0,0.0,real,3,0.3701005025125628,0.8010050251256281,0.5447236180904522,0.40854271356783917,0.2858514936491503,0.624962122168632
F000993,0.0,0.3635678391959799,0.3888888888888889,1.0715167512214396,0.0,1.0,1.0,1.0,0.0,real,3,0.3701005025125628,0.3635678391959799,0.9849246231155779,0.7386934673366834,0.3673108002323174,0.36839347491224966
F000994,0.0,0.3635678391959799,0.5555555555555556,0.5357583756107197,0.0,1.0,1.0,1.0,0.0,real,3,0.3701005025125628,0.3635678391959799,0.6798994974874372,0.5099246231155778,0.31086582409535113,0.3668990050756294
F000995,0.0,0.3635678391959799,0.375,1.0897247358851685,0.0,1.0,1.0,1.0,0.0,real,3,0.3701005025125628,0.3635678391959799,0.9899497487437185,0.7424623115577889,0.3682407009923992,0.3684180955026388
F000996,0.0,0.3635678391959799,0.25,0.5,0.0,1.0,1.0,1.0,0.0,real,3,0.3701005025125628,0.3635678391959799,0.5793969849246231,0.4345477386934673,0.29226780889371484,0.36640659326784675
F000997,0.0148860662461734,0.7439698492462311,0.5555555555555556,0.1924500897298752,0.0,1.0,1.0,1.0,0.0,real,3,0.3701005025125628,0.7439698492462311,0.1,0.07500000000000001,0.20355527638190957,0.7159296482412061
F000998,0.0,0.3635678391959799,0.0972222222222221,0.1734721666221776,0.25,1.0,1.0,1.0,0.25,real,3,0.8304020100502513,0.3635678391959799,0.07839195979899498,0.05879396984924623,0.4477494255195576,0.3910148733617838
F000999,0.0,0.3635678391959799,0.2777777777777778,0.0962250448649376,0.0,1.0,1.0,1.0,0.0,real,3,0.3701005025125628,0.3635678391959799,0.021105527638190954,0.015829145728643215,0.18895583444862502,0.3636712456756142
F001000,0.0,0.3635678391959799,0.1111111111111111,0.3849001794597505,0.25,1.0,1.0,1.0,0.25,real,3,0.8304020100502513,0.3635678391959799,0.4492462311557789,0.33693467336683414,0.601728491704755,0.5208604580692406
F001001,0.5223290993692602,0.9613065326633166,0.8333333333333333,0.2886751345948128,0.0,1.0,1.0,1.0,0.0,real,3,0.3701005025125628,0.9613065326633166,0.228391959798995,0.17129396984924625,0.22731424080199994,0.8600365047599808
F001002,0.0,0.3635678391959799,0.6111111111111112,0.6309898162000305,0.0,1.0,1.0,1.0,0.0,real,3,0.3701005025125628,0.3635678391959799,0.7751256281407035,0.5813442211055276,0.3284874434989016,0.36736556526350345
F001003,0.0,0.3635678391959799,0.1944444444444444,0.3469443332443554,0.0,1.0,1.0,1.0,0.0,real,3,0.3701005025125628,0.3635678391959799,0.33341708542713566,0.25006281407035175,0.2467491666877099,0.36520141536829875
F001004,0.0,0.3635678391959799,0.0416666666666666,0.1443375672974064,0.0,1.0,1.0,1.0,0.0,real,3,0.3701005025125628,0.3635678391959799,0.06030150753768844,0.04522613065326633,0.1962090603772632,0.3638632862806495
F001005,0.0446581987385203,0.7701005025125628,0.6666666666666666,0.5773502691896258,0.0,1.0,1.0,1.0,0.0,real,3,0.3701005025125628,0.7701005025125628,0.7276381909547739,0.5457286432160804,0.3196998813161284,0.5518090452261306
F001006,0.0,0.3635678391959799,0.5138888888888888,0.2926570486903538,0.0,1.0,1.0,1.0,0.0,real,3,0.3701005025125628,0.3635678391959799,0.2829145728643216,0.21218592964824118,0.23740366404888766,0.364953978434888
F001007,0.0,0.3635678391959799,0.25,0.5,0.0,1.0,1.0,1.0,0.0,real,3,0.3701005025125628,0.3635678391959799,0.5793969849246231,0.4345477386934673,0.29226780889371484,0.36640659326784675
F001008,0.0,0.3635678391959799,0.3611111111111111,0.2545875386086578,0.25,1.0,1.0,1.0,0.25,real,3,0.8304020100502513,0.3635678391959799,0.1771356783919598,0.13285175879396985,0.48874791671927476,0.42558757985909446
F001009,0.0483797153000638,0.7836683417085427,0.6805555555555556,0.6254627916220946,0.5,1.0,1.0,1.0,0.5,real,3,0.9587939698492463,0.7836683417085427,0.7610552763819095,0.5707914572864321,0.8442445897830864,0.8836285542031768
F001010,0.0,0.3635678391959799,0.3055555555555556,0.6735753140545634,0.0,1.0,1.0,1.0,0.0,real,3,0.3701005025125628,0.3635678391959799,0.8160804020100503,0.6120603015075377,0.33606613469356833,0.36756622307517484
F001011,0.0,0.3635678391959799,0.5972222222222222,0.393817968854384,0.25,1.0,1.0,1.0,0.25,real,3,0.8304020100502513,0.3635678391959799,0.48266331658291456,0.3619974874371859,0.6156032991591122,0.5325606360950481
F001012,0.0,0.3635678391959799,0.5555555555555556,0.5357583756107197,0.0,1.0,1.0,1.0,0.0,real,3,0.3701005025125628,0.3635678391959799,0.6798994974874372,0.5099246231155778,0.31086582409535113,0.3668990050756294
F001013,0.2154167222667111,0.8768844221105527,0.6944444444444444,0.3469443332443555,0.0,1.0,1.0,1.0,0.0,real,3,0.3701005025125628,0.8768844221105527,0.37613065326633166,0.2820979899497488,0.25465332314840533,0.7339216970531047
F001014,0.0,0.3635678391959799,0.625,0.6614378277661477,0.0,1.0,1.0,1.0,0.0,real,3,0.3701005025125628,0.3635678391959799,0.8,0.6000000000000001,0.33309045226130657,0.3674874371859297
F001015,0.3231250834000667,0.9236180904522612,0.7916666666666667,0.5204164998665333,0.0,1.0,1.0,1.0,0.0,real,3,0.3701005025125628,0.9236180904522612,0.6665829145728643,0.49993718592964825,0.3084015870811343,0.6468940651751218
F001016,0.0,0.3635678391959799,0.4305555555555555,0.9871864246620478,0.0,1.0,1.0,1.0,0.0,real,3,0.3701005025125628,0.3635678391959799,0.9628140703517588,0.7221105527638191,0.36321923688795743,0.3682851443145375
F001017,0.0,0.3635678391959799,0.6111111111111112,0.693888666488711,0.0,1.0,1.0,1.0,0.0,real,3,0.3701005025125628,0.3635678391959799,0.8351758793969849,0.6263819095477386,0.33959975758187927,0.36765978131865357
F001018,0.0,0.3635678391959799,0.4027777777777778,0.1734721666221777,0.5,1.0,1.0,1.0,0.5,real,3,0.9587939698492463,0.3635678391959799,0.08819095477386935,0.06614321608040201,0.5216754627408399,0.4029380097724805
F001019,0.1485783278408043,0.8238693467336683,0.7361111111111112,0.6472877887628358,0.0,1.0,1.0,1.0,0.0,real,3,0.3701005025125628,0.8238693467336683,0.7924623115577889,0.5943467336683417,0.3316956011211838,0.5541733163303957
F001020,0.0,0.3635678391959799,0.0833333333333333,0.2886751345948128,0.25,1.0,1.0,1.0,0.25,real,3,0.8304020100502513,0.3635678391959799,0.228391959798995,0.17129396984924625,0.5100295762733265,0.4435337175828893
F001021,0.1898569058357866,0.864321608040201,0.7222222222222222,0.5091750772173156,0.0,1.0,1.0,1.0,0.0,real,3,0.3701005025125628,0.864321608040201,0.6321608040201006,0.4741206030150754,0.3020317668745739,0.6300011994646599
F001022,0.0,0.3635678391959799,0.375,1.0897247358851685,0.25,1.0,1.0,1.0,0.25,real,3,0.8304020100502513,0.3635678391959799,0.9899497487437185,0.7424623115577889,0.8262291356278881,0.710174616802606
F001023,0.0,0.3635678391959799,0.2361111111111111,0.2097176232019652,0.0,1.0,1.0,1.0,0.0,real,3,0.3701005025125628,0.3635678391959799,0.11708542713567839,0.0878140703517588,0.20671693896618776,0.36414149895204667
F001024,0.0,0.3635678391959799,0.5555555555555556,0.5357583756107197,0.0,1.0,1.0,1.0,0.0,real,3,0.3701005025125628,0.3635678391959799,0.6798994974874372,0.5099246231155778,0.31086582409535113,0.3668990050756294
F001025,0.0,0.3635678391959799,0.3194444444444444,0.3757708127352411,0.0,1.0,1.0,1.0,0.0,real,3,0.3701005025125628,0.3635678391959799,0.3969849246231156,0.29773869346733667,0.2585124113027449,0.36551286583672127
F001026,0.0,0.3635678391959799,0.3333333333333333,0.2886751345948129,0.0,1.0,1.0,1.0,0.0,real,3,0.3701005025125628,0.3635678391959799,0.26030150753768844,0.19522613065326633,0.2332191106285195,0.3648431857781369
F001027,0.2154167222667111,0.8768844221105527,0.6944444444444444,0.3469443332443555,0.0,1.0,1.0,1.0,0.0,real,3,0.3701005025125628,0.8768844221105527,0.37613065326633166,0.2820979899497488,0.25465332314840533,0.7339216970531047
F001028,0.0,0.3635678391959799,0.2916666666666666,0.3818813079129867,0.0,1.0,1.0,1.0,0.0,real,3,0.3701005025125628,0.3635678391959799,0.4402010050251256,0.3301507537688442,0.2665095578394485,0.36572460291406783
F001029,0.0,0.3635678391959799,0.2777777777777778,0.0962250448649376,0.25,1.0,1.0,1.0,0.25,real,3,0.8304020100502513,0.3635678391959799,0.021105527638190954,0.015829145728643215,0.42396404131208804,0.37095742531754244
F001030,0.25,0.8977386934673367,0.75,0.5,0.0,1.0,1.0,1.0,0.0,real,3,0.3701005025125628,0.8977386934673367,0.5793969849246231,0.4345477386934673,0.29226780889371484,0.6684547107396278
F001031,0.0483797153000638,0.7836683417085427,0.6805555555555556,0.6254627916220946,0.25,1.0,1.0,1.0,0.25,real,3,0.8304020100502513,0.7836683417085427,0.7610552763819095,0.5707914572864321,0.7311919206585693,0.8103435203656473
F001032,0.0,0.3635678391959799,0.3194444444444444,0.3757708127352411,0.0,1.0,1.0,1.0,0.0,real,3,0.3701005025125628,0.3635678391959799,0.3969849246231156,0.29773869346733667,0.2585124113027449,0.36551286583672127
F001033,1.0,0.9987437185929648,1.0,0.0,0.0,1.0,1.0,1.0,0.0,real,3,0.3701005025125628,0.9987437185929648,0.005527638190954774,0.004145728643216081,0.1860731420923714,0.9961375344056969
F001034,0.1889957660359268,0.8522613065326633,0.6666666666666666,0.2886751345948129,0.25,1.0,1.0,1.0,0.25,real,3,0.8304020100502513,0.8522613065326633,0.26030150753768844,0.19522613065326633,0.5232784525643291,0.8479938006615995
F001035,0.061411169010459,0.8010050251256281,0.6527777777777778,0.488288773090193,0.25,1.0,1.0,1.0,0.25,real,3,0.8304020100502513,0.8010050251256281,0.5447236180904522,0.40854271356783917,0.6413707987172041,0.8130149491174464
F001036,0.0,0.3635678391959799,0.3055555555555556,0.3469443332443555,0.0,1.0,1.0,1.0,0.0,real,3,0.3701005025125628,0.3635678391959799,0.37613065326633166,0.2820979899497488,0.25465332314840533,0.36541069038660645
F001037,0.0,0.3635678391959799,0.25,0.5,0.0,1.0,1.0,1.0,0.0,real,3,0.3701005025125628,0.3635678391959799,0.5793969849246231,0.4345477386934673,0.29226780889371484,0.36640659326784675
F001038,0.1732257047434905,0.8477386934673367,0.6805555555555556,0.3757708127352411,0.0,1.0,1.0,1.0,0.0,real,3,0.3701005025125628,0.8477386934673367,0.3969849246231156,0.29773869346733667,0.2585124113027449,0.70552732254236
F001039,0.0,0.3635678391959799,0.3194444444444444,0.3757708127352411,0.0,1.0,1.0,1.0,0.0,real,3,0.3701005025125628,0.3635678391959799,0.3969849246231156,0.29773869346733667,0.2585124113027449,0.36551286583672127
F001040,0.0,0.3635678391959799,0.2638888888888888,0.2097176232019653,0.0,1.0,1.0,1.0,0.0,real,3,0.3701005025125628,0.3635678391959799,0.12688442211055276,0.09516331658291458,0.20853024544834725,0.3641895091033055
F001041,0.0,0.3635678391959799,0.1388888888888888,0.2545875386086578,0.5,1.0,1.0,1.0,0.5,real,3,0.9587939698492463,0.3635678391959799,0.1771356783919598,0.13285175879396985,0.5643152950683064,0.44264467753339565
F001042,0.0,0.3635678391959799,0.4166666666666667,0.7637626158259733,0.5,1.0,1.0,1.0,0.5,real,3,0.9587939698492463,0.3635678391959799,0.8902010050251257,0.6676507537688443,0.9061566627105376,0.7609710139895458
F001043,0.0,0.3635678391959799,0.4583333333333333,0.1443375672974064,0.0,1.0,1.0,1.0,0.0,real,3,0.3701005025125628,0.3635678391959799,0.06030150753768844,0.04522613065326633,0.1962090603772632,0.3638632862806495
F001044,0.1485783278408043,0.8238693467336683,0.7361111111111112,0.6472877887628358,0.0,1.0,1.0,1.0,0.0,real,3,0.3701005025125628,0.8238693467336683,0.7924623115577889,0.5943467336683417,0.3316956011211838,0.5541733163303957
F001045,0.1504840084734488,0.8346733668341708,0.6388888888888888,0.2545875386086578,0.0,1.0,1.0,1.0,0.0,real,3,0.3701005025125628,0.8346733668341708,0.1771356783919598,0.13285175879396985,0.21782925304916542,0.7729540447210929
F001046,0.0,0.3635678391959799,0.3194444444444444,0.3757708127352411,0.25,1.0,1.0,1.0,0.25,real,3,0.8304020100502513,0.3635678391959799,0.3969849246231156,0.29773869346733667,0.580029544708467,0.502562435292038
F001047,0.0,0.3635678391959799,0.2777777777777778,0.0962250448649376,0.25,1.0,1.0,1.0,0.25,real,3,0.8304020100502513,0.3635678391959799,0.021105527638190954,0.015829145728643215,0.42396404131208804,0.37095742531754244
F001048,0.0,0.3635678391959799,0.1944444444444444,0.3469443332443554,0.25,1.0,1.0,1.0,0.25,real,3,0.8304020100502513,0.3635678391959799,0.33341708542713566,0.25006281407035175,0.5536361139870205,0.48030570566399833
F001049,0.3779915320718537,0.9329145728643216,0.8333333333333333,0.5773502691896258,0.0,1.0,1.0,1.0,0.0,real,3,0.3701005025125628,0.9329145728643216,0.7276381909547739,0.5457286432160804,0.3196998813161284,0.6257708138683367
F001050,0.0,0.3635678391959799,0.3055555555555556,0.6735753140545634,0.0,1.0,1.0,1.0,0.0,real,3,0.3701005025125628,0.3635678391959799,0.8160804020100503,0.6120603015075377,0.33606613469356833,0.36756622307517484
F001051,0.0,0.3635678391959799,0.5833333333333334,0.7637626158259733,0.0,1.0,1.0,1.0,0.0,real,3,0.3701005025125628,0.3635678391959799,0.8902010050251257,0.6676507537688443,0.34978217090477515,0.36792937678341453
F001052,0.0483797153000638,0.7836683417085427,0.6805555555555556,0.6254627916220946,0.0,1.0,1.0,1.0,0.0,real,3,0.3701005025125628,0.7836683417085427,0.7610552763819095,0.5707914572864321,0.32588372137067245,0.5476073520870686
F001053,0.0483797153000638,0.7836683417085427,0.6805555555555556,0.6254627916220946,0.0,1.0,1.0,1.0,0.0,real,3,0.3701005025125628,0.7836683417085427,0.7610552763819095,0.5707914572864321,0.32588372137067245,0.5476073520870686
F001054,0.0,0.3635678391959799,0.3472222222222222,0.5672382737961704,0.25,1.0,1.0,1.0,0.25,real,3,0.8304020100502513,0.3635678391959799,0.7017587939698492,0.5263190954773869,0.7065719615666272,0.6092715777379358
F001055,0.0,0.3635678391959799,0.4444444444444444,0.5357583756107198,0.0,1.0,1.0,1.0,0.0,real,3,0.3701005025125628,0.3635678391959799,0.6912060301507538,0.5184045226130654,0.3129581008055352,0.3669544014040049
F001056,0.1898569058357866,0.864321608040201,0.7222222222222222,0.5091750772173156,0.5,1.0,1.0,1.0,0.5,real,3,0.9587939698492463,0.864321608040201,0.6321608040201006,0.4741206030150754,0.7824529683593849,0.9091129011893639
F001057,0.0,0.3635678391959799,0.2638888888888888,0.7087417123429485,0.0,1.0,1.0,1.0,0.0,real,3,0.3701005025125628,0.3635678391959799,0.8482412060301507,0.636180904522613,0.34201749955809196,0.3677237948536653
F001058,0.0,0.3635678391959799,0.6944444444444444,0.7876359377087682,0.0,1.0,1.0,1.0,0.0,real,3,0.3701005025125628,0.3635678391959799,0.9082914572864321,0.6812185929648241,0.35312981364106966,0.3680180109088155
F001059,0.2154167222667111,0.8768844221105527,0.6944444444444444,0.3469443332443555,0.0,1.0,1.0,1.0,0.0,real,3,0.3701005025125628,0.8768844221105527,0.37613065326633166,0.2820979899497488,0.25465332314840533,0.7339216970531047
F001060,0.0,0.3635678391959799,0.5555555555555556,0.5357583756107197,0.0,1.0,1.0,1.0,0.0,real,3,0.3701005025125628,0.3635678391959799,0.6798994974874372,0.5099246231155778,0.31086582409535113,0.3668990050756294
F001061,0.0,0.3635678391959799,0.4861111111111111,0.9141379262169074,0.0,1.0,1.0,1.0,0.0,real,3,0.3701005025125628,0.3635678391959799,0.9492462311557789,0.7119346733668341,0.3607085048357365,0.3682186687204868
F001062,0.0,0.3635678391959799,0.0833333333333333,0.2886751345948128,0.0,1.0,1.0,1.0,0.0,real,3,0.3701005025125628,0.3635678391959799,0.228391959798995,0.17129396984924625,0.22731424080199994,0.36468684502916593
F001063,0.0,0.3635678391959799,0.0833333333333333,0.2886751345948128,0.0,1.0,1.0,1.0,0.0,real,3,0.3701005025125628,0.3635678391959799,0.228391959798995,0.17129396984924625,0.22731424080199994,0.36468684502916593
F001064,0.3779915320718537,0.9329145728643216,0.8333333333333333,0.5773502691896258,0.0,1.0,1.0,1.0,0.0,real,3,0.3701005025125628,0.9329145728643216,0.7276381909547739,0.5457286432160804,0.3196998813161284,0.6257708138683367
F001065,0.0,0.3635678391959799,0.2222222222222222,0.769800358919501,0.0,1.0,1.0,1.0,0.0,real,3,0.3701005025125628,0.3635678391959799,0.9007537688442211,0.6755653266331658,0.35173496250094693,0.36798108002323177
F001066,0.0,0.3635678391959799,0.3055555555555556,0.7876359377087682,0.0,1.0,1.0,1.0,0.0,real,3,0.3701005025125628,0.3635678391959799,0.9082914572864321,0.6812185929648241,0.35312981364106966,0.3680180109088155
F001067,0.0,0.3635678391959799,0.3611111111111111,0.2545875386086578,0.0,1.0,1.0,1.0,0.0,real,3,0.3701005025125628,0.3635678391959799,0.1771356783919598,0.13285175879396985,0.21782925304916542,0.3644357150071968
F001068,0.0867529501531509,0.8065326633165829,0.7152777777777778,0.6876052108048091,0.0,1.0,1.0,1.0,0.0,real,3,0.3701005025125628,0.8065326633165829,0.8291457286432161,0.6218592964824121,0.3384838766697811,0.535133266836696
F001069,0.0,0.3635678391959799,0.4305555555555555,0.9871864246620478,0.0,1.0,1.0,1.0,0.0,real,3,0.3701005025125628,0.3635678391959799,0.9628140703517588,0.7221105527638191,0.36321923688795743,0.3682851443145375
F001070,0.0,0.3635678391959799,0.1388888888888888,0.2545875386086578,0.0,1.0,1.0,1.0,0.0,real,3,0.3701005025125628,0.3635678391959799,0.1771356783919598,0.13285175879396985,0.21782925304916542,0.3644357150071968
F001071,0.0,0.3635678391959799,0.0833333333333333,0.2886751345948128,0.25,1.0,1.0,1.0,0.25,real,3,0.8304020100502513,0.3635678391959799,0.228391959798995,0.17129396984924625,0.5100295762733265,0.4435337175828893
F001072,0.0,0.3635678391959799,0.2361111111111111,0.4110735718596873,0.0,1.0,1.0,1.0,0.0,real,3,0.3701005025125628,0.3635678391959799,0.507035175879397,0.3802763819095477,0.27887723794853664,0.3660520567662433
F001073,0.0,0.3635678391959799,0.0833333333333333,0.2886751345948128,0.0,1.0,1.0,1.0,0.0,real,3,0.3701005025125628,0.3635678391959799,0.228391959798995,0.17129396984924625,0.22731424080199994,0.36468684502916593
F001074,0.1504840084734488,0.8346733668341708,0.6388888888888888,0.2545875386086578,0.25,1.0,1.0,1.0,0.25,real,3,0.8304020100502513,0.8346733668341708,0.1771356783919598,0.13285175879396985,0.48874791671927476,0.8341059095729906
F001075,0.0,0.3635678391959799,0.5277777777777778,0.8221471437193746,0.0,1.0,1.0,1.0,0.0,real,3,0.3701005025125628,0.3635678391959799,0.9208542713567839,0.6906407035175879,0.35545456554127425,0.3680795623847883
F001076,0.0,0.3635678391959799,0.3194444444444444,0.1272937693043289,0.25,1.0,1.0,1.0,0.25,real,3,0.8304020100502513,0.3635678391959799,0.03869346733668342,0.029020100502512566,0.4312665715512235,0.377115413752178
F001077,0.0,0.3635678391959799,0.5972222222222222,0.393817968854384,0.0,1.0,1.0,1.0,0.0,real,3,0.3701005025125628,0.3635678391959799,0.48266331658291456,0.3619974874371859,0.27436721926213986,0.365932646902856
F001078,0.0,0.3635678391959799,0.375,0.6614378277661477,0.0,1.0,1.0,1.0,0.0,real,3,0.3701005025125628,0.3635678391959799,0.8,0.6000000000000001,0.33309045226130657,0.3674874371859297
F001079,0.0,0.3635678391959799,0.3888888888888889,1.0715167512214396,0.0,1.0,1.0,1.0,0.0,real,3,0.3701005025125628,0.3635678391959799,0.9849246231155779,0.7386934673366834,0.3673108002323174,0.36839347491224966
F001080,0.0,0.3635678391959799,0.4027777777777778,0.1734721666221777,0.0,1.0,1.0,1.0,0.0,real,3,0.3701005025125628,0.3635678391959799,0.08819095477386935,0.06614321608040201,0.20137000959571727,0.36399993055730917
F001081,0.0,0.3635678391959799,0.4444444444444444,0.5357583756107198,0.5,1.0,1.0,1.0,0.5,real,3,0.9587939698492463,0.3635678391959799,0.6912060301507538,0.5184045226130654,0.8107590717406126,0.6721357573041085
F001082,0.0,0.3635678391959799,0.5138888888888888,0.2926570486903538,0.5,1.0,1.0,1.0,0.5,real,3,0.9587939698492463,0.3635678391959799,0.2829145728643216,0.21218592964824118,0.6150253781470165,0.4898664490795687
F001083,0.0,0.3635678391959799,0.2222222222222222,0.5091750772173156,0.0,1.0,1.0,1.0,0.0,real,3,0.3701005025125628,0.3635678391959799,0.6321608040201006,0.4741206030150754,0.3020317668745739,0.36666510946693265
F001084,0.0,0.3635678391959799,0.1388888888888888,0.2545875386086578,0.0,1.0,1.0,1.0,0.0,real,3,0.3701005025125628,0.3635678391959799,0.1771356783919598,0.13285175879396985,0.21782925304916542,0.3644357150071968
F001085,0.0,0.3635678391959799,0.4444444444444444,0.1924500897298753,0.0,1.0,1.0,1.0,0.0,real,3,0.3701005025125628,0.3635678391959799,0.1077889447236181,0.08084170854271357,0.20499662256003634,0.36409595085982677
F001086,0.1485783278408043,0.8238693467336683,0.7361111111111112,0.6472877887628358,0.0,1.0,1.0,1.0,0.0,real,3,0.3701005025125628,0.8238693467336683,0.7924623115577889,0.5943467336683417,0.3316956011211838,0.5541733163303957
F001087,0.0,0.3635678391959799,0.3472222222222222,0.6988747569671736,0.25,1.0,1.0,1.0,0.25,real,3,0.8304020100502513,0.3635678391959799,0.8437185929648241,0.6327889447236181,0.7655138127825055,0.6589753415317796
F001088,0.0,0.3635678391959799,0.5,0.0,0.0,1.0,1.0,1.0,0.0,real,3,0.3701005025125628,0.3635678391959799,0.005527638190954774,0.004145728643216081,0.1860731420923714,0.363594921845408
F001089,0.0,0.3635678391959799,0.25,0.5,0.0,1.0,1.0,1.0,0.0,real,3,0.3701005025125628,0.3635678391959799,0.5793969849246231,0.4345477386934673,0.29226780889371484,0.36640659326784675
F001090,0.01116454968463,0.7346733668341708,0.5416666666666666,0.1443375672974064,0.5,1.0,1.0,1.0,0.5,real,3,0.9587939698492463,0.7346733668341708,0.06030150753768844,0.04522613065326633,0.5083053458246004,0.7448094745082194
F001091,0.0,0.3635678391959799,0.1944444444444444,0.3469443332443554,0.0,1.0,1.0,1.0,0.0,real,3,0.3701005025125628,0.3635678391959799,0.33341708542713566,0.25006281407035175,0.2467491666877099,0.36520141536829875
F001092,0.0,0.3635678391959799,0.5416666666666666,0.8779711460710616,0.0,1.0,1.0,1.0,0.0,real,3,0.3701005025125628,0.3635678391959799,0.9402010050251256,0.7051507537688442,0.3590346834675892,0.3681743516577864
F001093,0.0,0.3635678391959799,0.5,0.5,0.0,1.0,1.0,1.0,0.0,real,3,0.3701005025125628,0.3635678391959799,0.5793969849246231,0.4345477386934673,0.29226780889371484,0.36640659326784675
F001094,0.0483797153000638,0.7836683417085427,0.6805555555555556,0.6254627916220946,0.0,1.0,1.0,1.0,0.0,real,3,0.3701005025125628,0.7836683417085427,0.7610552763819095,0.5707914572864321,0.32588372137067245,0.5476073520870686
F001095,0.0,0.3635678391959799,0.1666666666666666,0.5773502691896258,0.0,1.0,1.0,1.0,0.0,real,3,0.3701005025125628,0.3635678391959799,0.7276381909547739,0.5457286432160804,0.3196998813161284,0.36713290068432614
F001096,0.0,0.3635678391959799,0.25,0.5,0.0,1.0,1.0,1.0,0.0,real,3,0.3701005025125628,0.3635678391959799,0.5793969849246231,0.4345477386934673,0.29226780889371484,0.36640659326784675
F001097,0.0,0.3635678391959799,0.1111111111111111,0.3849001794597505,0.0,1.0,1.0,1.0,0.0,real,3,0.3701005025125628,0.3635678391959799,0.4492462311557789,0.33693467336683414,0.2681833792075958,0.3657689199767683
F001098,0.0,0.3635678391959799,0.5555555555555556,0.5357583756107197,0.25,1.0,1.0,1.0,0.25,real,3,0.8304020100502513,0.3635678391959799,0.6798994974874372,0.5099246231155778,0.6974959596979875,0.6016180778263175
F001099,0.1020902318637188,0.8077889447236181,0.7083333333333334,0.6291528696058958,0.0,1.0,1.0,1.0,0.0,real,3,0.3701005025125628,0.8077889447236181,0.7695979899497487,0.5771984924623115,0.32746455266281155,0.5551558357112194
F001100,0.3231250834000667,0.9236180904522612,0.7916666666666667,0.5204164998665333,0.0,1.0,1.0,1.0,0.0,real,3,0.3701005025125628,0.9236180904522612,0.6665829145728643,0.49993718592964825,0.3084015870811343,0.6468940651751218
F001101,0.25,0.8977386934673367,0.75,0.5,0.0,1.0,1.0,1.0,0.0,real,3,0.3701005025125628,0.8977386934673367,0.5793969849246231,0.4345477386934673,0.29226780889371484,0.6684547107396278
F001102,0.0,0.3635678391959799,0.4305555555555555,0.9871864246620478,0.25,1.0,1.0,1.0,0.25,real,3,0.8304020100502513,0.3635678391959799,0.9628140703517588,0.7221105527638191,0.814962374687508,0.700673720360597
F001103,0.0,0.3635678391959799,0.3055555555555556,0.7876359377087682,0.0,1.0,1.0,1.0,0.0,real,3,0.3701005025125628,0.3635678391959799,0.9082914572864321,0.6812185929648241,0.35312981364106966,0.3680180109088155
F001104,0.1898569058357866,0.864321608040201,0.7222222222222222,0.5091750772173156,0.0,1.0,1.0,1.0,0.0,real,3,0.3701005025125628,0.864321608040201,0.6321608040201006,0.4741206030150754,0.3020317668745739,0.6300011994646599
F001105,0.0,0.3635678391959799,0.3333333333333333,0.7637626158259733,0.25,1.0,1.0,1.0,0.25,real,3,0.8304020100502513,0.3635678391959799,0.8902010050251257,0.6676507537688443,0.7848133569859347,0.6752500252518876
F001106,0.0,0.3635678391959799,0.3333333333333333,1.1547005383792517,0.0,1.0,1.0,1.0,0.0,real,3,0.3701005025125628,0.3635678391959799,0.9967336683417085,0.7475502512562814,0.3694960670185096,0.3684513332996642
F001107,0.0,0.3635678391959799,0.25,0.5,0.0,1.0,1.0,1.0,0.0,real,3,0.3701005025125628,0.3635678391959799,0.5793969849246231,0.4345477386934673,0.29226780889371484,0.36640659326784675
F001108,0.01116454968463,0.7346733668341708,0.5416666666666666,0.1443375672974064,0.0,1.0,1.0,1.0,0.0,real,3,0.3701005025125628,0.7346733668341708,0.06030150753768844,0.04522613065326633,0.1962090603772632,0.7181851468397262
F001109,0.0,0.3635678391959799,0.1388888888888888,0.2545875386086578,0.0,1.0,1.0,1.0,0.0,real,3,0.3701005025125628,0.3635678391959799,0.1771356783919598,0.13285175879396985,0.21782925304916542,0.3644357150071968
F001110,0.1504840084734488,0.8346733668341708,0.6388888888888888,0.2545875386086578,0.0,1.0,1.0,1.0,0.0,real,3,0.3701005025125628,0.8346733668341708,0.1771356783919598,0.13285175879396985,0.21782925304916542,0.7729540447210929
F001111,0.0,0.3635678391959799,0.2083333333333333,0.3818813079129866,0.0,1.0,1.0,1.0,0.0,real,3,0.3701005025125628,0.3635678391959799,0.4236180904522613,0.31771356783919597,0.2634408853311785,0.36564335496578365
F001112,0.0,0.3635678391959799,0.4305555555555555,0.9871864246620478,0.0,1.0,1.0,1.0,0.0,real,3,0.3701005025125628,0.3635678391959799,0.9628140703517588,0.7221105527638191,0.36321923688795743,0.3682851443145375
F001113,0.0,0.3635678391959799,0.5972222222222222,0.393817968854384,0.25,1.0,1.0,1.0,0.25,real,3,0.8304020100502513,0.3635678391959799,0.48266331658291456,0.3619974874371859,0.6156032991591122,0.5325606360950481
F001114,0.125,0.8168341708542713,0.625,0.25,0.25,1.0,1.0,1.0,0.25,real,3,0.8304020100502513,0.8168341708542713,0.1349246231155779,0.10119346733668343,0.47122184414534984,0.818207147546779
F001115,0.0,0.3635678391959799,0.0833333333333333,0.2886751345948128,0.0,1.0,1.0,1.0,0.0,real,3,0.3701005025125628,0.3635678391959799,0.228391959798995,0.17129396984924625,0.22731424080199994,0.36468684502916593
F001116,0.0,0.3635678391959799,0.1944444444444444,0.3469443332443554,0.0,1.0,1.0,1.0,0.0,real,3,0.3701005025125628,0.3635678391959799,0.33341708542713566,0.25006281407035175,0.2467491666877099,0.36520141536829875
F001117,0.0,0.3635678391959799,0.2222222222222222,0.0962250448649376,0.25,1.0,1.0,1.0,0.25,real,3,0.8304020100502513,0.3635678391959799,0.021105527638190954,0.015829145728643215,0.42396404131208804,0.37095742531754244
F001118,0.0,0.3635678391959799,0.5,0.0,0.0,1.0,1.0,1.0,0.0,real,3,0.3701005025125628,0.3635678391959799,0.005527638190954774,0.004145728643216081,0.1860731420923714,0.363594921845408
F001119,0.0,0.3635678391959799,0.1944444444444444,0.3469443332443554,0.25,1.0,1.0,1.0,0.25,real,3,0.8304020100502513,0.3635678391959799,0.33341708542713566,0.25006281407035175,0.5536361139870205,0.48030570566399833
F001120,0.0,0.3635678391959799,0.3472222222222222,0.6684005230842202,0.0,1.0,1.0,1.0,0.0,real,3,0.3701005025125628,0.3635678391959799,0.8037688442211055,0.6028266331658292,0.3337878778313679,0.3675059026287215
F001121,0.0,0.3635678391959799,0.1111111111111111,0.3849001794597505,0.0,1.0,1.0,1.0,0.0,real,3,0.3701005025125628,0.3635678391959799,0.4492462311557789,0.33693467336683414,0.2681833792075958,0.3657689199767683
F001122,0.0,0.3635678391959799,0.2777777777777778,0.0962250448649376,0.25,1.0,1.0,1.0,0.25,real,3,0.8304020100502513,0.3635678391959799,0.021105527638190954,0.015829145728643215,0.42396404131208804,0.37095742531754244
F001123,0.0,0.3635678391959799,0.1111111111111111,0.3849001794597505,0.5,1.0,1.0,1.0,0.5,real,3,0.9587939698492463,0.3635678391959799,0.4492462311557789,0.33693467336683414,0.6947642736294539,0.5641201611070428
F001124,0.0,0.3635678391959799,0.4722222222222222,0.9179284245476838,0.0,1.0,1.0,1.0,0.0,real,3,0.3701005025125628,0.3635678391959799,0.9555276381909548,0.7166457286432161,0.36187088078583873,0.3682494444584733
F001125,0.0,0.3635678391959799,0.25,0.5,0.0,1.0,1.0,1.0,0.0,real,3,0.3701005025125628,0.3635678391959799,0.5793969849246231,0.4345477386934673,0.29226780889371484,0.36640659326784675
F001126,0.0,0.3635678391959799,0.5972222222222222,0.393817968854384,0.0,1.0,1.0,1.0,0.0,real,3,0.3701005025125628,0.3635678391959799,0.48266331658291456,0.3619974874371859,0.27436721926213986,0.365932646902856
F001127,0.0,0.3635678391959799,0.5694444444444444,0.5548606765399494,0.0,1.0,1.0,1.0,0.0,real,3,0.3701005025125628,0.3635678391959799,0.6964824120603015,0.5223618090452261,0.3139344966036211,0.36698025302391357
F001128,0.0,0.3635678391959799,0.1944444444444444,0.3469443332443554,0.0,1.0,1.0,1.0,0.0,real,3,0.3701005025125628,0.3635678391959799,0.33341708542713566,0.25006281407035175,0.2467491666877099,0.36520141536829875
F001129,0.0,0.3635678391959799,0.4305555555555555,0.9871864246620478,0.0,1.0,1.0,1.0,0.0,real,3,0.3701005025125628,0.3635678391959799,0.9628140703517588,0.7221105527638191,0.36321923688795743,0.3682851443145375
F001130,0.0446581987385203,0.7701005025125628,0.6666666666666666,0.5773502691896258,0.0,1.0,1.0,1.0,0.0,real,3,0.3701005025125628,0.7701005025125628,0.7276381909547739,0.5457286432160804,0.3196998813161284,0.5518090452261306
F001131,0.0,0.3635678391959799,0.5972222222222222,0.393817968854384,0.0,1.0,1.0,1.0,0.0,real,3,0.3701005025125628,0.3635678391959799,0.48266331658291456,0.3619974874371859,0.27436721926213986,0.365932646902856
F001132,0.0,0.3635678391959799,0.2777777777777778,0.0962250448649376,0.25,1.0,1.0,1.0,0.25,real,3,0.8304020100502513,0.3635678391959799,0.021105527638190954,0.015829145728643215,0.42396404131208804,0.37095742531754244
F001133,0.0,0.3635678391959799,0.4166666666666667,0.2886751345948129,0.25,1.0,1.0,1.0,0.25,real,3,0.8304020100502513,0.3635678391959799,0.26030150753768844,0.19522613065326633,0.5232784525643291,0.45470606802858515
F001134,0.0,0.3635678391959799,0.4722222222222222,0.4194352464039305,0.5,1.0,0.5,0.5,0.5,real,3,0.9587939698492463,0.3635678391959799,0.5165829145728643,0.19371859296482413,0.3635226383172142,0.47887420772202727
F001135,0.0,0.3635678391959799,0.2083333333333333,0.5204164998665333,0.0,1.0,1.0,1.0,0.0,real,3,0.3701005025125628,0.3635678391959799,0.6665829145728643,0.49993718592964825,0.3084015870811343,0.36683376051109823
F001136,0.0,0.3635678391959799,0.3611111111111111,0.7515416254704823,0.25,1.0,1.0,1.0,0.25,real,3,0.8304020100502513,0.3635678391959799,0.8728643216080402,0.6546482412060302,0.7776151486073584,0.6691800080806041
F001137,0.0,0.3635678391959799,0.2777777777777778,0.0962250448649376,0.0,1.0,1.0,1.0,0.0,real,3,0.3701005025125628,0.3635678391959799,0.021105527638190954,0.015829145728643215,0.18895583444862502,0.3636712456756142
F001138,0.5853276880479024,0.9761306532663316,0.8888888888888888,0.3849001794597506,0.5,1.0,1.0,1.0,0.5,real,3,0.9587939698492463,0.9761306532663316,0.45879396984924625,0.3440954773869347,0.6993414307719502,0.9701651789096235
F001139,0.0,0.3635678391959799,0.4027777777777778,0.6364688465216445,0.0,1.0,1.0,1.0,0.0,real,3,0.3701005025125628,0.3635678391959799,0.7829145728643216,0.5871859296482412,0.3299287896770284,0.3674037271786066
F001140,0.0,0.3635678391959799,0.2638888888888888,0.4110735718596873,0.0,1.0,1.0,1.0,0.0,real,3,0.3701005025125628,0.3635678391959799,0.507035175879397,0.3802763819095477,0.27887723794853664,0.3660520567662433
F001141,0.0,0.3635678391959799,0.1388888888888888,0.2545875386086578,0.5,1.0,1.0,1.0,0.5,real,3,0.9587939698492463,0.3635678391959799,0.1771356783919598,0.13285175879396985,0.5643152950683064,0.44264467753339565
F001142,0.0,0.3635678391959799,0.4166666666666667,0.7637626158259733,0.25,1.0,1.0,1.0,0.25,real,3,0.8304020100502513,0.3635678391959799,0.8902010050251257,0.6676507537688443,0.7848133569859347,0.6752500252518876
F001143,0.0,0.3635678391959799,0.1944444444444444,0.3469443332443554,0.0,1.0,1.0,1.0,0.0,real,3,0.3701005025125628,0.3635678391959799,0.33341708542713566,0.25006281407035175,0.2467491666877099,0.36520141536829875
F001144,0.2666854362923786,0.9065326633165828,0.7361111111111112,0.4110735718596873,0.0,1.0,1.0,1.0,0.0,real,3,0.3701005025125628,0.9065326633165828,0.507035175879397,0.3802763819095477,0.27887723794853664,0.7025401820661095
F001145,0.0446581987385203,0.7701005025125628,0.6666666666666666,0.5773502691896258,0.5,1.0,1.0,1.0,0.5,real,3,0.9587939698492463,0.7701005025125628,0.7276381909547739,0.5457286432160804,0.828224539784349,0.8730759324259489
F001146,0.0,0.3635678391959799,0.2361111111111111,0.2097176232019652,0.0,1.0,1.0,1.0,0.0,real,3,0.3701005025125628,0.3635678391959799,0.11708542713567839,0.0878140703517588,0.20671693896618776,0.36414149895204667
F001147,0.0,0.3635678391959799,0.3611111111111111,0.7515416254704823,0.5,1.0,1.0,1.0,0.5,real,3,0.9587939698492463,0.3635678391959799,0.8728643216080402,0.6546482412060302,0.897845508951794,0.7532315787480115
F001148,0.0,0.3635678391959799,0.5,0.0,0.0,1.0,1.0,1.0,0.0,real,3,0.3701005025125628,0.3635678391959799,0.005527638190954774,0.004145728643216081,0.1860731420923714,0.363594921845408
F001149,0.0223290993692601,0.7540201005025126,0.5833333333333334,0.2886751345948129,0.0,1.0,1.0,1.0,0.0,real,3,0.3701005025125628,0.7540201005025126,0.26030150753768844,0.19522613065326633,0.2332191106285195,0.6790689629049772
F001150,0.0,0.3635678391959799,0.3333333333333333,1.1547005383792517,0.0,1.0,1.0,1.0,0.0,real,3,0.3701005025125628,0.3635678391959799,0.9967336683417085,0.7475502512562814,0.3694960670185096,0.3684513332996642
F001151,0.0,0.3635678391959799,0.1944444444444444,0.3469443332443554,0.0,1.0,1.0,1.0,0.0,real,3,0.3701005025125628,0.3635678391959799,0.33341708542713566,0.25006281407035175,0.2467491666877099,0.36520141536829875
F001152,0.0,0.3635678391959799,0.4722222222222222,0.4194352464039305,0.0,1.0,1.0,1.0,0.0,real,3,0.3701005025125628,0.3635678391959799,0.5165829145728643,0.38743718592964826,0.2806440493926921,0.36609883588798264
F001153,0.0,0.3635678391959799,0.25,0.5,0.0,1.0,1.0,1.0,0.0,real,3,0.3701005025125628,0.3635678391959799,0.5793969849246231,0.4345477386934673,0.29226780889371484,0.36640659326784675
F001154,0.0,0.3635678391959799,0.5555555555555556,0.5357583756107197,0.0,1.0,1.0,1.0,0.0,real,3,0.3701005025125628,0.3635678391959799,0.6798994974874372,0.5099246231155778,0.31086582409535113,0.3668990050756294
F001155,0.0,0.3635678391959799,0.5972222222222222,0.393817968854384,0.0,1.0,1.0,1.0,0.0,real,3,0.3701005025125628,0.3635678391959799,0.48266331658291456,0.3619974874371859,0.27436721926213986,0.365932646902856
F001156,0.0,0.3635678391959799,0.1666666666666666,0.5773502691896258,0.0,1.0,1.0,1.0,0.0,real,3,0.3701005025125628,0.3635678391959799,0.7276381909547739,0.5457286432160804,0.3196998813161284,0.36713290068432614
F001157,0.0,0.3635678391959799,0.1944444444444444,0.3469443332443554,0.0,1.0,1.0,1.0,0.0,real,3,0.3701005025125628,0.3635678391959799,0.33341708542713566,0.25006281407035175,0.2467491666877099,0.36520141536829875
F001158,0.0,0.3635678391959799,0.5138888888888888,0.2926570486903538,0.0,1.0,1.0,1.0,0.0,real,3,0.3701005025125628,0.3635678391959799,0.2829145728643216,0.21218592964824118,0.23740366404888766,0.364953978434888
F001159,0.0,0.3635678391959799,0.25,0.5,0.0,1.0,1.0,1.0,0.0,real,3,0.3701005025125628,0.3635678391959799,0.5793969849246231,0.4345477386934673,0.29226780889371484,0.36640659326784675
F001160,0.0,0.3635678391959799,0.25,0.5,0.0,1.0,1.0,1.0,0.0,real,3,0.3701005025125628,0.3635678391959799,0.5793969849246231,0.4345477386934673,0.29226780889371484,0.36640659326784675
F001161,0.0,0.3635678391959799,0.1944444444444444,0.3469443332443554,0.0,1.0,1.0,1.0,0.0,real,3,0.3701005025125628,0.3635678391959799,0.33341708542713566,0.25006281407035175,0.2467491666877099,0.36520141536829875
F001162,0.0,0.3635678391959799,0.3194444444444444,0.1272937693043289,0.5,1.0,1.0,1.0,0.5,real,3,0.9587939698492463,0.3635678391959799,0.03869346733668342,0.029020100502512566,0.4979465165021085,0.3808413613292594
F001163,0.0,0.3635678391959799,0.5,0.5,0.25,1.0,1.0,1.0,0.25,real,3,0.8304020100502513,0.3635678391959799,0.5793969849246231,0.4345477386934673,0.6557672154743568,0.5664295724855433
F001164,0.0,0.3635678391959799,0.3055555555555556,0.3469443332443555,0.25,1.0,1.0,1.0,0.25,real,3,0.8304020100502513,0.3635678391959799,0.37613065326633166,0.2820979899497488,0.5713708302820636,0.49526082043382746
F001165,0.0,0.3635678391959799,0.4444444444444444,0.5357583756107198,0.0,1.0,1.0,1.0,0.0,real,3,0.3701005025125628,0.3635678391959799,0.6912060301507538,0.5184045226130654,0.3129581008055352,0.3669544014040049
F001166,0.0,0.3635678391959799,0.1805555555555555,0.3757708127352412,0.0,1.0,1.0,1.0,0.0,real,3,0.3701005025125628,0.3635678391959799,0.40804020100502514,0.3060301507537688,0.2605581929749249,0.36556703113557737
F001167,0.0,0.3635678391959799,0.4444444444444444,0.5357583756107198,0.0,1.0,1.0,1.0,0.0,real,3,0.3701005025125628,0.3635678391959799,0.6912060301507538,0.5184045226130654,0.3129581008055352,0.3669544014040049
F001168,0.0,0.3635678391959799,0.3333333333333333,1.1547005383792517,0.0,1.0,1.0,1.0,0.0,real,3,0.3701005025125628,0.3635678391959799,0.9967336683417085,0.7475502512562814,0.3694960670185096,0.3684513332996642
F001169,0.0,0.3635678391959799,0.5972222222222222,0.393817968854384,0.25,1.0,1.0,1.0,0.25,real,3,0.8304020100502513,0.3635678391959799,0.48266331658291456,0.3619974874371859,0.6156032991591122,0.5325606360950481
F001170,0.0,0.3635678391959799,0.25,0.5,0.25,1.0,1.0,1.0,0.25,real,3,0.8304020100502513,0.3635678391959799,0.5793969849246231,0.4345477386934673,0.6557672154743568,0.5664295724855433
F001171,0.0,0.3635678391959799,0.1111111111111111,0.3849001794597505,0.0,1.0,1.0,1.0,0.0,real,3,0.3701005025125628,0.3635678391959799,0.4492462311557789,0.33693467336683414,0.2681833792075958,0.3657689199767683
F001172,0.0,0.3635678391959799,0.2083333333333333,0.5204164998665333,0.0,1.0,1.0,1.0,0.0,real,3,0.3701005025125628,0.3635678391959799,0.6665829145728643,0.49993718592964825,0.3084015870811343,0.36683376051109823
F001173,0.0,0.3635678391959799,0.0833333333333333,0.2886751345948128,0.0,1.0,1.0,1.0,0.0,real,3,0.3701005025125628,0.3635678391959799,0.228391959798995,0.17129396984924625,0.22731424080199994,0.36468684502916593
F001174,0.0,0.3635678391959799,0.5972222222222222,0.393817968854384,0.5,1.0,1.0,1.0,0.5,real,3,0.9587939698492463,0.3635678391959799,0.48266331658291456,0.3619974874371859,0.7107843236281912,0.5790382029494205
F001175,0.0,0.3635678391959799,0.1805555555555555,0.1272937693043289,0.0,1.0,1.0,1.0,0.0,real,3,0.3701005025125628,0.3635678391959799,0.03869346733668342,0.029020100502512566,0.1922104871089114,0.36375741774197623
F001176,0.0,0.3635678391959799,0.1111111111111111,0.3849001794597505,0.0,1.0,1.0,1.0,0.0,real,3,0.3701005025125628,0.3635678391959799,0.4492462311557789,0.33693467336683414,0.2681833792075958,0.3657689199767683
F001177,0.5260506159308034,0.963819095477387,0.8472222222222221,0.3367876570272817,0.0,1.0,1.0,1.0,0.0,real,3,0.3701005025125628,0.963819095477387,0.3005025125628141,0.22537688442211057,0.240658316709174,0.8300086487714957
F001178,0.4376389444889332,0.951005025125628,0.8055555555555556,0.3469443332443555,0.0,1.0,1.0,1.0,0.0,real,3,0.3701005025125628,0.951005025125628,0.37613065326633166,0.2820979899497488,0.25465332314840533,0.787133026943764
F001179,0.0483797153000638,0.7836683417085427,0.6805555555555556,0.6254627916220946,0.0,1.0,1.0,1.0,0.0,real,3,0.3701005025125628,0.7836683417085427,0.7610552763819095,0.5707914572864321,0.32588372137067245,0.5476073520870686
F001180,0.0,0.3635678391959799,0.25,0.5,0.0,1.0,1.0,1.0,0.0,real,3,0.3701005025125628,0.3635678391959799,0.5793969849246231,0.4345477386934673,0.29226780889371484,0.36640659326784675
F001181,0.0,0.3635678391959799,0.2777777777777778,0.0962250448649376,0.0,1.0,1.0,1.0,0.0,real,3,0.3701005025125628,0.3635678391959799,0.021105527638190954,0.015829145728643215,0.18895583444862502,0.3636712456756142
F001182,0.0,0.3635678391959799,0.0416666666666666,0.1443375672974064,0.0,1.0,1.0,1.0,0.0,real,3,0.3701005025125628,0.3635678391959799,0.06030150753768844,0.04522613065326633,0.1962090603772632,0.3638632862806495
F001183,0.0,0.3635678391959799,0.4444444444444444,1.0183501544346312,0.0,1.0,1.0,1.0,0.0,real,3,0.3701005025125628,0.3635678391959799,0.9741206030150754,0.7305904522613066,0.36531151359814146,0.36834054064291305
F001184,0.0,0.3635678391959799,0.4027777777777778,0.1734721666221777,0.0,1.0,1.0,1.0,0.0,real,3,0.3701005025125628,0.3635678391959799,0.08819095477386935,0.06614321608040201,0.20137000959571727,0.36399993055730917
F001185,0.0,0.3635678391959799,0.1388888888888888,0.2545875386086578,0.0,1.0,1.0,1.0,0.0,real,3,0.3701005025125628,0.3635678391959799,0.1771356783919598,0.13285175879396985,0.21782925304916542,0.3644357150071968
F001186,0.0,0.3635678391959799,0.25,0.5,0.0,1.0,1.0,1.0,0.0,real,3,0.3701005025125628,0.3635678391959799,0.5793969849246231,0.4345477386934673,0.29226780889371484,0.36640659326784675
F001187,0.0223290993692601,0.7540201005025126,0.5833333333333334,0.2886751345948129,0.0,1.0,1.0,1.0,0.0,real,3,0.3701005025125628,0.7540201005025126,0.26030150753768844,0.19522613065326633,0.2332191106285195,0.6790689629049772
F001188,0.0,0.3635678391959799,0.3611111111111111,0.2545875386086578,0.0,1.0,1.0,1.0,0.0,real,3,0.3701005025125628,0.3635678391959799,0.1771356783919598,0.13285175879396985,0.21782925304916542,0.3644357150071968
F001189,0.0,0.3635678391959799,0.4027777777777778,0.1734721666221777,0.0,1.0,1.0,1.0,0.0,real,3,0.3701005025125628,0.3635678391959799,0.08819095477386935,0.06614321608040201,0.20137000959571727,0.36399993055730917
F001190,0.0,0.3635678391959799,0.3611111111111111,0.2545875386086578,0.0,1.0,1.0,1.0,0.0,real,3,0.3701005025125628,0.3635678391959799,0.1771356783919598,0.13285175879396985,0.21782925304916542,0.3644357150071968
F001191,0.0,0.3635678391959799,0.5555555555555556,0.5357583756107197,0.0,1.0,1.0,1.0,0.0,real,3,0.3701005025125628,0.3635678391959799,0.6798994974874372,0.5099246231155778,0.31086582409535113,0.3668990050756294
F001192,0.0,0.3635678391959799,0.2361111111111111,0.2097176232019652,0.0,1.0,1.0,1.0,0.0,real,3,0.3701005025125628,0.3635678391959799,0.11708542713567839,0.0878140703517588,0.20671693896618776,0.36414149895204667
F001193,0.0,0.3635678391959799,0.5972222222222222,0.393817968854384,0.25,1.0,1.0,1.0,0.25,real,3,0.8304020100502513,0.3635678391959799,0.48266331658291456,0.3619974874371859,0.6156032991591122,0.5325606360950481
F001194,0.0,0.3635678391959799,0.6388888888888888,0.7515416254704823,0.0,1.0,1.0,1.0,0.0,real,3,0.3701005025125628,0.3635678391959799,0.8728643216080402,0.6546482412060302,0.3465740132824929,0.3678444357465721
F001195,0.0,0.3635678391959799,0.5555555555555556,0.5357583756107197,0.0,1.0,1.0,1.0,0.0,real,3,0.3701005025125628,0.3635678391959799,0.6798994974874372,0.5099246231155778,0.31086582409535113,0.3668990050756294
F001196,0.0,0.3635678391959799,0.1666666666666666,0.2886751345948128,0.0,1.0,1.0,1.0,0.0,real,3,0.3701005025125628,0.3635678391959799,0.228391959798995,0.17129396984924625,0.22731424080199994,0.36468684502916593
F001197,0.0,0.3635678391959799,0.3472222222222222,0.5672382737961704,0.25,1.0,1.0,1.0,0.25,real,3,0.8304020100502513,0.3635678391959799,0.7017587939698492,0.5263190954773869,0.7065719615666272,0.6092715777379358
F001198,0.0,0.3635678391959799,0.4027777777777778,0.3938179688543841,0.0,1.0,1.0,1.0,0.0,real,3,0.3701005025125628,0.3635678391959799,0.5022613065326633,0.3766959798994975,0.27799383222645896,0.3660286672053736
F001199,0.0,0.3635678391959799,0.1944444444444444,0.3469443332443554,0.0,1.0,1.0,1.0,0.0,real,3,0.3701005025125628,0.3635678391959799,0.33341708542713566,0.25006281407035175,0.2467491666877099,0.36520141536829875
F001200,0.0,0.3635678391959799,0.25,0.5,0.0,1.0,1.0,1.0,0.0,real,3,0.3701005025125628,0.3635678391959799,0.5793969849246231,0.4345477386934673,0.29226780889371484,0.36640659326784675
F001201,0.0,0.3635678391959799,0.3333333333333333,1.1547005383792517,0.0,1.0,1.0,1.0,0.0,real,3,0.3701005025125628,0.3635678391959799,0.9967336683417085,0.7475502512562814,0.3694960670185096,0.3684513332996642
F001202,0.0219364186574703,0.7472361809045226,0.6527777777777778,0.5672382737961704,0.0,1.0,1.0,1.0,0.0,real,3,0.3701005025125628,0.7472361809045226,0.7017587939698492,0.5263190954773869,0.31491089240170705,0.5487424717810157
F001203,0.0,0.3635678391959799,0.125,0.4330127018922193,0.0,1.0,1.0,1.0,0.0,real,3,0.3701005025125628,0.3635678391959799,0.5271356783919598,0.3953517587939699,0.28259684098886395,0.3661505391277998
F001204,0.0,0.3635678391959799,0.3194444444444444,0.8988160937424132,0.25,1.0,1.0,1.0,0.25,real,3,0.8304020100502513,0.3635678391959799,0.9434673366834171,0.7076005025125628,0.8069295914244591,0.6938999330824979
F001205,0.0,0.3635678391959799,0.375,1.0897247358851685,0.5,1.0,1.0,1.0,0.5,real,3,0.9587939698492463,0.3635678391959799,0.9899497487437185,0.7424623115577889,0.9539759096992501,0.8055008080604025
F001206,0.0,0.3635678391959799,0.2916666666666666,0.3818813079129867,0.0,1.0,1.0,1.0,0.0,real,3,0.3701005025125628,0.3635678391959799,0.4402010050251256,0.3301507537688442,0.2665095578394485,0.36572460291406783
F001207,0.0,0.3635678391959799,0.1388888888888888,0.2545875386086578,0.0,1.0,1.0,1.0,0.0,real,3,0.3701005025125628,0.3635678391959799,0.1771356783919598,0.13285175879396985,0.21782925304916542,0.3644357150071968
F001208,0.0,0.3635678391959799,0.3611111111111111,0.2545875386086578,0.0,1.0,1.0,1.0,0.0,real,3,0.3701005025125628,0.3635678391959799,0.1771356783919598,0.13285175879396985,0.21782925304916542,0.3644357150071968
F001209,0.0,0.3635678391959799,0.1805555555555555,0.1272937693043289,0.0,1.0,1.0,1.0,0.0,real,3,0.3701005025125628,0.3635678391959799,0.03869346733668342,0.029020100502512566,0.1922104871089114,0.36375741774197623
F001210,0.0,0.3635678391959799,0.4305555555555555,0.9871864246620478,0.25,1.0,1.0,1.0,0.25,real,3,0.8304020100502513,0.3635678391959799,0.9628140703517588,0.7221105527638191,0.814962374687508,0.700673720360597
F001211,0.1564584167334001,0.842211055276382,0.7083333333333334,0.5204164998665332,0.0,1.0,1.0,1.0,0.0,real,3,0.3701005025125628,0.842211055276382,0.657035175879397,0.49277638190954776,0.30663477563697883,0.6095661252241106
F001212,0.0,0.3635678391959799,0.25,0.5,0.0,1.0,1.0,1.0,0.0,real,3,0.3701005025125628,0.3635678391959799,0.5793969849246231,0.4345477386934673,0.29226780889371484,0.36640659326784675
F001213,0.0,0.3635678391959799,0.2916666666666666,0.3818813079129867,0.0,1.0,1.0,1.0,0.0,real,3,0.3701005025125628,0.3635678391959799,0.4402010050251256,0.3301507537688442,0.2665095578394485,0.36572460291406783
F001214,0.0,0.3635678391959799,0.4444444444444444,1.0183501544346312,0.0,1.0,1.0,1.0,0.0,real,3,0.3701005025125628,0.3635678391959799,0.9741206030150754,0.7305904522613066,0.36531151359814146,0.36834054064291305
F001215,0.0,0.3635678391959799,0.4305555555555555,0.9871864246620478,0.0,1.0,1.0,1.0,0.0,real,3,0.3701005025125628,0.3635678391959799,0.9628140703517588,0.7221105527638191,0.36321923688795743,0.3682851443145375
F001216,0.0,0.3635678391959799,0.4027777777777778,0.1734721666221777,0.0,1.0,1.0,1.0,0.0,real,3,0.3701005025125628,0.3635678391959799,0.08819095477386935,0.06614321608040201,0.20137000959571727,0.36399993055730917
F001217,0.01116454968463,0.7346733668341708,0.5416666666666666,0.1443375672974064,0.25,1.0,1.0,1.0,0.25,real,3,0.8304020100502513,0.7346733668341708,0.06030150753768844,0.04522613065326633,0.4402382515593041,0.7390028029595213
F001218,0.0,0.3635678391959799,0.3055555555555556,0.6735753140545634,0.0,1.0,1.0,1.0,0.0,real,3,0.3701005025125628,0.3635678391959799,0.8160804020100503,0.6120603015075377,0.33606613469356833,0.36756622307517484
F001219,0.0,0.3635678391959799,0.3055555555555556,0.3469443332443555,0.5,1.0,1.0,1.0,0.5,real,3,0.9587939698492463,0.3635678391959799,0.37613065326633166,0.2820979899497488,0.6597128860382313,0.5314799342188329
F001220,0.0,0.3635678391959799,0.4722222222222222,0.4194352464039305,0.0,1.0,1.0,1.0,0.0,real,3,0.3701005025125628,0.3635678391959799,0.5165829145728643,0.38743718592964826,0.2806440493926921,0.36609883588798264
F001221,0.0,0.3635678391959799,0.2916666666666666,0.3818813079129867,0.5,1.0,1.0,1.0,0.5,real,3,0.9587939698492463,0.3635678391959799,0.4402010050251256,0.3301507537688442,0.6904280194944573,0.5600821948940683
F001222,0.0,0.3635678391959799,0.5694444444444444,0.7742977702647975,0.0,1.0,1.0,1.0,0.0,real,3,0.3701005025125628,0.3635678391959799,0.9040201005025126,0.6780150753768844,0.35233939799500014,0.36799708340698467
F001223,0.0,0.3635678391959799,0.5416666666666666,0.3818813079129866,0.25,1.0,1.0,1.0,0.25,real,3,0.8304020100502513,0.3635678391959799,0.4236180904522613,0.31771356783919597,0.5910876619277291,0.5118873892073432
F001224,0.0,0.3635678391959799,0.0555555555555555,0.1924500897298752,0.0,1.0,1.0,1.0,0.0,real,3,0.3701005025125628,0.3635678391959799,0.1,0.07500000000000001,0.20355527638190957,0.3640577889447236
F001225,0.0,0.3635678391959799,0.3194444444444444,0.3757708127352411,0.0,1.0,1.0,1.0,0.0,real,3,0.3701005025125628,0.3635678391959799,0.3969849246231156,0.29773869346733667,0.2585124113027449,0.36551286583672127
F001226,0.0,0.3635678391959799,0.3888888888888889,1.0715167512214396,0.5,1.0,1.0,1.0,0.5,real,3,0.9587939698492463,0.3635678391959799,0.9849246231155779,0.7386934673366834,0.9515668796242519,0.803257493497639
F001227,0.0,0.3635678391959799,0.6111111111111112,0.693888666488711,0.0,1.0,1.0,1.0,0.0,real,3,0.3701005025125628,0.3635678391959799,0.8351758793969849,0.6263819095477386,0.33959975758187927,0.36765978131865357
F001228,0.0,0.3635678391959799,0.2083333333333333,0.3818813079129866,0.0,1.0,1.0,1.0,0.0,real,3,0.3701005025125628,0.3635678391959799,0.4236180904522613,0.31771356783919597,0.2634408853311785,0.36564335496578365
F001229,0.0,0.3635678391959799,0.2777777777777778,0.0962250448649376,0.25,1.0,1.0,1.0,0.25,real,3,0.8304020100502513,0.3635678391959799,0.021105527638190954,0.015829145728643215,0.42396404131208804,0.37095742531754244
F001230,0.0,0.3635678391959799,0.5416666666666666,0.3818813079129866,0.0,1.0,1.0,1.0,0.0,real,3,0.3701005025125628,0.3635678391959799,0.4236180904522613,0.31771356783919597,0.2634408853311785,0.36564335496578365
F001231,0.0,0.3635678391959799,0.2777777777777778,0.0962250448649376,0.0,1.0,1.0,1.0,0.0,real,3,0.3701005025125628,0.3635678391959799,0.021105527638190954,0.015829145728643215,0.18895583444862502,0.3636712456756142
F001232,0.0,0.3635678391959799,0.5972222222222222,0.393817968854384,0.0,1.0,1.0,1.0,0.0,real,3,0.3701005025125628,0.3635678391959799,0.48266331658291456,0.3619974874371859,0.27436721926213986,0.365932646902856
F001233,0.0,0.3635678391959799,0.5416666666666666,0.3818813079129866,0.0,1.0,1.0,1.0,0.0,real,3,0.3701005025125628,0.3635678391959799,0.4236180904522613,0.31771356783919597,0.2634408853311785,0.36564335496578365
F001234,0.0,0.3635678391959799,0.4027777777777778,0.6364688465216445,0.0,1.0,1.0,1.0,0.0,real,3,0.3701005025125628,0.3635678391959799,0.7829145728643216,0.5871859296482412,0.3299287896770284,0.3674037271786066
F001235,0.0,0.3635678391959799,0.3611111111111111,0.8552669065744807,0.0,1.0,1.0,1.0,0.0,real,3,0.3701005025125628,0.3635678391959799,0.928894472361809,0.6966708542713568,0.3569424067574051,0.3681189553294109
F001236,0.0,0.3635678391959799,0.1666666666666666,0.5773502691896258,0.0,1.0,1.0,1.0,0.0,real,3,0.3701005025125628,0.3635678391959799,0.7276381909547739,0.5457286432160804,0.3196998813161284,0.36713290068432614
F001237,0.0,0.3635678391959799,0.2222222222222222,0.0962250448649376,0.0,1.0,1.0,1.0,0.0,real,3,0.3701005025125628,0.3635678391959799,0.021105527638190954,0.015829145728643215,0.18895583444862502,0.3636712456756142
F001238,0.2224894150898172,0.8839195979899498,0.7916666666666667,0.7216878364870323,0.5,1.0,1.0,1.0,0.5,real,3,0.9587939698492463,0.8839195979899498,0.857286432160804,0.642964824120603,0.8903775157193,0.9320611853236029
F001239,0.2154167222667111,0.8768844221105527,0.6944444444444444,0.3469443332443555,0.25,1.0,1.0,1.0,0.25,real,3,0.8304020100502513,0.8768844221105527,0.37613065326633166,0.2820979899497488,0.5713708302820636,0.8637718271003257
F001240,0.0483797153000638,0.7836683417085427,0.6805555555555556,0.6254627916220946,0.5,1.0,1.0,1.0,0.5,real,3,0.9587939698492463,0.7836683417085427,0.7610552763819095,0.5707914572864321,0.8442445897830864,0.8836285542031768
F001241,0.0,0.3635678391959799,0.0833333333333333,0.2886751345948128,0.0,1.0,1.0,1.0,0.0,real,3,0.3701005025125628,0.3635678391959799,0.228391959798995,0.17129396984924625,0.22731424080199994,0.36468684502916593
F001242,0.0,0.3635678391959799,0.1944444444444444,0.3469443332443554,0.25,1.0,1.0,1.0,0.25,real,3,0.8304020100502513,0.3635678391959799,0.33341708542713566,0.25006281407035175,0.5536361139870205,0.48030570566399833
F001243,0.0,0.3635678391959799,0.5972222222222222,0.393817968854384,0.0,1.0,1.0,1.0,0.0,real,3,0.3701005025125628,0.3635678391959799,0.48266331658291456,0.3619974874371859,0.27436721926213986,0.365932646902856
F001244,0.0,0.3635678391959799,0.0416666666666666,0.1443375672974064,0.0,1.0,1.0,1.0,0.0,real,3,0.3701005025125628,0.3635678391959799,0.06030150753768844,0.04522613065326633,0.1962090603772632,0.3638632862806495
F001245,0.0,0.3635678391959799,0.3333333333333333,0.2886751345948129,0.0,1.0,1.0,1.0,0.0,real,3,0.3701005025125628,0.3635678391959799,0.26030150753768844,0.19522613065326633,0.2332191106285195,0.3648431857781369
F001246,0.0,0.3635678391959799,0.5972222222222222,0.393817968854384,0.0,1.0,1.0,1.0,0.0,real,3,0.3701005025125628,0.3635678391959799,0.48266331658291456,0.3619974874371859,0.27436721926213986,0.365932646902856
F001247,0.0669872981077807,0.8050251256281407,0.75,0.8660254037844386,0.0,1.0,1.0,1.0,0.0,real,3,0.3701005025125628,0.8050251256281407,0.9349246231155779,0.7011934673366834,0.3580582876695033,0.5000588211156284
F001248,0.0,0.3635678391959799,0.3333333333333333,0.2886751345948129,0.25,1.0,1.0,1.0,0.25,real,3,0.8304020100502513,0.3635678391959799,0.26030150753768844,0.19522613065326633,0.5232784525643291,0.45470606802858515
F001249,0.1485783278408043,0.8238693467336683,0.7361111111111112,0.6472877887628358,0.0,1.0,1.0,1.0,0.0,real,3,0.3701005025125628,0.8238693467336683,0.7924623115577889,0.5943467336683417,0.3316956011211838,0.5541733163303957
F001250,0.0,0.3635678391959799,0.5555555555555556,0.5357583756107197,0.0,1.0,1.0,1.0,0.0,real,3,0.3701005025125628,0.3635678391959799,0.6798994974874372,0.5099246231155778,0.31086582409535113,0.3668990050756294
F001251,0.4376389444889332,0.951005025125628,0.8055555555555556,0.3469443332443555,0.5,1.0,1.0,1.0,0.5,real,3,0.9587939698492463,0.951005025125628,0.37613065326633166,0.2820979899497488,0.6597128860382313,0.9532022707759904
F001252,0.0,0.3635678391959799,0.1388888888888888,0.2545875386086578,0.25,1.0,1.0,1.0,0.25,real,3,0.8304020100502513,0.3635678391959799,0.1771356783919598,0.13285175879396985,0.48874791671927476,0.42558757985909446
F001253,0.0,0.3635678391959799,0.1666666666666666,0.5773502691896258,0.5,1.0,1.0,1.0,0.5,real,3,0.9587939698492463,0.3635678391959799,0.7276381909547739,0.5457286432160804,0.828224539784349,0.6883997878841444
F001254,0.25,0.8977386934673367,0.75,0.5,0.0,1.0,1.0,1.0,0.0,real,3,0.3701005025125628,0.8977386934673367,0.5793969849246231,0.4345477386934673,0.29226780889371484,0.6684547107396278
F001255,0.0,0.3635678391959799,0.2361111111111111,0.2097176232019652,0.0,1.0,1.0,1.0,0.0,real,3,0.3701005025125628,0.3635678391959799,0.11708542713567839,0.0878140703517588,0.20671693896618776,0.36414149895204667
F001256,0.0,0.3635678391959799,0.3888888888888889,0.693888666488711,0.0,1.0,1.0,1.0,0.0,real,3,0.3701005025125628,0.3635678391959799,0.8351758793969849,0.6263819095477386,0.33959975758187927,0.36765978131865357
F001257,0.0,0.3635678391959799,0.3333333333333333,0.5773502691896258,0.25,1.0,1.0,1.0,0.25,real,3,0.8304020100502513,0.3635678391959799,0.7276381909547739,0.5457286432160804,0.7173171132042121,0.6183326178631853
F001258,0.0446581987385203,0.7701005025125628,0.6666666666666666,0.5773502691896258,0.0,1.0,1.0,1.0,0.0,real,3,0.3701005025125628,0.7701005025125628,0.7276381909547739,0.5457286432160804,0.3196998813161284,0.5518090452261306
F001259,0.0,0.3635678391959799,0.4166666666666667,1.0408329997330663,0.0,1.0,1.0,1.0,0.0,real,3,0.3701005025125628,0.3635678391959799,0.9811557788944724,0.7358668341708543,0.366613374662256,0.3683750094694579
F001260,0.0,0.3635678391959799,0.25,0.5,0.0,1.0,1.0,1.0,0.0,real,3,0.3701005025125628,0.3635678391959799,0.5793969849246231,0.4345477386934673,0.29226780889371484,0.36640659326784675
F001261,0.0,0.3635678391959799,0.2916666666666666,0.5204164998665332,0.0,1.0,1.0,1.0,0.0,real,3,0.3701005025125628,0.3635678391959799,0.657035175879397,0.49277638190954776,0.30663477563697883,0.36678698138935883
F001262,0.0669872981077807,0.8050251256281407,0.75,0.8660254037844386,0.25,1.0,1.0,1.0,0.25,real,3,0.8304020100502513,0.8050251256281407,0.9349246231155779,0.7011934673366834,0.8033826481654504,0.8228192312062826
F001263,0.2154167222667111,0.8768844221105527,0.6944444444444444,0.3469443332443555,0.25,1.0,1.0,1.0,0.25,real,3,0.8304020100502513,0.8768844221105527,0.37613065326633166,0.2820979899497488,0.5713708302820636,0.8637718271003257
F001264,0.0,0.3635678391959799,0.5416666666666666,0.3818813079129866,0.0,1.0,1.0,1.0,0.0,real,3,0.3701005025125628,0.3635678391959799,0.4236180904522613,0.31771356783919597,0.2634408853311785,0.36564335496578365
F001265,0.0,0.3635678391959799,0.4722222222222222,0.4194352464039305,0.0,1.0,1.0,1.0,0.0,real,3,0.3701005025125628,0.3635678391959799,0.5165829145728643,0.38743718592964826,0.2806440493926921,0.36609883588798264
F001266,0.0,0.3635678391959799,0.3194444444444444,0.3757708127352411,0.5,1.0,1.0,1.0,0.5,real,3,0.9587939698492463,0.3635678391959799,0.3969849246231156,0.29773869346733667,0.6697103608494736,0.5407896896543016
F001267,0.3779915320718537,0.9329145728643216,0.8333333333333333,0.5773502691896258,0.0,1.0,1.0,1.0,0.0,real,3,0.3701005025125628,0.9329145728643216,0.7276381909547739,0.5457286432160804,0.3196998813161284,0.6257708138683367
F001268,0.0,0.3635678391959799,0.4444444444444444,0.5357583756107198,0.25,1.0,1.0,1.0,0.25,real,3,0.8304020100502513,0.3635678391959799,0.6912060301507538,0.5184045226130654,0.7021904434231458,0.6055767846771547
F001269,0.0,0.3635678391959799,0.25,0.5,0.25,1.0,1.0,1.0,0.25,real,3,0.8304020100502513,0.3635678391959799,0.5793969849246231,0.4345477386934673,0.6557672154743568,0.5664295724855433
F001270,0.0,0.3635678391959799,0.4444444444444444,0.1924500897298753,0.25,1.0,1.0,1.0,0.25,real,3,0.8304020100502513,0.3635678391959799,0.1077889447236181,0.08084170854271357,0.45995508320496953,0.40130751117396024
F001271,0.6889957660359269,0.9899497487437184,0.9166666666666669,0.2886751345948128,0.0,1.0,1.0,1.0,0.0,real,3,0.3701005025125628,0.9899497487437184,0.228391959798995,0.17129396984924625,0.22731424080199994,0.8837733106487209
F001272,0.0,0.3635678391959799,0.3611111111111111,0.7515416254704823,0.25,1.0,1.0,1.0,0.25,real,3,0.8304020100502513,0.3635678391959799,0.8728643216080402,0.6546482412060302,0.7776151486073584,0.6691800080806041
F001273,0.1898569058357866,0.864321608040201,0.7222222222222222,0.5091750772173156,0.5,1.0,1.0,1.0,0.5,real,3,0.9587939698492463,0.864321608040201,0.6321608040201006,0.4741206030150754,0.7824529683593849,0.9091129011893639
F001274,0.0521012318616071,0.7947236180904522,0.6944444444444444,0.6735753140545634,0.0,1.0,1.0,1.0,0.0,real,3,0.3701005025125628,0.7947236180904522,0.8160804020100503,0.6120603015075377,0.33606613469356833,0.5348286659427792
F001275,0.0,0.3635678391959799,0.1111111111111111,0.3849001794597505,0.25,1.0,1.0,1.0,0.25,real,3,0.8304020100502513,0.3635678391959799,0.4492462311557789,0.33693467336683414,0.601728491704755,0.5208604580692406
F001276,0.1898569058357866,0.864321608040201,0.7222222222222222,0.5091750772173156,0.0,1.0,1.0,1.0,0.0,real,3,0.3701005025125628,0.864321608040201,0.6321608040201006,0.4741206030150754,0.3020317668745739,0.6300011994646599
F001277,0.061411169010459,0.8010050251256281,0.6527777777777778,0.488288773090193,0.0,1.0,1.0,1.0,0.0,real,3,0.3701005025125628,0.8010050251256281,0.5447236180904522,0.40854271356783917,0.2858514936491503,0.624962122168632
F001278,0.25,0.8977386934673367,0.75,0.5,0.0,1.0,1.0,1.0,0.0,real,3,0.3701005025125628,0.8977386934673367,0.5793969849246231,0.4345477386934673,0.29226780889371484,0.6684547107396278
F001279,0.0,0.3635678391959799,0.4444444444444444,1.0183501544346312,0.5,1.0,1.0,1.0,0.5,real,3,0.9587939698492463,0.3635678391959799,0.9741206030150754,0.7305904522613066,0.946387464963006,0.7984343671876973
F001280,0.0,0.3635678391959799,0.3472222222222222,0.6988747569671736,0.0,1.0,1.0,1.0,0.0,real,3,0.3701005025125628,0.3635678391959799,0.8437185929648241,0.6327889447236181,0.34118058887401836,0.3677016363223151
F001281,0.0,0.3635678391959799,0.2777777777777778,0.0962250448649376,0.0,1.0,1.0,1.0,0.0,real,3,0.3701005025125628,0.3635678391959799,0.021105527638190954,0.015829145728643215,0.18895583444862502,0.3636712456756142
F001282,0.061411169010459,0.8010050251256281,0.6527777777777778,0.488288773090193,0.25,1.0,1.0,1.0,0.25,real,3,0.8304020100502513,0.8010050251256281,0.5447236180904522,0.40854271356783917,0.6413707987172041,0.8130149491174464
F001283,0.0,0.3635678391959799,0.3055555555555556,0.6735753140545634,0.0,1.0,1.0,1.0,0.0,real,3,0.3701005025125628,0.3635678391959799,0.8160804020100503,0.6120603015075377,0.33606613469356833,0.36756622307517484
F001284,0.0223290993692601,0.7540201005025126,0.5833333333333334,0.2886751345948129,0.0,1.0,1.0,1.0,0.0,real,3,0.3701005025125628,0.7540201005025126,0.26030150753768844,0.19522613065326633,0.2332191106285195,0.6790689629049772
F001285,0.0521012318616071,0.7947236180904522,0.6944444444444444,0.6735753140545634,0.0,1.0,1.0,1.0,0.0,real,3,0.3701005025125628,0.7947236180904522,0.8160804020100503,0.6120603015075377,0.33606613469356833,0.5348286659427792
F001286,0.1732257047434905,0.8477386934673367,0.6805555555555556,0.3757708127352411,0.25,1.0,1.0,1.0,0.25,real,3,0.8304020100502513,0.8477386934673367,0.3969849246231156,0.29773869346733667,0.580029544708467,0.8425768919976767
F001287,0.0,0.3635678391959799,0.4027777777777778,0.6364688465216445,0.25,1.0,1.0,1.0,0.25,real,3,0.8304020100502513,0.3635678391959799,0.7829145728643216,0.5871859296482412,0.740267922527209,0.6376862958006111
F001288,0.25,0.8977386934673367,0.75,0.5,0.0,1.0,1.0,1.0,0.0,real,3,0.3701005025125628,0.8977386934673367,0.5793969849246231,0.4345477386934673,0.29226780889371484,0.6684547107396278
F001289,0.0,0.3635678391959799,0.2361111111111111,0.2097176232019652,0.25,1.0,1.0,1.0,0.25,real,3,0.8304020100502513,0.3635678391959799,0.11708542713567839,0.0878140703517588,0.46381499204565546,0.4045624479179819
F001290,0.0,0.3635678391959799,0.4722222222222222,0.4194352464039305,0.0,1.0,1.0,1.0,0.0,real,3,0.3701005025125628,0.3635678391959799,0.5165829145728643,0.38743718592964826,0.2806440493926921,0.36609883588798264
F001291,0.0,0.3635678391959799,0.5972222222222222,0.393817968854384,0.0,1.0,1.0,1.0,0.0,real,3,0.3701005025125628,0.3635678391959799,0.48266331658291456,0.3619974874371859,0.27436721926213986,0.365932646902856
F001292,0.0,0.3635678391959799,0.5416666666666666,0.3818813079129866,0.0,1.0,1.0,1.0,0.0,real,3,0.3701005025125628,0.3635678391959799,0.4236180904522613,0.31771356783919597,0.2634408853311785,0.36564335496578365
F001293,0.0,0.3635678391959799,0.3055555555555556,0.3469443332443555,0.25,1.0,1.0,1.0,0.25,real,3,0.8304020100502513,0.3635678391959799,0.37613065326633166,0.2820979899497488,0.5713708302820636,0.49526082043382746
F001294,0.0,0.3635678391959799,0.5972222222222222,0.393817968854384,0.25,1.0,1.0,1.0,0.25,real,3,0.8304020100502513,0.3635678391959799,0.48266331658291456,0.3619974874371859,0.6156032991591122,0.5325606360950481
F001295,0.0,0.3635678391959799,0.3611111111111111,0.7515416254704823,0.0,1.0,1.0,1.0,0.0,real,3,0.3701005025125628,0.3635678391959799,0.8728643216080402,0.6546482412060302,0.3465740132824929,0.3678444357465721
F001296,0.4376389444889332,0.951005025125628,0.8055555555555556,0.3469443332443555,0.0,1.0,1.0,1.0,0.0,real,3,0.3701005025125628,0.951005025125628,0.37613065326633166,0.2820979899497488,0.25465332314840533,0.787133026943764
F001297,0.0,0.3635678391959799,0.25,0.8660254037844386,0.25,1.0,1.0,1.0,0.25,real,3,0.8304020100502513,0.3635678391959799,0.9349246231155779,0.7011934673366834,0.8033826481654504,0.6909089101285321
F001298,0.0,0.3635678391959799,0.5972222222222222,0.393817968854384,0.0,1.0,1.0,1.0,0.0,real,3,0.3701005025125628,0.3635678391959799,0.48266331658291456,0.3619974874371859,0.27436721926213986,0.365932646902856
F001299,0.1732257047434905,0.8477386934673367,0.6805555555555556,0.3757708127352411,0.25,1.0,1.0,1.0,0.25,real,3,0.8304020100502513,0.8477386934673367,0.3969849246231156,0.29773869346733667,0.580029544708467,0.8425768919976767
F001300,0.1504840084734488,0.8346733668341708,0.6388888888888888,0.2545875386086578,0.25,1.0,1.0,1.0,0.25,real,3,0.8304020100502513,0.8346733668341708,0.1771356783919598,0.13285175879396985,0.48874791671927476,0.8341059095729906
F001301,0.0,0.3635678391959799,0.5277777777777778,0.8221471437193746,0.0,1.0,1.0,1.0,0.0,real,3,0.3701005025125628,0.3635678391959799,0.9208542713567839,0.6906407035175879,0.35545456554127425,0.3680795623847883
F001302,0.0,0.3635678391959799,0.2916666666666666,0.5204164998665332,0.25,1.0,1.0,1.0,0.25,real,3,0.8304020100502513,0.3635678391959799,0.657035175879397,0.49277638190954776,0.6880026703871114,0.5936126928612915
F001303,0.0,0.3635678391959799,0.5694444444444444,0.4738533919231106,0.25,1.0,1.0,1.0,0.25,real,3,0.8304020100502513,0.3635678391959799,0.535427135678392,0.40157035175879396,0.6375108898765183,0.5510346013989547
F001304,0.0,0.3635678391959799,0.1388888888888888,0.2545875386086578,0.0,1.0,1.0,1.0,0.0,real,3,0.3701005025125628,0.3635678391959799,0.1771356783919598,0.13285175879396985,0.21782925304916542,0.3644357150071968
F001305,0.0,0.3635678391959799,0.3055555555555556,0.6735753140545634,0.0,1.0,1.0,1.0,0.0,real,3,0.3701005025125628,0.3635678391959799,0.8160804020100503,0.6120603015075377,0.33606613469356833,0.36756622307517484
F001306,0.0,0.3635678391959799,0.4861111111111111,0.2926570486903539,0.5,1.0,1.0,1.0,0.5,real,3,0.9587939698492463,0.3635678391959799,0.2904522613065327,0.2178391959798995,0.6186389232595136,0.4932314209237141
F001307,0.0,0.3635678391959799,0.4166666666666667,1.0408329997330663,0.0,1.0,1.0,1.0,0.0,real,3,0.3701005025125628,0.3635678391959799,0.9811557788944724,0.7358668341708543,0.366613374662256,0.3683750094694579
F001308,0.0,0.3635678391959799,0.4027777777777778,0.6364688465216445,0.0,1.0,1.0,1.0,0.0,real,3,0.3701005025125628,0.3635678391959799,0.7829145728643216,0.5871859296482412,0.3299287896770284,0.3674037271786066
F001309,0.25,0.8977386934673367,0.75,0.5,0.0,1.0,1.0,1.0,0.0,real,3,0.3701005025125628,0.8977386934673367,0.5793969849246231,0.4345477386934673,0.29226780889371484,0.6684547107396278
F001310,0.4376389444889332,0.951005025125628,0.8055555555555556,0.3469443332443555,0.0,1.0,1.0,1.0,0.0,real,3,0.3701005025125628,0.951005025125628,0.37613065326633166,0.2820979899497488,0.25465332314840533,0.787133026943764
F001311,0.0,0.3635678391959799,0.1944444444444444,0.3469443332443554,0.0,1.0,1.0,1.0,0.0,real,3,0.3701005025125628,0.3635678391959799,0.33341708542713566,0.25006281407035175,0.2467491666877099,0.36520141536829875
F001312,0.0,0.3635678391959799,0.4027777777777778,0.1734721666221777,0.0,1.0,1.0,1.0,0.0,real,3,0.3701005025125628,0.3635678391959799,0.08819095477386935,0.06614321608040201,0.20137000959571727,0.36399993055730917
F001313,0.0,0.3635678391959799,0.625,0.6614378277661477,0.25,1.0,1.0,1.0,0.25,real,3,0.8304020100502513,0.3635678391959799,0.8,0.6000000000000001,0.7473618090452262,0.6436683417085427
F001314,0.0,0.3635678391959799,0.3888888888888889,0.693888666488711,0.0,1.0,1.0,1.0,0.0,real,3,0.3701005025125628,0.3635678391959799,0.8351758793969849,0.6263819095477386,0.33959975758187927,0.36765978131865357
F001315,0.0,0.3635678391959799,0.0833333333333333,0.2886751345948128,0.5,1.0,1.0,1.0,0.5,real,3,0.9587939698492463,0.3635678391959799,0.228391959798995,0.17129396984924625,0.588887401833287,0.465526486073584
F001316,0.3779915320718537,0.9329145728643216,0.8333333333333333,0.5773502691896258,0.0,1.0,1.0,1.0,0.0,real,3,0.3701005025125628,0.9329145728643216,0.7276381909547739,0.5457286432160804,0.3196998813161284,0.6257708138683367
F001317,0.0,0.3635678391959799,0.2916666666666666,0.8036375634160796,0.0,1.0,1.0,1.0,0.0,real,3,0.3701005025125628,0.3635678391959799,0.914321608040201,0.6857412060301508,0.35424569455316784,0.3680475556172824
F001318,0.4376389444889332,0.951005025125628,0.8055555555555556,0.3469443332443555,0.0,1.0,1.0,1.0,0.0,real,3,0.3701005025125628,0.951005025125628,0.37613065326633166,0.2820979899497488,0.25465332314840533,0.787133026943764
F001319,0.0,0.3635678391959799,0.5416666666666666,0.3818813079129866,0.0,1.0,1.0,1.0,0.0,real,3,0.3701005025125628,0.3635678391959799,0.4236180904522613,0.31771356783919597,0.2634408853311785,0.36564335496578365
F001320,0.0,0.3635678391959799,0.4583333333333333,0.1443375672974064,0.0,1.0,1.0,1.0,0.0,real,3,0.3701005025125628,0.3635678391959799,0.06030150753768844,0.04522613065326633,0.1962090603772632,0.3638632862806495
F001321,0.0,0.3635678391959799,0.5972222222222222,0.393817968854384,0.0,1.0,1.0,1.0,0.0,real,3,0.3701005025125628,0.3635678391959799,0.48266331658291456,0.3619974874371859,0.27436721926213986,0.365932646902856
F001322,0.0,0.3635678391959799,0.4027777777777778,0.1734721666221777,0.25,1.0,1.0,1.0,0.25,real,3,0.8304020100502513,0.3635678391959799,0.08819095477386935,0.06614321608040201,0.4518179780813616,0.39444575263250925
F001323,0.0,0.3635678391959799,0.0,0.0,0.0,1.0,1.0,1.0,0.0,real,3,0.3701005025125628,0.3635678391959799,0.005527638190954774,0.004145728643216081,0.1860731420923714,0.363594921845408
F001324,0.0446581987385203,0.7701005025125628,0.6666666666666666,0.5773502691896258,0.0,1.0,1.0,1.0,0.0,real,3,0.3701005025125628,0.7701005025125628,0.7276381909547739,0.5457286432160804,0.3196998813161284,0.5518090452261306
F001325,0.0,0.3635678391959799,0.1388888888888888,0.2545875386086578,0.0,1.0,1.0,1.0,0.0,real,3,0.3701005025125628,0.3635678391959799,0.1771356783919598,0.13285175879396985,0.21782925304916542,0.3644357150071968
F001326,0.1564584167334001,0.842211055276382,0.7083333333333334,0.5204164998665332,0.25,1.0,1.0,1.0,0.25,real,3,0.8304020100502513,0.842211055276382,0.657035175879397,0.49277638190954776,0.6880026703871114,0.8363918366960431
F001327,0.0223290993692601,0.7540201005025126,0.5833333333333334,0.2886751345948129,0.0,1.0,1.0,1.0,0.0,real,3,0.3701005025125628,0.7540201005025126,0.26030150753768844,0.19522613065326633,0.2332191106285195,0.6790689629049772
F001328,0.0,0.3635678391959799,0.3888888888888889,0.693888666488711,0.0,1.0,1.0,1.0,0.0,real,3,0.3701005025125628,0.3635678391959799,0.8351758793969849,0.6263819095477386,0.33959975758187927,0.36765978131865357
F001329,0.0483797153000638,0.7836683417085427,0.6805555555555556,0.6254627916220946,0.25,1.0,1.0,1.0,0.25,real,3,0.8304020100502513,0.7836683417085427,0.7610552763819095,0.5707914572864321,0.7311919206585693,0.8103435203656473
F001330,0.0669872981077807,0.8050251256281407,0.75,0.8660254037844386,0.0,1.0,1.0,1.0,0.0,real,3,0.3701005025125628,0.8050251256281407,0.9349246231155779,0.7011934673366834,0.3580582876695033,0.5000588211156284
F001331,0.0446581987385203,0.7701005025125628,0.6666666666666666,0.5773502691896258,0.0,1.0,1.0,1.0,0.0,real,3,0.3701005025125628,0.7701005025125628,0.7276381909547739,0.5457286432160804,0.3196998813161284,0.5518090452261306
F001332,0.0,0.3635678391959799,0.1388888888888888,0.2545875386086578,0.0,1.0,1.0,1.0,0.0,real,3,0.3701005025125628,0.3635678391959799,0.1771356783919598,0.13285175879396985,0.21782925304916542,0.3644357150071968
F001333,0.0,0.3635678391959799,0.0,0.0,0.0,1.0,1.0,1.0,0.0,real,3,0.3701005025125628,0.3635678391959799,0.005527638190954774,0.004145728643216081,0.1860731420923714,0.363594921845408
F001334,0.0,0.3635678391959799,0.2361111111111111,0.2097176232019652,0.5,1.0,1.0,1.0,0.5,real,3,0.9587939698492463,0.3635678391959799,0.11708542713567839,0.0878140703517588,0.535527385672079,0.415837068508371
F001335,0.3009680169468978,0.9133165829145728,0.7777777777777778,0.5091750772173156,0.25,1.0,1.0,1.0,0.25,real,3,0.8304020100502513,0.9133165829145728,0.6321608040201006,0.4741206030150754,0.6776748061917629,0.8740050756294033
F001336,0.0,0.3635678391959799,0.2361111111111111,0.2097176232019652,0.0,1.0,1.0,1.0,0.0,real,3,0.3701005025125628,0.3635678391959799,0.11708542713567839,0.0878140703517588,0.20671693896618776,0.36414149895204667
F001337,0.5949284529178934,0.9836683417085428,0.8611111111111112,0.2545875386086578,0.0,1.0,1.0,1.0,0.0,real,3,0.3701005025125628,0.9836683417085428,0.1771356783919598,0.13285175879396985,0.21782925304916542,0.9021547751319412
F001338,0.0,0.3635678391959799,0.3611111111111111,0.2545875386086578,0.0,1.0,1.0,1.0,0.0,real,3,0.3701005025125628,0.3635678391959799,0.1771356783919598,0.13285175879396985,0.21782925304916542,0.3644357150071968
F001339,0.0,0.3635678391959799,0.5,0.5,0.0,1.0,1.0,1.0,0.0,real,3,0.3701005025125628,0.3635678391959799,0.5793969849246231,0.4345477386934673,0.29226780889371484,0.36640659326784675
F001340,0.0,0.3635678391959799,0.4166666666666667,0.2886751345948129,0.25,1.0,1.0,1.0,0.25,real,3,0.8304020100502513,0.3635678391959799,0.26030150753768844,0.19522613065326633,0.5232784525643291,0.45470606802858515
F001341,0.0,0.3635678391959799,0.0416666666666666,0.1443375672974064,0.0,1.0,1.0,1.0,0.0,real,3,0.3701005025125628,0.3635678391959799,0.06030150753768844,0.04522613065326633,0.1962090603772632,0.3638632862806495
F001342,0.1898569058357866,0.864321608040201,0.7222222222222222,0.5091750772173156,0.25,1.0,1.0,1.0,0.25,real,3,0.8304020100502513,0.864321608040201,0.6321608040201006,0.4741206030150754,0.6776748061917629,0.8482396277871771
F001343,0.0,0.3635678391959799,0.2361111111111111,0.2097176232019652,0.0,1.0,1.0,1.0,0.0,real,3,0.3701005025125628,0.3635678391959799,0.11708542713567839,0.0878140703517588,0.20671693896618776,0.36414149895204667
F001344,0.0,0.3635678391959799,0.4444444444444444,1.0183501544346312,0.5,1.0,1.0,1.0,0.5,real,3,0.9587939698492463,0.3635678391959799,0.9741206030150754,0.7305904522613066,0.946387464963006,0.7984343671876973
F001345,0.0,0.3635678391959799,0.4861111111111111,0.9141379262169074,0.0,1.0,1.0,1.0,0.0,real,3,0.3701005025125628,0.3635678391959799,0.9492462311557789,0.7119346733668341,0.3607085048357365,0.3682186687204868
F001346,0.0,0.3635678391959799,0.5972222222222222,0.393817968854384,0.0,1.0,1.0,1.0,0.0,real,3,0.3701005025125628,0.3635678391959799,0.48266331658291456,0.3619974874371859,0.27436721926213986,0.365932646902856
F001347,0.0,0.3635678391959799,0.4444444444444444,1.0183501544346312,0.0,1.0,1.0,1.0,0.0,real,3,0.3701005025125628,0.3635678391959799,0.9741206030150754,0.7305904522613066,0.36531151359814146,0.36834054064291305
F001348,0.0223290993692601,0.7540201005025126,0.5833333333333334,0.2886751345948129,0.0,1.0,1.0,1.0,0.0,real,3,0.3701005025125628,0.7540201005025126,0.26030150753768844,0.19522613065326633,0.2332191106285195,0.6790689629049772
F001349,0.0,0.3635678391959799,0.1388888888888888,0.2545875386086578,0.5,1.0,1.0,1.0,0.5,real,3,0.9587939698492463,0.3635678391959799,0.1771356783919598,0.13285175879396985,0.5643152950683064,0.44264467753339565
F001350,0.0,0.3635678391959799,0.3194444444444444,0.3757708127352411,0.0,1.0,1.0,1.0,0.0,real,3,0.3701005025125628,0.3635678391959799,0.3969849246231156,0.29773869346733667,0.2585124113027449,0.36551286583672127
F001351,0.0,0.3635678391959799,0.1388888888888888,0.2545875386086578,0.0,1.0,1.0,1.0,0.0,real,3,0.3701005025125628,0.3635678391959799,0.1771356783919598,0.13285175879396985,0.21782925304916542,0.3644357150071968
F001352,0.0,0.3635678391959799,0.5138888888888888,0.6787106512705898,0.5,1.0,1.0,1.0,0.5,real,3,0.9587939698492463,0.3635678391959799,0.828140703517588,0.6211055276381909,0.8764051412843111,0.7332660791394157
F001353,0.0,0.3635678391959799,0.3611111111111111,0.2545875386086578,0.0,1.0,1.0,1.0,0.0,real,3,0.3701005025125628,0.3635678391959799,0.1771356783919598,0.13285175879396985,0.21782925304916542,0.3644357150071968
F001354,0.0,0.3635678391959799,0.0416666666666666,0.1443375672974064,0.25,1.0,1.0,1.0,0.25,real,3,0.8304020100502513,0.3635678391959799,0.06030150753768844,0.04522613065326633,0.4402382515593041,0.3846809424004444
F001355,0.0,0.3635678391959799,0.5277777777777778,0.8221471437193746,0.25,1.0,1.0,1.0,0.25,real,3,0.8304020100502513,0.3635678391959799,0.9208542713567839,0.6906407035175879,0.7975406239741422,0.6859825193808237
F001356,0.1371617270419147,0.8188442211055277,0.6527777777777778,0.3367876570272817,0.25,1.0,1.0,1.0,0.25,real,3,0.8304020100502513,0.8188442211055277,0.3005025125628141,0.22537688442211057,0.5399699502537815,0.8214490795686978
F001357,0.3779915320718537,0.9329145728643216,0.8333333333333333,0.5773502691896258,0.0,1.0,1.0,1.0,0.0,real,3,0.3701005025125628,0.9329145728643216,0.7276381909547739,0.5457286432160804,0.3196998813161284,0.6257708138683367
F001358,0.0,0.3635678391959799,0.2777777777777778,0.5091750772173156,0.0,1.0,1.0,1.0,0.0,real,3,0.3701005025125628,0.3635678391959799,0.6321608040201006,0.4741206030150754,0.3020317668745739,0.36666510946693265
F001359,0.0,0.3635678391959799,0.4722222222222222,0.9179284245476838,0.0,1.0,1.0,1.0,0.0,real,3,0.3701005025125628,0.3635678391959799,0.9555276381909548,0.7166457286432161,0.36187088078583873,0.3682494444584733
F001360,0.0,0.3635678391959799,0.375,0.25,0.0,1.0,1.0,1.0,0.0,real,3,0.3701005025125628,0.3635678391959799,0.1349246231155779,0.10119346733668343,0.21001808666447816,0.36422890204792807
F001361,0.0,0.3635678391959799,0.1527777777777777,0.3367876570272816,0.0,1.0,1.0,1.0,0.0,real,3,0.3701005025125628,0.3635678391959799,0.2947236180904523,0.22104271356783922,0.23958893083507993,0.3650118368223024
F001362,0.0,0.3635678391959799,0.3611111111111111,0.2545875386086578,0.25,1.0,1.0,1.0,0.25,real,3,0.8304020100502513,0.3635678391959799,0.1771356783919598,0.13285175879396985,0.48874791671927476,0.42558757985909446
F001363,0.1706553760958049,0.8447236180904523,0.7777777777777777,0.769800358919501,0.5,1.0,1.0,1.0,0.5,real,3,0.9587939698492463,0.8447236180904523,0.9007537688442211,0.6755653266331658,0.9112156258680336,0.921785592535542
F001364,0.0,0.3635678391959799,0.6388888888888888,0.7515416254704823,0.0,1.0,1.0,1.0,0.0,real,3,0.3701005025125628,0.3635678391959799,0.8728643216080402,0.6546482412060302,0.3465740132824929,0.3678444357465721
F001365,0.0,0.3635678391959799,0.125,0.25,0.0,1.0,1.0,1.0,0.0,real,3,0.3701005025125628,0.3635678391959799,0.1349246231155779,0.10119346733668343,0.21001808666447816,0.36422890204792807
F001366,0.0,0.3635678391959799,0.125,0.25,0.0,1.0,1.0,1.0,0.0,real,3,0.3701005025125628,0.3635678391959799,0.1349246231155779,0.10119346733668343,0.21001808666447816,0.36422890204792807
F001367,0.0,0.3635678391959799,0.1388888888888888,0.2545875386086578,0.0,1.0,1.0,1.0,0.0,real,3,0.3701005025125628,0.3635678391959799,0.1771356783919598,0.13285175879396985,0.21782925304916542,0.3644357150071968
F001368,0.0,0.3635678391959799,0.4444444444444444,0.5357583756107198,0.0,1.0,1.0,1.0,0.0,real,3,0.3701005025125628,0.3635678391959799,0.6912060301507538,0.5184045226130654,0.3129581008055352,0.3669544014040049
F001369,0.0,0.3635678391959799,0.4166666666666667,1.0408329997330663,0.0,1.0,1.0,1.0,0.0,real,3,0.3701005025125628,0.3635678391959799,0.9811557788944724,0.7358668341708543,0.366613374662256,0.3683750094694579
F001370,0.0,0.3635678391959799,0.375,0.25,0.0,1.0,1.0,1.0,0.0,real,3,0.3701005025125628,0.3635678391959799,0.1349246231155779,0.10119346733668343,0.21001808666447816,0.36422890204792807
F001371,0.3009680169468978,0.9133165829145728,0.7777777777777778,0.5091750772173156,0.5,1.0,1.0,1.0,0.5,real,3,0.9587939698492463,0.9133165829145728,0.6321608040201006,0.4741206030150754,0.7824529683593849,0.9348783490315902
F001372,0.0,0.3635678391959799,0.5416666666666666,0.3818813079129866,0.0,1.0,1.0,1.0,0.0,real,3,0.3701005025125628,0.3635678391959799,0.4236180904522613,0.31771356783919597,0.2634408853311785,0.36564335496578365
F001373,0.0,0.3635678391959799,0.1388888888888888,0.2545875386086578,0.0,1.0,1.0,1.0,0.0,real,3,0.3701005025125628,0.3635678391959799,0.1771356783919598,0.13285175879396985,0.21782925304916542,0.3644357150071968
F001374,0.0,0.3635678391959799,0.1944444444444444,0.3469443332443554,0.0,1.0,1.0,1.0,0.0,real,3,0.3701005025125628,0.3635678391959799,0.33341708542713566,0.25006281407035175,0.2467491666877099,0.36520141536829875
F001375,0.1504840084734488,0.8346733668341708,0.6388888888888888,0.2545875386086578,0.0,1.0,1.0,1.0,0.0,real,3,0.3701005025125628,0.8346733668341708,0.1771356783919598,0.13285175879396985,0.21782925304916542,0.7729540447210929
F001376,0.0,0.3635678391959799,0.25,0.5,0.0,1.0,1.0,1.0,0.0,real,3,0.3701005025125628,0.3635678391959799,0.5793969849246231,0.4345477386934673,0.29226780889371484,0.36640659326784675
F001377,0.0,0.3635678391959799,0.3333333333333333,0.5773502691896258,0.25,1.0,1.0,1.0,0.25,real,3,0.8304020100502513,0.3635678391959799,0.7276381909547739,0.5457286432160804,0.7173171132042121,0.6183326178631853
F001378,0.2224894150898172,0.8839195979899498,0.7916666666666667,0.7216878364870323,0.5,1.0,1.0,1.0,0.5,real,3,0.9587939698492463,0.8839195979899498,0.857286432160804,0.642964824120603,0.8903775157193,0.9320611853236029
F001379,0.0,0.3635678391959799,0.1111111111111111,0.3849001794597505,0.0,1.0,1.0,1.0,0.0,real,3,0.3701005025125628,0.3635678391959799,0.4492462311557789,0.33693467336683414,0.2681833792075958,0.3657689199767683
F001380,0.0,0.3635678391959799,0.1944444444444444,0.3469443332443554,0.0,1.0,1.0,1.0,0.0,real,3,0.3701005025125628,0.3635678391959799,0.33341708542713566,0.25006281407035175,0.2467491666877099,0.36520141536829875
F001381,0.0,0.3635678391959799,0.2916666666666666,0.5204164998665332,0.25,1.0,1.0,1.0,0.25,real,3,0.8304020100502513,0.3635678391959799,0.657035175879397,0.49277638190954776,0.6880026703871114,0.5936126928612915
F001382,0.0,0.3635678391959799,0.4861111111111111,0.4589642122738419,0.25,1.0,1.0,1.0,0.25,real,3,0.8304020100502513,0.3635678391959799,0.5329145728643216,0.39968592964824123,0.6364676712709275,0.5501548887654353
F001383,0.01116454968463,0.7346733668341708,0.5416666666666666,0.1443375672974064,0.0,1.0,1.0,1.0,0.0,real,3,0.3701005025125628,0.7346733668341708,0.06030150753768844,0.04522613065326633,0.1962090603772632,0.7181851468397262
F001384,0.0,0.3635678391959799,0.5972222222222222,0.393817968854384,0.0,1.0,1.0,1.0,0.0,real,3,0.3701005025125628,0.3635678391959799,0.48266331658291456,0.3619974874371859,0.27436721926213986,0.365932646902856
F001385,0.0,0.3635678391959799,0.1111111111111111,0.3849001794597505,0.0,1.0,1.0,1.0,0.0,real,3,0.3701005025125628,0.3635678391959799,0.4492462311557789,0.33693467336683414,0.2681833792075958,0.3657689199767683
F001386,0.0,0.3635678391959799,0.3472222222222222,0.3367876570272817,0.0,1.0,1.0,1.0,0.0,real,3,0.3701005025125628,0.3635678391959799,0.3005025125628141,0.22537688442211057,0.240658316709174,0.36504015050125
F001387,0.0,0.3635678391959799,0.4305555555555555,0.9871864246620478,0.0,1.0,1.0,1.0,0.0,real,3,0.3701005025125628,0.3635678391959799,0.9628140703517588,0.7221105527638191,0.36321923688795743,0.3682851443145375
F001388,0.0,0.3635678391959799,0.3194444444444444,0.3757708127352411,0.0,1.0,1.0,1.0,0.0,real,3,0.3701005025125628,0.3635678391959799,0.3969849246231156,0.29773869346733667,0.2585124113027449,0.36551286583672127
F001389,0.0,0.3635678391959799,0.2777777777777778,0.5091750772173156,0.0,1.0,1.0,1.0,0.0,real,3,0.3701005025125628,0.3635678391959799,0.6321608040201006,0.4741206030150754,0.3020317668745739,0.36666510946693265
F001390,0.0,0.3635678391959799,0.4583333333333333,0.1443375672974064,0.0,1.0,1.0,1.0,0.0,real,3,0.3701005025125628,0.3635678391959799,0.06030150753768844,0.04522613065326633,0.1962090603772632,0.3638632862806495
F001391,0.0,0.3635678391959799,0.3055555555555556,0.6735753140545634,0.5,1.0,1.0,1.0,0.5,real,3,0.9587939698492463,0.3635678391959799,0.8160804020100503,0.6120603015075377,0.8706234691043155,0.7278821241887831
F001392,0.0,0.3635678391959799,0.5555555555555556,0.5357583756107197,0.0,1.0,1.0,1.0,0.0,real,3,0.3701005025125628,0.3635678391959799,0.6798994974874372,0.5099246231155778,0.31086582409535113,0.3668990050756294
F001393,0.0,0.3635678391959799,0.5416666666666666,0.3818813079129866,0.5,1.0,1.0,1.0,0.5,real,3,0.9587939698492463,0.3635678391959799,0.4236180904522613,0.31771356783919597,0.6824782202469635,0.5526792568369485
F001394,0.0,0.3635678391959799,0.2777777777777778,0.5091750772173156,0.25,1.0,1.0,1.0,0.25,real,3,0.8304020100502513,0.3635678391959799,0.6321608040201006,0.4741206030150754,0.6776748061917629,0.5849035377894498
F001395,0.1504840084734488,0.8346733668341708,0.6388888888888888,0.2545875386086578,0.0,1.0,1.0,1.0,0.0,real,3,0.3701005025125628,0.8346733668341708,0.1771356783919598,0.13285175879396985,0.21782925304916542,0.7729540447210929
F001396,0.0,0.3635678391959799,0.3888888888888889,1.0715167512214396,0.25,1.0,1.0,1.0,0.25,real,3,0.8304020100502513,0.3635678391959799,0.9849246231155779,0.7386934673366834,0.8241426984167067,0.7084151915355673
F001397,0.5853276880479024,0.9761306532663316,0.8888888888888888,0.3849001794597506,0.0,1.0,1.0,1.0,0.0,real,3,0.3701005025125628,0.9761306532663316,0.45879396984924625,0.3440954773869347,0.26995019065175124,0.7675984192318376
F001398,0.0483797153000638,0.7836683417085427,0.6805555555555556,0.6254627916220946,0.5,1.0,1.0,1.0,0.5,real,3,0.9587939698492463,0.7836683417085427,0.7610552763819095,0.5707914572864321,0.8442445897830864,0.8836285542031768
F001399,0.0,0.3635678391959799,0.2916666666666666,0.5204164998665332,0.0,1.0,1.0,1.0,0.0,real,3,0.3701005025125628,0.3635678391959799,0.657035175879397,0.49277638190954776,0.30663477563697883,0.36678698138935883
F001400,0.0,0.3635678391959799,0.3194444444444444,0.3757708127352411,0.0,1.0,1.0,1.0,0.0,real,3,0.3701005025125628,0.3635678391959799,0.3969849246231156,0.29773869346733667,0.2585124113027449,0.36551286583672127
F001401,0.0,0.3635678391959799,0.5555555555555556,0.5357583756107197,0.0,1.0,1.0,1.0,0.0,real,3,0.3701005025125628,0.3635678391959799,0.6798994974874372,0.5099246231155778,0.31086582409535113,0.3668990050756294
F001402,0.5334936490538904,0.9678391959798996,0.875,0.4330127018922193,0.0,1.0,1.0,1.0,0.0,real,3,0.3701005025125628,0.9678391959798996,0.5271356783919598,0.3953517587939699,0.28259684098886395,0.7315221522183784
F001403,0.0,0.3635678391959799,0.4166666666666667,0.7637626158259733,0.25,1.0,1.0,1.0,0.25,real,3,0.8304020100502513,0.3635678391959799,0.8902010050251257,0.6676507537688443,0.7848133569859347,0.6752500252518876
F001404,0.0521012318616071,0.7947236180904522,0.6944444444444444,0.6735753140545634,0.0,1.0,1.0,1.0,0.0,real,3,0.3701005025125628,0.7947236180904522,0.8160804020100503,0.6120603015075377,0.33606613469356833,0.5348286659427792
F001405,0.3779915320718537,0.9329145728643216,0.8333333333333333,0.5773502691896258,0.0,1.0,1.0,1.0,0.0,real,3,0.3701005025125628,0.9329145728643216,0.7276381909547739,0.5457286432160804,0.3196998813161284,0.6257708138683367
F001406,0.0,0.3635678391959799,0.4027777777777778,0.6364688465216445,0.0,1.0,1.0,1.0,0.0,real,3,0.3701005025125628,0.3635678391959799,0.7829145728643216,0.5871859296482412,0.3299287896770284,0.3674037271786066
F001407,0.0,0.3635678391959799,0.5972222222222222,0.8832285053102581,0.0,1.0,1.0,1.0,0.0,real,3,0.3701005025125628,0.3635678391959799,0.9422110552763819,0.7066582914572864,0.35940664377162196,0.3681841998939421
F001408,0.0,0.3635678391959799,0.3055555555555556,0.3469443332443555,0.25,1.0,1.0,1.0,0.25,real,3,0.8304020100502513,0.3635678391959799,0.37613065326633166,0.2820979899497488,0.5713708302820636,0.49526082043382746
F001409,0.0,0.3635678391959799,0.5277777777777778,0.4194352464039305,0.0,1.0,1.0,1.0,0.0,real,3,0.3701005025125628,0.3635678391959799,0.5165829145728643,0.38743718592964826,0.2806440493926921,0.36609883588798264
F001410,0.0,0.3635678391959799,0.4444444444444444,1.0183501544346312,0.0,1.0,1.0,1.0,0.0,real,3,0.3701005025125628,0.3635678391959799,0.9741206030150754,0.7305904522613066,0.36531151359814146,0.36834054064291305
F001411,0.0,0.3635678391959799,0.5416666666666666,0.3818813079129866,0.0,1.0,1.0,1.0,0.0,real,3,0.3701005025125628,0.3635678391959799,0.4236180904522613,0.31771356783919597,0.2634408853311785,0.36564335496578365
F001412,0.2224894150898172,0.8839195979899498,0.7916666666666667,0.7216878364870323,0.0,1.0,1.0,1.0,0.0,real,3,0.3701005025125628,0.8839195979899498,0.857286432160804,0.642964824120603,0.3436913209262392,0.5535519936365244
F001413,0.0,0.3635678391959799,0.4722222222222222,0.4194352464039305,0.0,1.0,1.0,1.0,0.0,real,3,0.3701005025125628,0.3635678391959799,0.5165829145728643,0.38743718592964826,0.2806440493926921,0.36609883588798264
F001414,0.7188194722444669,0.9934673366834172,0.902777777777778,0.1734721666221776,0.5,1.0,1.0,1.0,0.5,real,3,0.9587939698492463,0.9934673366834172,0.07839195979899498,0.05879396984924623,0.5169778540945936,0.9914287517991972
F001415,0.0,0.3635678391959799,0.1666666666666666,0.5773502691896258,0.25,1.0,1.0,1.0,0.25,real,3,0.8304020100502513,0.3635678391959799,0.7276381909547739,0.5457286432160804,0.7173171132042121,0.6183326178631853
F001416,0.3009680169468978,0.9133165829145728,0.7777777777777778,0.5091750772173156,0.0,1.0,1.0,1.0,0.0,real,3,0.3701005025125628,0.9133165829145728,0.6321608040201006,0.4741206030150754,0.3020317668745739,0.6557666473068862
F001417,0.0,0.3635678391959799,0.25,0.5,0.0,1.0,1.0,1.0,0.0,real,3,0.3701005025125628,0.3635678391959799,0.5793969849246231,0.4345477386934673,0.29226780889371484,0.36640659326784675
F001418,0.0,0.3635678391959799,0.2777777777777778,0.5091750772173156,0.0,1.0,1.0,1.0,0.0,real,3,0.3701005025125628,0.3635678391959799,0.6321608040201006,0.4741206030150754,0.3020317668745739,0.36666510946693265
F001419,0.0,0.3635678391959799,0.0555555555555555,0.1924500897298752,0.0,1.0,1.0,1.0,0.0,real,3,0.3701005025125628,0.3635678391959799,0.1,0.07500000000000001,0.20355527638190957,0.3640577889447236
F001420,0.0,0.3635678391959799,0.4027777777777778,0.6364688465216445,0.25,1.0,1.0,1.0,0.25,real,3,0.8304020100502513,0.3635678391959799,0.7829145728643216,0.5871859296482412,0.740267922527209,0.6376862958006111
F001421,0.0,0.3635678391959799,0.2638888888888888,0.4110735718596873,0.0,1.0,1.0,1.0,0.0,real,3,0.3701005025125628,0.3635678391959799,0.507035175879397,0.3802763819095477,0.27887723794853664,0.3660520567662433
F001422,0.0,0.3635678391959799,0.25,0.5,0.0,1.0,1.0,1.0,0.0,real,3,0.3701005025125628,0.3635678391959799,0.5793969849246231,0.4345477386934673,0.29226780889371484,0.36640659326784675
F001423,0.0,0.3635678391959799,0.25,0.5,0.25,1.0,1.0,1.0,0.25,real,3,0.8304020100502513,0.3635678391959799,0.5793969849246231,0.4345477386934673,0.6557672154743568,0.5664295724855433
F001424,0.0,0.3635678391959799,0.4166666666666667,0.2886751345948129,0.0,1.0,1.0,1.0,0.0,real,3,0.3701005025125628,0.3635678391959799,0.26030150753768844,0.19522613065326633,0.2332191106285195,0.3648431857781369
F001425,0.0,0.3635678391959799,0.125,0.25,0.0,1.0,1.0,1.0,0.0,real,3,0.3701005025125628,0.3635678391959799,0.1349246231155779,0.10119346733668343,0.21001808666447816,0.36422890204792807
F001426,0.0,0.3635678391959799,0.2222222222222222,0.5091750772173156,0.0,1.0,1.0,1.0,0.0,real,3,0.3701005025125628,0.3635678391959799,0.6321608040201006,0.4741206030150754,0.3020317668745739,0.36666510946693265
F001427,0.0,0.3635678391959799,0.25,0.5,0.0,1.0,1.0,1.0,0.0,real,3,0.3701005025125628,0.3635678391959799,0.5793969849246231,0.4345477386934673,0.29226780889371484,0.36640659326784675
F001428,0.0,0.3635678391959799,0.3055555555555556,0.6735753140545634,0.0,1.0,1.0,1.0,0.0,real,3,0.3701005025125628,0.3635678391959799,0.8160804020100503,0.6120603015075377,0.33606613469356833,0.36756622307517484
F001429,0.0,0.3635678391959799,0.0416666666666666,0.1443375672974064,0.25,1.0,1.0,1.0,0.25,real,3,0.8304020100502513,0.3635678391959799,0.06030150753768844,0.04522613065326633,0.4402382515593041,0.3846809424004444
F001430,0.0,0.3635678391959799,0.375,0.25,0.0,1.0,1.0,1.0,0.0,real,3,0.3701005025125628,0.3635678391959799,0.1349246231155779,0.10119346733668343,0.21001808666447816,0.36422890204792807
F001431,0.0,0.3635678391959799,0.625,0.6614378277661477,0.75,1.0,1.0,1.0,0.75,real,3,0.9987437185929648,0.3635678391959799,0.8,0.6000000000000001,0.8988693467336684,0.744673366834171
F001432,0.0,0.3635678391959799,0.4166666666666667,0.7637626158259733,0.0,1.0,1.0,1.0,0.0,real,3,0.3701005025125628,0.3635678391959799,0.8902010050251257,0.6676507537688443,0.34978217090477515,0.36792937678341453
F001433,0.0446581987385203,0.7701005025125628,0.6666666666666666,0.5773502691896258,0.0,1.0,1.0,1.0,0.0,real,3,0.3701005025125628,0.7701005025125628,0.7276381909547739,0.5457286432160804,0.3196998813161284,0.5518090452261306
F001434,0.0,0.3635678391959799,0.1388888888888888,0.2545875386086578,0.0,1.0,1.0,1.0,0.0,real,3,0.3701005025125628,0.3635678391959799,0.1771356783919598,0.13285175879396985,0.21782925304916542,0.3644357150071968
F001435,0.0,0.3635678391959799,0.1944444444444444,0.3469443332443554,0.25,1.0,1.0,1.0,0.25,real,3,0.8304020100502513,0.3635678391959799,0.33341708542713566,0.25006281407035175,0.5536361139870205,0.48030570566399833
F001436,0.0,0.3635678391959799,0.5972222222222222,0.393817968854384,0.0,1.0,1.0,1.0,0.0,real,3,0.3701005025125628,0.3635678391959799,0.48266331658291456,0.3619974874371859,0.27436721926213986,0.365932646902856
F001437,0.0,0.3635678391959799,0.4861111111111111,0.2926570486903539,0.5,1.0,1.0,1.0,0.5,real,3,0.9587939698492463,0.3635678391959799,0.2904522613065327,0.2178391959798995,0.6186389232595136,0.4932314209237141
F001438,0.4376389444889332,0.951005025125628,0.8055555555555556,0.3469443332443555,0.0,1.0,1.0,1.0,0.0,real,3,0.3701005025125628,0.951005025125628,0.37613065326633166,0.2820979899497488,0.25465332314840533,0.787133026943764
F001439,0.0,0.3635678391959799,0.0972222222222221,0.1734721666221776,0.0,1.0,1.0,1.0,0.0,real,3,0.3701005025125628,0.3635678391959799,0.07839195979899498,0.05879396984924623,0.19955670311355775,0.36395192040605034
F001440,0.0,0.3635678391959799,0.5972222222222222,0.393817968854384,0.0,1.0,1.0,1.0,0.0,real,3,0.3701005025125628,0.3635678391959799,0.48266331658291456,0.3619974874371859,0.27436721926213986,0.365932646902856
F001441,0.01116454968463,0.7346733668341708,0.5416666666666666,0.1443375672974064,0.25,1.0,1.0,1.0,0.25,real,3,0.8304020100502513,0.7346733668341708,0.06030150753768844,0.04522613065326633,0.4402382515593041,0.7390028029595213
F001442,0.0,0.3635678391959799,0.375,1.0897247358851685,0.25,1.0,1.0,1.0,0.25,real,3,0.8304020100502513,0.3635678391959799,0.9899497487437185,0.7424623115577889,0.8262291356278881,0.710174616802606
F001443,0.0,0.3635678391959799,0.375,1.0897247358851685,0.0,1.0,1.0,1.0,0.0,real,3,0.3701005025125628,0.3635678391959799,0.9899497487437185,0.7424623115577889,0.3682407009923992,0.3684180955026388
F001444,0.0,0.3635678391959799,0.5277777777777778,0.8221471437193746,0.25,1.0,1.0,1.0,0.25,real,3,0.8304020100502513,0.3635678391959799,0.9208542713567839,0.6906407035175879,0.7975406239741422,0.6859825193808237
F001445,0.0,0.3635678391959799,0.1388888888888888,0.2545875386086578,0.0,1.0,1.0,1.0,0.0,real,3,0.3701005025125628,0.3635678391959799,0.1771356783919598,0.13285175879396985,0.21782925304916542,0.3644357150071968
F001446,0.0,0.3635678391959799,0.4305555555555555,0.4738533919231106,0.0,1.0,1.0,1.0,0.0,real,3,0.3701005025125628,0.3635678391959799,0.535427135678392,0.40157035175879396,0.2841311772429989,0.3661911631019419
F001447,0.0,0.3635678391959799,0.375,1.0897247358851685,0.5,1.0,1.0,1.0,0.5,real,3,0.9587939698492463,0.3635678391959799,0.9899497487437185,0.7424623115577889,0.9539759096992501,0.8055008080604025
F001448,0.1077083611333555,0.8103015075376885,0.5972222222222222,0.1734721666221776,0.0,1.0,1.0,1.0,0.0,real,3,0.3701005025125628,0.8103015075376885,0.07839195979899498,0.05879396984924623,0.19955670311355775,0.7844203429206333
F001449,0.0,0.3635678391959799,0.2222222222222222,0.0962250448649376,0.0,1.0,1.0,1.0,0.0,real,3,0.3701005025125628,0.3635678391959799,0.021105527638190954,0.015829145728643215,0.18895583444862502,0.3636712456756142
F001450,0.0,0.3635678391959799,0.1944444444444444,0.3469443332443554,0.0,1.0,1.0,1.0,0.0,real,3,0.3701005025125628,0.3635678391959799,0.33341708542713566,0.25006281407035175,0.2467491666877099,0.36520141536829875
F001451,0.0,0.3635678391959799,0.2916666666666666,0.3818813079129867,0.0,1.0,1.0,1.0,0.0,real,3,0.3701005025125628,0.3635678391959799,0.4402010050251256,0.3301507537688442,0.2665095578394485,0.36572460291406783
F001452,0.0,0.3635678391959799,0.4166666666666667,0.2886751345948129,0.0,1.0,1.0,1.0,0.0,real,3,0.3701005025125628,0.3635678391959799,0.26030150753768844,0.19522613065326633,0.2332191106285195,0.3648431857781369
F001453,0.0,0.3635678391959799,0.4027777777777778,0.6364688465216445,0.0,1.0,1.0,1.0,0.0,real,3,0.3701005025125628,0.3635678391959799,0.7829145728643216,0.5871859296482412,0.3299287896770284,0.3674037271786066
F001454,0.0,0.3635678391959799,0.1944444444444444,0.3469443332443554,0.0,1.0,1.0,1.0,0.0,real,3,0.3701005025125628,0.3635678391959799,0.33341708542713566,0.25006281407035175,0.2467491666877099,0.36520141536829875
F001455,0.25,0.8977386934673367,0.75,0.5,0.5,1.0,1.0,1.0,0.5,real,3,0.9587939698492463,0.8977386934673367,0.5793969849246231,0.4345477386934673,0.7571581525719048,0.9242701257544002
F001456,0.0,0.3635678391959799,0.2083333333333333,0.3818813079129866,0.25,1.0,1.0,1.0,0.25,real,3,0.8304020100502513,0.3635678391959799,0.4236180904522613,0.31771356783919597,0.5910876619277291,0.5118873892073432
F001457,0.3779915320718537,0.9329145728643216,0.8333333333333333,0.5773502691896258,0.0,1.0,1.0,1.0,0.0,real,3,0.3701005025125628,0.9329145728643216,0.7276381909547739,0.5457286432160804,0.3196998813161284,0.6257708138683367
F001458,0.0,0.3635678391959799,0.4583333333333333,0.6291528696058959,0.0,1.0,1.0,1.0,0.0,real,3,0.3701005025125628,0.3635678391959799,0.7713567839195979,0.5785175879396984,0.3277900179288402,0.36734709982071156
F001459,0.3779915320718537,0.9329145728643216,0.8333333333333333,0.5773502691896258,0.25,1.0,1.0,1.0,0.25,real,3,0.8304020100502513,0.9329145728643216,0.7276381909547739,0.5457286432160804,0.7173171132042121,0.8769705310471958
F001460,0.0,0.3635678391959799,0.2222222222222222,0.5091750772173156,0.0,1.0,1.0,1.0,0.0,real,3,0.3701005025125628,0.3635678391959799,0.6321608040201006,0.4741206030150754,0.3020317668745739,0.36666510946693265
F001461,0.0446581987385203,0.7701005025125628,0.6666666666666666,0.5773502691896258,0.0,1.0,1.0,1.0,0.0,real,3,0.3701005025125628,0.7701005025125628,0.7276381909547739,0.5457286432160804,0.3196998813161284,0.5518090452261306
F001462,0.0,0.3635678391959799,0.2638888888888888,0.2097176232019653,0.25,1.0,1.0,1.0,0.25,real,3,0.8304020100502513,0.3635678391959799,0.12688442211055276,0.09516331658291458,0.4678835446074594,0.4079933271887074
F001463,0.5853276880479024,0.9761306532663316,0.8888888888888888,0.3849001794597506,0.25,1.0,1.0,1.0,0.25,real,3,0.8304020100502513,0.9761306532663316,0.45879396984924625,0.3440954773869347,0.6056927224059999,0.9259860862099442
F001464,0.7926638440239513,0.9952261306532664,0.9444444444444444,0.1924500897298752,0.0,1.0,1.0,1.0,0.0,real,3,0.3701005025125628,0.9952261306532664,0.1,0.07500000000000001,0.20355527638190957,0.9483417085427137
F001465,0.0,0.3635678391959799,0.2083333333333333,0.5204164998665333,0.0,1.0,1.0,1.0,0.0,real,3,0.3701005025125628,0.3635678391959799,0.6665829145728643,0.49993718592964825,0.3084015870811343,0.36683376051109823
F001466,0.0,0.3635678391959799,0.1944444444444444,0.3469443332443554,0.0,1.0,1.0,1.0,0.0,real,3,0.3701005025125628,0.3635678391959799,0.33341708542713566,0.25006281407035175,0.2467491666877099,0.36520141536829875
F001467,0.0,0.3635678391959799,0.2361111111111111,0.2097176232019652,0.0,1.0,1.0,1.0,0.0,real,3,0.3701005025125628,0.3635678391959799,0.11708542713567839,0.0878140703517588,0.20671693896618776,0.36414149895204667
F001468,0.0,0.3635678391959799,0.4166666666666667,0.2886751345948129,0.0,1.0,1.0,1.0,0.0,real,3,0.3701005025125628,0.3635678391959799,0.26030150753768844,0.19522613065326633,0.2332191106285195,0.3648431857781369
F001469,0.3009680169468978,0.9133165829145728,0.7777777777777778,0.5091750772173156,0.0,1.0,1.0,1.0,0.0,real,3,0.3701005025125628,0.9133165829145728,0.6321608040201006,0.4741206030150754,0.3020317668745739,0.6557666473068862
F001470,0.0,0.3635678391959799,0.5555555555555556,0.5357583756107197,0.0,1.0,1.0,1.0,0.0,real,3,0.3701005025125628,0.3635678391959799,0.6798994974874372,0.5099246231155778,0.31086582409535113,0.3668990050756294
F001471,0.1504840084734488,0.8346733668341708,0.6388888888888888,0.2545875386086578,0.25,1.0,1.0,1.0,0.25,real,3,0.8304020100502513,0.8346733668341708,0.1771356783919598,0.13285175879396985,0.48874791671927476,0.8341059095729906
F001472,0.0,0.3635678391959799,0.5416666666666666,0.6291528696058959,0.0,1.0,1.0,1.0,0.0,real,3,0.3701005025125628,0.3635678391959799,0.7713567839195979,0.5785175879396984,0.3277900179288402,0.36734709982071156
F001473,0.0,0.3635678391959799,0.5138888888888888,0.2926570486903538,0.0,1.0,1.0,1.0,0.0,real,3,0.3701005025125628,0.3635678391959799,0.2829145728643216,0.21218592964824118,0.23740366404888766,0.364953978434888
F001474,0.0,0.3635678391959799,0.3472222222222222,0.6988747569671736,0.0,1.0,1.0,1.0,0.0,real,3,0.3701005025125628,0.3635678391959799,0.8437185929648241,0.6327889447236181,0.34118058887401836,0.3677016363223151
F001475,0.5334936490538904,0.9678391959798996,0.875,0.4330127018922193,0.25,1.0,1.0,1.0,0.25,real,3,0.8304020100502513,0.9678391959798996,0.5271356783919598,0.3953517587939699,0.6340682684780687,0.9135031627989192
F001476,0.1898569058357866,0.864321608040201,0.7222222222222222,0.5091750772173156,0.5,1.0,1.0,1.0,0.5,real,3,0.9587939698492463,0.864321608040201,0.6321608040201006,0.4741206030150754,0.7824529683593849,0.9091129011893639
F001477,0.0,0.3635678391959799,0.1805555555555555,0.1272937693043289,0.0,1.0,1.0,1.0,0.0,real,3,0.3701005025125628,0.3635678391959799,0.03869346733668342,0.029020100502512566,0.1922104871089114,0.36375741774197623
F001478,0.0219364186574703,0.7472361809045226,0.6527777777777778,0.5672382737961704,0.25,1.0,1.0,1.0,0.25,real,3,0.8304020100502513,0.7472361809045226,0.7017587939698492,0.5263190954773869,0.7065719615666272,0.7910079448751294
F001479,0.0,0.3635678391959799,0.2777777777777778,0.0962250448649376,0.25,1.0,1.0,1.0,0.25,real,3,0.8304020100502513,0.3635678391959799,0.021105527638190954,0.015829145728643215,0.42396404131208804,0.37095742531754244
F001480,0.0446581987385203,0.7701005025125628,0.6666666666666666,0.5773502691896258,0.0,1.0,1.0,1.0,0.0,real,3,0.3701005025125628,0.7701005025125628,0.7276381909547739,0.5457286432160804,0.3196998813161284,0.5518090452261306
F001481,0.0,0.3635678391959799,0.1805555555555555,0.3757708127352412,0.5,1.0,0.5,0.5,0.5,real,3,0.9587939698492463,0.3635678391959799,0.40804020100502514,0.1530150753768844,0.3375051135072347,0.4546464104441807
F001482,0.0,0.3635678391959799,0.3333333333333333,1.1547005383792517,0.0,1.0,1.0,1.0,0.0,real,3,0.3701005025125628,0.3635678391959799,0.9967336683417085,0.7475502512562814,0.3694960670185096,0.3684513332996642
F001483,0.0,0.3635678391959799,0.2777777777777778,0.5091750772173156,0.0,1.0,1.0,1.0,0.0,real,3,0.3701005025125628,0.3635678391959799,0.6321608040201006,0.4741206030150754,0.3020317668745739,0.36666510946693265
F001484,0.1485783278408043,0.8238693467336683,0.7361111111111112,0.6472877887628358,0.5,1.0,0.5,0.5,0.5,real,3,0.9587939698492463,0.8238693467336683,0.7924623115577889,0.29717336683417084,0.42965051387591224,0.8639653512537562
F001485,0.3779915320718537,0.9329145728643216,0.8333333333333333,0.5773502691896258,0.25,1.0,1.0,1.0,0.25,real,3,0.8304020100502513,0.9329145728643216,0.7276381909547739,0.5457286432160804,0.7173171132042121,0.8769705310471958
F001486,0.0,0.3635678391959799,0.6111111111111112,0.6309898162000305,0.0,1.0,1.0,1.0,0.0,real,3,0.3701005025125628,0.3635678391959799,0.7751256281407035,0.5813442211055276,0.3284874434989016,0.36736556526350345
F001487,0.0,0.3635678391959799,0.5277777777777778,0.5853140973807078,0.0,1.0,1.0,1.0,0.0,real,3,0.3701005025125628,0.3635678391959799,0.750251256281407,0.5626884422110552,0.32388443473649653,0.36724369334107726
F001488,0.1504840084734488,0.8346733668341708,0.6388888888888888,0.2545875386086578,0.0,1.0,1.0,1.0,0.0,real,3,0.3701005025125628,0.8346733668341708,0.1771356783919598,0.13285175879396985,0.21782925304916542,0.7729540447210929
F001489,0.0,0.3635678391959799,0.4722222222222222,0.8221471437193746,0.5,1.0,1.0,1.0,0.5,real,3,0.9587939698492463,0.3635678391959799,0.9208542713567839,0.6906407035175879,0.9208517461680261,0.7746552328224035
F001490,0.0,0.3635678391959799,0.625,0.6614378277661477,0.25,1.0,1.0,1.0,0.25,real,3,0.8304020100502513,0.3635678391959799,0.8,0.6000000000000001,0.7473618090452262,0.6436683417085427
F001491,0.0446581987385203,0.7701005025125628,0.6666666666666666,0.5773502691896258,0.25,1.0,1.0,1.0,0.25,real,3,0.8304020100502513,0.7701005025125628,0.7276381909547739,0.5457286432160804,0.7173171132042121,0.8030087624049898
F001492,0.0,0.3635678391959799,0.2222222222222222,0.0962250448649376,0.0,1.0,1.0,1.0,0.0,real,3,0.3701005025125628,0.3635678391959799,0.021105527638190954,0.015829145728643215,0.18895583444862502,0.3636712456756142
F001493,0.0,0.3635678391959799,0.3611111111111111,0.7515416254704823,0.0,1.0,1.0,1.0,0.0,real,3,0.3701005025125628,0.3635678391959799,0.8728643216080402,0.6546482412060302,0.3465740132824929,0.3678444357465721
F001494,0.0,0.3635678391959799,0.2361111111111111,0.2097176232019652,0.0,1.0,1.0,1.0,0.0,real,3,0.3701005025125628,0.3635678391959799,0.11708542713567839,0.0878140703517588,0.20671693896618776,0.36414149895204667
F001495,0.0,0.3635678391959799,0.7083333333333334,1.0103629710818451,0.0,1.0,1.0,1.0,0.0,real,3,0.3701005025125628,0.3635678391959799,0.9685929648241206,0.7264447236180904,0.3642886227620515,0.368313457993485
F001496,0.0,0.3635678391959799,0.3472222222222222,0.5672382737961704,0.0,1.0,1.0,1.0,0.0,real,3,0.3701005025125628,0.3635678391959799,0.7017587939698492,0.5263190954773869,0.31491089240170705,0.3670061046438221
F001497,0.0,0.3635678391959799,0.3611111111111111,0.7515416254704823,0.0,1.0,1.0,1.0,0.0,real,3,0.3701005025125628,0.3635678391959799,0.8728643216080402,0.6546482412060302,0.3465740132824929,0.3678444357465721
F001498,0.0,0.3635678391959799,0.1666666666666666,0.2886751345948128,0.5,1.0,1.0,1.0,0.5,real,3,0.9587939698492463,0.3635678391959799,0.228391959798995,0.17129396984924625,0.588887401833287,0.465526486073584
F001499,0.0,0.3635678391959799,0.3472222222222222,0.6988747569671736,0.25,1.0,1.0,1.0,0.25,real,3,0.8304020100502513,0.3635678391959799,0.8437185929648241,0.6327889447236181,0.7655138127825055,0.6589753415317796
F001500,0.0,0.3635678391959799,0.4861111111111111,0.4589642122738419,0.25,1.0,1.0,1.0,0.25,real,3,0.8304020100502513,0.3635678391959799,0.5329145728643216,0.39968592964824123,0.6364676712709275,0.5501548887654353
F001501,0.0,0.3635678391959799,0.25,0.8660254037844386,0.0,1.0,1.0,1.0,0.0,real,3,0.3701005025125628,0.3635678391959799,0.9349246231155779,0.7011934673366834,0.3580582876695033,0.36814850003787786
F001502,0.0,0.3635678391959799,0.3611111111111111,0.7515416254704823,0.0,1.0,1.0,1.0,0.0,real,3,0.3701005025125628,0.3635678391959799,0.8728643216080402,0.6546482412060302,0.3465740132824929,0.3678444357465721
F001503,0.0,0.3635678391959799,0.1944444444444444,0.3469443332443554,0.0,1.0,1.0,1.0,0.0,real,3,0.3701005025125628,0.3635678391959799,0.33341708542713566,0.25006281407035175,0.2467491666877099,0.36520141536829875
F001504,0.0,0.3635678391959799,0.4444444444444444,0.5357583756107198,0.0,1.0,1.0,1.0,0.0,real,3,0.3701005025125628,0.3635678391959799,0.6912060301507538,0.5184045226130654,0.3129581008055352,0.3669544014040049
F001505,0.0446581987385203,0.7701005025125628,0.6666666666666666,0.5773502691896258,0.0,1.0,1.0,1.0,0.0,real,3,0.3701005025125628,0.7701005025125628,0.7276381909547739,0.5457286432160804,0.3196998813161284,0.5518090452261306
F001506,0.1504840084734488,0.8346733668341708,0.6388888888888888,0.2545875386086578,0.25,1.0,1.0,1.0,0.25,real,3,0.8304020100502513,0.8346733668341708,0.1771356783919598,0.13285175879396985,0.48874791671927476,0.8341059095729906
F001507,0.0,0.3635678391959799,0.1388888888888888,0.2545875386086578,0.0,1.0,1.0,1.0,0.0,real,3,0.3701005025125628,0.3635678391959799,0.1771356783919598,0.13285175879396985,0.21782925304916542,0.3644357150071968
F001508,0.1485783278408043,0.8238693467336683,0.7361111111111112,0.6472877887628358,0.25,1.0,1.0,1.0,0.25,real,3,0.8304020100502513,0.8238693467336683,0.7924623115577889,0.5943467336683417,0.7442321532284538,0.8277520138380344
F001509,0.0,0.3635678391959799,0.1944444444444444,0.3469443332443554,0.0,1.0,1.0,1.0,0.0,real,3,0.3701005025125628,0.3635678391959799,0.33341708542713566,0.25006281407035175,0.2467491666877099,0.36520141536829875
F001510,0.0,0.3635678391959799,0.4722222222222222,0.9179284245476838,0.25,1.0,1.0,1.0,0.25,real,3,0.8304020100502513,0.3635678391959799,0.9555276381909548,0.7166457286432161,0.8119370407312947,0.6981225537233908
F001511,0.0,0.3635678391959799,0.6111111111111112,0.693888666488711,0.0,1.0,1.0,1.0,0.0,real,3,0.3701005025125628,0.3635678391959799,0.8351758793969849,0.6263819095477386,0.33959975758187927,0.36765978131865357
F001512,0.0,0.3635678391959799,0.2638888888888888,0.2097176232019653,0.0,1.0,1.0,1.0,0.0,real,3,0.3701005025125628,0.3635678391959799,0.12688442211055276,0.09516331658291458,0.20853024544834725,0.3641895091033055
F001513,0.0,0.3635678391959799,0.1944444444444444,0.3469443332443554,0.25,1.0,1.0,1.0,0.25,real,3,0.8304020100502513,0.3635678391959799,0.33341708542713566,0.25006281407035175,0.5536361139870205,0.48030570566399833
F001514,0.0,0.3635678391959799,0.2638888888888888,0.7087417123429485,0.0,1.0,1.0,1.0,0.0,real,3,0.3701005025125628,0.3635678391959799,0.8482412060301507,0.636180904522613,0.34201749955809196,0.3677237948536653
F001515,0.0,0.3635678391959799,0.1944444444444444,0.3469443332443554,0.0,1.0,1.0,1.0,0.0,real,3,0.3701005025125628,0.3635678391959799,0.33341708542713566,0.25006281407035175,0.2467491666877099,0.36520141536829875
F001516,0.0,0.3635678391959799,0.5416666666666666,0.3818813079129866,0.25,1.0,1.0,1.0,0.25,real,3,0.8304020100502513,0.3635678391959799,0.4236180904522613,0.31771356783919597,0.5910876619277291,0.5118873892073432
F001517,0.1889957660359268,0.8522613065326633,0.6666666666666666,0.2886751345948129,0.0,1.0,1.0,1.0,0.0,real,3,0.3701005025125628,0.8522613065326633,0.26030150753768844,0.19522613065326633,0.2332191106285195,0.7581309184111512
F001518,0.0,0.3635678391959799,0.4166666666666667,0.2886751345948129,0.0,1.0,1.0,1.0,0.0,real,3,0.3701005025125628,0.3635678391959799,0.26030150753768844,0.19522613065326633,0.2332191106285195,0.3648431857781369
F001519,0.0,0.3635678391959799,0.1944444444444444,0.3469443332443554,0.25,1.0,1.0,1.0,0.25,real,3,0.8304020100502513,0.3635678391959799,0.33341708542713566,0.25006281407035175,0.5536361139870205,0.48030570566399833
F001520,0.01116454968463,0.7346733668341708,0.5416666666666666,0.1443375672974064,0.0,1.0,1.0,1.0,0.0,real,3,0.3701005025125628,0.7346733668341708,0.06030150753768844,0.04522613065326633,0.1962090603772632,0.7181851468397262
F001521,0.25,0.8977386934673367,0.75,0.5,0.25,1.0,1.0,1.0,0.25,real,3,0.8304020100502513,0.8977386934673367,0.5793969849246231,0.4345477386934673,0.6557672154743568,0.8684776899573243
F001522,0.0,0.3635678391959799,0.4027777777777778,0.7561476438231223,0.25,1.0,1.0,1.0,0.25,real,3,0.8304020100502513,0.3635678391959799,0.8826633165829145,0.6619974874371859,0.7816837011691624,0.6726108873513295
F001523,0.0,0.3635678391959799,0.0833333333333333,0.2886751345948128,0.0,1.0,1.0,1.0,0.0,real,3,0.3701005025125628,0.3635678391959799,0.228391959798995,0.17129396984924625,0.22731424080199994,0.36468684502916593
F001524,0.0,0.3635678391959799,0.25,0.5,0.0,1.0,1.0,1.0,0.0,real,3,0.3701005025125628,0.3635678391959799,0.5793969849246231,0.4345477386934673,0.29226780889371484,0.36640659326784675
F001525,0.0,0.3635678391959799,0.5555555555555556,1.0183501544346312,0.0,1.0,1.0,1.0,0.0,real,3,0.3701005025125628,0.3635678391959799,0.9741206030150754,0.7305904522613066,0.36531151359814146,0.36834054064291305
F001526,0.0,0.3635678391959799,0.25,0.5,0.0,1.0,1.0,1.0,0.0,real,3,0.3701005025125628,0.3635678391959799,0.5793969849246231,0.4345477386934673,0.29226780889371484,0.36640659326784675
F001527,0.0,0.3635678391959799,0.25,0.5,0.0,1.0,1.0,1.0,0.0,real,3,0.3701005025125628,0.3635678391959799,0.5793969849246231,0.4345477386934673,0.29226780889371484,0.36640659326784675
F001528,0.3231250834000667,0.9236180904522612,0.7916666666666667,0.5204164998665333,0.0,1.0,1.0,1.0,0.0,real,3,0.3701005025125628,0.9236180904522612,0.6665829145728643,0.49993718592964825,0.3084015870811343,0.6468940651751218
F001529,0.0,0.3635678391959799,0.125,0.25,0.0,1.0,1.0,1.0,0.0,real,3,0.3701005025125628,0.3635678391959799,0.1349246231155779,0.10119346733668343,0.21001808666447816,0.36422890204792807
F001530,0.0,0.3635678391959799,0.0555555555555555,0.1924500897298752,0.0,1.0,1.0,1.0,0.0,real,3,0.3701005025125628,0.3635678391959799,0.1,0.07500000000000001,0.20355527638190957,0.3640577889447236
F001531,0.0,0.3635678391959799,0.1527777777777777,0.3367876570272816,0.25,1.0,1.0,1.0,0.25,real,3,0.8304020100502513,0.3635678391959799,0.2947236180904523,0.22104271356783922,0.5375705474609227,0.4667581311078003
F001532,0.0,0.3635678391959799,0.3333333333333333,0.2886751345948129,0.0,1.0,1.0,1.0,0.0,real,3,0.3701005025125628,0.3635678391959799,0.26030150753768844,0.19522613065326633,0.2332191106285195,0.3648431857781369
F001533,0.0,0.3635678391959799,0.5138888888888888,0.2926570486903538,0.0,1.0,1.0,1.0,0.0,real,3,0.3701005025125628,0.3635678391959799,0.2829145728643216,0.21218592964824118,0.23740366404888766,0.364953978434888
F001534,0.0,0.3635678391959799,0.3888888888888889,0.6309898162000305,0.5,1.0,1.0,1.0,0.5,real,3,0.9587939698492463,0.3635678391959799,0.7751256281407035,0.5813442211055276,0.850989873993081,0.7095991105022601
F001535,0.0,0.3635678391959799,0.5138888888888888,0.2926570486903538,0.0,1.0,1.0,1.0,0.0,real,3,0.3701005025125628,0.3635678391959799,0.2829145728643216,0.21218592964824118,0.23740366404888766,0.364953978434888
F001536,0.0483797153000638,0.7836683417085427,0.6805555555555556,0.6254627916220946,0.0,1.0,1.0,1.0,0.0,real,3,0.3701005025125628,0.7836683417085427,0.7610552763819095,0.5707914572864321,0.32588372137067245,0.5476073520870686
F001537,0.0,0.3635678391959799,0.2777777777777778,0.5091750772173156,0.0,1.0,1.0,1.0,0.0,real,3,0.3701005025125628,0.3635678391959799,0.6321608040201006,0.4741206030150754,0.3020317668745739,0.36666510946693265
F001538,0.0,0.3635678391959799,0.5277777777777778,0.8221471437193746,0.0,1.0,1.0,1.0,0.0,real,3,0.3701005025125628,0.3635678391959799,0.9208542713567839,0.6906407035175879,0.35545456554127425,0.3680795623847883
F001539,0.0,0.3635678391959799,0.3194444444444444,0.1272937693043289,0.0,1.0,1.0,1.0,0.0,real,3,0.3701005025125628,0.3635678391959799,0.03869346733668342,0.029020100502512566,0.1922104871089114,0.36375741774197623
F001540,0.0,0.3635678391959799,0.3888888888888889,0.4811252243246881,0.0,1.0,1.0,1.0,0.0,real,3,0.3701005025125628,0.3635678391959799,0.5391959798994975,0.40439698492462317,0.28482860281306027,0.3662096285447337
F001541,0.0,0.3635678391959799,0.4027777777777778,0.6364688465216445,0.0,1.0,1.0,1.0,0.0,real,3,0.3701005025125628,0.3635678391959799,0.7829145728643216,0.5871859296482412,0.3299287896770284,0.3674037271786066
F001542,0.0,0.3635678391959799,0.1388888888888888,0.2545875386086578,0.0,1.0,1.0,1.0,0.0,real,3,0.3701005025125628,0.3635678391959799,0.1771356783919598,0.13285175879396985,0.21782925304916542,0.3644357150071968
F001543,0.3222409918479341,0.9193467336683416,0.7638888888888888,0.4110735718596873,0.5,1.0,1.0,1.0,0.5,real,3,0.9587939698492463,0.9193467336683416,0.507035175879397,0.3802763819095477,0.722468119491932,0.9343475859195475
F001544,0.0,0.3635678391959799,0.5972222222222222,0.393817968854384,0.0,1.0,1.0,1.0,0.0,real,3,0.3701005025125628,0.3635678391959799,0.48266331658291456,0.3619974874371859,0.27436721926213986,0.365932646902856
F001545,0.0,0.3635678391959799,0.5138888888888888,0.2926570486903538,0.0,1.0,1.0,1.0,0.0,real,3,0.3701005025125628,0.3635678391959799,0.2829145728643216,0.21218592964824118,0.23740366404888766,0.364953978434888
F001546,0.0,0.3635678391959799,0.5555555555555556,0.5357583756107197,0.0,1.0,1.0,1.0,0.0,real,3,0.3701005025125628,0.3635678391959799,0.6798994974874372,0.5099246231155778,0.31086582409535113,0.3668990050756294
F001547,0.0,0.3635678391959799,0.2777777777777778,0.5091750772173156,0.0,1.0,1.0,1.0,0.0,real,3,0.3701005025125628,0.3635678391959799,0.6321608040201006,0.4741206030150754,0.3020317668745739,0.36666510946693265
F001548,0.0,0.3635678391959799,0.2083333333333333,0.5204164998665333,0.0,1.0,1.0,1.0,0.0,real,3,0.3701005025125628,0.3635678391959799,0.6665829145728643,0.49993718592964825,0.3084015870811343,0.36683376051109823
F001549,0.0,0.3635678391959799,0.25,0.5,0.0,1.0,1.0,1.0,0.0,real,3,0.3701005025125628,0.3635678391959799,0.5793969849246231,0.4345477386934673,0.29226780889371484,0.36640659326784675
F001550,0.1504840084734488,0.8346733668341708,0.6388888888888888,0.2545875386086578,0.0,1.0,1.0,1.0,0.0,real,3,0.3701005025125628,0.8346733668341708,0.1771356783919598,0.13285175879396985,0.21782925304916542,0.7729540447210929
F001551,0.0,0.3635678391959799,0.5277777777777778,0.8221471437193746,0.0,1.0,1.0,1.0,0.0,real,3,0.3701005025125628,0.3635678391959799,0.9208542713567839,0.6906407035175879,0.35545456554127425,0.3680795623847883
F001552,0.2154167222667111,0.8768844221105527,0.6944444444444444,0.3469443332443555,0.25,1.0,1.0,1.0,0.25,real,3,0.8304020100502513,0.8768844221105527,0.37613065326633166,0.2820979899497488,0.5713708302820636,0.8637718271003257
F001553,0.0,0.3635678391959799,0.1388888888888888,0.2545875386086578,0.0,1.0,1.0,1.0,0.0,real,3,0.3701005025125628,0.3635678391959799,0.1771356783919598,0.13285175879396985,0.21782925304916542,0.3644357150071968
F001554,0.1178513660507478,0.8135678391959799,0.736111111111111,0.7087417123429486,0.0,1.0,1.0,1.0,0.0,real,3,0.3701005025125628,0.8135678391959799,0.8517587939698492,0.6388190954773869,0.34266843009014925,0.5302724363021136
F001555,0.0,0.3635678391959799,0.3611111111111111,0.2545875386086578,0.0,1.0,1.0,1.0,0.0,real,3,0.3701005025125628,0.3635678391959799,0.1771356783919598,0.13285175879396985,0.21782925304916542,0.3644357150071968
F001556,0.0,0.3635678391959799,0.5416666666666666,0.3818813079129866,0.0,1.0,1.0,1.0,0.0,real,3,0.3701005025125628,0.3635678391959799,0.4236180904522613,0.31771356783919597,0.2634408853311785,0.36564335496578365
F001557,0.0,0.3635678391959799,0.6388888888888888,0.7515416254704823,0.0,1.0,1.0,1.0,0.0,real,3,0.3701005025125628,0.3635678391959799,0.8728643216080402,0.6546482412060302,0.3465740132824929,0.3678444357465721
F001558,0.25,0.8977386934673367,0.75,0.5,0.0,1.0,1.0,1.0,0.0,real,3,0.3701005025125628,0.8977386934673367,0.5793969849246231,0.4345477386934673,0.29226780889371484,0.6684547107396278
F001559,0.0,0.3635678391959799,0.4027777777777778,0.6364688465216445,0.25,1.0,1.0,1.0,0.25,real,3,0.8304020100502513,0.3635678391959799,0.7829145728643216,0.5871859296482412,0.740267922527209,0.6376862958006111
F001560,0.0,0.3635678391959799,0.3888888888888889,0.4811252243246881,0.25,1.0,1.0,1.0,0.25,real,3,0.8304020100502513,0.3635678391959799,0.5391959798994975,0.40439698492462317,0.6390757177849044,0.5523541703492336
F001561,0.0,0.3635678391959799,0.2638888888888888,0.7087417123429485,0.0,1.0,1.0,1.0,0.0,real,3,0.3701005025125628,0.3635678391959799,0.8482412060301507,0.636180904522613,0.34201749955809196,0.3677237948536653
F001562,0.0,0.3635678391959799,0.5833333333333334,0.7637626158259733,0.25,1.0,1.0,1.0,0.25,real,3,0.8304020100502513,0.3635678391959799,0.8902010050251257,0.6676507537688443,0.7848133569859347,0.6752500252518876
F001563,0.0,0.3635678391959799,0.0833333333333333,0.2886751345948128,0.0,1.0,1.0,1.0,0.0,real,3,0.3701005025125628,0.3635678391959799,0.228391959798995,0.17129396984924625,0.22731424080199994,0.36468684502916593
F001564,0.4376389444889332,0.951005025125628,0.8055555555555556,0.3469443332443555,0.25,1.0,1.0,1.0,0.25,real,3,0.8304020100502513,0.951005025125628,0.37613065326633166,0.2820979899497488,0.5713708302820636,0.916983156990985
F001565,0.0,0.3635678391959799,0.5555555555555556,0.5357583756107197,0.0,1.0,1.0,1.0,0.0,real,3,0.3701005025125628,0.3635678391959799,0.6798994974874372,0.5099246231155778,0.31086582409535113,0.3668990050756294
F001566,0.2257260127101733,0.8886934673366834,0.7083333333333334,0.3818813079129867,0.0,1.0,1.0,1.0,0.0,real,3,0.3701005025125628,0.8886934673366834,0.4402010050251256,0.3301507537688442,0.2665095578394485,0.7174796091007803
F001567,0.0,0.3635678391959799,0.3611111111111111,0.2545875386086578,0.0,1.0,1.0,1.0,0.0,real,3,0.3701005025125628,0.3635678391959799,0.1771356783919598,0.13285175879396985,0.21782925304916542,0.3644357150071968
F001568,0.0,0.3635678391959799,0.1805555555555555,0.3757708127352412,0.0,1.0,1.0,1.0,0.0,real,3,0.3701005025125628,0.3635678391959799,0.40804020100502514,0.3060301507537688,0.2605581929749249,0.36556703113557737
F001569,0.0,0.3635678391959799,0.3333333333333333,1.1547005383792517,0.0,1.0,1.0,1.0,0.0,real,3,0.3701005025125628,0.3635678391959799,0.9967336683417085,0.7475502512562814,0.3694960670185096,0.3684513332996642
F001570,0.0,0.3635678391959799,0.25,0.5,0.5,1.0,1.0,1.0,0.5,real,3,0.9587939698492463,0.3635678391959799,0.5793969849246231,0.4345477386934673,0.7571581525719048,0.6222220082826191
F001571,0.0483797153000638,0.7836683417085427,0.6805555555555556,0.6254627916220946,0.0,1.0,1.0,1.0,0.0,real,3,0.3701005025125628,0.7836683417085427,0.7610552763819095,0.5707914572864321,0.32588372137067245,0.5476073520870686
F001572,0.0,0.3635678391959799,0.6666666666666666,0.7637626158259733,0.0,1.0,1.0,1.0,0.0,real,3,0.3701005025125628,0.3635678391959799,0.8902010050251257,0.6676507537688443,0.34978217090477515,0.36792937678341453
F001573,0.5853276880479024,0.9761306532663316,0.8888888888888888,0.3849001794597506,0.0,1.0,1.0,1.0,0.0,real,3,0.3701005025125628,0.9761306532663316,0.45879396984924625,0.3440954773869347,0.26995019065175124,0.7675984192318376
F001574,0.0,0.3635678391959799,0.4305555555555555,0.9871864246620478,0.0,1.0,1.0,1.0,0.0,real,3,0.3701005025125628,0.3635678391959799,0.9628140703517588,0.7221105527638191,0.36321923688795743,0.3682851443145375
F001575,0.0,0.3635678391959799,0.5138888888888888,0.2926570486903538,0.5,1.0,1.0,1.0,0.5,real,3,0.9587939698492463,0.3635678391959799,0.2829145728643216,0.21218592964824118,0.6150253781470165,0.4898664490795687
F001576,0.0,0.3635678391959799,0.5694444444444444,0.4738533919231106,0.25,1.0,1.0,1.0,0.25,real,3,0.8304020100502513,0.3635678391959799,0.535427135678392,0.40157035175879396,0.6375108898765183,0.5510346013989547
F001577,0.0,0.3635678391959799,0.1388888888888888,0.2545875386086578,0.0,1.0,1.0,1.0,0.0,real,3,0.3701005025125628,0.3635678391959799,0.1771356783919598,0.13285175879396985,0.21782925304916542,0.3644357150071968
F001578,0.0,0.3635678391959799,0.1111111111111111,0.3849001794597505,0.0,1.0,1.0,1.0,0.0,real,3,0.3701005025125628,0.3635678391959799,0.4492462311557789,0.33693467336683414,0.2681833792075958,0.3657689199767683
F001579,0.0,0.3635678391959799,0.5972222222222222,0.393817968854384,0.0,1.0,1.0,1.0,0.0,real,3,0.3701005025125628,0.3635678391959799,0.48266331658291456,0.3619974874371859,0.27436721926213986,0.365932646902856
F001580,0.0,0.3635678391959799,0.2777777777777778,0.0962250448649376,0.0,1.0,1.0,1.0,0.0,real,3,0.3701005025125628,0.3635678391959799,0.021105527638190954,0.015829145728643215,0.18895583444862502,0.3636712456756142
F001581,0.0,0.3635678391959799,0.3472222222222222,0.6988747569671736,0.0,1.0,1.0,1.0,0.0,real,3,0.3701005025125628,0.3635678391959799,0.8437185929648241,0.6327889447236181,0.34118058887401836,0.3677016363223151
F001582,0.0,0.3635678391959799,0.3611111111111111,0.2545875386086578,0.0,1.0,1.0,1.0,0.0,real,3,0.3701005025125628,0.3635678391959799,0.1771356783919598,0.13285175879396985,0.21782925304916542,0.3644357150071968
F001583,0.0,0.3635678391959799,0.4861111111111111,0.2926570486903539,0.0,1.0,1.0,1.0,0.0,real,3,0.3701005025125628,0.3635678391959799,0.2904522613065327,0.2178391959798995,0.23879851518901038,0.36499090932047173
F001584,0.0,0.3635678391959799,0.3472222222222222,0.6988747569671736,0.0,1.0,1.0,1.0,0.0,real,3,0.3701005025125628,0.3635678391959799,0.8437185929648241,0.6327889447236181,0.34118058887401836,0.3677016363223151
F001585,0.0,0.3635678391959799,0.1944444444444444,0.3469443332443554,0.0,1.0,1.0,1.0,0.0,real,3,0.3701005025125628,0.3635678391959799,0.33341708542713566,0.25006281407035175,0.2467491666877099,0.36520141536829875
F001586,0.0,0.3635678391959799,0.1666666666666666,0.5773502691896258,0.0,1.0,1.0,1.0,0.0,real,3,0.3701005025125628,0.3635678391959799,0.7276381909547739,0.5457286432160804,0.3196998813161284,0.36713290068432614
F001587,0.0,0.3635678391959799,0.2083333333333333,0.5204164998665333,0.0,1.0,1.0,1.0,0.0,real,3,0.3701005025125628,0.3635678391959799,0.6665829145728643,0.49993718592964825,0.3084015870811343,0.36683376051109823
F001588,0.0483797153000638,0.7836683417085427,0.6805555555555556,0.6254627916220946,0.0,1.0,1.0,1.0,0.0,real,3,0.3701005025125628,0.7836683417085427,0.7610552763819095,0.5707914572864321,0.32588372137067245,0.5476073520870686
F001589,0.0,0.3635678391959799,0.2638888888888888,0.7087417123429485,0.0,1.0,1.0,1.0,0.0,real,3,0.3701005025125628,0.3635678391959799,0.8482412060301507,0.636180904522613,0.34201749955809196,0.3677237948536653
F001590,0.0,0.3635678391959799,0.3472222222222222,0.5672382737961704,0.25,1.0,1.0,1.0,0.25,real,3,0.8304020100502513,0.3635678391959799,0.7017587939698492,0.5263190954773869,0.7065719615666272,0.6092715777379358
F001591,0.0,0.3635678391959799,0.3472222222222222,0.488288773090193,0.25,1.0,1.0,1.0,0.25,real,3,0.8304020100502513,0.3635678391959799,0.5447236180904522,0.40854271356783917,0.6413707987172041,0.5542895381429761
F001592,0.0,0.3635678391959799,0.2916666666666666,0.8036375634160796,0.0,1.0,1.0,1.0,0.0,real,3,0.3701005025125628,0.3635678391959799,0.914321608040201,0.6857412060301508,0.35424569455316784,0.3680475556172824
F001593,0.0,0.3635678391959799,0.5972222222222222,0.393817968854384,0.5,1.0,1.0,1.0,0.5,real,3,0.9587939698492463,0.3635678391959799,0.48266331658291456,0.3619974874371859,0.7107843236281912,0.5790382029494205
F001594,0.0,0.3635678391959799,0.0833333333333333,0.2886751345948128,0.0,1.0,1.0,1.0,0.0,real,3,0.3701005025125628,0.3635678391959799,0.228391959798995,0.17129396984924625,0.22731424080199994,0.36468684502916593
F001595,0.0,0.3635678391959799,0.2222222222222222,0.769800358919501,0.0,1.0,1.0,1.0,0.0,real,3,0.3701005025125628,0.3635678391959799,0.9007537688442211,0.6755653266331658,0.35173496250094693,0.36798108002323177
F001596,0.0,0.3635678391959799,0.4166666666666667,0.7637626158259733,0.25,1.0,1.0,1.0,0.25,real,3,0.8304020100502513,0.3635678391959799,0.8902010050251257,0.6676507537688443,0.7848133569859347,0.6752500252518876
F001597,0.1077083611333555,0.8103015075376885,0.5972222222222222,0.1734721666221776,0.0,1.0,1.0,1.0,0.0,real,3,0.3701005025125628,0.8103015075376885,0.07839195979899498,0.05879396984924623,0.19955670311355775,0.7844203429206333
F001598,0.0,0.3635678391959799,0.2916666666666666,0.5204164998665332,0.0,1.0,1.0,1.0,0.0,real,3,0.3701005025125628,0.3635678391959799,0.657035175879397,0.49277638190954776,0.30663477563697883,0.36678698138935883
F001599,0.0,0.3635678391959799,0.3333333333333333,0.2886751345948129,0.5,1.0,1.0,1.0,0.5,real,3,0.9587939698492463,0.3635678391959799,0.26030150753768844,0.19522613065326633,0.604184742809525,0.47977153354713264
F001600,0.0,0.3635678391959799,0.1944444444444444,0.3469443332443554,0.0,1.0,1.0,1.0,0.0,real,3,0.3701005025125628,0.3635678391959799,0.33341708542713566,0.25006281407035175,0.2467491666877099,0.36520141536829875
F001601,0.0,0.3635678391959799,0.2361111111111111,0.2097176232019652,0.0,1.0,1.0,1.0,0.0,real,3,0.3701005025125628,0.3635678391959799,0.11708542713567839,0.0878140703517588,0.20671693896618776,0.36414149895204667
F001602,0.0,0.3635678391959799,0.3888888888888889,0.693888666488711,0.0,1.0,1.0,1.0,0.0,real,3,0.3701005025125628,0.3635678391959799,0.8351758793969849,0.6263819095477386,0.33959975758187927,0.36765978131865357
F001603,0.0,0.3635678391959799,0.4583333333333333,0.3818813079129866,0.0,1.0,1.0,1.0,0.0,real,3,0.3701005025125628,0.3635678391959799,0.4236180904522613,0.31771356783919597,0.2634408853311785,0.36564335496578365
F001604,0.0,0.3635678391959799,0.5555555555555556,0.5357583756107197,0.0,1.0,1.0,1.0,0.0,real,3,0.3701005025125628,0.3635678391959799,0.6798994974874372,0.5099246231155778,0.31086582409535113,0.3668990050756294
F001605,0.2224894150898172,0.8839195979899498,0.7916666666666667,0.7216878364870323,0.0,1.0,1.0,1.0,0.0,real,3,0.3701005025125628,0.8839195979899498,0.857286432160804,0.642964824120603,0.3436913209262392,0.5535519936365244
F001606,0.0,0.3635678391959799,0.1388888888888888,0.2545875386086578,0.0,1.0,1.0,1.0,0.0,real,3,0.3701005025125628,0.3635678391959799,0.1771356783919598,0.13285175879396985,0.21782925304916542,0.3644357150071968
F001607,0.0,0.3635678391959799,0.3611111111111111,0.7515416254704823,0.0,1.0,1.0,1.0,0.0,real,3,0.3701005025125628,0.3635678391959799,0.8728643216080402,0.6546482412060302,0.3465740132824929,0.3678444357465721
F001608,0.0,0.3635678391959799,0.3611111111111111,0.2545875386086578,0.0,1.0,1.0,1.0,0.0,real,3,0.3701005025125628,0.3635678391959799,0.1771356783919598,0.13285175879396985,0.21782925304916542,0.3644357150071968
F001609,0.0,0.3635678391959799,0.3194444444444444,0.3757708127352411,0.0,1.0,1.0,1.0,0.0,real,3,0.3701005025125628,0.3635678391959799,0.3969849246231156,0.29773869346733667,0.2585124113027449,0.36551286583672127
F001610,0.0,0.3635678391959799,0.1944444444444444,0.3469443332443554,0.0,1.0,1.0,1.0,0.0,real,3,0.3701005025125628,0.3635678391959799,0.33341708542713566,0.25006281407035175,0.2467491666877099,0.36520141536829875
F001611,0.0,0.3635678391959799,0.2361111111111111,0.2097176232019652,0.25,1.0,1.0,1.0,0.25,real,3,0.8304020100502513,0.3635678391959799,0.11708542713567839,0.0878140703517588,0.46381499204565546,0.4045624479179819
F001612,0.0,0.3635678391959799,0.25,0.5,0.0,1.0,1.0,1.0,0.0,real,3,0.3701005025125628,0.3635678391959799,0.5793969849246231,0.4345477386934673,0.29226780889371484,0.36640659326784675
F001613,0.125,0.8168341708542713,0.625,0.25,0.0,1.0,1.0,1.0,0.0,real,3,0.3701005025125628,0.8168341708542713,0.1349246231155779,0.10119346733668343,0.21001808666447816,0.7716276419787378
F001614,0.1485783278408043,0.8238693467336683,0.7361111111111112,0.6472877887628358,0.0,1.0,1.0,1.0,0.0,real,3,0.3701005025125628,0.8238693467336683,0.7924623115577889,0.5943467336683417,0.3316956011211838,0.5541733163303957
F001615,0.0,0.3635678391959799,0.4861111111111111,0.2926570486903539,0.0,1.0,1.0,1.0,0.0,real,3,0.3701005025125628,0.3635678391959799,0.2904522613065327,0.2178391959798995,0.23879851518901038,0.36499090932047173
F001616,0.0,0.3635678391959799,0.3611111111111111,0.2545875386086578,0.0,1.0,1.0,1.0,0.0,real,3,0.3701005025125628,0.3635678391959799,0.1771356783919598,0.13285175879396985,0.21782925304916542,0.3644357150071968
F001617,0.0,0.3635678391959799,0.625,0.6614378277661477,0.0,1.0,1.0,1.0,0.0,real,3,0.3701005025125628,0.3635678391959799,0.8,0.6000000000000001,0.33309045226130657,0.3674874371859297
F001618,0.0,0.3635678391959799,0.2916666666666666,0.8036375634160796,0.25,1.0,1.0,1.0,0.25,real,3,0.8304020100502513,0.3635678391959799,0.914321608040201,0.6857412060301508,0.7948282555996061,0.6836952665336734
F001619,0.0,0.3635678391959799,0.5972222222222222,0.393817968854384,0.5,1.0,1.0,1.0,0.5,real,3,0.9587939698492463,0.3635678391959799,0.48266331658291456,0.3619974874371859,0.7107843236281912,0.5790382029494205
F001620,0.0,0.3635678391959799,0.375,0.25,0.0,1.0,1.0,1.0,0.0,real,3,0.3701005025125628,0.3635678391959799,0.1349246231155779,0.10119346733668343,0.21001808666447816,0.36422890204792807
F001621,0.0,0.3635678391959799,0.3333333333333333,1.1547005383792517,0.0,1.0,1.0,1.0,0.0,real,3,0.3701005025125628,0.3635678391959799,0.9967336683417085,0.7475502512562814,0.3694960670185096,0.3684513332996642
F001622,0.0,0.3635678391959799,0.4027777777777778,0.6364688465216445,0.25,1.0,1.0,1.0,0.25,real,3,0.8304020100502513,0.3635678391959799,0.7829145728643216,0.5871859296482412,0.740267922527209,0.6376862958006111
F001623,0.0,0.3635678391959799,0.5138888888888888,0.2926570486903538,0.0,1.0,1.0,1.0,0.0,real,3,0.3701005025125628,0.3635678391959799,0.2829145728643216,0.21218592964824118,0.23740366404888766,0.364953978434888
F001624,0.5260506159308034,0.963819095477387,0.8472222222222221,0.3367876570272817,0.0,1.0,1.0,1.0,0.0,real,3,0.3701005025125628,0.963819095477387,0.3005025125628141,0.22537688442211057,0.240658316709174,0.8300086487714957
F001625,0.25,0.8977386934673367,0.75,0.5,0.0,1.0,1.0,1.0,0.0,real,3,0.3701005025125628,0.8977386934673367,0.5793969849246231,0.4345477386934673,0.29226780889371484,0.6684547107396278
F001626,0.6889957660359269,0.9899497487437184,0.9166666666666669,0.2886751345948128,0.25,1.0,1.0,1.0,0.25,real,3,0.8304020100502513,0.9899497487437184,0.228391959798995,0.17129396984924625,0.5100295762733265,0.9626201832024442
F001627,0.0,0.3635678391959799,0.4444444444444444,1.0183501544346312,0.0,1.0,1.0,1.0,0.0,real,3,0.3701005025125628,0.3635678391959799,0.9741206030150754,0.7305904522613066,0.36531151359814146,0.36834054064291305
F001628,0.1706553760958049,0.8447236180904523,0.7777777777777777,0.769800358919501,0.0,1.0,1.0,1.0,0.0,real,3,0.3701005025125628,0.8447236180904523,0.9007537688442211,0.6755653266331658,0.35173496250094693,0.5240846979874245
F001629,0.0334936490538903,0.7618090452261307,0.625,0.4330127018922193,0.0,1.0,1.0,1.0,0.0,real,3,0.3701005025125628,0.7618090452261307,0.5271356783919598,0.3953517587939699,0.28259684098886395,0.6069463839296987
F001630,0.061411169010459,0.8010050251256281,0.6527777777777778,0.488288773090193,0.0,1.0,1.0,1.0,0.0,real,3,0.3701005025125628,0.8010050251256281,0.5447236180904522,0.40854271356783917,0.2858514936491503,0.624962122168632
F001631,0.0,0.3635678391959799,0.5,0.0,0.25,1.0,1.0,1.0,0.25,real,3,0.8304020100502513,0.3635678391959799,0.005527638190954774,0.004145728643216081,0.4174960859574253,0.3655032069897225
F001632,0.0,0.3635678391959799,0.3888888888888889,1.0715167512214396,0.25,1.0,1.0,1.0,0.25,real,3,0.8304020100502513,0.3635678391959799,0.9849246231155779,0.7386934673366834,0.8241426984167067,0.7084151915355673
F001633,0.25,0.8977386934673367,0.75,0.5,0.25,1.0,1.0,1.0,0.25,real,3,0.8304020100502513,0.8977386934673367,0.5793969849246231,0.4345477386934673,0.6557672154743568,0.8684776899573243
F001634,0.01116454968463,0.7346733668341708,0.5416666666666666,0.1443375672974064,0.0,1.0,1.0,1.0,0.0,real,3,0.3701005025125628,0.7346733668341708,0.06030150753768844,0.04522613065326633,0.1962090603772632,0.7181851468397262
F001635,0.0,0.3635678391959799,0.5277777777777778,0.8221471437193746,0.0,1.0,1.0,1.0,0.0,real,3,0.3701005025125628,0.3635678391959799,0.9208542713567839,0.6906407035175879,0.35545456554127425,0.3680795623847883
F001636,0.0334936490538903,0.7618090452261307,0.625,0.4330127018922193,0.25,1.0,1.0,1.0,0.25,real,3,0.8304020100502513,0.7618090452261307,0.5271356783919598,0.3953517587939699,0.6340682684780687,0.7889273945102396
F001637,0.0,0.3635678391959799,0.3194444444444444,0.3757708127352411,0.0,1.0,1.0,1.0,0.0,real,3,0.3701005025125628,0.3635678391959799,0.3969849246231156,0.29773869346733667,0.2585124113027449,0.36551286583672127
F001638,0.0,0.3635678391959799,0.3333333333333333,0.7637626158259733,0.0,1.0,1.0,1.0,0.0,real,3,0.3701005025125628,0.3635678391959799,0.8902010050251257,0.6676507537688443,0.34978217090477515,0.36792937678341453
F001639,0.0,0.3635678391959799,0.25,0.5,0.0,1.0,1.0,1.0,0.0,real,3,0.3701005025125628,0.3635678391959799,0.5793969849246231,0.4345477386934673,0.29226780889371484,0.36640659326784675
F001640,0.2224894150898172,0.8839195979899498,0.7916666666666667,0.7216878364870323,0.5,1.0,0.5,0.5,0.5,real,3,0.9587939698492463,0.8839195979899498,0.857286432160804,0.3214824120603015,0.44518875785965,0.9079903916567763
F001641,0.0,0.3635678391959799,0.25,0.5,0.0,1.0,1.0,1.0,0.0,real,3,0.3701005025125628,0.3635678391959799,0.5793969849246231,0.4345477386934673,0.29226780889371484,0.36640659326784675
F001642,0.0,0.3635678391959799,0.4861111111111111,0.9141379262169074,0.0,1.0,1.0,1.0,0.0,real,3,0.3701005025125628,0.3635678391959799,0.9492462311557789,0.7119346733668341,0.3607085048357365,0.3682186687204868
F001643,0.0,0.3635678391959799,0.4444444444444444,1.0183501544346312,0.0,1.0,1.0,1.0,0.0,real,3,0.3701005025125628,0.3635678391959799,0.9741206030150754,0.7305904522613066,0.36531151359814146,0.36834054064291305
F001644,0.0,0.3635678391959799,0.2638888888888888,0.2097176232019653,0.25,1.0,1.0,1.0,0.25,real,3,0.8304020100502513,0.3635678391959799,0.12688442211055276,0.09516331658291458,0.4678835446074594,0.4079933271887074
F001645,0.0,0.3635678391959799,0.1666666666666666,0.5773502691896258,0.0,1.0,1.0,1.0,0.0,real,3,0.3701005025125628,0.3635678391959799,0.7276381909547739,0.5457286432160804,0.3196998813161284,0.36713290068432614
F001646,0.0,0.3635678391959799,0.1805555555555555,0.3757708127352412,0.0,1.0,1.0,1.0,0.0,real,3,0.3701005025125628,0.3635678391959799,0.40804020100502514,0.3060301507537688,0.2605581929749249,0.36556703113557737
F001647,0.0,0.3635678391959799,0.3611111111111111,0.7515416254704823,0.0,1.0,1.0,1.0,0.0,real,3,0.3701005025125628,0.3635678391959799,0.8728643216080402,0.6546482412060302,0.3465740132824929,0.3678444357465721
F001648,0.0,0.3635678391959799,0.3333333333333333,0.5773502691896258,0.0,1.0,1.0,1.0,0.0,real,3,0.3701005025125628,0.3635678391959799,0.7276381909547739,0.5457286432160804,0.3196998813161284,0.36713290068432614
F001649,0.0,0.3635678391959799,0.3333333333333333,0.2886751345948129,0.0,1.0,1.0,1.0,0.0,real,3,0.3701005025125628,0.3635678391959799,0.26030150753768844,0.19522613065326633,0.2332191106285195,0.3648431857781369
F001650,0.25,0.8977386934673367,0.75,0.5,0.0,1.0,1.0,1.0,0.0,real,3,0.3701005025125628,0.8977386934673367,0.5793969849246231,0.4345477386934673,0.29226780889371484,0.6684547107396278
F001651,0.0,0.3635678391959799,0.2083333333333333,0.5204164998665333,0.0,1.0,1.0,1.0,0.0,real,3,0.3701005025125628,0.3635678391959799,0.6665829145728643,0.49993718592964825,0.3084015870811343,0.36683376051109823
F001652,0.0,0.3635678391959799,0.2361111111111111,0.2097176232019652,0.0,1.0,1.0,1.0,0.0,real,3,0.3701005025125628,0.3635678391959799,0.11708542713567839,0.0878140703517588,0.20671693896618776,0.36414149895204667
F001653,0.0,0.3635678391959799,0.3055555555555556,0.3469443332443555,0.0,1.0,1.0,1.0,0.0,real,3,0.3701005025125628,0.3635678391959799,0.37613065326633166,0.2820979899497488,0.25465332314840533,0.36541069038660645
F001654,0.0,0.3635678391959799,0.3611111111111111,0.2545875386086578,0.0,1.0,1.0,1.0,0.0,real,3,0.3701005025125628,0.3635678391959799,0.1771356783919598,0.13285175879396985,0.21782925304916542,0.3644357150071968
F001655,0.0483797153000638,0.7836683417085427,0.6805555555555556,0.6254627916220946,0.0,1.0,1.0,1.0,0.0,real,3,0.3701005025125628,0.7836683417085427,0.7610552763819095,0.5707914572864321,0.32588372137067245,0.5476073520870686
F001656,0.0,0.3635678391959799,0.3333333333333333,0.7637626158259733,0.25,1.0,1.0,1.0,0.25,real,3,0.8304020100502513,0.3635678391959799,0.8902010050251257,0.6676507537688443,0.7848133569859347,0.6752500252518876
F001657,0.0334936490538903,0.7618090452261307,0.625,0.4330127018922193,0.0,1.0,1.0,1.0,0.0,real,3,0.3701005025125628,0.7618090452261307,0.5271356783919598,0.3953517587939699,0.28259684098886395,0.6069463839296987
F001658,0.0,0.3635678391959799,0.2777777777777778,0.5091750772173156,0.0,1.0,1.0,1.0,0.0,real,3,0.3701005025125628,0.3635678391959799,0.6321608040201006,0.4741206030150754,0.3020317668745739,0.36666510946693265
F001659,0.0,0.3635678391959799,0.5138888888888888,0.6142595663193329,0.25,1.0,1.0,1.0,0.25,real,3,0.8304020100502513,0.3635678391959799,0.7525125628140703,0.5643844221105527,0.7276449773995606,0.6270417729350268
F001660,0.0,0.3635678391959799,0.1944444444444444,0.3469443332443554,0.0,1.0,1.0,1.0,0.0,real,3,0.3701005025125628,0.3635678391959799,0.33341708542713566,0.25006281407035175,0.2467491666877099,0.36520141536829875
F001661,0.0,0.3635678391959799,0.2222222222222222,0.5091750772173156,0.0,1.0,1.0,1.0,0.0,real,3,0.3701005025125628,0.3635678391959799,0.6321608040201006,0.4741206030150754,0.3020317668745739,0.36666510946693265
F001662,1.0,0.9987437185929648,1.0,0.0,0.0,1.0,1.0,1.0,0.0,real,3,0.3701005025125628,0.9987437185929648,0.005527638190954774,0.004145728643216081,0.1860731420923714,0.9961375344056969
F001663,0.3779915320718537,0.9329145728643216,0.8333333333333333,0.5773502691896258,0.25,1.0,1.0,1.0,0.25,real,3,0.8304020100502513,0.9329145728643216,0.7276381909547739,0.5457286432160804,0.7173171132042121,0.8769705310471958
F001664,0.0148860662461734,0.7439698492462311,0.5555555555555556,0.1924500897298752,0.0,1.0,1.0,1.0,0.0,real,3,0.3701005025125628,0.7439698492462311,0.1,0.07500000000000001,0.20355527638190957,0.7159296482412061
F001665,0.6889957660359269,0.9899497487437184,0.9166666666666669,0.2886751345948128,0.0,1.0,1.0,1.0,0.0,real,3,0.3701005025125628,0.9899497487437184,0.228391959798995,0.17129396984924625,0.22731424080199994,0.8837733106487209
F001666,0.0,0.3635678391959799,0.3333333333333333,1.1547005383792517,0.0,1.0,1.0,1.0,0.0,real,3,0.3701005025125628,0.3635678391959799,0.9967336683417085,0.7475502512562814,0.3694960670185096,0.3684513332996642
F001667,0.0,0.3635678391959799,0.0555555555555555,0.1924500897298752,0.0,1.0,1.0,1.0,0.0,real,3,0.3701005025125628,0.3635678391959799,0.1,0.07500000000000001,0.20355527638190957,0.3640577889447236
F001668,0.0,0.3635678391959799,0.2777777777777778,0.5091750772173156,0.0,1.0,1.0,1.0,0.0,real,3,0.3701005025125628,0.3635678391959799,0.6321608040201006,0.4741206030150754,0.3020317668745739,0.36666510946693265
F001669,0.0,0.3635678391959799,0.25,0.5,0.0,1.0,1.0,1.0,0.0,real,3,0.3701005025125628,0.3635678391959799,0.5793969849246231,0.4345477386934673,0.29226780889371484,0.36640659326784675
F001670,0.4229189661767951,0.9434673366834172,0.7638888888888888,0.2097176232019653,0.0,1.0,1.0,1.0,0.0,real,3,0.3701005025125628,0.9434673366834172,0.12688442211055276,0.09516331658291458,0.20853024544834725,0.8889038471250728
F001671,0.0,0.3635678391959799,0.25,0.5,0.5,1.0,1.0,1.0,0.5,real,3,0.9587939698492463,0.3635678391959799,0.5793969849246231,0.4345477386934673,0.7571581525719048,0.6222220082826191
F001672,0.0,0.3635678391959799,0.1666666666666666,0.5773502691896258,0.25,1.0,1.0,1.0,0.25,real,3,0.8304020100502513,0.3635678391959799,0.7276381909547739,0.5457286432160804,0.7173171132042121,0.6183326178631853
F001673,0.0148860662461734,0.7439698492462311,0.5555555555555556,0.1924500897298752,0.25,1.0,1.0,1.0,0.25,real,3,0.8304020100502513,0.7439698492462311,0.1,0.07500000000000001,0.4567211055276382,0.7504522613065326
F001674,0.0,0.3635678391959799,0.3611111111111111,0.7515416254704823,0.0,1.0,1.0,1.0,0.0,real,3,0.3701005025125628,0.3635678391959799,0.8728643216080402,0.6546482412060302,0.3465740132824929,0.3678444357465721
F001675,0.0,0.3635678391959799,0.1111111111111111,0.3849001794597505,0.0,1.0,1.0,1.0,0.0,real,3,0.3701005025125628,0.3635678391959799,0.4492462311557789,0.33693467336683414,0.2681833792075958,0.3657689199767683
F001676,0.0,0.3635678391959799,0.3611111111111111,0.2545875386086578,0.0,1.0,1.0,1.0,0.0,real,3,0.3701005025125628,0.3635678391959799,0.1771356783919598,0.13285175879396985,0.21782925304916542,0.3644357150071968
F001677,0.0,0.3635678391959799,0.0833333333333333,0.2886751345948128,0.25,1.0,1.0,1.0,0.25,real,3,0.8304020100502513,0.3635678391959799,0.228391959798995,0.17129396984924625,0.5100295762733265,0.4435337175828893
F001678,0.2154167222667111,0.8768844221105527,0.6944444444444444,0.3469443332443555,0.0,1.0,1.0,1.0,0.0,real,3,0.3701005025125628,0.8768844221105527,0.37613065326633166,0.2820979899497488,0.25465332314840533,0.7339216970531047
F001679,0.0,0.3635678391959799,0.2083333333333333,0.3818813079129866,0.0,1.0,1.0,1.0,0.0,real,3,0.3701005025125628,0.3635678391959799,0.4236180904522613,0.31771356783919597,0.2634408853311785,0.36564335496578365
F001680,0.0,0.3635678391959799,0.1944444444444444,0.3469443332443554,0.0,1.0,1.0,1.0,0.0,real,3,0.3701005025125628,0.3635678391959799,0.33341708542713566,0.25006281407035175,0.2467491666877099,0.36520141536829875
F001681,0.0,0.3635678391959799,0.4166666666666667,1.0408329997330663,0.25,1.0,1.0,1.0,0.25,real,3,0.8304020100502513,0.3635678391959799,0.9811557788944724,0.7358668341708543,0.8225778705083204,0.7070956225852884
F001682,0.0,0.3635678391959799,0.2222222222222222,0.0962250448649376,0.0,1.0,1.0,1.0,0.0,real,3,0.3701005025125628,0.3635678391959799,0.021105527638190954,0.015829145728643215,0.18895583444862502,0.3636712456756142
F001683,0.0,0.3635678391959799,0.3611111111111111,0.2545875386086578,0.0,1.0,1.0,1.0,0.0,real,3,0.3701005025125628,0.3635678391959799,0.1771356783919598,0.13285175879396985,0.21782925304916542,0.3644357150071968
F001684,0.0,0.3635678391959799,0.1944444444444444,0.3469443332443554,0.0,1.0,1.0,1.0,0.0,real,3,0.3701005025125628,0.3635678391959799,0.33341708542713566,0.25006281407035175,0.2467491666877099,0.36520141536829875
F001685,0.0,0.3635678391959799,0.4305555555555555,0.9871864246620478,0.0,1.0,1.0,1.0,0.0,real,3,0.3701005025125628,0.3635678391959799,0.9628140703517588,0.7221105527638191,0.36321923688795743,0.3682851443145375
F001686,0.0,0.3635678391959799,0.0833333333333333,0.2886751345948128,0.0,1.0,1.0,1.0,0.0,real,3,0.3701005025125628,0.3635678391959799,0.228391959798995,0.17129396984924625,0.22731424080199994,0.36468684502916593
F001687,0.0,0.3635678391959799,0.1944444444444444,0.3469443332443554,0.0,1.0,1.0,1.0,0.0,real,3,0.3701005025125628,0.3635678391959799,0.33341708542713566,0.25006281407035175,0.2467491666877099,0.36520141536829875
F001688,0.0,0.3635678391959799,0.3472222222222222,0.6988747569671736,0.0,1.0,1.0,1.0,0.0,real,3,0.3701005025125628,0.3635678391959799,0.8437185929648241,0.6327889447236181,0.34118058887401836,0.3677016363223151
F001689,0.0,0.3635678391959799,0.3472222222222222,0.6988747569671736,0.25,1.0,1.0,1.0,0.25,real,3,0.8304020100502513,0.3635678391959799,0.8437185929648241,0.6327889447236181,0.7655138127825055,0.6589753415317796
F001690,0.0,0.3635678391959799,0.2361111111111111,0.4110735718596873,0.0,1.0,1.0,1.0,0.0,real,3,0.3701005025125628,0.3635678391959799,0.507035175879397,0.3802763819095477,0.27887723794853664,0.3660520567662433
F001691,0.0,0.3635678391959799,0.2361111111111111,0.2097176232019652,0.0,1.0,1.0,1.0,0.0,real,3,0.3701005025125628,0.3635678391959799,0.11708542713567839,0.0878140703517588,0.20671693896618776,0.36414149895204667
F001692,0.0,0.3635678391959799,0.4861111111111111,0.9141379262169074,0.0,1.0,1.0,1.0,0.0,real,3,0.3701005025125628,0.3635678391959799,0.9492462311557789,0.7119346733668341,0.3607085048357365,0.3682186687204868
F001693,0.1898569058357866,0.864321608040201,0.7222222222222222,0.5091750772173156,0.0,1.0,1.0,1.0,0.0,real,3,0.3701005025125628,0.864321608040201,0.6321608040201006,0.4741206030150754,0.3020317668745739,0.6300011994646599
F001694,0.0,0.3635678391959799,0.1388888888888888,0.2545875386086578,0.0,1.0,1.0,1.0,0.0,real,3,0.3701005025125628,0.3635678391959799,0.1771356783919598,0.13285175879396985,0.21782925304916542,0.3644357150071968
F001695,0.0,0.3635678391959799,0.4444444444444444,0.5357583756107198,0.0,1.0,1.0,1.0,0.0,real,3,0.3701005025125628,0.3635678391959799,0.6912060301507538,0.5184045226130654,0.3129581008055352,0.3669544014040049
F001696,0.0,0.3635678391959799,0.1805555555555555,0.1272937693043289,0.0,1.0,1.0,1.0,0.0,real,3,0.3701005025125628,0.3635678391959799,0.03869346733668342,0.029020100502512566,0.1922104871089114,0.36375741774197623
F001697,0.0,0.3635678391959799,0.0416666666666666,0.1443375672974064,0.0,1.0,1.0,1.0,0.0,real,3,0.3701005025125628,0.3635678391959799,0.06030150753768844,0.04522613065326633,0.1962090603772632,0.3638632862806495
F001698,0.0,0.3635678391959799,0.1666666666666666,0.2886751345948128,0.25,1.0,1.0,1.0,0.25,real,3,0.8304020100502513,0.3635678391959799,0.228391959798995,0.17129396984924625,0.5100295762733265,0.4435337175828893
F001699,0.0,0.3635678391959799,0.4027777777777778,0.1734721666221777,0.0,1.0,1.0,1.0,0.0,real,3,0.3701005025125628,0.3635678391959799,0.08819095477386935,0.06614321608040201,0.20137000959571727,0.36399993055730917
F001700,0.0,0.3635678391959799,0.2777777777777778,0.0962250448649376,0.0,1.0,1.0,1.0,0.0,real,3,0.3701005025125628,0.3635678391959799,0.021105527638190954,0.015829145728643215,0.18895583444862502,0.3636712456756142
F001701,0.0,0.3635678391959799,0.1527777777777777,0.3367876570272816,0.0,1.0,1.0,1.0,0.0,real,3,0.3701005025125628,0.3635678391959799,0.2947236180904523,0.22104271356783922,0.23958893083507993,0.3650118368223024
F001702,0.0,0.3635678391959799,0.5972222222222222,0.393817968854384,0.25,1.0,1.0,1.0,0.25,real,3,0.8304020100502513,0.3635678391959799,0.48266331658291456,0.3619974874371859,0.6156032991591122,0.5325606360950481
F001703,0.0,0.3635678391959799,0.3333333333333333,1.1547005383792517,0.25,1.0,1.0,1.0,0.25,real,3,0.8304020100502513,0.3635678391959799,0.9967336683417085,0.7475502512562814,0.8290458258629833,0.7125498409131082
F001704,0.0,0.3635678391959799,0.3888888888888889,0.4811252243246881,0.0,1.0,1.0,1.0,0.0,real,3,0.3701005025125628,0.3635678391959799,0.5391959798994975,0.40439698492462317,0.28482860281306027,0.3662096285447337
F001705,0.0,0.3635678391959799,0.0833333333333333,0.2886751345948128,0.25,1.0,1.0,1.0,0.25,real,3,0.8304020100502513,0.3635678391959799,0.228391959798995,0.17129396984924625,0.5100295762733265,0.4435337175828893
F001706,0.0,0.3635678391959799,0.5277777777777778,0.4194352464039305,0.0,1.0,1.0,1.0,0.0,real,3,0.3701005025125628,0.3635678391959799,0.5165829145728643,0.38743718592964826,0.2806440493926921,0.36609883588798264
F001707,0.0,0.3635678391959799,0.1388888888888888,0.2545875386086578,0.25,1.0,1.0,1.0,0.25,real,3,0.8304020100502513,0.3635678391959799,0.1771356783919598,0.13285175879396985,0.48874791671927476,0.42558757985909446
F001708,0.0,0.3635678391959799,0.0,0.0,0.0,1.0,1.0,1.0,0.0,real,3,0.3701005025125628,0.3635678391959799,0.005527638190954774,0.004145728643216081,0.1860731420923714,0.363594921845408
F001709,0.125,0.8168341708542713,0.625,0.25,0.5,1.0,1.0,1.0,0.5,real,3,0.9587939698492463,0.8168341708542713,0.1349246231155779,0.10119346733668343,0.5440794424383223,0.8311995751369914
F001710,0.01116454968463,0.7346733668341708,0.5416666666666666,0.1443375672974064,0.0,1.0,1.0,1.0,0.0,real,3,0.3701005025125628,0.7346733668341708,0.06030150753768844,0.04522613065326633,0.1962090603772632,0.7181851468397262
F001711,0.0,0.3635678391959799,0.1944444444444444,0.3469443332443554,0.0,1.0,1.0,1.0,0.0,real,3,0.3701005025125628,0.3635678391959799,0.33341708542713566,0.25006281407035175,0.2467491666877099,0.36520141536829875
F001712,0.0,0.3635678391959799,0.125,0.25,0.0,1.0,1.0,1.0,0.0,real,3,0.3701005025125628,0.3635678391959799,0.1349246231155779,0.10119346733668343,0.21001808666447816,0.36422890204792807
F001713,0.0,0.3635678391959799,0.125,0.25,0.0,1.0,1.0,1.0,0.0,real,3,0.3701005025125628,0.3635678391959799,0.1349246231155779,0.10119346733668343,0.21001808666447816,0.36422890204792807
F001714,0.0,0.3635678391959799,0.1944444444444444,0.3469443332443554,0.0,1.0,1.0,1.0,0.0,real,3,0.3701005025125628,0.3635678391959799,0.33341708542713566,0.25006281407035175,0.2467491666877099,0.36520141536829875
F001715,0.0,0.3635678391959799,0.6388888888888888,0.8552669065744807,0.0,1.0,1.0,1.0,0.0,real,3,0.3701005025125628,0.3635678391959799,0.928894472361809,0.6966708542713568,0.3569424067574051,0.3681189553294109
F001716,0.0,0.3635678391959799,0.5972222222222222,0.393817968854384,0.25,1.0,1.0,1.0,0.25,real,3,0.8304020100502513,0.3635678391959799,0.48266331658291456,0.3619974874371859,0.6156032991591122,0.5325606360950481
F001717,0.0,0.3635678391959799,0.3055555555555556,0.6735753140545634,0.0,1.0,1.0,1.0,0.0,real,3,0.3701005025125628,0.3635678391959799,0.8160804020100503,0.6120603015075377,0.33606613469356833,0.36756622307517484
F001718,0.1898569058357866,0.864321608040201,0.7222222222222222,0.5091750772173156,0.0,1.0,1.0,1.0,0.0,real,3,0.3701005025125628,0.864321608040201,0.6321608040201006,0.4741206030150754,0.3020317668745739,0.6300011994646599
F001719,0.0,0.3635678391959799,0.25,0.5,0.0,1.0,1.0,1.0,0.0,real,3,0.3701005025125628,0.3635678391959799,0.5793969849246231,0.4345477386934673,0.29226780889371484,0.36640659326784675
F001720,0.3222409918479341,0.9193467336683416,0.7638888888888888,0.4110735718596873,0.0,1.0,1.0,1.0,0.0,real,3,0.3701005025125628,0.9193467336683416,0.507035175879397,0.3802763819095477,0.27887723794853664,0.7104813641069669
F001721,0.5949284529178934,0.9836683417085428,0.8611111111111112,0.2545875386086578,0.25,1.0,1.0,1.0,0.25,real,3,0.8304020100502513,0.9836683417085428,0.1771356783919598,0.13285175879396985,0.48874791671927476,0.9633066399838388
F001722,0.0,0.3635678391959799,0.4027777777777778,0.1734721666221777,0.0,1.0,1.0,1.0,0.0,real,3,0.3701005025125628,0.3635678391959799,0.08819095477386935,0.06614321608040201,0.20137000959571727,0.36399993055730917
F001723,0.0,0.3635678391959799,0.25,0.5,0.0,1.0,1.0,1.0,0.0,real,3,0.3701005025125628,0.3635678391959799,0.5793969849246231,0.4345477386934673,0.29226780889371484,0.36640659326784675
F001724,0.0,0.3635678391959799,0.5555555555555556,0.5357583756107197,0.25,1.0,1.0,1.0,0.25,real,3,0.8304020100502513,0.3635678391959799,0.6798994974874372,0.5099246231155778,0.6974959596979875,0.6016180778263175
F001725,0.0,0.3635678391959799,0.2083333333333333,0.5204164998665333,0.0,1.0,1.0,1.0,0.0,real,3,0.3701005025125628,0.3635678391959799,0.6665829145728643,0.49993718592964825,0.3084015870811343,0.36683376051109823
F001726,0.0,0.3635678391959799,0.25,0.5,0.0,1.0,1.0,1.0,0.0,real,3,0.3701005025125628,0.3635678391959799,0.5793969849246231,0.4345477386934673,0.29226780889371484,0.36640659326784675
F001727,0.0,0.3635678391959799,0.6111111111111112,0.693888666488711,0.0,1.0,1.0,1.0,0.0,real,3,0.3701005025125628,0.3635678391959799,0.8351758793969849,0.6263819095477386,0.33959975758187927,0.36765978131865357
F001728,0.0,0.3635678391959799,0.625,0.6614378277661477,0.0,1.0,1.0,1.0,0.0,real,3,0.3701005025125628,0.3635678391959799,0.8,0.6000000000000001,0.33309045226130657,0.3674874371859297
F001729,0.0,0.3635678391959799,0.2222222222222222,0.5091750772173156,0.0,1.0,1.0,1.0,0.0,real,3,0.3701005025125628,0.3635678391959799,0.6321608040201006,0.4741206030150754,0.3020317668745739,0.36666510946693265
F001730,0.0,0.3635678391959799,0.5972222222222222,0.393817968854384,0.0,1.0,1.0,1.0,0.0,real,3,0.3701005025125628,0.3635678391959799,0.48266331658291456,0.3619974874371859,0.27436721926213986,0.365932646902856
F001731,0.01116454968463,0.7346733668341708,0.5416666666666666,0.1443375672974064,0.25,1.0,1.0,1.0,0.25,real,3,0.8304020100502513,0.7346733668341708,0.06030150753768844,0.04522613065326633,0.4402382515593041,0.7390028029595213
F001732,0.0,0.3635678391959799,0.5555555555555556,0.5357583756107197,0.0,1.0,1.0,1.0,0.0,real,3,0.3701005025125628,0.3635678391959799,0.6798994974874372,0.5099246231155778,0.31086582409535113,0.3668990050756294
F001733,0.0,0.3635678391959799,0.0833333333333333,0.2886751345948128,0.0,1.0,1.0,1.0,0.0,real,3,0.3701005025125628,0.3635678391959799,0.228391959798995,0.17129396984924625,0.22731424080199994,0.36468684502916593
F001734,0.1020902318637188,0.8077889447236181,0.7083333333333334,0.6291528696058958,0.0,1.0,1.0,1.0,0.0,real,3,0.3701005025125628,0.8077889447236181,0.7695979899497487,0.5771984924623115,0.32746455266281155,0.5551558357112194
F001735,0.0,0.3635678391959799,0.3055555555555556,0.3469443332443555,0.0,1.0,1.0,1.0,0.0,real,3,0.3701005025125628,0.3635678391959799,0.37613065326633166,0.2820979899497488,0.25465332314840533,0.36541069038660645
F001736,0.0,0.3635678391959799,0.3194444444444444,0.3757708127352411,0.0,1.0,1.0,1.0,0.0,real,3,0.3701005025125628,0.3635678391959799,0.3969849246231156,0.29773869346733667,0.2585124113027449,0.36551286583672127
F001737,0.3231250834000667,0.9236180904522612,0.7916666666666667,0.5204164998665333,0.5,1.0,1.0,1.0,0.5,real,3,0.9587939698492463,0.9236180904522612,0.6665829145728643,0.49993718592964825,0.7989548243731219,0.9412038206105906
F001738,0.0,0.3635678391959799,0.6388888888888888,0.7515416254704823,0.5,1.0,1.0,1.0,0.5,real,3,0.9587939698492463,0.3635678391959799,0.8728643216080402,0.6546482412060302,0.897845508951794,0.7532315787480115
F001739,0.0,0.3635678391959799,0.2083333333333333,0.5204164998665333,0.0,1.0,1.0,1.0,0.0,real,3,0.3701005025125628,0.3635678391959799,0.6665829145728643,0.49993718592964825,0.3084015870811343,0.36683376051109823
F001740,0.0,0.3635678391959799,0.1944444444444444,0.3469443332443554,0.0,1.0,1.0,1.0,0.0,real,3,0.3701005025125628,0.3635678391959799,0.33341708542713566,0.25006281407035175,0.2467491666877099,0.36520141536829875
F001741,0.0,0.3635678391959799,0.1944444444444444,0.3469443332443554,0.0,1.0,1.0,1.0,0.0,real,3,0.3701005025125628,0.3635678391959799,0.33341708542713566,0.25006281407035175,0.2467491666877099,0.36520141536829875
F001742,0.0,0.3635678391959799,0.2777777777777778,0.0962250448649376,0.0,1.0,1.0,1.0,0.0,real,3,0.3701005025125628,0.3635678391959799,0.021105527638190954,0.015829145728643215,0.18895583444862502,0.3636712456756142
F001743,0.0,0.3635678391959799,0.4166666666666667,1.0408329997330663,0.0,1.0,1.0,1.0,0.0,real,3,0.3701005025125628,0.3635678391959799,0.9811557788944724,0.7358668341708543,0.366613374662256,0.3683750094694579
F001744,0.0,0.3635678391959799,0.4861111111111111,0.9141379262169074,0.0,1.0,1.0,1.0,0.0,real,3,0.3701005025125628,0.3635678391959799,0.9492462311557789,0.7119346733668341,0.3607085048357365,0.3682186687204868
F001745,0.0,0.3635678391959799,0.3194444444444444,0.1272937693043289,0.0,1.0,1.0,1.0,0.0,real,3,0.3701005025125628,0.3635678391959799,0.03869346733668342,0.029020100502512566,0.1922104871089114,0.36375741774197623
F001746,0.0,0.3635678391959799,0.0,0.0,0.0,1.0,1.0,1.0,0.0,real,3,0.3701005025125628,0.3635678391959799,0.005527638190954774,0.004145728643216081,0.1860731420923714,0.363594921845408
F001747,0.5260506159308034,0.963819095477387,0.8472222222222221,0.3367876570272817,0.25,1.0,1.0,1.0,0.25,real,3,0.8304020100502513,0.963819095477387,0.3005025125628141,0.22537688442211057,0.5399699502537815,0.9337499684351406
F001748,0.061411169010459,0.8010050251256281,0.6527777777777778,0.488288773090193,0.0,1.0,1.0,1.0,0.0,real,3,0.3701005025125628,0.8010050251256281,0.5447236180904522,0.40854271356783917,0.2858514936491503,0.624962122168632
F001749,0.0,0.3635678391959799,0.375,1.0897247358851685,0.0,1.0,1.0,1.0,0.0,real,3,0.3701005025125628,0.3635678391959799,0.9899497487437185,0.7424623115577889,0.3682407009923992,0.3684180955026388
F001750,0.25,0.8977386934673367,0.75,0.5,0.0,1.0,1.0,1.0,0.0,real,3,0.3701005025125628,0.8977386934673367,0.5793969849246231,0.4345477386934673,0.29226780889371484,0.6684547107396278
F001751,0.0,0.3635678391959799,0.1944444444444444,0.3469443332443554,0.0,1.0,1.0,1.0,0.0,real,3,0.3701005025125628,0.3635678391959799,0.33341708542713566,0.25006281407035175,0.2467491666877099,0.36520141536829875
F001752,0.0,0.3635678391959799,0.6527777777777778,0.6684005230842202,0.0,1.0,1.0,1.0,0.0,real,3,0.3701005025125628,0.3635678391959799,0.8037688442211055,0.6028266331658292,0.3337878778313679,0.3675059026287215
F001753,0.0,0.3635678391959799,0.2777777777777778,0.0962250448649376,0.0,1.0,1.0,1.0,0.0,real,3,0.3701005025125628,0.3635678391959799,0.021105527638190954,0.015829145728643215,0.18895583444862502,0.3636712456756142
F001754,0.3231250834000667,0.9236180904522612,0.7916666666666667,0.5204164998665333,0.0,1.0,1.0,1.0,0.0,real,3,0.3701005025125628,0.9236180904522612,0.6665829145728643,0.49993718592964825,0.3084015870811343,0.6468940651751218
F001755,0.0,0.3635678391959799,0.2777777777777778,0.5091750772173156,0.0,1.0,1.0,1.0,0.0,real,3,0.3701005025125628,0.3635678391959799,0.6321608040201006,0.4741206030150754,0.3020317668745739,0.36666510946693265
F001756,0.0,0.3635678391959799,0.3611111111111111,0.2545875386086578,0.5,1.0,1.0,1.0,0.5,real,3,0.9587939698492463,0.3635678391959799,0.1771356783919598,0.13285175879396985,0.5643152950683064,0.44264467753339565
F001757,0.1898569058357866,0.864321608040201,0.7222222222222222,0.5091750772173156,0.5,1.0,1.0,1.0,0.5,real,3,0.9587939698492463,0.864321608040201,0.6321608040201006,0.4741206030150754,0.7824529683593849,0.9091129011893639
F001758,0.0,0.3635678391959799,0.2361111111111111,0.2097176232019652,0.0,1.0,1.0,1.0,0.0,real,3,0.3701005025125628,0.3635678391959799,0.11708542713567839,0.0878140703517588,0.20671693896618776,0.36414149895204667
F001759,0.0,0.3635678391959799,0.4861111111111111,0.6787106512705898,0.0,1.0,1.0,1.0,0.0,real,3,0.3701005025125628,0.3635678391959799,0.828140703517588,0.6211055276381909,0.3382978965177647,0.3676253124921088
F001760,0.0,0.3635678391959799,0.2083333333333333,0.5204164998665333,0.0,1.0,1.0,1.0,0.0,real,3,0.3701005025125628,0.3635678391959799,0.6665829145728643,0.49993718592964825,0.3084015870811343,0.36683376051109823
F001761,0.1898569058357866,0.864321608040201,0.7222222222222222,0.5091750772173156,0.0,1.0,1.0,1.0,0.0,real,3,0.3701005025125628,0.864321608040201,0.6321608040201006,0.4741206030150754,0.3020317668745739,0.6300011994646599
F001762,0.4376389444889332,0.951005025125628,0.8055555555555556,0.3469443332443555,0.0,1.0,1.0,1.0,0.0,real,3,0.3701005025125628,0.951005025125628,0.37613065326633166,0.2820979899497488,0.25465332314840533,0.787133026943764
F001763,0.0446581987385203,0.7701005025125628,0.6666666666666666,0.5773502691896258,0.0,1.0,1.0,1.0,0.0,real,3,0.3701005025125628,0.7701005025125628,0.7276381909547739,0.5457286432160804,0.3196998813161284,0.5518090452261306
F001764,0.0,0.3635678391959799,0.1388888888888888,0.2545875386086578,0.0,1.0,1.0,1.0,0.0,real,3,0.3701005025125628,0.3635678391959799,0.1771356783919598,0.13285175879396985,0.21782925304916542,0.3644357150071968
F001765,0.0,0.3635678391959799,0.4166666666666667,0.2886751345948129,0.0,1.0,1.0,1.0,0.0,real,3,0.3701005025125628,0.3635678391959799,0.26030150753768844,0.19522613065326633,0.2332191106285195,0.3648431857781369
F001766,0.0,0.3635678391959799,0.4583333333333333,0.3818813079129866,0.0,1.0,1.0,1.0,0.0,real,3,0.3701005025125628,0.3635678391959799,0.4236180904522613,0.31771356783919597,0.2634408853311785,0.36564335496578365
F001767,0.5949284529178934,0.9836683417085428,0.8611111111111112,0.2545875386086578,0.0,1.0,1.0,1.0,0.0,real,3,0.3701005025125628,0.9836683417085428,0.1771356783919598,0.13285175879396985,0.21782925304916542,0.9021547751319412
F001768,0.0,0.3635678391959799,0.4305555555555555,0.7469072033193751,0.0,1.0,1.0,1.0,0.0,real,3,0.3701005025125628,0.3635678391959799,0.8618090452261307,0.646356783919598,0.3445282316103129,0.36779027044771595
F001769,0.0,0.3635678391959799,0.4861111111111111,0.9141379262169074,0.0,1.0,1.0,1.0,0.0,real,3,0.3701005025125628,0.3635678391959799,0.9492462311557789,0.7119346733668341,0.3607085048357365,0.3682186687204868
F001770,0.0,0.3635678391959799,0.2916666666666666,0.5204164998665332,0.0,1.0,1.0,1.0,0.0,real,3,0.3701005025125628,0.3635678391959799,0.657035175879397,0.49277638190954776,0.30663477563697883,0.36678698138935883
F001771,0.0,0.3635678391959799,0.1944444444444444,0.3469443332443554,0.0,1.0,1.0,1.0,0.0,real,3,0.3701005025125628,0.3635678391959799,0.33341708542713566,0.25006281407035175,0.2467491666877099,0.36520141536829875
F001772,0.0,0.3635678391959799,0.3611111111111111,0.2545875386086578,0.0,1.0,1.0,1.0,0.0,real,3,0.3701005025125628,0.3635678391959799,0.1771356783919598,0.13285175879396985,0.21782925304916542,0.3644357150071968
F001773,0.0,0.3635678391959799,0.5555555555555556,0.5357583756107197,0.0,1.0,1.0,1.0,0.0,real,3,0.3701005025125628,0.3635678391959799,0.6798994974874372,0.5099246231155778,0.31086582409535113,0.3668990050756294
F001774,0.0,0.3635678391959799,0.3333333333333333,0.5773502691896258,0.0,1.0,1.0,1.0,0.0,real,3,0.3701005025125628,0.3635678391959799,0.7276381909547739,0.5457286432160804,0.3196998813161284,0.36713290068432614
F001775,0.1485783278408043,0.8238693467336683,0.7361111111111112,0.6472877887628358,0.25,1.0,1.0,1.0,0.25,real,3,0.8304020100502513,0.8238693467336683,0.7924623115577889,0.5943467336683417,0.7442321532284538,0.8277520138380344
F001776,0.0521012318616071,0.7947236180904522,0.6944444444444444,0.6735753140545634,0.0,1.0,1.0,1.0,0.0,real,3,0.3701005025125628,0.7947236180904522,0.8160804020100503,0.6120603015075377,0.33606613469356833,0.5348286659427792
F001777,0.0,0.3635678391959799,0.6527777777777778,0.6684005230842202,0.25,1.0,1.0,1.0,0.25,real,3,0.8304020100502513,0.3635678391959799,0.8037688442211055,0.6028266331658292,0.7489266369536123,0.6449879106588218
F001778,0.0,0.3635678391959799,0.1388888888888888,0.2545875386086578,0.0,1.0,1.0,1.0,0.0,real,3,0.3701005025125628,0.3635678391959799,0.1771356783919598,0.13285175879396985,0.21782925304916542,0.3644357150071968
F001779,0.0,0.3635678391959799,0.1666666666666666,0.5773502691896258,0.0,1.0,1.0,1.0,0.0,real,3,0.3701005025125628,0.3635678391959799,0.7276381909547739,0.5457286432160804,0.3196998813161284,0.36713290068432614
F001780,0.0,0.3635678391959799,0.0,0.0,0.25,1.0,1.0,1.0,0.25,real,3,0.8304020100502513,0.3635678391959799,0.005527638190954774,0.004145728643216081,0.4174960859574253,0.3655032069897225
F001781,0.0,0.3635678391959799,0.3611111111111111,0.2545875386086578,0.0,1.0,1.0,1.0,0.0,real,3,0.3701005025125628,0.3635678391959799,0.1771356783919598,0.13285175879396985,0.21782925304916542,0.3644357150071968
F001782,0.0,0.3635678391959799,0.625,0.6614378277661477,0.0,1.0,1.0,1.0,0.0,real,3,0.3701005025125628,0.3635678391959799,0.8,0.6000000000000001,0.33309045226130657,0.3674874371859297
F001783,0.0,0.3635678391959799,0.5555555555555556,0.5357583756107197,0.0,1.0,1.0,1.0,0.0,real,3,0.3701005025125628,0.3635678391959799,0.6798994974874372,0.5099246231155778,0.31086582409535113,0.3668990050756294
F001784,0.1732257047434905,0.8477386934673367,0.6805555555555556,0.3757708127352411,0.25,1.0,1.0,1.0,0.25,real,3,0.8304020100502513,0.8477386934673367,0.3969849246231156,0.29773869346733667,0.580029544708467,0.8425768919976767
F001785,0.0,0.3635678391959799,0.3194444444444444,0.1272937693043289,0.0,1.0,1.0,1.0,0.0,real,3,0.3701005025125628,0.3635678391959799,0.03869346733668342,0.029020100502512566,0.1922104871089114,0.36375741774197623
F001786,0.0,0.3635678391959799,0.3888888888888889,0.6309898162000305,0.0,1.0,1.0,1.0,0.0,real,3,0.3701005025125628,0.3635678391959799,0.7751256281407035,0.5813442211055276,0.3284874434989016,0.36736556526350345
F001787,0.0,0.3635678391959799,0.5277777777777778,0.4194352464039305,0.0,1.0,1.0,1.0,0.0,real,3,0.3701005025125628,0.3635678391959799,0.5165829145728643,0.38743718592964826,0.2806440493926921,0.36609883588798264
F001788,0.0,0.3635678391959799,0.5138888888888888,0.2926570486903538,0.5,1.0,1.0,1.0,0.5,real,3,0.9587939698492463,0.3635678391959799,0.2829145728643216,0.21218592964824118,0.6150253781470165,0.4898664490795687
F001789,0.0,0.3635678391959799,0.3472222222222222,0.5672382737961704,0.5,1.0,0.5,0.5,0.5,real,3,0.9587939698492463,0.3635678391959799,0.7017587939698492,0.26315954773869343,0.40790901744905433,0.520207278540946
F001790,0.4376389444889332,0.951005025125628,0.8055555555555556,0.3469443332443555,0.0,1.0,1.0,1.0,0.0,real,3,0.3701005025125628,0.951005025125628,0.37613065326633166,0.2820979899497488,0.25465332314840533,0.787133026943764
F001791,0.0,0.3635678391959799,0.3333333333333333,0.2886751345948129,0.25,1.0,1.0,1.0,0.25,real,3,0.8304020100502513,0.3635678391959799,0.26030150753768844,0.19522613065326633,0.5232784525643291,0.45470606802858515
F001792,0.0,0.3635678391959799,0.2222222222222222,0.769800358919501,0.5,1.0,1.0,1.0,0.5,real,3,0.9587939698492463,0.3635678391959799,0.9007537688442211,0.6755653266331658,0.9112156258680336,0.7656819745713492
F001793,0.0,0.3635678391959799,0.1944444444444444,0.3469443332443554,0.0,1.0,1.0,1.0,0.0,real,3,0.3701005025125628,0.3635678391959799,0.33341708542713566,0.25006281407035175,0.2467491666877099,0.36520141536829875
F001794,0.0,0.3635678391959799,0.1666666666666666,0.5773502691896258,0.0,1.0,1.0,1.0,0.0,real,3,0.3701005025125628,0.3635678391959799,0.7276381909547739,0.5457286432160804,0.3196998813161284,0.36713290068432614
F001795,0.0,0.3635678391959799,0.1944444444444444,0.3469443332443554,0.25,1.0,1.0,1.0,0.25,real,3,0.8304020100502513,0.3635678391959799,0.33341708542713566,0.25006281407035175,0.5536361139870205,0.48030570566399833
F001796,0.0,0.3635678391959799,0.2361111111111111,0.2097176232019652,0.0,1.0,1.0,1.0,0.0,real,3,0.3701005025125628,0.3635678391959799,0.11708542713567839,0.0878140703517588,0.20671693896618776,0.36414149895204667
F001797,0.0,0.3635678391959799,0.1944444444444444,0.3469443332443554,0.25,1.0,1.0,1.0,0.25,real,3,0.8304020100502513,0.3635678391959799,0.33341708542713566,0.25006281407035175,0.5536361139870205,0.48030570566399833
F001798,0.0,0.3635678391959799,0.5972222222222222,0.393817968854384,0.0,1.0,1.0,1.0,0.0,real,3,0.3701005025125628,0.3635678391959799,0.48266331658291456,0.3619974874371859,0.27436721926213986,0.365932646902856
F001799,1.0,0.9987437185929648,1.0,0.0,0.0,1.0,1.0,1.0,0.0,real,3,0.3701005025125628,0.9987437185929648,0.005527638190954774,0.004145728643216081,0.1860731420923714,0.9961375344056969
F001800,0.0,0.3635678391959799,0.1944444444444444,0.3469443332443554,0.0,1.0,1.0,1.0,0.0,real,3,0.3701005025125628,0.3635678391959799,0.33341708542713566,0.25006281407035175,0.2467491666877099,0.36520141536829875
F001801,0.1889957660359268,0.8522613065326633,0.6666666666666666,0.2886751345948129,0.25,1.0,1.0,1.0,0.25,real,3,0.8304020100502513,0.8522613065326633,0.26030150753768844,0.19522613065326633,0.5232784525643291,0.8479938006615995
F001802,0.0,0.3635678391959799,0.4305555555555555,0.9871864246620478,0.5,1.0,1.0,1.0,0.5,real,3,0.9587939698492463,0.3635678391959799,0.9628140703517588,0.7221105527638191,0.9409671472942603,0.7933869094214793
F001803,0.0,0.3635678391959799,0.6527777777777778,0.9292071490932072,0.5,1.0,1.0,1.0,0.5,real,3,0.9587939698492463,0.3635678391959799,0.9567839195979899,0.7175879396984924,0.9380763112042625,0.7906949319461629
F001804,0.0,0.3635678391959799,0.2083333333333333,0.3818813079129866,0.0,1.0,1.0,1.0,0.0,real,3,0.3701005025125628,0.3635678391959799,0.4236180904522613,0.31771356783919597,0.2634408853311785,0.36564335496578365
F001805,0.0,0.3635678391959799,0.3194444444444444,0.1272937693043289,0.0,1.0,1.0,1.0,0.0,real,3,0.3701005025125628,0.3635678391959799,0.03869346733668342,0.029020100502512566,0.1922104871089114,0.36375741774197623
F001806,0.0,0.3635678391959799,0.1944444444444444,0.3469443332443554,0.0,1.0,1.0,1.0,0.0,real,3,0.3701005025125628,0.3635678391959799,0.33341708542713566,0.25006281407035175,0.2467491666877099,0.36520141536829875
F001807,0.3009680169468978,0.9133165829145728,0.7777777777777778,0.5091750772173156,0.0,1.0,1.0,1.0,0.0,real,3,0.3701005025125628,0.9133165829145728,0.6321608040201006,0.4741206030150754,0.3020317668745739,0.6557666473068862
F001808,0.0,0.3635678391959799,0.3888888888888889,0.4811252243246881,0.75,1.0,1.0,1.0,0.75,real,3,0.9987437185929648,0.3635678391959799,0.5391959798994975,0.40439698492462317,0.7686311583040832,0.6204310497209666
F001809,0.0,0.3635678391959799,0.1388888888888888,0.2545875386086578,0.0,1.0,1.0,1.0,0.0,real,3,0.3701005025125628,0.3635678391959799,0.1771356783919598,0.13285175879396985,0.21782925304916542,0.3644357150071968
F001810,0.2224894150898172,0.8839195979899498,0.7916666666666667,0.7216878364870323,0.0,1.0,1.0,1.0,0.0,real,3,0.3701005025125628,0.8839195979899498,0.857286432160804,0.642964824120603,0.3436913209262392,0.5535519936365244
F001811,0.0,0.3635678391959799,0.5555555555555556,0.5357583756107197,0.25,1.0,1.0,1.0,0.25,real,3,0.8304020100502513,0.3635678391959799,0.6798994974874372,0.5099246231155778,0.6974959596979875,0.6016180778263175
F001812,0.0,0.3635678391959799,0.4166666666666667,1.0408329997330663,0.0,1.0,1.0,1.0,0.0,real,3,0.3701005025125628,0.3635678391959799,0.9811557788944724,0.7358668341708543,0.366613374662256,0.3683750094694579
F001813,0.0,0.3635678391959799,0.25,0.5,0.0,1.0,1.0,1.0,0.0,real,3,0.3701005025125628,0.3635678391959799,0.5793969849246231,0.4345477386934673,0.29226780889371484,0.36640659326784675
F001814,0.0,0.3635678391959799,0.2361111111111111,0.2097176232019652,0.0,1.0,1.0,1.0,0.0,real,3,0.3701005025125628,0.3635678391959799,0.11708542713567839,0.0878140703517588,0.20671693896618776,0.36414149895204667
F001815,0.0,0.3635678391959799,0.4722222222222222,0.4194352464039305,0.5,1.0,1.0,1.0,0.5,real,3,0.9587939698492463,0.3635678391959799,0.5165829145728643,0.38743718592964826,0.7270452766344284,0.5941805762480745
F001816,0.1485783278408043,0.8238693467336683,0.7361111111111112,0.6472877887628358,0.0,1.0,1.0,1.0,0.0,real,3,0.3701005025125628,0.8238693467336683,0.7924623115577889,0.5943467336683417,0.3316956011211838,0.5541733163303957
F001817,0.0,0.3635678391959799,0.25,0.5,0.0,1.0,1.0,1.0,0.0,real,3,0.3701005025125628,0.3635678391959799,0.5793969849246231,0.4345477386934673,0.29226780889371484,0.36640659326784675
F001818,0.0,0.3635678391959799,0.4861111111111111,0.4589642122738419,0.0,1.0,1.0,1.0,0.0,real,3,0.3701005025125628,0.3635678391959799,0.5329145728643216,0.39968592964824123,0.283666226862958,0.36617885280674733
F001819,0.0,0.3635678391959799,0.5,0.0,0.0,1.0,1.0,1.0,0.0,real,3,0.3701005025125628,0.3635678391959799,0.005527638190954774,0.004145728643216081,0.1860731420923714,0.363594921845408
F001820,0.0223290993692601,0.7540201005025126,0.5833333333333334,0.2886751345948129,0.0,1.0,1.0,1.0,0.0,real,3,0.3701005025125628,0.7540201005025126,0.26030150753768844,0.19522613065326633,0.2332191106285195,0.6790689629049772
F001821,0.0446581987385203,0.7701005025125628,0.6666666666666666,0.5773502691896258,0.25,1.0,1.0,1.0,0.25,real,3,0.8304020100502513,0.7701005025125628,0.7276381909547739,0.5457286432160804,0.7173171132042121,0.8030087624049898
F001822,0.0,0.3635678391959799,0.125,0.25,0.0,1.0,1.0,1.0,0.0,real,3,0.3701005025125628,0.3635678391959799,0.1349246231155779,0.10119346733668343,0.21001808666447816,0.36422890204792807
F001823,0.0,0.3635678391959799,0.3194444444444444,0.8988160937424132,0.25,1.0,1.0,1.0,0.25,real,3,0.8304020100502513,0.3635678391959799,0.9434673366834171,0.7076005025125628,0.8069295914244591,0.6938999330824979
F001824,0.0,0.3635678391959799,0.25,0.5,0.0,1.0,1.0,1.0,0.0,real,3,0.3701005025125628,0.3635678391959799,0.5793969849246231,0.4345477386934673,0.29226780889371484,0.36640659326784675
F001825,0.0,0.3635678391959799,0.3611111111111111,0.7515416254704823,0.0,1.0,1.0,1.0,0.0,real,3,0.3701005025125628,0.3635678391959799,0.8728643216080402,0.6546482412060302,0.3465740132824929,0.3678444357465721
F001826,0.0,0.3635678391959799,0.2361111111111111,0.2097176232019652,0.0,1.0,1.0,1.0,0.0,real,3,0.3701005025125628,0.3635678391959799,0.11708542713567839,0.0878140703517588,0.20671693896618776,0.36414149895204667
F001827,0.3779915320718537,0.9329145728643216,0.8333333333333333,0.5773502691896258,0.0,1.0,1.0,1.0,0.0,real,3,0.3701005025125628,0.9329145728643216,0.7276381909547739,0.5457286432160804,0.3196998813161284,0.6257708138683367
F001828,0.0,0.3635678391959799,0.5277777777777778,0.8221471437193746,0.0,1.0,1.0,1.0,0.0,real,3,0.3701005025125628,0.3635678391959799,0.9208542713567839,0.6906407035175879,0.35545456554127425,0.3680795623847883
F001829,0.5260506159308034,0.963819095477387,0.8472222222222221,0.3367876570272817,0.0,1.0,1.0,1.0,0.0,real,3,0.3701005025125628,0.963819095477387,0.3005025125628141,0.22537688442211057,0.240658316709174,0.8300086487714957
F001830,0.0,0.3635678391959799,0.375,1.0897247358851685,0.0,1.0,1.0,1.0,0.0,real,3,0.3701005025125628,0.3635678391959799,0.9899497487437185,0.7424623115577889,0.3682407009923992,0.3684180955026388
F001831,0.0,0.3635678391959799,0.0833333333333333,0.2886751345948128,0.0,1.0,1.0,1.0,0.0,real,3,0.3701005025125628,0.3635678391959799,0.228391959798995,0.17129396984924625,0.22731424080199994,0.36468684502916593
F001832,0.0,0.3635678391959799,0.0416666666666666,0.1443375672974064,0.0,1.0,1.0,1.0,0.0,real,3,0.3701005025125628,0.3635678391959799,0.06030150753768844,0.04522613065326633,0.1962090603772632,0.3638632862806495
F001833,0.0,0.3635678391959799,0.2222222222222222,0.0962250448649376,0.25,1.0,1.0,1.0,0.25,real,3,0.8304020100502513,0.3635678391959799,0.021105527638190954,0.015829145728643215,0.42396404131208804,0.37095742531754244
F001834,0.2224894150898172,0.8839195979899498,0.7916666666666667,0.7216878364870323,0.0,1.0,1.0,1.0,0.0,real,3,0.3701005025125628,0.8839195979899498,0.857286432160804,0.642964824120603,0.3436913209262392,0.5535519936365244
F001835,0.0223290993692601,0.7540201005025126,0.5833333333333334,0.2886751345948129,0.0,1.0,1.0,1.0,0.0,real,3,0.3701005025125628,0.7540201005025126,0.26030150753768844,0.19522613065326633,0.2332191106285195,0.6790689629049772
F001836,0.0,0.3635678391959799,0.3333333333333333,0.2886751345948129,0.0,1.0,1.0,1.0,0.0,real,3,0.3701005025125628,0.3635678391959799,0.26030150753768844,0.19522613065326633,0.2332191106285195,0.3648431857781369
F001837,0.0,0.3635678391959799,0.4444444444444444,0.5357583756107198,0.0,1.0,1.0,1.0,0.0,real,3,0.3701005025125628,0.3635678391959799,0.6912060301507538,0.5184045226130654,0.3129581008055352,0.3669544014040049
F001838,0.0,0.3635678391959799,0.1944444444444444,0.3469443332443554,0.25,1.0,1.0,1.0,0.25,real,3,0.8304020100502513,0.3635678391959799,0.33341708542713566,0.25006281407035175,0.5536361139870205,0.48030570566399833
F001839,0.0,0.3635678391959799,0.0555555555555555,0.1924500897298752,0.0,1.0,1.0,1.0,0.0,real,3,0.3701005025125628,0.3635678391959799,0.1,0.07500000000000001,0.20355527638190957,0.3640577889447236
F001840,0.0,0.3635678391959799,0.0416666666666666,0.1443375672974064,0.0,1.0,1.0,1.0,0.0,real,3,0.3701005025125628,0.3635678391959799,0.06030150753768844,0.04522613065326633,0.1962090603772632,0.3638632862806495
F001841,0.0223290993692601,0.7540201005025126,0.5833333333333334,0.2886751345948129,0.0,1.0,1.0,1.0,0.0,real,3,0.3701005025125628,0.7540201005025126,0.26030150753768844,0.19522613065326633,0.2332191106285195,0.6790689629049772
F001842,0.0,0.3635678391959799,0.4444444444444444,0.5357583756107198,0.25,1.0,1.0,1.0,0.25,real,3,0.8304020100502513,0.3635678391959799,0.6912060301507538,0.5184045226130654,0.7021904434231458,0.6055767846771547
F001843,0.0,0.3635678391959799,0.5972222222222222,0.393817968854384,0.0,1.0,1.0,1.0,0.0,real,3,0.3701005025125628,0.3635678391959799,0.48266331658291456,0.3619974874371859,0.27436721926213986,0.365932646902856
F001844,0.0,0.3635678391959799,0.3611111111111111,0.2545875386086578,0.25,1.0,1.0,1.0,0.25,real,3,0.8304020100502513,0.3635678391959799,0.1771356783919598,0.13285175879396985,0.48874791671927476,0.42558757985909446
F001845,0.0,0.3635678391959799,0.5416666666666666,0.3818813079129866,0.0,1.0,1.0,1.0,0.0,real,3,0.3701005025125628,0.3635678391959799,0.4236180904522613,0.31771356783919597,0.2634408853311785,0.36564335496578365
F001846,0.0,0.3635678391959799,0.3194444444444444,0.1272937693043289,0.25,1.0,1.0,1.0,0.25,real,3,0.8304020100502513,0.3635678391959799,0.03869346733668342,0.029020100502512566,0.4312665715512235,0.377115413752178
F001847,0.0,0.3635678391959799,0.2777777777777778,0.0962250448649376,0.25,1.0,1.0,1.0,0.25,real,3,0.8304020100502513,0.3635678391959799,0.021105527638190954,0.015829145728643215,0.42396404131208804,0.37095742531754244
F001848,0.1485783278408043,0.8238693467336683,0.7361111111111112,0.6472877887628358,0.25,1.0,1.0,1.0,0.25,real,3,0.8304020100502513,0.8238693467336683,0.7924623115577889,0.5943467336683417,0.7442321532284538,0.8277520138380344
F001849,0.0,0.3635678391959799,0.3888888888888889,0.4811252243246881,0.0,1.0,1.0,1.0,0.0,real,3,0.3701005025125628,0.3635678391959799,0.5391959798994975,0.40439698492462317,0.28482860281306027,0.3662096285447337
F001850,0.0,0.3635678391959799,0.2361111111111111,0.2097176232019652,0.0,1.0,1.0,1.0,0.0,real,3,0.3701005025125628,0.3635678391959799,0.11708542713567839,0.0878140703517588,0.20671693896618776,0.36414149895204667
F001851,0.0,0.3635678391959799,0.2916666666666666,0.3818813079129867,0.0,1.0,1.0,1.0,0.0,real,3,0.3701005025125628,0.3635678391959799,0.4402010050251256,0.3301507537688442,0.2665095578394485,0.36572460291406783
F001852,0.0,0.3635678391959799,0.4861111111111111,0.9141379262169074,0.0,1.0,1.0,1.0,0.0,real,3,0.3701005025125628,0.3635678391959799,0.9492462311557789,0.7119346733668341,0.3607085048357365,0.3682186687204868
F001853,0.0,0.3635678391959799,0.5972222222222222,0.393817968854384,0.25,1.0,1.0,1.0,0.25,real,3,0.8304020100502513,0.3635678391959799,0.48266331658291456,0.3619974874371859,0.6156032991591122,0.5325606360950481
F001854,0.3779915320718537,0.9329145728643216,0.8333333333333333,0.5773502691896258,0.5,1.0,1.0,1.0,0.5,real,3,0.9587939698492463,0.9329145728643216,0.7276381909547739,0.5457286432160804,0.828224539784349,0.9470377010681549
F001855,0.01116454968463,0.7346733668341708,0.5416666666666666,0.1443375672974064,0.0,1.0,1.0,1.0,0.0,real,3,0.3701005025125628,0.7346733668341708,0.06030150753768844,0.04522613065326633,0.1962090603772632,0.7181851468397262
F001856,0.0,0.3635678391959799,0.25,0.5,0.0,1.0,1.0,1.0,0.0,real,3,0.3701005025125628,0.3635678391959799,0.5793969849246231,0.4345477386934673,0.29226780889371484,0.36640659326784675
F001857,0.0446581987385203,0.7701005025125628,0.6666666666666666,0.5773502691896258,0.0,1.0,1.0,1.0,0.0,real,3,0.3701005025125628,0.7701005025125628,0.7276381909547739,0.5457286432160804,0.3196998813161284,0.5518090452261306
F001858,0.0,0.3635678391959799,0.3611111111111111,0.8552669065744807,0.0,1.0,1.0,1.0,0.0,real,3,0.3701005025125628,0.3635678391959799,0.928894472361809,0.6966708542713568,0.3569424067574051,0.3681189553294109
F001859,0.1564584167334001,0.842211055276382,0.7083333333333334,0.5204164998665332,0.0,1.0,1.0,1.0,0.0,real,3,0.3701005025125628,0.842211055276382,0.657035175879397,0.49277638190954776,0.30663477563697883,0.6095661252241106
F001860,0.0,0.3635678391959799,0.125,0.25,0.0,1.0,1.0,1.0,0.0,real,3,0.3701005025125628,0.3635678391959799,0.1349246231155779,0.10119346733668343,0.21001808666447816,0.36422890204792807
F001861,0.4510034825212683,0.9595477386934672,0.8194444444444444,0.3757708127352412,0.0,1.0,1.0,1.0,0.0,real,3,0.3701005025125628,0.9595477386934672,0.40804020100502514,0.3060301507537688,0.2605581929749249,0.7791591121436328
F001862,0.0,0.3635678391959799,0.0555555555555555,0.1924500897298752,0.5,1.0,1.0,1.0,0.5,real,3,0.9587939698492463,0.3635678391959799,0.1,0.07500000000000001,0.5273366834170855,0.4082097989949749
F001863,0.0,0.3635678391959799,0.4861111111111111,0.9141379262169074,0.5,1.0,1.0,1.0,0.5,real,3,0.9587939698492463,0.3635678391959799,0.9492462311557789,0.7119346733668341,0.9344627660917655,0.7873299601020176
F001864,0.0,0.3635678391959799,0.3472222222222222,0.488288773090193,0.5,1.0,1.0,1.0,0.5,real,3,0.9587939698492463,0.3635678391959799,0.5447236180904522,0.40854271356783917,0.7405358450544178,0.6067431377995505
F001865,0.1898569058357866,0.864321608040201,0.7222222222222222,0.5091750772173156,0.25,1.0,1.0,1.0,0.25,real,3,0.8304020100502513,0.864321608040201,0.6321608040201006,0.4741206030150754,0.6776748061917629,0.8482396277871771
F001866,0.0,0.3635678391959799,0.25,0.8660254037844386,0.0,1.0,1.0,1.0,0.0,real,3,0.3701005025125628,0.3635678391959799,0.9349246231155779,0.7011934673366834,0.3580582876695033,0.36814850003787786
F001867,0.1077083611333555,0.8103015075376885,0.5972222222222222,0.1734721666221776,0.25,1.0,1.0,1.0,0.25,real,3,0.8304020100502513,0.8103015075376885,0.07839195979899498,0.05879396984924623,0.4477494255195576,0.8114832958763668
F001868,0.0,0.3635678391959799,0.2916666666666666,0.5204164998665332,0.25,1.0,1.0,1.0,0.25,real,3,0.8304020100502513,0.3635678391959799,0.657035175879397,0.49277638190954776,0.6880026703871114,0.5936126928612915
F001869,0.1504840084734488,0.8346733668341708,0.6388888888888888,0.2545875386086578,0.25,1.0,1.0,1.0,0.25,real,3,0.8304020100502513,0.8346733668341708,0.1771356783919598,0.13285175879396985,0.48874791671927476,0.8341059095729906
F001870,0.0,0.3635678391959799,0.2222222222222222,0.5091750772173156,0.0,1.0,1.0,1.0,0.0,real,3,0.3701005025125628,0.3635678391959799,0.6321608040201006,0.4741206030150754,0.3020317668745739,0.36666510946693265
F001871,0.0,0.3635678391959799,0.5972222222222222,0.393817968854384,0.0,1.0,1.0,1.0,0.0,real,3,0.3701005025125628,0.3635678391959799,0.48266331658291456,0.3619974874371859,0.27436721926213986,0.365932646902856
F001872,0.0,0.3635678391959799,0.0833333333333333,0.2886751345948128,0.0,1.0,1.0,1.0,0.0,real,3,0.3701005025125628,0.3635678391959799,0.228391959798995,0.17129396984924625,0.22731424080199994,0.36468684502916593
F001873,0.0,0.3635678391959799,0.1388888888888888,0.2545875386086578,0.0,1.0,1.0,1.0,0.0,real,3,0.3701005025125628,0.3635678391959799,0.1771356783919598,0.13285175879396985,0.21782925304916542,0.3644357150071968
F001874,0.0,0.3635678391959799,0.4027777777777778,0.1734721666221777,0.0,1.0,1.0,1.0,0.0,real,3,0.3701005025125628,0.3635678391959799,0.08819095477386935,0.06614321608040201,0.20137000959571727,0.36399993055730917
F001875,0.0669872981077807,0.8050251256281407,0.75,0.8660254037844386,0.0,1.0,1.0,1.0,0.0,real,3,0.3701005025125628,0.8050251256281407,0.9349246231155779,0.7011934673366834,0.3580582876695033,0.5000588211156284
F001876,0.0,0.3635678391959799,0.1388888888888888,0.2545875386086578,0.0,1.0,1.0,1.0,0.0,real,3,0.3701005025125628,0.3635678391959799,0.1771356783919598,0.13285175879396985,0.21782925304916542,0.3644357150071968
F001877,0.0,0.3635678391959799,0.4027777777777778,0.6364688465216445,0.25,1.0,1.0,1.0,0.25,real,3,0.8304020100502513,0.3635678391959799,0.7829145728643216,0.5871859296482412,0.740267922527209,0.6376862958006111
F001878,0.0,0.3635678391959799,0.3888888888888889,0.693888666488711,0.25,1.0,1.0,1.0,0.25,real,3,0.8304020100502513,0.3635678391959799,0.8351758793969849,0.6263819095477386,0.7619668695234969,0.6559843185778137
F001879,0.0,0.3635678391959799,0.2083333333333333,0.3818813079129866,0.0,1.0,1.0,1.0,0.0,real,3,0.3701005025125628,0.3635678391959799,0.4236180904522613,0.31771356783919597,0.2634408853311785,0.36564335496578365
F001880,0.0,0.3635678391959799,0.3888888888888889,0.6309898162000305,0.0,1.0,1.0,1.0,0.0,real,3,0.3701005025125628,0.3635678391959799,0.7751256281407035,0.5813442211055276,0.3284874434989016,0.36736556526350345
F001881,0.0,0.3635678391959799,0.3194444444444444,0.3757708127352411,0.5,1.0,1.0,1.0,0.5,real,3,0.9587939698492463,0.3635678391959799,0.3969849246231156,0.29773869346733667,0.6697103608494736,0.5407896896543016
F001882,0.0,0.3635678391959799,0.2638888888888888,0.6472877887628358,0.0,1.0,1.0,1.0,0.0,real,3,0.3701005025125628,0.3635678391959799,0.7924623115577889,0.5943467336683417,0.3316956011211838,0.3674505063003459
F001883,0.2224894150898172,0.8839195979899498,0.7916666666666667,0.7216878364870323,0.0,1.0,1.0,1.0,0.0,real,3,0.3701005025125628,0.8839195979899498,0.857286432160804,0.642964824120603,0.3436913209262392,0.5535519936365244
F001884,0.0,0.3635678391959799,0.3194444444444444,0.3757708127352411,0.5,1.0,1.0,1.0,0.5,real,3,0.9587939698492463,0.3635678391959799,0.3969849246231156,0.29773869346733667,0.6697103608494736,0.5407896896543016
F001885,0.0483797153000638,0.7836683417085427,0.6805555555555556,0.6254627916220946,0.0,1.0,1.0,1.0,0.0,real,3,0.3701005025125628,0.7836683417085427,0.7610552763819095,0.5707914572864321,0.32588372137067245,0.5476073520870686
F001886,0.0,0.3635678391959799,0.1944444444444444,0.3469443332443554,0.0,1.0,1.0,1.0,0.0,real,3,0.3701005025125628,0.3635678391959799,0.33341708542713566,0.25006281407035175,0.2467491666877099,0.36520141536829875
F001887,0.0446581987385203,0.7701005025125628,0.6666666666666666,0.5773502691896258,0.25,1.0,1.0,1.0,0.25,real,3,0.8304020100502513,0.7701005025125628,0.7276381909547739,0.5457286432160804,0.7173171132042121,0.8030087624049898
F001888,0.0,0.3635678391959799,0.7083333333333334,1.0103629710818451,0.0,1.0,1.0,1.0,0.0,real,3,0.3701005025125628,0.3635678391959799,0.9685929648241206,0.7264447236180904,0.3642886227620515,0.368313457993485
F001889,0.0,0.3635678391959799,0.5555555555555556,1.0183501544346312,0.5,1.0,1.0,1.0,0.5,real,3,0.9587939698492463,0.3635678391959799,0.9741206030150754,0.7305904522613066,0.946387464963006,0.7984343671876973
F001890,0.0,0.3635678391959799,0.25,0.5,0.0,1.0,1.0,1.0,0.0,real,3,0.3701005025125628,0.3635678391959799,0.5793969849246231,0.4345477386934673,0.29226780889371484,0.36640659326784675
F001891,0.5949284529178934,0.9836683417085428,0.8611111111111112,0.2545875386086578,0.25,1.0,1.0,1.0,0.25,real,3,0.8304020100502513,0.9836683417085428,0.1771356783919598,0.13285175879396985,0.48874791671927476,0.9633066399838388
F001892,0.0,0.3635678391959799,0.2638888888888888,0.2097176232019653,0.0,1.0,1.0,1.0,0.0,real,3,0.3701005025125628,0.3635678391959799,0.12688442211055276,0.09516331658291458,0.20853024544834725,0.3641895091033055
F001893,0.0,0.3635678391959799,0.3611111111111111,0.2545875386086578,0.0,1.0,1.0,1.0,0.0,real,3,0.3701005025125628,0.3635678391959799,0.1771356783919598,0.13285175879396985,0.21782925304916542,0.3644357150071968
F001894,0.0,0.3635678391959799,0.5416666666666666,0.3818813079129866,0.25,1.0,1.0,1.0,0.25,real,3,0.8304020100502513,0.3635678391959799,0.4236180904522613,0.31771356783919597,0.5910876619277291,0.5118873892073432
F001895,0.0,0.3635678391959799,0.5138888888888888,0.6787106512705898,0.25,1.0,1.0,1.0,0.25,real,3,0.8304020100502513,0.3635678391959799,0.828140703517588,0.6211055276381909,0.7590458574278428,0.6535211232039595
F001896,0.0,0.3635678391959799,0.3333333333333333,0.5773502691896258,0.0,1.0,1.0,1.0,0.0,real,3,0.3701005025125628,0.3635678391959799,0.7276381909547739,0.5457286432160804,0.3196998813161284,0.36713290068432614
F001897,0.0,0.3635678391959799,0.5972222222222222,0.393817968854384,0.0,1.0,1.0,1.0,0.0,real,3,0.3701005025125628,0.3635678391959799,0.48266331658291456,0.3619974874371859,0.27436721926213986,0.365932646902856
F001898,0.0,0.3635678391959799,0.5972222222222222,0.393817968854384,0.0,1.0,1.0,1.0,0.0,real,3,0.3701005025125628,0.3635678391959799,0.48266331658291456,0.3619974874371859,0.27436721926213986,0.365932646902856
F001899,0.0,0.3635678391959799,0.0833333333333333,0.2886751345948128,0.0,1.0,1.0,1.0,0.0,real,3,0.3701005025125628,0.3635678391959799,0.228391959798995,0.17129396984924625,0.22731424080199994,0.36468684502916593
F001900,0.0,0.3635678391959799,0.5972222222222222,0.393817968854384,0.0,1.0,1.0,1.0,0.0,real,3,0.3701005025125628,0.3635678391959799,0.48266331658291456,0.3619974874371859,0.27436721926213986,0.365932646902856
F001901,0.0483797153000638,0.7836683417085427,0.6805555555555556,0.6254627916220946,0.0,1.0,1.0,1.0,0.0,real,3,0.3701005025125628,0.7836683417085427,0.7610552763819095,0.5707914572864321,0.32588372137067245,0.5476073520870686
F001902,0.0,0.3635678391959799,0.2916666666666666,0.3818813079129867,0.0,1.0,1.0,1.0,0.0,real,3,0.3701005025125628,0.3635678391959799,0.4402010050251256,0.3301507537688442,0.2665095578394485,0.36572460291406783
F001903,0.3779915320718537,0.9329145728643216,0.8333333333333333,0.5773502691896258,0.0,1.0,1.0,1.0,0.0,real,3,0.3701005025125628,0.9329145728643216,0.7276381909547739,0.5457286432160804,0.3196998813161284,0.6257708138683367
F001904,0.0483797153000638,0.7836683417085427,0.6805555555555556,0.6254627916220946,0.0,1.0,1.0,1.0,0.0,real,3,0.3701005025125628,0.7836683417085427,0.7610552763819095,0.5707914572864321,0.32588372137067245,0.5476073520870686
F001905,0.25,0.8977386934673367,0.75,0.5,0.0,1.0,1.0,1.0,0.0,real,3,0.3701005025125628,0.8977386934673367,0.5793969849246231,0.4345477386934673,0.29226780889371484,0.6684547107396278
F001906,0.0,0.3635678391959799,0.1944444444444444,0.3469443332443554,0.0,1.0,1.0,1.0,0.0,real,3,0.3701005025125628,0.3635678391959799,0.33341708542713566,0.25006281407035175,0.2467491666877099,0.36520141536829875
F001907,0.0,0.3635678391959799,0.5138888888888888,0.2926570486903538,0.0,1.0,1.0,1.0,0.0,real,3,0.3701005025125628,0.3635678391959799,0.2829145728643216,0.21218592964824118,0.23740366404888766,0.364953978434888
F001908,0.4510034825212683,0.9595477386934672,0.8194444444444444,0.3757708127352412,0.5,1.0,1.0,1.0,0.5,real,3,0.9587939698492463,0.9595477386934672,0.40804020100502514,0.3060301507537688,0.6750102270144694,0.9593170627004368
F001909,0.0,0.3635678391959799,0.1944444444444444,0.3469443332443554,0.25,1.0,1.0,1.0,0.25,real,3,0.8304020100502513,0.3635678391959799,0.33341708542713566,0.25006281407035175,0.5536361139870205,0.48030570566399833
F001910,0.1504840084734488,0.8346733668341708,0.6388888888888888,0.2545875386086578,0.25,1.0,1.0,1.0,0.25,real,3,0.8304020100502513,0.8346733668341708,0.1771356783919598,0.13285175879396985,0.48874791671927476,0.8341059095729906
F001911,0.0,0.3635678391959799,0.3194444444444444,0.3757708127352411,0.5,1.0,1.0,1.0,0.5,real,3,0.9587939698492463,0.3635678391959799,0.3969849246231156,0.29773869346733667,0.6697103608494736,0.5407896896543016
F001912,0.0,0.3635678391959799,0.5416666666666666,0.3818813079129866,0.25,1.0,1.0,1.0,0.25,real,3,0.8304020100502513,0.3635678391959799,0.4236180904522613,0.31771356783919597,0.5910876619277291,0.5118873892073432
F001913,0.0,0.3635678391959799,0.3194444444444444,0.3757708127352411,0.0,1.0,1.0,1.0,0.0,real,3,0.3701005025125628,0.3635678391959799,0.3969849246231156,0.29773869346733667,0.2585124113027449,0.36551286583672127
F001914,0.0,0.3635678391959799,0.25,0.8660254037844386,0.0,1.0,1.0,1.0,0.0,real,3,0.3701005025125628,0.3635678391959799,0.9349246231155779,0.7011934673366834,0.3580582876695033,0.36814850003787786
F001915,0.0483797153000638,0.7836683417085427,0.6805555555555556,0.6254627916220946,0.0,1.0,1.0,1.0,0.0,real,3,0.3701005025125628,0.7836683417085427,0.7610552763819095,0.5707914572864321,0.32588372137067245,0.5476073520870686
F001916,0.4376389444889332,0.951005025125628,0.8055555555555556,0.3469443332443555,0.0,1.0,1.0,1.0,0.0,real,3,0.3701005025125628,0.951005025125628,0.37613065326633166,0.2820979899497488,0.25465332314840533,0.787133026943764
F001917,0.0,0.3635678391959799,0.4583333333333333,0.1443375672974064,0.0,1.0,1.0,1.0,0.0,real,3,0.3701005025125628,0.3635678391959799,0.06030150753768844,0.04522613065326633,0.1962090603772632,0.3638632862806495
F001918,0.0,0.3635678391959799,0.1388888888888888,0.2545875386086578,0.25,1.0,1.0,1.0,0.25,real,3,0.8304020100502513,0.3635678391959799,0.1771356783919598,0.13285175879396985,0.48874791671927476,0.42558757985909446
F001919,0.0,0.3635678391959799,0.3194444444444444,0.1272937693043289,0.0,1.0,1.0,1.0,0.0,real,3,0.3701005025125628,0.3635678391959799,0.03869346733668342,0.029020100502512566,0.1922104871089114,0.36375741774197623
F001920,0.0,0.3635678391959799,0.2361111111111111,0.2097176232019652,0.0,1.0,1.0,1.0,0.0,real,3,0.3701005025125628,0.3635678391959799,0.11708542713567839,0.0878140703517588,0.20671693896618776,0.36414149895204667
F001921,0.1898569058357866,0.864321608040201,0.7222222222222222,0.5091750772173156,0.0,1.0,1.0,1.0,0.0,real,3,0.3701005025125628,0.864321608040201,0.6321608040201006,0.4741206030150754,0.3020317668745739,0.6300011994646599
F001922,0.01116454968463,0.7346733668341708,0.5416666666666666,0.1443375672974064,0.5,1.0,1.0,1.0,0.5,real,3,0.9587939698492463,0.7346733668341708,0.06030150753768844,0.04522613065326633,0.5083053458246004,0.7448094745082194
F001923,0.0,0.3635678391959799,0.5555555555555556,0.5357583756107197,0.25,1.0,1.0,1.0,0.25,real,3,0.8304020100502513,0.3635678391959799,0.6798994974874372,0.5099246231155778,0.6974959596979875,0.6016180778263175
F001924,0.0,0.3635678391959799,0.5138888888888888,0.2926570486903538,0.0,1.0,1.0,1.0,0.0,real,3,0.3701005025125628,0.3635678391959799,0.2829145728643216,0.21218592964824118,0.23740366404888766,0.364953978434888
F001925,0.0,0.3635678391959799,0.4027777777777778,0.1734721666221777,0.25,1.0,1.0,1.0,0.25,real,3,0.8304020100502513,0.3635678391959799,0.08819095477386935,0.06614321608040201,0.4518179780813616,0.39444575263250925
F001926,0.0,0.3635678391959799,0.1944444444444444,0.3469443332443554,0.5,1.0,1.0,1.0,0.5,real,3,0.9587939698492463,0.3635678391959799,0.33341708542713566,0.25006281407035175,0.6392361304007474,0.5124117604353425
F001927,0.0,0.3635678391959799,0.2361111111111111,0.2097176232019652,0.0,1.0,1.0,1.0,0.0,real,3,0.3701005025125628,0.3635678391959799,0.11708542713567839,0.0878140703517588,0.20671693896618776,0.36414149895204667
F001928,0.0,0.3635678391959799,0.4444444444444444,0.5357583756107198,0.0,1.0,1.0,1.0,0.0,real,3,0.3701005025125628,0.3635678391959799,0.6912060301507538,0.5184045226130654,0.3129581008055352,0.3669544014040049
F001929,0.0,0.3635678391959799,0.5416666666666666,0.3818813079129866,0.25,1.0,1.0,1.0,0.25,real,3,0.8304020100502513,0.3635678391959799,0.4236180904522613,0.31771356783919597,0.5910876619277291,0.5118873892073432
F001930,0.0,0.3635678391959799,0.3611111111111111,0.7515416254704823,0.0,1.0,1.0,1.0,0.0,real,3,0.3701005025125628,0.3635678391959799,0.8728643216080402,0.6546482412060302,0.3465740132824929,0.3678444357465721
F001931,0.0,0.3635678391959799,0.4027777777777778,0.1734721666221777,0.25,1.0,1.0,1.0,0.25,real,3,0.8304020100502513,0.3635678391959799,0.08819095477386935,0.06614321608040201,0.4518179780813616,0.39444575263250925
F001932,0.0,0.3635678391959799,0.1666666666666666,0.2886751345948128,0.0,1.0,1.0,1.0,0.0,real,3,0.3701005025125628,0.3635678391959799,0.228391959798995,0.17129396984924625,0.22731424080199994,0.36468684502916593
F001933,0.0,0.3635678391959799,0.1944444444444444,0.3469443332443554,0.0,1.0,1.0,1.0,0.0,real,3,0.3701005025125628,0.3635678391959799,0.33341708542713566,0.25006281407035175,0.2467491666877099,0.36520141536829875
F001934,0.0,0.3635678391959799,0.5138888888888888,0.8673608331108886,0.5,1.0,1.0,1.0,0.5,real,3,0.9587939698492463,0.3635678391959799,0.9386934673366835,0.7040201005025126,0.9294038029342693,0.7826189995202142
F001935,0.0223290993692601,0.7540201005025126,0.5833333333333334,0.2886751345948129,0.25,1.0,1.0,1.0,0.25,real,3,0.8304020100502513,0.7540201005025126,0.26030150753768844,0.19522613065326633,0.5232784525643291,0.7689318451554255
F001936,0.0,0.3635678391959799,0.4027777777777778,0.1734721666221777,0.5,1.0,1.0,1.0,0.5,real,3,0.9587939698492463,0.3635678391959799,0.08819095477386935,0.06614321608040201,0.5216754627408399,0.4029380097724805
F001937,0.2257260127101733,0.8886934673366834,0.7083333333333334,0.3818813079129867,0.0,1.0,1.0,1.0,0.0,real,3,0.3701005025125628,0.8886934673366834,0.4402010050251256,0.3301507537688442,0.2665095578394485,0.7174796091007803
F001938,0.0,0.3635678391959799,0.1388888888888888,0.2545875386086578,0.0,1.0,1.0,1.0,0.0,real,3,0.3701005025125628,0.3635678391959799,0.1771356783919598,0.13285175879396985,0.21782925304916542,0.3644357150071968
F001939,0.0,0.3635678391959799,0.5138888888888888,0.2926570486903538,0.25,1.0,1.0,1.0,0.25,real,3,0.8304020100502513,0.3635678391959799,0.2829145728643216,0.21218592964824118,0.5326674200146461,0.46262348173025936
F001940,0.1077083611333555,0.8103015075376885,0.5972222222222222,0.1734721666221776,0.0,1.0,1.0,1.0,0.0,real,3,0.3701005025125628,0.8103015075376885,0.07839195979899498,0.05879396984924623,0.19955670311355775,0.7844203429206333
F001941,0.0,0.3635678391959799,0.3611111111111111,0.2545875386086578,0.25,1.0,1.0,1.0,0.25,real,3,0.8304020100502513,0.3635678391959799,0.1771356783919598,0.13285175879396985,0.48874791671927476,0.42558757985909446
F001942,0.0,0.3635678391959799,0.0555555555555555,0.1924500897298752,0.25,1.0,1.0,1.0,0.25,real,3,0.8304020100502513,0.3635678391959799,0.1,0.07500000000000001,0.4567211055276382,0.3985804020100503
F001943,0.0223290993692601,0.7540201005025126,0.5833333333333334,0.2886751345948129,0.0,1.0,1.0,1.0,0.0,real,3,0.3701005025125628,0.7540201005025126,0.26030150753768844,0.19522613065326633,0.2332191106285195,0.6790689629049772
F001944,0.0,0.3635678391959799,0.3194444444444444,0.1272937693043289,0.25,1.0,1.0,1.0,0.25,real,3,0.8304020100502513,0.3635678391959799,0.03869346733668342,0.029020100502512566,0.4312665715512235,0.377115413752178
F001945,0.0,0.3635678391959799,0.3611111111111111,0.2545875386086578,0.25,1.0,1.0,1.0,0.25,real,3,0.8304020100502513,0.3635678391959799,0.1771356783919598,0.13285175879396985,0.48874791671927476,0.42558757985909446
F001946,0.0,0.3635678391959799,0.5,0.0,0.0,1.0,1.0,1.0,0.0,real,3,0.3701005025125628,0.3635678391959799,0.005527638190954774,0.004145728643216081,0.1860731420923714,0.363594921845408
F001947,0.0,0.3635678391959799,0.2916666666666666,0.8036375634160796,0.25,1.0,1.0,1.0,0.25,real,3,0.8304020100502513,0.3635678391959799,0.914321608040201,0.6857412060301508,0.7948282555996061,0.6836952665336734
F001948,0.0,0.3635678391959799,0.4722222222222222,0.9179284245476838,0.25,1.0,1.0,1.0,0.25,real,3,0.8304020100502513,0.3635678391959799,0.9555276381909548,0.7166457286432161,0.8119370407312947,0.6981225537233908
F001949,0.0,0.3635678391959799,0.6111111111111112,0.6309898162000305,0.0,1.0,1.0,1.0,0.0,real,3,0.3701005025125628,0.3635678391959799,0.7751256281407035,0.5813442211055276,0.3284874434989016,0.36736556526350345
F001950,0.2257260127101733,0.8886934673366834,0.7083333333333334,0.3818813079129867,0.0,1.0,1.0,1.0,0.0,real,3,0.3701005025125628,0.8886934673366834,0.4402010050251256,0.3301507537688442,0.2665095578394485,0.7174796091007803
F001951,0.0,0.3635678391959799,0.3888888888888889,1.0715167512214396,0.0,1.0,1.0,1.0,0.0,real,3,0.3701005025125628,0.3635678391959799,0.9849246231155779,0.7386934673366834,0.3673108002323174,0.36839347491224966
F001952,0.0,0.3635678391959799,0.3611111111111111,0.8552669065744807,0.0,1.0,1.0,1.0,0.0,real,3,0.3701005025125628,0.3635678391959799,0.928894472361809,0.6966708542713568,0.3569424067574051,0.3681189553294109
F001953,0.0,0.3635678391959799,0.1944444444444444,0.3469443332443554,0.0,1.0,1.0,1.0,0.0,real,3,0.3701005025125628,0.3635678391959799,0.33341708542713566,0.25006281407035175,0.2467491666877099,0.36520141536829875
F001954,0.0,0.3635678391959799,0.5694444444444444,0.5548606765399494,0.0,1.0,1.0,1.0,0.0,real,3,0.3701005025125628,0.3635678391959799,0.6964824120603015,0.5223618090452261,0.3139344966036211,0.36698025302391357
F001955,0.0,0.3635678391959799,0.125,0.25,0.25,1.0,1.0,1.0,0.25,real,3,0.8304020100502513,0.3635678391959799,0.1349246231155779,0.10119346733668343,0.47122184414534984,0.41080840761596926
F001956,0.1889957660359268,0.8522613065326633,0.6666666666666666,0.2886751345948129,0.0,1.0,1.0,1.0,0.0,real,3,0.3701005025125628,0.8522613065326633,0.26030150753768844,0.19522613065326633,0.2332191106285195,0.7581309184111512
F001957,0.0,0.3635678391959799,0.4444444444444444,0.5357583756107198,0.0,1.0,1.0,1.0,0.0,real,3,0.3701005025125628,0.3635678391959799,0.6912060301507538,0.5184045226130654,0.3129581008055352,0.3669544014040049
F001958,0.5334936490538904,0.9678391959798996,0.875,0.4330127018922193,0.0,1.0,1.0,1.0,0.0,real,3,0.3701005025125628,0.9678391959798996,0.5271356783919598,0.3953517587939699,0.28259684098886395,0.7315221522183784
F001959,0.0,0.3635678391959799,0.2361111111111111,0.4110735718596873,0.0,1.0,1.0,1.0,0.0,real,3,0.3701005025125628,0.3635678391959799,0.507035175879397,0.3802763819095477,0.27887723794853664,0.3660520567662433
F001960,0.0,0.3635678391959799,0.2361111111111111,0.2097176232019652,0.75,1.0,1.0,1.0,0.75,real,3,0.9987437185929648,0.3635678391959799,0.11708542713567839,0.0878140703517588,0.557841026741749,0.419345218555087
F001961,0.0,0.3635678391959799,0.6388888888888888,0.7515416254704823,0.0,1.0,1.0,1.0,0.0,real,3,0.3701005025125628,0.3635678391959799,0.8728643216080402,0.6546482412060302,0.3465740132824929,0.3678444357465721
F001962,0.0,0.3635678391959799,0.3611111111111111,0.2545875386086578,0.25,1.0,1.0,1.0,0.25,real,3,0.8304020100502513,0.3635678391959799,0.1771356783919598,0.13285175879396985,0.48874791671927476,0.42558757985909446
F001963,0.1077083611333555,0.8103015075376885,0.5972222222222222,0.1734721666221776,0.0,1.0,1.0,1.0,0.0,real,3,0.3701005025125628,0.8103015075376885,0.07839195979899498,0.05879396984924623,0.19955670311355775,0.7844203429206333
F001964,0.0,0.3635678391959799,0.0833333333333333,0.2886751345948128,0.5,1.0,1.0,1.0,0.5,real,3,0.9587939698492463,0.3635678391959799,0.228391959798995,0.17129396984924625,0.588887401833287,0.465526486073584
F001965,0.3779915320718537,0.9329145728643216,0.8333333333333333,0.5773502691896258,0.0,1.0,1.0,1.0,0.0,real,3,0.3701005025125628,0.9329145728643216,0.7276381909547739,0.5457286432160804,0.3196998813161284,0.6257708138683367
F001966,0.0,0.3635678391959799,0.3611111111111111,0.2545875386086578,0.25,1.0,1.0,1.0,0.25,real,3,0.8304020100502513,0.3635678391959799,0.1771356783919598,0.13285175879396985,0.48874791671927476,0.42558757985909446
F001967,0.0,0.3635678391959799,0.3611111111111111,0.7515416254704823,0.0,1.0,1.0,1.0,0.0,real,3,0.3701005025125628,0.3635678391959799,0.8728643216080402,0.6546482412060302,0.3465740132824929,0.3678444357465721
F001968,0.0,0.3635678391959799,0.1944444444444444,0.3469443332443554,0.0,1.0,1.0,1.0,0.0,real,3,0.3701005025125628,0.3635678391959799,0.33341708542713566,0.25006281407035175,0.2467491666877099,0.36520141536829875
F001969,0.3009680169468978,0.9133165829145728,0.7777777777777778,0.5091750772173156,0.0,1.0,1.0,1.0,0.0,real,3,0.3701005025125628,0.9133165829145728,0.6321608040201006,0.4741206030150754,0.3020317668745739,0.6557666473068862
F001970,0.0,0.3635678391959799,0.4722222222222222,0.4194352464039305,0.0,1.0,1.0,1.0,0.0,real,3,0.3701005025125628,0.3635678391959799,0.5165829145728643,0.38743718592964826,0.2806440493926921,0.36609883588798264
F001971,0.0,0.3635678391959799,0.2777777777777778,0.0962250448649376,0.0,1.0,1.0,1.0,0.0,real,3,0.3701005025125628,0.3635678391959799,0.021105527638190954,0.015829145728643215,0.18895583444862502,0.3636712456756142
F001972,0.1504840084734488,0.8346733668341708,0.6388888888888888,0.2545875386086578,0.0,1.0,1.0,1.0,0.0,real,3,0.3701005025125628,0.8346733668341708,0.1771356783919598,0.13285175879396985,0.21782925304916542,0.7729540447210929
F001973,0.4510034825212683,0.9595477386934672,0.8194444444444444,0.3757708127352412,0.0,1.0,1.0,1.0,0.0,real,3,0.3701005025125628,0.9595477386934672,0.40804020100502514,0.3060301507537688,0.2605581929749249,0.7791591121436328
F001974,0.0,0.3635678391959799,0.4305555555555555,0.5548606765399494,0.25,1.0,1.0,1.0,0.25,real,3,0.8304020100502513,0.3635678391959799,0.6964824120603015,0.5223618090452261,0.7043812024948864,0.6074241812075453
F001975,0.0,0.3635678391959799,0.1944444444444444,0.3469443332443554,0.5,1.0,1.0,1.0,0.5,real,3,0.9587939698492463,0.3635678391959799,0.33341708542713566,0.25006281407035175,0.6392361304007474,0.5124117604353425
F001976,0.0,0.3635678391959799,0.4861111111111111,0.9141379262169074,0.0,1.0,1.0,1.0,0.0,real,3,0.3701005025125628,0.3635678391959799,0.9492462311557789,0.7119346733668341,0.3607085048357365,0.3682186687204868
F001977,0.0,0.3635678391959799,0.3611111111111111,0.2545875386086578,0.25,1.0,1.0,1.0,0.25,real,3,0.8304020100502513,0.3635678391959799,0.1771356783919598,0.13285175879396985,0.48874791671927476,0.42558757985909446
F001978,0.3009680169468978,0.9133165829145728,0.7777777777777778,0.5091750772173156,0.5,1.0,1.0,1.0,0.5,real,3,0.9587939698492463,0.9133165829145728,0.6321608040201006,0.4741206030150754,0.7824529683593849,0.9348783490315902
F001979,0.1898569058357866,0.864321608040201,0.7222222222222222,0.5091750772173156,0.0,1.0,1.0,1.0,0.0,real,3,0.3701005025125628,0.864321608040201,0.6321608040201006,0.4741206030150754,0.3020317668745739,0.6300011994646599
F001980,0.25,0.8977386934673367,0.75,0.5,0.0,1.0,1.0,1.0,0.0,real,3,0.3701005025125628,0.8977386934673367,0.5793969849246231,0.4345477386934673,0.29226780889371484,0.6684547107396278
F001981,0.0,0.3635678391959799,0.3194444444444444,0.6254627916220945,0.75,1.0,1.0,1.0,0.75,real,3,0.9987437185929648,0.3635678391959799,0.7532663316582915,0.5649497487437186,0.8755318678821242,0.7224102926693771
F001982,0.0,0.3635678391959799,0.6388888888888888,0.7515416254704823,0.25,1.0,1.0,1.0,0.25,real,3,0.8304020100502513,0.3635678391959799,0.8728643216080402,0.6546482412060302,0.7776151486073584,0.6691800080806041
F001983,0.0,0.3635678391959799,0.1666666666666666,0.2886751345948128,0.0,1.0,1.0,1.0,0.0,real,3,0.3701005025125628,0.3635678391959799,0.228391959798995,0.17129396984924625,0.22731424080199994,0.36468684502916593
F001984,0.0,0.3635678391959799,0.3611111111111111,0.8552669065744807,0.25,1.0,1.0,1.0,0.25,real,3,0.8304020100502513,0.3635678391959799,0.928894472361809,0.6966708542713568,0.8008789235120325,0.6887975998080856
F001985,0.0,0.3635678391959799,0.5972222222222222,0.393817968854384,0.0,1.0,1.0,1.0,0.0,real,3,0.3701005025125628,0.3635678391959799,0.48266331658291456,0.3619974874371859,0.27436721926213986,0.365932646902856
F001986,0.1889957660359268,0.8522613065326633,0.6666666666666666,0.2886751345948129,0.5,1.0,1.0,1.0,0.5,real,3,0.9587939698492463,0.8522613065326633,0.26030150753768844,0.19522613065326633,0.604184742809525,0.8730592661801468
F001987,0.0,0.3635678391959799,0.3333333333333333,0.5773502691896258,0.5,1.0,1.0,1.0,0.5,real,3,0.9587939698492463,0.3635678391959799,0.7276381909547739,0.5457286432160804,0.828224539784349,0.6883997878841444
F001988,0.0,0.3635678391959799,0.4861111111111111,0.9141379262169074,0.0,1.0,1.0,1.0,0.0,real,3,0.3701005025125628,0.3635678391959799,0.9492462311557789,0.7119346733668341,0.3607085048357365,0.3682186687204868
F001989,0.0,0.3635678391959799,0.1111111111111111,0.3849001794597505,0.0,1.0,1.0,1.0,0.0,real,3,0.3701005025125628,0.3635678391959799,0.4492462311557789,0.33693467336683414,0.2681833792075958,0.3657689199767683
F001990,0.0,0.3635678391959799,0.4722222222222222,0.4194352464039305,0.0,1.0,1.0,1.0,0.0,real,3,0.3701005025125628,0.3635678391959799,0.5165829145728643,0.38743718592964826,0.2806440493926921,0.36609883588798264
F001991,0.0,0.3635678391959799,0.3611111111111111,0.8552669065744807,0.0,1.0,1.0,1.0,0.0,real,3,0.3701005025125628,0.3635678391959799,0.928894472361809,0.6966708542713568,0.3569424067574051,0.3681189553294109
