feature_id,data_score,data_rank,cv_mean_oriented_auc,cv_sd_oriented_effect,relevance_scaled,confidence_scaled,agreement,reliability,text_score,condition,llm_runs,text_rank,data_rank_for_hybrid,data_uncertainty_rank,adaptive_text_weight,text_priority,adaptive_consensus
F000001,0.0,0.37763819095477386,0.6111111111111112,0.5669933698743588,0.0,1.0,1.0,1.0,0.0,real,3,0.3701005025125628,0.37763819095477386,0.7228643216080402,0.3614321608040201,0.31881647559405063,0.37491382793363803
F000002,0.0,0.37763819095477386,0.34444444444444444,0.6743995957997118,0.0,1.0,1.0,1.0,0.0,real,3,0.3701005025125628,0.37763819095477386,0.8733668341708543,0.43668341708542713,0.34666700335850104,0.3743466074089038
F000003,0.0,0.37763819095477386,0.3277777777777777,0.48572206654209765,0.0,1.0,1.0,1.0,0.0,real,3,0.3701005025125628,0.37763819095477386,0.5919597989949749,0.29597989949748743,0.2945925607939193,0.3754071866872049
F000004,0.0,0.37763819095477386,0.34444444444444444,0.2694301256218254,0.0,1.0,1.0,1.0,0.0,real,3,0.3701005025125628,0.37763819095477386,0.21834170854271356,0.10917085427135678,0.2254544392818363,0.37681529506830636
F000005,0.5061741148916805,0.9889447236180905,0.8277777777777777,0.2987628813277501,0.0,1.0,1.0,1.0,0.0,real,3,0.3701005025125628,0.9889447236180905,0.2670854271356784,0.1335427135678392,0.23447447665462995,0.9063025870558825
F000006,0.0,0.37763819095477386,0.6833333333333333,0.776745346515403,0.0,1.0,1.0,1.0,0.0,real,3,0.3701005025125628,0.37763819095477386,0.9525125628140704,0.4762562814070352,0.36131294032978967,0.37404831948688166
F000007,0.0,0.37763819095477386,0.4444444444444445,0.6301087501670144,0.0,1.0,1.0,1.0,0.0,real,3,0.3701005025125628,0.37763819095477386,0.8190954773869347,0.40954773869346733,0.33662407514961745,0.37455114769829045
F000008,0.0,0.37763819095477386,0.6222222222222222,0.6012333003763859,0.0,1.0,1.0,1.0,0.0,real,3,0.3701005025125628,0.37763819095477386,0.7788944723618091,0.38944723618090454,0.3291848690689629,0.37470265902376204
F000009,0.0,0.37763819095477386,0.6111111111111112,0.5669933698743588,0.0,1.0,1.0,1.0,0.0,real,3,0.3701005025125628,0.37763819095477386,0.7228643216080402,0.3614321608040201,0.31881647559405063,0.37491382793363803
F000010,0.0,0.37763819095477386,0.18888888888888888,0.1387777332977422,0.0,1.0,1.0,1.0,0.0,real,3,0.3701005025125628,0.37763819095477386,0.062311557788944726,0.031155778894472363,0.19658102068129596,0.3774033484002929
F000011,0.5487500556000444,0.9909547738693467,0.8611111111111112,0.34694433324435553,0.0,1.0,1.0,1.0,0.0,real,3,0.3701005025125628,0.9909547738693467,0.34748743718592967,0.17374371859296484,0.24935288881593903,0.8830852440594934
F000012,0.00027795160624244364,0.7562814070351759,0.6111111111111112,0.4438885412319596,0.0,1.0,1.0,1.0,0.0,real,3,0.3701005025125628,0.7562814070351759,0.5165829145728643,0.25829145728643216,0.2806440493926921,0.6565341784298376
F000013,0.12153135748343256,0.8537688442211055,0.5944444444444444,0.13471506281091264,0.25,1.0,1.0,1.0,0.25,real,3,0.8304020100502513,0.8537688442211055,0.05552763819095478,0.02776381909547739,0.43825613620868165,0.8531200916643519
F000014,0.12925003336002672,0.8605527638190955,0.6166666666666667,0.2081665999466132,0.0,1.0,1.0,1.0,0.0,real,3,0.3701005025125628,0.8605527638190955,0.14195979899497488,0.07097989949748744,0.2113199477285927,0.8257405116032424
F000015,0.834131075219161,0.999748743718593,0.9555555555555555,0.15396007178390017,0.0,1.0,1.0,1.0,0.0,real,3,0.3701005025125628,0.999748743718593,0.0814070351758794,0.0407035175879397,0.20011464356960681,0.9741198454584481
F000016,0.015581246844306895,0.7658291457286432,0.7000000000000001,0.7688375063113864,0.0,1.0,1.0,1.0,0.0,real,3,0.3701005025125628,0.7658291457286432,0.9459798994974874,0.4729899497487437,0.3601040693416833,0.5786534746597308
F000017,0.22629658163573396,0.9201005025125628,0.7333333333333333,0.4807401700618653,0.0,1.0,1.0,1.0,0.0,real,3,0.3701005025125628,0.9201005025125628,0.5798994974874372,0.2899497487437186,0.292360798969723,0.7606281407035176
F000018,0.0,0.37763819095477386,0.37777777777777777,0.5047918529600243,0.0,1.0,1.0,1.0,0.0,real,3,0.3701005025125628,0.37763819095477386,0.6180904522613065,0.30904522613065327,0.2994280447463448,0.37530870432564833
F000019,0.0,0.37763819095477386,0.45555555555555555,0.6049181150584978,0.0,1.0,1.0,1.0,0.0,real,3,0.3701005025125628,0.37763819095477386,0.7876884422110553,0.39384422110552764,0.3308121953991061,0.37466951592131514
F000020,0.12312684125508802,0.856532663316583,0.6722222222222223,0.44263520637871306,0.0,1.0,1.0,1.0,0.0,real,3,0.3701005025125628,0.856532663316583,0.507537688442211,0.2537688442211055,0.2789702280245448,0.7330913360773719
F000021,0.0,0.37763819095477386,0.6444444444444444,0.6710963942462889,0.0,1.0,1.0,1.0,0.0,real,3,0.3701005025125628,0.37763819095477386,0.8680904522613065,0.43404522613065327,0.3456906075604152,0.3743664932703719
F000022,0.0,0.37763819095477386,0.3888888888888889,0.3288588574877498,0.25,1.0,1.0,1.0,0.25,real,3,0.8304020100502513,0.37763819095477386,0.3075376884422111,0.15376884422110554,0.5428909623494357,0.4472591601222191
F000023,0.17196987064601882,0.8874371859296483,0.6777777777777778,0.3671713698190735,0.0,1.0,1.0,1.0,0.0,real,3,0.3701005025125628,0.8874371859296483,0.3751256281407035,0.18756281407035175,0.254467342996389,0.790404061766117
F000024,0.0,0.37763819095477386,0.3222222222222222,0.5975257626555001,0.0,1.0,1.0,1.0,0.0,real,3,0.3701005025125628,0.37763819095477386,0.7655778894472361,0.3827889447236181,0.3267206320547461,0.3747528471503245
F000025,0.0,0.37763819095477386,0.33333333333333337,0.5333333333333333,0.0,1.0,1.0,1.0,0.0,real,3,0.3701005025125628,0.37763819095477386,0.65678391959799,0.328391959798995,0.3065882805989748,0.3751628746748819
F000026,0.5677124344467706,0.992462311557789,0.8500000000000001,0.264575131106459,0.0,1.0,1.0,1.0,0.0,real,3,0.3701005025125628,0.992462311557789,0.20452261306532662,0.10226130653266331,0.22289721219161132,0.9288187798287922
F000027,0.2775464301006656,0.9349246231155779,0.7388888888888889,0.40046269535422446,0.0,1.0,1.0,1.0,0.0,real,3,0.3701005025125628,0.9349246231155779,0.435678391959799,0.2178391959798995,0.26567264715537486,0.8118837908133633
F000028,0.2535898384862245,0.9281407035175879,0.8,0.6928203230275509,0.0,1.0,1.0,1.0,0.0,real,3,0.3701005025125628,0.9281407035175879,0.8942211055276382,0.4471105527638191,0.3505260915128406,0.6786350407817985
F000029,0.08011545959242994,0.8183417085427136,0.7111111111111111,0.6842135252595846,0.0,1.0,1.0,1.0,0.0,real,3,0.3701005025125628,0.8183417085427136,0.8864321608040201,0.44321608040201005,0.34908474533471373,0.6196739981313604
F000030,0.0,0.37763819095477386,0.3222222222222222,0.3150543750835072,0.25,1.0,1.0,1.0,0.25,real,3,0.8304020100502513,0.37763819095477386,0.2879396984924623,0.14396984924623116,0.5347538572258276,0.44282252973409764
F000031,0.48165961005987823,0.9854271356783919,0.8611111111111112,0.4811252243246881,0.0,1.0,1.0,1.0,0.0,real,3,0.3701005025125628,0.9854271356783919,0.5819095477386935,0.29095477386934676,0.29273275927375575,0.8063949142698417
F000032,0.0,0.37763819095477386,0.3833333333333333,0.6489307444643929,0.0,1.0,1.0,1.0,0.0,real,3,0.3701005025125628,0.37763819095477386,0.8487437185929648,0.4243718592964824,0.3421104896341002,0.37443940809575516
F000033,0.0,0.37763819095477386,0.29999999999999993,0.6429100507328637,0.0,1.0,1.0,1.0,0.0,real,3,0.3701005025125628,0.37763819095477386,0.8394472361809046,0.4197236180904523,0.3403901732279488,0.37447444508977046
F000034,0.0,0.37763819095477386,0.3111111111111111,0.7581654270769769,0.0,1.0,1.0,1.0,0.0,real,3,0.3701005025125628,0.37763819095477386,0.9404522613065327,0.47022613065326635,0.3590811785055933,0.3740937728845231
F000035,0.0,0.37763819095477386,0.3055555555555556,0.2834966849371794,0.0,1.0,1.0,1.0,0.0,real,3,0.3701005025125628,0.37763819095477386,0.23969849246231156,0.11984924623115578,0.22940651751218405,0.37673480467664955
F000036,0.0,0.37763819095477386,0.6222222222222222,0.6012333003763859,0.0,1.0,1.0,1.0,0.0,real,3,0.3701005025125628,0.37763819095477386,0.7788944723618091,0.38944723618090454,0.3291848690689629,0.37470265902376204
F000037,0.1527920966003969,0.8758793969849247,0.7111111111111111,0.5388602512436507,0.0,1.0,1.0,1.0,0.0,real,3,0.3701005025125628,0.8758793969849247,0.6683417085427136,0.3341708542713568,0.30872705234716297,0.7068628317466731
F000038,0.0,0.37763819095477386,0.2,0.48074017006186526,0.0,1.0,1.0,1.0,0.0,real,3,0.3701005025125628,0.37763819095477386,0.578140703517588,0.289070351758794,0.2920353337036944,0.3754592687053357
F000039,0.0,0.37763819095477386,0.42777777777777776,0.6866450913546834,0.0,1.0,1.0,1.0,0.0,real,3,0.3701005025125628,0.37763819095477386,0.8909547738693467,0.44547738693467337,0.3499216560187874,0.37428032120401
F000040,0.7605573951636584,0.9989949748743718,0.9222222222222223,0.1677740985615722,0.0,1.0,1.0,1.0,0.0,real,3,0.3701005025125628,0.9989949748743718,0.09798994974874371,0.048994974874371856,0.20318331607787685,0.9681823060023736
F000041,0.0,0.37763819095477386,0.3388888888888889,0.724441036120135,0.0,1.0,1.0,1.0,0.0,real,3,0.3701005025125628,0.37763819095477386,0.9188442211055277,0.45942211055276383,0.3550826052372415,0.3741752102219641
F000042,0.05679267422780554,0.7982412060301508,0.6777777777777778,0.5975257626555002,0.0,1.0,1.0,1.0,0.0,real,3,0.3701005025125628,0.7982412060301508,0.7685929648241207,0.3842964824120603,0.3272785725107952,0.633708239690917
F000043,0.27272797031217405,0.9336683417085427,0.7277777777777777,0.365655170486763,0.0,1.0,1.0,1.0,0.0,real,3,0.3701005025125628,0.9336683417085427,0.3688442211055276,0.1844221105527638,0.2533049670462867,0.8297339713643596
F000044,0.834131075219161,0.999748743718593,0.9555555555555555,0.15396007178390017,0.0,1.0,1.0,1.0,0.0,real,3,0.3701005025125628,0.999748743718593,0.0814070351758794,0.0407035175879397,0.20011464356960681,0.9741198454584481
F000045,0.0,0.37763819095477386,0.5555555555555556,0.5047918529600243,0.0,1.0,1.0,1.0,0.0,real,3,0.3701005025125628,0.37763819095477386,0.6180904522613065,0.30904522613065327,0.2994280447463448,0.37530870432564833
F000046,0.1705929199281742,0.8854271356783919,0.7277777777777777,0.5699252712547627,0.0,1.0,1.0,1.0,0.0,real,3,0.3701005025125628,0.8854271356783919,0.728140703517588,0.364070351758794,0.3197928713921366,0.6978119870710335
F000047,0.06418514058179639,0.807286432160804,0.6166666666666667,0.338296385503074,0.0,1.0,1.0,1.0,0.0,real,3,0.3701005025125628,0.807286432160804,0.33467336683417087,0.16733668341708544,0.24698164187773036,0.7341291886568521
F000048,0.0,0.37763819095477386,0.4888888888888889,0.6158402871356008,0.0,1.0,1.0,1.0,0.0,real,3,0.3701005025125628,0.37763819095477386,0.8035175879396985,0.40175879396984926,0.3337413827933638,0.3746098583369107
F000049,0.0,0.37763819095477386,0.6333333333333333,0.7512951779723097,0.0,1.0,1.0,1.0,0.0,real,3,0.3701005025125628,0.37763819095477386,0.935678391959799,0.4678391959798995,0.3581977727835156,0.3741117648544229
F000050,0.00767679976384239,0.7628140703517587,0.5833333333333333,0.3179797338056485,0.0,1.0,1.0,1.0,0.0,real,3,0.3701005025125628,0.7628140703517587,0.29346733668341707,0.14673366834170853,0.23935645564505947,0.7051897679351532
F000051,0.0,0.37763819095477386,0.6277777777777778,0.6466437567533984,0.0,1.0,1.0,1.0,0.0,real,3,0.3701005025125628,0.37763819095477386,0.8457286432160804,0.4228643216080402,0.34155254917805106,0.37445077144516553
F000052,0.0,0.37763819095477386,0.4222222222222222,0.5551109331909686,0.0,1.0,1.0,1.0,0.0,real,3,0.3701005025125628,0.37763819095477386,0.6891959798994974,0.3445979899497487,0.31258614050150246,0.3750407186687205
F000053,0.0,0.37763819095477386,0.4722222222222222,0.4992587097480216,0.0,1.0,1.0,1.0,0.0,real,3,0.3701005025125628,0.37763819095477386,0.606532663316583,0.3032663316582915,0.29728927299815666,0.3753522638317214
F000054,0.42361657926236057,0.9796482412060301,0.8,0.3527668414752788,0.0,1.0,1.0,1.0,0.0,real,3,0.3701005025125628,0.9796482412060301,0.35904522613065326,0.17952261306532663,0.2514916605641272,0.8702206383677178
F000055,0.0,0.37763819095477386,0.3611111111111111,0.09622504486493767,0.0,1.0,1.0,1.0,0.0,real,3,0.3701005025125628,0.37763819095477386,0.032160804020100506,0.016080402010050253,0.19100161612080502,0.3775169818943966
F000056,0.3645940724502976,0.9650753768844221,0.7833333333333333,0.40414518843273806,0.0,1.0,1.0,1.0,0.0,real,3,0.3701005025125628,0.9650753768844221,0.44271356783919597,0.22135678391959798,0.2669745082194894,0.8333736521805005
F000057,0.0,0.37763819095477386,0.5944444444444444,0.40046269535422446,0.0,1.0,1.0,1.0,0.0,real,3,0.3701005025125628,0.37763819095477386,0.435678391959799,0.2178391959798995,0.26567264715537486,0.3759961869649756
F000058,0.0,0.37763819095477386,0.29999999999999993,0.40551750201988135,0.5,1.0,1.0,1.0,0.5,real,3,0.9587939698492463,0.37763819095477386,0.44472361809045224,0.22236180904522612,0.6925961465619556,0.5068650412868361
F000059,0.0,0.37763819095477386,0.09999999999999992,0.17638342073763932,0.0,1.0,1.0,1.0,0.0,real,3,0.3701005025125628,0.37763819095477386,0.1077889447236181,0.05389447236180905,0.20499662256003634,0.3772319512133532
F000060,0.0,0.37763819095477386,0.39444444444444443,0.46706332348852675,0.0,1.0,1.0,1.0,0.0,real,3,0.3701005025125628,0.37763819095477386,0.5527638190954773,0.27638190954773867,0.2873393348652812,0.3755549102295397
F000061,0.24724747683480527,0.9256281407035176,0.7,0.3055050463303894,0.0,1.0,1.0,1.0,0.0,real,3,0.3701005025125628,0.9256281407035176,0.2761306532663317,0.13806532663316584,0.2361482980227772,0.8489290358829322
F000062,0.011333422293404505,0.7638190954773869,0.6444444444444444,0.5551109331909687,0.0,1.0,1.0,1.0,0.0,real,3,0.3701005025125628,0.7638190954773869,0.6972361809045227,0.34861809045226133,0.3140739817176334,0.6265616714224388
F000063,0.0,0.37763819095477386,0.27222222222222225,0.2501851166488378,0.0,1.0,1.0,1.0,0.0,real,3,0.3701005025125628,0.37763819095477386,0.19321608040201005,0.09660804020100502,0.22080493548142724,0.37690998964672606
F000064,0.0,0.37763819095477386,0.6166666666666667,0.8452481555403978,0.0,1.0,1.0,1.0,0.0,real,3,0.3701005025125628,0.37763819095477386,0.978894472361809,0.4894472361809045,0.3661949193202192,0.3739488901795409
F000065,0.0,0.37763819095477386,0.3055555555555556,0.2834966849371794,0.25,1.0,1.0,1.0,0.25,real,3,0.8304020100502513,0.37763819095477386,0.23969849246231156,0.11984924623115578,0.5147240599984849,0.4319015933941062
F000066,0.004786451314965967,0.7600502512562815,0.7333333333333333,0.9237604307034013,0.0,1.0,1.0,1.0,0.0,real,3,0.3701005025125628,0.7600502512562815,0.9939698492462311,0.49698492462311555,0.36898462160046464,0.5662511047700817
F000067,0.0,0.37763819095477386,0.4166666666666667,0.3179797338056486,0.0,1.0,1.0,1.0,0.0,real,3,0.3701005025125628,0.37763819095477386,0.2992462311557789,0.14962311557788946,0.24042584151915355,0.3765103785257948
F000068,0.12925003336002672,0.8605527638190955,0.6166666666666667,0.2081665999466132,0.0,1.0,1.0,1.0,0.0,real,3,0.3701005025125628,0.8605527638190955,0.14195979899497488,0.07097989949748744,0.2113199477285927,0.8257405116032424
F000069,0.36310546582568015,0.963819095477387,0.7777777777777777,0.3849001794597506,0.0,1.0,1.0,1.0,0.0,real,3,0.3701005025125628,0.963819095477387,0.4055276381909548,0.2027638190954774,0.260093242594884,0.8434344460998461
F000070,0.0,0.37763819095477386,0.47777777777777775,0.2694301256218254,0.0,1.0,1.0,1.0,0.0,real,3,0.3701005025125628,0.37763819095477386,0.21834170854271356,0.10917085427135678,0.2254544392818363,0.37681529506830636
F000071,0.0,0.37763819095477386,0.32777777777777783,0.46228097917143823,0.0,1.0,1.0,1.0,0.0,real,3,0.3701005025125628,0.37763819095477386,0.5409547738693468,0.2704773869346734,0.28515406807908894,0.3755994166813969
F000072,0.0,0.37763819095477386,0.4111111111111111,0.743365719274566,0.0,1.0,1.0,1.0,0.0,real,3,0.3701005025125628,0.37763819095477386,0.9278894472361809,0.46394472361809047,0.35675642660538875,0.374141120173733
F000073,0.0,0.37763819095477386,0.34444444444444444,0.4822785425380157,0.0,1.0,1.0,1.0,0.0,real,3,0.3701005025125628,0.37763819095477386,0.5876884422110553,0.29384422110552766,0.2938021451478498,0.3754232847655362
F000074,0.0020915355602075802,0.7587939698492462,0.6333333333333333,0.5291502622129182,0.25,1.0,1.0,1.0,0.25,real,3,0.8304020100502513,0.7587939698492462,0.6540201005025126,0.3270100502512563,0.6867508080604026,0.7822105186737709
F000075,0.0,0.37763819095477386,0.5444444444444444,0.21430335024428784,0.0,1.0,1.0,1.0,0.0,real,3,0.3701005025125628,0.37763819095477386,0.14673366834170853,0.07336683417085427,0.21220335345067043,0.37708517461680263
F000076,0.0,0.37763819095477386,0.29999999999999993,0.37118429085533483,0.0,1.0,1.0,1.0,0.0,real,3,0.3701005025125628,0.37763819095477386,0.38517587939698494,0.19258793969849247,0.2563271445165526,0.3761865230675993
F000077,0.17059291992817427,0.8861809045226131,0.7277777777777777,0.5699252712547626,0.0,1.0,1.0,1.0,0.0,real,3,0.3701005025125628,0.8861809045226131,0.7263819095477387,0.36319095477386937,0.31946740612610797,0.6987451705765005
F000078,0.0020915355602075802,0.7587939698492462,0.6333333333333333,0.5291502622129182,0.0,1.0,1.0,1.0,0.0,real,3,0.3701005025125628,0.7587939698492462,0.6540201005025126,0.3270100502512563,0.30607683518092976,0.6316872995631423
F000079,0.0,0.37763819095477386,0.28888888888888886,0.2775554665954844,0.0,1.0,1.0,1.0,0.0,real,3,0.3701005025125628,0.37763819095477386,0.23417085427135678,0.11708542713567839,0.22838362667609405,0.3767556374839019
F000080,0.29680776086682314,0.9432160804020101,0.7555555555555555,0.4286067004885758,0.0,1.0,1.0,1.0,0.0,real,3,0.3701005025125628,0.9432160804020101,0.4907035175879397,0.24535175879396984,0.27585506047827074,0.8026011653746118
F000081,0.0,0.37763819095477386,0.6611111111111111,0.8002314480013707,0.5,1.0,1.0,1.0,0.5,real,3,0.9587939698492463,0.37763819095477386,0.9655778894472362,0.4827889447236181,0.9422921138355093,0.6582137761672685
F000082,0.2491289352083673,0.9271356783919598,0.7222222222222222,0.39063101847215437,0.0,1.0,1.0,1.0,0.0,real,3,0.3701005025125628,0.9271356783919598,0.4168341708542714,0.2084170854271357,0.26218551930506806,0.811040030554784
F000083,0.0,0.37763819095477386,0.3111111111111111,0.20367003088692623,0.0,1.0,1.0,1.0,0.0,real,3,0.3701005025125628,0.37763819095477386,0.12964824120603016,0.06482412060301508,0.2090416908663923,0.377149566930128
F000084,0.0,0.37763819095477386,0.41666666666666663,0.5487359211051442,0.0,1.0,1.0,1.0,0.0,real,3,0.3701005025125628,0.37763819095477386,0.685427135678392,0.342713567839196,0.3118887149314411,0.3750549228554835
F000085,0.2795207240779508,0.9366834170854271,0.75,0.4409585518440984,0.0,1.0,1.0,1.0,0.0,real,3,0.3701005025125628,0.9366834170854271,0.5032663316582915,0.25163316582914574,0.2781798123784753,0.7941123645867529
F000086,0.031561208324241696,0.778391959798995,0.6555555555555556,0.559099805573739,0.0,1.0,1.0,1.0,0.0,real,3,0.3701005025125628,0.778391959798995,0.7120603015075377,0.35603015075376887,0.31681718895987476,0.6330278907098306
F000087,0.0,0.37763819095477386,0.39444444444444443,0.33388842669592717,0.0,1.0,1.0,1.0,0.0,real,3,0.3701005025125628,0.37763819095477386,0.31809045226130656,0.15904522613065328,0.2439129693694604,0.37643935759197994
F000088,0.0,0.37763819095477386,0.34444444444444444,0.6743995957997118,0.25,1.0,1.0,1.0,0.25,real,3,0.8304020100502513,0.37763819095477386,0.8733668341708543,0.43668341708542713,0.7778237923284765,0.575352642610035
F000089,0.0,0.37763819095477386,0.35,0.45092497528228953,0.0,1.0,1.0,1.0,0.0,real,3,0.3701005025125628,0.37763819095477386,0.5203517587939699,0.26017587939698494,0.28134147496275347,0.37567706623570113
F000090,0.0,0.37763819095477386,0.2666666666666667,0.1333333333333333,0.0,1.0,1.0,1.0,0.0,real,3,0.3701005025125628,0.37763819095477386,0.04773869346733668,0.02386934673366834,0.19388430847705868,0.37745827125577636
F000091,0.15489216538666217,0.878643216080402,0.7055555555555556,0.512437891448898,0.0,1.0,1.0,1.0,0.0,real,3,0.3701005025125628,0.878643216080402,0.6326633165829145,0.31633165829145726,0.30212475695058205,0.7177750561854499
F000092,0.0,0.37763819095477386,0.28888888888888886,0.07698003589195009,0.0,1.0,1.0,1.0,0.0,real,3,0.3701005025125628,0.37763819095477386,0.0228643216080402,0.0114321608040201,0.18928129971465368,0.3775520188884119
F000093,0.08452994616207482,0.8226130653266331,0.6,0.23094010767585027,0.0,1.0,1.0,1.0,0.0,real,3,0.3701005025125628,0.8226130653266331,0.16834170854271358,0.08417085427135679,0.21620192671902227,0.7845246963460518
F000094,0.5056667111467023,0.9879396984924623,0.8222222222222222,0.2775554665954844,0.0,1.0,1.0,1.0,0.0,real,3,0.3701005025125628,0.9879396984924623,0.23417085427135678,0.11708542713567839,0.22838362667609405,0.9155997323299917
F000095,0.0,0.37763819095477386,0.5888888888888889,0.6809579309353139,0.0,1.0,1.0,1.0,0.0,real,3,0.3701005025125628,0.37763819095477386,0.8793969849246231,0.4396984924623116,0.3477828842705992,0.3743238807100831
F000096,0.06997183984210326,0.8092964824120603,0.6555555555555556,0.4822785425380157,0.0,1.0,1.0,1.0,0.0,real,3,0.3701005025125628,0.8092964824120603,0.5876884422110553,0.29384422110552766,0.2938021451478498,0.6802412817858134
F000097,0.0,0.37763819095477386,0.6277777777777778,0.6362505912097959,0.0,1.0,1.0,1.0,0.0,real,3,0.3701005025125628,0.37763819095477386,0.8341708542713567,0.41708542713567837,0.33941377742986284,0.37449433095123863
F000098,0.0,0.37763819095477386,0.4777777777777778,0.03849001794597504,0.25,1.0,1.0,1.0,0.25,real,3,0.8304020100502513,0.37763819095477386,0.005527638190954774,0.002763819095477387,0.4174960859574253,0.3788895482437312
F000099,0.042740070430621724,0.7846733668341709,0.6666666666666666,0.5811865258054232,0.0,1.0,1.0,1.0,0.0,real,3,0.3701005025125628,0.7846733668341709,0.7422110552763819,0.37110552763819094,0.32239659352036565,0.6308230852756244
F000100,0.18134840951213116,0.8896984924623116,0.7388888888888889,0.5928587365312934,0.0,1.0,1.0,1.0,0.0,real,3,0.3701005025125628,0.8896984924623116,0.7577889447236181,0.37889447236180906,0.3252792858766193,0.6928256862200449
F000101,0.6193518861200256,0.9947236180904523,0.8722222222222222,0.2501851166488378,0.0,1.0,1.0,1.0,0.0,real,3,0.3701005025125628,0.9947236180904523,0.19321608040201005,0.09660804020100502,0.22080493548142724,0.9343800030302266
F000102,0.0,0.37763819095477386,0.2666666666666666,0.23094010767585033,0.0,1.0,1.0,1.0,0.0,real,3,0.3701005025125628,0.37763819095477386,0.17185929648241205,0.08592964824120602,0.2168528572510795,0.37699048003838287
F000103,0.0,0.37763819095477386,0.3055555555555556,0.4114113018127471,0.0,1.0,1.0,1.0,0.0,real,3,0.3701005025125628,0.37763819095477386,0.4600502512562814,0.2300251256281407,0.2701826658417717,0.3759043332239085
F000104,0.0,0.37763819095477386,0.40555555555555556,0.6003085626328932,0.0,1.0,1.0,1.0,0.0,real,3,0.3701005025125628,0.37763819095477386,0.7728643216080402,0.3864321608040201,0.32806898815686475,0.37472538572258274
F000105,0.0,0.37763819095477386,0.3555555555555555,0.6710963942462889,0.0,1.0,1.0,1.0,0.0,real,3,0.3701005025125628,0.37763819095477386,0.8680904522613065,0.43404522613065327,0.3456906075604152,0.3743664932703719
F000106,0.0,0.37763819095477386,0.5,0.5925462944877059,0.5,1.0,1.0,1.0,0.5,real,3,0.9587939698492463,0.37763819095477386,0.7555276381909548,0.3777638190954774,0.8415946567005884,0.5971778174793566
F000107,0.1401389244831734,0.8673366834170855,0.7055555555555556,0.5419443732558755,0.25,1.0,1.0,1.0,0.25,real,3,0.8304020100502513,0.8673366834170855,0.6809045226130653,0.34045226130653267,0.6979132471402237,0.8547621903487286
F000108,0.09750011120008895,0.835427135678392,0.7222222222222222,0.6938886664887111,0.0,1.0,1.0,1.0,0.0,real,3,0.3701005025125628,0.835427135678392,0.8987437185929649,0.44937185929648243,0.35136300219691424,0.6263224413524912
F000109,0.0,0.37763819095477386,0.34444444444444444,0.45379061903693635,0.25,1.0,1.0,1.0,0.25,real,3,0.8304020100502513,0.37763819095477386,0.5273869346733668,0.2636934673366834,0.6341725903386278,0.49702905229665917
F000110,0.0,0.37763819095477386,0.1333333333333333,0.23094010767585033,0.0,1.0,1.0,1.0,0.0,real,3,0.3701005025125628,0.37763819095477386,0.17185929648241205,0.08592964824120602,0.2168528572510795,0.37699048003838287
F000111,0.0,0.37763819095477386,0.34444444444444444,0.2694301256218254,0.25,1.0,1.0,1.0,0.25,real,3,0.8304020100502513,0.37763819095477386,0.21834170854271356,0.10917085427135678,0.5058567018509633,0.4270668038685892
F000112,0.0,0.37763819095477386,0.32777777777777783,0.5965952781626134,0.0,1.0,1.0,1.0,0.0,real,3,0.3701005025125628,0.37763819095477386,0.7630653266331658,0.3815326633165829,0.3262556816747052,0.37476231660816645
F000113,0.0,0.37763819095477386,0.26111111111111107,0.13471506281091267,0.0,1.0,1.0,1.0,0.0,real,3,0.3701005025125628,0.37763819095477386,0.058040201005025126,0.029020100502512563,0.19579060503522638,0.3774194464786243
F000114,0.0,0.37763819095477386,0.3555555555555555,0.6710963942462889,0.0,1.0,1.0,1.0,0.0,real,3,0.3701005025125628,0.37763819095477386,0.8680904522613065,0.43404522613065327,0.3456906075604152,0.3743664932703719
F000115,0.0,0.37763819095477386,0.3888888888888889,0.7726817178094982,0.0,1.0,1.0,1.0,0.0,real,3,0.3701005025125628,0.37763819095477386,0.950502512562814,0.475251256281407,0.360940980025757,0.3740558950531552
F000116,0.0,0.37763819095477386,0.5,0.5925462944877059,0.0,1.0,1.0,1.0,0.0,real,3,0.3701005025125628,0.37763819095477386,0.7555276381909548,0.3777638190954774,0.3248608305345825,0.3747907249816924
F000117,0.0,0.37763819095477386,0.4111111111111111,0.743365719274566,0.5,1.0,1.0,1.0,0.5,real,3,0.9587939698492463,0.37763819095477386,0.9278894472361809,0.46394472361809047,0.9242243882730234,0.647262348173026
F000118,0.0,0.37763819095477386,0.22222222222222215,0.3849001794597505,0.0,1.0,1.0,1.0,0.0,real,3,0.3701005025125628,0.37763819095477386,0.4030150753768844,0.2015075376884422,0.25962829221484307,0.37611928991692134
F000119,0.0,0.37763819095477386,0.4222222222222222,0.42860670048857574,0.0,1.0,1.0,1.0,0.0,real,3,0.3701005025125628,0.37763819095477386,0.48391959798994977,0.24195979899497488,0.2745996944521603,0.3758143733744097
F000120,0.0,0.37763819095477386,0.25,0.49328828623162474,0.0,1.0,1.0,1.0,0.0,real,3,0.3701005025125628,0.37763819095477386,0.6002512562814071,0.30012562814070354,0.29612689704805434,0.37537593747632636
F000121,0.5061741148916805,0.9889447236180905,0.8277777777777777,0.2987628813277501,0.0,1.0,1.0,1.0,0.0,real,3,0.3701005025125628,0.9889447236180905,0.2670854271356784,0.1335427135678392,0.23447447665462995,0.9063025870558825
F000122,0.19677657668899579,0.8974874371859296,0.75,0.6064468466220084,0.0,1.0,1.0,1.0,0.0,real,3,0.3701005025125628,0.8974874371859296,0.7907035175879397,0.39535175879396983,0.3313701358551552,0.6889840849978536
F000123,0.11441628428654779,0.8512562814070351,0.6777777777777778,0.48227854253801566,0.0,1.0,1.0,1.0,0.0,real,3,0.3701005025125628,0.8512562814070351,0.5839195979899497,0.2919597989949749,0.29310471957778844,0.7107781369157343
F000124,0.07936118895117342,0.8175879396984924,0.6611111111111111,0.48572206654209765,0.0,1.0,1.0,1.0,0.0,real,3,0.3701005025125628,0.8175879396984924,0.5919597989949749,0.29597989949748743,0.2945925607939193,0.6851406530138129
F000125,0.0,0.37763819095477386,0.3222222222222222,0.3150543750835072,0.0,1.0,1.0,1.0,0.0,real,3,0.3701005025125628,0.37763819095477386,0.2879396984924623,0.14396984924623116,0.23833356480896947,0.3765529910860837
F000126,0.0,0.37763819095477386,0.31666666666666665,0.7234178138070234,0.0,1.0,1.0,1.0,0.0,real,3,0.3701005025125628,0.37763819095477386,0.9160804020100503,0.4580402010050251,0.35457115981919646,0.3741856266255903
F000127,0.0,0.37763819095477386,0.5555555555555556,0.5047918529600243,0.0,1.0,1.0,1.0,0.0,real,3,0.3701005025125628,0.37763819095477386,0.6180904522613065,0.30904522613065327,0.2994280447463448,0.37530870432564833
F000128,0.0,0.37763819095477386,0.3222222222222222,0.3671713698190735,0.0,1.0,1.0,1.0,0.0,real,3,0.3701005025125628,0.37763819095477386,0.3751256281407035,0.18756281407035175,0.254467342996389,0.3762244008989672
F000129,0.0,0.37763819095477386,0.46111111111111114,0.25018511664883786,0.25,1.0,1.0,1.0,0.25,real,3,0.8304020100502513,0.37763819095477386,0.19623115577889447,0.09811557788944723,0.49667637812176463,0.4220613747127598
F000130,0.22629658163573396,0.9201005025125628,0.7333333333333333,0.4807401700618653,0.0,1.0,1.0,1.0,0.0,real,3,0.3701005025125628,0.9201005025125628,0.5798994974874372,0.2899497487437186,0.292360798969723,0.7606281407035176
F000131,0.031561208324241696,0.778391959798995,0.6555555555555556,0.559099805573739,0.25,1.0,1.0,1.0,0.25,real,3,0.8304020100502513,0.778391959798995,0.7120603015075377,0.35603015075376887,0.7108491578495493,0.7969091058306608
F000132,0.2795207240779508,0.9366834170854271,0.75,0.4409585518440984,0.0,1.0,1.0,1.0,0.0,real,3,0.3701005025125628,0.9366834170854271,0.5032663316582915,0.25163316582914574,0.2781798123784753,0.7941123645867529
F000133,0.23870377224005107,0.9216080402010051,0.7444444444444445,0.5003702332976756,0.0,1.0,1.0,1.0,0.0,real,3,0.3701005025125628,0.9216080402010051,0.6082914572864322,0.3041457286432161,0.2976147382641853,0.7538693782985278
F000134,0.0,0.37763819095477386,0.3222222222222222,0.5975257626555001,0.0,1.0,1.0,1.0,0.0,real,3,0.3701005025125628,0.37763819095477386,0.7655778894472361,0.3827889447236181,0.3267206320547461,0.3747528471503245
F000135,0.0,0.37763819095477386,0.37777777777777777,0.6842135252595846,0.25,1.0,1.0,1.0,0.25,real,3,0.8304020100502513,0.37763819095477386,0.8864321608040201,0.44321608040201005,0.7832485290775485,0.5783103962021161
F000136,0.0,0.37763819095477386,0.08888888888888885,0.3079201435678004,0.25,1.0,1.0,1.0,0.25,real,3,0.8304020100502513,0.37763819095477386,0.28065326633165827,0.14032663316582913,0.5317285232696144,0.4411730133077447
F000137,0.1814187158565999,0.8904522613065327,0.7,0.4371625682868001,0.0,1.0,1.0,1.0,0.0,real,3,0.3701005025125628,0.8904522613065327,0.5020100502512563,0.25100502512562817,0.2779473371884549,0.7598413550162875
F000138,0.0,0.37763819095477386,0.37222222222222223,0.38920621973637765,0.25,1.0,1.0,1.0,0.25,real,3,0.8304020100502513,0.37763819095477386,0.41030150753768846,0.20515075376884423,0.585558603318098,0.4705230297214717
F000139,0.0,0.37763819095477386,0.5944444444444444,0.40046269535422446,0.0,1.0,1.0,1.0,0.0,real,3,0.3701005025125628,0.37763819095477386,0.435678391959799,0.2178391959798995,0.26567264715537486,0.3759961869649756
F000140,0.0,0.37763819095477386,0.37222222222222223,0.512437891448898,0.25,1.0,1.0,1.0,0.25,real,3,0.8304020100502513,0.37763819095477386,0.6326633165829145,0.31633165829145726,0.677883449912881,0.5208617206636196
F000141,0.2194088338597761,0.9128140703517588,0.7722222222222221,0.6500712211693366,0.0,1.0,1.0,1.0,0.0,real,3,0.3701005025125628,0.9128140703517588,0.8517587939698492,0.4258793969849246,0.34266843009014925,0.681683543344865
F000142,0.0,0.37763819095477386,0.18333333333333335,0.49777281743560264,0.25,1.0,1.0,1.0,0.25,real,3,0.8304020100502513,0.37763819095477386,0.6060301507537689,0.30301507537688444,0.6668253326936189,0.514832453725916
F000143,0.0,0.37763819095477386,0.28888888888888886,0.2775554665954844,0.0,1.0,1.0,1.0,0.0,real,3,0.3701005025125628,0.37763819095477386,0.23417085427135678,0.11708542713567839,0.22838362667609405,0.3767556374839019
F000144,0.38050000740543277,0.9675879396984924,0.7944444444444445,0.4167777629669122,0.0,1.0,1.0,1.0,0.0,real,3,0.3701005025125628,0.9675879396984924,0.46557788944723616,0.23278894472361808,0.27120555667786167,0.8284994697103608
F000145,0.42129842977749865,0.978140703517588,0.8111111111111111,0.4018475848894472,0.0,1.0,1.0,1.0,0.0,real,3,0.3701005025125628,0.978140703517588,0.4399497487437186,0.2199748743718593,0.2664630628014444,0.8443871366884675
F000146,0.0,0.37763819095477386,0.1388888888888889,0.4811252243246882,0.0,1.0,1.0,1.0,0.0,real,3,0.3701005025125628,0.37763819095477386,0.5824120603015075,0.29120603015075375,0.2928257493497639,0.37544317062700433
F000147,0.052101231861607145,0.792713567839196,0.6944444444444444,0.6735753140545634,0.0,1.0,1.0,1.0,0.0,real,3,0.3701005025125628,0.792713567839196,0.8721105527638191,0.43605527638190955,0.3464345281684806,0.608430910835585
F000148,0.0,0.37763819095477386,0.37777777777777777,0.6012333003763859,0.25,1.0,1.0,1.0,0.25,real,3,0.8304020100502513,0.37763819095477386,0.7788944723618091,0.38944723618090454,0.7385987727582637,0.5539658089442185
F000149,0.0,0.37763819095477386,0.3555555555555555,0.20367003088692623,0.0,1.0,1.0,1.0,0.0,real,3,0.3701005025125628,0.37763819095477386,0.12964824120603016,0.06482412060301508,0.2090416908663923,0.377149566930128
F000150,0.0,0.37763819095477386,0.40555555555555556,0.6003085626328932,0.25,1.0,1.0,1.0,0.25,real,3,0.8304020100502513,0.37763819095477386,0.7728643216080402,0.3864321608040201,0.7360950481048458,0.5526006919017197
F000151,0.0,0.37763819095477386,0.5944444444444444,0.40046269535422446,0.0,1.0,1.0,1.0,0.0,real,3,0.3701005025125628,0.37763819095477386,0.435678391959799,0.2178391959798995,0.26567264715537486,0.3759961869649756
F000152,0.0,0.37763819095477386,0.6277777777777778,0.6362505912097959,0.0,1.0,1.0,1.0,0.0,real,3,0.3701005025125628,0.37763819095477386,0.8341708542713567,0.41708542713567837,0.33941377742986284,0.37449433095123863
F000153,0.05157981453777166,0.7914572864321608,0.5888888888888889,0.25239592648001213,0.0,1.0,1.0,1.0,0.0,real,3,0.3701005025125628,0.7914572864321608,0.1977386934673367,0.09886934673366835,0.22164184616550087,0.7497980164642307
F000154,0.0,0.37763819095477386,0.4111111111111111,0.16777409856157222,0.0,1.0,1.0,1.0,0.0,real,3,0.3701005025125628,0.37763819095477386,0.10050251256281408,0.05025125628140704,0.20364826645791773,0.3772594126410949
F000155,0.0,0.37763819095477386,0.27222222222222225,0.5699252712547627,0.0,1.0,1.0,1.0,0.0,real,3,0.3701005025125628,0.37763819095477386,0.728140703517588,0.364070351758794,0.3197928713921366,0.37489394207216986
F000156,0.0,0.37763819095477386,0.26111111111111107,0.13471506281091264,0.0,1.0,1.0,1.0,0.0,real,3,0.3701005025125628,0.37763819095477386,0.05552763819095478,0.02776381909547739,0.1953256546551855,0.37742891593646627
F000157,0.17916978078296997,0.8881909547738693,0.7444444444444445,0.6194382162118379,0.0,1.0,1.0,1.0,0.0,real,3,0.3701005025125628,0.8881909547738693,0.8103015075376885,0.40515075376884424,0.3349967488194743,0.6782862175197596
F000158,0.0,0.37763819095477386,0.37777777777777777,0.6842135252595846,0.5,1.0,1.0,1.0,0.5,real,3,0.9587939698492463,0.37763819095477386,0.8864321608040201,0.44321608040201005,0.904349890154289,0.6352157773793592
F000159,0.19822106700556863,0.8994974874371859,0.7166666666666667,0.47022453265552944,0.25,1.0,1.0,1.0,0.25,real,3,0.8304020100502513,0.8994974874371859,0.5635678391959799,0.28178391959798993,0.6491949382591348,0.8800274929926012
F000160,0.0,0.37763819095477386,0.6777777777777778,0.7190528749939306,0.0,1.0,1.0,1.0,0.0,real,3,0.3701005025125628,0.37763819095477386,0.914321608040201,0.4571608040201005,0.35424569455316784,0.3741922552460797
F000161,0.0,0.37763819095477386,0.23333333333333334,0.5456901847914967,0.0,1.0,1.0,1.0,0.0,real,3,0.3701005025125628,0.37763819095477386,0.6836683417085427,0.34183417085427137,0.3115632496654125,0.3750615514759728
F000162,0.0,0.37763819095477386,0.6055555555555555,0.47179719434582545,0.0,1.0,1.0,1.0,0.0,real,3,0.3701005025125628,0.37763819095477386,0.5665829145728644,0.2832914572864322,0.2898965619555062,0.3755028282114088
F000163,0.10158341117339567,0.8381909547738694,0.6722222222222223,0.48572206654209765,0.0,1.0,1.0,1.0,0.0,real,3,0.3701005025125628,0.8381909547738694,0.5919597989949749,0.29597989949748743,0.2945925607939193,0.6996455897578344
F000164,0.2194088338597761,0.9128140703517588,0.7722222222222221,0.6500712211693366,0.25,1.0,1.0,1.0,0.25,real,3,0.8304020100502513,0.9128140703517588,0.8517587939698492,0.4258793969849246,0.768852112320396,0.8777164718062676
F000165,0.0,0.37763819095477386,0.38333333333333336,0.33829638550307395,0.0,1.0,1.0,1.0,0.0,real,3,0.3701005025125628,0.37763819095477386,0.3331658291457286,0.1665829145728643,0.24670267164970583,0.3763825408449281
F000166,0.0,0.37763819095477386,0.3555555555555555,0.5388602512436507,0.25,1.0,1.0,1.0,0.25,real,3,0.8304020100502513,0.37763819095477386,0.6683417085427136,0.3341708542713568,0.69269715411227,0.5289386631650715
F000167,0.0,0.37763819095477386,0.3111111111111111,0.07698003589195009,0.0,1.0,1.0,1.0,0.0,real,3,0.3701005025125628,0.37763819095477386,0.0228643216080402,0.0114321608040201,0.18928129971465368,0.3775520188884119
F000168,0.0,0.37763819095477386,0.34444444444444444,0.2694301256218254,0.0,1.0,1.0,1.0,0.0,real,3,0.3701005025125628,0.37763819095477386,0.21834170854271356,0.10917085427135678,0.2254544392818363,0.37681529506830636
F000169,0.0,0.37763819095477386,0.29999999999999993,0.6429100507328637,0.0,1.0,1.0,1.0,0.0,real,3,0.3701005025125628,0.37763819095477386,0.8394472361809046,0.4197236180904523,0.3403901732279488,0.37447444508977046
F000170,0.0,0.37763819095477386,0.49999999999999994,0.5925462944877059,0.0,1.0,1.0,1.0,0.0,real,3,0.3701005025125628,0.37763819095477386,0.7555276381909548,0.3777638190954774,0.3248608305345825,0.3747907249816924
F000171,0.0,0.37763819095477386,0.36111111111111116,0.16442942874387495,0.0,1.0,1.0,1.0,0.0,real,3,0.3701005025125628,0.37763819095477386,0.09321608040201006,0.04660804020100503,0.2022999103557991,0.37728687406883665
F000172,0.0,0.37763819095477386,0.6277777777777778,0.7632775331375821,0.0,1.0,1.0,1.0,0.0,real,3,0.3701005025125628,0.37763819095477386,0.9439698492462312,0.4719849246231156,0.35973210903765057,0.3740805156435444
F000173,0.0,0.37763819095477386,0.5611111111111111,0.41677776296691227,0.0,1.0,1.0,1.0,0.0,real,3,0.3701005025125628,0.37763819095477386,0.4685929648241206,0.2342964824120603,0.2717634971339108,0.37587213706724576
F000174,0.0,0.37763819095477386,0.5388888888888889,0.41677776296691227,0.0,1.0,1.0,1.0,0.0,real,3,0.3701005025125628,0.37763819095477386,0.4685929648241206,0.2342964824120603,0.2717634971339108,0.37587213706724576
F000175,0.0,0.37763819095477386,0.45,0.6173419725817378,0.25,1.0,1.0,1.0,0.25,real,3,0.8304020100502513,0.37763819095477386,0.8080402010050252,0.4040201005025126,0.7507001085831166,0.5605638746496301
F000176,0.0,0.37763819095477386,0.5222222222222223,0.7128451081042418,0.0,1.0,1.0,1.0,0.0,real,3,0.3701005025125628,0.37763819095477386,0.9113065326633166,0.4556532663316583,0.3536877540971188,0.37420361859549
F000177,0.0,0.37763819095477386,0.3555555555555555,0.6012333003763859,0.0,1.0,1.0,1.0,0.0,real,3,0.3701005025125628,0.37763819095477386,0.7788944723618091,0.38944723618090454,0.3291848690689629,0.37470265902376204
F000178,0.0,0.37763819095477386,0.45,0.5567764362830022,0.25,1.0,1.0,1.0,0.25,real,3,0.8304020100502513,0.37763819095477386,0.7047738693467337,0.35238693467336685,0.707823823893336,0.5371862452968359
F000179,0.0,0.37763819095477386,0.6611111111111111,0.8002314480013707,0.0,1.0,1.0,1.0,0.0,real,3,0.3701005025125628,0.37763819095477386,0.9655778894472362,0.4827889447236181,0.36373068230600236,0.37399907830610335
F000180,0.0,0.37763819095477386,0.5888888888888889,0.582459663203607,0.25,1.0,1.0,1.0,0.25,real,3,0.8304020100502513,0.37763819095477386,0.7452261306532664,0.3726130653266332,0.7246196434433474,0.5463439054569329
F000181,0.0,0.37763819095477386,0.37777777777777777,0.6842135252595846,0.0,1.0,1.0,1.0,0.0,real,3,0.3701005025125628,0.37763819095477386,0.8864321608040201,0.44321608040201005,0.34908474533471373,0.3742973662281256
F000182,0.0,0.37763819095477386,0.2277777777777778,0.5295001136641714,0.0,1.0,1.0,1.0,0.0,real,3,0.3701005025125628,0.37763819095477386,0.6552763819095477,0.32763819095477387,0.3063093103709502,0.3751685563495871
F000183,0.0,0.37763819095477386,0.31666666666666665,0.2185812841434,0.0,1.0,1.0,1.0,0.0,real,3,0.3701005025125628,0.37763819095477386,0.15,0.075,0.2128077889447236,0.377072864321608
F000184,0.0,0.37763819095477386,0.2833333333333333,0.47022453265552944,0.25,1.0,1.0,1.0,0.25,real,3,0.8304020100502513,0.37763819095477386,0.5635678391959799,0.28178391959798993,0.6491949382591348,0.5052197545516527
F000185,0.0,0.37763819095477386,0.6444444444444444,0.6012333003763859,0.0,1.0,1.0,1.0,0.0,real,3,0.3701005025125628,0.37763819095477386,0.7788944723618091,0.38944723618090454,0.3291848690689629,0.37470265902376204
F000186,0.0,0.37763819095477386,0.21111111111111108,0.10183501544346314,0.25,1.0,1.0,1.0,0.25,real,3,0.8304020100502513,0.37763819095477386,0.036180904522613064,0.018090452261306532,0.43022335294563274,0.3858288932097674
F000187,0.0,0.37763819095477386,0.4222222222222222,0.5551109331909686,0.0,1.0,1.0,1.0,0.0,real,3,0.3701005025125628,0.37763819095477386,0.6891959798994974,0.3445979899497487,0.31258614050150246,0.3750407186687205
F000188,0.0,0.37763819095477386,0.3222222222222222,0.3150543750835072,0.0,1.0,1.0,1.0,0.0,real,3,0.3701005025125628,0.37763819095477386,0.2879396984924623,0.14396984924623116,0.23833356480896947,0.3765529910860837
F000189,0.0,0.37763819095477386,0.39444444444444443,0.33388842669592717,0.0,1.0,1.0,1.0,0.0,real,3,0.3701005025125628,0.37763819095477386,0.31809045226130656,0.15904522613065328,0.2439129693694604,0.37643935759197994
F000190,0.05679267422780554,0.7982412060301508,0.6777777777777778,0.5975257626555002,0.0,1.0,1.0,1.0,0.0,real,3,0.3701005025125628,0.7982412060301508,0.7685929648241207,0.3842964824120603,0.3272785725107952,0.633708239690917
F000191,0.0,0.37763819095477386,0.4444444444444444,0.3849001794597505,0.25,1.0,1.0,1.0,0.25,real,3,0.8304020100502513,0.37763819095477386,0.4030150753768844,0.2015075376884422,0.5825332693618848,0.46887351329511884
F000192,0.0720721268714043,0.8110552763819096,0.638888888888889,0.4114113018127471,0.0,1.0,1.0,1.0,0.0,real,3,0.3701005025125628,0.8110552763819096,0.4600502512562814,0.2300251256281407,0.2701826658417717,0.7096245991262847
F000193,0.07600565276868615,0.8123115577889447,0.6777777777777778,0.5590998055737388,0.0,1.0,1.0,1.0,0.0,real,3,0.3701005025125628,0.8123115577889447,0.7085427135678392,0.3542713567839196,0.3161662584278175,0.6556488472513321
F000194,0.1609477595072651,0.8811557788944724,0.7222222222222222,0.5669933698743588,0.0,1.0,1.0,1.0,0.0,real,3,0.3701005025125628,0.8811557788944724,0.7228643216080402,0.3614321608040201,0.31881647559405063,0.6964439660614632
F000195,0.34129114829119156,0.9587939698492463,0.788888888888889,0.4729732589731725,0.0,1.0,1.0,1.0,0.0,real,3,0.3701005025125628,0.9587939698492463,0.5703517587939698,0.2851758793969849,0.29059398752556753,0.7909127926062474
F000196,0.1892374781489235,0.8922110552763819,0.6166666666666667,0.08819171036881962,0.0,1.0,1.0,1.0,0.0,real,3,0.3701005025125628,0.8922110552763819,0.027889447236180906,0.013944723618090453,0.19021120047473547,0.8849303679200021
F000197,0.0,0.37763819095477386,0.5555555555555556,0.40734006177385246,0.25,1.0,1.0,1.0,0.25,real,3,0.8304020100502513,0.37763819095477386,0.45,0.225,0.6020414572864321,0.47951005025125626
F000198,0.0,0.37763819095477386,0.27222222222222225,0.4717971943458255,0.0,1.0,1.0,1.0,0.0,real,3,0.3701005025125628,0.37763819095477386,0.5685929648241206,0.2842964824120603,0.2902685222595389,0.3754952526451352
F000199,0.0,0.37763819095477386,0.21666666666666662,0.05773502691896257,0.0,1.0,1.0,1.0,0.0,real,3,0.3701005025125628,0.37763819095477386,0.010301507537688442,0.005150753768844221,0.18695654781444912,0.37759936617762174
F000200,0.0,0.37763819095477386,0.6055555555555556,0.6834010806525236,0.5,1.0,1.0,1.0,0.5,real,3,0.9587939698492463,0.37763819095477386,0.8814070351758794,0.4407035175879397,0.901940860079291,0.6337555869801268
F000201,0.0,0.37763819095477386,0.37777777777777777,0.6842135252595846,0.0,1.0,1.0,1.0,0.0,real,3,0.3701005025125628,0.37763819095477386,0.8864321608040201,0.44321608040201005,0.34908474533471373,0.3742973662281256
F000202,0.0,0.37763819095477386,0.26111111111111107,0.01924500897298752,0.25,1.0,1.0,1.0,0.25,real,3,0.8304020100502513,0.37763819095477386,0.001507537688442211,0.0007537688442211055,0.41582693618848005,0.3779794702153986
F000203,0.32738162496830286,0.9535175879396985,0.7222222222222222,0.23412563895228314,0.0,1.0,1.0,1.0,0.0,real,3,0.3701005025125628,0.9535175879396985,0.17964824120603015,0.08982412060301508,0.21829420342920633,0.9011126612964321
F000204,0.0,0.37763819095477386,0.25555555555555554,0.4233901974057256,0.0,1.0,1.0,1.0,0.0,real,3,0.3701005025125628,0.37763819095477386,0.4766331658291457,0.23831658291457286,0.2732513383500417,0.3758418348021515
F000205,0.0,0.37763819095477386,0.2944444444444444,0.2219442706159798,0.0,1.0,1.0,1.0,0.0,real,3,0.3701005025125628,0.37763819095477386,0.1620603015075377,0.08103015075376885,0.21503955076891998,0.3770274109239666
F000206,0.1527920966003969,0.8758793969849247,0.7111111111111111,0.5388602512436507,0.0,1.0,1.0,1.0,0.0,real,3,0.3701005025125628,0.8758793969849247,0.6683417085427136,0.3341708542713568,0.30872705234716297,0.7068628317466731
F000207,0.0,0.37763819095477386,0.6277777777777778,0.5419443732558755,0.0,1.0,1.0,1.0,0.0,real,3,0.3701005025125628,0.37763819095477386,0.6809045226130653,0.34045226130653267,0.3110518042473675,0.375071967879599
F000208,0.0,0.37763819095477386,0.6611111111111111,0.6930875632778086,0.5,1.0,0.5,0.5,0.5,real,3,0.9587939698492463,0.37763819095477386,0.8967336683417085,0.22418341708542713,0.4546442009040176,0.5079236793262796
F000209,0.0,0.37763819095477386,0.2944444444444444,0.2219442706159798,0.0,1.0,1.0,1.0,0.0,real,3,0.3701005025125628,0.37763819095477386,0.1620603015075377,0.08103015075376885,0.21503955076891998,0.3770274109239666
F000210,0.0,0.37763819095477386,0.5333333333333333,0.2666666666666666,0.0,1.0,1.0,1.0,0.0,real,3,0.3701005025125628,0.37763819095477386,0.20778894472361809,0.10389447236180904,0.2235016476856645,0.37685506679124264
F000211,0.0,0.37763819095477386,0.3555555555555555,0.07698003589195015,0.0,1.0,1.0,1.0,0.0,real,3,0.3701005025125628,0.37763819095477386,0.026884422110552763,0.013442211055276381,0.19002522032271915,0.37753686775586476
F000212,0.0,0.37763819095477386,0.36111111111111116,0.16442942874387495,0.0,1.0,1.0,1.0,0.0,real,3,0.3701005025125628,0.37763819095477386,0.09321608040201006,0.04660804020100503,0.2022999103557991,0.37728687406883665
F000213,0.0,0.37763819095477386,0.5,0.6359594676112972,0.25,1.0,1.0,1.0,0.25,real,3,0.8304020100502513,0.37763819095477386,0.8298994974874372,0.4149497487437186,0.7597761104517563,0.5655124239286887
F000214,0.0,0.37763819095477386,0.3666666666666667,0.37118429085533483,0.5,1.0,1.0,1.0,0.5,real,3,0.9587939698492463,0.37763819095477386,0.38517587939698494,0.19258793969849247,0.6640491401732279,0.48956178505593295
F000215,0.2798149574845336,0.9379396984924623,0.7,0.24037008503093268,0.0,1.0,1.0,1.0,0.0,real,3,0.3701005025125628,0.9379396984924623,0.18592964824120603,0.09296482412060302,0.21945657937930863,0.8851506275094063
F000216,0.0,0.37763819095477386,0.32777777777777783,0.44263520637871306,0.25,1.0,1.0,1.0,0.25,real,3,0.8304020100502513,0.37763819095477386,0.507537688442211,0.2537688442211055,0.6259311633544608,0.49253554203176686
F000217,0.34524218633027204,0.9603015075376884,0.7111111111111111,0.1539600717839003,0.0,1.0,1.0,1.0,0.0,real,3,0.3701005025125628,0.9603015075376884,0.0864321608040201,0.04321608040201005,0.20104454432968866,0.9347953334511754
F000218,0.0,0.37763819095477386,0.5888888888888889,0.49140765305546624,0.0,1.0,1.0,1.0,0.0,real,3,0.3701005025125628,0.37763819095477386,0.5972361809045226,0.2986180904522613,0.29556895659200527,0.37538730082573674
F000219,0.0,0.37763819095477386,0.2944444444444444,0.39487456986481917,0.0,1.0,1.0,1.0,0.0,real,3,0.3701005025125628,0.37763819095477386,0.42839195979899497,0.21419597989949749,0.2643242910532562,0.37602364839271735
F000220,0.0,0.37763819095477386,0.39999999999999997,0.4807401700618652,0.25,1.0,1.0,1.0,0.25,real,3,0.8304020100502513,0.37763819095477386,0.5756281407035176,0.2878140703517588,0.6542023875659706,0.5079499886366505
F000221,0.054763249936605835,0.7952261306532663,0.6444444444444445,0.46825127790456617,0.25,1.0,1.0,1.0,0.25,real,3,0.8304020100502513,0.7952261306532663,0.5600502512562814,0.2800251256281407,0.6477344322113079,0.8050762607004873
F000222,0.25737602459496667,0.9293969849246231,0.6833333333333333,0.21858128414340003,0.75,1.0,1.0,1.0,0.75,real,3,0.9987437185929648,0.9293969849246231,0.1527638190954774,0.0763819095477387,0.5756578116714225,0.9346938208631095
F000223,0.0,0.37763819095477386,0.6388888888888888,0.6702680503046966,0.0,1.0,1.0,1.0,0.0,real,3,0.3701005025125628,0.37763819095477386,0.864070351758794,0.432035175879397,0.3449466869523497,0.3743816444029191
F000224,0.0,0.37763819095477386,0.3888888888888889,0.2341256389522831,0.0,1.0,1.0,1.0,0.0,real,3,0.3701005025125628,0.37763819095477386,0.17814070351758793,0.08907035175879396,0.2180152332011818,0.37696680639377794
F000225,0.0,0.37763819095477386,0.37777777777777777,0.6842135252595846,0.0,1.0,1.0,1.0,0.0,real,3,0.3701005025125628,0.37763819095477386,0.8864321608040201,0.44321608040201005,0.34908474533471373,0.3742973662281256
F000226,0.0,0.37763819095477386,0.5444444444444444,0.3421067626297922,0.25,1.0,1.0,1.0,0.25,real,3,0.8304020100502513,0.37763819095477386,0.3384422110552764,0.1692211055276382,0.5557225511982021,0.4542553849650261
F000227,0.0,0.37763819095477386,0.5555555555555556,0.2775554665954843,0.0,1.0,1.0,1.0,0.0,real,3,0.3701005025125628,0.37763819095477386,0.22537688442211054,0.11268844221105527,0.22675630034595085,0.37678878058634885
F000228,0.0,0.37763819095477386,0.40555555555555556,0.7275020682164823,0.0,1.0,1.0,1.0,0.0,real,3,0.3701005025125628,0.37763819095477386,0.9206030150753769,0.46030150753768845,0.3554080705032701,0.3741685816014747
F000229,0.0,0.37763819095477386,0.21666666666666662,0.14529663145135582,0.0,1.0,1.0,1.0,0.0,real,3,0.3701005025125628,0.37763819095477386,0.06733668341708543,0.033668341708542715,0.19751092144137775,0.37738440948460894
F000230,0.0,0.37763819095477386,0.3222222222222222,0.3671713698190735,0.0,1.0,1.0,1.0,0.0,real,3,0.3701005025125628,0.37763819095477386,0.3751256281407035,0.18756281407035175,0.254467342996389,0.3762244008989672
F000231,0.0,0.37763819095477386,0.65,0.6173419725817377,0.0,1.0,1.0,1.0,0.0,real,3,0.3701005025125628,0.37763819095477386,0.8067839195979899,0.40339195979899495,0.334345818287417,0.3745975480417161
F000232,0.0,0.37763819095477386,0.3555555555555555,0.33554819712314443,0.0,1.0,1.0,1.0,0.0,real,3,0.3701005025125628,0.37763819095477386,0.32487437185929646,0.16243718592964823,0.24516833539557084,0.37641379005580666
F000233,0.0,0.37763819095477386,0.6111111111111112,0.82820645127041,0.0,1.0,1.0,1.0,0.0,real,3,0.3701005025125628,0.37763819095477386,0.9731155778894472,0.4865577889447236,0.36512553344612514,0.37397066993257744
F000234,0.0,0.37763819095477386,0.3888888888888889,0.4438885412319596,0.0,1.0,1.0,1.0,0.0,real,3,0.3701005025125628,0.37763819095477386,0.5165829145728643,0.25829145728643216,0.2806440493926921,0.3756912704224641
F000235,0.21965695838264282,0.9148241206030151,0.7277777777777777,0.47179719434582545,0.0,1.0,1.0,1.0,0.0,real,3,0.3701005025125628,0.9148241206030151,0.5665829145728644,0.2832914572864322,0.2898965619555062,0.7605085730158329
F000236,0.0,0.37763819095477386,0.33333333333333337,0.5811865258054231,0.25,1.0,1.0,1.0,0.25,real,3,0.8304020100502513,0.37763819095477386,0.7371859296482413,0.36859296482412063,0.721281343905457,0.5445237494002677
F000237,0.0,0.37763819095477386,0.17222222222222222,0.18954135676924425,0.0,1.0,1.0,1.0,0.0,real,3,0.3701005025125628,0.37763819095477386,0.11180904522613065,0.055904522613065326,0.20574054316810184,0.37721680008080605
F000238,0.05779279347834729,0.8007537688442211,0.6111111111111112,0.3288588574877499,0.0,1.0,1.0,1.0,0.0,real,3,0.3701005025125628,0.8007537688442211,0.31055276381909547,0.15527638190954773,0.24251811822933764,0.7338834877907124
F000239,0.06095244568736677,0.8042713567839196,0.6277777777777778,0.38920621973637765,0.25,1.0,1.0,1.0,0.25,real,3,0.8304020100502513,0.8042713567839196,0.41030150753768846,0.20515075376884423,0.585558603318098,0.8096320799979799
F000240,0.0,0.37763819095477386,0.5722222222222222,0.8002314480013707,0.0,1.0,1.0,1.0,0.0,real,3,0.3701005025125628,0.37763819095477386,0.9655778894472362,0.4827889447236181,0.36373068230600236,0.37399907830610335
F000241,0.0,0.37763819095477386,0.6333333333333333,0.8717797887081347,0.0,1.0,1.0,1.0,0.0,real,3,0.3701005025125628,0.37763819095477386,0.985678391959799,0.4928391959798995,0.3674502853463296,0.3739233226433676
F000242,0.0,0.37763819095477386,0.3666666666666667,0.3711842908553349,0.0,1.0,1.0,1.0,0.0,real,3,0.3701005025125628,0.37763819095477386,0.38944723618090454,0.19472361809045227,0.25711756016262216,0.3761704249892679
F000243,0.47062610265563387,0.9844221105527639,0.788888888888889,0.21430335024428798,0.0,1.0,1.0,1.0,0.0,real,3,0.3701005025125628,0.9844221105527639,0.1492462311557789,0.07462311557788945,0.21266830383071136,0.938579518193985
F000244,0.0,0.37763819095477386,0.37777777777777777,0.5388602512436508,0.5,1.0,1.0,1.0,0.5,real,3,0.9587939698492463,0.37763819095477386,0.6738693467336684,0.3369346733668342,0.8024479179818691,0.5734497234918311
F000245,0.023924583140915556,0.7726130653266332,0.6611111111111111,0.5965952781626132,0.0,1.0,1.0,1.0,0.0,real,3,0.3701005025125628,0.7726130653266332,0.7595477386934674,0.3797738693467337,0.3256047511426479,0.6197493118860635
F000246,0.08628993597898799,0.8266331658291457,0.6833333333333333,0.5607534613753574,0.0,1.0,1.0,1.0,0.0,real,3,0.3701005025125628,0.8266331658291457,0.7165829145728643,0.35829145728643214,0.3176540996439484,0.6630614125905911
F000247,0.0,0.37763819095477386,0.16666666666666669,0.06666666666666671,0.0,1.0,1.0,1.0,0.0,real,3,0.3701005025125628,0.37763819095477386,0.01306532663316583,0.006532663316582915,0.1874679932324941,0.3775889497739956
F000248,0.0,0.37763819095477386,0.3055555555555556,0.16442942874387495,0.0,1.0,1.0,1.0,0.0,real,3,0.3701005025125628,0.37763819095477386,0.09321608040201006,0.04660804020100503,0.2022999103557991,0.37728687406883665
F000249,0.0,0.37763819095477386,0.6444444444444445,0.9075812380738728,0.0,1.0,1.0,1.0,0.0,real,3,0.3701005025125628,0.37763819095477386,0.9894472361809046,0.4947236180904523,0.36814771091639104,0.37390911845660463
F000250,0.0,0.37763819095477386,0.6,0.6110100926607788,0.0,1.0,1.0,1.0,0.0,real,3,0.3701005025125628,0.37763819095477386,0.7949748743718593,0.39748743718592966,0.3321605515012247,0.3746420544935734
F000251,0.0,0.37763819095477386,0.4666666666666667,0.39999999999999997,0.5,1.0,1.0,1.0,0.5,real,3,0.9587939698492463,0.37763819095477386,0.4301507537688442,0.2150753768844221,0.685609959344461,0.5026304891290624
F000252,0.5061741148916805,0.9889447236180905,0.8277777777777777,0.2987628813277501,0.0,1.0,1.0,1.0,0.0,real,3,0.3701005025125628,0.9889447236180905,0.2670854271356784,0.1335427135678392,0.23447447665462995,0.9063025870558825
F000253,0.0,0.37763819095477386,0.6111111111111112,0.6049181150584978,0.0,1.0,1.0,1.0,0.0,real,3,0.3701005025125628,0.37763819095477386,0.7876884422110553,0.39384422110552764,0.3308121953991061,0.37466951592131514
F000254,0.0,0.37763819095477386,0.37222222222222223,0.3948745698648191,0.0,1.0,1.0,1.0,0.0,real,3,0.3701005025125628,0.37763819095477386,0.4271356783919598,0.2135678391959799,0.26409181586323577,0.37602838312163833
F000255,0.0,0.37763819095477386,0.2777777777777778,0.5091750772173156,0.0,1.0,1.0,1.0,0.0,real,3,0.3701005025125628,0.37763819095477386,0.6276381909547739,0.31381909547738696,0.30119485619050024,0.37527272038584886
F000256,0.15489216538666217,0.878643216080402,0.7055555555555556,0.512437891448898,0.0,1.0,1.0,1.0,0.0,real,3,0.3701005025125628,0.878643216080402,0.6326633165829145,0.31633165829145726,0.30212475695058205,0.7177750561854499
F000257,0.1609477595072651,0.8811557788944724,0.7222222222222222,0.5669933698743588,0.0,1.0,1.0,1.0,0.0,real,3,0.3701005025125628,0.8811557788944724,0.7228643216080402,0.3614321608040201,0.31881647559405063,0.6964439660614632
F000258,0.06095244568736677,0.8042713567839196,0.6277777777777778,0.38920621973637765,0.25,1.0,1.0,1.0,0.25,real,3,0.8304020100502513,0.8042713567839196,0.41030150753768846,0.20515075376884423,0.585558603318098,0.8096320799979799
F000259,0.0,0.37763819095477386,0.2777777777777778,0.39063101847215437,0.0,1.0,1.0,1.0,0.0,real,3,0.3701005025125628,0.37763819095477386,0.4168341708542714,0.2084170854271357,0.26218551930506806,0.37606720789879045
F000260,0.0,0.37763819095477386,0.23333333333333334,0.5033222956847166,0.5,1.0,1.0,1.0,0.5,real,3,0.9587939698492463,0.37763819095477386,0.6110552763819096,0.3055276381909548,0.772335042044393,0.5551973435014267
F000261,0.0,0.37763819095477386,0.19999999999999996,0.23094010767585033,0.0,1.0,1.0,1.0,0.0,real,3,0.3701005025125628,0.37763819095477386,0.17185929648241205,0.08592964824120602,0.2168528572510795,0.37699048003838287
F000262,0.13542486889354088,0.8633165829145729,0.7,0.5291502622129182,0.0,1.0,1.0,1.0,0.0,real,3,0.3701005025125628,0.8633165829145729,0.6540201005025126,0.3270100502512563,0.30607683518092976,0.702029967677584
F000263,0.0,0.37763819095477386,0.6055555555555556,0.589098495191625,0.5,1.0,1.0,1.0,0.5,real,3,0.9587939698492463,0.37763819095477386,0.7530150753768844,0.3765075376884422,0.8403901416630892,0.5964477222797404
F000264,0.0,0.37763819095477386,0.2777777777777778,0.5091750772173156,0.0,1.0,1.0,1.0,0.0,real,3,0.3701005025125628,0.37763819095477386,0.6276381909547739,0.31381909547738696,0.30119485619050024,0.37527272038584886
F000265,0.0,0.37763819095477386,0.19444444444444442,0.11706281947614157,0.5,1.0,1.0,1.0,0.5,real,3,0.9587939698492463,0.37763819095477386,0.04221105527638191,0.021105527638190954,0.49963283755460725,0.38990379030832556
F000266,0.3552780088742587,0.9615577889447237,0.7611111111111111,0.3338884266959271,0.0,1.0,1.0,1.0,0.0,real,3,0.3701005025125628,0.9615577889447237,0.314572864321608,0.157286432160804,0.24326203883740313,0.8685295825862983
F000267,0.0,0.37763819095477386,0.3666666666666667,0.8511430223202471,0.0,1.0,1.0,1.0,0.0,real,3,0.3701005025125628,0.37763819095477386,0.9826633165829146,0.4913316582914573,0.36689234489028055,0.3739346859927779
F000268,0.17065537609580494,0.8869346733668342,0.7777777777777777,0.769800358919501,0.0,1.0,1.0,1.0,0.0,real,3,0.3701005025125628,0.8869346733668342,0.9484924623115578,0.4742462311557789,0.3605690197217242,0.6418280157066741
F000269,0.0,0.37763819095477386,0.2944444444444444,0.38920621973637765,0.0,1.0,1.0,1.0,0.0,real,3,0.3701005025125628,0.37763819095477386,0.41030150753768846,0.20515075376884423,0.26097664831696166,0.37609182848917955
F000270,0.0,0.37763819095477386,0.33333333333333337,0.6666666666666666,0.0,1.0,1.0,1.0,0.0,real,3,0.3701005025125628,0.37763819095477386,0.8603015075376884,0.4301507537688442,0.34424926138228834,0.37439584858968206
F000271,0.0,0.37763819095477386,0.27222222222222225,0.2501851166488378,0.0,1.0,1.0,1.0,0.0,real,3,0.3701005025125628,0.37763819095477386,0.19321608040201005,0.09660804020100502,0.22080493548142724,0.37690998964672606
F000272,0.0860663121281447,0.8246231155778895,0.6722222222222222,0.5167562646325994,0.0,1.0,1.0,1.0,0.0,real,3,0.3701005025125628,0.8246231155778895,0.6369346733668342,0.3184673366834171,0.3029151725966516,0.6798725095325876
F000273,0.0,0.37763819095477386,0.3111111111111111,0.20367003088692623,0.0,1.0,1.0,1.0,0.0,real,3,0.3701005025125628,0.37763819095477386,0.12964824120603016,0.06482412060301508,0.2090416908663923,0.377149566930128
F000274,0.0,0.37763819095477386,0.3888888888888889,0.7953568963632569,0.0,1.0,1.0,1.0,0.0,real,3,0.3701005025125628,0.37763819095477386,0.957286432160804,0.478643216080402,0.36219634605186735,0.3740303275169819
F000275,0.0,0.37763819095477386,0.27222222222222225,0.365655170486763,0.0,1.0,1.0,1.0,0.0,real,3,0.3701005025125628,0.37763819095477386,0.3688442211055276,0.1844221105527638,0.2533049670462867,0.3762480745435721
F000276,0.0,0.37763819095477386,0.5888888888888889,0.582459663203607,0.0,1.0,1.0,1.0,0.0,real,3,0.3701005025125628,0.37763819095477386,0.7452261306532664,0.3726130653266332,0.32295453397641477,0.37482954975884447
F000277,0.24706805967517398,0.9233668341708543,0.6611111111111111,0.1503083250940964,0.0,1.0,1.0,1.0,0.0,real,3,0.3701005025125628,0.9233668341708543,0.07110552763819096,0.03555276381909548,0.1982083470114391,0.9036966869523497
F000278,0.0,0.37763819095477386,0.5444444444444445,0.64060156912887,0.25,1.0,1.0,1.0,0.25,real,3,0.8304020100502513,0.37763819095477386,0.83643216080402,0.41821608040201,0.7624884788262923,0.5669913007247291
F000279,0.384446924615532,0.9695979899497488,0.8166666666666667,0.4977728174356026,0.0,1.0,1.0,1.0,0.0,real,3,0.3701005025125628,0.9695979899497488,0.6042713567839196,0.3021356783919598,0.2968708176561198,0.7884684098886392
F000280,0.0,0.37763819095477386,0.2444444444444444,0.20367003088692626,0.0,1.0,1.0,1.0,0.0,real,3,0.3701005025125628,0.37763819095477386,0.13743718592964824,0.06871859296482412,0.21048303704451907,0.3771202116108179
F000281,0.0,0.37763819095477386,0.5777777777777777,0.42860670048857574,0.0,1.0,1.0,1.0,0.0,real,3,0.3701005025125628,0.37763819095477386,0.48391959798994977,0.24195979899497488,0.2745996944521603,0.3758143733744097
F000282,0.0,0.37763819095477386,0.34444444444444444,0.30061665018819295,0.0,1.0,1.0,1.0,0.0,real,3,0.3701005025125628,0.37763819095477386,0.26959798994974876,0.13479899497487438,0.23493942703467083,0.3766221181283301
F000283,0.11441628428654776,0.8492462311557789,0.6777777777777778,0.4822785425380157,0.0,1.0,1.0,1.0,0.0,real,3,0.3701005025125628,0.8492462311557789,0.5876884422110553,0.29384422110552766,0.2938021451478498,0.7084520277265726
F000284,0.0,0.37763819095477386,0.40555555555555556,0.6292264504341231,0.0,1.0,1.0,1.0,0.0,real,3,0.3701005025125628,0.37763819095477386,0.8148241206030151,0.40741206030150756,0.33583365950354793,0.3745672457766218
F000285,0.0,0.37763819095477386,0.65,0.818535277187245,0.25,1.0,1.0,1.0,0.25,real,3,0.8304020100502513,0.37763819095477386,0.9723618090452262,0.4861809045226131,0.8189266053887528,0.5977633140577259
F000286,0.0,0.37763819095477386,0.6055555555555556,0.6834010806525236,0.0,1.0,1.0,1.0,0.0,real,3,0.3701005025125628,0.37763819095477386,0.8814070351758794,0.4407035175879397,0.34815484457463197,0.3743163051438095
F000287,0.384446924615532,0.9695979899497488,0.8166666666666667,0.4977728174356026,0.0,1.0,1.0,1.0,0.0,real,3,0.3701005025125628,0.9695979899497488,0.6042713567839196,0.3021356783919598,0.2968708176561198,0.7884684098886392
F000288,0.0,0.37763819095477386,0.5055555555555555,0.18954135676924425,0.0,1.0,1.0,1.0,0.0,real,3,0.3701005025125628,0.37763819095477386,0.11180904522613065,0.055904522613065326,0.20574054316810184,0.37721680008080605
F000289,0.0,0.37763819095477386,0.5111111111111111,0.4286067004885758,0.0,1.0,1.0,1.0,0.0,real,3,0.3701005025125628,0.37763819095477386,0.4907035175879397,0.24535175879396984,0.27585506047827074,0.37578880583823643
F000290,0.05405374521878542,0.7944723618090452,0.7277777777777777,0.8030036206735403,0.0,1.0,1.0,1.0,0.0,real,3,0.3701005025125628,0.7944723618090452,0.9693467336683417,0.48467336683417084,0.3644281078760637,0.5887906239741421
F000291,0.0,0.37763819095477386,0.3111111111111111,0.8572134009771516,0.0,1.0,1.0,1.0,0.0,real,3,0.3701005025125628,0.37763819095477386,0.9839195979899498,0.4919597989949749,0.367124820080301,0.373929951263857
F000292,0.004957759763154934,0.7610552763819095,0.6833333333333333,0.7234178138070235,0.0,1.0,1.0,1.0,0.0,real,3,0.3701005025125628,0.7610552763819095,0.9173366834170854,0.4586683417085427,0.3548036350092169,0.581736698568218
F000293,0.0,0.37763819095477386,0.5444444444444445,0.6049181150584978,0.0,1.0,1.0,1.0,0.0,real,3,0.3701005025125628,0.37763819095477386,0.7876884422110553,0.39384422110552764,0.3308121953991061,0.37466951592131514
F000294,0.0,0.37763819095477386,0.3888888888888889,0.6049181150584977,0.25,1.0,1.0,1.0,0.25,real,3,0.8304020100502513,0.37763819095477386,0.7846733668341709,0.39233668341708544,0.7409981755511225,0.5552740461099468
F000295,0.0,0.37763819095477386,0.5833333333333333,0.4409585518440985,0.25,1.0,1.0,1.0,0.25,real,3,0.8304020100502513,0.37763819095477386,0.5052763819095477,0.25263819095477386,0.6249922666094291,0.4920236231408297
F000296,0.0,0.37763819095477386,0.33333333333333337,0.26666666666666666,0.0,1.0,1.0,1.0,0.0,real,3,0.3701005025125628,0.37763819095477386,0.2092964824120603,0.10464824120603015,0.22378061791368903,0.3768493851165375
F000297,0.0,0.37763819095477386,0.36111111111111116,0.16442942874387495,0.25,1.0,1.0,1.0,0.25,real,3,0.8304020100502513,0.37763819095477386,0.09321608040201006,0.04660804020100503,0.45390441529254316,0.3987406252367364
F000298,0.0,0.37763819095477386,0.29999999999999993,0.5206833117271104,0.0,1.0,1.0,1.0,0.0,real,3,0.3701005025125628,0.37763819095477386,0.6444723618090452,0.3222361809045226,0.30431002373677435,0.3752092750183076
F000299,0.0,0.37763819095477386,0.37222222222222223,0.38920621973637765,0.0,1.0,1.0,1.0,0.0,real,3,0.3701005025125628,0.37763819095477386,0.41030150753768846,0.20515075376884423,0.26097664831696166,0.37609182848917955
F000300,0.0,0.37763819095477386,0.38333333333333336,0.6350852961085883,0.0,1.0,1.0,1.0,0.0,real,3,0.3701005025125628,0.37763819095477386,0.8256281407035176,0.4128140703517588,0.33783294613772386,0.3745265271079013
F000301,0.0,0.37763819095477386,0.2222222222222222,0.27755546659548436,0.0,1.0,1.0,1.0,0.0,real,3,0.3701005025125628,0.37763819095477386,0.22889447236180904,0.11444723618090452,0.22740723087800815,0.37677552334537007
F000302,0.0,0.37763819095477386,0.40555555555555556,0.6003085626328932,0.0,1.0,1.0,1.0,0.0,real,3,0.3701005025125628,0.37763819095477386,0.7728643216080402,0.3864321608040201,0.32806898815686475,0.37472538572258274
F000303,0.0,0.37763819095477386,0.33333333333333337,0.5811865258054231,0.25,1.0,1.0,1.0,0.25,real,3,0.8304020100502513,0.37763819095477386,0.7371859296482413,0.36859296482412063,0.721281343905457,0.5445237494002677
F000304,0.0,0.37763819095477386,0.23888888888888887,0.06938886664887108,0.0,1.0,1.0,1.0,0.0,real,3,0.3701005025125628,0.37763819095477386,0.016331658291457288,0.008165829145728644,0.1880724287265473,0.37757663947880105
F000305,0.0,0.37763819095477386,0.6333333333333333,0.7512951779723097,0.25,1.0,1.0,1.0,0.25,real,3,0.8304020100502513,0.37763819095477386,0.935678391959799,0.4678391959798995,0.8036956137471276,0.5894588520491907
F000306,0.22387480880994048,0.9188442211055277,0.6722222222222222,0.24113927126900783,0.0,1.0,1.0,1.0,0.0,real,3,0.3701005025125628,0.9188442211055277,0.18743718592964825,0.09371859296482413,0.21973554960733316,0.8674167319007096
F000307,0.21093755647727047,0.9085427135678392,0.7388888888888889,0.5336804426010147,0.25,1.0,1.0,1.0,0.25,real,3,0.8304020100502513,0.9085427135678392,0.6592964824120603,0.32964824120603015,0.6889415671321432,0.8827837680866644
F000308,0.0,0.37763819095477386,0.4222222222222222,0.4682512779045661,0.5,1.0,1.0,1.0,0.5,real,3,0.9587939698492463,0.37763819095477386,0.5565326633165829,0.27826633165829145,0.7461970657306634,0.5393542776697557
F000309,0.0,0.37763819095477386,0.17777777777777776,0.27755546659548436,0.0,1.0,1.0,1.0,0.0,real,3,0.3701005025125628,0.37763819095477386,0.22889447236180904,0.11444723618090452,0.22740723087800815,0.37677552334537007
F000310,0.0,0.37763819095477386,0.37777777777777777,0.5047918529600243,0.0,1.0,1.0,1.0,0.0,real,3,0.3701005025125628,0.37763819095477386,0.6180904522613065,0.30904522613065327,0.2994280447463448,0.37530870432564833
F000311,0.0,0.37763819095477386,0.3111111111111111,0.6158402871356008,0.25,1.0,1.0,1.0,0.25,real,3,0.8304020100502513,0.37763819095477386,0.8035175879396985,0.40175879396984926,0.7488223150930532,0.5595400368677559
F000312,0.0,0.37763819095477386,0.19444444444444442,0.11706281947614157,0.0,1.0,1.0,1.0,0.0,real,3,0.3701005025125628,0.37763819095477386,0.04221105527638191,0.021105527638190954,0.19286141764096867,0.3774791040630287
F000313,0.0,0.37763819095477386,0.6555555555555556,0.9197423149588835,0.25,1.0,1.0,1.0,0.25,real,3,0.8304020100502513,0.37763819095477386,0.9922110552763819,0.49610552763819094,0.8271680323729199,0.6022568243226181
F000314,0.0,0.37763819095477386,0.25555555555555554,0.5003702332976756,0.25,1.0,1.0,1.0,0.25,real,3,0.8304020100502513,0.37763819095477386,0.6082914572864322,0.3041457286432161,0.6677642294386505,0.5153443726168532
F000315,0.0,0.37763819095477386,0.5055555555555555,0.6431980283736135,0.0,1.0,1.0,1.0,0.0,real,3,0.3701005025125628,0.37763819095477386,0.8427135678391959,0.42135678391959797,0.340994608722002,0.3744621347945759
F000316,0.0,0.37763819095477386,0.6555555555555556,0.795356896363257,0.0,1.0,1.0,1.0,0.0,real,3,0.3701005025125628,0.37763819095477386,0.9597989949748744,0.4798994974874372,0.3626612964319083,0.3740208580591399
F000317,0.0,0.37763819095477386,0.33333333333333337,0.13333333333333336,0.25,1.0,1.0,1.0,0.25,real,3,0.8304020100502513,0.37763819095477386,0.05226130653266332,0.02613065326633166,0.43689995202141363,0.3894692053230979
F000318,0.10158341117339567,0.8381909547738694,0.6722222222222223,0.48572206654209765,0.0,1.0,1.0,1.0,0.0,real,3,0.3701005025125628,0.8381909547738694,0.5919597989949749,0.29597989949748743,0.2945925607939193,0.6996455897578344
F000319,0.0,0.37763819095477386,0.32777777777777783,0.46228097917143823,0.0,1.0,1.0,1.0,0.0,real,3,0.3701005025125628,0.37763819095477386,0.5409547738693468,0.2704773869346734,0.28515406807908894,0.3755994166813969
F000320,0.0,0.37763819095477386,0.34444444444444444,0.6743995957997118,0.0,1.0,1.0,1.0,0.0,real,3,0.3701005025125628,0.37763819095477386,0.8733668341708543,0.43668341708542713,0.34666700335850104,0.3743466074089038
F000321,0.031561208324241696,0.778391959798995,0.6555555555555556,0.559099805573739,0.0,1.0,1.0,1.0,0.0,real,3,0.3701005025125628,0.778391959798995,0.7120603015075377,0.35603015075376887,0.31681718895987476,0.6330278907098306
F000322,0.0,0.37763819095477386,0.3222222222222222,0.45379061903693635,0.0,1.0,1.0,1.0,0.0,real,3,0.3701005025125628,0.37763819095477386,0.5273869346733668,0.2636934673366834,0.28264333602686803,0.37565055175374357
F000323,0.0,0.37763819095477386,0.2222222222222222,0.20367003088692623,0.0,1.0,1.0,1.0,0.0,real,3,0.3701005025125628,0.37763819095477386,0.12964824120603016,0.06482412060301508,0.2090416908663923,0.377149566930128
F000324,0.0,0.37763819095477386,0.5888888888888889,0.7897491397296383,0.25,1.0,1.0,1.0,0.25,real,3,0.8304020100502513,0.37763819095477386,0.9565326633165829,0.47826633165829147,0.812354328173531,0.5941798818211661
F000325,0.0,0.37763819095477386,0.2277777777777778,0.4220759980716129,0.0,1.0,1.0,1.0,0.0,real,3,0.3701005025125628,0.37763819095477386,0.4738693467336683,0.23693467336683416,0.2727398929319967,0.3758522512057776
F000326,0.0,0.37763819095477386,0.34444444444444444,0.2694301256218254,0.0,1.0,1.0,1.0,0.0,real,3,0.3701005025125628,0.37763819095477386,0.21834170854271356,0.10917085427135678,0.2254544392818363,0.37681529506830636
F000327,0.0,0.37763819095477386,0.3833333333333333,0.6489307444643929,0.0,1.0,1.0,1.0,0.0,real,3,0.3701005025125628,0.37763819095477386,0.8487437185929648,0.4243718592964824,0.3421104896341002,0.37443940809575516
F000328,0.0,0.37763819095477386,0.6444444444444444,0.6012333003763859,0.0,1.0,1.0,1.0,0.0,real,3,0.3701005025125628,0.37763819095477386,0.7788944723618091,0.38944723618090454,0.3291848690689629,0.37470265902376204
F000329,0.0,0.37763819095477386,0.46111111111111114,0.25018511664883786,0.0,1.0,1.0,1.0,0.0,real,3,0.3701005025125628,0.37763819095477386,0.19623115577889447,0.09811557788944723,0.22136287593747633,0.37689862629731574
F000330,0.0239245831409155,0.771608040201005,0.6611111111111111,0.5965952781626133,0.25,1.0,1.0,1.0,0.25,real,3,0.8304020100502513,0.771608040201005,0.7608040201005025,0.38040201005025126,0.7310875987980101,0.7939733845104922
F000331,0.0,0.37763819095477386,0.16111111111111115,0.29876288132775003,0.0,1.0,1.0,1.0,0.0,real,3,0.3701005025125628,0.37763819095477386,0.26457286432160804,0.13228643216080402,0.23400952627458904,0.376641057044014
F000332,0.0,0.37763819095477386,0.4944444444444444,0.6431980283736135,0.0,1.0,1.0,1.0,0.0,real,3,0.3701005025125628,0.37763819095477386,0.8427135678391959,0.42135678391959797,0.340994608722002,0.3744621347945759
F000333,0.0,0.37763819095477386,0.49999999999999994,0.5925462944877059,0.0,1.0,1.0,1.0,0.0,real,3,0.3701005025125628,0.37763819095477386,0.7555276381909548,0.3777638190954774,0.3248608305345825,0.3747907249816924
F000334,0.0,0.37763819095477386,0.3111111111111111,0.6012333003763859,0.0,1.0,1.0,1.0,0.0,real,3,0.3701005025125628,0.37763819095477386,0.7788944723618091,0.38944723618090454,0.3291848690689629,0.37470265902376204
F000335,0.0,0.37763819095477386,0.25555555555555554,0.4233901974057256,0.0,1.0,1.0,1.0,0.0,real,3,0.3701005025125628,0.37763819095477386,0.4766331658291457,0.23831658291457286,0.2732513383500417,0.3758418348021515
F000336,0.2800150157005695,0.9386934673366835,0.7222222222222222,0.3288588574877499,0.5,1.0,1.0,1.0,0.5,real,3,0.9587939698492463,0.9386934673366835,0.31055276381909547,0.15527638190954773,0.628275043559506,0.9418146006413979
F000337,0.0,0.37763819095477386,0.29999999999999993,0.37118429085533483,0.0,1.0,1.0,1.0,0.0,real,3,0.3701005025125628,0.37763819095477386,0.38517587939698494,0.19258793969849247,0.2563271445165526,0.3761865230675993
F000338,0.0,0.37763819095477386,0.37777777777777777,0.5388602512436508,0.0,1.0,1.0,1.0,0.0,real,3,0.3701005025125628,0.37763819095477386,0.6738693467336684,0.3369346733668342,0.30974994318325294,0.3750984823615566
F000339,0.0,0.37763819095477386,0.23888888888888887,0.6113130979323965,0.5,1.0,1.0,1.0,0.5,real,3,0.9587939698492463,0.37763819095477386,0.7979899497487437,0.39899497487437185,0.8619509608343224,0.6095164263528698
F000340,0.0,0.37763819095477386,0.33333333333333337,0.5811865258054231,0.0,1.0,1.0,1.0,0.0,real,3,0.3701005025125628,0.37763819095477386,0.7371859296482413,0.36859296482412063,0.32146669276028383,0.3748598520239388
F000341,0.28344448892448004,0.9402010050251256,0.7111111111111111,0.2775554665954844,0.0,1.0,1.0,1.0,0.0,real,3,0.3701005025125628,0.9402010050251256,0.23417085427135678,0.11708542713567839,0.22838362667609405,0.8734505441781774
F000342,0.0,0.37763819095477386,0.3833333333333333,0.6489307444643929,0.25,1.0,1.0,1.0,0.25,real,3,0.8304020100502513,0.37763819095477386,0.8487437185929648,0.4243718592964824,0.767600249993687,0.5697784146864978
F000343,0.0,0.37763819095477386,0.5888888888888889,0.6809579309353139,0.25,1.0,1.0,1.0,0.25,real,3,0.8304020100502513,0.37763819095477386,0.8793969849246231,0.4396984924623116,0.7803275169818944,0.576717759652534
F000344,0.0,0.37763819095477386,0.3222222222222222,0.3671713698190735,0.0,1.0,1.0,1.0,0.0,real,3,0.3701005025125628,0.37763819095477386,0.3751256281407035,0.18756281407035175,0.254467342996389,0.3762244008989672
F000345,0.0,0.37763819095477386,0.5722222222222222,0.5738111703855715,0.0,1.0,1.0,1.0,0.0,real,3,0.3701005025125628,0.37763819095477386,0.7319095477386934,0.3659547738693467,0.32049029696219794,0.3748797378854069
F000346,0.0,0.37763819095477386,0.5111111111111111,0.6158402871356008,0.25,1.0,1.0,1.0,0.25,real,3,0.8304020100502513,0.37763819095477386,0.8035175879396985,0.40175879396984926,0.7488223150930532,0.5595400368677559
F000347,0.0,0.37763819095477386,0.35,0.40960685758148363,0.0,1.0,1.0,1.0,0.0,real,3,0.3701005025125628,0.37763819095477386,0.4552763819095477,0.22763819095477386,0.26929926011969396,0.3759223251938082
F000348,0.0,0.37763819095477386,0.17777777777777776,0.6158402871356008,0.0,1.0,1.0,1.0,0.0,real,3,0.3701005025125628,0.37763819095477386,0.8035175879396985,0.40175879396984926,0.3337413827933638,0.3746098583369107
F000349,0.0,0.37763819095477386,0.2833333333333333,0.338296385503074,0.0,1.0,1.0,1.0,0.0,real,3,0.3701005025125628,0.37763819095477386,0.33467336683417087,0.16733668341708544,0.24698164187773036,0.376376859170223
F000350,0.0,0.37763819095477386,0.3111111111111111,0.6710963942462889,0.25,1.0,1.0,1.0,0.25,real,3,0.8304020100502513,0.37763819095477386,0.8680904522613065,0.43404522613065327,0.775633033256736,0.5741581651978485
F000351,0.260488240937585,0.9304020100502512,0.7666666666666666,0.5456901847914967,0.0,1.0,1.0,1.0,0.0,real,3,0.3701005025125628,0.9304020100502512,0.6836683417085427,0.34183417085427137,0.3115632496654125,0.7388718087927073
F000352,0.0,0.37763819095477386,0.19444444444444442,0.2219442706159798,0.0,1.0,1.0,1.0,0.0,real,3,0.3701005025125628,0.37763819095477386,0.1620603015075377,0.08103015075376885,0.21503955076891998,0.3770274109239666
F000353,0.0,0.37763819095477386,0.4111111111111111,0.743365719274566,0.25,1.0,1.0,1.0,0.25,real,3,0.8304020100502513,0.37763819095477386,0.9278894472361809,0.46394472361809047,0.8004616360697963,0.5876955758692962
F000354,0.06936276864252142,0.8085427135678392,0.6055555555555555,0.2834966849371794,0.0,1.0,1.0,1.0,0.0,real,3,0.3701005025125628,0.8085427135678392,0.23969849246231156,0.11984924623115578,0.22940651751218405,0.755995745056943
F000355,0.0,0.37763819095477386,0.18888888888888888,0.03849001794597511,0.5,1.0,1.0,1.0,0.5,real,3,0.9587939698492463,0.37763819095477386,0.008291457286432161,0.004145728643216081,0.48337188454837,0.3800475051135072
F000356,0.15489216538666217,0.878643216080402,0.7055555555555556,0.512437891448898,0.0,1.0,1.0,1.0,0.0,real,3,0.3701005025125628,0.878643216080402,0.6326633165829145,0.31633165829145726,0.30212475695058205,0.7177750561854499
F000357,0.0,0.37763819095477386,0.5166666666666666,0.26457513110645897,0.0,1.0,1.0,1.0,0.0,real,3,0.3701005025125628,0.37763819095477386,0.20402010050251257,0.10201005025125628,0.22280422211560316,0.3768692709780056
F000358,0.0,0.37763819095477386,0.3388888888888889,0.1503083250940965,0.0,1.0,1.0,1.0,0.0,real,3,0.3701005025125628,0.37763819095477386,0.07412060301507538,0.03706030150753769,0.1987662874674882,0.3773588419484356
F000359,0.0,0.37763819095477386,0.32777777777777783,0.46228097917143823,0.0,1.0,1.0,1.0,0.0,real,3,0.3701005025125628,0.37763819095477386,0.5409547738693468,0.2704773869346734,0.28515406807908894,0.3755994166813969
F000360,0.0,0.37763819095477386,0.5166666666666666,0.48419463487779835,0.0,1.0,1.0,1.0,0.0,real,3,0.3701005025125628,0.37763819095477386,0.5904522613065326,0.2952261306532663,0.2943135905658948,0.37541286836191007
F000361,0.0,0.37763819095477386,0.29999999999999993,0.3055050463303894,0.5,1.0,1.0,1.0,0.5,real,3,0.9587939698492463,0.37763819095477386,0.2761306532663317,0.13806532663316584,0.611773187545769,0.45787565339259106
F000362,0.0,0.37763819095477386,0.23333333333333334,0.4163331998932266,0.0,1.0,1.0,1.0,0.0,real,3,0.3701005025125628,0.37763819095477386,0.464321608040201,0.2321608040201005,0.2709730814878412,0.3758882351455771
F000363,0.08772091370538554,0.8293969849246231,0.7555555555555555,0.8467803948114511,0.0,1.0,1.0,1.0,0.0,real,3,0.3701005025125628,0.8293969849246231,0.9804020100502513,0.49020100502512565,0.3664738895482437,0.6042493876417262
F000364,0.0,0.37763819095477386,0.27222222222222225,0.5699252712547627,0.0,1.0,1.0,1.0,0.0,real,3,0.3701005025125628,0.37763819095477386,0.728140703517588,0.364070351758794,0.3197928713921366,0.37489394207216986
F000365,0.0,0.37763819095477386,0.5777777777777777,0.8146801235477049,0.0,1.0,1.0,1.0,0.0,real,3,0.3701005025125628,0.37763819095477386,0.971356783919598,0.485678391959799,0.36480006818009647,0.37397729855306683
F000366,0.0,0.37763819095477386,0.32777777777777783,0.46228097917143823,0.0,1.0,1.0,1.0,0.0,real,3,0.3701005025125628,0.37763819095477386,0.5409547738693468,0.2704773869346734,0.28515406807908894,0.3755994166813969
F000367,0.0,0.37763819095477386,0.26111111111111107,0.26736020923368814,0.25,1.0,1.0,1.0,0.25,real,3,0.8304020100502513,0.37763819095477386,0.21381909547738692,0.10690954773869346,0.5039789083609,0.426042966086715
F000368,0.6333333333333333,0.9954773869346734,0.8333333333333333,0.06666666666666665,0.0,1.0,1.0,1.0,0.0,real,3,0.3701005025125628,0.9954773869346734,0.011557788944723618,0.005778894472361809,0.18718902300446957,0.9918633999141436
F000369,0.0,0.37763819095477386,0.21666666666666662,0.05773502691896257,0.25,1.0,1.0,1.0,0.25,real,3,0.8304020100502513,0.37763819095477386,0.010301507537688442,0.005150753768844221,0.4194782013080478,0.3799702659023762
F000370,0.0,0.37763819095477386,0.3666666666666667,0.24037008503093263,0.0,1.0,1.0,1.0,0.0,real,3,0.3701005025125628,0.37763819095477386,0.18341708542713567,0.09170854271356783,0.21899162899926772,0.37694692053230977
F000371,0.04808538252326666,0.7899497487437186,0.6333333333333333,0.4371625682868,0.0,1.0,1.0,1.0,0.0,real,3,0.3701005025125628,0.7899497487437186,0.4994974874371859,0.24974874371859296,0.27748238680841397,0.6850929269462892
F000372,0.0,0.37763819095477386,0.22222222222222215,0.20367003088692623,0.0,1.0,1.0,1.0,0.0,real,3,0.3701005025125628,0.37763819095477386,0.12964824120603016,0.06482412060301508,0.2090416908663923,0.377149566930128
F000373,0.0,0.37763819095477386,0.26111111111111107,0.13471506281091264,0.0,1.0,1.0,1.0,0.0,real,3,0.3701005025125628,0.37763819095477386,0.05552763819095478,0.02776381909547739,0.1953256546551855,0.37742891593646627
F000374,0.08628993597898799,0.8266331658291457,0.6833333333333333,0.5607534613753574,0.0,1.0,1.0,1.0,0.0,real,3,0.3701005025125628,0.8266331658291457,0.7165829145728643,0.35829145728643214,0.3176540996439484,0.6630614125905911
F000375,0.5607848771709334,0.9919597989949749,0.8277777777777777,0.18954135676924425,0.0,1.0,1.0,1.0,0.0,real,3,0.3701005025125628,0.9919597989949749,0.11180904522613065,0.055904522613065326,0.20574054316810184,0.957195051892629
F000376,0.0,0.37763819095477386,0.27222222222222225,0.2501851166488378,0.25,1.0,1.0,1.0,0.25,real,3,0.8304020100502513,0.37763819095477386,0.19321608040201005,0.09660804020100502,0.49542451579505564,0.4213788161915103
F000377,0.0,0.37763819095477386,0.5888888888888889,0.743365719274566,0.0,1.0,1.0,1.0,0.0,real,3,0.3701005025125628,0.37763819095477386,0.9278894472361809,0.46394472361809047,0.35675642660538875,0.374141120173733
F000378,0.0,0.37763819095477386,0.37777777777777777,0.5047918529600243,0.0,1.0,1.0,1.0,0.0,real,3,0.3701005025125628,0.37763819095477386,0.6180904522613065,0.30904522613065327,0.2994280447463448,0.37530870432564833
F000379,0.0,0.37763819095477386,0.4888888888888889,0.6577177149754997,0.0,1.0,1.0,1.0,0.0,real,3,0.3701005025125628,0.37763819095477386,0.857537688442211,0.4287688442211055,0.34373781596424335,0.37440626499330826
F000380,0.0,0.37763819095477386,0.39444444444444443,0.2834966849371794,0.0,1.0,1.0,1.0,0.0,real,3,0.3701005025125628,0.37763819095477386,0.23969849246231156,0.11984924623115578,0.22940651751218405,0.37673480467664955
F000381,0.0,0.37763819095477386,0.6055555555555556,0.589098495191625,0.0,1.0,1.0,1.0,0.0,real,3,0.3701005025125628,0.37763819095477386,0.7530150753768844,0.3765075376884422,0.3243958801545415,0.3748001944395344
F000382,0.3779915320718537,0.9668341708542714,0.8333333333333333,0.5773502691896258,0.25,1.0,1.0,1.0,0.25,real,3,0.8304020100502513,0.9668341708542714,0.7329145728643216,0.3664572864321608,0.7195078722759526,0.9168376114239539
F000383,0.10472943924163813,0.8391959798994975,0.6833333333333333,0.523874454850057,0.0,1.0,1.0,1.0,0.0,real,3,0.3701005025125628,0.8391959798994975,0.6515075376884422,0.3257537688442211,0.3056118848008889,0.6863863601929244
F000384,0.0,0.37763819095477386,0.3388888888888889,0.1503083250940965,0.0,1.0,1.0,1.0,0.0,real,3,0.3701005025125628,0.37763819095477386,0.07412060301507538,0.03706030150753769,0.1987662874674882,0.3773588419484356
F000385,0.0,0.37763819095477386,0.33333333333333337,0.5811865258054231,0.0,1.0,1.0,1.0,0.0,real,3,0.3701005025125628,0.37763819095477386,0.7371859296482413,0.36859296482412063,0.32146669276028383,0.3748598520239388
F000386,0.1138998251913878,0.8474874371859297,0.7333333333333333,0.7055336829505576,0.0,1.0,1.0,1.0,0.0,real,3,0.3701005025125628,0.8474874371859297,0.907788944723618,0.453894472361809,0.3530368235650615,0.6308041463599404
F000387,0.0,0.37763819095477386,0.46111111111111114,0.5928587365312934,0.0,1.0,1.0,1.0,0.0,real,3,0.3701005025125628,0.37763819095477386,0.7577889447236181,0.37889447236180906,0.3252792858766193,0.3747822024696346
F000388,0.0,0.37763819095477386,0.2444444444444444,0.20367003088692626,0.0,1.0,1.0,1.0,0.0,real,3,0.3701005025125628,0.37763819095477386,0.13743718592964824,0.06871859296482412,0.21048303704451907,0.3771202116108179
F000389,0.0,0.37763819095477386,0.2944444444444444,0.29122983160180355,0.25,1.0,1.0,1.0,0.25,real,3,0.8304020100502513,0.37763819095477386,0.25879396984924624,0.12939698492462312,0.5226525214009747,0.43622446402868614
F000390,0.502393225657483,0.9874371859296482,0.8666666666666667,0.46188021535170065,0.25,1.0,1.0,1.0,0.25,real,3,0.8304020100502513,0.9874371859296482,0.536180904522613,0.2680904522613065,0.6378238554581955,0.9453375546072068
F000391,0.0,0.37763819095477386,0.7111111111111111,1.0007404665953512,0.0,1.0,1.0,1.0,0.0,real,3,0.3701005025125628,0.37763819095477386,0.9994974874371859,0.49974874371859296,0.37000751243655466,0.3738712406252367
F000392,0.05679267422780554,0.7982412060301508,0.6777777777777778,0.5975257626555002,0.0,1.0,1.0,1.0,0.0,real,3,0.3701005025125628,0.7982412060301508,0.7685929648241207,0.3842964824120603,0.3272785725107952,0.633708239690917
F000393,0.0,0.37763819095477386,0.5777777777777777,0.5551109331909687,0.0,1.0,1.0,1.0,0.0,real,3,0.3701005025125628,0.37763819095477386,0.6972361809045227,0.34861809045226133,0.3140739817176334,0.37501041640362615
F000394,0.0,0.37763819095477386,0.27222222222222225,0.5699252712547627,0.25,1.0,1.0,1.0,0.25,real,3,0.8304020100502513,0.37763819095477386,0.728140703517588,0.364070351758794,0.7175257569253302,0.5424760738365193
F000395,0.0,0.37763819095477386,0.25555555555555554,0.4233901974057256,0.0,1.0,1.0,1.0,0.0,real,3,0.3701005025125628,0.37763819095477386,0.4766331658291457,0.23831658291457286,0.2732513383500417,0.3758418348021515
F000396,0.0,0.37763819095477386,0.3555555555555555,0.6710963942462889,0.0,1.0,1.0,1.0,0.0,real,3,0.3701005025125628,0.37763819095477386,0.8680904522613065,0.43404522613065327,0.3456906075604152,0.3743664932703719
F000397,0.11441628428654779,0.8512562814070351,0.6777777777777778,0.48227854253801566,0.0,1.0,1.0,1.0,0.0,real,3,0.3701005025125628,0.8512562814070351,0.5839195979899497,0.2919597989949749,0.29310471957778844,0.7107781369157343
F000398,0.0,0.37763819095477386,0.40555555555555556,0.6834010806525236,0.0,1.0,1.0,1.0,0.0,real,3,0.3701005025125628,0.37763819095477386,0.8814070351758794,0.4407035175879397,0.34815484457463197,0.3743163051438095
F000399,0.0,0.37763819095477386,0.45,0.404145188432738,0.0,1.0,1.0,1.0,0.0,real,3,0.3701005025125628,0.37763819095477386,0.44120603015075377,0.22060301507537688,0.26669553799146484,0.3759753541577233
F000400,0.0,0.37763819095477386,0.4111111111111111,0.582459663203607,0.0,1.0,1.0,1.0,0.0,real,3,0.3701005025125628,0.37763819095477386,0.7452261306532664,0.3726130653266332,0.32295453397641477,0.37482954975884447
F000401,0.0,0.37763819095477386,0.2944444444444444,0.8002314480013707,0.0,1.0,1.0,1.0,0.0,real,3,0.3701005025125628,0.37763819095477386,0.9655778894472362,0.4827889447236181,0.36373068230600236,0.37399907830610335
F000402,0.0,0.37763819095477386,0.5055555555555555,0.2987628813277501,0.25,1.0,1.0,1.0,0.25,real,3,0.8304020100502513,0.37763819095477386,0.2670854271356784,0.1335427135678392,0.5260951427994243,0.43810149996212217
F000403,0.0,0.37763819095477386,0.3388888888888889,0.24113927126900786,0.5,1.0,1.0,1.0,0.5,real,3,0.9587939698492463,0.37763819095477386,0.18894472361809045,0.09447236180904522,0.569976515744552,0.4325413499659099
F000404,0.0,0.37763819095477386,0.5277777777777778,0.3469443332443555,0.0,1.0,1.0,1.0,0.0,real,3,0.3701005025125628,0.37763819095477386,0.3464824120603015,0.17324120603015075,0.2491669086639226,0.3763323527183657
F000405,0.24724747683480527,0.9256281407035176,0.7,0.3055050463303894,0.0,1.0,1.0,1.0,0.0,real,3,0.3701005025125628,0.9256281407035176,0.2761306532663317,0.13806532663316584,0.2361482980227772,0.8489290358829322
F000406,0.0,0.37763819095477386,0.42777777777777776,0.6866450913546834,0.0,1.0,1.0,1.0,0.0,real,3,0.3701005025125628,0.37763819095477386,0.8909547738693467,0.44547738693467337,0.3499216560187874,0.37428032120401
F000407,0.0,0.37763819095477386,0.37222222222222223,0.38920621973637765,0.0,1.0,1.0,1.0,0.0,real,3,0.3701005025125628,0.37763819095477386,0.41030150753768846,0.20515075376884423,0.26097664831696166,0.37609182848917955
F000408,0.0,0.37763819095477386,0.5833333333333333,0.5487359211051442,0.0,1.0,1.0,1.0,0.0,real,3,0.3701005025125628,0.37763819095477386,0.685427135678392,0.342713567839196,0.3118887149314411,0.3750549228554835
F000409,0.0,0.37763819095477386,0.21111111111111108,0.10183501544346314,0.0,1.0,1.0,1.0,0.0,real,3,0.3701005025125628,0.37763819095477386,0.036180904522613064,0.018090452261306532,0.1917455367288705,0.3775018307618494
F000410,0.41677782225781324,0.9768844221105528,0.7777777777777777,0.2775554665954844,0.0,1.0,1.0,1.0,0.0,real,3,0.3701005025125628,0.9768844221105528,0.23417085427135678,0.11708542713567839,0.22838362667609405,0.905838867705361
F000411,0.0,0.37763819095477386,0.39999999999999997,0.46188021535170054,0.0,1.0,1.0,1.0,0.0,real,3,0.3701005025125628,0.37763819095477386,0.5331658291457286,0.2665829145728643,0.2837127219009621,0.37562877200070705
F000412,0.0,0.37763819095477386,0.4166666666666667,0.3179797338056486,0.0,1.0,1.0,1.0,0.0,real,3,0.3701005025125628,0.37763819095477386,0.2992462311557789,0.14962311557788946,0.24042584151915355,0.3765103785257948
F000413,0.0020915355602075802,0.7587939698492462,0.6333333333333333,0.5291502622129182,0.0,1.0,1.0,1.0,0.0,real,3,0.3701005025125628,0.7587939698492462,0.6540201005025126,0.3270100502512563,0.30607683518092976,0.6316872995631423
F000414,0.0,0.37763819095477386,0.6666666666666666,0.8326663997864531,0.0,1.0,1.0,1.0,0.0,real,3,0.3701005025125628,0.37763819095477386,0.9753768844221106,0.4876884422110553,0.3655439887881619,0.3739621474205197
F000415,0.0,0.37763819095477386,0.39444444444444443,0.33388842669592717,0.25,1.0,1.0,1.0,0.25,real,3,0.8304020100502513,0.37763819095477386,0.31809045226130656,0.15904522613065328,0.5472724804929169,0.4496481149465922
F000416,0.0,0.37763819095477386,0.55,0.40414518843273806,0.0,1.0,1.0,1.0,0.0,real,3,0.3701005025125628,0.37763819095477386,0.44271356783919597,0.22135678391959798,0.2669745082194894,0.37596967248301805
F000417,0.0,0.37763819095477386,0.29999999999999993,0.37118429085533483,0.25,1.0,1.0,1.0,0.25,real,3,0.8304020100502513,0.37763819095477386,0.38517587939698494,0.19258793969849247,0.5751264172621903,0.46483504204439285
F000418,0.4875071594113095,0.9861809045226131,0.8111111111111111,0.26943012562182544,0.0,1.0,1.0,1.0,0.0,real,3,0.3701005025125628,0.9861809045226131,0.22185929648241207,0.11092964824120603,0.2261053698138936,0.9178393222393375
F000419,0.0,0.37763819095477386,0.5388888888888889,0.6994706993572063,0.0,1.0,1.0,1.0,0.0,real,3,0.3701005025125628,0.37763819095477386,0.9025125628140703,0.45125628140703516,0.35206042776697555,0.37423676169793696
F000420,0.07854497463356824,0.8150753768844221,0.7000000000000001,0.6429100507328637,0.0,1.0,1.0,1.0,0.0,real,3,0.3701005025125628,0.8150753768844221,0.8394472361809046,0.4197236180904523,0.3403901732279488,0.6283089126537209
F000421,0.0,0.37763819095477386,0.6666666666666666,0.6666666666666667,0.0,1.0,1.0,1.0,0.0,real,3,0.3701005025125628,0.37763819095477386,0.8618090452261307,0.43090452261306533,0.3445282316103129,0.3743901669149769
F000422,0.0,0.37763819095477386,0.3222222222222222,0.3671713698190735,0.0,1.0,1.0,1.0,0.0,real,3,0.3701005025125628,0.37763819095477386,0.3751256281407035,0.18756281407035175,0.254467342996389,0.3762244008989672
F000423,0.0,0.37763819095477386,0.6166666666666667,0.4702245326555295,0.0,1.0,1.0,1.0,0.0,real,3,0.3701005025125628,0.37763819095477386,0.564572864321608,0.282286432160804,0.2895246016514735,0.37551040377768236
F000424,0.0,0.37763819095477386,0.4666666666666667,0.4807401700618652,0.0,1.0,1.0,1.0,0.0,real,3,0.3701005025125628,0.37763819095477386,0.5756281407035176,0.2878140703517588,0.2915703833236535,0.37546873816317766
F000425,0.0,0.37763819095477386,0.6333333333333333,0.7512951779723097,0.0,1.0,1.0,1.0,0.0,real,3,0.3701005025125628,0.37763819095477386,0.935678391959799,0.4678391959798995,0.3581977727835156,0.3741117648544229
F000426,0.0,0.37763819095477386,0.3888888888888889,0.795356896363257,0.0,1.0,1.0,1.0,0.0,real,3,0.3701005025125628,0.37763819095477386,0.9597989949748744,0.4798994974874372,0.3626612964319083,0.3740208580591399
F000427,0.0,0.37763819095477386,0.3111111111111111,0.07698003589195009,0.0,1.0,1.0,1.0,0.0,real,3,0.3701005025125628,0.37763819095477386,0.0228643216080402,0.0114321608040201,0.18928129971465368,0.3775520188884119
F000428,0.15489216538666217,0.878643216080402,0.7055555555555556,0.512437891448898,0.0,1.0,1.0,1.0,0.0,real,3,0.3701005025125628,0.878643216080402,0.6326633165829145,0.31633165829145726,0.30212475695058205,0.7177750561854499
F000429,0.0,0.37763819095477386,0.24444444444444446,0.15396007178390017,0.0,1.0,1.0,1.0,0.0,real,3,0.3701005025125628,0.37763819095477386,0.0814070351758794,0.0407035175879397,0.20011464356960681,0.3773313805206939
F000430,0.0,0.37763819095477386,0.38888888888888884,0.6049181150584977,0.5,1.0,0.5,0.5,0.5,real,3,0.9587939698492463,0.37763819095477386,0.7846733668341709,0.19616834170854272,0.4277835155677887,0.491642556374839
F000431,0.15489216538666217,0.878643216080402,0.7055555555555556,0.512437891448898,0.0,1.0,1.0,1.0,0.0,real,3,0.3701005025125628,0.878643216080402,0.6326633165829145,0.31633165829145726,0.30212475695058205,0.7177750561854499
F000432,0.006325010803111486,0.7623115577889448,0.6333333333333333,0.5206833117271104,0.25,1.0,1.0,1.0,0.25,real,3,0.8304020100502513,0.7623115577889448,0.6444723618090452,0.3222361809045226,0.6827865773591576,0.78425276508169
F000433,0.0,0.37763819095477386,0.5,0.4666666666666666,0.0,1.0,1.0,1.0,0.0,real,3,0.3701005025125628,0.37763819095477386,0.5454773869346734,0.2727386934673367,0.28599097876316254,0.37558237165728137
F000434,0.0,0.37763819095477386,0.5555555555555556,0.6301087501670145,0.0,1.0,1.0,1.0,0.0,real,3,0.3701005025125628,0.37763819095477386,0.8233668341708543,0.41168341708542716,0.33741449079568697,0.3745350496199591
F000435,0.1424590034737396,0.8703517587939699,0.6611111111111111,0.3595264374969653,0.0,1.0,1.0,1.0,0.0,real,3,0.3701005025125628,0.8703517587939699,0.364572864321608,0.182286432160804,0.25251455140021717,0.7791627421024723
F000436,0.0,0.37763819095477386,0.39444444444444443,0.33388842669592717,0.0,1.0,1.0,1.0,0.0,real,3,0.3701005025125628,0.37763819095477386,0.31809045226130656,0.15904522613065328,0.2439129693694604,0.37643935759197994
F000437,0.0,0.37763819095477386,0.14444444444444438,0.03849001794597504,0.0,1.0,1.0,1.0,0.0,real,3,0.3701005025125628,0.37763819095477386,0.005527638190954774,0.002763819095477387,0.1860731420923714,0.3776173581475215
F000438,0.0,0.37763819095477386,0.2666666666666667,0.35276684147527876,0.0,1.0,1.0,1.0,0.0,real,3,0.3701005025125628,0.37763819095477386,0.3555276381909548,0.1777638190954774,0.25084073003206986,0.3762982626701346
F000439,0.0,0.37763819095477386,0.21111111111111108,0.2143033502442879,0.0,1.0,1.0,1.0,0.0,real,3,0.3701005025125628,0.37763819095477386,0.14798994974874372,0.07399497487437186,0.2124358286406909,0.3770804398878816
F000440,0.0,0.37763819095477386,0.4944444444444444,0.42207599807161283,0.0,1.0,1.0,1.0,0.0,real,3,0.3701005025125628,0.37763819095477386,0.47185929648241204,0.23592964824120602,0.27236793262796394,0.3758598267720512
F000441,0.0,0.37763819095477386,0.36111111111111116,0.16442942874387495,0.0,1.0,1.0,1.0,0.0,real,3,0.3701005025125628,0.37763819095477386,0.09321608040201006,0.04660804020100503,0.2022999103557991,0.37728687406883665
F000442,0.14101013309717572,0.8683417085427135,0.65,0.31797973380564853,0.0,1.0,1.0,1.0,0.0,real,3,0.3701005025125628,0.8683417085427135,0.29447236180904524,0.14723618090452262,0.23954243579707585,0.7949825761975707
F000443,0.0,0.37763819095477386,0.27222222222222225,0.28349668493717944,0.5,1.0,1.0,1.0,0.5,real,3,0.9587939698492463,0.37763819095477386,0.24547738693467336,0.12273869346733668,0.5970781040882807,0.4489684919572738
F000444,0.3066741745169514,0.9489949748743719,0.6944444444444444,0.16442942874387492,0.0,1.0,1.0,1.0,0.0,real,3,0.3701005025125628,0.9489949748743719,0.08819095477386935,0.04409547738693467,0.20137000959571727,0.9234683467589203
F000445,0.0,0.37763819095477386,0.40555555555555556,0.01924500897298752,0.0,1.0,1.0,1.0,0.0,real,3,0.3701005025125628,0.37763819095477386,0.001507537688442211,0.0007537688442211055,0.18532922148430594,0.3776325092800687
F000446,0.0,0.37763819095477386,0.6611111111111111,0.6930875632778086,0.0,1.0,1.0,1.0,0.0,real,3,0.3701005025125628,0.37763819095477386,0.8967336683417085,0.44836683417085427,0.3509910418928815,0.3742585414509735
F000447,0.0,0.37763819095477386,0.5611111111111111,0.4220759980716129,0.5,1.0,1.0,1.0,0.5,real,3,0.9587939698492463,0.37763819095477386,0.4738693467336683,0.23693467336683416,0.7065685209969446,0.5153341456023838
F000448,0.0,0.37763819095477386,0.34444444444444444,0.2694301256218254,0.0,1.0,1.0,1.0,0.0,real,3,0.3701005025125628,0.37763819095477386,0.21834170854271356,0.10917085427135678,0.2254544392818363,0.37681529506830636
F000449,0.030930841979430634,0.7763819095477387,0.7055555555555556,0.760360538263361,0.25,1.0,1.0,1.0,0.25,real,3,0.8304020100502513,0.7763819095477387,0.9422110552763819,0.47110552763819097,0.8064079821216636,0.8018310774980429
F000450,0.0,0.37763819095477386,0.2222222222222222,0.20367003088692623,0.0,1.0,1.0,1.0,0.0,real,3,0.3701005025125628,0.37763819095477386,0.12964824120603016,0.06482412060301508,0.2090416908663923,0.377149566930128
F000451,0.0,0.37763819095477386,0.31666666666666665,0.523874454850057,0.0,1.0,1.0,1.0,0.0,real,3,0.3701005025125628,0.37763819095477386,0.6515075376884422,0.3257537688442211,0.3056118848008889,0.3751827605363501
F000452,0.0,0.37763819095477386,0.28888888888888886,0.07698003589195009,0.25,1.0,1.0,1.0,0.25,real,3,0.8304020100502513,0.37763819095477386,0.0228643216080402,0.0114321608040201,0.42469429433600164,0.38281425974091565
F000453,0.24724747683480527,0.9256281407035176,0.7,0.3055050463303894,0.0,1.0,1.0,1.0,0.0,real,3,0.3701005025125628,0.9256281407035176,0.2761306532663317,0.13806532663316584,0.2361482980227772,0.8489290358829322
F000454,0.0,0.37763819095477386,0.3611111111111111,0.676866418245246,0.25,1.0,1.0,1.0,0.25,real,3,0.8304020100502513,0.37763819095477386,0.878140703517588,0.439070351758794,0.779805907679099,0.5764333602686802
F000455,0.5283963371139027,0.9904522613065326,0.8388888888888888,0.2987628813277501,0.0,1.0,1.0,1.0,0.0,real,3,0.3701005025125628,0.9904522613065326,0.2670854271356784,0.1335427135678392,0.23447447665462995,0.9076088040706043
F000456,0.0,0.37763819095477386,0.2833333333333333,0.5364492313143694,0.5,1.0,1.0,1.0,0.5,real,3,0.9587939698492463,0.37763819095477386,0.6640703517587939,0.33203517587939696,0.7977503093356227,0.5706023522133279
F000457,0.2076767997638424,0.9045226130653267,0.6833333333333333,0.3179797338056486,0.25,1.0,1.0,1.0,0.25,real,3,0.8304020100502513,0.9045226130653267,0.2992462311557789,0.14962311557788946,0.539448340950986,0.8934324575136992
F000458,0.6029772132492348,0.9939698492462311,0.8111111111111111,0.03849001794597504,0.0,1.0,1.0,1.0,0.0,real,3,0.3701005025125628,0.9939698492462311,0.005527638190954774,0.002763819095477387,0.1860731420923714,0.9922455872326456
F000459,0.25737602459496667,0.9293969849246231,0.6833333333333333,0.21858128414340003,0.0,1.0,1.0,1.0,0.0,real,3,0.3701005025125628,0.9293969849246231,0.1527638190954774,0.0763819095477387,0.21331923436276862,0.8866768515946566
F000460,0.0,0.37763819095477386,0.45555555555555555,0.3421067626297923,0.0,1.0,1.0,1.0,0.0,real,3,0.3701005025125628,0.37763819095477386,0.3394472361809045,0.16972361809045225,0.24786504759980807,0.3763588672003232
F000461,0.0,0.37763819095477386,0.5888888888888889,0.36717136981907356,0.0,1.0,1.0,1.0,0.0,real,3,0.3701005025125628,0.37763819095477386,0.38040201005025126,0.19020100502512563,0.2554437387944749,0.376204515037499
F000462,0.0,0.37763819095477386,0.6333333333333333,0.8717797887081347,0.25,1.0,1.0,1.0,0.25,real,3,0.8304020100502513,0.37763819095477386,0.985678391959799,0.4928391959798995,0.8244556639983839,0.6007779475265776
F000463,0.0,0.37763819095477386,0.6333333333333333,0.6359594676112972,0.0,1.0,1.0,1.0,0.0,real,3,0.3701005025125628,0.37763819095477386,0.8298994974874372,0.4149497487437186,0.3386233617837934,0.37451042902957
F000464,0.0,0.37763819095477386,0.35,0.40960685758148363,0.25,1.0,1.0,1.0,0.25,real,3,0.8304020100502513,0.37763819095477386,0.4552763819095477,0.22763819095477386,0.6042322163581728,0.48070452766344285
F000465,0.0,0.37763819095477386,0.24444444444444446,0.4682512779045662,0.0,1.0,1.0,1.0,0.0,real,3,0.3701005025125628,0.37763819095477386,0.5628140703517588,0.2814070351758794,0.2891991363854448,0.3755170323981718
F000466,0.14365213882549469,0.871859296482412,0.6888888888888889,0.46825127790456617,0.0,1.0,1.0,1.0,0.0,real,3,0.3701005025125628,0.871859296482412,0.5600502512562814,0.2800251256281407,0.2886876909673998,0.7313542271659805
F000467,0.09389072849699164,0.8334170854271357,0.5888888888888889,0.1677740985615722,0.0,1.0,1.0,1.0,0.0,real,3,0.3701005025125628,0.8334170854271357,0.09798994974874371,0.048994974874371856,0.20318331607787685,0.8107169010883563
F000468,0.019458763267063528,0.7683417085427136,0.6444444444444445,0.5388602512436508,0.0,1.0,1.0,1.0,0.0,real,3,0.3701005025125628,0.7683417085427136,0.6738693467336684,0.3369346733668342,0.30974994318325294,0.6341604378677306
F000469,0.0,0.37763819095477386,0.33333333333333337,0.5811865258054231,0.5,1.0,1.0,1.0,0.5,real,3,0.9587939698492463,0.37763819095477386,0.7371859296482413,0.36859296482412063,0.8328016969268454,0.5918481225221586
F000470,0.0,0.37763819095477386,0.4222222222222222,0.42860670048857574,0.25,1.0,1.0,1.0,0.25,real,3,0.8304020100502513,0.37763819095477386,0.48391959798994977,0.24195979899497488,0.6161249084619076,0.48718883361531273
F000471,0.05679267422780554,0.7982412060301508,0.6777777777777778,0.5975257626555002,0.25,1.0,1.0,1.0,0.25,real,3,0.8304020100502513,0.7982412060301508,0.7685929648241207,0.3842964824120603,0.7343215764753415,0.8106004898866191
F000472,0.0,0.37763819095477386,0.21111111111111108,0.10183501544346314,0.0,1.0,1.0,1.0,0.0,real,3,0.3701005025125628,0.37763819095477386,0.036180904522613064,0.018090452261306532,0.1917455367288705,0.3775018307618494
F000473,0.21093755647727047,0.9085427135678392,0.7388888888888889,0.5336804426010147,0.0,1.0,1.0,1.0,0.0,real,3,0.3701005025125628,0.9085427135678392,0.6592964824120603,0.32964824120603015,0.3070532309790157,0.7310461857023811
F000474,0.0,0.37763819095477386,0.17222222222222222,0.18954135676924425,0.0,1.0,1.0,1.0,0.0,real,3,0.3701005025125628,0.37763819095477386,0.11180904522613065,0.055904522613065326,0.20574054316810184,0.37721680008080605
F000475,0.06114916464678527,0.8050251256281407,0.7333333333333333,0.8110350040397627,0.0,1.0,1.0,1.0,0.0,real,3,0.3701005025125628,0.8050251256281407,0.9703517587939698,0.4851758793969849,0.3646140880280801,0.594010189136638
F000476,0.08421580159264294,0.821105527638191,0.6555555555555556,0.45379061903693635,0.0,1.0,1.0,1.0,0.0,real,3,0.3701005025125628,0.821105527638191,0.5273869346733668,0.2636934673366834,0.28264333602686803,0.7021784487765461
F000477,0.0,0.37763819095477386,0.3555555555555555,0.07698003589195015,0.5,1.0,1.0,1.0,0.5,real,3,0.9587939698492463,0.37763819095477386,0.026884422110552763,0.013442211055276381,0.49228529582586306,0.3854502095906669
F000478,0.0,0.37763819095477386,0.34444444444444444,0.2694301256218254,0.0,1.0,1.0,1.0,0.0,real,3,0.3701005025125628,0.37763819095477386,0.21834170854271356,0.10917085427135678,0.2254544392818363,0.37681529506830636
F000479,0.0,0.37763819095477386,0.3611111111111111,0.702640522389439,0.5,1.0,1.0,1.0,0.5,real,3,0.9587939698492463,0.37763819095477386,0.9035175879396985,0.45175879396984925,0.9125405924092826,0.6401804247367491
F000480,0.36779874338239293,0.9660804020100503,0.7722222222222223,0.3532914021241032,0.25,1.0,1.0,1.0,0.25,real,3,0.8304020100502513,0.9660804020100503,0.36055276381909546,0.18027638190954773,0.5649028749274009,0.9416207924042322
F000481,0.08628993597898799,0.8266331658291457,0.6833333333333333,0.5607534613753574,0.0,1.0,1.0,1.0,0.0,real,3,0.3701005025125628,0.8266331658291457,0.7165829145728643,0.35829145728643214,0.3176540996439484,0.6630614125905911
F000482,0.0,0.37763819095477386,0.3222222222222222,0.4822785425380157,0.0,1.0,1.0,1.0,0.0,real,3,0.3701005025125628,0.37763819095477386,0.5876884422110553,0.29384422110552766,0.2938021451478498,0.3754232847655362
F000483,0.0,0.37763819095477386,0.3555555555555555,0.5551109331909687,0.0,1.0,1.0,1.0,0.0,real,3,0.3701005025125628,0.37763819095477386,0.6972361809045227,0.34861809045226133,0.3140739817176334,0.37501041640362615
F000484,0.5268602700560462,0.9899497487437185,0.788888888888889,0.10183501544346321,0.0,1.0,1.0,1.0,0.0,real,3,0.3701005025125628,0.9899497487437185,0.03768844221105527,0.018844221105527637,0.19202450695689502,0.978269172495644
F000485,0.0,0.37763819095477386,0.21666666666666662,0.05773502691896257,0.5,1.0,1.0,1.0,0.5,real,3,0.9587939698492463,0.37763819095477386,0.010301507537688442,0.005150753768844221,0.4843354965783692,0.3806315812732001
F000486,0.2654961953102094,0.9321608040201005,0.7055555555555556,0.2912298316018035,0.0,1.0,1.0,1.0,0.0,real,3,0.3701005025125628,0.9321608040201005,0.25603015075376884,0.12801507537688442,0.23242869498244995,0.8602086121562587
F000487,0.0,0.37763819095477386,0.4222222222222222,0.5551109331909686,0.0,1.0,1.0,1.0,0.0,real,3,0.3701005025125628,0.37763819095477386,0.6891959798994974,0.3445979899497487,0.31258614050150246,0.3750407186687205
F000488,0.044166897763147556,0.7874371859296483,0.6055555555555555,0.333888426695927,0.25,1.0,1.0,1.0,0.25,real,3,0.8304020100502513,0.7874371859296483,0.3128140703517588,0.1564070351758794,0.5450817214211763,0.7941571866872049
F000489,0.0,0.37763819095477386,0.4166666666666667,0.3179797338056486,0.0,1.0,1.0,1.0,0.0,real,3,0.3701005025125628,0.37763819095477386,0.2992462311557789,0.14962311557788946,0.24042584151915355,0.3765103785257948
F000490,0.0,0.37763819095477386,0.2833333333333333,0.08819171036881966,0.0,1.0,1.0,1.0,0.0,real,3,0.3701005025125628,0.37763819095477386,0.028894472361809045,0.014447236180904523,0.19039718062675184,0.37752929218959114
F000491,0.384446924615532,0.9695979899497488,0.8166666666666667,0.4977728174356026,0.0,1.0,1.0,1.0,0.0,real,3,0.3701005025125628,0.9695979899497488,0.6042713567839196,0.3021356783919598,0.2968708176561198,0.7884684098886392
F000492,0.04808538252326666,0.7899497487437186,0.6333333333333333,0.4371625682868,0.0,1.0,1.0,1.0,0.0,real,3,0.3701005025125628,0.7899497487437186,0.4994974874371859,0.24974874371859296,0.27748238680841397,0.6850929269462892
F000493,0.0,0.37763819095477386,0.37777777777777777,0.5388602512436508,0.0,1.0,1.0,1.0,0.0,real,3,0.3701005025125628,0.37763819095477386,0.6738693467336684,0.3369346733668342,0.30974994318325294,0.3750984823615566
F000494,0.0,0.37763819095477386,0.2944444444444444,0.29122983160180355,0.0,1.0,1.0,1.0,0.0,real,3,0.3701005025125628,0.37763819095477386,0.25879396984924624,0.12939698492462312,0.23294014040049496,0.3766628367970506
F000495,0.0,0.37763819095477386,0.37777777777777777,0.6012333003763859,0.5,1.0,1.0,1.0,0.5,real,3,0.9587939698492463,0.37763819095477386,0.7788944723618091,0.38944723618090454,0.8527966465493295,0.603967702835787
F000496,0.0,0.37763819095477386,0.37222222222222223,0.5419443732558755,0.0,1.0,1.0,1.0,0.0,real,3,0.3701005025125628,0.37763819095477386,0.6809045226130653,0.34045226130653267,0.3110518042473675,0.375071967879599
F000497,0.0,0.37763819095477386,0.3055555555555556,0.5853140973807078,0.0,1.0,1.0,1.0,0.0,real,3,0.3701005025125628,0.37763819095477386,0.7507537688442211,0.37537688442211053,0.32397742481250474,0.3748087169515921
F000498,0.0,0.37763819095477386,0.37777777777777777,0.5047918529600243,0.0,1.0,1.0,1.0,0.0,real,3,0.3701005025125628,0.37763819095477386,0.6180904522613065,0.30904522613065327,0.2994280447463448,0.37530870432564833
F000499,0.0,0.37763819095477386,0.29999999999999993,0.37118429085533483,0.0,1.0,1.0,1.0,0.0,real,3,0.3701005025125628,0.37763819095477386,0.38517587939698494,0.19258793969849247,0.2563271445165526,0.3761865230675993
F000500,0.0,0.37763819095477386,0.3111111111111111,0.07698003589195009,0.0,1.0,1.0,1.0,0.0,real,3,0.3701005025125628,0.37763819095477386,0.0228643216080402,0.0114321608040201,0.18928129971465368,0.3775520188884119
F000501,0.0,0.37763819095477386,0.4388888888888889,0.3532914021241032,0.25,1.0,1.0,1.0,0.25,real,3,0.8304020100502513,0.37763819095477386,0.36055276381909546,0.18027638190954773,0.5649028749274009,0.4592608141208555
F000502,0.0,0.37763819095477386,0.24444444444444446,0.15396007178390017,0.0,1.0,1.0,1.0,0.0,real,3,0.3701005025125628,0.37763819095477386,0.0814070351758794,0.0407035175879397,0.20011464356960681,0.3773313805206939
F000503,0.0934615859097789,0.8324120603015075,0.6333333333333333,0.3464101615137755,0.0,1.0,1.0,1.0,0.0,real,3,0.3701005025125628,0.8324120603015075,0.34396984924623114,0.17198492462311557,0.24870195828388172,0.7529014418827806
F000504,0.42129842977749865,0.978140703517588,0.8111111111111111,0.4018475848894472,0.25,1.0,1.0,1.0,0.25,real,3,0.8304020100502513,0.978140703517588,0.4399497487437186,0.2199748743718593,0.5978685828640691,0.945641902982248
F000505,0.0,0.37763819095477386,0.6111111111111112,0.6049181150584978,0.0,1.0,1.0,1.0,0.0,real,3,0.3701005025125628,0.37763819095477386,0.7876884422110553,0.39384422110552764,0.3308121953991061,0.37466951592131514
F000506,0.42129842977749865,0.978140703517588,0.8111111111111111,0.4018475848894472,0.0,1.0,1.0,1.0,0.0,real,3,0.3701005025125628,0.978140703517588,0.4399497487437186,0.2199748743718593,0.2664630628014444,0.8443871366884675
F000507,0.2535898384862245,0.9281407035175879,0.8,0.6928203230275509,0.5,1.0,1.0,1.0,0.5,real,3,0.9587939698492463,0.9281407035175879,0.8942211055276382,0.4471105527638191,0.9080838867705361,0.9418461023711524
F000508,0.0,0.37763819095477386,0.4444444444444444,0.5551109331909687,0.25,1.0,1.0,1.0,0.25,real,3,0.8304020100502513,0.37763819095477386,0.6972361809045227,0.34861809045226133,0.7046941680765637,0.5354798489937123
F000509,0.0,0.37763819095477386,0.4277777777777778,0.06938886664887108,0.0,1.0,1.0,1.0,0.0,real,3,0.3701005025125628,0.37763819095477386,0.016331658291457288,0.008165829145728644,0.1880724287265473,0.37757663947880105
F000510,0.0,0.37763819095477386,0.2777777777777778,0.4337604732431808,0.0,1.0,1.0,1.0,0.0,real,3,0.3701005025125628,0.37763819095477386,0.49447236180904525,0.24723618090452262,0.2765524860483321,0.37577460165147347
F000511,0.26694461827290916,0.9326633165829146,0.7444444444444445,0.4438885412319596,0.0,1.0,1.0,1.0,0.0,real,3,0.3701005025125628,0.9326633165829146,0.5165829145728643,0.25829145728643216,0.2806440493926921,0.7873581475215272
F000512,0.0,0.37763819095477386,0.6611111111111111,0.8002314480013707,0.0,1.0,1.0,1.0,0.0,real,3,0.3701005025125628,0.37763819095477386,0.9655778894472362,0.4827889447236181,0.36373068230600236,0.37399907830610335
F000513,0.0,0.37763819095477386,0.37222222222222223,0.6362505912097959,0.0,1.0,1.0,1.0,0.0,real,3,0.3701005025125628,0.37763819095477386,0.8341708542713567,0.41708542713567837,0.33941377742986284,0.37449433095123863
F000514,0.0,0.37763819095477386,0.47777777777777775,0.5429685210164719,0.0,1.0,1.0,1.0,0.0,real,3,0.3701005025125628,0.37763819095477386,0.6824120603015076,0.3412060301507538,0.31133077447539204,0.3750662862048938
F000515,0.0,0.37763819095477386,0.5055555555555555,0.2987628813277501,0.0,1.0,1.0,1.0,0.0,real,3,0.3701005025125628,0.37763819095477386,0.2670854271356784,0.1335427135678392,0.23447447665462995,0.37663158758617205
F000516,0.0,0.37763819095477386,0.30000000000000004,0.34641016151377546,0.0,1.0,1.0,1.0,0.0,real,3,0.3701005025125628,0.37763819095477386,0.34246231155778895,0.17123115577889447,0.2484229880558572,0.37634750385091287
F000517,0.0,0.37763819095477386,0.2944444444444444,0.8002314480013707,0.0,1.0,1.0,1.0,0.0,real,3,0.3701005025125628,0.37763819095477386,0.9655778894472362,0.4827889447236181,0.36373068230600236,0.37399907830610335
F000518,0.29680776086682314,0.9432160804020101,0.7555555555555555,0.4286067004885758,0.25,1.0,1.0,1.0,0.25,real,3,0.8304020100502513,0.9432160804020101,0.4907035175879397,0.24535175879396984,0.6189415986970026,0.9155369498244994
F000519,0.0,0.37763819095477386,0.6,0.7423685817106696,0.0,1.0,1.0,1.0,0.0,real,3,0.3701005025125628,0.37763819095477386,0.9241206030150754,0.4620603015075377,0.3560590010353274,0.3741553243604959
F000520,0.0,0.37763819095477386,0.39999999999999997,0.6110100926607787,0.0,1.0,1.0,1.0,0.0,real,3,0.3701005025125628,0.37763819095477386,0.792964824120603,0.3964824120603015,0.33178859119719195,0.37464963005984697
F000521,0.0,0.37763819095477386,0.4111111111111111,0.16777409856157222,0.5,1.0,1.0,1.0,0.5,real,3,0.9587939698492463,0.37763819095477386,0.10050251256281408,0.05025125628140704,0.5275775864245853,0.4068419989394207
F000522,0.0,0.37763819095477386,0.5888888888888889,0.7897491397296383,0.0,1.0,1.0,1.0,0.0,real,3,0.3701005025125628,0.37763819095477386,0.9565326633165829,0.47826633165829147,0.3620568609378551,0.3740331683543345
F000523,0.19556306340584032,0.8954773869346734,0.6388888888888888,0.16442942874387484,0.0,1.0,1.0,1.0,0.0,real,3,0.3701005025125628,0.8954773869346734,0.08693467336683416,0.04346733668341708,0.20113753440569682,0.8726406530138128
F000524,0.0,0.37763819095477386,0.45555555555555555,0.3421067626297923,0.0,1.0,1.0,1.0,0.0,real,3,0.3701005025125628,0.37763819095477386,0.3394472361809045,0.16972361809045225,0.24786504759980807,0.3763588672003232
F000525,0.0,0.37763819095477386,0.39999999999999997,0.46188021535170054,0.0,1.0,1.0,1.0,0.0,real,3,0.3701005025125628,0.37763819095477386,0.5331658291457286,0.2665829145728643,0.2837127219009621,0.37562877200070705
F000526,0.0,0.37763819095477386,0.6777777777777778,0.7190528749939306,0.0,1.0,1.0,1.0,0.0,real,3,0.3701005025125628,0.37763819095477386,0.914321608040201,0.4571608040201005,0.35424569455316784,0.3741922552460797
F000527,0.0,0.37763819095477386,0.3222222222222222,0.8852704127574261,0.25,1.0,1.0,1.0,0.25,real,3,0.8304020100502513,0.37763819095477386,0.9864321608040201,0.49321608040201004,0.8247686295800611,0.60094858715689
F000528,0.0,0.37763819095477386,0.6555555555555556,0.795356896363257,0.0,1.0,1.0,1.0,0.0,real,3,0.3701005025125628,0.37763819095477386,0.9597989949748744,0.4798994974874372,0.3626612964319083,0.3740208580591399
F000529,0.22250017382846474,0.9168341708542713,0.7222222222222222,0.4438885412319595,0.0,1.0,1.0,1.0,0.0,real,3,0.3701005025125628,0.9168341708542713,0.5113065326633166,0.2556532663316583,0.2796676535946062,0.777059922729224
F000530,0.0,0.37763819095477386,0.6055555555555556,0.6834010806525236,0.0,1.0,1.0,1.0,0.0,real,3,0.3701005025125628,0.37763819095477386,0.8814070351758794,0.4407035175879397,0.34815484457463197,0.3743163051438095
F000531,0.0,0.37763819095477386,0.18888888888888888,0.1387777332977422,0.0,1.0,1.0,1.0,0.0,real,3,0.3701005025125628,0.37763819095477386,0.062311557788944726,0.031155778894472363,0.19658102068129596,0.3774033484002929
F000532,0.0,0.37763819095477386,0.5777777777777777,0.5551109331909687,0.5,1.0,1.0,1.0,0.5,real,3,0.9587939698492463,0.37763819095477386,0.6972361809045227,0.34861809045226133,0.8136499078306104,0.5802396088482614
F000533,0.0,0.37763819095477386,0.6333333333333333,0.6359594676112972,0.25,1.0,1.0,1.0,0.25,real,3,0.8304020100502513,0.37763819095477386,0.8298994974874372,0.4149497487437186,0.7597761104517563,0.5655124239286887
F000534,0.16601419878631132,0.8831658291457286,0.6777777777777778,0.3790827135384885,0.0,1.0,1.0,1.0,0.0,real,3,0.3701005025125628,0.8831658291457286,0.3977386934673367,0.19886934673366835,0.2586518964167572,0.7811328628064947
F000535,0.0,0.37763819095477386,0.3555555555555555,0.46825127790456617,0.0,1.0,1.0,1.0,0.0,real,3,0.3701005025125628,0.37763819095477386,0.5600502512562814,0.2800251256281407,0.2886876909673998,0.3755274488017979
F000536,0.24724747683480527,0.9256281407035176,0.7,0.3055050463303894,0.0,1.0,1.0,1.0,0.0,real,3,0.3701005025125628,0.9256281407035176,0.2761306532663317,0.13806532663316584,0.2361482980227772,0.8489290358829322
F000537,0.34129114829119156,0.9587939698492463,0.788888888888889,0.4729732589731725,0.0,1.0,1.0,1.0,0.0,real,3,0.3701005025125628,0.9587939698492463,0.5703517587939698,0.2851758793969849,0.29059398752556753,0.7909127926062474
F000538,0.0,0.37763819095477386,0.4666666666666667,0.4807401700618652,0.5,1.0,1.0,1.0,0.5,real,3,0.9587939698492463,0.37763819095477386,0.5756281407035176,0.2878140703517588,0.7553513800156563,0.5449030011868388
F000539,0.1609477595072651,0.8811557788944724,0.7222222222222222,0.5669933698743588,0.0,1.0,1.0,1.0,0.0,real,3,0.3701005025125628,0.8811557788944724,0.7228643216080402,0.3614321608040201,0.31881647559405063,0.6964439660614632
F000540,0.06666666666666665,0.8080402010050252,0.6666666666666666,0.5333333333333333,0.0,1.0,1.0,1.0,0.0,real,3,0.3701005025125628,0.8080402010050252,0.65678391959799,0.328391959798995,0.3065882805989748,0.6642243251433044
F000541,0.2194088338597761,0.9128140703517588,0.7722222222222221,0.6500712211693366,0.0,1.0,1.0,1.0,0.0,real,3,0.3701005025125628,0.9128140703517588,0.8517587939698492,0.4258793969849246,0.34266843009014925,0.681683543344865
F000542,0.0,0.37763819095477386,0.5666666666666667,0.2905932629027115,0.0,1.0,1.0,1.0,0.0,real,3,0.3701005025125628,0.37763819095477386,0.2507537688442211,0.12537688442211056,0.23145229918436405,0.37669313906214485
F000543,0.0,0.37763819095477386,0.1555555555555555,0.33554819712314443,0.5,1.0,1.0,1.0,0.5,real,3,0.9587939698492463,0.37763819095477386,0.32487437185929646,0.16243718592964823,0.6351407792732507,0.4720395002651448
F000544,0.0,0.37763819095477386,0.26111111111111107,0.13471506281091264,0.25,1.0,1.0,1.0,0.25,real,3,0.8304020100502513,0.37763819095477386,0.05552763819095478,0.02776381909547739,0.43825613620868165,0.39020864372111813
F000545,0.3292500333600267,0.9547738693467337,0.7166666666666667,0.20816659994661335,0.0,1.0,1.0,1.0,0.0,real,3,0.3701005025125628,0.9547738693467337,0.1457286432160804,0.0728643216080402,0.21201737329865408,0.9121720411100729
F000546,0.0,0.37763819095477386,0.6111111111111112,0.5091750772173156,0.0,1.0,1.0,1.0,0.0,real,3,0.3701005025125628,0.37763819095477386,0.6276381909547739,0.31381909547738696,0.30119485619050024,0.37527272038584886
F000547,0.0,0.37763819095477386,0.37777777777777777,0.5047918529600243,0.0,1.0,1.0,1.0,0.0,real,3,0.3701005025125628,0.37763819095477386,0.6180904522613065,0.30904522613065327,0.2994280447463448,0.37530870432564833
F000548,0.0,0.37763819095477386,0.3388888888888889,0.1503083250940965,0.0,1.0,1.0,1.0,0.0,real,3,0.3701005025125628,0.37763819095477386,0.07412060301507538,0.03706030150753769,0.1987662874674882,0.3773588419484356
F000549,0.0,0.37763819095477386,0.6333333333333333,0.6359594676112972,0.0,1.0,1.0,1.0,0.0,real,3,0.3701005025125628,0.37763819095477386,0.8298994974874372,0.4149497487437186,0.3386233617837934,0.37451042902957
F000550,0.0,0.37763819095477386,0.5888888888888889,0.36717136981907356,0.0,1.0,1.0,1.0,0.0,real,3,0.3701005025125628,0.37763819095477386,0.38040201005025126,0.19020100502512563,0.2554437387944749,0.376204515037499
F000551,0.0,0.37763819095477386,0.4111111111111111,0.2523959264800122,0.0,1.0,1.0,1.0,0.0,real,3,0.3701005025125628,0.37763819095477386,0.19949748743718593,0.09974874371859296,0.22196731143152953,0.37688631600212114
F000552,0.0,0.37763819095477386,0.2833333333333333,0.6027713773341707,0.0,1.0,1.0,1.0,0.0,real,3,0.3701005025125628,0.37763819095477386,0.7829145728643216,0.3914572864321608,0.3299287896770284,0.37468750789121485
F000553,0.0910817326365031,0.8316582914572864,0.6611111111111111,0.4622809791714382,0.0,1.0,1.0,1.0,0.0,real,3,0.3701005025125628,0.8316582914572864,0.5366834170854271,0.26834170854271355,0.28436365243301936,0.7078030857806621
F000554,0.0,0.37763819095477386,0.34444444444444444,0.2694301256218254,0.0,1.0,1.0,1.0,0.0,real,3,0.3701005025125628,0.37763819095477386,0.21834170854271356,0.10917085427135678,0.2254544392818363,0.37681529506830636
F000555,0.0,0.37763819095477386,0.5611111111111111,0.7426179916225311,0.0,1.0,1.0,1.0,0.0,real,3,0.3701005025125628,0.37763819095477386,0.9258793969849246,0.4629396984924623,0.356384466301356,0.37414869574000653
F000556,0.0,0.37763819095477386,0.38333333333333336,0.08819171036881973,0.25,1.0,1.0,1.0,0.25,real,3,0.8304020100502513,0.37763819095477386,0.030653266331658293,0.015326633165829147,0.427928272013333,0.38457753592081007
F000557,0.19999999999999996,0.9005025125628141,0.6666666666666666,0.2666666666666667,0.0,1.0,1.0,1.0,0.0,real,3,0.3701005025125628,0.9005025125628141,0.2113065326633166,0.1056532663316583,0.22415257821772178,0.844463807732128
F000558,0.0,0.37763819095477386,0.29999999999999993,0.40551750201988135,0.25,1.0,1.0,1.0,0.25,real,3,0.8304020100502513,0.37763819095477386,0.44472361809045224,0.22236180904522612,0.5998506982146916,0.47831557283906967
F000559,0.22387480880994048,0.9188442211055277,0.6722222222222222,0.24113927126900783,0.0,1.0,1.0,1.0,0.0,real,3,0.3701005025125628,0.9188442211055277,0.18743718592964825,0.09371859296482413,0.21973554960733316,0.8674167319007096
F000560,0.10515940274608065,0.8399497487437186,0.611111111111111,0.23412563895228305,0.0,1.0,1.0,1.0,0.0,real,3,0.3701005025125628,0.8399497487437186,0.17663316582914573,0.08831658291457287,0.21773626297315726,0.7984542688315951
F000561,0.0,0.37763819095477386,0.3111111111111111,0.6710963942462889,0.0,1.0,1.0,1.0,0.0,real,3,0.3701005025125628,0.37763819095477386,0.8680904522613065,0.43404522613065327,0.3456906075604152,0.3743664932703719
F000562,0.38050000740543277,0.9675879396984924,0.7944444444444445,0.4167777629669122,0.0,1.0,1.0,1.0,0.0,real,3,0.3701005025125628,0.9675879396984924,0.46557788944723616,0.23278894472361808,0.27120555667786167,0.8284994697103608
F000563,0.05811827062314601,0.8027638190954773,0.6277777777777778,0.39487456986481906,0.0,1.0,1.0,1.0,0.0,real,3,0.3701005025125628,0.8027638190954773,0.4258793969849246,0.2129396984924623,0.2638593406732153,0.7106326229135627
F000564,0.0,0.37763819095477386,0.2777777777777778,0.39063101847215437,0.0,1.0,1.0,1.0,0.0,real,3,0.3701005025125628,0.37763819095477386,0.4168341708542714,0.2084170854271357,0.26218551930506806,0.37606720789879045
F000565,0.0,0.37763819095477386,0.6555555555555556,0.674399595799712,0.0,1.0,1.0,1.0,0.0,real,3,0.3701005025125628,0.37763819095477386,0.8748743718592965,0.43743718592964825,0.34694597358652557,0.37434092573419864
F000566,0.0,0.37763819095477386,0.29999999999999993,0.43716256828680006,0.0,1.0,1.0,1.0,0.0,real,3,0.3701005025125628,0.37763819095477386,0.5010050251256282,0.2505025125628141,0.2777613570364385,0.3757499810610843
F000567,0.3066741745169514,0.9489949748743719,0.6944444444444444,0.16442942874387492,0.25,1.0,1.0,1.0,0.25,real,3,0.8304020100502513,0.9489949748743719,0.08819095477386935,0.04409547738693467,0.4518179780813616,0.9437655614757203
F000568,0.0,0.37763819095477386,0.19999999999999996,0.23094010767585033,0.5,1.0,1.0,1.0,0.5,real,3,0.9587939698492463,0.37763819095477386,0.17185929648241205,0.08592964824120602,0.5617858134895583,0.42757670260852
F000569,0.0,0.37763819095477386,0.4222222222222222,0.42860670048857574,0.0,1.0,1.0,1.0,0.0,real,3,0.3701005025125628,0.37763819095477386,0.48391959798994977,0.24195979899497488,0.2745996944521603,0.3758143733744097
F000570,0.0,0.37763819095477386,0.17777777777777776,0.6158402871356008,0.25,1.0,1.0,1.0,0.25,real,3,0.8304020100502513,0.37763819095477386,0.8035175879396985,0.40175879396984926,0.7488223150930532,0.5595400368677559
F000571,0.07857551966360544,0.8170854271356784,0.5777777777777777,0.15396007178390017,0.0,1.0,1.0,1.0,0.0,real,3,0.3701005025125628,0.8170854271356784,0.0814070351758794,0.0407035175879397,0.20011464356960681,0.7988915683947376
F000572,0.0,0.37763819095477386,0.14999999999999997,0.2645751311064591,0.0,1.0,1.0,1.0,0.0,real,3,0.3701005025125628,0.37763819095477386,0.2057788944723618,0.1028894472361809,0.22312968738163177,0.3768626423575162
F000573,0.0,0.37763819095477386,0.38333333333333336,0.6350852961085883,0.0,1.0,1.0,1.0,0.0,real,3,0.3701005025125628,0.37763819095477386,0.8256281407035176,0.4128140703517588,0.33783294613772386,0.3745265271079013
F000574,0.0,0.37763819095477386,0.4111111111111111,0.16777409856157222,0.0,1.0,1.0,1.0,0.0,real,3,0.3701005025125628,0.37763819095477386,0.10050251256281408,0.05025125628140704,0.20364826645791773,0.3772594126410949
F000575,0.0,0.37763819095477386,0.34444444444444444,0.3790827135384885,0.0,1.0,1.0,1.0,0.0,real,3,0.3701005025125628,0.37763819095477386,0.3977386934673367,0.19886934673366835,0.2586518964167572,0.3761391757783894
F000576,0.0,0.37763819095477386,0.28888888888888886,0.6842135252595846,0.5,1.0,1.0,1.0,0.5,real,3,0.9587939698492463,0.37763819095477386,0.8864321608040201,0.44321608040201005,0.904349890154289,0.6352157773793592
F000577,0.22250017382846474,0.9168341708542713,0.7222222222222222,0.4438885412319595,0.0,1.0,1.0,1.0,0.0,real,3,0.3701005025125628,0.9168341708542713,0.5113065326633166,0.2556532663316583,0.2796676535946062,0.777059922729224
F000578,0.0,0.37763819095477386,0.2666666666666667,0.35276684147527876,0.25,1.0,1.0,1.0,0.25,real,3,0.8304020100502513,0.37763819095477386,0.3555276381909548,0.1777638190954774,0.5628164377162193,0.4581232165854398
F000579,0.0,0.37763819095477386,0.4222222222222222,0.42860670048857574,0.0,1.0,1.0,1.0,0.0,real,3,0.3701005025125628,0.37763819095477386,0.48391959798994977,0.24195979899497488,0.2745996944521603,0.3758143733744097
F000580,0.0,0.37763819095477386,0.2944444444444444,0.38920621973637765,0.25,1.0,1.0,1.0,0.25,real,3,0.8304020100502513,0.37763819095477386,0.41030150753768846,0.20515075376884423,0.585558603318098,0.4705230297214717
F000581,0.4666666666666666,0.9826633165829146,0.8,0.2666666666666667,0.0,1.0,1.0,1.0,0.0,real,3,0.3701005025125628,0.9826633165829146,0.2113065326633166,0.1056532663316583,0.22415257821772178,0.9179440544430696
F000582,0.0,0.37763819095477386,0.38333333333333336,0.6350852961085883,0.0,1.0,1.0,1.0,0.0,real,3,0.3701005025125628,0.37763819095477386,0.8256281407035176,0.4128140703517588,0.33783294613772386,0.3745265271079013
F000583,0.0,0.37763819095477386,0.6055555555555556,0.589098495191625,0.0,1.0,1.0,1.0,0.0,real,3,0.3701005025125628,0.37763819095477386,0.7530150753768844,0.3765075376884422,0.3243958801545415,0.3748001944395344
F000584,0.0,0.37763819095477386,0.25,0.29627314724385295,0.0,1.0,1.0,1.0,0.0,real,3,0.3701005025125628,0.37763819095477386,0.2623115577889447,0.13115577889447236,0.23359107093255221,0.3766495795560718
F000585,0.0,0.37763819095477386,0.2444444444444444,0.20367003088692626,0.0,1.0,1.0,1.0,0.0,real,3,0.3701005025125628,0.37763819095477386,0.13743718592964824,0.06871859296482412,0.21048303704451907,0.3771202116108179
F000586,0.023924583140915556,0.7726130653266332,0.6611111111111111,0.5965952781626132,0.0,1.0,1.0,1.0,0.0,real,3,0.3701005025125628,0.7726130653266332,0.7595477386934674,0.3797738693467337,0.3256047511426479,0.6197493118860635
F000587,0.14365213882549469,0.871859296482412,0.6888888888888889,0.46825127790456617,0.0,1.0,1.0,1.0,0.0,real,3,0.3701005025125628,0.871859296482412,0.5600502512562814,0.2800251256281407,0.2886876909673998,0.7313542271659805
F000588,0.10994063975465382,0.8447236180904523,0.6277777777777778,0.29122983160180343,0.0,1.0,1.0,1.0,0.0,real,3,0.3701005025125628,0.8447236180904523,0.2547738693467337,0.12738693467336684,0.2321962197924295,0.7842628342718618
F000589,0.0,0.37763819095477386,0.2777777777777778,0.39063101847215437,0.0,1.0,1.0,1.0,0.0,real,3,0.3701005025125628,0.37763819095477386,0.4168341708542714,0.2084170854271357,0.26218551930506806,0.37606720789879045
F000590,0.0,0.37763819095477386,0.20555555555555555,0.45256470787591785,0.0,1.0,1.0,1.0,0.0,real,3,0.3701005025125628,0.37763819095477386,0.5221105527638191,0.26105527638190956,0.28166694022878214,0.3756704376152117
F000591,0.0,0.37763819095477386,0.28888888888888886,0.6577177149754997,0.0,1.0,1.0,1.0,0.0,real,3,0.3701005025125628,0.37763819095477386,0.857537688442211,0.4287688442211055,0.34373781596424335,0.37440626499330826
F000592,0.0,0.37763819095477386,0.2444444444444444,0.8467803948114511,0.0,1.0,1.0,1.0,0.0,real,3,0.3701005025125628,0.37763819095477386,0.9804020100502513,0.49020100502512565,0.3664738895482437,0.37394320850483576
F000593,0.0,0.37763819095477386,0.16666666666666669,0.06666666666666671,0.0,1.0,1.0,1.0,0.0,real,3,0.3701005025125628,0.37763819095477386,0.01306532663316583,0.006532663316582915,0.1874679932324941,0.3775889497739956
F000594,0.0,0.37763819095477386,0.37777777777777777,0.5047918529600243,0.0,1.0,1.0,1.0,0.0,real,3,0.3701005025125628,0.37763819095477386,0.6180904522613065,0.30904522613065327,0.2994280447463448,0.37530870432564833
F000595,0.0,0.37763819095477386,0.2833333333333333,0.5364492313143694,0.25,1.0,1.0,1.0,0.25,real,3,0.8304020100502513,0.37763819095477386,0.6640703517587939,0.33203517587939696,0.6909236824827655,0.5279717052599682
F000596,0.0,0.37763819095477386,0.6611111111111111,0.8002314480013707,0.25,1.0,1.0,1.0,0.25,real,3,0.8304020100502513,0.37763819095477386,0.9655778894472362,0.4827889447236181,0.8161099151536577,0.5962275573849145
F000597,0.057995680375797776,0.8015075376884422,0.6833333333333333,0.6173419725817378,0.0,1.0,1.0,1.0,0.0,real,3,0.3701005025125628,0.8015075376884422,0.8080402010050252,0.4040201005025126,0.33457829347743745,0.6272104239791925
F000598,0.0,0.37763819095477386,0.5611111111111111,0.32030078456443495,0.0,1.0,1.0,1.0,0.0,real,3,0.3701005025125628,0.37763819095477386,0.3037688442211055,0.15188442211055275,0.24126275220322718,0.37649333350167924
F000599,0.031561208324241696,0.778391959798995,0.6555555555555556,0.559099805573739,0.0,1.0,1.0,1.0,0.0,real,3,0.3701005025125628,0.778391959798995,0.7120603015075377,0.35603015075376887,0.31681718895987476,0.6330278907098306
F000600,0.1982210670055686,0.8989949748743719,0.7166666666666667,0.4702245326555295,0.0,1.0,1.0,1.0,0.0,real,3,0.3701005025125628,0.8989949748743719,0.564572864321608,0.282286432160804,0.2895246016514735,0.7496952412817858
F000601,0.0,0.37763819095477386,0.4444444444444444,0.5551109331909687,0.5,1.0,1.0,1.0,0.5,real,3,0.9587939698492463,0.37763819095477386,0.6972361809045227,0.34861809045226133,0.8136499078306104,0.5802396088482614
F000602,0.16746440855249428,0.8844221105527639,0.6222222222222222,0.15396007178390017,0.0,1.0,1.0,1.0,0.0,real,3,0.3701005025125628,0.8844221105527639,0.0814070351758794,0.0407035175879397,0.20011464356960681,0.8634874119340422
F000603,0.0,0.37763819095477386,0.6333333333333333,0.7512951779723097,0.0,1.0,1.0,1.0,0.0,real,3,0.3701005025125628,0.37763819095477386,0.935678391959799,0.4678391959798995,0.3581977727835156,0.3741117648544229
F000604,0.0,0.37763819095477386,0.34444444444444444,0.2694301256218254,0.0,1.0,1.0,1.0,0.0,real,3,0.3701005025125628,0.37763819095477386,0.21834170854271356,0.10917085427135678,0.2254544392818363,0.37681529506830636
F000605,0.07716112758958482,0.8130653266331658,0.6888888888888889,0.6012333003763859,0.0,1.0,1.0,1.0,0.0,real,3,0.3701005025125628,0.8130653266331658,0.7788944723618091,0.38944723618090454,0.3291848690689629,0.6405539001540366
F000606,0.0,0.37763819095477386,0.32777777777777783,0.5167562646325994,0.0,1.0,1.0,1.0,0.0,real,3,0.3701005025125628,0.37763819095477386,0.6369346733668342,0.3184673366834171,0.3029151725966516,0.3752376833918335
F000607,0.0,0.37763819095477386,0.27222222222222225,0.28349668493717944,0.0,1.0,1.0,1.0,0.0,real,3,0.3701005025125628,0.37763819095477386,0.24547738693467336,0.12273869346733668,0.23047590338627813,0.376713024923613
F000608,0.08107452123899922,0.8190954773869347,0.6333333333333333,0.3711842908553349,0.0,1.0,1.0,1.0,0.0,real,3,0.3701005025125628,0.8190954773869347,0.38944723618090454,0.19472361809045227,0.25711756016262216,0.7316655513749653
F000609,0.1396583441364449,0.8655778894472361,0.7000000000000001,0.5206833117271104,0.0,1.0,1.0,1.0,0.0,real,3,0.3701005025125628,0.8655778894472361,0.6444723618090452,0.3222361809045226,0.30431002373677435,0.7059171485568545
F000610,0.3019833036961032,0.9454773869346733,0.7944444444444445,0.5738111703855714,0.0,1.0,1.0,1.0,0.0,real,3,0.3701005025125628,0.9454773869346733,0.7304020100502513,0.36520100502512565,0.3202113267341734,0.7353491704754931
F000611,0.0,0.37763819095477386,0.33333333333333337,0.6110100926607787,0.0,1.0,1.0,1.0,0.0,real,3,0.3701005025125628,0.37763819095477386,0.792964824120603,0.3964824120603015,0.33178859119719195,0.37464963005984697
F000612,0.0,0.37763819095477386,0.5222222222222223,0.7726817178094982,0.0,1.0,1.0,1.0,0.0,real,3,0.3701005025125628,0.37763819095477386,0.950502512562814,0.475251256281407,0.360940980025757,0.3740558950531552
F000613,0.2692902818973961,0.9331658291457287,0.6722222222222222,0.1503083250940965,0.25,1.0,1.0,1.0,0.25,real,3,0.8304020100502513,0.9331658291457287,0.07412060301507538,0.03706030150753769,0.4459759538900533,0.9293573710259841
F000614,0.0,0.37763819095477386,0.2444444444444444,0.20367003088692626,0.0,1.0,1.0,1.0,0.0,real,3,0.3701005025125628,0.37763819095477386,0.13743718592964824,0.06871859296482412,0.21048303704451907,0.3771202116108179
F000615,0.0,0.37763819095477386,0.6055555555555555,0.47179719434582545,0.0,1.0,1.0,1.0,0.0,real,3,0.3701005025125628,0.37763819095477386,0.5665829145728644,0.2832914572864322,0.2898965619555062,0.3755028282114088
F000616,0.6193518861200256,0.9947236180904523,0.8722222222222222,0.2501851166488378,0.0,1.0,1.0,1.0,0.0,real,3,0.3701005025125628,0.9947236180904523,0.19321608040201005,0.09660804020100502,0.22080493548142724,0.9343800030302266
F000617,0.0,0.37763819095477386,0.5611111111111111,0.41677776296691227,0.0,1.0,1.0,1.0,0.0,real,3,0.3701005025125628,0.37763819095477386,0.4685929648241206,0.2342964824120603,0.2717634971339108,0.37587213706724576
F000618,0.28344448892448004,0.9402010050251256,0.7111111111111111,0.2775554665954844,0.0,1.0,1.0,1.0,0.0,real,3,0.3701005025125628,0.9402010050251256,0.23417085427135678,0.11708542713567839,0.22838362667609405,0.8734505441781774
F000619,0.0,0.37763819095477386,0.33333333333333337,0.5811865258054231,0.0,1.0,1.0,1.0,0.0,real,3,0.3701005025125628,0.37763819095477386,0.7371859296482413,0.36859296482412063,0.32146669276028383,0.3748598520239388
F000620,0.0,0.37763819095477386,0.6055555555555556,0.46706332348852675,0.0,1.0,1.0,1.0,0.0,real,3,0.3701005025125628,0.37763819095477386,0.5527638190954773,0.27638190954773867,0.2873393348652812,0.3755549102295397
F000621,0.0,0.37763819095477386,0.33333333333333337,0.4,0.0,1.0,1.0,1.0,0.0,real,3,0.3701005025125628,0.37763819095477386,0.43241206030150753,0.21620603015075376,0.2650682116613217,0.37600849726017016
F000622,0.0,0.37763819095477386,0.28888888888888886,0.07698003589195009,0.0,1.0,1.0,1.0,0.0,real,3,0.3701005025125628,0.37763819095477386,0.0228643216080402,0.0114321608040201,0.18928129971465368,0.3775520188884119
F000623,0.0,0.37763819095477386,0.6333333333333333,0.7512951779723097,0.0,1.0,1.0,1.0,0.0,real,3,0.3701005025125628,0.37763819095477386,0.935678391959799,0.4678391959798995,0.3581977727835156,0.3741117648544229
F000624,0.4666666666666666,0.9826633165829146,0.8,0.2666666666666667,0.0,1.0,1.0,1.0,0.0,real,3,0.3701005025125628,0.9826633165829146,0.2113065326633166,0.1056532663316583,0.22415257821772178,0.9179440544430696
F000625,0.29680776086682314,0.9432160804020101,0.7555555555555555,0.4286067004885758,0.0,1.0,1.0,1.0,0.0,real,3,0.3701005025125628,0.9432160804020101,0.4907035175879397,0.24535175879396984,0.27585506047827074,0.8026011653746118
F000626,0.0,0.37763819095477386,0.3111111111111111,0.07698003589195009,0.5,1.0,1.0,1.0,0.5,real,3,0.9587939698492463,0.37763819095477386,0.0228643216080402,0.0114321608040201,0.4903580717658645,0.384282057271281
F000627,0.0,0.37763819095477386,0.3555555555555555,0.6710963942462889,0.5,1.0,1.0,1.0,0.5,real,3,0.9587939698492463,0.37763819095477386,0.8680904522613065,0.43404522613065327,0.8955569303805461,0.629886082422161
F000628,0.0,0.37763819095477386,0.3888888888888889,0.7726817178094982,0.25,1.0,1.0,1.0,0.25,real,3,0.8304020100502513,0.37763819095477386,0.950502512562814,0.475251256281407,0.8098506035201132,0.5928147647786672
F000629,0.0,0.37763819095477386,0.37777777777777777,0.5047918529600243,0.0,1.0,1.0,1.0,0.0,real,3,0.3701005025125628,0.37763819095477386,0.6180904522613065,0.30904522613065327,0.2994280447463448,0.37530870432564833
F000630,0.0,0.37763819095477386,0.4222222222222222,0.5551109331909686,0.0,1.0,1.0,1.0,0.0,real,3,0.3701005025125628,0.37763819095477386,0.6891959798994974,0.3445979899497487,0.31258614050150246,0.3750407186687205
F000631,0.0,0.37763819095477386,0.23888888888888887,0.6113130979323965,0.5,1.0,1.0,1.0,0.5,real,3,0.9587939698492463,0.37763819095477386,0.7979899497487437,0.39899497487437185,0.8619509608343224,0.6095164263528698
F000632,0.0,0.37763819095477386,0.37222222222222223,0.38920621973637765,0.0,1.0,1.0,1.0,0.0,real,3,0.3701005025125628,0.37763819095477386,0.41030150753768846,0.20515075376884423,0.26097664831696166,0.37609182848917955
F000633,0.0,0.37763819095477386,0.2666666666666667,0.1333333333333333,0.5,1.0,1.0,1.0,0.5,real,3,0.9587939698492463,0.37763819095477386,0.04773869346733668,0.02386934673366834,0.5022827706371051,0.39150999974748113
F000634,0.0,0.37763819095477386,0.34444444444444444,0.30061665018819295,0.0,1.0,1.0,1.0,0.0,real,3,0.3701005025125628,0.37763819095477386,0.26959798994974876,0.13479899497487438,0.23493942703467083,0.3766221181283301
F000635,0.0,0.37763819095477386,0.5888888888888889,0.4233901974057256,0.25,1.0,1.0,1.0,0.25,real,3,0.8304020100502513,0.37763819095477386,0.4766331658291457,0.23831658291457286,0.6130995745056943,0.4855393171889599
F000636,0.0,0.37763819095477386,0.3611111111111111,0.702640522389439,0.0,1.0,1.0,1.0,0.0,real,3,0.3701005025125628,0.37763819095477386,0.9035175879396985,0.45175879396984925,0.352246407918992,0.3742329739148001
F000637,0.0,0.37763819095477386,0.5555555555555556,0.40734006177385246,0.0,1.0,1.0,1.0,0.0,real,3,0.3701005025125628,0.37763819095477386,0.45,0.225,0.268322864321608,0.37594221105527637
F000638,0.0,0.37763819095477386,0.23888888888888887,0.06938886664887108,0.0,1.0,1.0,1.0,0.0,real,3,0.3701005025125628,0.37763819095477386,0.016331658291457288,0.008165829145728644,0.1880724287265473,0.37757663947880105
F000639,0.0,0.37763819095477386,0.2944444444444444,0.5124378914488981,0.0,1.0,1.0,1.0,0.0,real,3,0.3701005025125628,0.37763819095477386,0.6346733668341709,0.31733668341708543,0.3024967172546148,0.3752462059038913
F000640,0.0,0.37763819095477386,0.5666666666666667,0.7571877794400365,0.0,1.0,1.0,1.0,0.0,real,3,0.3701005025125628,0.37763819095477386,0.9394472361809045,0.46972361809045227,0.3588951983535769,0.37409756066765987
F000641,0.0,0.37763819095477386,0.6277777777777778,0.6466437567533984,0.0,1.0,1.0,1.0,0.0,real,3,0.3701005025125628,0.37763819095477386,0.8457286432160804,0.4228643216080402,0.34155254917805106,0.37445077144516553
F000642,0.0,0.37763819095477386,0.2277777777777778,0.327165152540788,0.0,1.0,1.0,1.0,0.0,real,3,0.3701005025125628,0.37763819095477386,0.3057788944723618,0.1528894472361809,0.24163471250725993,0.3764857579354056
F000643,0.3053032039793522,0.9474874371859296,0.7444444444444445,0.36717136981907356,0.0,1.0,1.0,1.0,0.0,real,3,0.3701005025125628,0.9474874371859296,0.38040201005025126,0.19020100502512563,0.2554437387944749,0.8376678619226788
F000644,0.0,0.37763819095477386,0.39444444444444443,0.46706332348852675,0.0,1.0,1.0,1.0,0.0,real,3,0.3701005025125628,0.37763819095477386,0.5527638190954773,0.27638190954773867,0.2873393348652812,0.3755549102295397
F000645,0.0,0.37763819095477386,0.23333333333333334,0.5033222956847166,0.25,1.0,1.0,1.0,0.25,real,3,0.8304020100502513,0.37763819095477386,0.6110552763819096,0.3055276381909548,0.6689117699048005,0.5159700512613317
F000646,0.0,0.37763819095477386,0.3888888888888889,0.795356896363257,0.0,1.0,1.0,1.0,0.0,real,3,0.3701005025125628,0.37763819095477386,0.9597989949748744,0.4798994974874372,0.3626612964319083,0.3740208580591399
F000647,0.0,0.37763819095477386,0.3888888888888889,0.2341256389522831,0.0,1.0,1.0,1.0,0.0,real,3,0.3701005025125628,0.37763819095477386,0.17814070351758793,0.08907035175879396,0.2180152332011818,0.37696680639377794
F000648,0.0,0.37763819095477386,0.17777777777777776,0.6158402871356008,0.0,1.0,1.0,1.0,0.0,real,3,0.3701005025125628,0.37763819095477386,0.8035175879396985,0.40175879396984926,0.3337413827933638,0.3746098583369107
F000649,0.0,0.37763819095477386,0.47777777777777775,0.40184758488944716,0.0,1.0,1.0,1.0,0.0,real,3,0.3701005025125628,0.37763819095477386,0.43793969849246234,0.21896984924623117,0.2660911024974117,0.37598766445291787
F000650,0.0,0.37763819095477386,0.6555555555555556,0.795356896363257,0.25,1.0,1.0,1.0,0.25,real,3,0.8304020100502513,0.37763819095477386,0.9597989949748744,0.4798994974874372,0.813710512360799,0.5949193202191864
F000651,0.0,0.37763819095477386,0.38888888888888884,0.6049181150584977,0.0,1.0,1.0,1.0,0.0,real,3,0.3701005025125628,0.37763819095477386,0.7846733668341709,0.39233668341708544,0.330254254943057,0.3746808792707255
F000652,0.18134840951213116,0.8896984924623116,0.7388888888888889,0.5928587365312934,0.0,1.0,1.0,1.0,0.0,real,3,0.3701005025125628,0.8896984924623116,0.7577889447236181,0.37889447236180906,0.3252792858766193,0.6928256862200449
F000653,0.2076767997638424,0.9045226130653267,0.6833333333333333,0.3179797338056486,0.5,1.0,1.0,1.0,0.5,real,3,0.9587939698492463,0.9045226130653267,0.2992462311557789,0.14962311557788946,0.6228547258907603,0.912642862553976
F000654,0.01962326931232128,0.7690954773869346,0.65,0.5607534613753574,0.0,1.0,1.0,1.0,0.0,real,3,0.3701005025125628,0.7690954773869346,0.7165829145728643,0.35829145728643214,0.3176540996439484,0.6261389863892326
F000655,0.0,0.37763819095477386,0.3555555555555555,0.5388602512436507,0.0,1.0,1.0,1.0,0.0,real,3,0.3701005025125628,0.37763819095477386,0.6683417085427136,0.3341708542713568,0.30872705234716297,0.3751193151688088
F000656,0.0,0.37763819095477386,0.3388888888888889,0.724441036120135,0.0,1.0,1.0,1.0,0.0,real,3,0.3701005025125628,0.37763819095477386,0.9188442211055277,0.45942211055276383,0.3550826052372415,0.3741752102219641
F000657,0.0,0.37763819095477386,0.34444444444444444,0.4822785425380157,0.0,1.0,1.0,1.0,0.0,real,3,0.3701005025125628,0.37763819095477386,0.5876884422110553,0.29384422110552766,0.2938021451478498,0.3754232847655362
F000658,0.02735168427432212,0.7748743718592965,0.55,0.1452966314513558,0.0,1.0,1.0,1.0,0.0,real,3,0.3701005025125628,0.7748743718592965,0.06432160804020101,0.032160804020100506,0.19695298098532865,0.7618565187747786
F000659,0.0,0.37763819095477386,0.2833333333333333,0.5196152422706632,0.0,1.0,1.0,1.0,0.0,real,3,0.3701005025125628,0.37763819095477386,0.6412060301507537,0.32060301507537686,0.30370558824272115,0.37522158531350214
F000660,0.0,0.37763819095477386,0.32777777777777783,0.46228097917143823,0.25,1.0,1.0,1.0,0.25,real,3,0.8304020100502513,0.37763819095477386,0.5409547738693468,0.2704773869346734,0.639805970808818,0.5001005656422818
F000661,0.18705387344542573,0.8914572864321608,0.6444444444444444,0.20367003088692617,0.0,1.0,1.0,1.0,0.0,real,3,0.3701005025125628,0.8914572864321608,0.12336683417085427,0.061683417085427135,0.20787931491629,0.8592982184793313
F000662,0.0,0.37763819095477386,0.19999999999999996,0.23094010767585033,0.5,1.0,1.0,1.0,0.5,real,3,0.9587939698492463,0.37763819095477386,0.17185929648241205,0.08592964824120602,0.5617858134895583,0.42757670260852
F000663,0.0,0.37763819095477386,0.2944444444444444,0.29122983160180355,0.25,1.0,1.0,1.0,0.25,real,3,0.8304020100502513,0.37763819095477386,0.25879396984924624,0.12939698492462312,0.5226525214009747,0.43622446402868614
F000664,0.0,0.37763819095477386,0.2222222222222222,0.20367003088692623,0.0,1.0,1.0,1.0,0.0,real,3,0.3701005025125628,0.37763819095477386,0.12964824120603016,0.06482412060301508,0.2090416908663923,0.377149566930128
F000665,0.0,0.37763819095477386,0.23333333333333334,0.17638342073763938,0.0,1.0,1.0,1.0,0.0,real,3,0.3701005025125628,0.37763819095477386,0.10904522613065326,0.05452261306532663,0.20522909775005685,0.37722721648443214
F000666,0.0,0.37763819095477386,0.3111111111111111,0.07698003589195009,0.0,1.0,1.0,1.0,0.0,real,3,0.3701005025125628,0.37763819095477386,0.0228643216080402,0.0114321608040201,0.18928129971465368,0.3775520188884119
F000667,0.0,0.37763819095477386,0.3611111111111111,0.6768664182452458,0.5,1.0,1.0,1.0,0.5,real,3,0.9587939698492463,0.37763819095477386,0.8766331658291457,0.43831658291457287,0.8996522815080428,0.6323684061008561
F000668,0.0,0.37763819095477386,0.5777777777777777,0.5551109331909687,0.0,1.0,1.0,1.0,0.0,real,3,0.3701005025125628,0.37763819095477386,0.6972361809045227,0.34861809045226133,0.3140739817176334,0.37501041640362615
F000669,0.0,0.37763819095477386,0.2833333333333333,0.5364492313143694,0.0,1.0,1.0,1.0,0.0,real,3,0.3701005025125628,0.37763819095477386,0.6640703517587939,0.33203517587939696,0.3079366367010934,0.3751354132471402
F000670,0.0,0.37763819095477386,0.31666666666666665,0.3179797338056486,0.0,1.0,1.0,1.0,0.0,real,3,0.3701005025125628,0.37763819095477386,0.2992462311557789,0.14962311557788946,0.24042584151915355,0.3765103785257948
F000671,0.0,0.37763819095477386,0.6111111111111112,0.82820645127041,0.0,1.0,1.0,1.0,0.0,real,3,0.3701005025125628,0.37763819095477386,0.9731155778894472,0.4865577889447236,0.36512553344612514,0.37397066993257744
F000672,0.0,0.37763819095477386,0.1166666666666667,0.14529663145135582,0.0,1.0,1.0,1.0,0.0,real,3,0.3701005025125628,0.37763819095477386,0.06733668341708543,0.033668341708542715,0.19751092144137775,0.37738440948460894
F000673,0.0,0.37763819095477386,0.3222222222222222,0.7190528749939304,0.0,1.0,1.0,1.0,0.0,real,3,0.3701005025125628,0.37763819095477386,0.9133165829145728,0.4566582914572864,0.35405971440115147,0.37419604302921644
F000674,0.042740070430621724,0.7846733668341709,0.6666666666666666,0.5811865258054232,0.0,1.0,1.0,1.0,0.0,real,3,0.3701005025125628,0.7846733668341709,0.7422110552763819,0.37110552763819094,0.32239659352036565,0.6308230852756244
F000675,0.0,0.37763819095477386,0.3555555555555555,0.33554819712314443,0.0,1.0,1.0,1.0,0.0,real,3,0.3701005025125628,0.37763819095477386,0.32487437185929646,0.16243718592964823,0.24516833539557084,0.37641379005580666
F000676,0.0,0.37763819095477386,0.23888888888888887,0.6113130979323965,0.25,1.0,1.0,1.0,0.25,real,3,0.8304020100502513,0.37763819095477386,0.7979899497487437,0.39899497487437185,0.7465272341607535,0.5582886795787985
F000677,0.36269092564888283,0.9628140703517588,0.7444444444444445,0.25239592648001224,0.0,1.0,1.0,1.0,0.0,real,3,0.3701005025125628,0.9628140703517588,0.20125628140703516,0.10062814070351758,0.22229277669755815,0.9031704060503523
F000678,0.0,0.37763819095477386,0.6111111111111112,0.7128451081042418,0.0,1.0,1.0,1.0,0.0,real,3,0.3701005025125628,0.37763819095477386,0.9113065326633166,0.4556532663316583,0.3536877540971188,0.37420361859549
F000679,0.0,0.37763819095477386,0.27222222222222225,0.28349668493717944,0.0,1.0,1.0,1.0,0.0,real,3,0.3701005025125628,0.37763819095477386,0.24547738693467336,0.12273869346733668,0.23047590338627813,0.376713024923613
F000680,0.16601419878631132,0.8831658291457286,0.6777777777777778,0.3790827135384885,0.0,1.0,1.0,1.0,0.0,real,3,0.3701005025125628,0.8831658291457286,0.3977386934673367,0.19886934673366835,0.2586518964167572,0.7811328628064947
F000681,0.0,0.37763819095477386,0.2666666666666667,0.35276684147527876,0.25,1.0,1.0,1.0,0.25,real,3,0.8304020100502513,0.37763819095477386,0.3555276381909548,0.1777638190954774,0.5628164377162193,0.4581232165854398
F000682,0.0,0.37763819095477386,0.6277777777777778,0.6362505912097959,0.0,1.0,1.0,1.0,0.0,real,3,0.3701005025125628,0.37763819095477386,0.8341708542713567,0.41708542713567837,0.33941377742986284,0.37449433095123863
F000683,0.0,0.37763819095477386,0.6555555555555556,0.9197423149588835,0.0,1.0,1.0,1.0,0.0,real,3,0.3701005025125628,0.37763819095477386,0.9922110552763819,0.49610552763819094,0.368659156334436,0.3738987020529785
F000684,0.0,0.37763819095477386,0.24444444444444446,0.15396007178390017,0.0,1.0,1.0,1.0,0.0,real,3,0.3701005025125628,0.37763819095477386,0.0814070351758794,0.0407035175879397,0.20011464356960681,0.3773313805206939
F000685,0.0,0.37763819095477386,0.3222222222222222,0.5590998055737388,0.0,1.0,1.0,1.0,0.0,real,3,0.3701005025125628,0.37763819095477386,0.7085427135678392,0.3542713567839196,0.3161662584278175,0.3749678038433373
F000686,0.0,0.37763819095477386,0.34444444444444444,0.5590998055737388,0.0,1.0,1.0,1.0,0.0,real,3,0.3701005025125628,0.37763819095477386,0.7085427135678392,0.3542713567839196,0.3161662584278175,0.3749678038433373
F000687,0.0,0.37763819095477386,0.6444444444444444,0.7343427396381469,0.25,1.0,1.0,1.0,0.25,real,3,0.8304020100502513,0.37763819095477386,0.9223618090452261,0.46118090452261307,0.7981665551374966,0.5864442185803389
F000688,0.0,0.37763819095477386,0.3555555555555555,0.5551109331909687,0.0,1.0,1.0,1.0,0.0,real,3,0.3701005025125628,0.37763819095477386,0.6972361809045227,0.34861809045226133,0.3140739817176334,0.37501041640362615
F000689,0.47458553864460085,0.9849246231155779,0.8444444444444443,0.4286067004885758,0.0,1.0,1.0,1.0,0.0,real,3,0.3701005025125628,0.9849246231155779,0.4907035175879397,0.24535175879396984,0.27585506047827074,0.8340764437766723
F000690,0.0,0.37763819095477386,0.16666666666666669,0.06666666666666671,0.0,1.0,1.0,1.0,0.0,real,3,0.3701005025125628,0.37763819095477386,0.01306532663316583,0.006532663316582915,0.1874679932324941,0.3775889497739956
F000691,0.0,0.37763819095477386,0.5166666666666667,0.6244997998398398,0.0,1.0,1.0,1.0,0.0,real,3,0.3701005025125628,0.37763819095477386,0.8128140703517588,0.4064070351758794,0.3354616991995152,0.3745748213428954
F000692,0.0,0.37763819095477386,0.3111111111111111,0.6710963942462889,0.0,1.0,1.0,1.0,0.0,real,3,0.3701005025125628,0.37763819095477386,0.8680904522613065,0.43404522613065327,0.3456906075604152,0.3743664932703719
F000693,0.0,0.37763819095477386,0.25,0.6064468466220084,0.0,1.0,1.0,1.0,0.0,real,3,0.3701005025125628,0.37763819095477386,0.7907035175879397,0.39535175879396983,0.3313701358551552,0.3746581525719047
F000694,0.0,0.37763819095477386,0.37777777777777777,0.5388602512436508,0.25,1.0,1.0,1.0,0.25,real,3,0.8304020100502513,0.37763819095477386,0.6738693467336684,0.3369346733668342,0.6949922350445695,0.530190020454029
F000695,0.0,0.37763819095477386,0.3666666666666667,0.24037008503093263,0.5,1.0,1.0,1.0,0.5,real,3,0.9587939698492463,0.37763819095477386,0.18341708542713567,0.09170854271356783,0.567326582662054,0.43093514052675436
F000696,0.0,0.37763819095477386,0.37777777777777777,0.7343427396381468,0.0,1.0,1.0,1.0,0.0,real,3,0.3701005025125628,0.37763819095477386,0.9216080402010051,0.46080402010050253,0.35559405065528654,0.3741647938183379
F000697,0.0,0.37763819095477386,0.2833333333333333,0.5364492313143694,0.0,1.0,1.0,1.0,0.0,real,3,0.3701005025125628,0.37763819095477386,0.6640703517587939,0.33203517587939696,0.3079366367010934,0.3751354132471402
F000698,0.0,0.37763819095477386,0.6888888888888889,0.9645570850760314,0.0,1.0,1.0,1.0,0.0,real,3,0.3701005025125628,0.37763819095477386,0.9984924623115577,0.4992462311557789,0.36982153228453823,0.3738750284083735
F000699,0.0,0.37763819095477386,0.4222222222222222,0.42860670048857574,0.0,1.0,1.0,1.0,0.0,real,3,0.3701005025125628,0.37763819095477386,0.48391959798994977,0.24195979899497488,0.2745996944521603,0.3758143733744097
F000700,0.0,0.37763819095477386,0.27222222222222225,0.28349668493717944,0.0,1.0,1.0,1.0,0.0,real,3,0.3701005025125628,0.37763819095477386,0.24547738693467336,0.12273869346733668,0.23047590338627813,0.376713024923613
F000701,0.0,0.37763819095477386,0.43333333333333335,0.11547005383792512,0.0,1.0,1.0,1.0,0.0,real,3,0.3701005025125628,0.37763819095477386,0.038442211055276385,0.019221105527638192,0.1921639920709073,0.37749330824979166
F000702,0.0,0.37763819095477386,0.25555555555555554,0.25239592648001224,0.25,1.0,1.0,1.0,0.25,real,3,0.8304020100502513,0.37763819095477386,0.20125628140703516,0.10062814070351758,0.49876281533294614,0.42319897224817554
F000703,0.0,0.37763819095477386,0.6666666666666666,0.9333333333333333,0.0,1.0,1.0,1.0,0.0,real,3,0.3701005025125628,0.37763819095477386,0.9954773869346734,0.4977386934673367,0.36926359182848917,0.37388639175778393
F000704,0.0,0.37763819095477386,0.6277777777777778,0.5419443732558755,0.0,1.0,1.0,1.0,0.0,real,3,0.3701005025125628,0.37763819095477386,0.6809045226130653,0.34045226130653267,0.3110518042473675,0.375071967879599
F000705,0.0,0.37763819095477386,0.2777777777777778,0.32885885748774984,0.0,1.0,1.0,1.0,0.0,real,3,0.3701005025125628,0.37763819095477386,0.30904522613065327,0.15452261306532664,0.2422391480013131,0.37647344764021107
F000706,0.0,0.37763819095477386,0.29999999999999993,0.37118429085533483,0.0,1.0,1.0,1.0,0.0,real,3,0.3701005025125628,0.37763819095477386,0.38517587939698494,0.19258793969849247,0.2563271445165526,0.3761865230675993
F000707,0.18318323798251535,0.8909547738693467,0.6944444444444444,0.4114113018127471,0.25,1.0,1.0,1.0,0.25,real,3,0.8304020100502513,0.8909547738693467,0.4600502512562814,0.2300251256281407,0.6062143317087952,0.8770261167647282
F000708,0.0,0.37763819095477386,0.27222222222222225,0.365655170486763,0.0,1.0,1.0,1.0,0.0,real,3,0.3701005025125628,0.37763819095477386,0.3688442211055276,0.1844221105527638,0.2533049670462867,0.3762480745435721
F000709,0.0,0.37763819095477386,0.41111111111111115,0.731310340973526,0.0,1.0,1.0,1.0,0.0,real,3,0.3701005025125628,0.37763819095477386,0.921105527638191,0.4605527638190955,0.3555010605792783,0.37416668770990635
F000710,0.0,0.37763819095477386,0.3555555555555555,0.5551109331909687,0.0,1.0,1.0,1.0,0.0,real,3,0.3701005025125628,0.37763819095477386,0.6972361809045227,0.34861809045226133,0.3140739817176334,0.37501041640362615
F000711,0.0,0.37763819095477386,0.2944444444444444,0.2219442706159798,0.25,1.0,1.0,1.0,0.25,real,3,0.8304020100502513,0.37763819095477386,0.1620603015075377,0.08103015075376885,0.48248860508573016,0.41432571147193253
F000712,0.0,0.37763819095477386,0.25,0.39299420408505326,0.0,1.0,1.0,1.0,0.0,real,3,0.3701005025125628,0.37763819095477386,0.4228643216080402,0.2114321608040201,0.26330140021716625,0.3760444811999697
F000713,0.0,0.37763819095477386,0.3055555555555556,0.5210388483419269,0.0,1.0,1.0,1.0,0.0,real,3,0.3701005025125628,0.37763819095477386,0.6489949748743719,0.3244974874371859,0.305146934420848,0.37519222999419205
F000714,0.0,0.37763819095477386,0.5055555555555555,0.554109228435186,0.0,1.0,1.0,1.0,0.0,real,3,0.3701005025125628,0.37763819095477386,0.6874371859296482,0.3437185929648241,0.31226067523547385,0.37504734728920985
F000715,0.3880367018819775,0.9718592964824121,0.7666666666666666,0.29059326290271165,0.0,1.0,1.0,1.0,0.0,real,3,0.3701005025125628,0.9718592964824121,0.25301507537688445,0.12650753768844222,0.23187075452640088,0.8957322731749198
F000716,0.0,0.37763819095477386,0.25555555555555554,0.4233901974057256,0.0,1.0,1.0,1.0,0.0,real,3,0.3701005025125628,0.37763819095477386,0.4766331658291457,0.23831658291457286,0.2732513383500417,0.3758418348021515
F000717,0.0,0.37763819095477386,0.25555555555555554,0.36717136981907356,0.5,1.0,1.0,1.0,0.5,real,3,0.9587939698492463,0.37763819095477386,0.38040201005025126,0.19020100502512563,0.6617605616019797,0.4881746041766622
F000718,0.0,0.37763819095477386,0.42777777777777776,0.2009237924447236,0.0,1.0,1.0,1.0,0.0,real,3,0.3701005025125628,0.37763819095477386,0.12135678391959799,0.060678391959798995,0.20750735461225725,0.3771808161410065
F000719,0.0,0.37763819095477386,0.3833333333333333,0.6489307444643929,0.0,1.0,1.0,1.0,0.0,real,3,0.3701005025125628,0.37763819095477386,0.8487437185929648,0.4243718592964824,0.3421104896341002,0.37443940809575516
F000720,0.0,0.37763819095477386,0.39444444444444443,0.33388842669592717,0.0,1.0,1.0,1.0,0.0,real,3,0.3701005025125628,0.37763819095477386,0.31809045226130656,0.15904522613065328,0.2439129693694604,0.37643935759197994
F000721,0.0,0.37763819095477386,0.3222222222222222,0.3671713698190735,0.0,1.0,1.0,1.0,0.0,real,3,0.3701005025125628,0.37763819095477386,0.3751256281407035,0.18756281407035175,0.254467342996389,0.3762244008989672
F000722,0.0,0.37763819095477386,0.28888888888888886,0.2775554665954844,0.0,1.0,1.0,1.0,0.0,real,3,0.3701005025125628,0.37763819095477386,0.23417085427135678,0.11708542713567839,0.22838362667609405,0.3767556374839019
F000723,0.11441628428654776,0.8492462311557789,0.6777777777777778,0.4822785425380157,0.0,1.0,1.0,1.0,0.0,real,3,0.3701005025125628,0.8492462311557789,0.5876884422110553,0.29384422110552766,0.2938021451478498,0.7084520277265726
F000724,0.5853276880479024,0.99321608040201,0.8888888888888888,0.3849001794597506,0.0,1.0,1.0,1.0,0.0,real,3,0.3701005025125628,0.99321608040201,0.4055276381909548,0.2027638190954774,0.260093242594884,0.8668707860912603
F000725,0.0,0.37763819095477386,0.6,0.6110100926607788,0.5,1.0,1.0,1.0,0.5,real,3,0.9587939698492463,0.37763819095477386,0.7949748743718593,0.39748743718592966,0.8605055427893235,0.6086403121133305
F000726,0.0,0.37763819095477386,0.23888888888888887,0.6113130979323965,0.5,1.0,1.0,1.0,0.5,real,3,0.9587939698492463,0.37763819095477386,0.7979899497487437,0.39899497487437185,0.8619509608343224,0.6095164263528698
F000727,0.3066741745169514,0.9489949748743719,0.6944444444444444,0.16442942874387492,0.0,1.0,1.0,1.0,0.0,real,3,0.3701005025125628,0.9489949748743719,0.08819095477386935,0.04409547738693467,0.20137000959571727,0.9234683467589203
F000728,0.0,0.37763819095477386,0.3611111111111111,0.7515416254704823,0.5,1.0,1.0,1.0,0.5,real,3,0.9587939698492463,0.37763819095477386,0.9381909547738694,0.4690954773869347,0.9291628999267696,0.6502557384914522
F000729,0.0,0.37763819095477386,0.2777777777777778,0.32885885748774984,0.0,1.0,1.0,1.0,0.0,real,3,0.3701005025125628,0.37763819095477386,0.30904522613065327,0.15452261306532664,0.2422391480013131,0.37647344764021107
F000730,0.36310546582568015,0.963819095477387,0.7777777777777777,0.3849001794597506,0.0,1.0,1.0,1.0,0.0,real,3,0.3701005025125628,0.963819095477387,0.4055276381909548,0.2027638190954774,0.260093242594884,0.8434344460998461
F000731,0.0,0.37763819095477386,0.25,0.29627314724385295,0.0,1.0,1.0,1.0,0.0,real,3,0.3701005025125628,0.37763819095477386,0.2623115577889447,0.13115577889447236,0.23359107093255221,0.3766495795560718
F000732,0.0,0.37763819095477386,0.20555555555555555,0.371682859637283,0.0,1.0,1.0,1.0,0.0,real,3,0.3701005025125628,0.37763819095477386,0.39195979899497485,0.19597989949748743,0.25758251054266307,0.3761609555314259
F000733,0.0,0.37763819095477386,0.14444444444444438,0.03849001794597504,0.0,1.0,1.0,1.0,0.0,real,3,0.3701005025125628,0.37763819095477386,0.005527638190954774,0.002763819095477387,0.1860731420923714,0.3776173581475215
F000734,0.0,0.37763819095477386,0.31666666666666665,0.6173419725817377,0.0,1.0,1.0,1.0,0.0,real,3,0.3701005025125628,0.37763819095477386,0.8067839195979899,0.40339195979899495,0.334345818287417,0.3745975480417161
F000735,0.0,0.37763819095477386,0.2833333333333333,0.5364492313143694,0.25,1.0,1.0,1.0,0.25,real,3,0.8304020100502513,0.37763819095477386,0.6640703517587939,0.33203517587939696,0.6909236824827655,0.5279717052599682
F000736,0.0,0.37763819095477386,0.40555555555555556,0.6292264504341231,0.0,1.0,1.0,1.0,0.0,real,3,0.3701005025125628,0.37763819095477386,0.8148241206030151,0.40741206030150756,0.33583365950354793,0.3745672457766218
F000737,0.0,0.37763819095477386,0.5388888888888889,0.49478764618249593,0.0,1.0,1.0,1.0,0.0,real,3,0.3701005025125628,0.37763819095477386,0.6020100502512563,0.30100502512562816,0.296452362314083,0.3753693088558369
F000738,0.0,0.37763819095477386,0.3055555555555556,0.16442942874387495,0.25,1.0,1.0,1.0,0.25,real,3,0.8304020100502513,0.37763819095477386,0.09321608040201006,0.04660804020100503,0.45390441529254316,0.3987406252367364
F000739,0.0,0.37763819095477386,0.39999999999999997,0.4807401700618652,0.0,1.0,1.0,1.0,0.0,real,3,0.3701005025125628,0.37763819095477386,0.5756281407035176,0.2878140703517588,0.2915703833236535,0.37546873816317766
F000740,0.0,0.37763819095477386,0.4166666666666667,0.3179797338056486,0.0,1.0,1.0,1.0,0.0,real,3,0.3701005025125628,0.37763819095477386,0.2992462311557789,0.14962311557788946,0.24042584151915355,0.3765103785257948
F000741,0.0,0.37763819095477386,0.3055555555555556,0.4857220665420977,0.5,1.0,1.0,1.0,0.5,real,3,0.9587939698492463,0.37763819095477386,0.5949748743718593,0.2974874371859296,0.7646261458043989,0.5505247342238833
F000742,0.0,0.37763819095477386,0.36111111111111116,0.7690783324743206,0.25,1.0,1.0,1.0,0.25,real,3,0.8304020100502513,0.37763819095477386,0.9474874371859296,0.4737437185929648,0.8085987411934042,0.5921322062574178
F000743,0.0,0.37763819095477386,0.35,0.40960685758148363,0.25,1.0,1.0,1.0,0.25,real,3,0.8304020100502513,0.37763819095477386,0.4552763819095477,0.22763819095477386,0.6042322163581728,0.48070452766344285
F000744,0.0,0.37763819095477386,0.6611111111111111,0.9142898478742537,0.0,1.0,1.0,1.0,0.0,real,3,0.3701005025125628,0.37763819095477386,0.9904522613065326,0.4952261306532663,0.3683336910684074,0.3739053306734678
F000745,0.0,0.37763819095477386,0.39444444444444443,0.36565517048676294,0.0,1.0,1.0,1.0,0.0,real,3,0.3701005025125628,0.37763819095477386,0.36683417085427134,0.18341708542713567,0.252933006742254,0.3762556501098457
F000746,0.0,0.37763819095477386,0.5611111111111111,0.5167562646325994,0.25,1.0,1.0,1.0,0.25,real,3,0.8304020100502513,0.37763819095477386,0.6369346733668342,0.3184673366834171,0.6796569215423853,0.521828678568723
F000747,0.3365243008766441,0.9562814070351758,0.8222222222222222,0.6158402871356008,0.0,1.0,1.0,1.0,0.0,real,3,0.3701005025125628,0.9562814070351758,0.8035175879396985,0.40175879396984926,0.3337413827933638,0.7207780737860154
F000748,0.0,0.37763819095477386,0.5277777777777778,0.22194427061597974,0.0,1.0,1.0,1.0,0.0,real,3,0.3701005025125628,0.37763819095477386,0.15628140703517587,0.07814070351758794,0.2139701648948259,0.37704919067700304
F000749,0.0,0.37763819095477386,0.26111111111111107,0.01924500897298752,0.0,1.0,1.0,1.0,0.0,real,3,0.3701005025125628,0.37763819095477386,0.001507537688442211,0.0007537688442211055,0.18532922148430594,0.3776325092800687
F000750,0.0,0.37763819095477386,0.32777777777777783,0.5167562646325994,0.0,1.0,1.0,1.0,0.0,real,3,0.3701005025125628,0.37763819095477386,0.6369346733668342,0.3184673366834171,0.3029151725966516,0.3752376833918335
F000751,0.0,0.37763819095477386,0.2277777777777778,0.327165152540788,0.25,1.0,1.0,1.0,0.25,real,3,0.8304020100502513,0.37763819095477386,0.3057788944723618,0.1528894472361809,0.5421607093255221,0.44686100098482356
F000752,0.01962326931232128,0.7690954773869346,0.65,0.5607534613753574,0.0,1.0,1.0,1.0,0.0,real,3,0.3701005025125628,0.7690954773869346,0.7165829145728643,0.35829145728643214,0.3176540996439484,0.6261389863892326
F000753,0.0,0.37763819095477386,0.34444444444444444,0.8494006601607287,0.0,1.0,1.0,1.0,0.0,real,3,0.3701005025125628,0.37763819095477386,0.9819095477386934,0.4909547738693467,0.36675285977626826,0.3739375268301306
F000754,0.0,0.37763819095477386,0.27222222222222225,0.8302163930321174,0.0,1.0,1.0,1.0,0.0,real,3,0.3701005025125628,0.37763819095477386,0.9741206030150754,0.4870603015075377,0.36531151359814146,0.37396688214944074
F000755,0.0,0.37763819095477386,0.2777777777777778,0.4337604732431808,0.0,1.0,1.0,1.0,0.0,real,3,0.3701005025125628,0.37763819095477386,0.49447236180904525,0.24723618090452262,0.2765524860483321,0.37577460165147347
F000756,0.20165258658771829,0.9017587939698493,0.6611111111111111,0.2411392712690079,0.25,1.0,1.0,1.0,0.25,real,3,0.8304020100502513,0.9017587939698493,0.19020100502512563,0.09510050251256282,0.4941726534683468,0.8949727279614151
F000757,0.0,0.37763819095477386,0.6666666666666666,0.7423685817106697,0.0,1.0,1.0,1.0,0.0,real,3,0.3701005025125628,0.37763819095477386,0.9251256281407035,0.46256281407035177,0.35624498118734377,0.37415153657735917
F000758,0.0,0.37763819095477386,0.36111111111111116,0.16442942874387495,0.5,1.0,1.0,1.0,0.5,real,3,0.9587939698492463,0.37763819095477386,0.09321608040201006,0.04660804020100503,0.524084492815838,0.40472472286053385
F000759,0.0,0.37763819095477386,0.5888888888888889,0.4914076530554663,0.0,1.0,1.0,1.0,0.0,real,3,0.3701005025125628,0.37763819095477386,0.5987437185929648,0.2993718592964824,0.2958479268200298,0.3753816191510315
F000760,0.0,0.37763819095477386,0.5333333333333333,0.35276684147527876,0.0,1.0,1.0,1.0,0.0,real,3,0.3701005025125628,0.37763819095477386,0.3555276381909548,0.1777638190954774,0.25084073003206986,0.3762982626701346
F000761,0.0,0.37763819095477386,0.07222222222222219,0.13471506281091264,0.25,1.0,1.0,1.0,0.25,real,3,0.8304020100502513,0.37763819095477386,0.05552763819095478,0.02776381909547739,0.43825613620868165,0.39020864372111813
F000762,0.08778923273441197,0.8306532663316583,0.7055555555555556,0.6466437567533984,0.5,1.0,1.0,1.0,0.5,real,3,0.9587939698492463,0.8306532663316583,0.8457286432160804,0.4228643216080402,0.8848367465468044,0.8848393979950001
F000763,0.0,0.37763819095477386,0.6277777777777778,0.6362505912097959,0.25,1.0,1.0,1.0,0.25,real,3,0.8304020100502513,0.37763819095477386,0.8341708542713567,0.41708542713567837,0.7615495820812606,0.5664793818337921
F000764,0.0,0.37763819095477386,0.3888888888888889,0.795356896363257,0.0,1.0,1.0,1.0,0.0,real,3,0.3701005025125628,0.37763819095477386,0.9597989949748744,0.4798994974874372,0.3626612964319083,0.3740208580591399
F000765,0.0,0.37763819095477386,0.6166666666666667,0.7356025496904637,0.0,1.0,1.0,1.0,0.0,real,3,0.3701005025125628,0.37763819095477386,0.9231155778894472,0.4615577889447236,0.355873020883311,0.37415911214363273
F000766,0.07854497463356824,0.8150753768844221,0.7000000000000001,0.6429100507328637,0.0,1.0,1.0,1.0,0.0,real,3,0.3701005025125628,0.8150753768844221,0.8394472361809046,0.4197236180904523,0.3403901732279488,0.6283089126537209
F000767,0.0,0.37763819095477386,0.5111111111111111,0.33554819712314443,0.0,1.0,1.0,1.0,0.0,real,3,0.3701005025125628,0.37763819095477386,0.32487437185929646,0.16243718592964823,0.24516833539557084,0.37641379005580666
F000768,0.0,0.37763819095477386,0.30000000000000004,0.34641016151377546,0.25,1.0,1.0,1.0,0.25,real,3,0.8304020100502513,0.37763819095477386,0.34246231155778895,0.17123115577889447,0.5573917009671473,0.45516546299335875
F000769,0.0,0.37763819095477386,0.2944444444444444,0.2219442706159798,0.0,1.0,1.0,1.0,0.0,real,3,0.3701005025125628,0.37763819095477386,0.1620603015075377,0.08103015075376885,0.21503955076891998,0.3770274109239666
F000770,0.0,0.37763819095477386,0.3388888888888889,0.3595264374969653,0.0,1.0,1.0,1.0,0.0,real,3,0.3701005025125628,0.37763819095477386,0.364572864321608,0.182286432160804,0.25251455140021717,0.3762641726219035
F000771,0.4940183509409887,0.9869346733668342,0.7833333333333333,0.14529663145135585,0.0,1.0,1.0,1.0,0.0,real,3,0.3701005025125628,0.9869346733668342,0.07035175879396985,0.035175879396984924,0.19806886189742684,0.965236988964925
F000772,0.0,0.37763819095477386,0.5222222222222223,0.2694301256218253,0.0,1.0,1.0,1.0,0.0,real,3,0.3701005025125628,0.37763819095477386,0.2150753768844221,0.10753768844221105,0.22485000378778314,0.37682760536350096
F000773,0.0,0.37763819095477386,0.3055555555555556,0.5210388483419269,0.0,1.0,1.0,1.0,0.0,real,3,0.3701005025125628,0.37763819095477386,0.6489949748743719,0.3244974874371859,0.305146934420848,0.37519222999419205
F000774,0.30013897580312127,0.9447236180904522,0.7055555555555556,0.22194427061597974,0.0,1.0,1.0,1.0,0.0,real,3,0.3701005025125628,0.9447236180904522,0.15628140703517587,0.07814070351758794,0.2139701648948259,0.8998221635817277
F000775,0.0,0.37763819095477386,0.31666666666666665,0.17320508075688776,0.0,1.0,1.0,1.0,0.0,real,3,0.3701005025125628,0.37763819095477386,0.10603015075376884,0.05301507537688442,0.20467115729400773,0.37723857983384257
F000776,0.0,0.37763819095477386,0.33333333333333337,0.26666666666666666,0.25,1.0,1.0,1.0,0.25,real,3,0.8304020100502513,0.37763819095477386,0.2092964824120603,0.10464824120603015,0.5021011148708365,0.4250191283048408
F000777,0.0,0.37763819095477386,0.5,0.19999999999999996,0.0,1.0,1.0,1.0,0.0,real,3,0.3701005025125628,0.37763819095477386,0.11608040201005025,0.058040201005025126,0.20653095881417138,0.37720070200247463
F000778,0.0,0.37763819095477386,0.3222222222222222,0.5590998055737388,0.25,1.0,1.0,1.0,0.25,real,3,0.8304020100502513,0.37763819095477386,0.7085427135678392,0.3542713567839196,0.7093886518017222,0.5380394434483977
F000779,0.0,0.37763819095477386,0.25555555555555554,0.25239592648001224,0.0,1.0,1.0,1.0,0.0,real,3,0.3701005025125628,0.37763819095477386,0.20125628140703516,0.10062814070351758,0.22229277669755815,0.3768796873816318
F000780,0.0,0.37763819095477386,0.23888888888888887,0.6113130979323965,0.0,1.0,1.0,1.0,0.0,real,3,0.3701005025125628,0.37763819095477386,0.7979899497487437,0.39899497487437185,0.3327184919572738,0.37463069114416303
F000781,0.0,0.37763819095477386,0.4444444444444444,0.9645570850760313,0.0,1.0,1.0,1.0,0.0,real,3,0.3701005025125628,0.37763819095477386,0.9977386934673367,0.49886934673366834,0.369682047170526,0.3738778692457261
F000782,0.09750011120008895,0.835427135678392,0.7222222222222222,0.6938886664887111,0.5,1.0,1.0,1.0,0.5,real,3,0.9587939698492463,0.835427135678392,0.8987437185929649,0.44937185929648243,0.9102520138380343,0.8908647193252697
F000783,0.0,0.37763819095477386,0.6333333333333333,0.6359594676112972,0.0,1.0,1.0,1.0,0.0,real,3,0.3701005025125628,0.37763819095477386,0.8298994974874372,0.4149497487437186,0.3386233617837934,0.37451042902957
F000784,0.0,0.37763819095477386,0.39444444444444443,0.33388842669592717,0.0,1.0,1.0,1.0,0.0,real,3,0.3701005025125628,0.37763819095477386,0.31809045226130656,0.15904522613065328,0.2439129693694604,0.37643935759197994
F000785,0.0,0.37763819095477386,0.1166666666666667,0.14529663145135582,0.0,1.0,1.0,1.0,0.0,real,3,0.3701005025125628,0.37763819095477386,0.06733668341708543,0.033668341708542715,0.19751092144137775,0.37738440948460894
F000786,0.0,0.37763819095477386,0.2277777777777778,0.327165152540788,0.5,1.0,1.0,1.0,0.5,real,3,0.9587939698492463,0.37763819095477386,0.3057788944723618,0.1528894472361809,0.6259864649882579,0.4664907767480619
F000787,0.0,0.37763819095477386,0.37777777777777777,0.5047918529600243,0.0,1.0,1.0,1.0,0.0,real,3,0.3701005025125628,0.37763819095477386,0.6180904522613065,0.30904522613065327,0.2994280447463448,0.37530870432564833
F000788,0.0,0.37763819095477386,0.5277777777777778,0.47648403649759036,0.0,1.0,1.0,1.0,0.0,real,3,0.3701005025125628,0.37763819095477386,0.5726130653266331,0.28630653266331657,0.29101244286760436,0.37548010151258804
F000789,0.05157981453777166,0.7914572864321608,0.5888888888888889,0.25239592648001213,0.0,1.0,1.0,1.0,0.0,real,3,0.3701005025125628,0.7914572864321608,0.1977386934673367,0.09886934673366835,0.22164184616550087,0.7497980164642307
F000790,0.0,0.37763819095477386,0.3888888888888889,0.5091750772173156,0.0,1.0,1.0,1.0,0.0,real,3,0.3701005025125628,0.37763819095477386,0.6276381909547739,0.31381909547738696,0.30119485619050024,0.37527272038584886
F000791,0.12156975434186687,0.8552763819095477,0.6555555555555556,0.3790827135384885,0.0,1.0,1.0,1.0,0.0,real,3,0.3701005025125628,0.8552763819095477,0.3977386934673367,0.19886934673366835,0.2586518964167572,0.7587897717229362
F000792,0.0,0.37763819095477386,0.4222222222222222,0.3079201435678004,0.0,1.0,1.0,1.0,0.0,real,3,0.3701005025125628,0.37763819095477386,0.28065326633165827,0.14032663316582913,0.23698520870685086,0.3765804525138254
F000793,0.0,0.37763819095477386,0.31666666666666665,0.5607534613753574,0.5,1.0,1.0,1.0,0.5,real,3,0.9587939698492463,0.37763819095477386,0.7165829145728643,0.35829145728643214,0.8229246736193531,0.5858613418853059
F000794,0.0,0.37763819095477386,0.6555555555555556,0.674399595799712,0.0,1.0,1.0,1.0,0.0,real,3,0.3701005025125628,0.37763819095477386,0.8748743718592965,0.43743718592964825,0.34694597358652557,0.37434092573419864
F000795,0.2759427623343146,0.9341708542713568,0.6888888888888889,0.2036700308869263,0.0,1.0,1.0,1.0,0.0,real,3,0.3701005025125628,0.9341708542713568,0.14045226130653266,0.07022613065326633,0.21104097750056816,0.8945583760511099
F000796,0.08778923273441203,0.8311557788944723,0.7055555555555556,0.6466437567533982,0.0,1.0,1.0,1.0,0.0,real,3,0.3701005025125628,0.8311557788944723,0.8439698492462312,0.4219849246231156,0.34122708391202244,0.6365974028433625
F000797,0.1527920966003969,0.8758793969849247,0.7111111111111111,0.5388602512436507,0.0,1.0,1.0,1.0,0.0,real,3,0.3701005025125628,0.8758793969849247,0.6683417085427136,0.3341708542713568,0.30872705234716297,0.7068628317466731
F000798,0.33605556296098826,0.9557788944723619,0.7722222222222221,0.41677776296691227,0.75,1.0,1.0,1.0,0.75,real,3,0.9987437185929648,0.9557788944723619,0.4685929648241206,0.2342964824120603,0.7333739993939548,0.965845401631272
F000799,0.0,0.37763819095477386,0.31666666666666665,0.21858128414340003,0.0,1.0,1.0,1.0,0.0,real,3,0.3701005025125628,0.37763819095477386,0.1527638190954774,0.0763819095477387,0.21331923436276862,0.3770624479179819
F000800,0.1396583441364449,0.8655778894472361,0.7000000000000001,0.5206833117271104,0.0,1.0,1.0,1.0,0.0,real,3,0.3701005025125628,0.8655778894472361,0.6444723618090452,0.3222361809045226,0.30431002373677435,0.7059171485568545
F000801,0.0,0.37763819095477386,0.43333333333333335,0.6960204339273701,0.25,1.0,1.0,1.0,0.25,real,3,0.8304020100502513,0.37763819095477386,0.9010050251256282,0.4505025125628141,0.7892991969899751,0.5816094290548218
F000802,0.0,0.37763819095477386,0.19999999999999996,0.23094010767585033,0.0,1.0,1.0,1.0,0.0,real,3,0.3701005025125628,0.37763819095477386,0.17185929648241205,0.08592964824120602,0.2168528572510795,0.37699048003838287
F000803,0.10994063975465382,0.8447236180904523,0.6277777777777778,0.29122983160180343,0.0,1.0,1.0,1.0,0.0,real,3,0.3701005025125628,0.8447236180904523,0.2547738693467337,0.12738693467336684,0.2321962197924295,0.7842628342718618
F000804,0.1396583441364449,0.8655778894472361,0.7000000000000001,0.5206833117271104,0.25,1.0,1.0,1.0,0.25,real,3,0.8304020100502513,0.8655778894472361,0.6444723618090452,0.3222361809045226,0.6827865773591576,0.8542429484103935
F000805,0.0,0.37763819095477386,0.3055555555555556,0.4857220665420977,0.0,1.0,1.0,1.0,0.0,real,3,0.3701005025125628,0.37763819095477386,0.5949748743718593,0.2974874371859296,0.29515050124996844,0.3753958233377945
F000806,0.0,0.37763819095477386,0.33333333333333337,0.5811865258054231,0.0,1.0,1.0,1.0,0.0,real,3,0.3701005025125628,0.37763819095477386,0.7371859296482413,0.36859296482412063,0.32146669276028383,0.3748598520239388
F000807,0.0,0.37763819095477386,0.3611111111111111,0.6768664182452458,0.25,1.0,1.0,1.0,0.25,real,3,0.8304020100502513,0.37763819095477386,0.8766331658291457,0.43831658291457287,0.7791799765157446,0.5760920810080553
F000808,0.0,0.37763819095477386,0.4777777777777778,0.619438216211838,0.0,1.0,1.0,1.0,0.0,real,3,0.3701005025125628,0.37763819095477386,0.8115577889447236,0.4057788944723618,0.33522922400949473,0.37457955607181637
F000809,0.0,0.37763819095477386,0.33333333333333337,0.4,0.0,1.0,1.0,1.0,0.0,real,3,0.3701005025125628,0.37763819095477386,0.43241206030150753,0.21620603015075376,0.2650682116613217,0.37600849726017016
F000810,0.0,0.37763819095477386,0.33333333333333326,0.6666666666666666,0.0,1.0,1.0,1.0,0.0,real,3,0.3701005025125628,0.37763819095477386,0.8603015075376884,0.4301507537688442,0.34424926138228834,0.37439584858968206
F000811,0.0,0.37763819095477386,0.2777777777777778,0.39063101847215437,0.0,1.0,1.0,1.0,0.0,real,3,0.3701005025125628,0.37763819095477386,0.4168341708542714,0.2084170854271357,0.26218551930506806,0.37606720789879045
F000812,0.02519943547145691,0.7736180904522613,0.5222222222222223,0.03849001794597504,0.0,1.0,1.0,1.0,0.0,real,3,0.3701005025125628,0.7736180904522613,0.005527638190954774,0.002763819095477387,0.1860731420923714,0.7725028408373525
F000813,0.43763894448893326,0.9804020100502513,0.8055555555555556,0.34694433324435553,0.0,1.0,1.0,1.0,0.0,real,3,0.3701005025125628,0.9804020100502513,0.34748743718592967,0.17374371859296484,0.24935288881593903,0.8743659566677608
F000814,0.0,0.37763819095477386,0.32777777777777783,0.46228097917143823,0.0,1.0,1.0,1.0,0.0,real,3,0.3701005025125628,0.37763819095477386,0.5409547738693468,0.2704773869346734,0.28515406807908894,0.3755994166813969
F000815,0.14458342024756565,0.8731155778894473,0.6277777777777778,0.2219442706159798,0.0,1.0,1.0,1.0,0.0,real,3,0.3701005025125628,0.8731155778894473,0.1620603015075377,0.08103015075376885,0.21503955076891998,0.83235619050024
F000816,0.023616579262360632,0.7706030150753769,0.6,0.35276684147527865,0.25,1.0,1.0,1.0,0.25,real,3,0.8304020100502513,0.7706030150753769,0.35150753768844223,0.17575376884422111,0.5611472879472741,0.7811129138153077
F000817,0.1396583441364449,0.8655778894472361,0.7000000000000001,0.5206833117271104,0.0,1.0,1.0,1.0,0.0,real,3,0.3701005025125628,0.8655778894472361,0.6444723618090452,0.3222361809045226,0.30431002373677435,0.7059171485568545
F000818,0.0,0.37763819095477386,0.3111111111111111,0.6301087501670144,0.0,1.0,1.0,1.0,0.0,real,3,0.3701005025125628,0.37763819095477386,0.8190954773869347,0.40954773869346733,0.33662407514961745,0.37455114769829045
F000819,0.0,0.37763819095477386,0.6277777777777778,0.7632775331375821,0.0,1.0,1.0,1.0,0.0,real,3,0.3701005025125628,0.37763819095477386,0.9439698492462312,0.4719849246231156,0.35973210903765057,0.3740805156435444
F000820,0.0,0.37763819095477386,0.3222222222222222,0.4537906190369364,0.0,1.0,1.0,1.0,0.0,real,3,0.3701005025125628,0.37763819095477386,0.5301507537688442,0.2650753768844221,0.283154781444913,0.3756401353501174
F000821,0.18985690583578663,0.8937185929648241,0.7222222222222222,0.5091750772173156,0.0,1.0,1.0,1.0,0.0,real,3,0.3701005025125628,0.8937185929648241,0.6276381909547739,0.31381909547738696,0.30119485619050024,0.7293972374434989
F000822,0.0,0.37763819095477386,0.3222222222222222,0.3150543750835072,0.0,1.0,1.0,1.0,0.0,real,3,0.3701005025125628,0.37763819095477386,0.2879396984924623,0.14396984924623116,0.23833356480896947,0.3765529910860837
F000823,0.0,0.37763819095477386,0.5388888888888889,0.3404789654676569,0.0,1.0,1.0,1.0,0.0,real,3,0.3701005025125628,0.37763819095477386,0.3364321608040201,0.16821608040201005,0.247307107143759,0.37637023054973356
F000824,0.0,0.37763819095477386,0.28888888888888886,0.07698003589195009,0.0,1.0,1.0,1.0,0.0,real,3,0.3701005025125628,0.37763819095477386,0.0228643216080402,0.0114321608040201,0.18928129971465368,0.3775520188884119
F000825,0.0,0.37763819095477386,0.32777777777777783,0.5965952781626134,0.0,1.0,1.0,1.0,0.0,real,3,0.3701005025125628,0.37763819095477386,0.7630653266331658,0.3815326633165829,0.3262556816747052,0.37476231660816645
F000826,0.0,0.37763819095477386,0.40555555555555556,0.13471506281091272,0.0,1.0,1.0,1.0,0.0,real,3,0.3701005025125628,0.37763819095477386,0.0592964824120603,0.02964824120603015,0.19602308022524684,0.3774147117497033
F000827,0.0,0.37763819095477386,0.43333333333333335,0.17638342073763938,0.25,1.0,1.0,1.0,0.25,real,3,0.8304020100502513,0.37763819095477386,0.10904522613065326,0.05452261306532663,0.460476692507765,0.4023240574732961
F000828,0.10975001112000891,0.8434673366834171,0.5722222222222222,0.06938886664887109,0.0,1.0,1.0,1.0,0.0,real,3,0.3701005025125628,0.8434673366834171,0.018844221105527637,0.009422110552763818,0.18853737910658824,0.8390072220398475
F000829,0.0,0.37763819095477386,0.23333333333333334,0.4666666666666667,0.0,1.0,1.0,1.0,0.0,real,3,0.3701005025125628,0.37763819095477386,0.5469849246231155,0.27349246231155777,0.2862699489911871,0.3755766899825762
F000830,0.0,0.37763819095477386,0.55,0.5567764362830022,0.0,1.0,1.0,1.0,0.0,real,3,0.3701005025125628,0.37763819095477386,0.7047738693467337,0.35238693467336685,0.3154688328577561,0.3749820080301003
F000831,0.0,0.37763819095477386,0.43333333333333335,0.6960204339273701,0.25,1.0,1.0,1.0,0.25,real,3,0.8304020100502513,0.37763819095477386,0.9010050251256282,0.4505025125628141,0.7892991969899751,0.5816094290548218
F000832,0.0,0.37763819095477386,0.4444444444444444,0.3849001794597505,0.0,1.0,1.0,1.0,0.0,real,3,0.3701005025125628,0.37763819095477386,0.4030150753768844,0.2015075376884422,0.25962829221484307,0.37611928991692134
F000833,0.0,0.37763819095477386,0.2777777777777778,0.32885885748774984,0.25,1.0,1.0,1.0,0.25,real,3,0.8304020100502513,0.37763819095477386,0.30904522613065327,0.15452261306532664,0.5435168935127901,0.44760043938284383
F000834,0.0,0.37763819095477386,0.3055555555555556,0.5853140973807078,0.0,1.0,1.0,1.0,0.0,real,3,0.3701005025125628,0.37763819095477386,0.7507537688442211,0.37537688442211053,0.32397742481250474,0.3748087169515921
F000835,0.0,0.37763819095477386,0.21111111111111108,0.34210676262979234,0.5,1.0,1.0,1.0,0.5,real,3,0.9587939698492463,0.37763819095477386,0.3407035175879397,0.17035175879396985,0.6427292240094947,0.4766391000227267
F000836,0.0,0.37763819095477386,0.2666666666666666,0.7055336829505575,0.0,1.0,1.0,1.0,0.0,real,3,0.3701005025125628,0.37763819095477386,0.9057788944723618,0.4528894472361809,0.35266486326102875,0.3742244514027424
F000837,0.0,0.37763819095477386,0.4388888888888889,0.25891511550513435,0.25,1.0,1.0,1.0,0.25,real,3,0.8304020100502513,0.37763819095477386,0.20326633165829144,0.10163316582914572,0.4995973902174188,0.4236540112623418
F000838,0.0,0.37763819095477386,0.37777777777777777,0.5388602512436508,0.0,1.0,1.0,1.0,0.0,real,3,0.3701005025125628,0.37763819095477386,0.6738693467336684,0.3369346733668342,0.30974994318325294,0.3750984823615566
F000839,0.0,0.37763819095477386,0.2777777777777778,0.39063101847215437,0.5,1.0,1.0,1.0,0.5,real,3,0.9587939698492463,0.37763819095477386,0.4168341708542714,0.2084170854271357,0.679226029645716,0.4987609845710967
F000840,0.0,0.37763819095477386,0.3388888888888889,0.6930875632778085,0.0,1.0,1.0,1.0,0.0,real,3,0.3701005025125628,0.37763819095477386,0.8957286432160804,0.4478643216080402,0.3508050617408652,0.3742623292341102
F000841,0.0,0.37763819095477386,0.16666666666666669,0.2,0.0,1.0,1.0,1.0,0.0,real,3,0.3701005025125628,0.37763819095477386,0.1178391959798995,0.05891959798994975,0.2068564240802,0.37719407338198535
F000842,0.0,0.37763819095477386,0.19444444444444442,0.11706281947614157,0.0,1.0,1.0,1.0,0.0,real,3,0.3701005025125628,0.37763819095477386,0.04221105527638191,0.021105527638190954,0.19286141764096867,0.3774791040630287
F000843,0.0,0.37763819095477386,0.2666666666666666,0.7055336829505575,0.0,1.0,1.0,1.0,0.0,real,3,0.3701005025125628,0.37763819095477386,0.9057788944723618,0.4528894472361809,0.35266486326102875,0.3742244514027424
F000844,0.0,0.37763819095477386,0.28888888888888886,0.6577177149754997,0.0,1.0,1.0,1.0,0.0,real,3,0.3701005025125628,0.37763819095477386,0.857537688442211,0.4287688442211055,0.34373781596424335,0.37440626499330826
F000845,0.33928775983180265,0.9567839195979899,0.6888888888888889,0.07698003589195009,0.0,1.0,1.0,1.0,0.0,real,3,0.3701005025125628,0.9567839195979899,0.0228643216080402,0.0114321608040201,0.18928129971465368,0.9500768604328174
F000846,0.0,0.37763819095477386,0.6833333333333333,0.9562658858520702,0.25,1.0,1.0,1.0,0.25,real,3,0.8304020100502513,0.37763819095477386,0.9967336683417085,0.49836683417085426,0.8290458258629833,0.6032806621044923
F000847,0.0,0.37763819095477386,0.2833333333333333,0.338296385503074,0.25,1.0,1.0,1.0,0.25,real,3,0.8304020100502513,0.37763819095477386,0.33467336683417087,0.16733668341708544,0.5541577232898159,0.45340218681346434
F000848,0.0,0.37763819095477386,0.31666666666666665,0.21858128414340003,0.0,1.0,1.0,1.0,0.0,real,3,0.3701005025125628,0.37763819095477386,0.1527638190954774,0.0763819095477387,0.21331923436276862,0.3770624479179819
F000849,0.0,0.37763819095477386,0.46111111111111114,0.340478965467657,0.0,1.0,1.0,1.0,0.0,real,3,0.3701005025125628,0.37763819095477386,0.3374371859296482,0.1687185929648241,0.24749308729577535,0.3763664427665968
F000850,0.0,0.37763819095477386,0.2666666666666667,0.35276684147527876,0.0,1.0,1.0,1.0,0.0,real,3,0.3701005025125628,0.37763819095477386,0.3555276381909548,0.1777638190954774,0.25084073003206986,0.3762982626701346
F000851,0.0,0.37763819095477386,0.43333333333333335,0.6960204339273701,0.0,1.0,1.0,1.0,0.0,real,3,0.3701005025125628,0.37763819095477386,0.9010050251256282,0.4505025125628141,0.35178145753895107,0.37424244337264206
F000852,0.0,0.37763819095477386,0.39444444444444443,0.33388842669592717,0.0,1.0,1.0,1.0,0.0,real,3,0.3701005025125628,0.37763819095477386,0.31809045226130656,0.15904522613065328,0.2439129693694604,0.37643935759197994
F000853,0.0,0.37763819095477386,0.5666666666666667,0.41633319989322654,0.0,1.0,1.0,1.0,0.0,real,3,0.3701005025125628,0.37763819095477386,0.4628140703517588,0.2314070351758794,0.2706941112598167,0.3758939168202823
F000854,0.0,0.37763819095477386,0.21666666666666662,0.14529663145135582,0.25,1.0,1.0,1.0,0.25,real,3,0.8304020100502513,0.37763819095477386,0.06733668341708543,0.033668341708542715,0.4431592636549582,0.3928819979293452
F000855,0.0,0.37763819095477386,0.2944444444444444,0.2219442706159798,0.0,1.0,1.0,1.0,0.0,real,3,0.3701005025125628,0.37763819095477386,0.1620603015075377,0.08103015075376885,0.21503955076891998,0.3770274109239666
F000856,0.0,0.37763819095477386,0.39444444444444443,0.36565517048676294,0.0,1.0,1.0,1.0,0.0,real,3,0.3701005025125628,0.37763819095477386,0.36683417085427134,0.18341708542713567,0.252933006742254,0.3762556501098457
F000857,0.09750011120008895,0.835427135678392,0.7222222222222222,0.6938886664887111,0.5,1.0,1.0,1.0,0.5,real,3,0.9587939698492463,0.835427135678392,0.8987437185929649,0.44937185929648243,0.9102520138380343,0.8908647193252697
F000858,0.0,0.37763819095477386,0.6055555555555556,0.7120653320005385,0.25,1.0,1.0,1.0,0.25,real,3,0.8304020100502513,0.37763819095477386,0.9095477386934674,0.4547738693467337,0.7928461402489837,0.5835433448650287
F000859,0.0,0.37763819095477386,0.47777777777777775,0.40184758488944716,0.0,1.0,1.0,1.0,0.0,real,3,0.3701005025125628,0.37763819095477386,0.43793969849246234,0.21896984924623117,0.2660911024974117,0.37598766445291787
F000860,0.0,0.37763819095477386,0.5611111111111111,0.4220759980716129,0.25,1.0,1.0,1.0,0.25,real,3,0.8304020100502513,0.37763819095477386,0.4738693467336683,0.23693467336683416,0.6119520340395445,0.48491363854448116
F000861,0.0,0.37763819095477386,0.3222222222222222,0.48227854253801566,0.25,1.0,1.0,1.0,0.25,real,3,0.8304020100502513,0.37763819095477386,0.5839195979899497,0.2919597989949749,0.6576450089644201,0.5098270245700866
F000862,0.0,0.37763819095477386,0.39999999999999997,0.6110100926607787,0.5,1.0,1.0,1.0,0.5,real,3,0.9587939698492463,0.37763819095477386,0.792964824120603,0.3964824120603015,0.8595419307593242,0.6080562359536376
F000863,0.0,0.37763819095477386,0.2944444444444444,0.2219442706159798,0.25,1.0,1.0,1.0,0.25,real,3,0.8304020100502513,0.37763819095477386,0.1620603015075377,0.08103015075376885,0.48248860508573016,0.41432571147193253
F000864,0.0,0.37763819095477386,0.2666666666666666,0.23094010767585033,0.0,1.0,1.0,1.0,0.0,real,3,0.3701005025125628,0.37763819095477386,0.17185929648241205,0.08592964824120602,0.2168528572510795,0.37699048003838287
F000865,0.0,0.37763819095477386,0.5,0.19999999999999996,0.0,1.0,1.0,1.0,0.0,real,3,0.3701005025125628,0.37763819095477386,0.11608040201005025,0.058040201005025126,0.20653095881417138,0.37720070200247463
F000866,0.16746440855249428,0.8844221105527639,0.6222222222222222,0.15396007178390017,0.0,1.0,1.0,1.0,0.0,real,3,0.3701005025125628,0.8844221105527639,0.0814070351758794,0.0407035175879397,0.20011464356960681,0.8634874119340422
F000867,0.04808538252326666,0.7899497487437186,0.6333333333333333,0.4371625682868,0.5,1.0,1.0,1.0,0.5,real,3,0.9587939698492463,0.7899497487437186,0.4994974874371859,0.24974874371859296,0.7188545743794349,0.8321183808489685
F000868,0.0,0.37763819095477386,0.37222222222222223,0.22194427061597977,0.0,1.0,1.0,1.0,0.0,real,3,0.3701005025125628,0.37763819095477386,0.157286432160804,0.078643216080402,0.21415614504684227,0.3770454028938663
F000869,0.0,0.37763819095477386,0.4111111111111111,0.2523959264800122,0.5,1.0,1.0,1.0,0.5,real,3,0.9587939698492463,0.37763819095477386,0.19949748743718593,0.09974874371859296,0.575035478902048,0.43560774980429784
F000870,0.12836946471792537,0.8582914572864322,0.6944444444444444,0.5210388483419269,0.5,1.0,1.0,1.0,0.5,real,3,0.9587939698492463,0.8582914572864322,0.6489949748743719,0.3244974874371859,0.7905232191106286,0.8909042700941896
F000871,0.0,0.37763819095477386,0.2944444444444444,0.2219442706159798,0.0,1.0,1.0,1.0,0.0,real,3,0.3701005025125628,0.37763819095477386,0.1620603015075377,0.08103015075376885,0.21503955076891998,0.3770274109239666
F000872,0.0,0.37763819095477386,0.3222222222222222,0.3150543750835072,0.0,1.0,1.0,1.0,0.0,real,3,0.3701005025125628,0.37763819095477386,0.2879396984924623,0.14396984924623116,0.23833356480896947,0.3765529910860837
F000873,0.0,0.37763819095477386,0.43333333333333335,0.41633319989322654,0.0,1.0,1.0,1.0,0.0,real,3,0.3701005025125628,0.37763819095477386,0.4628140703517588,0.2314070351758794,0.2706941112598167,0.3758939168202823
F000874,0.09750011120008895,0.835427135678392,0.7222222222222222,0.6938886664887111,0.0,1.0,1.0,1.0,0.0,real,3,0.3701005025125628,0.835427135678392,0.8987437185929649,0.44937185929648243,0.35136300219691424,0.6263224413524912
F000875,0.0,0.37763819095477386,0.6611111111111111,0.8002314480013707,0.0,1.0,1.0,1.0,0.0,real,3,0.3701005025125628,0.37763819095477386,0.9655778894472362,0.4827889447236181,0.36373068230600236,0.37399907830610335
F000876,0.05779279347834729,0.8007537688442211,0.6111111111111112,0.3288588574877499,0.0,1.0,1.0,1.0,0.0,real,3,0.3701005025125628,0.8007537688442211,0.31055276381909547,0.15527638190954773,0.24251811822933764,0.7338834877907124
F000877,0.0,0.37763819095477386,0.2222222222222222,0.27755546659548436,0.0,1.0,1.0,1.0,0.0,real,3,0.3701005025125628,0.37763819095477386,0.22889447236180904,0.11444723618090452,0.22740723087800815,0.37677552334537007
F000878,0.0,0.37763819095477386,0.32777777777777783,0.46228097917143823,0.0,1.0,1.0,1.0,0.0,real,3,0.3701005025125628,0.37763819095477386,0.5409547738693468,0.2704773869346734,0.28515406807908894,0.3755994166813969
F000879,0.0,0.37763819095477386,0.4444444444444444,0.4073400617738524,0.0,1.0,1.0,1.0,0.0,real,3,0.3701005025125628,0.37763819095477386,0.44698492462311556,0.22349246231155778,0.26776492386555895,0.3759535744046868
F000880,0.0,0.37763819095477386,0.3666666666666667,0.30550504633038933,0.0,1.0,1.0,1.0,0.0,real,3,0.3701005025125628,0.37763819095477386,0.27261306532663315,0.13630653266331658,0.23549736749071995,0.3766107547789197
F000881,0.0,0.37763819095477386,0.37777777777777777,0.5047918529600243,0.25,1.0,1.0,1.0,0.25,real,3,0.8304020100502513,0.37763819095477386,0.6180904522613065,0.30904522613065327,0.6718327820004546,0.5175626878109139
F000882,0.0,0.37763819095477386,0.6555555555555556,0.9197423149588835,0.0,1.0,1.0,1.0,0.0,real,3,0.3701005025125628,0.37763819095477386,0.9922110552763819,0.49610552763819094,0.368659156334436,0.3738987020529785
F000883,0.35119661282874143,0.9608040201005025,0.7333333333333333,0.23094010767585038,0.0,1.0,1.0,1.0,0.0,real,3,0.3701005025125628,0.9608040201005025,0.1748743718592965,0.08743718592964825,0.2174107977071286,0.9091545668038685
F000884,0.0,0.37763819095477386,0.32777777777777783,0.5965952781626134,0.25,1.0,1.0,1.0,0.25,real,3,0.8304020100502513,0.37763819095477386,0.7630653266331658,0.3815326633165829,0.7320264955430419,0.5503823767076589
F000885,0.13602943530918812,0.8638190954773869,0.638888888888889,0.28349668493717944,0.0,1.0,1.0,1.0,0.0,real,3,0.3701005025125628,0.8638190954773869,0.24547738693467336,0.12273869346733668,0.23047590338627813,0.8032207204363526
F000886,0.03797138116715732,0.7814070351758794,0.5444444444444444,0.10183501544346309,0.25,1.0,1.0,1.0,0.25,real,3,0.8304020100502513,0.7814070351758794,0.03391959798994975,0.016959798994974875,0.429284456200601,0.7822379801015126
F000887,0.0,0.37763819095477386,0.14444444444444438,0.03849001794597504,0.0,1.0,1.0,1.0,0.0,real,3,0.3701005025125628,0.37763819095477386,0.005527638190954774,0.002763819095477387,0.1860731420923714,0.3776173581475215
F000888,0.3,0.9442211055276382,0.7666666666666666,0.4666666666666667,0.0,1.0,1.0,1.0,0.0,real,3,0.3701005025125628,0.9442211055276382,0.5469849246231155,0.27349246231155777,0.2862699489911871,0.7872034481452489
F000889,0.0,0.37763819095477386,0.3611111111111111,0.6768664182452458,0.25,1.0,1.0,1.0,0.25,real,3,0.8304020100502513,0.37763819095477386,0.8766331658291457,0.43831658291457287,0.7791799765157446,0.5760920810080553
F000890,0.0,0.37763819095477386,0.5166666666666666,0.37564758898615475,0.0,1.0,1.0,1.0,0.0,real,3,0.3701005025125628,0.37763819095477386,0.39396984924623113,0.19698492462311556,0.2579544708466958,0.37615337996515236
F000891,0.0,0.37763819095477386,0.20555555555555555,0.371682859637283,0.25,1.0,1.0,1.0,0.25,real,3,0.8304020100502513,0.37763819095477386,0.39195979899497485,0.19597989949748743,0.5779431074972854,0.4663707987172041
F000892,0.0,0.37763819095477386,0.6666666666666666,0.8326663997864531,0.0,1.0,1.0,1.0,0.0,real,3,0.3701005025125628,0.37763819095477386,0.9753768844221106,0.4876884422110553,0.3655439887881619,0.3739621474205197
F000893,0.0,0.37763819095477386,0.32777777777777783,0.46228097917143823,0.0,1.0,1.0,1.0,0.0,real,3,0.3701005025125628,0.37763819095477386,0.5409547738693468,0.2704773869346734,0.28515406807908894,0.3755994166813969
F000894,0.0,0.37763819095477386,0.4222222222222222,0.5551109331909686,0.25,1.0,1.0,1.0,0.25,real,3,0.8304020100502513,0.37763819095477386,0.6891959798994974,0.3445979899497487,0.7013558685386733,0.5336596929370471
F000895,0.0,0.37763819095477386,0.21111111111111108,0.2143033502442879,0.0,1.0,1.0,1.0,0.0,real,3,0.3701005025125628,0.37763819095477386,0.14798994974874372,0.07399497487437186,0.2124358286406909,0.3770804398878816
F000896,0.0,0.37763819095477386,0.2666666666666667,0.1333333333333333,0.0,1.0,1.0,1.0,0.0,real,3,0.3701005025125628,0.37763819095477386,0.04773869346733668,0.02386934673366834,0.19388430847705868,0.37745827125577636
F000897,0.0,0.37763819095477386,0.4111111111111111,0.2523959264800122,0.0,1.0,1.0,1.0,0.0,real,3,0.3701005025125628,0.37763819095477386,0.19949748743718593,0.09974874371859296,0.22196731143152953,0.37688631600212114
F000898,0.0,0.37763819095477386,0.39999999999999997,0.46188021535170054,0.25,1.0,1.0,1.0,0.25,real,3,0.8304020100502513,0.37763819095477386,0.5331658291457286,0.2665829145728643,0.6365719931314866,0.4983372894623873
F000899,0.0,0.37763819095477386,0.2944444444444444,0.2219442706159798,0.0,1.0,1.0,1.0,0.0,real,3,0.3701005025125628,0.37763819095477386,0.1620603015075377,0.08103015075376885,0.21503955076891998,0.3770274109239666
F000900,0.0,0.37763819095477386,0.6277777777777778,0.6466437567533984,0.0,1.0,1.0,1.0,0.0,real,3,0.3701005025125628,0.37763819095477386,0.8457286432160804,0.4228643216080402,0.34155254917805106,0.37445077144516553
F000901,0.0,0.37763819095477386,0.3388888888888889,0.760360538263361,0.0,1.0,1.0,1.0,0.0,real,3,0.3701005025125628,0.37763819095477386,0.9422110552763819,0.47110552763819097,0.35940664377162196,0.37408714426403367
F000902,0.0934615859097789,0.8324120603015075,0.6333333333333333,0.3464101615137755,0.0,1.0,1.0,1.0,0.0,real,3,0.3701005025125628,0.8324120603015075,0.34396984924623114,0.17198492462311557,0.24870195828388172,0.7529014418827806
F000903,0.0,0.37763819095477386,0.2222222222222222,0.20367003088692623,0.0,1.0,1.0,1.0,0.0,real,3,0.3701005025125628,0.37763819095477386,0.12964824120603016,0.06482412060301508,0.2090416908663923,0.377149566930128
F000904,0.1609477595072651,0.8811557788944724,0.7222222222222222,0.5669933698743588,0.25,1.0,1.0,1.0,0.25,real,3,0.8304020100502513,0.8811557788944724,0.7228643216080402,0.3614321608040201,0.7153349978535896,0.8628117345521578
F000905,0.0,0.37763819095477386,0.6777777777777778,0.8441519961432257,0.25,1.0,1.0,1.0,0.25,real,3,0.8304020100502513,0.37763819095477386,0.978140703517588,0.489070351758794,0.8213260081816116,0.5990715512234539
F000906,0.0,0.37763819095477386,0.23888888888888887,0.06938886664887108,0.0,1.0,1.0,1.0,0.0,real,3,0.3701005025125628,0.37763819095477386,0.016331658291457288,0.008165829145728644,0.1880724287265473,0.37757663947880105
F000907,0.0,0.37763819095477386,0.3888888888888889,0.8388704928078611,0.0,1.0,1.0,1.0,0.0,real,3,0.3701005025125628,0.37763819095477386,0.9773869346733668,0.4886934673366834,0.36591594909219466,0.3739545718542461
F000908,0.0,0.37763819095477386,0.17777777777777776,0.6158402871356008,0.0,1.0,1.0,1.0,0.0,real,3,0.3701005025125628,0.37763819095477386,0.8035175879396985,0.40175879396984926,0.3337413827933638,0.3746098583369107
F000909,0.31380721308696585,0.9510050251256281,0.7277777777777777,0.2834966849371794,0.0,1.0,1.0,1.0,0.0,real,3,0.3701005025125628,0.9510050251256281,0.23969849246231156,0.11984924623115578,0.22940651751218405,0.8813840559581828
F000910,0.0,0.37763819095477386,0.5666666666666667,0.2905932629027115,0.25,1.0,1.0,1.0,0.25,real,3,0.8304020100502513,0.37763819095477386,0.2507537688442211,0.12537688442211056,0.5193142218630843,0.4344043079720209
F000911,0.0,0.37763819095477386,0.25555555555555554,0.16777409856157224,0.0,1.0,1.0,1.0,0.0,real,3,0.3701005025125628,0.37763819095477386,0.10326633165829145,0.051633165829145726,0.2041597118759627,0.37724899623746877
F000912,0.040774413557518235,0.7829145728643216,0.6222222222222222,0.40734006177385246,0.0,1.0,1.0,1.0,0.0,real,3,0.3701005025125628,0.7829145728643216,0.45,0.225,0.268322864321608,0.690031407035176
F000913,0.0,0.37763819095477386,0.4444444444444444,0.3849001794597505,0.0,1.0,1.0,1.0,0.0,real,3,0.3701005025125628,0.37763819095477386,0.4030150753768844,0.2015075376884422,0.25962829221484307,0.37611928991692134
F000914,0.0,0.37763819095477386,0.3388888888888889,0.8002314480013707,0.5,1.0,1.0,1.0,0.5,real,3,0.9587939698492463,0.37763819095477386,0.9655778894472362,0.4827889447236181,0.9422921138355093,0.6582137761672685
F000915,0.31380721308696585,0.9510050251256281,0.7277777777777777,0.2834966849371794,0.5,1.0,1.0,1.0,0.5,real,3,0.9587939698492463,0.9510050251256281,0.23969849246231156,0.11984924623115578,0.5943077195020328,0.9519385242796898
F000916,0.0,0.37763819095477386,0.28888888888888886,0.7812620369443086,0.25,1.0,1.0,1.0,0.25,real,3,0.8304020100502513,0.37763819095477386,0.9540201005025125,0.47701005025125626,0.8113111095679402,0.5936110830534582
F000917,0.0,0.37763819095477386,0.6277777777777778,0.6362505912097959,0.0,1.0,1.0,1.0,0.0,real,3,0.3701005025125628,0.37763819095477386,0.8341708542713567,0.41708542713567837,0.33941377742986284,0.37449433095123863
F000918,0.0,0.37763819095477386,0.3666666666666667,0.24037008503093263,0.25,1.0,1.0,1.0,0.25,real,3,0.8304020100502513,0.37763819095477386,0.18341708542713567,0.09170854271356783,0.4913559632332517,0.41916050099744956
F000919,0.0,0.37763819095477386,0.3388888888888889,0.760360538263361,0.0,1.0,1.0,1.0,0.0,real,3,0.3701005025125628,0.37763819095477386,0.9422110552763819,0.47110552763819097,0.35940664377162196,0.37408714426403367
F000920,0.0,0.37763819095477386,0.3111111111111111,0.6710963942462889,0.25,1.0,1.0,1.0,0.25,real,3,0.8304020100502513,0.37763819095477386,0.8680904522613065,0.43404522613065327,0.775633033256736,0.5741581651978485
F000921,0.0,0.37763819095477386,0.35,0.5607534613753574,0.25,1.0,1.0,1.0,0.25,real,3,0.8304020100502513,0.37763819095477386,0.7165829145728643,0.35829145728643214,0.7127269513396127,0.539859599505063
F000922,0.0,0.37763819095477386,0.3055555555555556,0.16442942874387495,0.5,1.0,1.0,1.0,0.5,real,3,0.9587939698492463,0.37763819095477386,0.09321608040201006,0.04660804020100503,0.524084492815838,0.40472472286053385
F000923,0.0,0.37763819095477386,0.45555555555555555,0.654330305081576,0.25,1.0,1.0,1.0,0.25,real,3,0.8304020100502513,0.37763819095477386,0.8540201005025125,0.42701005025125627,0.7697910090654276,0.5709728920986843
F000924,0.0,0.37763819095477386,0.20555555555555555,0.371682859637283,0.0,1.0,1.0,1.0,0.0,real,3,0.3701005025125628,0.37763819095477386,0.39195979899497485,0.19597989949748743,0.25758251054266307,0.3761609555314259
F000925,0.05811827062314601,0.8027638190954773,0.6277777777777778,0.39487456986481906,0.0,1.0,1.0,1.0,0.0,real,3,0.3701005025125628,0.8027638190954773,0.4258793969849246,0.2129396984924623,0.2638593406732153,0.7106326229135627
F000926,0.0,0.37763819095477386,0.4888888888888889,0.33554819712314443,0.0,1.0,1.0,1.0,0.0,real,3,0.3701005025125628,0.37763819095477386,0.32487437185929646,0.16243718592964823,0.24516833539557084,0.37641379005580666
F000927,0.21093755647727047,0.9085427135678392,0.7388888888888889,0.5336804426010147,0.0,1.0,1.0,1.0,0.0,real,3,0.3701005025125628,0.9085427135678392,0.6592964824120603,0.32964824120603015,0.3070532309790157,0.7310461857023811
F000928,0.0,0.37763819095477386,0.5888888888888889,0.6809579309353139,0.0,1.0,1.0,1.0,0.0,real,3,0.3701005025125628,0.37763819095477386,0.8793969849246231,0.4396984924623116,0.3477828842705992,0.3743238807100831
F000929,0.0,0.37763819095477386,0.4111111111111111,0.16777409856157222,0.0,1.0,1.0,1.0,0.0,real,3,0.3701005025125628,0.37763819095477386,0.10050251256281408,0.05025125628140704,0.20364826645791773,0.3772594126410949
F000930,0.0,0.37763819095477386,0.32777777777777783,0.46228097917143823,0.0,1.0,1.0,1.0,0.0,real,3,0.3701005025125628,0.37763819095477386,0.5409547738693468,0.2704773869346734,0.28515406807908894,0.3755994166813969
F000931,0.02782828700294393,0.7753768844221105,0.6666666666666666,0.6110100926607788,0.0,1.0,1.0,1.0,0.0,real,3,0.3701005025125628,0.7753768844221105,0.7949748743718593,0.39748743718592966,0.3321605515012247,0.6142846140248983
F000932,0.34077636645642,0.957286432160804,0.6944444444444444,0.09622504486493767,0.25,1.0,1.0,1.0,0.25,real,3,0.8304020100502513,0.957286432160804,0.032160804020100506,0.016080402010050253,0.42855420317668746,0.9552460796444535
F000933,0.0,0.37763819095477386,0.6666666666666666,0.9333333333333333,0.25,1.0,1.0,1.0,0.25,real,3,0.8304020100502513,0.37763819095477386,0.9954773869346734,0.4977386934673367,0.8285242165601879,0.6029962627206383
F000934,0.12156975434186687,0.8552763819095477,0.6555555555555556,0.3790827135384885,0.0,1.0,1.0,1.0,0.0,real,3,0.3701005025125628,0.8552763819095477,0.3977386934673367,0.19886934673366835,0.2586518964167572,0.7587897717229362
F000935,0.0,0.37763819095477386,0.5666666666666667,0.6565905201197403,0.0,1.0,1.0,1.0,0.0,real,3,0.3701005025125628,0.37763819095477386,0.8547738693467337,0.42738693467336686,0.34322637054619837,0.3744166813969344
F000936,0.0,0.37763819095477386,0.39999999999999997,0.5333333333333333,0.0,1.0,1.0,1.0,0.0,real,3,0.3701005025125628,0.37763819095477386,0.65678391959799,0.328391959798995,0.3065882805989748,0.3751628746748819
F000937,0.0,0.37763819095477386,0.35,0.5238744548500571,0.25,1.0,1.0,1.0,0.25,real,3,0.8304020100502513,0.37763819095477386,0.6525125628140703,0.32625628140703516,0.686124876897048,0.5253552309285119
F000938,0.0,0.37763819095477386,0.25,0.35118845842842467,0.0,1.0,1.0,1.0,0.0,real,3,0.3701005025125628,0.37763819095477386,0.350251256281407,0.1751256281407035,0.249864334233984,0.3763181485316027
F000939,0.0,0.37763819095477386,0.17777777777777776,0.33554819712314443,0.0,1.0,1.0,1.0,0.0,real,3,0.3701005025125628,0.37763819095477386,0.32487437185929646,0.16243718592964823,0.24516833539557084,0.37641379005580666
F000940,0.0,0.37763819095477386,0.5555555555555556,0.40734006177385246,0.0,1.0,1.0,1.0,0.0,real,3,0.3701005025125628,0.37763819095477386,0.45,0.225,0.268322864321608,0.37594221105527637
F000941,0.0,0.37763819095477386,0.14444444444444443,0.1387777332977422,0.0,1.0,1.0,1.0,0.0,real,3,0.3701005025125628,0.37763819095477386,0.062311557788944726,0.031155778894472363,0.19658102068129596,0.3774033484002929
F000942,0.0,0.37763819095477386,0.24444444444444446,0.15396007178390017,0.0,1.0,1.0,1.0,0.0,real,3,0.3701005025125628,0.37763819095477386,0.0814070351758794,0.0407035175879397,0.20011464356960681,0.3773313805206939
F000943,0.0,0.37763819095477386,0.2944444444444444,0.2219442706159798,0.0,1.0,1.0,1.0,0.0,real,3,0.3701005025125628,0.37763819095477386,0.1620603015075377,0.08103015075376885,0.21503955076891998,0.3770274109239666
F000944,0.0,0.37763819095477386,0.2222222222222222,0.20367003088692623,0.0,1.0,1.0,1.0,0.0,real,3,0.3701005025125628,0.37763819095477386,0.12964824120603016,0.06482412060301508,0.2090416908663923,0.377149566930128
F000945,0.1286602460370874,0.8590452261306533,0.6777777777777778,0.45379061903693635,0.25,1.0,1.0,1.0,0.25,real,3,0.8304020100502513,0.8590452261306533,0.5273869346733668,0.2636934673366834,0.6341725903386278,0.8514921971667382
F000946,0.0,0.37763819095477386,0.5611111111111111,0.7426179916225311,0.0,1.0,1.0,1.0,0.0,real,3,0.3701005025125628,0.37763819095477386,0.9258793969849246,0.4629396984924623,0.356384466301356,0.37414869574000653
F000947,0.0,0.37763819095477386,0.29999999999999993,0.37118429085533483,0.0,1.0,1.0,1.0,0.0,real,3,0.3701005025125628,0.37763819095477386,0.38517587939698494,0.19258793969849247,0.2563271445165526,0.3761865230675993
F000948,0.0015954837716553316,0.757286432160804,0.5777777777777777,0.3079201435678004,0.0,1.0,1.0,1.0,0.0,real,3,0.3701005025125628,0.757286432160804,0.28065326633165827,0.14032663316582913,0.23698520870685086,0.7029539342440847
F000949,0.42129842977749865,0.978140703517588,0.8111111111111111,0.4018475848894472,0.0,1.0,1.0,1.0,0.0,real,3,0.3701005025125628,0.978140703517588,0.4399497487437186,0.2199748743718593,0.2664630628014444,0.8443871366884675
F000950,0.21965695838264282,0.9148241206030151,0.7277777777777777,0.47179719434582545,0.0,1.0,1.0,1.0,0.0,real,3,0.3701005025125628,0.9148241206030151,0.5665829145728644,0.2832914572864322,0.2898965619555062,0.7605085730158329
F000951,0.0,0.37763819095477386,0.21666666666666662,0.14529663145135582,0.0,1.0,1.0,1.0,0.0,real,3,0.3701005025125628,0.37763819095477386,0.06733668341708543,0.033668341708542715,0.19751092144137775,0.37738440948460894
F000952,0.0,0.37763819095477386,0.45,0.05773502691896256,0.0,1.0,1.0,1.0,0.0,real,3,0.3701005025125628,0.37763819095477386,0.009045226130653266,0.004522613065326633,0.1867240726244287,0.37760410090654273
F000953,0.0,0.37763819095477386,0.31666666666666665,0.4358898943540674,0.0,1.0,1.0,1.0,0.0,real,3,0.3701005025125628,0.37763819095477386,0.4984924623115578,0.2492462311557789,0.2772964066563976,0.3757594505189263
F000954,0.0,0.37763819095477386,0.4888888888888889,0.33554819712314443,0.0,1.0,1.0,1.0,0.0,real,3,0.3701005025125628,0.37763819095477386,0.32487437185929646,0.16243718592964823,0.24516833539557084,0.37641379005580666
F000955,0.28869056047795894,0.9414572864321608,0.7611111111111111,0.4670633234885267,0.0,1.0,1.0,1.0,0.0,real,3,0.3701005025125628,0.9414572864321608,0.549497487437186,0.274748743718593,0.286734899371228,0.7844777278351557
F000956,0.0,0.37763819095477386,0.42777777777777776,0.6185406959874125,0.0,1.0,1.0,1.0,0.0,real,3,0.3701005025125628,0.37763819095477386,0.8092964824120603,0.40464824120603016,0.3348107686674579,0.3745880785838741
F000957,0.0,0.37763819095477386,0.21111111111111108,0.5178302310102686,0.25,1.0,1.0,1.0,0.25,real,3,0.8304020100502513,0.37763819095477386,0.6396984924623116,0.3198492462311558,0.6808044620085351,0.5224543572132017
F000958,0.0,0.37763819095477386,0.25555555555555554,0.16777409856157224,0.0,1.0,1.0,1.0,0.0,real,3,0.3701005025125628,0.37763819095477386,0.10326633165829145,0.051633165829145726,0.2041597118759627,0.37724899623746877
F000959,0.0,0.37763819095477386,0.3666666666666667,0.24037008503093263,0.0,1.0,1.0,1.0,0.0,real,3,0.3701005025125628,0.37763819095477386,0.18341708542713567,0.09170854271356783,0.21899162899926772,0.37694692053230977
F000960,0.0,0.37763819095477386,0.39444444444444443,0.33388842669592717,0.0,1.0,1.0,1.0,0.0,real,3,0.3701005025125628,0.37763819095477386,0.31809045226130656,0.15904522613065328,0.2439129693694604,0.37643935759197994
F000961,0.0,0.37763819095477386,0.26111111111111107,0.26736020923368814,0.0,1.0,1.0,1.0,0.0,real,3,0.3701005025125628,0.37763819095477386,0.21381909547738692,0.10690954773869346,0.22461752859776268,0.37683234009242195
F000962,0.040774413557518235,0.7829145728643216,0.6222222222222222,0.40734006177385246,0.0,1.0,1.0,1.0,0.0,real,3,0.3701005025125628,0.7829145728643216,0.45,0.225,0.268322864321608,0.690031407035176
F000963,0.0,0.37763819095477386,0.3888888888888889,0.7726817178094982,0.0,1.0,1.0,1.0,0.0,real,3,0.3701005025125628,0.37763819095477386,0.950502512562814,0.475251256281407,0.360940980025757,0.3740558950531552
F000964,0.2194088338597761,0.9128140703517588,0.7722222222222221,0.6500712211693366,0.0,1.0,1.0,1.0,0.0,real,3,0.3701005025125628,0.9128140703517588,0.8517587939698492,0.4258793969849246,0.34266843009014925,0.681683543344865
F000965,0.0,0.37763819095477386,0.26111111111111107,0.5620728831085219,0.0,1.0,1.0,1.0,0.0,real,3,0.3701005025125628,0.37763819095477386,0.7206030150753768,0.3603015075376884,0.31839802025201386,0.3749223504456958
F000966,0.0,0.37763819095477386,0.6222222222222222,0.5047918529600244,0.0,1.0,1.0,1.0,0.0,real,3,0.3701005025125628,0.37763819095477386,0.6241206030150753,0.31206030150753766,0.30054392565844296,0.37528597762682764
F000967,0.0,0.37763819095477386,0.31666666666666665,0.17320508075688776,0.0,1.0,1.0,1.0,0.0,real,3,0.3701005025125628,0.37763819095477386,0.10603015075376884,0.05301507537688442,0.20467115729400773,0.37723857983384257
F000968,0.0,0.37763819095477386,0.4777777777777778,0.619438216211838,0.5,1.0,1.0,1.0,0.5,real,3,0.9587939698492463,0.37763819095477386,0.8115577889447236,0.4057788944723618,0.8684553420368173,0.6134589404307972
F000969,0.12156975434186687,0.8552763819095477,0.6555555555555556,0.3790827135384885,0.5,1.0,1.0,1.0,0.5,real,3,0.9587939698492463,0.8552763819095477,0.3977386934673367,0.19886934673366835,0.6700717153607233,0.8758628569985605
F000970,0.0,0.37763819095477386,0.4222222222222222,0.6301087501670144,0.0,1.0,1.0,1.0,0.0,real,3,0.3701005025125628,0.37763819095477386,0.8190954773869347,0.40954773869346733,0.33662407514961745,0.37455114769829045
F000971,0.0,0.37763819095477386,0.6166666666666667,0.5840471822645077,0.0,1.0,1.0,1.0,0.0,real,3,0.3701005025125628,0.37763819095477386,0.7474874371859297,0.37374371859296485,0.3233729893184516,0.3748210272467867
F000972,0.0,0.37763819095477386,0.4888888888888889,0.40734006177385246,0.0,1.0,1.0,1.0,0.0,real,3,0.3701005025125628,0.37763819095477386,0.45,0.225,0.268322864321608,0.37594221105527637
F000973,0.0,0.37763819095477386,0.33333333333333337,0.4,0.25,1.0,1.0,1.0,0.25,real,3,0.8304020100502513,0.37763819095477386,0.43241206030150753,0.21620603015075376,0.5947389270472968,0.47552845887730105
F000974,0.3066741745169514,0.9489949748743719,0.6944444444444444,0.16442942874387492,0.0,1.0,1.0,1.0,0.0,real,3,0.3701005025125628,0.9489949748743719,0.08819095477386935,0.04409547738693467,0.20137000959571727,0.9234683467589203
F000975,0.0,0.37763819095477386,0.55,0.5567764362830022,0.0,1.0,1.0,1.0,0.0,real,3,0.3701005025125628,0.37763819095477386,0.7047738693467337,0.35238693467336685,0.3154688328577561,0.3749820080301003
F000976,0.10515940274608065,0.8399497487437186,0.611111111111111,0.23412563895228305,0.0,1.0,1.0,1.0,0.0,real,3,0.3701005025125628,0.8399497487437186,0.17663316582914573,0.08831658291457287,0.21773626297315726,0.7984542688315951
F000977,0.0,0.37763819095477386,0.3666666666666667,0.6359594676112971,0.0,1.0,1.0,1.0,0.0,real,3,0.3701005025125628,0.37763819095477386,0.8271356783919598,0.4135678391959799,0.33811191636574833,0.37452084543319614
F000978,0.0,0.37763819095477386,0.23333333333333334,0.5033222956847166,0.5,1.0,1.0,1.0,0.5,real,3,0.9587939698492463,0.37763819095477386,0.6110552763819096,0.3055276381909548,0.772335042044393,0.5551973435014267
F000979,0.0,0.37763819095477386,0.3388888888888889,0.5965952781626133,0.0,1.0,1.0,1.0,0.0,real,3,0.3701005025125628,0.37763819095477386,0.7608040201005025,0.38040201005025126,0.3258372263326684,0.37477083912022424
F000980,0.07600565276868615,0.8123115577889447,0.6777777777777778,0.5590998055737388,0.0,1.0,1.0,1.0,0.0,real,3,0.3701005025125628,0.8123115577889447,0.7085427135678392,0.3542713567839196,0.3161662584278175,0.6556488472513321
F000981,0.0,0.37763819095477386,0.6444444444444444,0.8146801235477049,0.25,1.0,1.0,1.0,0.25,real,3,0.8304020100502513,0.37763819095477386,0.971356783919598,0.485678391959799,0.8185093179465165,0.5975357945506427
F000982,0.0,0.37763819095477386,0.3611111111111111,0.09622504486493767,0.25,1.0,1.0,1.0,0.25,real,3,0.8304020100502513,0.37763819095477386,0.032160804020100506,0.016080402010050253,0.42855420317668746,0.3849188151814348
F000983,0.0,0.37763819095477386,0.29999999999999993,0.7688375063113864,0.0,1.0,1.0,1.0,0.0,real,3,0.3701005025125628,0.37763819095477386,0.9459798994974874,0.4729899497487437,0.3601040693416833,0.37407294007727077
F000984,0.012348229783361087,0.7645728643216081,0.6555555555555556,0.5975257626555001,0.0,1.0,1.0,1.0,0.0,real,3,0.3701005025125628,0.7645728643216081,0.7655778894472361,0.3827889447236181,0.3267206320547461,0.6135732052220904
F000985,0.6918661021381237,0.9977386934673367,0.8555555555555556,0.03849001794597504,0.0,1.0,1.0,1.0,0.0,real,3,0.3701005025125628,0.9977386934673367,0.005527638190954774,0.002763819095477387,0.1860731420923714,0.9960040150501249
F000986,0.0,0.37763819095477386,0.39999999999999997,0.46188021535170054,0.0,1.0,1.0,1.0,0.0,real,3,0.3701005025125628,0.37763819095477386,0.5331658291457286,0.2665829145728643,0.2837127219009621,0.37562877200070705
F000987,0.0,0.37763819095477386,0.4388888888888889,0.25891511550513435,0.25,1.0,1.0,1.0,0.25,real,3,0.8304020100502513,0.37763819095477386,0.20326633165829144,0.10163316582914572,0.4995973902174188,0.4236540112623418
F000988,0.0,0.37763819095477386,0.34444444444444444,0.30061665018819295,0.0,1.0,1.0,1.0,0.0,real,3,0.3701005025125628,0.37763819095477386,0.26959798994974876,0.13479899497487438,0.23493942703467083,0.3766221181283301
F000989,0.0,0.37763819095477386,0.25555555555555554,0.5003702332976756,0.0,1.0,1.0,1.0,0.0,real,3,0.3701005025125628,0.37763819095477386,0.6082914572864322,0.3041457286432161,0.2976147382641853,0.37534563521123204
F000990,0.0,0.37763819095477386,0.65,0.6887992773257274,0.0,1.0,1.0,1.0,0.0,real,3,0.3701005025125628,0.37763819095477386,0.8919597989949749,0.44597989949748745,0.3501076361708038,0.3742765334208732
F000991,0.0,0.37763819095477386,0.35,0.40960685758148363,0.0,1.0,1.0,1.0,0.0,real,3,0.3701005025125628,0.37763819095477386,0.4552763819095477,0.22763819095477386,0.26929926011969396,0.3759223251938082
F000992,0.03159120375006785,0.7806532663316583,0.7111111111111111,0.7812620369443087,0.0,1.0,1.0,1.0,0.0,real,3,0.3701005025125628,0.7806532663316583,0.9555276381909548,0.4777638190954774,0.36187088078583873,0.5845060099492437
F000993,0.0461468053631377,0.7889447236180904,0.6722222222222222,0.5965952781626134,0.0,1.0,1.0,1.0,0.0,real,3,0.3701005025125628,0.7889447236180904,0.7630653266331658,0.3815326633165829,0.3262556816747052,0.6291419724249387
F000994,0.0,0.37763819095477386,0.45555555555555555,0.654330305081576,0.0,1.0,1.0,1.0,0.0,real,3,0.3701005025125628,0.37763819095477386,0.8540201005025125,0.42701005025125627,0.3430868854321861,0.374419522234287
F000995,0.0,0.37763819095477386,0.3666666666666667,0.4055175020198814,0.0,1.0,1.0,1.0,0.0,real,3,0.3701005025125628,0.37763819095477386,0.44597989949748745,0.22298994974874373,0.2675789437135426,0.3759573621878235
F000996,0.10158341117339567,0.8381909547738694,0.6722222222222223,0.48572206654209765,0.0,1.0,1.0,1.0,0.0,real,3,0.3701005025125628,0.8381909547738694,0.5919597989949749,0.29597989949748743,0.2945925607939193,0.6996455897578344
F000997,0.0,0.37763819095477386,0.23333333333333334,0.5033222956847166,0.0,1.0,1.0,1.0,0.0,real,3,0.3701005025125628,0.37763819095477386,0.6110552763819096,0.3055276381909548,0.29812618368223026,0.3753352188076058
F000998,0.0,0.37763819095477386,0.3111111111111111,0.3355481971231445,0.25,1.0,1.0,1.0,0.25,real,3,0.8304020100502513,0.37763819095477386,0.3309045226130653,0.16545226130653265,0.5525928953814297,0.45254898866190246
F000999,0.0,0.37763819095477386,0.30000000000000004,0.34641016151377546,0.0,1.0,1.0,1.0,0.0,real,3,0.3701005025125628,0.37763819095477386,0.34246231155778895,0.17123115577889447,0.2484229880558572,0.37634750385091287
F001000,0.0,0.37763819095477386,0.5277777777777778,0.47648403649759036,0.25,1.0,1.0,1.0,0.25,real,3,0.8304020100502513,0.37763819095477386,0.5726130653266331,0.28630653266331657,0.6529505252392616,0.5072674301154011
F001001,0.0,0.37763819095477386,0.4111111111111111,0.25239592648001213,0.0,1.0,1.0,1.0,0.0,real,3,0.3701005025125628,0.37763819095477386,0.1977386934673367,0.09886934673366835,0.22164184616550087,0.3768929446226106
F001002,0.0,0.37763819095477386,0.5888888888888889,0.582459663203607,0.0,1.0,1.0,1.0,0.0,real,3,0.3701005025125628,0.37763819095477386,0.7452261306532664,0.3726130653266332,0.32295453397641477,0.37482954975884447
F001003,0.04398254822208268,0.785929648241206,0.5722222222222222,0.20092379244472355,0.0,1.0,1.0,1.0,0.0,real,3,0.3701005025125628,0.785929648241206,0.11959798994974874,0.05979899497487437,0.20718188934622864,0.7610634832453725
F001004,0.0,0.37763819095477386,0.5444444444444445,0.6049181150584978,0.0,1.0,1.0,1.0,0.0,real,3,0.3701005025125628,0.37763819095477386,0.7876884422110553,0.39384422110552764,0.3308121953991061,0.37466951592131514
F001005,0.07854497463356824,0.8150753768844221,0.7000000000000001,0.6429100507328637,0.0,1.0,1.0,1.0,0.0,real,3,0.3701005025125628,0.8150753768844221,0.8394472361809046,0.4197236180904523,0.3403901732279488,0.6283089126537209
F001006,0.0,0.37763819095477386,0.24444444444444446,0.15396007178390017,0.0,1.0,1.0,1.0,0.0,real,3,0.3701005025125628,0.37763819095477386,0.0814070351758794,0.0407035175879397,0.20011464356960681,0.3773313805206939
F001007,0.22250017382846474,0.9168341708542713,0.7222222222222222,0.4438885412319595,0.0,1.0,1.0,1.0,0.0,real,3,0.3701005025125628,0.9168341708542713,0.5113065326633166,0.2556532663316583,0.2796676535946062,0.777059922729224
F001008,0.0,0.37763819095477386,0.16666666666666669,0.06666666666666671,0.25,1.0,1.0,1.0,0.25,real,3,0.8304020100502513,0.37763819095477386,0.01306532663316583,0.006532663316582915,0.4206257417741976,0.3805959445468549
F001009,0.015581246844306895,0.7658291457286432,0.7000000000000001,0.7688375063113864,0.5,1.0,1.0,1.0,0.5,real,3,0.9587939698492463,0.7658291457286432,0.9459798994974874,0.4729899497487437,0.9328968965430167,0.8570995681927225
F001010,0.0,0.37763819095477386,0.49444444444444446,0.5500841686438473,0.0,1.0,1.0,1.0,0.0,real,3,0.3701005025125628,0.37763819095477386,0.6864321608040201,0.34321608040201007,0.31207469508345753,0.37505113507234666
F001011,0.0,0.37763819095477386,0.6611111111111111,0.9142898478742537,0.25,1.0,1.0,1.0,0.25,real,3,0.8304020100502513,0.37763819095477386,0.9904522613065326,0.4952261306532663,0.8264377793490064,0.6018586651852226
F001012,0.0,0.37763819095477386,0.3555555555555555,0.5388602512436507,0.0,1.0,1.0,1.0,0.0,real,3,0.3701005025125628,0.37763819095477386,0.6683417085427136,0.3341708542713568,0.30872705234716297,0.3751193151688088
F001013,0.0,0.37763819095477386,0.6611111111111111,0.8002314480013707,0.0,1.0,1.0,1.0,0.0,real,3,0.3701005025125628,0.37763819095477386,0.9655778894472362,0.4827889447236181,0.36373068230600236,0.37399907830610335
F001014,0.0,0.37763819095477386,0.42777777777777776,0.5581052602166382,0.0,1.0,1.0,1.0,0.0,real,3,0.3701005025125628,0.37763819095477386,0.7062814070351758,0.3531407035175879,0.3157478030857807,0.374976326355395
F001015,0.45396403246129235,0.9816582914572864,0.8388888888888888,0.44762749063297075,0.0,1.0,1.0,1.0,0.0,real,3,0.3701005025125628,0.9816582914572864,0.5188442211055276,0.2594221105527638,0.28106250473472894,0.8230066791242645
F001016,0.0,0.37763819095477386,0.3222222222222222,0.3150543750835072,0.0,1.0,1.0,1.0,0.0,real,3,0.3701005025125628,0.37763819095477386,0.2879396984924623,0.14396984924623116,0.23833356480896947,0.3765529910860837
F001017,0.0,0.37763819095477386,0.34444444444444444,0.5590998055737388,0.0,1.0,1.0,1.0,0.0,real,3,0.3701005025125628,0.37763819095477386,0.7085427135678392,0.3542713567839196,0.3161662584278175,0.3749678038433373
F001018,0.0,0.37763819095477386,0.23888888888888887,0.6113130979323965,0.5,1.0,1.0,1.0,0.5,real,3,0.9587939698492463,0.37763819095477386,0.7979899497487437,0.39899497487437185,0.8619509608343224,0.6095164263528698
F001019,0.1396583441364449,0.8655778894472361,0.7000000000000001,0.5206833117271104,0.0,1.0,1.0,1.0,0.0,real,3,0.3701005025125628,0.8655778894472361,0.6444723618090452,0.3222361809045226,0.30431002373677435,0.7059171485568545
F001020,0.0,0.37763819095477386,0.37222222222222223,0.4525647078759179,0.25,1.0,1.0,1.0,0.25,real,3,0.8304020100502513,0.37763819095477386,0.5243718592964824,0.2621859296482412,0.6329207280119189,0.49634649377540974
F001021,0.19677657668899579,0.8974874371859296,0.75,0.6064468466220084,0.0,1.0,1.0,1.0,0.0,real,3,0.3701005025125628,0.8974874371859296,0.7907035175879397,0.39535175879396983,0.3313701358551552,0.6889840849978536
F001022,0.0,0.37763819095477386,0.4222222222222222,0.20367003088692623,0.25,1.0,1.0,1.0,0.25,real,3,0.8304020100502513,0.37763819095477386,0.12964824120603016,0.06482412060301508,0.4690310850736093,0.4069882073685008
F001023,0.0,0.37763819095477386,0.43333333333333335,0.41633319989322654,0.0,1.0,1.0,1.0,0.0,real,3,0.3701005025125628,0.37763819095477386,0.4628140703517588,0.2314070351758794,0.2706941112598167,0.3758939168202823
F001024,0.0,0.37763819095477386,0.5555555555555556,0.6577177149754996,0.0,1.0,1.0,1.0,0.0,real,3,0.3701005025125628,0.37763819095477386,0.8555276381909548,0.4277638190954774,0.3433658556602106,0.3744138405595818
F001025,0.4681552732912839,0.9839195979899498,0.7388888888888888,0.019245008972987587,0.0,1.0,1.0,1.0,0.0,real,3,0.3701005025125628,0.9839195979899498,0.003015075376884422,0.001507537688442211,0.1856081917123305,0.9829942425696321
F001026,0.01938406748069557,0.7678391959798995,0.6055555555555556,0.38345408726083113,0.0,1.0,1.0,1.0,0.0,real,3,0.3701005025125628,0.7678391959798995,0.4012562814070352,0.2006281407035176,0.2593028269488144,0.6880416214237015
F001027,0.0,0.37763819095477386,0.5833333333333334,0.39299420408505326,0.0,1.0,1.0,1.0,0.0,real,3,0.3701005025125628,0.37763819095477386,0.4228643216080402,0.2114321608040201,0.26330140021716625,0.3760444811999697
F001028,0.0,0.37763819095477386,0.37222222222222223,0.2912298316018035,0.0,1.0,1.0,1.0,0.0,real,3,0.3701005025125628,0.37763819095477386,0.25603015075376884,0.12801507537688442,0.23242869498244995,0.3766732532006768
F001029,0.0,0.37763819095477386,0.3055555555555556,0.5210388483419269,0.25,1.0,1.0,1.0,0.25,real,3,0.8304020100502513,0.37763819095477386,0.6489949748743719,0.3244974874371859,0.684664370849221,0.5245589126537209
F001030,0.21367382617870156,0.9105527638190954,0.7055555555555556,0.39487456986481917,0.0,1.0,1.0,1.0,0.0,real,3,0.3701005025125628,0.9105527638190954,0.42839195979899497,0.21419597989949749,0.2643242910532562,0.7947900621196434
F001031,0.0,0.37763819095477386,0.6388888888888888,0.6702680503046966,0.25,1.0,1.0,1.0,0.25,real,3,0.8304020100502513,0.37763819095477386,0.864070351758794,0.432035175879397,0.7739638834877908,0.5732480871695159
F001032,0.0,0.37763819095477386,0.2777777777777778,0.1924500897298753,0.0,1.0,1.0,1.0,0.0,real,3,0.3701005025125628,0.37763819095477386,0.11482412060301507,0.057412060301507535,0.20629848362415093,0.3772054367313956
F001033,0.45396403246129235,0.9816582914572864,0.8388888888888888,0.44762749063297075,0.0,1.0,1.0,1.0,0.0,real,3,0.3701005025125628,0.9816582914572864,0.5188442211055276,0.2594221105527638,0.28106250473472894,0.8230066791242645
F001034,0.0,0.37763819095477386,0.2666666666666667,0.1333333333333333,0.25,1.0,1.0,1.0,0.25,real,3,0.8304020100502513,0.37763819095477386,0.04773869346733668,0.02386934673366834,0.43502215853135023,0.3884453675412237
F001035,0.0,0.37763819095477386,0.6166666666666667,0.7446102634562891,0.25,1.0,1.0,1.0,0.25,real,3,0.8304020100502513,0.37763819095477386,0.9298994974874372,0.4649497487437186,0.8012962109542688,0.5881506148834625
F001036,0.0,0.37763819095477386,0.28888888888888886,0.6577177149754997,0.0,1.0,1.0,1.0,0.0,real,3,0.3701005025125628,0.37763819095477386,0.857537688442211,0.4287688442211055,0.34373781596424335,0.37440626499330826
F001037,0.0,0.37763819095477386,0.4166666666666667,0.4932882862316248,0.0,1.0,1.0,1.0,0.0,real,3,0.3701005025125628,0.37763819095477386,0.6010050251256281,0.3005025125628141,0.2962663821620666,0.3753730966389738
F001038,0.0,0.37763819095477386,0.28888888888888886,0.40734006177385246,0.0,1.0,1.0,1.0,0.0,real,3,0.3701005025125628,0.37763819095477386,0.45,0.225,0.268322864321608,0.37594221105527637
F001039,0.08421580159264294,0.821105527638191,0.6555555555555556,0.45379061903693635,0.0,1.0,1.0,1.0,0.0,real,3,0.3701005025125628,0.821105527638191,0.5273869346733668,0.2636934673366834,0.28264333602686803,0.7021784487765461
F001040,0.0,0.37763819095477386,0.23888888888888887,0.6113130979323965,0.0,1.0,1.0,1.0,0.0,real,3,0.3701005025125628,0.37763819095477386,0.7979899497487437,0.39899497487437185,0.3327184919572738,0.37463069114416303
F001041,0.0,0.37763819095477386,0.35,0.43588989435406733,0.5,1.0,1.0,1.0,0.5,real,3,0.9587939698492463,0.37763819095477386,0.4972361809045226,0.2486180904522613,0.7177705108456857,0.5221240309588142
F001042,0.0,0.37763819095477386,0.34444444444444444,0.3790827135384885,0.5,1.0,1.0,1.0,0.5,real,3,0.9587939698492463,0.37763819095477386,0.3977386934673367,0.19886934673366835,0.6700717153607233,0.4932122610540138
F001043,0.0,0.37763819095477386,0.2666666666666666,0.23094010767585033,0.0,1.0,1.0,1.0,0.0,real,3,0.3701005025125628,0.37763819095477386,0.17185929648241205,0.08592964824120602,0.2168528572510795,0.37699048003838287
F001044,0.03159120375006785,0.7806532663316583,0.7111111111111111,0.7812620369443087,0.0,1.0,1.0,1.0,0.0,real,3,0.3701005025125628,0.7806532663316583,0.9555276381909548,0.4777638190954774,0.36187088078583873,0.5845060099492437
F001045,0.0,0.37763819095477386,0.4222222222222222,0.42860670048857574,0.0,1.0,1.0,1.0,0.0,real,3,0.3701005025125628,0.37763819095477386,0.48391959798994977,0.24195979899497488,0.2745996944521603,0.3758143733744097
F001046,0.0,0.37763819095477386,0.43333333333333335,0.6960204339273701,0.25,1.0,1.0,1.0,0.25,real,3,0.8304020100502513,0.37763819095477386,0.9010050251256282,0.4505025125628141,0.7892991969899751,0.5816094290548218
F001047,0.08452994616207482,0.8226130653266331,0.6,0.23094010767585027,0.25,1.0,1.0,1.0,0.25,real,3,0.8304020100502513,0.8226130653266331,0.16834170854271358,0.08417085427135679,0.48509665159970716,0.8232686674578924
F001048,0.0,0.37763819095477386,0.5888888888888889,0.619438216211838,0.25,1.0,1.0,1.0,0.25,real,3,0.8304020100502513,0.37763819095477386,0.8115577889447236,0.4057788944723618,0.7521606146309436,0.5613601929244211
F001049,0.022329099369260225,0.7698492462311558,0.5833333333333333,0.2886751345948128,0.0,1.0,1.0,1.0,0.0,real,3,0.3701005025125628,0.7698492462311558,0.24874371859296482,0.12437185929648241,0.2310803388803313,0.7201317517234413
F001050,0.0720721268714043,0.8110552763819096,0.638888888888889,0.4114113018127471,0.0,1.0,1.0,1.0,0.0,real,3,0.3701005025125628,0.8110552763819096,0.4600502512562814,0.2300251256281407,0.2701826658417717,0.7096245991262847
F001051,0.13194764466624798,0.8620603015075377,0.7166666666666667,0.6027713773341707,0.0,1.0,1.0,1.0,0.0,real,3,0.3701005025125628,0.8620603015075377,0.7829145728643216,0.3914572864321608,0.3299287896770284,0.6694790535592535
F001052,0.08772091370538554,0.8293969849246231,0.7555555555555555,0.8467803948114511,0.0,1.0,1.0,1.0,0.0,real,3,0.3701005025125628,0.8293969849246231,0.9804020100502513,0.49020100502512565,0.3664738895482437,0.6042493876417262
F001053,0.0,0.37763819095477386,0.2833333333333333,0.5840471822645078,0.0,1.0,1.0,1.0,0.0,real,3,0.3701005025125628,0.37763819095477386,0.7487437185929648,0.3743718592964824,0.323605464508472,0.37481629251786575
F001054,0.0,0.37763819095477386,0.42777777777777776,0.46706332348852664,0.25,1.0,1.0,1.0,0.25,real,3,0.8304020100502513,0.37763819095477386,0.5484924623115578,0.2742462311557789,0.6429356266255903,0.5018069619454054
F001055,0.0,0.37763819095477386,0.27222222222222225,0.6834010806525236,0.0,1.0,1.0,1.0,0.0,real,3,0.3701005025125628,0.37763819095477386,0.8814070351758794,0.4407035175879397,0.34815484457463197,0.3743163051438095
F001056,0.1138550152292937,0.8467336683417085,0.7277777777777777,0.6834010806525237,0.5,1.0,1.0,1.0,0.5,real,3,0.9587939698492463,0.8467336683417085,0.8829145728643216,0.4414572864321608,0.9026635691017905,0.8962035049619959
F001057,0.0,0.37763819095477386,0.2777777777777778,0.5091750772173156,0.0,1.0,1.0,1.0,0.0,real,3,0.3701005025125628,0.37763819095477386,0.6276381909547739,0.31381909547738696,0.30119485619050024,0.37527272038584886
F001058,0.668262150438322,0.9964824120603015,0.9111111111111112,0.30792014356780045,0.0,1.0,1.0,1.0,0.0,real,3,0.3701005025125628,0.9964824120603015,0.2834170854271357,0.14170854271356784,0.23749665412489582,0.9077187444761496
F001059,0.2641851405817963,0.9316582914572864,0.7166666666666667,0.338296385503074,0.0,1.0,1.0,1.0,0.0,real,3,0.3701005025125628,0.9316582914572864,0.33467336683417087,0.16733668341708544,0.24698164187773036,0.8376890735082447
F001060,0.0,0.37763819095477386,0.3555555555555555,0.5551109331909687,0.0,1.0,1.0,1.0,0.0,real,3,0.3701005025125628,0.37763819095477386,0.6972361809045227,0.34861809045226133,0.3140739817176334,0.37501041640362615
F001061,0.0,0.37763819095477386,0.2944444444444444,0.2219442706159798,0.0,1.0,1.0,1.0,0.0,real,3,0.3701005025125628,0.37763819095477386,0.1620603015075377,0.08103015075376885,0.21503955076891998,0.3770274109239666
F001062,0.0,0.37763819095477386,0.6111111111111112,0.6049181150584978,0.0,1.0,1.0,1.0,0.0,real,3,0.3701005025125628,0.37763819095477386,0.7876884422110553,0.39384422110552764,0.3308121953991061,0.37466951592131514
F001063,0.0,0.37763819095477386,0.37222222222222223,0.38920621973637765,0.0,1.0,1.0,1.0,0.0,real,3,0.3701005025125628,0.37763819095477386,0.41030150753768846,0.20515075376884423,0.26097664831696166,0.37609182848917955
F001064,0.0,0.37763819095477386,0.27222222222222225,0.4717971943458255,0.0,1.0,1.0,1.0,0.0,real,3,0.3701005025125628,0.37763819095477386,0.5685929648241206,0.2842964824120603,0.2902685222595389,0.3754952526451352
F001065,0.06418514058179639,0.807286432160804,0.6166666666666667,0.338296385503074,0.0,1.0,1.0,1.0,0.0,real,3,0.3701005025125628,0.807286432160804,0.33467336683417087,0.16733668341708544,0.24698164187773036,0.7341291886568521
F001066,0.3053032039793522,0.9474874371859296,0.7444444444444445,0.36717136981907356,0.0,1.0,1.0,1.0,0.0,real,3,0.3701005025125628,0.9474874371859296,0.38040201005025126,0.19020100502512563,0.2554437387944749,0.8376678619226788
F001067,0.0,0.37763819095477386,0.21111111111111108,0.2143033502442879,0.0,1.0,1.0,1.0,0.0,real,3,0.3701005025125628,0.37763819095477386,0.14798994974874372,0.07399497487437186,0.2124358286406909,0.3770804398878816
F001068,0.009276095667648004,0.7633165829145728,0.5555555555555556,0.20367003088692617,0.0,1.0,1.0,1.0,0.0,real,3,0.3701005025125628,0.7633165829145728,0.12336683417085427,0.061683417085427135,0.20787931491629,0.7390616714224388
F001069,0.0,0.37763819095477386,0.27222222222222225,0.2501851166488378,0.0,1.0,1.0,1.0,0.0,real,3,0.3701005025125628,0.37763819095477386,0.19321608040201005,0.09660804020100502,0.22080493548142724,0.37690998964672606
F001070,0.0,0.37763819095477386,0.2777777777777778,0.4337604732431808,0.0,1.0,1.0,1.0,0.0,real,3,0.3701005025125628,0.37763819095477386,0.49447236180904525,0.24723618090452262,0.2765524860483321,0.37577460165147347
F001071,0.0,0.37763819095477386,0.20555555555555555,0.371682859637283,0.25,1.0,1.0,1.0,0.25,real,3,0.8304020100502513,0.37763819095477386,0.39195979899497485,0.19597989949748743,0.5779431074972854,0.4663707987172041
F001072,0.0,0.37763819095477386,0.3055555555555556,0.5210388483419269,0.0,1.0,1.0,1.0,0.0,real,3,0.3701005025125628,0.37763819095477386,0.6489949748743719,0.3244974874371859,0.305146934420848,0.37519222999419205
F001073,0.0,0.37763819095477386,0.2777777777777778,0.23412563895228314,0.0,1.0,1.0,1.0,0.0,real,3,0.3701005025125628,0.37763819095477386,0.17964824120603015,0.08982412060301508,0.21829420342920633,0.3769611247190727
F001074,0.11791670226095119,0.8522613065326633,0.6944444444444444,0.5419443732558754,0.25,1.0,1.0,1.0,0.25,real,3,0.8304020100502513,0.8522613065326633,0.678894472361809,0.3394472361809045,0.697078672255751,0.8448412287568496
F001075,0.0,0.37763819095477386,0.32777777777777783,0.44263520637871306,0.0,1.0,1.0,1.0,0.0,real,3,0.3701005025125628,0.37763819095477386,0.507537688442211,0.2537688442211055,0.2789702280245448,0.37572536047069516
F001076,0.0,0.37763819095477386,0.23888888888888887,0.6113130979323965,0.25,1.0,1.0,1.0,0.25,real,3,0.8304020100502513,0.37763819095477386,0.7979899497487437,0.39899497487437185,0.7465272341607535,0.5582886795787985
F001077,0.0,0.37763819095477386,0.6555555555555556,0.9197423149588835,0.0,1.0,1.0,1.0,0.0,real,3,0.3701005025125628,0.37763819095477386,0.9922110552763819,0.49610552763819094,0.368659156334436,0.3738987020529785
F001078,0.0,0.37763819095477386,0.19444444444444442,0.3469443332443554,0.0,1.0,1.0,1.0,0.0,real,3,0.3701005025125628,0.37763819095477386,0.34522613065326635,0.17261306532663317,0.24893443347390215,0.37633708744728667
F001079,0.0,0.37763819095477386,0.45555555555555555,0.6677768533918542,0.0,1.0,1.0,1.0,0.0,real,3,0.3701005025125628,0.37763819095477386,0.8623115577889447,0.4311557788944724,0.3446212216863211,0.3743882730234085
F001080,0.0,0.37763819095477386,0.2222222222222222,0.20367003088692623,0.0,1.0,1.0,1.0,0.0,real,3,0.3701005025125628,0.37763819095477386,0.12964824120603016,0.06482412060301508,0.2090416908663923,0.377149566930128
F001081,0.0,0.37763819095477386,0.7111111111111111,0.887777082463919,0.5,1.0,1.0,1.0,0.5,real,3,0.9587939698492463,0.37763819095477386,0.9871859296482413,0.49359296482412063,0.9526509431580011,0.6644925948839676
F001082,0.0,0.37763819095477386,0.35555555555555557,0.9075812380738727,0.5,1.0,1.0,1.0,0.5,real,3,0.9587939698492463,0.37763819095477386,0.9889447236180905,0.49447236180904525,0.9534941036842504,0.6650036615236989
F001083,0.0,0.37763819095477386,0.37222222222222223,0.36565517048676305,0.0,1.0,1.0,1.0,0.0,real,3,0.3701005025125628,0.37763819095477386,0.37035175879396987,0.18517587939698493,0.2535839372743112,0.37624239286886696
F001084,0.0,0.37763819095477386,0.2611111111111112,0.5928587365312934,0.0,1.0,1.0,1.0,0.0,real,3,0.3701005025125628,0.37763819095477386,0.7577889447236181,0.37889447236180906,0.3252792858766193,0.3747822024696346
F001085,0.08205505282296638,0.8198492462311557,0.65,0.43588989435406733,0.0,1.0,1.0,1.0,0.0,real,3,0.3701005025125628,0.8198492462311557,0.4972361809045226,0.2486180904522613,0.2770639314663771,0.7080335723845358
F001086,0.07854497463356824,0.8150753768844221,0.7000000000000001,0.6429100507328637,0.0,1.0,1.0,1.0,0.0,real,3,0.3701005025125628,0.8150753768844221,0.8394472361809046,0.4197236180904523,0.3403901732279488,0.6283089126537209
F001087,0.0,0.37763819095477386,0.3666666666666667,0.24037008503093263,0.25,1.0,1.0,1.0,0.25,real,3,0.8304020100502513,0.37763819095477386,0.18341708542713567,0.09170854271356783,0.4913559632332517,0.41916050099744956
F001088,0.11441628428654776,0.8492462311557789,0.6777777777777778,0.4822785425380157,0.0,1.0,1.0,1.0,0.0,real,3,0.3701005025125628,0.8492462311557789,0.5876884422110553,0.29384422110552766,0.2938021451478498,0.7084520277265726
F001089,0.10022231118229341,0.8369346733668341,0.6888888888888889,0.5551109331909687,0.0,1.0,1.0,1.0,0.0,real,3,0.3701005025125628,0.8369346733668341,0.6972361809045227,0.34861809045226133,0.3140739817176334,0.6741878361657533
F001090,0.0,0.37763819095477386,0.33333333333333337,0.5811865258054231,0.5,1.0,1.0,1.0,0.5,real,3,0.9587939698492463,0.37763819095477386,0.7371859296482413,0.36859296482412063,0.8328016969268454,0.5918481225221586
F001091,0.0,0.37763819095477386,0.3111111111111111,0.3355481971231445,0.0,1.0,1.0,1.0,0.0,real,3,0.3701005025125628,0.37763819095477386,0.3309045226130653,0.16545226130653265,0.246284216307669,0.3763910633569859
F001092,0.0,0.37763819095477386,0.33333333333333337,0.4,0.0,1.0,1.0,1.0,0.0,real,3,0.3701005025125628,0.37763819095477386,0.43241206030150753,0.21620603015075376,0.2650682116613217,0.37600849726017016
F001093,0.0,0.37763819095477386,0.25555555555555554,0.25239592648001224,0.0,1.0,1.0,1.0,0.0,real,3,0.3701005025125628,0.37763819095477386,0.20125628140703516,0.10062814070351758,0.22229277669755815,0.3768796873816318
F001094,0.05679267422780554,0.7982412060301508,0.6777777777777778,0.5975257626555002,0.0,1.0,1.0,1.0,0.0,real,3,0.3701005025125628,0.7982412060301508,0.7685929648241207,0.3842964824120603,0.3272785725107952,0.633708239690917
F001095,0.10022231118229341,0.8369346733668341,0.6888888888888889,0.5551109331909687,0.0,1.0,1.0,1.0,0.0,real,3,0.3701005025125628,0.8369346733668341,0.6972361809045227,0.34861809045226133,0.3140739817176334,0.6741878361657533
F001096,0.0,0.37763819095477386,0.32777777777777783,0.5965952781626134,0.0,1.0,1.0,1.0,0.0,real,3,0.3701005025125628,0.37763819095477386,0.7630653266331658,0.3815326633165829,0.3262556816747052,0.37476231660816645
F001097,0.1333333333333333,0.8628140703517588,0.6,0.1333333333333333,0.0,1.0,1.0,1.0,0.0,real,3,0.3701005025125628,0.8628140703517588,0.04773869346733668,0.02386934673366834,0.19388430847705868,0.8510533193606222
F001098,0.0,0.37763819095477386,0.19444444444444442,0.11706281947614157,0.25,1.0,1.0,1.0,0.25,real,3,0.8304020100502513,0.37763819095477386,0.04221105527638191,0.021105527638190954,0.43272707759905055,0.38719401025226635
F001099,0.3035028979574734,0.9464824120603015,0.75,0.3929942040850532,0.0,1.0,1.0,1.0,0.0,real,3,0.3701005025125628,0.9464824120603015,0.42035175879396985,0.21017587939698493,0.26283644983712534,0.8253408373525921
F001100,0.0,0.37763819095477386,0.5444444444444445,0.6049181150584978,0.0,1.0,1.0,1.0,0.0,real,3,0.3701005025125628,0.37763819095477386,0.7876884422110553,0.39384422110552764,0.3308121953991061,0.37466951592131514
F001101,0.28869056047795894,0.9414572864321608,0.7611111111111111,0.4670633234885267,0.0,1.0,1.0,1.0,0.0,real,3,0.3701005025125628,0.9414572864321608,0.549497487437186,0.274748743718593,0.286734899371228,0.7844777278351557
F001102,0.2016525865877183,0.9025125628140703,0.6611111111111111,0.24113927126900786,0.25,1.0,1.0,1.0,0.25,real,3,0.8304020100502513,0.9025125628140703,0.18894472361809045,0.09447236180904522,0.49365104416555144,0.8957001085831164
F001103,0.0,0.37763819095477386,0.4888888888888889,0.33554819712314443,0.0,1.0,1.0,1.0,0.0,real,3,0.3701005025125628,0.37763819095477386,0.32487437185929646,0.16243718592964823,0.24516833539557084,0.37641379005580666
F001104,0.0,0.37763819095477386,0.3222222222222222,0.3671713698190735,0.0,1.0,1.0,1.0,0.0,real,3,0.3701005025125628,0.37763819095477386,0.3751256281407035,0.18756281407035175,0.254467342996389,0.3762244008989672
F001105,0.0,0.37763819095477386,0.45,0.5567764362830022,0.25,1.0,1.0,1.0,0.25,real,3,0.8304020100502513,0.37763819095477386,0.7047738693467337,0.35238693467336685,0.707823823893336,0.5371862452968359
F001106,0.0,0.37763819095477386,0.17222222222222222,0.29876288132775003,0.0,1.0,1.0,1.0,0.0,real,3,0.3701005025125628,0.37763819095477386,0.26457286432160804,0.13228643216080402,0.23400952627458904,0.376641057044014
F001107,0.0,0.37763819095477386,0.27222222222222225,0.2501851166488378,0.0,1.0,1.0,1.0,0.0,real,3,0.3701005025125628,0.37763819095477386,0.19321608040201005,0.09660804020100502,0.22080493548142724,0.37690998964672606
F001108,0.0,0.37763819095477386,0.2,0.48074017006186526,0.0,1.0,1.0,1.0,0.0,real,3,0.3701005025125628,0.37763819095477386,0.578140703517588,0.289070351758794,0.2920353337036944,0.3754592687053357
F001109,0.0,0.37763819095477386,0.2833333333333333,0.5196152422706632,0.0,1.0,1.0,1.0,0.0,real,3,0.3701005025125628,0.37763819095477386,0.6412060301507537,0.32060301507537686,0.30370558824272115,0.37522158531350214
F001110,0.08421580159264294,0.821105527638191,0.6555555555555556,0.45379061903693635,0.0,1.0,1.0,1.0,0.0,real,3,0.3701005025125628,0.821105527638191,0.5273869346733668,0.2636934673366834,0.28264333602686803,0.7021784487765461
F001111,0.0,0.37763819095477386,0.28888888888888886,0.15396007178390017,0.0,1.0,1.0,1.0,0.0,real,3,0.3701005025125628,0.37763819095477386,0.0814070351758794,0.0407035175879397,0.20011464356960681,0.3773313805206939
F001112,0.0,0.37763819095477386,0.18888888888888888,0.1387777332977422,0.0,1.0,1.0,1.0,0.0,real,3,0.3701005025125628,0.37763819095477386,0.062311557788944726,0.031155778894472363,0.19658102068129596,0.3774033484002929
F001113,0.0,0.37763819095477386,0.6555555555555556,0.795356896363257,0.25,1.0,1.0,1.0,0.25,real,3,0.8304020100502513,0.37763819095477386,0.9597989949748744,0.4798994974874372,0.813710512360799,0.5949193202191864
F001114,0.0,0.37763819095477386,0.29999999999999993,0.5206833117271104,0.25,1.0,1.0,1.0,0.25,real,3,0.8304020100502513,0.37763819095477386,0.6444723618090452,0.3222361809045226,0.6827865773591576,0.5235350748718466
F001115,0.0,0.37763819095477386,0.2833333333333333,0.2081665999466133,0.0,1.0,1.0,1.0,0.0,real,3,0.3701005025125628,0.37763819095477386,0.1442211055276382,0.0721105527638191,0.21173840307062952,0.3770946440746446
F001116,0.0,0.37763819095477386,0.5055555555555555,0.18954135676924425,0.0,1.0,1.0,1.0,0.0,real,3,0.3701005025125628,0.37763819095477386,0.11180904522613065,0.055904522613065326,0.20574054316810184,0.37721680008080605
F001117,0.0,0.37763819095477386,0.2444444444444444,0.20367003088692626,0.25,1.0,1.0,1.0,0.25,real,3,0.8304020100502513,0.37763819095477386,0.13743718592964824,0.06871859296482412,0.4722650627509406,0.40875148354839524
F001118,0.0,0.37763819095477386,0.2444444444444444,0.20367003088692626,0.0,1.0,1.0,1.0,0.0,real,3,0.3701005025125628,0.37763819095477386,0.13743718592964824,0.06871859296482412,0.21048303704451907,0.3771202116108179
F001119,0.0015954837716553594,0.7577889447236181,0.5777777777777777,0.30792014356780034,0.25,1.0,1.0,1.0,0.25,real,3,0.8304020100502513,0.7577889447236181,0.27839195979899495,0.13919597989949747,0.5307896265245827,0.767896391505265
F001120,0.0,0.37763819095477386,0.08333333333333331,0.28867513459481287,0.0,1.0,1.0,1.0,0.0,real,3,0.3701005025125628,0.37763819095477386,0.2492462311557789,0.12462311557788945,0.2311733289563395,0.37669882073685007
F001121,0.0,0.37763819095477386,0.4,0.13333333333333336,0.0,1.0,1.0,1.0,0.0,real,3,0.3701005025125628,0.37763819095477386,0.05226130653266332,0.02613065326633166,0.1947212191611323,0.3774412262316608
F001122,0.0,0.37763819095477386,0.14444444444444443,0.1387777332977422,0.25,1.0,1.0,1.0,0.25,real,3,0.8304020100502513,0.37763819095477386,0.062311557788944726,0.031155778894472363,0.4410728264437767,0.3917444003939294
F001123,0.0,0.37763819095477386,0.3888888888888889,0.19245008972987526,0.5,1.0,1.0,1.0,0.5,real,3,0.9587939698492463,0.37763819095477386,0.11381909547738693,0.056909547738693465,0.5339615161233303,0.4107115034973864
F001124,0.0,0.37763819095477386,0.2666666666666667,0.1333333333333333,0.0,1.0,1.0,1.0,0.0,real,3,0.3701005025125628,0.37763819095477386,0.04773869346733668,0.02386934673366834,0.19388430847705868,0.37745827125577636
F001125,0.0,0.37763819095477386,0.4222222222222222,0.4682512779045661,0.0,1.0,1.0,1.0,0.0,real,3,0.3701005025125628,0.37763819095477386,0.5565326633165829,0.27826633165829145,0.28803676043534254,0.3755407060427767
F001126,0.0,0.37763819095477386,0.2944444444444444,0.8002314480013707,0.0,1.0,1.0,1.0,0.0,real,3,0.3701005025125628,0.37763819095477386,0.9655778894472362,0.4827889447236181,0.36373068230600236,0.37399907830610335
F001127,0.0,0.37763819095477386,0.34444444444444444,0.30061665018819295,0.0,1.0,1.0,1.0,0.0,real,3,0.3701005025125628,0.37763819095477386,0.26959798994974876,0.13479899497487438,0.23493942703467083,0.3766221181283301
F001128,0.28344448892448004,0.9402010050251256,0.7111111111111111,0.2775554665954844,0.0,1.0,1.0,1.0,0.0,real,3,0.3701005025125628,0.9402010050251256,0.23417085427135678,0.11708542713567839,0.22838362667609405,0.8734505441781774
F001129,0.0,0.37763819095477386,0.16666666666666669,0.06666666666666671,0.0,1.0,1.0,1.0,0.0,real,3,0.3701005025125628,0.37763819095477386,0.01306532663316583,0.006532663316582915,0.1874679932324941,0.3775889497739956
F001130,0.0,0.37763819095477386,0.42777777777777776,0.6866450913546834,0.0,1.0,1.0,1.0,0.0,real,3,0.3701005025125628,0.37763819095477386,0.8909547738693467,0.44547738693467337,0.3499216560187874,0.37428032120401
F001131,0.0,0.37763819095477386,0.3388888888888889,0.724441036120135,0.0,1.0,1.0,1.0,0.0,real,3,0.3701005025125628,0.37763819095477386,0.9188442211055277,0.45942211055276383,0.3550826052372415,0.3741752102219641
F001132,0.0,0.37763819095477386,0.3888888888888889,0.795356896363257,0.25,1.0,1.0,1.0,0.25,real,3,0.8304020100502513,0.37763819095477386,0.9597989949748744,0.4798994974874372,0.813710512360799,0.5949193202191864
F001133,0.0,0.37763819095477386,0.4333333333333333,0.4666666666666667,0.25,1.0,1.0,1.0,0.25,real,3,0.8304020100502513,0.37763819095477386,0.5469849246231155,0.27349246231155777,0.6423096954622358,0.5014656826847806
F001134,0.0,0.37763819095477386,0.2666666666666666,0.7055336829505575,0.5,1.0,0.5,0.5,0.5,real,3,0.9587939698492463,0.37763819095477386,0.9057788944723618,0.22644472361809045,0.45681232797151583,0.5092378506855888
F001135,0.01853009304474018,0.7670854271356784,0.5833333333333334,0.29627314724385295,0.0,1.0,1.0,1.0,0.0,real,3,0.3701005025125628,0.7670854271356784,0.2623115577889447,0.13115577889447236,0.23359107093255221,0.7150185601373702
F001136,0.0,0.37763819095477386,0.3222222222222222,0.3790827135384885,0.25,1.0,1.0,1.0,0.25,real,3,0.8304020100502513,0.37763819095477386,0.3977386934673367,0.19886934673366835,0.5803425102901443,0.46767903588293225
F001137,0.0,0.37763819095477386,0.5222222222222223,0.5347204184673763,0.0,1.0,1.0,1.0,0.0,real,3,0.3701005025125628,0.37763819095477386,0.6613065326633166,0.3306532663316583,0.30742519128304846,0.37514582965076637
F001138,0.031561208324241696,0.778391959798995,0.6555555555555556,0.559099805573739,0.5,1.0,1.0,1.0,0.5,real,3,0.9587939698492463,0.778391959798995,0.7120603015075377,0.35603015075376887,0.8207565465518548,0.8426205146334689
F001139,0.0,0.37763819095477386,0.40555555555555556,0.6003085626328932,0.0,1.0,1.0,1.0,0.0,real,3,0.3701005025125628,0.37763819095477386,0.7728643216080402,0.3864321608040201,0.32806898815686475,0.37472538572258274
F001140,0.0,0.37763819095477386,0.18888888888888888,0.03849001794597511,0.0,1.0,1.0,1.0,0.0,real,3,0.3701005025125628,0.37763819095477386,0.008291457286432161,0.004145728643216081,0.1865845875104164,0.37760694174389536
F001141,0.0,0.37763819095477386,0.5777777777777777,0.42860670048857574,0.5,1.0,1.0,1.0,0.5,real,3,0.9587939698492463,0.37763819095477386,0.48391959798994977,0.24195979899497488,0.7113865811469408,0.5182545264008485
F001142,0.0,0.37763819095477386,0.39999999999999997,0.46188021535170054,0.25,1.0,1.0,1.0,0.25,real,3,0.8304020100502513,0.37763819095477386,0.5331658291457286,0.2665829145728643,0.6365719931314866,0.4983372894623873
F001143,0.0,0.37763819095477386,0.3666666666666667,0.30550504633038933,0.0,1.0,1.0,1.0,0.0,real,3,0.3701005025125628,0.37763819095477386,0.27261306532663315,0.13630653266331658,0.23549736749071995,0.3766107547789197
F001144,0.0,0.37763819095477386,0.33333333333333337,0.6666666666666666,0.0,1.0,1.0,1.0,0.0,real,3,0.3701005025125628,0.37763819095477386,0.8603015075376884,0.4301507537688442,0.34424926138228834,0.37439584858968206
F001145,0.0,0.37763819095477386,0.5444444444444445,0.64060156912887,0.5,1.0,1.0,1.0,0.5,real,3,0.9587939698492463,0.37763819095477386,0.83643216080402,0.41821608040201,0.8803800409080579,0.6206868829069973
F001146,0.0,0.37763819095477386,0.6055555555555556,0.589098495191625,0.0,1.0,1.0,1.0,0.0,real,3,0.3701005025125628,0.37763819095477386,0.7530150753768844,0.3765075376884422,0.3243958801545415,0.3748001944395344
F001147,0.0,0.37763819095477386,0.25555555555555554,0.5003702332976756,0.5,1.0,1.0,1.0,0.5,real,3,0.9587939698492463,0.37763819095477386,0.6082914572864322,0.3041457286432161,0.7710100755031439,0.554394238781849
F001148,0.0,0.37763819095477386,0.3222222222222222,0.3671713698190735,0.0,1.0,1.0,1.0,0.0,real,3,0.3701005025125628,0.37763819095477386,0.3751256281407035,0.18756281407035175,0.254467342996389,0.3762244008989672
F001149,0.0,0.37763819095477386,0.3888888888888889,0.7128451081042418,0.0,1.0,1.0,1.0,0.0,real,3,0.3701005025125628,0.37763819095477386,0.9113065326633166,0.4556532663316583,0.3536877540971188,0.37420361859549
F001150,0.1464816241512003,0.8741206030150753,0.6333333333333333,0.24037008503093257,0.0,1.0,1.0,1.0,0.0,real,3,0.3701005025125628,0.8741206030150753,0.18115577889447237,0.09057788944723619,0.2185731736572309,0.8284675260725738
F001151,0.0,0.37763819095477386,0.25555555555555554,0.44388854123195953,0.0,1.0,1.0,1.0,0.0,real,3,0.3701005025125628,0.37763819095477386,0.514321608040201,0.2571608040201005,0.28022559405065534,0.3756997929345218
F001152,0.0,0.37763819095477386,0.6111111111111112,0.5669933698743588,0.0,1.0,1.0,1.0,0.0,real,3,0.3701005025125628,0.37763819095477386,0.7228643216080402,0.3614321608040201,0.31881647559405063,0.37491382793363803
F001153,0.0,0.37763819095477386,0.21111111111111108,0.10183501544346314,0.0,1.0,1.0,1.0,0.0,real,3,0.3701005025125628,0.37763819095477386,0.036180904522613064,0.018090452261306532,0.1917455367288705,0.3775018307618494
F001154,0.0,0.37763819095477386,0.32777777777777783,0.5167562646325994,0.0,1.0,1.0,1.0,0.0,real,3,0.3701005025125628,0.37763819095477386,0.6369346733668342,0.3184673366834171,0.3029151725966516,0.3752376833918335
F001155,0.0,0.37763819095477386,0.25555555555555554,0.44388854123195953,0.0,1.0,1.0,1.0,0.0,real,3,0.3701005025125628,0.37763819095477386,0.514321608040201,0.2571608040201005,0.28022559405065534,0.3756997929345218
F001156,0.22828352586772957,0.921105527638191,0.7055555555555555,0.36565517048676294,0.0,1.0,1.0,1.0,0.0,real,3,0.3701005025125628,0.921105527638191,0.36683417085427134,0.18341708542713567,0.252933006742254,0.8200417918739427
F001157,0.0,0.37763819095477386,0.3888888888888889,0.3288588574877498,0.0,1.0,1.0,1.0,0.0,real,3,0.3701005025125628,0.37763819095477386,0.3075376884422111,0.15376884422110554,0.24196017777328857,0.3764791293149163
F001158,0.0,0.37763819095477386,0.28888888888888886,0.6577177149754997,0.0,1.0,1.0,1.0,0.0,real,3,0.3701005025125628,0.37763819095477386,0.857537688442211,0.4287688442211055,0.34373781596424335,0.37440626499330826
F001159,0.0,0.37763819095477386,0.3611111111111111,0.4114113018127471,0.0,1.0,1.0,1.0,0.0,real,3,0.3701005025125628,0.37763819095477386,0.4600502512562814,0.2300251256281407,0.2701826658417717,0.3759043332239085
F001160,0.0,0.37763819095477386,0.3111111111111111,0.20367003088692623,0.0,1.0,1.0,1.0,0.0,real,3,0.3701005025125628,0.37763819095477386,0.12964824120603016,0.06482412060301508,0.2090416908663923,0.377149566930128
F001161,0.0,0.37763819095477386,0.5666666666666667,0.2905932629027115,0.0,1.0,1.0,1.0,0.0,real,3,0.3701005025125628,0.37763819095477386,0.2507537688442211,0.12537688442211056,0.23145229918436405,0.37669313906214485
F001162,0.0,0.37763819095477386,0.21111111111111108,0.5178302310102686,0.5,1.0,1.0,1.0,0.5,real,3,0.9587939698492463,0.37763819095477386,0.6396984924623116,0.3198492462311558,0.7860665134718821,0.5635204287770511
F001163,0.0,0.37763819095477386,0.2222222222222222,0.27755546659548436,0.25,1.0,1.0,1.0,0.25,real,3,0.8304020100502513,0.37763819095477386,0.22889447236180904,0.11444723618090452,0.5102382199944446,0.42945575869296226
F001164,0.0,0.37763819095477386,0.3055555555555556,0.5210388483419269,0.25,1.0,1.0,1.0,0.25,real,3,0.8304020100502513,0.37763819095477386,0.6489949748743719,0.3244974874371859,0.684664370849221,0.5245589126537209
F001165,0.0,0.37763819095477386,0.2944444444444444,0.2219442706159798,0.0,1.0,1.0,1.0,0.0,real,3,0.3701005025125628,0.37763819095477386,0.1620603015075377,0.08103015075376885,0.21503955076891998,0.3770274109239666
F001166,0.0,0.37763819095477386,0.3388888888888889,0.724441036120135,0.0,1.0,1.0,1.0,0.0,real,3,0.3701005025125628,0.37763819095477386,0.9188442211055277,0.45942211055276383,0.3550826052372415,0.3741752102219641
F001167,0.0,0.37763819095477386,0.5277777777777778,0.6256848100133817,0.0,1.0,1.0,1.0,0.0,real,3,0.3701005025125628,0.37763819095477386,0.8135678391959799,0.40678391959798993,0.3356011843135274,0.37457198050554286
F001168,0.0,0.37763819095477386,0.3888888888888889,0.19245008972987526,0.0,1.0,1.0,1.0,0.0,real,3,0.3701005025125628,0.37763819095477386,0.11381909547738693,0.056909547738693465,0.20611250347213456,0.3772092245145324
F001169,0.0,0.37763819095477386,0.17777777777777776,0.33554819712314443,0.25,1.0,1.0,1.0,0.25,real,3,0.8304020100502513,0.37763819095477386,0.32487437185929646,0.16243718592964823,0.550089170728012,0.45118387161940354
F001170,0.0,0.37763819095477386,0.37222222222222223,0.38920621973637765,0.25,1.0,1.0,1.0,0.25,real,3,0.8304020100502513,0.37763819095477386,0.41030150753768846,0.20515075376884423,0.585558603318098,0.4705230297214717
F001171,0.0,0.37763819095477386,0.33333333333333337,0.5811865258054232,0.0,1.0,1.0,1.0,0.0,real,3,0.3701005025125628,0.37763819095477386,0.7422110552763819,0.37110552763819094,0.32239659352036565,0.37484091310825485
F001172,0.0,0.37763819095477386,0.2666666666666667,0.1333333333333333,0.0,1.0,1.0,1.0,0.0,real,3,0.3701005025125628,0.37763819095477386,0.04773869346733668,0.02386934673366834,0.19388430847705868,0.37745827125577636
F001173,0.0,0.37763819095477386,0.5111111111111111,0.42860670048857574,0.0,1.0,1.0,1.0,0.0,real,3,0.3701005025125628,0.37763819095477386,0.48391959798994977,0.24195979899497488,0.2745996944521603,0.3758143733744097
F001174,0.0,0.37763819095477386,0.2833333333333333,0.5364492313143694,0.5,1.0,1.0,1.0,0.5,real,3,0.9587939698492463,0.37763819095477386,0.6640703517587939,0.33203517587939696,0.7977503093356227,0.5706023522133279
F001175,0.0,0.37763819095477386,0.31666666666666665,0.2185812841434,0.0,1.0,1.0,1.0,0.0,real,3,0.3701005025125628,0.37763819095477386,0.15,0.075,0.2128077889447236,0.377072864321608
F001176,0.023616579262360632,0.7706030150753769,0.6,0.35276684147527865,0.0,1.0,1.0,1.0,0.0,real,3,0.3701005025125628,0.7706030150753769,0.35150753768844223,0.17575376884422111,0.2500968094240045,0.7002131890608824
F001177,0.0,0.37763819095477386,0.2833333333333333,0.5364492313143694,0.0,1.0,1.0,1.0,0.0,real,3,0.3701005025125628,0.37763819095477386,0.6640703517587939,0.33203517587939696,0.3079366367010934,0.3751354132471402
F001178,0.2535898384862245,0.9281407035175879,0.8,0.6928203230275509,0.0,1.0,1.0,1.0,0.0,real,3,0.3701005025125628,0.9281407035175879,0.8942211055276382,0.4471105527638191,0.3505260915128406,0.6786350407817985
F001179,0.0,0.37763819095477386,0.6833333333333333,0.8373237791386979,0.0,1.0,1.0,1.0,0.0,real,3,0.3701005025125628,0.37763819095477386,0.9768844221105528,0.4884422110552764,0.3658229590161865,0.3739564657458145
F001180,0.0,0.37763819095477386,0.4166666666666667,0.39299420408505326,0.0,1.0,1.0,1.0,0.0,real,3,0.3701005025125628,0.37763819095477386,0.4228643216080402,0.2114321608040201,0.26330140021716625,0.3760444811999697
F001181,0.0,0.37763819095477386,0.5611111111111111,0.41677776296691227,0.0,1.0,1.0,1.0,0.0,real,3,0.3701005025125628,0.37763819095477386,0.4685929648241206,0.2342964824120603,0.2717634971339108,0.37587213706724576
F001182,0.0,0.37763819095477386,0.2222222222222222,0.27755546659548436,0.0,1.0,1.0,1.0,0.0,real,3,0.3701005025125628,0.37763819095477386,0.22889447236180904,0.11444723618090452,0.22740723087800815,0.37677552334537007
F001183,0.0,0.37763819095477386,0.2444444444444444,0.20367003088692626,0.0,1.0,1.0,1.0,0.0,real,3,0.3701005025125628,0.37763819095477386,0.13743718592964824,0.06871859296482412,0.21048303704451907,0.3771202116108179
F001184,0.0,0.37763819095477386,0.21666666666666662,0.05773502691896257,0.0,1.0,1.0,1.0,0.0,real,3,0.3701005025125628,0.37763819095477386,0.010301507537688442,0.005150753768844221,0.18695654781444912,0.37759936617762174
F001185,0.00027795160624244364,0.7562814070351759,0.6111111111111112,0.4438885412319596,0.0,1.0,1.0,1.0,0.0,real,3,0.3701005025125628,0.7562814070351759,0.5165829145728643,0.25829145728643216,0.2806440493926921,0.6565341784298376
F001186,0.0,0.37763819095477386,0.32777777777777783,0.46228097917143823,0.0,1.0,1.0,1.0,0.0,real,3,0.3701005025125628,0.37763819095477386,0.5409547738693468,0.2704773869346734,0.28515406807908894,0.3755994166813969
F001187,0.0,0.37763819095477386,0.3055555555555556,0.4114113018127471,0.0,1.0,1.0,1.0,0.0,real,3,0.3701005025125628,0.37763819095477386,0.4600502512562814,0.2300251256281407,0.2701826658417717,0.3759043332239085
F001188,0.0,0.37763819095477386,0.16666666666666669,0.2,0.0,1.0,1.0,1.0,0.0,real,3,0.3701005025125628,0.37763819095477386,0.1178391959798995,0.05891959798994975,0.2068564240802,0.37719407338198535
F001189,0.0,0.37763819095477386,0.37777777777777777,0.5047918529600243,0.0,1.0,1.0,1.0,0.0,real,3,0.3701005025125628,0.37763819095477386,0.6180904522613065,0.30904522613065327,0.2994280447463448,0.37530870432564833
F001190,0.0,0.37763819095477386,0.32777777777777783,0.24113927126900783,0.0,1.0,1.0,1.0,0.0,real,3,0.3701005025125628,0.37763819095477386,0.18743718592964825,0.09371859296482413,0.21973554960733316,0.3769317693997626
F001191,0.0,0.37763819095477386,0.39999999999999997,0.4807401700618652,0.0,1.0,1.0,1.0,0.0,real,3,0.3701005025125628,0.37763819095477386,0.5756281407035176,0.2878140703517588,0.2915703833236535,0.37546873816317766
F001192,0.0,0.37763819095477386,0.35,0.40960685758148363,0.0,1.0,1.0,1.0,0.0,real,3,0.3701005025125628,0.37763819095477386,0.4552763819095477,0.22763819095477386,0.26929926011969396,0.3759223251938082
F001193,0.0,0.37763819095477386,0.24444444444444446,0.15396007178390017,0.25,1.0,1.0,1.0,0.25,real,3,0.8304020100502513,0.37763819095477386,0.0814070351758794,0.0407035175879397,0.4490012878462665,0.3960672710285094
F001194,0.17059291992817427,0.8861809045226131,0.7277777777777777,0.5699252712547626,0.0,1.0,1.0,1.0,0.0,real,3,0.3701005025125628,0.8861809045226131,0.7263819095477387,0.36319095477386937,0.31946740612610797,0.6987451705765005
F001195,0.0,0.37763819095477386,0.40555555555555556,0.6003085626328932,0.0,1.0,1.0,1.0,0.0,real,3,0.3701005025125628,0.37763819095477386,0.7728643216080402,0.3864321608040201,0.32806898815686475,0.37472538572258274
F001196,0.0,0.37763819095477386,0.37222222222222223,0.38920621973637765,0.0,1.0,1.0,1.0,0.0,real,3,0.3701005025125628,0.37763819095477386,0.41030150753768846,0.20515075376884423,0.26097664831696166,0.37609182848917955
F001197,0.0,0.37763819095477386,0.18888888888888888,0.1387777332977422,0.25,1.0,1.0,1.0,0.25,real,3,0.8304020100502513,0.37763819095477386,0.062311557788944726,0.031155778894472363,0.4410728264437767,0.3917444003939294
F001198,0.0,0.37763819095477386,0.1555555555555556,0.4286067004885758,0.0,1.0,1.0,1.0,0.0,real,3,0.3701005025125628,0.37763819095477386,0.4907035175879397,0.24535175879396984,0.27585506047827074,0.37578880583823643
F001199,0.2194088338597761,0.9128140703517588,0.7722222222222221,0.6500712211693366,0.0,1.0,1.0,1.0,0.0,real,3,0.3701005025125628,0.9128140703517588,0.8517587939698492,0.4258793969849246,0.34266843009014925,0.681683543344865
F001200,0.0,0.37763819095477386,0.40555555555555556,0.6292264504341231,0.0,1.0,1.0,1.0,0.0,real,3,0.3701005025125628,0.37763819095477386,0.8148241206030151,0.40741206030150756,0.33583365950354793,0.3745672457766218
F001201,0.0,0.37763819095477386,0.5333333333333333,0.35276684147527876,0.0,1.0,1.0,1.0,0.0,real,3,0.3701005025125628,0.37763819095477386,0.3555276381909548,0.1777638190954774,0.25084073003206986,0.3762982626701346
F001202,0.0,0.37763819095477386,0.5722222222222222,0.46706332348852675,0.0,1.0,1.0,1.0,0.0,real,3,0.3701005025125628,0.37763819095477386,0.5527638190954773,0.27638190954773867,0.2873393348652812,0.3755549102295397
F001203,0.0,0.37763819095477386,0.2777777777777778,0.39063101847215437,0.0,1.0,1.0,1.0,0.0,real,3,0.3701005025125628,0.37763819095477386,0.4168341708542714,0.2084170854271357,0.26218551930506806,0.37606720789879045
F001204,0.0,0.37763819095477386,0.33333333333333337,0.13333333333333336,0.25,1.0,1.0,1.0,0.25,real,3,0.8304020100502513,0.37763819095477386,0.05226130653266332,0.02613065326633166,0.43689995202141363,0.3894692053230979
F001205,0.0,0.37763819095477386,0.21666666666666662,0.14529663145135582,0.5,1.0,1.0,1.0,0.5,real,3,0.9587939698492463,0.37763819095477386,0.06733668341708543,0.033668341708542715,0.5116779879295977,0.3972047423044872
F001206,0.0,0.37763819095477386,0.27222222222222225,0.28349668493717944,0.0,1.0,1.0,1.0,0.0,real,3,0.3701005025125628,0.37763819095477386,0.24547738693467336,0.12273869346733668,0.23047590338627813,0.376713024923613
F001207,0.0,0.37763819095477386,0.48333333333333334,0.2645751311064591,0.0,1.0,1.0,1.0,0.0,real,3,0.3701005025125628,0.37763819095477386,0.2057788944723618,0.1028894472361809,0.22312968738163177,0.3768626423575162
F001208,0.0,0.37763819095477386,0.18333333333333335,0.42557151116012354,0.0,1.0,1.0,1.0,0.0,real,3,0.3701005025125628,0.37763819095477386,0.478643216080402,0.239321608040201,0.27362329865407437,0.3758342592358779
F001209,0.0,0.37763819095477386,0.3111111111111111,0.07698003589195009,0.0,1.0,1.0,1.0,0.0,real,3,0.3701005025125628,0.37763819095477386,0.0228643216080402,0.0114321608040201,0.18928129971465368,0.3775520188884119
F001210,0.0,0.37763819095477386,0.2444444444444444,0.20367003088692626,0.25,1.0,1.0,1.0,0.25,real,3,0.8304020100502513,0.37763819095477386,0.13743718592964824,0.06871859296482412,0.4722650627509406,0.40875148354839524
F001211,0.0,0.37763819095477386,0.3277777777777777,0.6149375156454094,0.0,1.0,1.0,1.0,0.0,real,3,0.3701005025125628,0.37763819095477386,0.800502512562814,0.400251256281407,0.33318344233731473,0.37462122168632106
F001212,0.08205505282296638,0.8198492462311557,0.65,0.43588989435406733,0.0,1.0,1.0,1.0,0.0,real,3,0.3701005025125628,0.8198492462311557,0.4972361809045226,0.2486180904522613,0.2770639314663771,0.7080335723845358
F001213,0.0,0.37763819095477386,0.37222222222222223,0.36565517048676305,0.0,1.0,1.0,1.0,0.0,real,3,0.3701005025125628,0.37763819095477386,0.37035175879396987,0.18517587939698493,0.2535839372743112,0.37624239286886696
F001214,0.0,0.37763819095477386,0.2944444444444444,0.29122983160180355,0.0,1.0,1.0,1.0,0.0,real,3,0.3701005025125628,0.37763819095477386,0.25879396984924624,0.12939698492462312,0.23294014040049496,0.3766628367970506
F001215,0.0,0.37763819095477386,0.2944444444444444,0.29122983160180355,0.0,1.0,1.0,1.0,0.0,real,3,0.3701005025125628,0.37763819095477386,0.25879396984924624,0.12939698492462312,0.23294014040049496,0.3766628367970506
F001216,0.0,0.37763819095477386,0.2777777777777778,0.4337604732431808,0.0,1.0,1.0,1.0,0.0,real,3,0.3701005025125628,0.37763819095477386,0.49447236180904525,0.24723618090452262,0.2765524860483321,0.37577460165147347
F001217,0.0,0.37763819095477386,0.6111111111111112,0.7128451081042418,0.25,1.0,1.0,1.0,0.25,real,3,0.8304020100502513,0.37763819095477386,0.9113065326633166,0.4556532663316583,0.7935763932728972,0.5839415040024242
F001218,0.0,0.37763819095477386,0.35,0.6173419725817378,0.0,1.0,1.0,1.0,0.0,real,3,0.3701005025125628,0.37763819095477386,0.8080402010050252,0.4040201005025126,0.33457829347743745,0.37459281331279515
F001219,0.0,0.37763819095477386,0.28888888888888886,0.15396007178390017,0.5,1.0,1.0,1.0,0.5,real,3,0.9587939698492463,0.37763819095477386,0.0814070351758794,0.0407035175879397,0.5184232721395924,0.40129327542233784
F001220,0.0,0.37763819095477386,0.3055555555555556,0.5210388483419269,0.0,1.0,1.0,1.0,0.0,real,3,0.3701005025125628,0.37763819095477386,0.6489949748743719,0.3244974874371859,0.305146934420848,0.37519222999419205
F001221,0.0,0.37763819095477386,0.31666666666666665,0.40960685758148363,0.5,1.0,1.0,1.0,0.5,real,3,0.9587939698492463,0.37763819095477386,0.4552763819095477,0.22763819095477386,0.6976551097194515,0.509931441125224
F001222,0.1211147903273167,0.8527638190954774,0.6444444444444445,0.33554819712314443,0.0,1.0,1.0,1.0,0.0,real,3,0.3701005025125628,0.8527638190954774,0.32487437185929646,0.16243718592964823,0.24516833539557084,0.7743613481982778
F001223,0.0,0.37763819095477386,0.5333333333333333,0.5811865258054232,0.25,1.0,1.0,1.0,0.25,real,3,0.8304020100502513,0.37763819095477386,0.7422110552763819,0.37110552763819094,0.7233677811166385,0.5456613469356835
F001224,0.01853009304474018,0.7670854271356784,0.5833333333333334,0.29627314724385295,0.0,1.0,1.0,1.0,0.0,real,3,0.3701005025125628,0.7670854271356784,0.2623115577889447,0.13115577889447236,0.23359107093255221,0.7150185601373702
F001225,0.0,0.37763819095477386,0.5888888888888889,0.582459663203607,0.0,1.0,1.0,1.0,0.0,real,3,0.3701005025125628,0.37763819095477386,0.7452261306532664,0.3726130653266332,0.32295453397641477,0.37482954975884447
F001226,0.0,0.37763819095477386,0.2666666666666666,0.23094010767585033,0.5,1.0,1.0,1.0,0.5,real,3,0.9587939698492463,0.37763819095477386,0.17185929648241205,0.08592964824120602,0.5617858134895583,0.42757670260852
F001227,0.0,0.37763819095477386,0.2666666666666667,0.1333333333333333,0.0,1.0,1.0,1.0,0.0,real,3,0.3701005025125628,0.37763819095477386,0.04773869346733668,0.02386934673366834,0.19388430847705868,0.37745827125577636
F001228,0.0,0.37763819095477386,0.37777777777777777,0.5388602512436508,0.0,1.0,1.0,1.0,0.0,real,3,0.3701005025125628,0.37763819095477386,0.6738693467336684,0.3369346733668342,0.30974994318325294,0.3750984823615566
F001229,0.0,0.37763819095477386,0.3222222222222222,0.3150543750835072,0.25,1.0,1.0,1.0,0.25,real,3,0.8304020100502513,0.37763819095477386,0.2879396984924623,0.14396984924623116,0.5347538572258276,0.44282252973409764
F001230,0.0,0.37763819095477386,0.28888888888888886,0.15396007178390017,0.0,1.0,1.0,1.0,0.0,real,3,0.3701005025125628,0.37763819095477386,0.0814070351758794,0.0407035175879397,0.20011464356960681,0.3773313805206939
F001231,0.05811827062314601,0.8027638190954773,0.6277777777777778,0.39487456986481906,0.0,1.0,1.0,1.0,0.0,real,3,0.3701005025125628,0.8027638190954773,0.4258793969849246,0.2129396984924623,0.2638593406732153,0.7106326229135627
F001232,0.0,0.37763819095477386,0.6388888888888888,0.7690783324743206,0.0,1.0,1.0,1.0,0.0,real,3,0.3701005025125628,0.37763819095477386,0.9474874371859296,0.4737437185929648,0.36038303956970785,0.3740672584025656
F001233,0.0,0.37763819095477386,0.2777777777777778,0.4438885412319595,0.0,1.0,1.0,1.0,0.0,real,3,0.3701005025125628,0.37763819095477386,0.5113065326633166,0.2556532663316583,0.2796676535946062,0.37571115628393226
F001234,0.0,0.37763819095477386,0.32777777777777783,0.46228097917143823,0.0,1.0,1.0,1.0,0.0,real,3,0.3701005025125628,0.37763819095477386,0.5409547738693468,0.2704773869346734,0.28515406807908894,0.3755994166813969
F001235,0.3596299149690673,0.9623115577889447,0.8,0.4807401700618653,0.0,1.0,1.0,1.0,0.0,real,3,0.3701005025125628,0.9623115577889447,0.5798994974874372,0.2899497487437186,0.292360798969723,0.7906001111083054
F001236,0.0,0.37763819095477386,0.45555555555555555,0.10183501544346309,0.0,1.0,1.0,1.0,0.0,real,3,0.3701005025125628,0.37763819095477386,0.03391959798994975,0.016959798994974875,0.1913270813868337,0.3775103532739072
F001237,0.05157981453777166,0.7914572864321608,0.5888888888888889,0.25239592648001213,0.0,1.0,1.0,1.0,0.0,real,3,0.3701005025125628,0.7914572864321608,0.1977386934673367,0.09886934673366835,0.22164184616550087,0.7497980164642307
F001238,0.3244057707857877,0.9522613065326633,0.75,0.3511884584284246,0.5,1.0,1.0,1.0,0.5,real,3,0.9587939698492463,0.9522613065326633,0.3487437185929648,0.1743718592964824,0.6465836721294917,0.9534004191813337
F001239,0.0,0.37763819095477386,0.3055555555555556,0.5419443732558754,0.25,1.0,1.0,1.0,0.25,real,3,0.8304020100502513,0.37763819095477386,0.678894472361809,0.3394472361809045,0.697078672255751,0.5313276179894447
F001240,0.0,0.37763819095477386,0.31666666666666665,0.776745346515403,0.5,1.0,1.0,1.0,0.5,real,3,0.9587939698492463,0.37763819095477386,0.9525125628140704,0.4762562814070352,0.9360286356405142,0.6544172811292643
F001241,0.0,0.37763819095477386,0.28888888888888886,0.6842135252595846,0.0,1.0,1.0,1.0,0.0,real,3,0.3701005025125628,0.37763819095477386,0.8864321608040201,0.44321608040201005,0.34908474533471373,0.3742973662281256
F001242,0.0,0.37763819095477386,0.5333333333333333,0.35276684147527876,0.25,1.0,1.0,1.0,0.25,real,3,0.8304020100502513,0.37763819095477386,0.3555276381909548,0.1777638190954774,0.5628164377162193,0.4581232165854398
F001243,0.0,0.37763819095477386,0.3388888888888889,0.760360538263361,0.0,1.0,1.0,1.0,0.0,real,3,0.3701005025125628,0.37763819095477386,0.9422110552763819,0.47110552763819097,0.35940664377162196,0.37408714426403367
F001244,0.0,0.37763819095477386,0.33333333333333337,0.5811865258054231,0.0,1.0,1.0,1.0,0.0,real,3,0.3701005025125628,0.37763819095477386,0.7371859296482413,0.36859296482412063,0.32146669276028383,0.3748598520239388
F001245,0.053720540112092444,0.7937185929648242,0.5777777777777777,0.20367003088692617,0.0,1.0,1.0,1.0,0.0,real,3,0.3701005025125628,0.7937185929648242,0.12336683417085427,0.061683417085427135,0.20787931491629,0.7675883816065251
F001246,0.0,0.37763819095477386,0.37777777777777777,0.5047918529600243,0.0,1.0,1.0,1.0,0.0,real,3,0.3701005025125628,0.37763819095477386,0.6180904522613065,0.30904522613065327,0.2994280447463448,0.37530870432564833
F001247,0.21000367921620552,0.9065326633165829,0.6888888888888889,0.3355481971231445,0.0,1.0,1.0,1.0,0.0,real,3,0.3701005025125628,0.9065326633165829,0.3309045226130653,0.16545226130653265,0.246284216307669,0.8177787492740082
F001248,0.0,0.37763819095477386,0.538888888888889,0.45256470787591785,0.25,1.0,1.0,1.0,0.25,real,3,0.8304020100502513,0.37763819095477386,0.5221105527638191,0.26105527638190956,0.6319818312668872,0.4958345748844726
F001249,0.0,0.37763819095477386,0.5777777777777777,0.5388602512436508,0.0,1.0,1.0,1.0,0.0,real,3,0.3701005025125628,0.37763819095477386,0.6738693467336684,0.3369346733668342,0.30974994318325294,0.3750984823615566
F001250,0.0,0.37763819095477386,0.5777777777777777,0.5551109331909687,0.0,1.0,1.0,1.0,0.0,real,3,0.3701005025125628,0.37763819095477386,0.6972361809045227,0.34861809045226133,0.3140739817176334,0.37501041640362615
F001251,0.3880367018819775,0.9718592964824121,0.7666666666666666,0.29059326290271165,0.5,1.0,1.0,1.0,0.5,real,3,0.9587939698492463,0.9718592964824121,0.25301507537688445,0.12650753768844222,0.6006916492007778,0.970206434180955
F001252,0.0,0.37763819095477386,0.2944444444444444,0.5419443732558755,0.25,1.0,1.0,1.0,0.25,real,3,0.8304020100502513,0.37763819095477386,0.6809045226130653,0.34045226130653267,0.6979132471402237,0.531782657003611
F001253,0.0,0.37763819095477386,0.45555555555555555,0.10183501544346309,0.5,1.0,1.0,1.0,0.5,real,3,0.9587939698492463,0.37763819095477386,0.03391959798994975,0.016959798994974875,0.4956579379308604,0.38749447614959215
F001254,0.0,0.37763819095477386,0.3555555555555555,0.6710963942462889,0.0,1.0,1.0,1.0,0.0,real,3,0.3701005025125628,0.37763819095477386,0.8680904522613065,0.43404522613065327,0.3456906075604152,0.3743664932703719
F001255,0.0,0.37763819095477386,0.4444444444444444,0.4073400617738524,0.0,1.0,1.0,1.0,0.0,real,3,0.3701005025125628,0.37763819095477386,0.44698492462311556,0.22349246231155778,0.26776492386555895,0.3759535744046868
F001256,0.08628993597898799,0.8266331658291457,0.6833333333333333,0.5607534613753574,0.0,1.0,1.0,1.0,0.0,real,3,0.3701005025125628,0.8266331658291457,0.7165829145728643,0.35829145728643214,0.3176540996439484,0.6630614125905911
F001257,0.0,0.37763819095477386,0.39999999999999997,0.6110100926607787,0.25,1.0,1.0,1.0,0.25,real,3,0.8304020100502513,0.37763819095477386,0.792964824120603,0.3964824120603015,0.7444407969495719,0.5571510820433827
F001258,0.04398254822208268,0.785929648241206,0.5722222222222222,0.20092379244472355,0.0,1.0,1.0,1.0,0.0,real,3,0.3701005025125628,0.785929648241206,0.11959798994974874,0.05979899497487437,0.20718188934622864,0.7610634832453725
F001259,0.0,0.37763819095477386,0.2777777777777778,0.39063101847215437,0.0,1.0,1.0,1.0,0.0,real,3,0.3701005025125628,0.37763819095477386,0.4168341708542714,0.2084170854271357,0.26218551930506806,0.37606720789879045
F001260,0.0,0.37763819095477386,0.5166666666666666,0.37564758898615475,0.0,1.0,1.0,1.0,0.0,real,3,0.3701005025125628,0.37763819095477386,0.39396984924623113,0.19698492462311556,0.2579544708466958,0.37615337996515236
F001261,0.0,0.37763819095477386,0.1833333333333333,0.2645751311064591,0.0,1.0,1.0,1.0,0.0,real,3,0.3701005025125628,0.37763819095477386,0.2057788944723618,0.1028894472361809,0.22312968738163177,0.3768626423575162
F001262,0.0,0.37763819095477386,0.4888888888888889,0.6577177149754997,0.25,1.0,1.0,1.0,0.25,real,3,0.8304020100502513,0.37763819095477386,0.857537688442211,0.4287688442211055,0.7712515151132547,0.5717692103734755
F001263,0.0,0.37763819095477386,0.25,0.4409585518440985,0.25,1.0,1.0,1.0,0.25,real,3,0.8304020100502513,0.37763819095477386,0.5052763819095477,0.25263819095477386,0.6249922666094291,0.4920236231408297
F001264,0.0,0.37763819095477386,0.3055555555555556,0.5210388483419269,0.0,1.0,1.0,1.0,0.0,real,3,0.3701005025125628,0.37763819095477386,0.6489949748743719,0.3244974874371859,0.305146934420848,0.37519222999419205
F001265,0.0,0.37763819095477386,0.2944444444444444,0.2219442706159798,0.0,1.0,1.0,1.0,0.0,real,3,0.3701005025125628,0.37763819095477386,0.1620603015075377,0.08103015075376885,0.21503955076891998,0.3770274109239666
F001266,0.0,0.37763819095477386,0.21111111111111108,0.10183501544346314,0.5,1.0,1.0,1.0,0.5,real,3,0.9587939698492463,0.37763819095477386,0.036180904522613064,0.018090452261306532,0.4967420014646095,0.3881515618292467
F001267,0.08011545959242994,0.8183417085427136,0.7111111111111111,0.6842135252595846,0.0,1.0,1.0,1.0,0.0,real,3,0.3701005025125628,0.8183417085427136,0.8864321608040201,0.44321608040201005,0.34908474533471373,0.6196739981313604
F001268,0.015581246844306895,0.7658291457286432,0.7000000000000001,0.7688375063113864,0.25,1.0,1.0,1.0,0.25,real,3,0.8304020100502513,0.7658291457286432,0.9459798994974874,0.4729899497487437,0.8079728100300498,0.796371461579253
F001269,0.0,0.37763819095477386,0.48333333333333334,0.6691619966628244,0.25,1.0,1.0,1.0,0.25,real,3,0.8304020100502513,0.37763819095477386,0.8630653266331658,0.4315326633165829,0.7735465960455544,0.5730205676624328
F001270,0.0,0.37763819095477386,0.5777777777777777,0.42860670048857574,0.25,1.0,1.0,1.0,0.25,real,3,0.8304020100502513,0.37763819095477386,0.48391959798994977,0.24195979899497488,0.6161249084619076,0.48718883361531273
F001271,0.24714054642029917,0.9241206030150754,0.6944444444444444,0.28349668493717944,0.0,1.0,1.0,1.0,0.0,real,3,0.3701005025125628,0.9241206030150754,0.24547738693467336,0.12273869346733668,0.23047590338627813,0.8561208997247545
F001272,0.0,0.37763819095477386,0.5833333333333334,0.49328828623162474,0.25,1.0,1.0,1.0,0.25,real,3,0.8304020100502513,0.37763819095477386,0.6002512562814071,0.30012562814070354,0.6644259299007601,0.5135242165601879
F001273,0.17926638440239515,0.8889447236180904,0.5944444444444444,0.01924500897298746,0.5,1.0,1.0,1.0,0.5,real,3,0.9587939698492463,0.8889447236180904,0.0,0.0,0.4793969849246231,0.8889447236180904
F001274,0.09389072849699164,0.8334170854271357,0.5888888888888889,0.1677740985615722,0.0,1.0,1.0,1.0,0.0,real,3,0.3701005025125628,0.8334170854271357,0.09798994974874371,0.048994974874371856,0.20318331607787685,0.8107169010883563
F001275,0.0,0.37763819095477386,0.5611111111111111,0.4220759980716129,0.25,1.0,1.0,1.0,0.25,real,3,0.8304020100502513,0.37763819095477386,0.4738693467336683,0.23693467336683416,0.6119520340395445,0.48491363854448116
F001276,0.0,0.37763819095477386,0.38333333333333336,0.7505553499465135,0.0,1.0,1.0,1.0,0.0,real,3,0.3701005025125628,0.37763819095477386,0.9331658291457287,0.4665829145728643,0.3577328224034747,0.37412123431226485
F001277,0.0,0.37763819095477386,0.3888888888888889,0.5091750772173156,0.0,1.0,1.0,1.0,0.0,real,3,0.3701005025125628,0.37763819095477386,0.6276381909547739,0.31381909547738696,0.30119485619050024,0.37527272038584886
F001278,0.0,0.37763819095477386,0.5555555555555556,0.6301087501670145,0.0,1.0,1.0,1.0,0.0,real,3,0.3701005025125628,0.37763819095477386,0.8233668341708543,0.41168341708542716,0.33741449079568697,0.3745350496199591
F001279,0.0,0.37763819095477386,0.2944444444444444,0.2219442706159798,0.5,1.0,1.0,1.0,0.5,real,3,0.9587939698492463,0.37763819095477386,0.1620603015075377,0.08103015075376885,0.557088204843312,0.42472933133001695
F001280,0.040774413557518235,0.7829145728643216,0.6222222222222222,0.40734006177385246,0.0,1.0,1.0,1.0,0.0,real,3,0.3701005025125628,0.7829145728643216,0.45,0.225,0.268322864321608,0.690031407035176
F001281,0.0,0.37763819095477386,0.38333333333333336,0.2081665999466133,0.0,1.0,1.0,1.0,0.0,real,3,0.3701005025125628,0.37763819095477386,0.1442211055276382,0.0721105527638191,0.21173840307062952,0.3770946440746446
F001282,0.0,0.37763819095477386,0.6888888888888889,0.8572134009771516,0.25,1.0,1.0,1.0,0.25,real,3,0.8304020100502513,0.37763819095477386,0.9839195979899498,0.4919597989949749,0.8237254109744704,0.6003797883891822
F001283,0.0,0.37763819095477386,0.27222222222222225,0.28349668493717944,0.0,1.0,1.0,1.0,0.0,real,3,0.3701005025125628,0.37763819095477386,0.24547738693467336,0.12273869346733668,0.23047590338627813,0.376713024923613
F001284,0.0,0.37763819095477386,0.3555555555555555,0.6012333003763859,0.0,1.0,1.0,1.0,0.0,real,3,0.3701005025125628,0.37763819095477386,0.7788944723618091,0.38944723618090454,0.3291848690689629,0.37470265902376204
F001285,0.0,0.37763819095477386,0.31666666666666665,0.7535103036971544,0.0,1.0,1.0,1.0,0.0,real,3,0.3701005025125628,0.37763819095477386,0.9386934673366835,0.46934673366834173,0.3587557132395647,0.37410040150501256
F001286,0.0,0.37763819095477386,0.34444444444444444,0.3150543750835073,0.25,1.0,1.0,1.0,0.25,real,3,0.8304020100502513,0.37763819095477386,0.292713567839196,0.146356783919598,0.5367359725764501,0.4439032473927426
F001287,0.0,0.37763819095477386,0.23888888888888887,0.06938886664887108,0.25,1.0,1.0,1.0,0.25,real,3,0.8304020100502513,0.37763819095477386,0.016331658291457288,0.008165829145728644,0.4219819259614656,0.3813353829448751
F001288,0.3019833036961032,0.9454773869346733,0.7944444444444445,0.5738111703855714,0.0,1.0,1.0,1.0,0.0,real,3,0.3701005025125628,0.9454773869346733,0.7304020100502513,0.36520100502512565,0.3202113267341734,0.7353491704754931
F001289,0.0,0.37763819095477386,0.42777777777777776,0.2009237924447236,0.25,1.0,1.0,1.0,0.25,real,3,0.8304020100502513,0.37763819095477386,0.12135678391959799,0.060678391959798995,0.4655884636751597,0.40511117143506475
F001290,0.0,0.37763819095477386,0.35,0.40960685758148363,0.0,1.0,1.0,1.0,0.0,real,3,0.3701005025125628,0.37763819095477386,0.4552763819095477,0.22763819095477386,0.26929926011969396,0.3759223251938082
F001291,0.0,0.37763819095477386,0.6611111111111111,0.9142898478742537,0.0,1.0,1.0,1.0,0.0,real,3,0.3701005025125628,0.37763819095477386,0.9904522613065326,0.4952261306532663,0.3683336910684074,0.3739053306734678
F001292,0.0,0.37763819095477386,0.3055555555555556,0.4114113018127471,0.0,1.0,1.0,1.0,0.0,real,3,0.3701005025125628,0.37763819095477386,0.4600502512562814,0.2300251256281407,0.2701826658417717,0.3759043332239085
F001293,0.0,0.37763819095477386,0.28888888888888886,0.7812620369443086,0.25,1.0,1.0,1.0,0.25,real,3,0.8304020100502513,0.37763819095477386,0.9540201005025125,0.47701005025125626,0.8113111095679402,0.5936110830534582
F001294,0.0,0.37763819095477386,0.20555555555555555,0.41677776296691227,0.25,1.0,1.0,1.0,0.25,real,3,0.8304020100502513,0.37763819095477386,0.4685929648241206,0.2342964824120603,0.6097612749678039,0.48371916113229463
F001295,0.18985690583578663,0.8937185929648241,0.7222222222222222,0.5091750772173156,0.0,1.0,1.0,1.0,0.0,real,3,0.3701005025125628,0.8937185929648241,0.6276381909547739,0.31381909547738696,0.30119485619050024,0.7293972374434989
F001296,0.18985690583578663,0.8937185929648241,0.7222222222222222,0.5091750772173156,0.0,1.0,1.0,1.0,0.0,real,3,0.3701005025125628,0.8937185929648241,0.6276381909547739,0.31381909547738696,0.30119485619050024,0.7293972374434989
F001297,0.0,0.37763819095477386,0.2777777777777778,0.39063101847215437,0.25,1.0,1.0,1.0,0.25,real,3,0.8304020100502513,0.37763819095477386,0.4168341708542714,0.2084170854271357,0.588270971692634,0.47200190651751217
F001298,0.0,0.37763819095477386,0.6333333333333333,0.7512951779723097,0.0,1.0,1.0,1.0,0.0,real,3,0.3701005025125628,0.37763819095477386,0.935678391959799,0.4678391959798995,0.3581977727835156,0.3741117648544229
F001299,0.0,0.37763819095477386,0.21111111111111108,0.2143033502442879,0.25,1.0,1.0,1.0,0.25,real,3,0.8304020100502513,0.37763819095477386,0.14798994974874372,0.07399497487437186,0.4766465808944219,0.4111404383727683
F001300,0.0,0.37763819095477386,0.34444444444444444,0.2694301256218254,0.25,1.0,1.0,1.0,0.25,real,3,0.8304020100502513,0.37763819095477386,0.21834170854271356,0.10917085427135678,0.5058567018509633,0.4270668038685892
F001301,0.0,0.37763819095477386,0.23888888888888887,0.2009237924447236,0.0,1.0,1.0,1.0,0.0,real,3,0.3701005025125628,0.37763819095477386,0.12135678391959799,0.060678391959798995,0.20750735461225725,0.3771808161410065
F001302,0.0,0.37763819095477386,0.24444444444444446,0.5388602512436508,0.25,1.0,1.0,1.0,0.25,real,3,0.8304020100502513,0.37763819095477386,0.6738693467336684,0.3369346733668342,0.6949922350445695,0.530190020454029
F001303,0.0,0.37763819095477386,0.33333333333333337,0.5811865258054231,0.25,1.0,1.0,1.0,0.25,real,3,0.8304020100502513,0.37763819095477386,0.7371859296482413,0.36859296482412063,0.721281343905457,0.5445237494002677
F001304,0.4149868866918772,0.9763819095477387,0.7722222222222221,0.2589151155051343,0.0,1.0,1.0,1.0,0.0,real,3,0.3701005025125628,0.9763819095477387,0.20251256281407035,0.10125628140703517,0.22252525188757857,0.9149921087851317
F001305,0.08628993597898799,0.8266331658291457,0.6833333333333333,0.5607534613753574,0.0,1.0,1.0,1.0,0.0,real,3,0.3701005025125628,0.8266331658291457,0.7165829145728643,0.35829145728643214,0.3176540996439484,0.6630614125905911
F001306,0.0,0.37763819095477386,0.3555555555555555,0.5551109331909687,0.5,1.0,1.0,1.0,0.5,real,3,0.9587939698492463,0.37763819095477386,0.6972361809045227,0.34861809045226133,0.8136499078306104,0.5802396088482614
F001307,0.0,0.37763819095477386,0.2222222222222222,0.20367003088692623,0.0,1.0,1.0,1.0,0.0,real,3,0.3701005025125628,0.37763819095477386,0.12964824120603016,0.06482412060301508,0.2090416908663923,0.377149566930128
F001308,0.0,0.37763819095477386,0.36111111111111116,0.16442942874387495,0.0,1.0,1.0,1.0,0.0,real,3,0.3701005025125628,0.37763819095477386,0.09321608040201006,0.04660804020100503,0.2022999103557991,0.37728687406883665
F001309,0.0,0.37763819095477386,0.5722222222222222,0.46706332348852675,0.0,1.0,1.0,1.0,0.0,real,3,0.3701005025125628,0.37763819095477386,0.5527638190954773,0.27638190954773867,0.2873393348652812,0.3755549102295397
F001310,0.0,0.37763819095477386,0.37777777777777777,0.5047918529600243,0.0,1.0,1.0,1.0,0.0,real,3,0.3701005025125628,0.37763819095477386,0.6180904522613065,0.30904522613065327,0.2994280447463448,0.37530870432564833
F001311,0.0,0.37763819095477386,0.35,0.21858128414340006,0.0,1.0,1.0,1.0,0.0,real,3,0.3701005025125628,0.37763819095477386,0.15527638190954773,0.07763819095477387,0.21378418474280952,0.3770529784601399
F001312,0.0,0.37763819095477386,0.3055555555555556,0.16442942874387495,0.0,1.0,1.0,1.0,0.0,real,3,0.3701005025125628,0.37763819095477386,0.09321608040201006,0.04660804020100503,0.2022999103557991,0.37728687406883665
F001313,0.0,0.37763819095477386,0.5333333333333333,0.48074017006186537,0.25,1.0,1.0,1.0,0.25,real,3,0.8304020100502513,0.37763819095477386,0.5814070351758794,0.2907035175879397,0.6566017903588294,0.5092582258023787
F001314,0.20165258658771829,0.9017587939698493,0.6611111111111111,0.2411392712690079,0.0,1.0,1.0,1.0,0.0,real,3,0.3701005025125628,0.9017587939698493,0.19020100502512563,0.09510050251256282,0.22024699502537817,0.8511978232872908
F001315,0.0,0.37763819095477386,0.3111111111111111,0.20367003088692623,0.5,1.0,1.0,1.0,0.5,real,3,0.9587939698492463,0.37763819095477386,0.12964824120603016,0.06482412060301508,0.5415499608595743,0.41531110325496834
F001316,0.36779874338239293,0.9660804020100503,0.7722222222222223,0.3532914021241032,0.0,1.0,1.0,1.0,0.0,real,3,0.3701005025125628,0.9660804020100503,0.36055276381909546,0.18027638190954773,0.25177063079215173,0.8586393020378273
F001317,0.20524723046145907,0.9030150753768844,0.6777777777777778,0.300616650188193,0.0,1.0,1.0,1.0,0.0,real,3,0.3701005025125628,0.9030150753768844,0.2708542713567839,0.13542713567839196,0.23517190222469128,0.8308439812125957
F001318,0.0,0.37763819095477386,0.23888888888888887,0.06938886664887108,0.0,1.0,1.0,1.0,0.0,real,3,0.3701005025125628,0.37763819095477386,0.016331658291457288,0.008165829145728644,0.1880724287265473,0.37757663947880105
F001319,0.16746440855249428,0.8844221105527639,0.6222222222222222,0.15396007178390017,0.0,1.0,1.0,1.0,0.0,real,3,0.3701005025125628,0.8844221105527639,0.0814070351758794,0.0407035175879397,0.20011464356960681,0.8634874119340422
F001320,0.0,0.37763819095477386,0.19444444444444442,0.11706281947614157,0.0,1.0,1.0,1.0,0.0,real,3,0.3701005025125628,0.37763819095477386,0.04221105527638191,0.021105527638190954,0.19286141764096867,0.3774791040630287
F001321,0.0,0.37763819095477386,0.3111111111111111,0.6710963942462889,0.0,1.0,1.0,1.0,0.0,real,3,0.3701005025125628,0.37763819095477386,0.8680904522613065,0.43404522613065327,0.3456906075604152,0.3743664932703719
F001322,0.0,0.37763819095477386,0.2944444444444445,0.39487456986481917,0.25,1.0,1.0,1.0,0.25,real,3,0.8304020100502513,0.37763819095477386,0.42839195979899497,0.21419597989949749,0.5930697772783515,0.47461838084896846
F001323,0.0,0.37763819095477386,0.5333333333333333,0.39999999999999997,0.0,1.0,1.0,1.0,0.0,real,3,0.3701005025125628,0.37763819095477386,0.4301507537688442,0.2150753768844221,0.2646497563192849,0.37601701977222796
F001324,0.0,0.37763819095477386,0.3388888888888889,0.1503083250940965,0.0,1.0,1.0,1.0,0.0,real,3,0.3701005025125628,0.37763819095477386,0.07412060301507538,0.03706030150753769,0.1987662874674882,0.3773588419484356
F001325,0.32516673338672003,0.9527638190954774,0.7666666666666666,0.4163331998932266,0.0,1.0,1.0,1.0,0.0,real,3,0.3701005025125628,0.9527638190954774,0.464321608040201,0.2321608040201005,0.2709730814878412,0.8174922350445695
F001326,0.41042024637232144,0.9758793969849247,0.7388888888888889,0.13471506281091275,0.25,1.0,1.0,1.0,0.25,real,3,0.8304020100502513,0.9758793969849247,0.06030150753768844,0.03015075376884422,0.4402382515593041,0.9714931441125224
F001327,0.0,0.37763819095477386,0.23888888888888887,0.06938886664887108,0.0,1.0,1.0,1.0,0.0,real,3,0.3701005025125628,0.37763819095477386,0.016331658291457288,0.008165829145728644,0.1880724287265473,0.37757663947880105
F001328,0.0,0.37763819095477386,0.24444444444444446,0.4286067004885758,0.0,1.0,1.0,1.0,0.0,real,3,0.3701005025125628,0.37763819095477386,0.4907035175879397,0.24535175879396984,0.27585506047827074,0.37578880583823643
F001329,0.0,0.37763819095477386,0.39444444444444443,0.46706332348852675,0.25,1.0,1.0,1.0,0.25,real,3,0.8304020100502513,0.37763819095477386,0.5527638190954773,0.27638190954773867,0.6447090982550946,0.5027739198505088
F001330,0.34129114829119156,0.9587939698492463,0.788888888888889,0.4729732589731725,0.0,1.0,1.0,1.0,0.0,real,3,0.3701005025125628,0.9587939698492463,0.5703517587939698,0.2851758793969849,0.29059398752556753,0.7909127926062474
F001331,0.0,0.37763819095477386,0.6166666666666667,0.6489307444643928,0.0,1.0,1.0,1.0,0.0,real,3,0.3701005025125628,0.37763819095477386,0.8472361809045226,0.4236180904522613,0.3418315194060756,0.3744450897704603
F001332,0.0,0.37763819095477386,0.3666666666666667,0.30550504633038933,0.0,1.0,1.0,1.0,0.0,real,3,0.3701005025125628,0.37763819095477386,0.27261306532663315,0.13630653266331658,0.23549736749071995,0.3766107547789197
F001333,0.0,0.37763819095477386,0.3555555555555555,0.5551109331909687,0.0,1.0,1.0,1.0,0.0,real,3,0.3701005025125628,0.37763819095477386,0.6972361809045227,0.34861809045226133,0.3140739817176334,0.37501041640362615
F001334,0.0,0.37763819095477386,0.5833333333333334,0.3511884584284246,0.5,1.0,1.0,1.0,0.5,real,3,0.9587939698492463,0.37763819095477386,0.3487437185929648,0.1743718592964824,0.6465836721294917,0.4789754046614984
F001335,0.0,0.37763819095477386,0.7111111111111111,0.887777082463919,0.25,1.0,1.0,1.0,0.25,real,3,0.8304020100502513,0.37763819095477386,0.9871859296482413,0.49359296482412063,0.8250815951617384,0.6011192267872024
F001336,0.0,0.37763819095477386,0.39999999999999997,0.46188021535170054,0.0,1.0,1.0,1.0,0.0,real,3,0.3701005025125628,0.37763819095477386,0.5331658291457286,0.2665829145728643,0.2837127219009621,0.37562877200070705
F001337,0.7511966128287416,0.9984924623115577,0.9333333333333333,0.23094010767585024,0.0,1.0,1.0,1.0,0.0,real,3,0.3701005025125628,0.9984924623115577,0.1670854271356784,0.0835427135678392,0.2159694515290018,0.9459948928057372
F001338,0.0,0.37763819095477386,0.37777777777777777,0.5388602512436508,0.0,1.0,1.0,1.0,0.0,real,3,0.3701005025125628,0.37763819095477386,0.6738693467336684,0.3369346733668342,0.30974994318325294,0.3750984823615566
F001339,0.19677657668899579,0.8974874371859296,0.75,0.6064468466220084,0.0,1.0,1.0,1.0,0.0,real,3,0.3701005025125628,0.8974874371859296,0.7907035175879397,0.39535175879396983,0.3313701358551552,0.6889840849978536
F001340,0.0,0.37763819095477386,0.2222222222222222,0.20367003088692623,0.25,1.0,1.0,1.0,0.25,real,3,0.8304020100502513,0.37763819095477386,0.12964824120603016,0.06482412060301508,0.4690310850736093,0.4069882073685008
F001341,0.0,0.37763819095477386,0.2666666666666666,0.6928203230275509,0.0,1.0,1.0,1.0,0.0,real,3,0.3701005025125628,0.37763819095477386,0.8942211055276382,0.4471105527638191,0.3505260915128406,0.37426801090881545
F001342,0.044166897763147556,0.7874371859296483,0.6055555555555555,0.333888426695927,0.25,1.0,1.0,1.0,0.25,real,3,0.8304020100502513,0.7874371859296483,0.3128140703517588,0.1564070351758794,0.5450817214211763,0.7941571866872049
F001343,0.05811827062314601,0.8027638190954773,0.6277777777777778,0.39487456986481906,0.0,1.0,1.0,1.0,0.0,real,3,0.3701005025125628,0.8027638190954773,0.4258793969849246,0.2129396984924623,0.2638593406732153,0.7106326229135627
F001344,0.0,0.37763819095477386,0.45555555555555555,0.7669081745216623,0.5,1.0,1.0,1.0,0.5,real,3,0.9587939698492463,0.37763819095477386,0.9447236180904522,0.4723618090452261,0.9322946390242671,0.6521539860104543
F001345,0.0,0.37763819095477386,0.37222222222222223,0.38920621973637765,0.0,1.0,1.0,1.0,0.0,real,3,0.3701005025125628,0.37763819095477386,0.41030150753768846,0.20515075376884423,0.26097664831696166,0.37609182848917955
F001346,0.24318506236115578,0.9221105527638191,0.7444444444444445,0.4914076530554663,0.0,1.0,1.0,1.0,0.0,real,3,0.3701005025125628,0.9221105527638191,0.5987437185929648,0.2993718592964824,0.2958479268200298,0.7568542776697559
F001347,0.0,0.37763819095477386,0.2222222222222222,0.27755546659548436,0.0,1.0,1.0,1.0,0.0,real,3,0.3701005025125628,0.37763819095477386,0.22889447236180904,0.11444723618090452,0.22740723087800815,0.37677552334537007
F001348,0.0,0.37763819095477386,0.3888888888888889,0.3288588574877498,0.0,1.0,1.0,1.0,0.0,real,3,0.3701005025125628,0.37763819095477386,0.3075376884422111,0.15376884422110554,0.24196017777328857,0.3764791293149163
F001349,0.0,0.37763819095477386,0.3666666666666667,0.43716256828680006,0.5,1.0,1.0,1.0,0.5,real,3,0.9587939698492463,0.37763819095477386,0.5010050251256282,0.2505025125628141,0.7195772834019343,0.5232191737582385
F001350,0.0,0.37763819095477386,0.4444444444444444,0.5047918529600243,0.0,1.0,1.0,1.0,0.0,real,3,0.3701005025125628,0.37763819095477386,0.6180904522613065,0.30904522613065327,0.2994280447463448,0.37530870432564833
F001351,0.0,0.37763819095477386,0.3555555555555555,0.5551109331909687,0.0,1.0,1.0,1.0,0.0,real,3,0.3701005025125628,0.37763819095477386,0.6972361809045227,0.34861809045226133,0.3140739817176334,0.37501041640362615
F001352,0.0,0.37763819095477386,0.6333333333333333,0.7512951779723097,0.5,1.0,1.0,1.0,0.5,real,3,0.9587939698492463,0.37763819095477386,0.935678391959799,0.4678391959798995,0.9279583848892705,0.649525643291836
F001353,0.0,0.37763819095477386,0.1166666666666667,0.14529663145135582,0.0,1.0,1.0,1.0,0.0,real,3,0.3701005025125628,0.37763819095477386,0.06733668341708543,0.033668341708542715,0.19751092144137775,0.37738440948460894
F001354,0.0,0.37763819095477386,0.32777777777777783,0.44263520637871306,0.25,1.0,1.0,1.0,0.25,real,3,0.8304020100502513,0.37763819095477386,0.507537688442211,0.2537688442211055,0.6259311633544608,0.49253554203176686
F001355,0.0,0.37763819095477386,0.25,0.29627314724385295,0.25,1.0,1.0,1.0,0.25,real,3,0.8304020100502513,0.37763819095477386,0.2623115577889447,0.13115577889447236,0.5241130274488018,0.4370207823034772
F001356,0.0,0.37763819095477386,0.4388888888888889,0.41677776296691227,0.25,1.0,1.0,1.0,0.25,real,3,0.8304020100502513,0.37763819095477386,0.4685929648241206,0.2342964824120603,0.6097612749678039,0.48371916113229463
F001357,0.2775464301006656,0.9349246231155779,0.7388888888888889,0.40046269535422446,0.0,1.0,1.0,1.0,0.0,real,3,0.3701005025125628,0.9349246231155779,0.435678391959799,0.2178391959798995,0.26567264715537486,0.8118837908133633
F001358,0.1611616203362774,0.8824120603015075,0.7333333333333334,0.6110100926607787,0.0,1.0,1.0,1.0,0.0,real,3,0.3701005025125628,0.8824120603015075,0.792964824120603,0.3964824120603015,0.33178859119719195,0.6792895381429762
F001359,0.0,0.37763819095477386,0.3055555555555556,0.4857220665420977,0.0,1.0,1.0,1.0,0.0,real,3,0.3701005025125628,0.37763819095477386,0.5949748743718593,0.2974874371859296,0.29515050124996844,0.3753958233377945
F001360,0.0,0.37763819095477386,0.4666666666666667,0.9237604307034013,0.0,1.0,1.0,1.0,0.0,real,3,0.3701005025125628,0.37763819095477386,0.9939698492462311,0.49698492462311555,0.36898462160046464,0.3738920734324891
F001361,0.0,0.37763819095477386,0.3055555555555556,0.4857220665420977,0.0,1.0,1.0,1.0,0.0,real,3,0.3701005025125628,0.37763819095477386,0.5949748743718593,0.2974874371859296,0.29515050124996844,0.3753958233377945
F001362,0.0,0.37763819095477386,0.4111111111111111,0.743365719274566,0.25,1.0,1.0,1.0,0.25,real,3,0.8304020100502513,0.37763819095477386,0.9278894472361809,0.46394472361809047,0.8004616360697963,0.5876955758692962
F001363,0.19674133622351697,0.8964824120603015,0.7388888888888889,0.5620728831085218,0.5,1.0,1.0,1.0,0.5,real,3,0.9587939698492463,0.8964824120603015,0.7198492462311558,0.3599246231155779,0.8244905431681019,0.9189098760132319
F001364,0.0,0.37763819095477386,0.5777777777777777,0.5551109331909687,0.0,1.0,1.0,1.0,0.0,real,3,0.3701005025125628,0.37763819095477386,0.6972361809045227,0.34861809045226133,0.3140739817176334,0.37501041640362615
F001365,0.0,0.37763819095477386,0.4166666666666667,0.3179797338056486,0.0,1.0,1.0,1.0,0.0,real,3,0.3701005025125628,0.37763819095477386,0.2992462311557789,0.14962311557788946,0.24042584151915355,0.3765103785257948
F001366,0.0,0.37763819095477386,0.21111111111111108,0.5178302310102686,0.0,1.0,1.0,1.0,0.0,real,3,0.3701005025125628,0.37763819095477386,0.6396984924623116,0.3198492462311558,0.3034266180146966,0.3752272669882074
F001367,0.0,0.37763819095477386,0.2222222222222222,0.20367003088692623,0.0,1.0,1.0,1.0,0.0,real,3,0.3701005025125628,0.37763819095477386,0.12964824120603016,0.06482412060301508,0.2090416908663923,0.377149566930128
F001368,0.0,0.37763819095477386,0.2666666666666666,0.23094010767585033,0.0,1.0,1.0,1.0,0.0,real,3,0.3701005025125628,0.37763819095477386,0.17185929648241205,0.08592964824120602,0.2168528572510795,0.37699048003838287
F001369,0.044166897763147556,0.7874371859296483,0.6055555555555555,0.333888426695927,0.0,1.0,1.0,1.0,0.0,real,3,0.3701005025125628,0.7874371859296483,0.3128140703517588,0.1564070351758794,0.24293657357137446,0.7221627926062474
F001370,0.0,0.37763819095477386,0.2444444444444444,0.3079201435678004,0.0,1.0,1.0,1.0,0.0,real,3,0.3701005025125628,0.37763819095477386,0.28065326633165827,0.14032663316582913,0.23698520870685086,0.3765804525138254
F001371,0.0,0.37763819095477386,0.2944444444444444,0.8002314480013707,0.5,1.0,1.0,1.0,0.5,real,3,0.9587939698492463,0.37763819095477386,0.9655778894472362,0.4827889447236181,0.9422921138355093,0.6582137761672685
F001372,0.08601855278669221,0.8241206030150754,0.6055555555555555,0.2501851166488378,0.0,1.0,1.0,1.0,0.0,real,3,0.3701005025125628,0.8241206030150754,0.19321608040201005,0.09660804020100502,0.22080493548142724,0.7802586108936643
F001373,0.0,0.37763819095477386,0.4666666666666667,0.39999999999999997,0.0,1.0,1.0,1.0,0.0,real,3,0.3701005025125628,0.37763819095477386,0.4301507537688442,0.2150753768844221,0.2646497563192849,0.37601701977222796
F001374,0.0,0.37763819095477386,0.2777777777777778,0.4337604732431808,0.0,1.0,1.0,1.0,0.0,real,3,0.3701005025125628,0.37763819095477386,0.49447236180904525,0.24723618090452262,0.2765524860483321,0.37577460165147347
F001375,0.0,0.37763819095477386,0.4666666666666667,0.26666666666666666,0.0,1.0,1.0,1.0,0.0,real,3,0.3701005025125628,0.37763819095477386,0.2092964824120603,0.10464824120603015,0.22378061791368903,0.3768493851165375
F001376,0.0,0.37763819095477386,0.5,0.3333333333333333,0.0,1.0,1.0,1.0,0.0,real,3,0.3701005025125628,0.37763819095477386,0.31155778894472363,0.15577889447236182,0.242704098381354,0.3764639781823691
F001377,0.0,0.37763819095477386,0.4222222222222222,0.42860670048857574,0.25,1.0,1.0,1.0,0.25,real,3,0.8304020100502513,0.37763819095477386,0.48391959798994977,0.24195979899497488,0.6161249084619076,0.48718883361531273
F001378,0.10515940274608067,0.8409547738693467,0.611111111111111,0.23412563895228303,0.5,1.0,1.0,1.0,0.5,real,3,0.9587939698492463,0.8409547738693467,0.1756281407035176,0.0878140703517588,0.563592586045807,0.8513027133153203
F001379,0.0,0.37763819095477386,0.6444444444444445,0.6158402871356008,0.0,1.0,1.0,1.0,0.0,real,3,0.3701005025125628,0.37763819095477386,0.8035175879396985,0.40175879396984926,0.3337413827933638,0.3746098583369107
F001380,0.0,0.37763819095477386,0.5611111111111111,0.32030078456443495,0.0,1.0,1.0,1.0,0.0,real,3,0.3701005025125628,0.37763819095477386,0.3037688442211055,0.15188442211055275,0.24126275220322718,0.37649333350167924
F001381,0.0,0.37763819095477386,0.29999999999999993,0.3055050463303894,0.25,1.0,1.0,1.0,0.25,real,3,0.8304020100502513,0.37763819095477386,0.2761306532663317,0.13806532663316584,0.529850729779551,0.4401491755258706
F001382,0.0,0.37763819095477386,0.3388888888888889,0.6930875632778085,0.25,1.0,1.0,1.0,0.25,real,3,0.8304020100502513,0.37763819095477386,0.8957286432160804,0.4478643216080402,0.7871084379182345,0.5804149516426352
F001383,0.0,0.37763819095477386,0.21666666666666662,0.14529663145135582,0.0,1.0,1.0,1.0,0.0,real,3,0.3701005025125628,0.37763819095477386,0.06733668341708543,0.033668341708542715,0.19751092144137775,0.37738440948460894
F001384,0.0,0.37763819095477386,0.20555555555555555,0.371682859637283,0.0,1.0,1.0,1.0,0.0,real,3,0.3701005025125628,0.37763819095477386,0.39195979899497485,0.19597989949748743,0.25758251054266307,0.3761609555314259
F001385,0.0,0.37763819095477386,0.4888888888888889,0.33554819712314443,0.0,1.0,1.0,1.0,0.0,real,3,0.3701005025125628,0.37763819095477386,0.32487437185929646,0.16243718592964823,0.24516833539557084,0.37641379005580666
F001386,0.0,0.37763819095477386,0.14444444444444443,0.1387777332977422,0.0,1.0,1.0,1.0,0.0,real,3,0.3701005025125628,0.37763819095477386,0.062311557788944726,0.031155778894472363,0.19658102068129596,0.3774033484002929
F001387,0.0,0.37763819095477386,0.5722222222222222,0.46706332348852675,0.0,1.0,1.0,1.0,0.0,real,3,0.3701005025125628,0.37763819095477386,0.5527638190954773,0.27638190954773867,0.2873393348652812,0.3755549102295397
F001388,0.0,0.37763819095477386,0.36111111111111116,0.16442942874387495,0.0,1.0,1.0,1.0,0.0,real,3,0.3701005025125628,0.37763819095477386,0.09321608040201006,0.04660804020100503,0.2022999103557991,0.37728687406883665
F001389,0.0,0.37763819095477386,0.4222222222222222,0.4682512779045661,0.0,1.0,1.0,1.0,0.0,real,3,0.3701005025125628,0.37763819095477386,0.5565326633165829,0.27826633165829145,0.28803676043534254,0.3755407060427767
F001390,0.0,0.37763819095477386,0.6444444444444445,0.6301087501670144,0.0,1.0,1.0,1.0,0.0,real,3,0.3701005025125628,0.37763819095477386,0.8190954773869347,0.40954773869346733,0.33662407514961745,0.37455114769829045
F001391,0.0,0.37763819095477386,0.4222222222222222,0.5388602512436508,0.5,1.0,1.0,1.0,0.5,real,3,0.9587939698492463,0.37763819095477386,0.6738693467336684,0.3369346733668342,0.8024479179818691,0.5734497234918311
F001392,0.0,0.37763819095477386,0.3555555555555555,0.5551109331909687,0.0,1.0,1.0,1.0,0.0,real,3,0.3701005025125628,0.37763819095477386,0.6972361809045227,0.34861809045226133,0.3140739817176334,0.37501041640362615
F001393,0.0,0.37763819095477386,0.22222222222222227,0.46825127790456617,0.5,1.0,1.0,1.0,0.5,real,3,0.9587939698492463,0.37763819095477386,0.5600502512562814,0.2800251256281407,0.7478833867831621,0.5403764109492184
F001394,0.0,0.37763819095477386,0.21666666666666662,0.14529663145135582,0.25,1.0,1.0,1.0,0.25,real,3,0.8304020100502513,0.37763819095477386,0.06733668341708543,0.033668341708542715,0.4431592636549582,0.3928819979293452
F001395,0.004786451314965967,0.7600502512562815,0.7333333333333333,0.9237604307034013,0.0,1.0,1.0,1.0,0.0,real,3,0.3701005025125628,0.7600502512562815,0.9939698492462311,0.49698492462311555,0.36898462160046464,0.5662511047700817
F001396,0.0,0.37763819095477386,0.3833333333333333,0.6489307444643929,0.25,1.0,1.0,1.0,0.25,real,3,0.8304020100502513,0.37763819095477386,0.8487437185929648,0.4243718592964824,0.767600249993687,0.5697784146864978
F001397,0.21093755647727047,0.9085427135678392,0.7388888888888889,0.5336804426010147,0.0,1.0,1.0,1.0,0.0,real,3,0.3701005025125628,0.9085427135678392,0.6592964824120603,0.32964824120603015,0.3070532309790157,0.7310461857023811
F001398,0.0,0.37763819095477386,0.33333333333333337,0.6666666666666666,0.5,1.0,1.0,1.0,0.5,real,3,0.9587939698492463,0.37763819095477386,0.8603015075376884,0.4301507537688442,0.8918229337642989,0.6276227873033509
F001399,0.0,0.37763819095477386,0.19444444444444442,0.11706281947614157,0.0,1.0,1.0,1.0,0.0,real,3,0.3701005025125628,0.37763819095477386,0.04221105527638191,0.021105527638190954,0.19286141764096867,0.3774791040630287
F001400,0.0,0.37763819095477386,0.48333333333333334,0.5686240703077328,0.0,1.0,1.0,1.0,0.0,real,3,0.3701005025125628,0.37763819095477386,0.7251256281407035,0.36256281407035174,0.31923493093608746,0.3749053054215803
F001401,0.0,0.37763819095477386,0.55,0.6691619966628244,0.0,1.0,1.0,1.0,0.0,real,3,0.3701005025125628,0.37763819095477386,0.8630653266331658,0.4315326633165829,0.3447607068003333,0.3743854321860559
F001402,0.40672439646288167,0.9746231155778895,0.788888888888889,0.34210676262979234,0.0,1.0,1.0,1.0,0.0,real,3,0.3701005025125628,0.9746231155778895,0.3407035175879397,0.17035175879396985,0.24809752278982852,0.8716416252114847
F001403,0.0,0.37763819095477386,0.3944444444444445,0.38345408726083113,0.25,1.0,1.0,1.0,0.25,real,3,0.8304020100502513,0.37763819095477386,0.4012562814070352,0.2006281407035176,0.5818030163379713,0.4684753541577233
F001404,0.0,0.37763819095477386,0.2444444444444444,0.20367003088692626,0.0,1.0,1.0,1.0,0.0,real,3,0.3701005025125628,0.37763819095477386,0.13743718592964824,0.06871859296482412,0.21048303704451907,0.3771202116108179
F001405,0.0,0.37763819095477386,0.37222222222222223,0.6466437567533984,0.0,1.0,1.0,1.0,0.0,real,3,0.3701005025125628,0.37763819095477386,0.8457286432160804,0.4228643216080402,0.34155254917805106,0.37445077144516553
F001406,0.0,0.37763819095477386,0.6333333333333333,0.6359594676112972,0.0,1.0,1.0,1.0,0.0,real,3,0.3701005025125628,0.37763819095477386,0.8298994974874372,0.4149497487437186,0.3386233617837934,0.37451042902957
F001407,0.0,0.37763819095477386,0.6055555555555556,0.5699252712547627,0.0,1.0,1.0,1.0,0.0,real,3,0.3701005025125628,0.37763819095477386,0.728140703517588,0.364070351758794,0.3197928713921366,0.37489394207216986
F001408,0.0,0.37763819095477386,0.3222222222222222,0.3671713698190735,0.25,1.0,1.0,1.0,0.25,real,3,0.8304020100502513,0.37763819095477386,0.3751256281407035,0.18756281407035175,0.5709535428398274,0.46255984697356123
F001409,0.0,0.37763819095477386,0.55,0.40414518843273806,0.0,1.0,1.0,1.0,0.0,real,3,0.3701005025125628,0.37763819095477386,0.44271356783919597,0.22135678391959798,0.2669745082194894,0.37596967248301805
F001410,0.4050018396081027,0.9738693467336683,0.7444444444444445,0.1677740985615723,0.0,1.0,1.0,1.0,0.0,real,3,0.3701005025125628,0.9738693467336683,0.10452261306532663,0.05226130653266332,0.2043921870659832,0.9423155980909572
F001411,0.0,0.37763819095477386,0.29999999999999993,0.37118429085533483,0.0,1.0,1.0,1.0,0.0,real,3,0.3701005025125628,0.37763819095477386,0.38517587939698494,0.19258793969849247,0.2563271445165526,0.3761865230675993
F001412,0.0,0.37763819095477386,0.4222222222222222,0.6301087501670144,0.0,1.0,1.0,1.0,0.0,real,3,0.3701005025125628,0.37763819095477386,0.8190954773869347,0.40954773869346733,0.33662407514961745,0.37455114769829045
F001413,0.0,0.37763819095477386,0.39444444444444443,0.33388842669592717,0.0,1.0,1.0,1.0,0.0,real,3,0.3701005025125628,0.37763819095477386,0.31809045226130656,0.15904522613065328,0.2439129693694604,0.37643935759197994
F001414,0.31380721308696585,0.9510050251256281,0.7277777777777777,0.2834966849371794,0.5,1.0,1.0,1.0,0.5,real,3,0.9587939698492463,0.9510050251256281,0.23969849246231156,0.11984924623115578,0.5943077195020328,0.9519385242796898
F001415,0.0,0.37763819095477386,0.31666666666666665,0.17320508075688776,0.25,1.0,1.0,1.0,0.25,real,3,0.8304020100502513,0.37763819095477386,0.10603015075376884,0.05301507537688442,0.45922483018105603,0.40164149895204665
F001416,0.0,0.37763819095477386,0.5111111111111111,0.8572134009771516,0.0,1.0,1.0,1.0,0.0,real,3,0.3701005025125628,0.37763819095477386,0.9839195979899498,0.4919597989949749,0.367124820080301,0.373929951263857
F001417,0.0,0.37763819095477386,0.2777777777777778,0.5091750772173156,0.0,1.0,1.0,1.0,0.0,real,3,0.3701005025125628,0.37763819095477386,0.6276381909547739,0.31381909547738696,0.30119485619050024,0.37527272038584886
F001418,0.0,0.37763819095477386,0.2777777777777778,0.39063101847215437,0.0,1.0,1.0,1.0,0.0,real,3,0.3701005025125628,0.37763819095477386,0.4168341708542714,0.2084170854271357,0.26218551930506806,0.37606720789879045
F001419,0.0,0.37763819095477386,0.39444444444444443,0.36565517048676294,0.0,1.0,1.0,1.0,0.0,real,3,0.3701005025125628,0.37763819095477386,0.36683417085427134,0.18341708542713567,0.252933006742254,0.3762556501098457
F001420,0.0,0.37763819095477386,0.29999999999999993,0.37118429085533483,0.25,1.0,1.0,1.0,0.25,real,3,0.8304020100502513,0.37763819095477386,0.38517587939698494,0.19258793969849247,0.5751264172621903,0.46483504204439285
F001421,0.0,0.37763819095477386,0.28888888888888886,0.07698003589195009,0.0,1.0,1.0,1.0,0.0,real,3,0.3701005025125628,0.37763819095477386,0.0228643216080402,0.0114321608040201,0.18928129971465368,0.3775520188884119
F001422,0.0,0.37763819095477386,0.4111111111111111,0.582459663203607,0.0,1.0,1.0,1.0,0.0,real,3,0.3701005025125628,0.37763819095477386,0.7452261306532664,0.3726130653266332,0.32295453397641477,0.37482954975884447
F001423,0.0,0.37763819095477386,0.47777777777777775,0.5347204184673762,0.25,1.0,1.0,1.0,0.25,real,3,0.8304020100502513,0.37763819095477386,0.6608040201005025,0.33040201005025127,0.6895674982954976,0.527232266861948
F001424,0.0,0.37763819095477386,0.49444444444444446,0.29876288132775003,0.0,1.0,1.0,1.0,0.0,real,3,0.3701005025125628,0.37763819095477386,0.26457286432160804,0.13228643216080402,0.23400952627458904,0.376641057044014
F001425,0.0,0.37763819095477386,0.2666666666666667,0.1333333333333333,0.0,1.0,1.0,1.0,0.0,real,3,0.3701005025125628,0.37763819095477386,0.04773869346733668,0.02386934673366834,0.19388430847705868,0.37745827125577636
F001426,0.0,0.37763819095477386,0.2666666666666667,0.35276684147527876,0.0,1.0,1.0,1.0,0.0,real,3,0.3701005025125628,0.37763819095477386,0.3555276381909548,0.1777638190954774,0.25084073003206986,0.3762982626701346
F001427,0.0,0.37763819095477386,0.31666666666666665,0.40960685758148363,0.0,1.0,1.0,1.0,0.0,real,3,0.3701005025125628,0.37763819095477386,0.4552763819095477,0.22763819095477386,0.26929926011969396,0.3759223251938082
F001428,0.14101013309717572,0.8683417085427135,0.65,0.31797973380564853,0.0,1.0,1.0,1.0,0.0,real,3,0.3701005025125628,0.8683417085427135,0.29447236180904524,0.14723618090452262,0.23954243579707585,0.7949825761975707
F001429,0.0,0.37763819095477386,0.27222222222222225,0.2501851166488378,0.25,1.0,1.0,1.0,0.25,real,3,0.8304020100502513,0.37763819095477386,0.19321608040201005,0.09660804020100502,0.49542451579505564,0.4213788161915103
F001430,0.0,0.37763819095477386,0.33333333333333326,0.4,0.0,1.0,1.0,1.0,0.0,real,3,0.3701005025125628,0.37763819095477386,0.43241206030150753,0.21620603015075376,0.2650682116613217,0.37600849726017016
F001431,0.0,0.37763819095477386,0.3666666666666667,0.24037008503093263,0.75,1.0,1.0,1.0,0.75,real,3,0.9987437185929648,0.37763819095477386,0.18341708542713567,0.09170854271356783,0.590965190272973,0.43459887376581396
F001432,0.0,0.37763819095477386,0.3555555555555555,0.5551109331909687,0.0,1.0,1.0,1.0,0.0,real,3,0.3701005025125628,0.37763819095477386,0.6972361809045227,0.34861809045226133,0.3140739817176334,0.37501041640362615
F001433,0.4455095388402559,0.9809045226130654,0.8166666666666667,0.37564758898615486,0.0,1.0,1.0,1.0,0.0,real,3,0.3701005025125628,0.9809045226130654,0.3949748743718593,0.19748743718592965,0.25814045099871213,0.8602784020605541
F001434,0.0,0.37763819095477386,0.3555555555555555,0.20367003088692623,0.0,1.0,1.0,1.0,0.0,real,3,0.3701005025125628,0.37763819095477386,0.12964824120603016,0.06482412060301508,0.2090416908663923,0.377149566930128
F001435,0.0,0.37763819095477386,0.3388888888888889,0.1503083250940965,0.25,1.0,1.0,1.0,0.25,real,3,0.8304020100502513,0.37763819095477386,0.07412060301507538,0.03706030150753769,0.4459759538900533,0.3944177546021565
F001436,0.0,0.37763819095477386,0.28888888888888886,0.6842135252595846,0.0,1.0,1.0,1.0,0.0,real,3,0.3701005025125628,0.37763819095477386,0.8864321608040201,0.44321608040201005,0.34908474533471373,0.3742973662281256
F001437,0.0,0.37763819095477386,0.21666666666666662,0.27284509239574833,0.5,1.0,1.0,1.0,0.5,real,3,0.9587939698492463,0.37763819095477386,0.22336683417085426,0.11168341708542713,0.586478371758289,0.44254365420065145
F001438,0.2795207240779508,0.9366834170854271,0.75,0.4409585518440984,0.0,1.0,1.0,1.0,0.0,real,3,0.3701005025125628,0.9366834170854271,0.5032663316582915,0.25163316582914574,0.2781798123784753,0.7941123645867529
F001439,0.0,0.37763819095477386,0.4722222222222222,0.11706281947614153,0.0,1.0,1.0,1.0,0.0,real,3,0.3701005025125628,0.37763819095477386,0.03969849246231156,0.01984924623115578,0.19239646726092777,0.3774885735208707
F001440,0.0,0.37763819095477386,0.28888888888888886,0.6842135252595846,0.0,1.0,1.0,1.0,0.0,real,3,0.3701005025125628,0.37763819095477386,0.8864321608040201,0.44321608040201005,0.34908474533471373,0.3742973662281256
F001441,0.0,0.37763819095477386,0.28888888888888886,0.2775554665954844,0.25,1.0,1.0,1.0,0.25,real,3,0.8304020100502513,0.37763819095477386,0.23417085427135678,0.11708542713567839,0.5124289790661852,0.43065023610514885
F001442,0.3292500333600267,0.9547738693467337,0.7166666666666667,0.20816659994661335,0.25,1.0,1.0,1.0,0.25,real,3,0.8304020100502513,0.9547738693467337,0.1457286432160804,0.0728643216080402,0.4757076841493902,0.9457115981919648
F001443,0.0,0.37763819095477386,0.3222222222222222,0.3671713698190735,0.0,1.0,1.0,1.0,0.0,real,3,0.3701005025125628,0.37763819095477386,0.3751256281407035,0.18756281407035175,0.254467342996389,0.3762244008989672
F001444,0.0,0.37763819095477386,0.42777777777777776,0.5738111703855715,0.25,1.0,1.0,1.0,0.25,real,3,0.8304020100502513,0.37763819095477386,0.7319095477386934,0.3659547738693467,0.7190905848337164,0.5433292719880811
F001445,0.0,0.37763819095477386,0.2666666666666666,0.23094010767585033,0.0,1.0,1.0,1.0,0.0,real,3,0.3701005025125628,0.37763819095477386,0.17185929648241205,0.08592964824120602,0.2168528572510795,0.37699048003838287
F001446,0.0,0.37763819095477386,0.4888888888888889,0.42860670048857574,0.0,1.0,1.0,1.0,0.0,real,3,0.3701005025125628,0.37763819095477386,0.48391959798994977,0.24195979899497488,0.2745996944521603,0.3758143733744097
F001447,0.0,0.37763819095477386,0.5166666666666667,0.6244997998398398,0.5,1.0,1.0,1.0,0.5,real,3,0.9587939698492463,0.37763819095477386,0.8128140703517588,0.4064070351758794,0.8690575995555668,0.6138239880306052
F001448,0.0,0.37763819095477386,0.19444444444444442,0.3469443332443554,0.0,1.0,1.0,1.0,0.0,real,3,0.3701005025125628,0.37763819095477386,0.34522613065326635,0.17261306532663317,0.24893443347390215,0.37633708744728667
F001449,0.0,0.37763819095477386,0.24444444444444446,0.15396007178390017,0.0,1.0,1.0,1.0,0.0,real,3,0.3701005025125628,0.37763819095477386,0.0814070351758794,0.0407035175879397,0.20011464356960681,0.3773313805206939
F001450,0.0,0.37763819095477386,0.5722222222222222,0.333888426695927,0.0,1.0,1.0,1.0,0.0,real,3,0.3701005025125628,0.37763819095477386,0.3128140703517588,0.1564070351758794,0.24293657357137446,0.3764592434534481
F001451,0.0,0.37763819095477386,0.3222222222222222,0.7190528749939304,0.0,1.0,1.0,1.0,0.0,real,3,0.3701005025125628,0.37763819095477386,0.9133165829145728,0.4566582914572864,0.35405971440115147,0.37419604302921644
F001452,0.0,0.37763819095477386,0.6333333333333333,0.6359594676112972,0.0,1.0,1.0,1.0,0.0,real,3,0.3701005025125628,0.37763819095477386,0.8298994974874372,0.4149497487437186,0.3386233617837934,0.37451042902957
F001453,0.0,0.37763819095477386,0.43333333333333335,0.6960204339273701,0.0,1.0,1.0,1.0,0.0,real,3,0.3701005025125628,0.37763819095477386,0.9010050251256282,0.4505025125628141,0.35178145753895107,0.37424244337264206
F001454,0.0,0.37763819095477386,0.5888888888888889,0.582459663203607,0.0,1.0,1.0,1.0,0.0,real,3,0.3701005025125628,0.37763819095477386,0.7452261306532664,0.3726130653266332,0.32295453397641477,0.37482954975884447
F001455,0.0,0.37763819095477386,0.5833333333333334,0.39299420408505326,0.5,1.0,1.0,1.0,0.5,real,3,0.9587939698492463,0.37763819095477386,0.4228643216080402,0.2114321608040201,0.6821168657357138,0.5005132130501755
F001456,0.0,0.37763819095477386,0.3388888888888889,0.1503083250940965,0.25,1.0,1.0,1.0,0.25,real,3,0.8304020100502513,0.37763819095477386,0.07412060301507538,0.03706030150753769,0.4459759538900533,0.3944177546021565
F001457,0.5853276880479024,0.99321608040201,0.8888888888888888,0.3849001794597506,0.0,1.0,1.0,1.0,0.0,real,3,0.3701005025125628,0.99321608040201,0.4055276381909548,0.2027638190954774,0.260093242594884,0.8668707860912603
F001458,0.0,0.37763819095477386,0.29999999999999993,0.37118429085533483,0.0,1.0,1.0,1.0,0.0,real,3,0.3701005025125628,0.37763819095477386,0.38517587939698494,0.19258793969849247,0.2563271445165526,0.3761865230675993
F001459,0.0,0.37763819095477386,0.3833333333333333,0.6887992773257275,0.25,1.0,1.0,1.0,0.25,real,3,0.8304020100502513,0.37763819095477386,0.892713567839196,0.446356783919598,0.7858565755915254,0.5797323931213858
F001460,0.2780000889600712,0.935678391959799,0.7777777777777778,0.5551109331909687,0.0,1.0,1.0,1.0,0.0,real,3,0.3701005025125628,0.935678391959799,0.6972361809045227,0.34861809045226133,0.3140739817176334,0.7385077081386833
F001461,0.2902832459290272,0.9422110552763819,0.7333333333333333,0.35276684147527876,0.0,1.0,1.0,1.0,0.0,real,3,0.3701005025125628,0.9422110552763819,0.3555276381909548,0.1777638190954774,0.25084073003206986,0.8405104984722609
F001462,0.0,0.37763819095477386,0.2944444444444445,0.39487456986481917,0.25,1.0,1.0,1.0,0.25,real,3,0.8304020100502513,0.37763819095477386,0.42839195979899497,0.21419597989949749,0.5930697772783515,0.47461838084896846
F001463,0.09623184019853498,0.8341708542713567,0.6944444444444444,0.5853140973807077,0.25,1.0,1.0,1.0,0.25,real,3,0.8304020100502513,0.8341708542713567,0.749748743718593,0.3748743718592965,0.7264974369334108,0.8327580111613343
F001464,0.281672185490975,0.9391959798994974,0.7666666666666666,0.5033222956847166,0.0,1.0,1.0,1.0,0.0,real,3,0.3701005025125628,0.9391959798994974,0.6110552763819096,0.3055276381909548,0.29812618368223026,0.7653215827883133
F001465,0.0,0.37763819095477386,0.55,0.40414518843273806,0.0,1.0,1.0,1.0,0.0,real,3,0.3701005025125628,0.37763819095477386,0.44271356783919597,0.22135678391959798,0.2669745082194894,0.37596967248301805
F001466,0.2076767997638424,0.9045226130653267,0.6833333333333333,0.3179797338056486,0.0,1.0,1.0,1.0,0.0,real,3,0.3701005025125628,0.9045226130653267,0.2992462311557789,0.14962311557788946,0.24042584151915355,0.8245607118507109
F001467,0.0,0.37763819095477386,0.32777777777777783,0.46228097917143823,0.0,1.0,1.0,1.0,0.0,real,3,0.3701005025125628,0.37763819095477386,0.5409547738693468,0.2704773869346734,0.28515406807908894,0.3755994166813969
F001468,0.0,0.37763819095477386,0.21666666666666662,0.14529663145135582,0.0,1.0,1.0,1.0,0.0,real,3,0.3701005025125628,0.37763819095477386,0.06733668341708543,0.033668341708542715,0.19751092144137775,0.37738440948460894
F001469,0.05520878427204487,0.7959798994974875,0.5944444444444444,0.26736020923368803,0.0,1.0,1.0,1.0,0.0,real,3,0.3701005025125628,0.7959798994974875,0.21256281407035177,0.10628140703517588,0.22438505340774223,0.7507168379586374
F001470,0.0,0.37763819095477386,0.3666666666666667,0.8511430223202471,0.0,1.0,1.0,1.0,0.0,real,3,0.3701005025125628,0.37763819095477386,0.9826633165829146,0.4913316582914573,0.36689234489028055,0.3739346859927779
F001471,0.0,0.37763819095477386,0.6666666666666666,0.9333333333333333,0.25,1.0,1.0,1.0,0.25,real,3,0.8304020100502513,0.37763819095477386,0.9954773869346734,0.4977386934673367,0.8285242165601879,0.6029962627206383
F001472,0.0,0.37763819095477386,0.4388888888888889,0.3532914021241032,0.0,1.0,1.0,1.0,0.0,real,3,0.3701005025125628,0.37763819095477386,0.36055276381909546,0.18027638190954773,0.25177063079215173,0.3762793237544506
F001473,0.0,0.37763819095477386,0.28888888888888886,0.6842135252595846,0.0,1.0,1.0,1.0,0.0,real,3,0.3701005025125628,0.37763819095477386,0.8864321608040201,0.44321608040201005,0.34908474533471373,0.3742973662281256
F001474,0.0,0.37763819095477386,0.25555555555555554,0.16777409856157224,0.0,1.0,1.0,1.0,0.0,real,3,0.3701005025125628,0.37763819095477386,0.10326633165829145,0.051633165829145726,0.2041597118759627,0.37724899623746877
F001475,0.4092760956676479,0.9753768844221106,0.7555555555555555,0.2036700308869263,0.25,1.0,1.0,1.0,0.25,real,3,0.8304020100502513,0.9753768844221106,0.14045226130653266,0.07022613065326633,0.4735169250776496,0.9651958599530316
F001476,0.0,0.37763819095477386,0.6,0.4807401700618653,0.5,1.0,1.0,1.0,0.5,real,3,0.9587939698492463,0.37763819095477386,0.5798994974874372,0.2899497487437186,0.7573990555794046,0.5461441630261862
F001477,0.1892374781489235,0.8922110552763819,0.6166666666666667,0.08819171036881962,0.0,1.0,1.0,1.0,0.0,real,3,0.3701005025125628,0.8922110552763819,0.027889447236180906,0.013944723618090453,0.19021120047473547,0.8849303679200021
F001478,0.14872171948963303,0.8748743718592965,0.6833333333333333,0.43588989435406733,0.25,1.0,1.0,1.0,0.25,real,3,0.8304020100502513,0.8748743718592965,0.4972361809045226,0.2486180904522613,0.6216539670715385,0.8638177381884297
F001479,0.0,0.37763819095477386,0.28888888888888886,0.15396007178390017,0.25,1.0,1.0,1.0,0.25,real,3,0.8304020100502513,0.37763819095477386,0.0814070351758794,0.0407035175879397,0.4490012878462665,0.3960672710285094
F001480,0.2431850623611558,0.9226130653266331,0.7444444444444445,0.49140765305546624,0.0,1.0,1.0,1.0,0.0,real,3,0.3701005025125628,0.9226130653266331,0.5972361809045226,0.2986180904522613,0.29556895659200527,0.7576228188682104
F001481,0.0,0.37763819095477386,0.36666666666666664,0.43716256828680006,0.5,1.0,0.5,0.5,0.5,real,3,0.9587939698492463,0.37763819095477386,0.5010050251256282,0.12525125628140704,0.35978864170096714,0.4504286823565061
F001482,0.0,0.37763819095477386,0.3222222222222222,0.3671713698190735,0.0,1.0,1.0,1.0,0.0,real,3,0.3701005025125628,0.37763819095477386,0.3751256281407035,0.18756281407035175,0.254467342996389,0.3762244008989672
F001483,0.0,0.37763819095477386,0.3111111111111111,0.3355481971231445,0.0,1.0,1.0,1.0,0.0,real,3,0.3701005025125628,0.37763819095477386,0.3309045226130653,0.16545226130653265,0.246284216307669,0.3763910633569859
F001484,0.11441628428654776,0.8492462311557789,0.6777777777777778,0.4822785425380157,0.5,1.0,0.5,0.5,0.5,real,3,0.9587939698492463,0.8492462311557789,0.5876884422110553,0.14692211055276383,0.3805665260978258,0.8653412161309058
F001485,0.5525797013730404,0.9914572864321608,0.8055555555555556,0.11706281947614157,0.25,1.0,1.0,1.0,0.25,real,3,0.8304020100502513,0.9914572864321608,0.04221105527638191,0.021105527638190954,0.43272707759905055,0.9880581298452059
F001486,0.0,0.37763819095477386,0.6333333333333333,0.7512951779723097,0.0,1.0,1.0,1.0,0.0,real,3,0.3701005025125628,0.37763819095477386,0.935678391959799,0.4678391959798995,0.3581977727835156,0.3741117648544229
F001487,0.21000367921620552,0.9065326633165829,0.6888888888888889,0.3355481971231445,0.0,1.0,1.0,1.0,0.0,real,3,0.3701005025125628,0.9065326633165829,0.3309045226130653,0.16545226130653265,0.246284216307669,0.8177787492740082
F001488,0.0,0.37763819095477386,0.35,0.9905105305402416,0.0,1.0,1.0,1.0,0.0,real,3,0.3701005025125628,0.37763819095477386,0.9989949748743718,0.4994974874371859,0.36991452236054645,0.37387313451680515
F001489,0.0,0.37763819095477386,0.20555555555555555,0.41677776296691227,0.5,1.0,1.0,1.0,0.5,real,3,0.9587939698492463,0.37763819095477386,0.4685929648241206,0.2342964824120603,0.7040390394181966,0.5138009456831898
F001490,0.0,0.37763819095477386,0.5555555555555556,0.6301087501670145,0.25,1.0,1.0,1.0,0.25,real,3,0.8304020100502513,0.37763819095477386,0.8233668341708543,0.41168341708542716,0.7570637420772203,0.5640335471326482
F001491,0.0,0.37763819095477386,0.42777777777777776,0.6185406959874125,0.25,1.0,1.0,1.0,0.25,real,3,0.8304020100502513,0.37763819095477386,0.8092964824120603,0.40464824120603016,0.751221717885912,0.5608482740334839
F001492,0.0,0.37763819095477386,0.39999999999999997,0.46188021535170054,0.0,1.0,1.0,1.0,0.0,real,3,0.3701005025125628,0.37763819095477386,0.5331658291457286,0.2665829145728643,0.2837127219009621,0.37562877200070705
F001493,0.0,0.37763819095477386,0.5833333333333333,0.5487359211051442,0.0,1.0,1.0,1.0,0.0,real,3,0.3701005025125628,0.37763819095477386,0.685427135678392,0.342713567839196,0.3118887149314411,0.3750549228554835
F001494,0.0,0.37763819095477386,0.29999999999999993,0.37118429085533483,0.0,1.0,1.0,1.0,0.0,real,3,0.3701005025125628,0.37763819095477386,0.38517587939698494,0.19258793969849247,0.2563271445165526,0.3761865230675993
F001495,0.26382851192514,0.9311557788944723,0.7277777777777777,0.383454087260831,0.0,1.0,1.0,1.0,0.0,real,3,0.3701005025125628,0.9311557788944723,0.40050251256281405,0.20025125628140703,0.25916334183480216,0.8188037549556829
F001496,0.0,0.37763819095477386,0.28888888888888886,0.6012333003763859,0.0,1.0,1.0,1.0,0.0,real,3,0.3701005025125628,0.37763819095477386,0.7788944723618091,0.38944723618090454,0.3291848690689629,0.37470265902376204
F001497,0.0,0.37763819095477386,0.2444444444444444,0.20367003088692626,0.0,1.0,1.0,1.0,0.0,real,3,0.3701005025125628,0.37763819095477386,0.13743718592964824,0.06871859296482412,0.21048303704451907,0.3771202116108179
F001498,0.0,0.37763819095477386,0.28888888888888886,0.5388602512436507,0.5,1.0,1.0,1.0,0.5,real,3,0.9587939698492463,0.37763819095477386,0.6683417085427136,0.3341708542713568,0.7997979848993713,0.5718435140526754
F001499,0.0,0.37763819095477386,0.3055555555555556,0.4857220665420977,0.25,1.0,1.0,1.0,0.25,real,3,0.8304020100502513,0.37763819095477386,0.5949748743718593,0.2974874371859296,0.6622351708290195,0.5123297391480013
F001500,0.0,0.37763819095477386,0.37777777777777777,0.5047918529600243,0.25,1.0,1.0,1.0,0.25,real,3,0.8304020100502513,0.37763819095477386,0.6180904522613065,0.30904522613065327,0.6718327820004546,0.5175626878109139
F001501,0.0,0.37763819095477386,0.2,0.35276684147527876,0.0,1.0,1.0,1.0,0.0,real,3,0.3701005025125628,0.37763819095477386,0.3555276381909548,0.1777638190954774,0.25084073003206986,0.3762982626701346
F001502,0.0,0.37763819095477386,0.32777777777777783,0.46228097917143823,0.0,1.0,1.0,1.0,0.0,real,3,0.3701005025125628,0.37763819095477386,0.5409547738693468,0.2704773869346734,0.28515406807908894,0.3755994166813969
F001503,0.0,0.37763819095477386,0.5666666666666667,0.5456901847914967,0.0,1.0,1.0,1.0,0.0,real,3,0.3701005025125628,0.37763819095477386,0.6836683417085427,0.34183417085427137,0.3115632496654125,0.3750615514759728
F001504,0.14458342024756565,0.8731155778894473,0.6277777777777778,0.2219442706159798,0.0,1.0,1.0,1.0,0.0,real,3,0.3701005025125628,0.8731155778894473,0.1620603015075377,0.08103015075376885,0.21503955076891998,0.83235619050024
F001505,0.0,0.37763819095477386,0.3111111111111111,0.07698003589195009,0.0,1.0,1.0,1.0,0.0,real,3,0.3701005025125628,0.37763819095477386,0.0228643216080402,0.0114321608040201,0.18928129971465368,0.3775520188884119
F001506,0.0,0.37763819095477386,0.26111111111111107,0.26736020923368814,0.25,1.0,1.0,1.0,0.25,real,3,0.8304020100502513,0.37763819095477386,0.21381909547738692,0.10690954773869346,0.5039789083609,0.426042966086715
F001507,0.10566671114670223,0.842211055276382,0.6222222222222222,0.2775554665954843,0.0,1.0,1.0,1.0,0.0,real,3,0.3701005025125628,0.842211055276382,0.22537688442211054,0.11268844221105527,0.22675630034595085,0.789009652534027
F001508,0.0,0.37763819095477386,0.6277777777777778,0.6362505912097959,0.25,1.0,1.0,1.0,0.25,real,3,0.8304020100502513,0.37763819095477386,0.8341708542713567,0.41708542713567837,0.7615495820812606,0.5664793818337921
F001509,0.0,0.37763819095477386,0.5,0.4666666666666666,0.0,1.0,1.0,1.0,0.0,real,3,0.3701005025125628,0.37763819095477386,0.5454773869346734,0.2727386934673367,0.28599097876316254,0.37558237165728137
F001510,0.0,0.37763819095477386,0.3222222222222222,0.3150543750835072,0.25,1.0,1.0,1.0,0.25,real,3,0.8304020100502513,0.37763819095477386,0.2879396984924623,0.14396984924623116,0.5347538572258276,0.44282252973409764
F001511,0.0,0.37763819095477386,0.23333333333333334,0.4163331998932266,0.0,1.0,1.0,1.0,0.0,real,3,0.3701005025125628,0.37763819095477386,0.464321608040201,0.2321608040201005,0.2709730814878412,0.3758882351455771
F001512,0.0,0.37763819095477386,0.4444444444444444,0.46825127790456617,0.0,1.0,1.0,1.0,0.0,real,3,0.3701005025125628,0.37763819095477386,0.5600502512562814,0.2800251256281407,0.2886876909673998,0.3755274488017979
F001513,0.0,0.37763819095477386,0.5277777777777778,0.22194427061597974,0.25,1.0,1.0,1.0,0.25,real,3,0.8304020100502513,0.37763819095477386,0.15628140703517587,0.07814070351758794,0.4800892022928714,0.41301747430620434
F001514,0.0,0.37763819095477386,0.31666666666666665,0.7234178138070234,0.0,1.0,1.0,1.0,0.0,real,3,0.3701005025125628,0.37763819095477386,0.9160804020100503,0.4580402010050251,0.35457115981919646,0.3741856266255903
F001515,0.08628993597898799,0.8266331658291457,0.6833333333333333,0.5607534613753574,0.0,1.0,1.0,1.0,0.0,real,3,0.3701005025125628,0.8266331658291457,0.7165829145728643,0.35829145728643214,0.3176540996439484,0.6630614125905911
F001516,0.0,0.37763819095477386,0.6333333333333333,0.7512951779723097,0.25,1.0,1.0,1.0,0.25,real,3,0.8304020100502513,0.37763819095477386,0.935678391959799,0.4678391959798995,0.8036956137471276,0.5894588520491907
F001517,0.0,0.37763819095477386,0.5777777777777778,1.0095837059200488,0.0,1.0,1.0,1.0,0.0,real,3,0.3701005025125628,0.37763819095477386,1.0,0.5,0.3701005025125628,0.37386934673366834
F001518,0.0,0.37763819095477386,0.2277777777777778,0.35329140212410326,0.0,1.0,1.0,1.0,0.0,real,3,0.3701005025125628,0.37763819095477386,0.36256281407035174,0.18128140703517587,0.2521425910961844,0.3762717481881771
F001519,0.0,0.37763819095477386,0.4222222222222222,0.42860670048857574,0.25,1.0,1.0,1.0,0.25,real,3,0.8304020100502513,0.37763819095477386,0.48391959798994977,0.24195979899497488,0.6161249084619076,0.48718883361531273
F001520,0.0,0.37763819095477386,0.34444444444444444,0.45379061903693635,0.0,1.0,1.0,1.0,0.0,real,3,0.3701005025125628,0.37763819095477386,0.5273869346733668,0.2636934673366834,0.28264333602686803,0.37565055175374357
F001521,0.0,0.37763819095477386,0.3222222222222222,0.3150543750835072,0.25,1.0,1.0,1.0,0.25,real,3,0.8304020100502513,0.37763819095477386,0.2879396984924623,0.14396984924623116,0.5347538572258276,0.44282252973409764
F001522,0.0,0.37763819095477386,0.41666666666666663,0.8685876147196921,0.25,1.0,1.0,1.0,0.25,real,3,0.8304020100502513,0.37763819095477386,0.9849246231155779,0.49246231155778897,0.8241426984167067,0.6006073078962653
F001523,0.0,0.37763819095477386,0.41666666666666663,0.4409585518440984,0.0,1.0,1.0,1.0,0.0,real,3,0.3701005025125628,0.37763819095477386,0.5032663316582915,0.25163316582914574,0.2781798123784753,0.3757414585490265
F001524,0.053720540112092444,0.7937185929648242,0.5777777777777777,0.20367003088692617,0.0,1.0,1.0,1.0,0.0,real,3,0.3701005025125628,0.7937185929648242,0.12336683417085427,0.061683417085427135,0.20787931491629,0.7675883816065251
F001525,0.0,0.37763819095477386,0.3555555555555555,0.5551109331909687,0.0,1.0,1.0,1.0,0.0,real,3,0.3701005025125628,0.37763819095477386,0.6972361809045227,0.34861809045226133,0.3140739817176334,0.37501041640362615
F001526,0.0,0.37763819095477386,0.6166666666666667,0.5364492313143694,0.0,1.0,1.0,1.0,0.0,real,3,0.3701005025125628,0.37763819095477386,0.6640703517587939,0.33203517587939696,0.3079366367010934,0.3751354132471402
F001527,0.0,0.37763819095477386,0.5444444444444444,0.3421067626297922,0.0,1.0,1.0,1.0,0.0,real,3,0.3701005025125628,0.37763819095477386,0.3384422110552764,0.1692211055276382,0.24767906744779175,0.37636265498346
F001528,0.0,0.37763819095477386,0.5888888888888889,0.4914076530554663,0.0,1.0,1.0,1.0,0.0,real,3,0.3701005025125628,0.37763819095477386,0.5987437185929648,0.2993718592964824,0.2958479268200298,0.3753816191510315
F001529,0.0,0.37763819095477386,0.4222222222222222,0.42860670048857574,0.0,1.0,1.0,1.0,0.0,real,3,0.3701005025125628,0.37763819095477386,0.48391959798994977,0.24195979899497488,0.2745996944521603,0.3758143733744097
F001530,0.0,0.37763819095477386,0.34444444444444444,0.3671713698190735,0.0,1.0,1.0,1.0,0.0,real,3,0.3701005025125628,0.37763819095477386,0.3751256281407035,0.18756281407035175,0.254467342996389,0.3762244008989672
F001531,0.0,0.37763819095477386,0.2444444444444444,0.3079201435678004,0.25,1.0,1.0,1.0,0.25,real,3,0.8304020100502513,0.37763819095477386,0.28065326633165827,0.14032663316582913,0.5317285232696144,0.4411730133077447
F001532,0.0,0.37763819095477386,0.20555555555555555,0.340478965467657,0.0,1.0,1.0,1.0,0.0,real,3,0.3701005025125628,0.37763819095477386,0.3374371859296482,0.1687185929648241,0.24749308729577535,0.3763664427665968
F001533,0.0,0.37763819095477386,0.48333333333333334,0.7505553499465134,0.0,1.0,1.0,1.0,0.0,real,3,0.3701005025125628,0.37763819095477386,0.9324120603015076,0.4662060301507538,0.3575933372894624,0.37412407514961743
F001534,0.0,0.37763819095477386,0.48333333333333334,0.26457513110645914,0.5,1.0,1.0,1.0,0.5,real,3,0.9587939698492463,0.37763819095477386,0.207035175879397,0.1035175879396985,0.5786490240145451,0.4377980354031464
F001535,0.0,0.37763819095477386,0.3222222222222222,0.3150543750835072,0.0,1.0,1.0,1.0,0.0,real,3,0.3701005025125628,0.37763819095477386,0.2879396984924623,0.14396984924623116,0.23833356480896947,0.3765529910860837
F001536,0.0,0.37763819095477386,0.3555555555555555,0.6710963942462889,0.0,1.0,1.0,1.0,0.0,real,3,0.3701005025125628,0.37763819095477386,0.8680904522613065,0.43404522613065327,0.3456906075604152,0.3743664932703719
F001537,0.260488240937585,0.9304020100502512,0.7666666666666666,0.5456901847914967,0.0,1.0,1.0,1.0,0.0,real,3,0.3701005025125628,0.9304020100502512,0.6836683417085427,0.34183417085427137,0.3115632496654125,0.7388718087927073
F001538,0.0,0.37763819095477386,0.5777777777777777,0.42860670048857574,0.0,1.0,1.0,1.0,0.0,real,3,0.3701005025125628,0.37763819095477386,0.48391959798994977,0.24195979899497488,0.2745996944521603,0.3758143733744097
F001539,0.3292500333600267,0.9547738693467337,0.7166666666666667,0.20816659994661335,0.0,1.0,1.0,1.0,0.0,real,3,0.3701005025125628,0.9547738693467337,0.1457286432160804,0.0728643216080402,0.21201737329865408,0.9121720411100729
F001540,0.031561208324241696,0.778391959798995,0.6555555555555556,0.559099805573739,0.0,1.0,1.0,1.0,0.0,real,3,0.3701005025125628,0.778391959798995,0.7120603015075377,0.35603015075376887,0.31681718895987476,0.6330278907098306
F001541,0.0,0.37763819095477386,0.6166666666666667,0.5840471822645077,0.0,1.0,1.0,1.0,0.0,real,3,0.3701005025125628,0.37763819095477386,0.7474874371859297,0.37374371859296485,0.3233729893184516,0.3748210272467867
F001542,0.0,0.37763819095477386,0.4944444444444444,0.42207599807161283,0.0,1.0,1.0,1.0,0.0,real,3,0.3701005025125628,0.37763819095477386,0.47185929648241204,0.23592964824120602,0.27236793262796394,0.3758598267720512
F001543,0.0,0.37763819095477386,0.36111111111111116,0.16442942874387495,0.5,1.0,1.0,1.0,0.5,real,3,0.9587939698492463,0.37763819095477386,0.09321608040201006,0.04660804020100503,0.524084492815838,0.40472472286053385
F001544,0.0,0.37763819095477386,0.2444444444444444,0.6301087501670144,0.0,1.0,1.0,1.0,0.0,real,3,0.3701005025125628,0.37763819095477386,0.8190954773869347,0.40954773869346733,0.33662407514961745,0.37455114769829045
F001545,0.0,0.37763819095477386,0.5944444444444444,0.7275020682164822,0.0,1.0,1.0,1.0,0.0,real,3,0.3701005025125628,0.37763819095477386,0.9201005025125628,0.4600502512562814,0.35531508042726195,0.3741704754930431
F001546,0.0,0.37763819095477386,0.6333333333333333,0.6359594676112972,0.0,1.0,1.0,1.0,0.0,real,3,0.3701005025125628,0.37763819095477386,0.8298994974874372,0.4149497487437186,0.3386233617837934,0.37451042902957
F001547,0.0,0.37763819095477386,0.2944444444444444,0.29122983160180355,0.0,1.0,1.0,1.0,0.0,real,3,0.3701005025125628,0.37763819095477386,0.25879396984924624,0.12939698492462312,0.23294014040049496,0.3766628367970506
F001548,0.0,0.37763819095477386,0.2944444444444444,0.6466437567533982,0.0,1.0,1.0,1.0,0.0,real,3,0.3701005025125628,0.37763819095477386,0.8439698492462312,0.4219849246231156,0.34122708391202244,0.3744574000656549
F001549,0.0,0.37763819095477386,0.49444444444444446,0.5541092284351858,0.0,1.0,1.0,1.0,0.0,real,3,0.3701005025125628,0.37763819095477386,0.6869346733668342,0.3434673366834171,0.3121676851594657,0.37504924118077826
F001550,0.0,0.37763819095477386,0.2944444444444444,0.29122983160180355,0.0,1.0,1.0,1.0,0.0,real,3,0.3701005025125628,0.37763819095477386,0.25879396984924624,0.12939698492462312,0.23294014040049496,0.3766628367970506
F001551,0.32738162496830286,0.9535175879396985,0.7222222222222222,0.23412563895228314,0.0,1.0,1.0,1.0,0.0,real,3,0.3701005025125628,0.9535175879396985,0.17964824120603015,0.08982412060301508,0.21829420342920633,0.9011126612964321
F001552,0.031561208324241696,0.778391959798995,0.6555555555555556,0.559099805573739,0.25,1.0,1.0,1.0,0.25,real,3,0.8304020100502513,0.778391959798995,0.7120603015075377,0.35603015075376887,0.7108491578495493,0.7969091058306608
F001553,0.0,0.37763819095477386,0.37777777777777777,0.6012333003763859,0.0,1.0,1.0,1.0,0.0,real,3,0.3701005025125628,0.37763819095477386,0.7788944723618091,0.38944723618090454,0.3291848690689629,0.37470265902376204
F001554,0.0,0.37763819095477386,0.5888888888888889,0.4914076530554663,0.0,1.0,1.0,1.0,0.0,real,3,0.3701005025125628,0.37763819095477386,0.5987437185929648,0.2993718592964824,0.2958479268200298,0.3753816191510315
F001555,0.0,0.37763819095477386,0.40555555555555556,0.01924500897298752,0.0,1.0,1.0,1.0,0.0,real,3,0.3701005025125628,0.37763819095477386,0.001507537688442211,0.0007537688442211055,0.18532922148430594,0.3776325092800687
F001556,0.0,0.37763819095477386,0.6666666666666666,0.8326663997864531,0.0,1.0,1.0,1.0,0.0,real,3,0.3701005025125628,0.37763819095477386,0.9753768844221106,0.4876884422110553,0.3655439887881619,0.3739621474205197
F001557,0.0,0.37763819095477386,0.37222222222222223,0.4525647078759179,0.0,1.0,1.0,1.0,0.0,real,3,0.3701005025125628,0.37763819095477386,0.5243718592964824,0.2621859296482412,0.2820853955708189,0.375661915103154
F001558,0.042229580654633336,0.7839195979899497,0.6888888888888889,0.6710963942462889,0.0,1.0,1.0,1.0,0.0,real,3,0.3701005025125628,0.7839195979899497,0.8680904522613065,0.43404522613065327,0.3456906075604152,0.6043033951162848
F001559,0.0,0.37763819095477386,0.37777777777777777,0.5047918529600243,0.25,1.0,1.0,1.0,0.25,real,3,0.8304020100502513,0.37763819095477386,0.6180904522613065,0.30904522613065327,0.6718327820004546,0.5175626878109139
F001560,0.0,0.37763819095477386,0.38333333333333336,0.7446102634562892,0.25,1.0,1.0,1.0,0.25,real,3,0.8304020100502513,0.37763819095477386,0.9306532663316583,0.4653266331658292,0.8016091765359461,0.5883212545137749
F001561,0.0,0.37763819095477386,0.3555555555555555,0.33554819712314443,0.0,1.0,1.0,1.0,0.0,real,3,0.3701005025125628,0.37763819095477386,0.32487437185929646,0.16243718592964823,0.24516833539557084,0.37641379005580666
F001562,0.0,0.37763819095477386,0.2777777777777778,0.4438885412319595,0.25,1.0,1.0,1.0,0.25,real,3,0.8304020100502513,0.37763819095477386,0.5113065326633166,0.2556532663316583,0.6274959912628469,0.4933887401833287
F001563,0.0,0.37763819095477386,0.5333333333333333,0.2666666666666666,0.0,1.0,1.0,1.0,0.0,real,3,0.3701005025125628,0.37763819095477386,0.20778894472361809,0.10389447236180904,0.2235016476856645,0.37685506679124264
F001564,0.0,0.37763819095477386,0.39999999999999997,0.5333333333333333,0.25,1.0,1.0,1.0,0.25,real,3,0.8304020100502513,0.37763819095477386,0.65678391959799,0.328391959798995,0.6878983485265524,0.5263221888336154
F001565,0.0,0.37763819095477386,0.6555555555555556,0.674399595799712,0.0,1.0,1.0,1.0,0.0,real,3,0.3701005025125628,0.37763819095477386,0.8748743718592965,0.43743718592964825,0.34694597358652557,0.37434092573419864
F001566,0.0,0.37763819095477386,0.26111111111111107,0.26736020923368814,0.0,1.0,1.0,1.0,0.0,real,3,0.3701005025125628,0.37763819095477386,0.21381909547738692,0.10690954773869346,0.22461752859776268,0.37683234009242195
F001567,0.0,0.37763819095477386,0.4166666666666667,0.3179797338056486,0.0,1.0,1.0,1.0,0.0,real,3,0.3701005025125628,0.37763819095477386,0.2992462311557789,0.14962311557788946,0.24042584151915355,0.3765103785257948
F001568,0.0,0.37763819095477386,0.3888888888888889,0.7726817178094982,0.0,1.0,1.0,1.0,0.0,real,3,0.3701005025125628,0.37763819095477386,0.950502512562814,0.475251256281407,0.360940980025757,0.3740558950531552
F001569,0.0,0.37763819095477386,0.4444444444444444,0.3849001794597505,0.0,1.0,1.0,1.0,0.0,real,3,0.3701005025125628,0.37763819095477386,0.4030150753768844,0.2015075376884422,0.25962829221484307,0.37611928991692134
F001570,0.0,0.37763819095477386,0.538888888888889,0.45256470787591785,0.5,1.0,1.0,1.0,0.5,real,3,0.9587939698492463,0.37763819095477386,0.5221105527638191,0.26105527638190956,0.7296952097169265,0.5293519734350143
F001571,0.0,0.37763819095477386,0.3111111111111111,0.6710963942462889,0.0,1.0,1.0,1.0,0.0,real,3,0.3701005025125628,0.37763819095477386,0.8680904522613065,0.43404522613065327,0.3456906075604152,0.3743664932703719
F001572,0.0,0.37763819095477386,0.4222222222222222,0.5388602512436508,0.0,1.0,1.0,1.0,0.0,real,3,0.3701005025125628,0.37763819095477386,0.6738693467336684,0.3369346733668342,0.30974994318325294,0.3750984823615566
F001573,0.40304745907024747,0.9733668341708542,0.7944444444444445,0.37168285963728287,0.0,1.0,1.0,1.0,0.0,real,3,0.3701005025125628,0.9733668341708542,0.39045226130653266,0.19522613065326633,0.25730354031463853,0.855593482487816
F001574,0.054763249936605835,0.7952261306532663,0.6444444444444445,0.46825127790456617,0.0,1.0,1.0,1.0,0.0,real,3,0.3701005025125628,0.7952261306532663,0.5600502512562814,0.2800251256281407,0.2886876909673998,0.6761802732254235
F001575,0.0,0.37763819095477386,0.27222222222222225,0.28349668493717944,0.5,1.0,1.0,1.0,0.5,real,3,0.9587939698492463,0.37763819095477386,0.24547738693467336,0.12273869346733668,0.5970781040882807,0.4489684919572738
F001576,0.0,0.37763819095477386,0.4722222222222222,0.3469443332443554,0.25,1.0,1.0,1.0,0.25,real,3,0.8304020100502513,0.37763819095477386,0.34522613065326635,0.17261306532663317,0.5585392414332971,0.4557911416378374
F001577,0.0,0.37763819095477386,0.40555555555555556,0.13471506281091272,0.0,1.0,1.0,1.0,0.0,real,3,0.3701005025125628,0.37763819095477386,0.0592964824120603,0.02964824120603015,0.19602308022524684,0.3774147117497033
F001578,0.0,0.37763819095477386,0.5388888888888889,0.3404789654676569,0.0,1.0,1.0,1.0,0.0,real,3,0.3701005025125628,0.37763819095477386,0.3364321608040201,0.16821608040201005,0.247307107143759,0.37637023054973356
F001579,0.0,0.37763819095477386,0.4444444444444444,0.9645570850760313,0.0,1.0,1.0,1.0,0.0,real,3,0.3701005025125628,0.37763819095477386,0.9977386934673367,0.49886934673366834,0.369682047170526,0.3738778692457261
F001580,0.0,0.37763819095477386,0.2944444444444444,0.29122983160180355,0.0,1.0,1.0,1.0,0.0,real,3,0.3701005025125628,0.37763819095477386,0.25879396984924624,0.12939698492462312,0.23294014040049496,0.3766628367970506
F001581,0.0,0.37763819095477386,0.538888888888889,0.45256470787591785,0.0,1.0,1.0,1.0,0.0,real,3,0.3701005025125628,0.37763819095477386,0.5221105527638191,0.26105527638190956,0.28166694022878214,0.3756704376152117
F001582,0.0,0.37763819095477386,0.40555555555555556,0.6003085626328933,0.0,1.0,1.0,1.0,0.0,real,3,0.3701005025125628,0.37763819095477386,0.7753768844221105,0.38768844221105525,0.32853393853690566,0.37471591626474077
F001583,0.0,0.37763819095477386,0.2666666666666667,0.35276684147527876,0.0,1.0,1.0,1.0,0.0,real,3,0.3701005025125628,0.37763819095477386,0.3555276381909548,0.1777638190954774,0.25084073003206986,0.3762982626701346
F001584,0.0,0.37763819095477386,0.3111111111111111,0.6158402871356008,0.0,1.0,1.0,1.0,0.0,real,3,0.3701005025125628,0.37763819095477386,0.8035175879396985,0.40175879396984926,0.3337413827933638,0.3746098583369107
F001585,0.0,0.37763819095477386,0.41111111111111115,0.8335555259338245,0.0,1.0,1.0,1.0,0.0,real,3,0.3701005025125628,0.37763819095477386,0.9763819095477387,0.48819095477386937,0.36572996894017834,0.3739583596373829
F001586,0.0,0.37763819095477386,0.4166666666666667,0.3179797338056486,0.0,1.0,1.0,1.0,0.0,real,3,0.3701005025125628,0.37763819095477386,0.2992462311557789,0.14962311557788946,0.24042584151915355,0.3765103785257948
F001587,0.0,0.37763819095477386,0.5,0.5773502691896258,0.0,1.0,1.0,1.0,0.0,real,3,0.3701005025125628,0.37763819095477386,0.7329145728643216,0.3664572864321608,0.3206762771142143,0.37487595010227015
F001588,0.0,0.37763819095477386,0.4666666666666667,0.4807401700618652,0.0,1.0,1.0,1.0,0.0,real,3,0.3701005025125628,0.37763819095477386,0.5756281407035176,0.2878140703517588,0.2915703833236535,0.37546873816317766
F001589,0.06390791565672596,0.8060301507537688,0.6333333333333333,0.4055175020198814,0.0,1.0,1.0,1.0,0.0,real,3,0.3701005025125628,0.8060301507537688,0.44597989949748745,0.22298994974874373,0.2675789437135426,0.7088222203984746
F001590,0.19802836801380194,0.8984924623115578,0.6777777777777778,0.31505437508350725,0.25,1.0,1.0,1.0,0.25,real,3,0.8304020100502513,0.8984924623115578,0.2919597989949749,0.14597989949748744,0.5364230069947729,0.8885526249337138
F001591,0.0,0.37763819095477386,0.2944444444444444,0.29122983160180355,0.25,1.0,1.0,1.0,0.25,real,3,0.8304020100502513,0.37763819095477386,0.25879396984924624,0.12939698492462312,0.5226525214009747,0.43622446402868614
F001592,0.0,0.37763819095477386,0.6055555555555556,0.46706332348852675,0.0,1.0,1.0,1.0,0.0,real,3,0.3701005025125628,0.37763819095477386,0.5527638190954773,0.27638190954773867,0.2873393348652812,0.3755549102295397
F001593,0.0,0.37763819095477386,0.3111111111111111,0.6301087501670144,0.5,1.0,1.0,1.0,0.5,real,3,0.9587939698492463,0.37763819095477386,0.8190954773869347,0.40954773869346733,0.8720688871493145,0.6156492260296457
F001594,0.0,0.37763819095477386,0.32777777777777783,0.5965952781626134,0.0,1.0,1.0,1.0,0.0,real,3,0.3701005025125628,0.37763819095477386,0.7630653266331658,0.3815326633165829,0.3262556816747052,0.37476231660816645
F001595,0.0,0.37763819095477386,0.3666666666666667,0.30550504633038933,0.0,1.0,1.0,1.0,0.0,real,3,0.3701005025125628,0.37763819095477386,0.27261306532663315,0.13630653266331658,0.23549736749071995,0.3766107547789197
F001596,0.0,0.37763819095477386,0.2611111111111112,0.5928587365312934,0.25,1.0,1.0,1.0,0.25,real,3,0.8304020100502513,0.37763819095477386,0.7577889447236181,0.37889447236180906,0.7298357364713013,0.5491878992954723
F001597,0.0,0.37763819095477386,0.31666666666666665,0.3179797338056486,0.0,1.0,1.0,1.0,0.0,real,3,0.3701005025125628,0.37763819095477386,0.2992462311557789,0.14962311557788946,0.24042584151915355,0.3765103785257948
F001598,0.0,0.37763819095477386,0.2666666666666666,0.35276684147527876,0.0,1.0,1.0,1.0,0.0,real,3,0.3701005025125628,0.37763819095477386,0.3555276381909548,0.1777638190954774,0.25084073003206986,0.3762982626701346
F001599,0.0,0.37763819095477386,0.23333333333333334,0.29059326290271165,0.5,1.0,1.0,1.0,0.5,real,3,0.9587939698492463,0.37763819095477386,0.25301507537688445,0.12650753768844222,0.6006916492007778,0.4511587775561223
F001600,0.0,0.37763819095477386,0.40555555555555556,0.6003085626328932,0.0,1.0,1.0,1.0,0.0,real,3,0.3701005025125628,0.37763819095477386,0.7728643216080402,0.3864321608040201,0.32806898815686475,0.37472538572258274
F001601,0.0,0.37763819095477386,0.3388888888888889,0.1503083250940965,0.0,1.0,1.0,1.0,0.0,real,3,0.3701005025125628,0.37763819095477386,0.07412060301507538,0.03706030150753769,0.1987662874674882,0.3773588419484356
F001602,0.0,0.37763819095477386,0.28888888888888886,0.2775554665954844,0.0,1.0,1.0,1.0,0.0,real,3,0.3701005025125628,0.37763819095477386,0.23417085427135678,0.11708542713567839,0.22838362667609405,0.3767556374839019
F001603,0.0,0.37763819095477386,0.3055555555555556,0.4857220665420977,0.0,1.0,1.0,1.0,0.0,real,3,0.3701005025125628,0.37763819095477386,0.5949748743718593,0.2974874371859296,0.29515050124996844,0.3753958233377945
F001604,0.0,0.37763819095477386,0.3111111111111111,0.6158402871356008,0.0,1.0,1.0,1.0,0.0,real,3,0.3701005025125628,0.37763819095477386,0.8035175879396985,0.40175879396984926,0.3337413827933638,0.3746098583369107
F001605,0.3645940724502976,0.9650753768844221,0.7833333333333333,0.40414518843273806,0.0,1.0,1.0,1.0,0.0,real,3,0.3701005025125628,0.9650753768844221,0.44271356783919597,0.22135678391959798,0.2669745082194894,0.8333736521805005
F001606,0.0,0.37763819095477386,0.5888888888888889,0.7493206800038829,0.0,1.0,1.0,1.0,0.0,real,3,0.3701005025125628,0.37763819095477386,0.9316582914572864,0.4658291457286432,0.3574538521754501,0.37412691598697
F001607,0.3552780088742587,0.9615577889447237,0.7611111111111111,0.3338884266959271,0.0,1.0,1.0,1.0,0.0,real,3,0.3701005025125628,0.9615577889447237,0.314572864321608,0.157286432160804,0.24326203883740313,0.8685295825862983
F001608,0.0,0.37763819095477386,0.37777777777777777,0.5047918529600243,0.0,1.0,1.0,1.0,0.0,real,3,0.3701005025125628,0.37763819095477386,0.6180904522613065,0.30904522613065327,0.2994280447463448,0.37530870432564833
F001609,0.0,0.37763819095477386,0.3222222222222222,0.3790827135384885,0.0,1.0,1.0,1.0,0.0,real,3,0.3701005025125628,0.37763819095477386,0.3977386934673367,0.19886934673366835,0.2586518964167572,0.3761391757783894
F001610,0.0,0.37763819095477386,0.16666666666666669,0.2,0.0,1.0,1.0,1.0,0.0,real,3,0.3701005025125628,0.37763819095477386,0.1178391959798995,0.05891959798994975,0.2068564240802,0.37719407338198535
F001611,0.0,0.37763819095477386,0.23888888888888887,0.06938886664887108,0.25,1.0,1.0,1.0,0.25,real,3,0.8304020100502513,0.37763819095477386,0.016331658291457288,0.008165829145728644,0.4219819259614656,0.3813353829448751
F001612,0.028283525867729642,0.7758793969849246,0.6055555555555555,0.36565517048676294,0.0,1.0,1.0,1.0,0.0,real,3,0.3701005025125628,0.7758793969849246,0.36683417085427134,0.18341708542713567,0.252933006742254,0.7014526148329587
F001613,0.0,0.37763819095477386,0.2777777777777778,0.5669933698743588,0.0,1.0,1.0,1.0,0.0,real,3,0.3701005025125628,0.37763819095477386,0.7228643216080402,0.3614321608040201,0.31881647559405063,0.37491382793363803
F001614,0.19605673602760398,0.8959798994974875,0.7555555555555555,0.6301087501670144,0.0,1.0,1.0,1.0,0.0,real,3,0.3701005025125628,0.8959798994974875,0.8190954773869347,0.40954773869346733,0.33662407514961745,0.6806071816368273
F001615,0.0,0.37763819095477386,0.28888888888888886,0.7812620369443086,0.0,1.0,1.0,1.0,0.0,real,3,0.3701005025125628,0.37763819095477386,0.9540201005025125,0.47701005025125626,0.3615919105578142,0.3740426378121765
F001616,0.0,0.37763819095477386,0.3666666666666667,0.8082903768654761,0.0,1.0,1.0,1.0,0.0,real,3,0.3701005025125628,0.37763819095477386,0.9698492462311558,0.4849246231155779,0.36452109795207194,0.373982980227772
F001617,0.0,0.37763819095477386,0.6,0.7423685817106696,0.0,1.0,1.0,1.0,0.0,real,3,0.3701005025125628,0.37763819095477386,0.9241206030150754,0.4620603015075377,0.3560590010353274,0.3741553243604959
F001618,0.0,0.37763819095477386,0.38333333333333336,0.08819171036881973,0.25,1.0,1.0,1.0,0.25,real,3,0.8304020100502513,0.37763819095477386,0.030653266331658293,0.015326633165829147,0.427928272013333,0.38457753592081007
F001619,0.0,0.37763819095477386,0.5777777777777777,0.8146801235477049,0.5,1.0,1.0,1.0,0.5,real,3,0.9587939698492463,0.37763819095477386,0.971356783919598,0.485678391959799,0.945062498421757,0.6598929951263857
F001620,0.0,0.37763819095477386,0.31666666666666665,0.21858128414340003,0.0,1.0,1.0,1.0,0.0,real,3,0.3701005025125628,0.37763819095477386,0.1527638190954774,0.0763819095477387,0.21331923436276862,0.3770624479179819
F001621,0.0,0.37763819095477386,0.2833333333333333,0.5840471822645078,0.0,1.0,1.0,1.0,0.0,real,3,0.3701005025125628,0.37763819095477386,0.7487437185929648,0.3743718592964824,0.323605464508472,0.37481629251786575
F001622,0.0,0.37763819095477386,0.3611111111111111,0.676866418245246,0.25,1.0,1.0,1.0,0.25,real,3,0.8304020100502513,0.37763819095477386,0.878140703517588,0.439070351758794,0.779805907679099,0.5764333602686802
F001623,0.0,0.37763819095477386,0.3111111111111111,0.7581654270769769,0.0,1.0,1.0,1.0,0.0,real,3,0.3701005025125628,0.37763819095477386,0.9404522613065327,0.47022613065326635,0.3590811785055933,0.3740937728845231
F001624,0.0,0.37763819095477386,0.42777777777777776,0.6003085626328932,0.0,1.0,1.0,1.0,0.0,real,3,0.3701005025125628,0.37763819095477386,0.7728643216080402,0.3864321608040201,0.32806898815686475,0.37472538572258274
F001625,0.0,0.37763819095477386,0.6777777777777778,0.8952549812659416,0.0,1.0,1.0,1.0,0.0,real,3,0.3701005025125628,0.37763819095477386,0.9884422110552764,0.4942211055276382,0.36796173076437466,0.37391290623974144
F001626,0.6918661021381237,0.9977386934673367,0.8555555555555556,0.03849001794597504,0.25,1.0,1.0,1.0,0.25,real,3,0.8304020100502513,0.9977386934673367,0.005527638190954774,0.002763819095477387,0.4174960859574253,0.9972762051463346
F001627,0.21000367921620552,0.9065326633165829,0.6888888888888889,0.3355481971231445,0.0,1.0,1.0,1.0,0.0,real,3,0.3701005025125628,0.9065326633165829,0.3309045226130653,0.16545226130653265,0.246284216307669,0.8177787492740082
F001628,0.08772091370538554,0.8293969849246231,0.7555555555555555,0.8467803948114511,0.0,1.0,1.0,1.0,0.0,real,3,0.3701005025125628,0.8293969849246231,0.9804020100502513,0.49020100502512565,0.3664738895482437,0.6042493876417262
F001629,0.0,0.37763819095477386,0.36111111111111116,0.16442942874387495,0.0,1.0,1.0,1.0,0.0,real,3,0.3701005025125628,0.37763819095477386,0.09321608040201006,0.04660804020100503,0.2022999103557991,0.37728687406883665
F001630,0.13194764466624798,0.8620603015075377,0.7166666666666667,0.6027713773341707,0.0,1.0,1.0,1.0,0.0,real,3,0.3701005025125628,0.8620603015075377,0.7829145728643216,0.3914572864321608,0.3299287896770284,0.6694790535592535
F001631,0.0,0.37763819095477386,0.2222222222222222,0.20367003088692623,0.25,1.0,1.0,1.0,0.25,real,3,0.8304020100502513,0.37763819095477386,0.12964824120603016,0.06482412060301508,0.4690310850736093,0.4069882073685008
F001632,0.0,0.37763819095477386,0.40555555555555556,0.6292264504341231,0.25,1.0,1.0,1.0,0.25,real,3,0.8304020100502513,0.37763819095477386,0.8148241206030151,0.40741206030150756,0.7535167988182117,0.5620996313224413
F001633,0.1138998251913878,0.8474874371859297,0.7333333333333333,0.7055336829505576,0.25,1.0,1.0,1.0,0.25,real,3,0.8304020100502513,0.8474874371859297,0.907788944723618,0.453894472361809,0.7921158872250701,0.8397324562511048
F001634,0.0,0.37763819095477386,0.2777777777777778,0.4438885412319595,0.0,1.0,1.0,1.0,0.0,real,3,0.3701005025125628,0.37763819095477386,0.5113065326633166,0.2556532663316583,0.2796676535946062,0.37571115628393226
F001635,0.14120417902552193,0.8693467336683417,0.6833333333333333,0.4509249752822894,0.0,1.0,1.0,1.0,0.0,real,3,0.3701005025125628,0.8693467336683417,0.5195979899497487,0.25979899497487435,0.2812019898487412,0.7396430645690765
F001636,0.0,0.37763819095477386,0.3222222222222222,0.3150543750835072,0.25,1.0,1.0,1.0,0.25,real,3,0.8304020100502513,0.37763819095477386,0.2879396984924623,0.14396984924623116,0.5347538572258276,0.44282252973409764
F001637,0.0,0.37763819095477386,0.33333333333333337,0.5811865258054231,0.0,1.0,1.0,1.0,0.0,real,3,0.3701005025125628,0.37763819095477386,0.7371859296482413,0.36859296482412063,0.32146669276028383,0.3748598520239388
F001638,0.0,0.37763819095477386,0.5722222222222222,0.46706332348852675,0.0,1.0,1.0,1.0,0.0,real,3,0.3701005025125628,0.37763819095477386,0.5527638190954773,0.27638190954773867,0.2873393348652812,0.3755549102295397
F001639,0.2194088338597761,0.9128140703517588,0.7722222222222221,0.6500712211693366,0.0,1.0,1.0,1.0,0.0,real,3,0.3701005025125628,0.9128140703517588,0.8517587939698492,0.4258793969849246,0.34266843009014925,0.681683543344865
F001640,0.22629658163573396,0.9201005025125628,0.7333333333333333,0.4807401700618653,0.5,1.0,0.5,0.5,0.5,real,3,0.9587939698492463,0.9201005025125628,0.5798994974874372,0.1449748743718593,0.3786995277897023,0.9257100830787102
F001641,0.06390791565672599,0.8065326633165829,0.6333333333333333,0.40551750201988135,0.0,1.0,1.0,1.0,0.0,real,3,0.3701005025125628,0.8065326633165829,0.44472361809045224,0.22236180904522612,0.2673464685235222,0.7094868185146839
F001642,0.0,0.37763819095477386,0.32777777777777783,0.5167562646325994,0.0,1.0,1.0,1.0,0.0,real,3,0.3701005025125628,0.37763819095477386,0.6369346733668342,0.3184673366834171,0.3029151725966516,0.3752376833918335
F001643,0.0,0.37763819095477386,0.34444444444444444,0.3790827135384885,0.0,1.0,1.0,1.0,0.0,real,3,0.3701005025125628,0.37763819095477386,0.3977386934673367,0.19886934673366835,0.2586518964167572,0.3761391757783894
F001644,0.0,0.37763819095477386,0.2222222222222222,0.27755546659548436,0.25,1.0,1.0,1.0,0.25,real,3,0.8304020100502513,0.37763819095477386,0.22889447236180904,0.11444723618090452,0.5102382199944446,0.42945575869296226
F001645,0.10566671114670223,0.842211055276382,0.6222222222222222,0.2775554665954843,0.0,1.0,1.0,1.0,0.0,real,3,0.3701005025125628,0.842211055276382,0.22537688442211054,0.11268844221105527,0.22675630034595085,0.789009652534027
F001646,0.02519943547145691,0.7736180904522613,0.5222222222222223,0.03849001794597504,0.0,1.0,1.0,1.0,0.0,real,3,0.3701005025125628,0.7736180904522613,0.005527638190954774,0.002763819095477387,0.1860731420923714,0.7725028408373525
F001647,0.0,0.37763819095477386,0.5611111111111111,0.5167562646325994,0.0,1.0,1.0,1.0,0.0,real,3,0.3701005025125628,0.37763819095477386,0.6369346733668342,0.3184673366834171,0.3029151725966516,0.3752376833918335
F001648,0.0,0.37763819095477386,0.43333333333333335,0.11547005383792512,0.0,1.0,1.0,1.0,0.0,real,3,0.3701005025125628,0.37763819095477386,0.038442211055276385,0.019221105527638192,0.1921639920709073,0.37749330824979166
F001649,0.05679267422780554,0.7982412060301508,0.6777777777777778,0.5975257626555002,0.0,1.0,1.0,1.0,0.0,real,3,0.3701005025125628,0.7982412060301508,0.7685929648241207,0.3842964824120603,0.3272785725107952,0.633708239690917
F001650,0.0,0.37763819095477386,0.43333333333333335,0.7211102550927979,0.0,1.0,1.0,1.0,0.0,real,3,0.3701005025125628,0.37763819095477386,0.9150753768844221,0.45753768844221104,0.35438517966718014,0.37418941440872705
F001651,0.0,0.37763819095477386,0.37777777777777777,0.5388602512436508,0.0,1.0,1.0,1.0,0.0,real,3,0.3701005025125628,0.37763819095477386,0.6738693467336684,0.3369346733668342,0.30974994318325294,0.3750984823615566
F001652,0.0,0.37763819095477386,0.4222222222222222,0.5551109331909686,0.0,1.0,1.0,1.0,0.0,real,3,0.3701005025125628,0.37763819095477386,0.6891959798994974,0.3445979899497487,0.31258614050150246,0.3750407186687205
F001653,0.0,0.37763819095477386,0.2277777777777778,0.41677776296691227,0.0,1.0,1.0,1.0,0.0,real,3,0.3701005025125628,0.37763819095477386,0.4685929648241206,0.2342964824120603,0.2717634971339108,0.37587213706724576
F001654,0.0,0.37763819095477386,0.1555555555555555,0.33554819712314443,0.0,1.0,1.0,1.0,0.0,real,3,0.3701005025125628,0.37763819095477386,0.32487437185929646,0.16243718592964823,0.24516833539557084,0.37641379005580666
F001655,0.0,0.37763819095477386,0.13888888888888884,0.3469443332443555,0.0,1.0,1.0,1.0,0.0,real,3,0.3701005025125628,0.37763819095477386,0.3464824120603015,0.17324120603015075,0.2491669086639226,0.3763323527183657
F001656,0.0,0.37763819095477386,0.37222222222222223,0.38920621973637765,0.25,1.0,1.0,1.0,0.25,real,3,0.8304020100502513,0.37763819095477386,0.41030150753768846,0.20515075376884423,0.585558603318098,0.4705230297214717
F001657,0.0,0.37763819095477386,0.33333333333333337,0.4,0.0,1.0,1.0,1.0,0.0,real,3,0.3701005025125628,0.37763819095477386,0.43241206030150753,0.21620603015075376,0.2650682116613217,0.37600849726017016
F001658,0.22250017382846474,0.9168341708542713,0.7222222222222222,0.4438885412319595,0.0,1.0,1.0,1.0,0.0,real,3,0.3701005025125628,0.9168341708542713,0.5113065326633166,0.2556532663316583,0.2796676535946062,0.777059922729224
F001659,0.19999999999999996,0.9005025125628141,0.7333333333333333,0.5333333333333333,0.25,1.0,1.0,1.0,0.25,real,3,0.8304020100502513,0.9005025125628141,0.65678391959799,0.328391959798995,0.6878983485265524,0.8774820711598192
F001660,0.0,0.37763819095477386,0.40555555555555556,0.6500712211693366,0.0,1.0,1.0,1.0,0.0,real,3,0.3701005025125628,0.37763819095477386,0.8517587939698492,0.4258793969849246,0.34266843009014925,0.3744280447463448
F001661,0.0,0.37763819095477386,0.2777777777777778,0.1924500897298753,0.0,1.0,1.0,1.0,0.0,real,3,0.3701005025125628,0.37763819095477386,0.11482412060301507,0.057412060301507535,0.20629848362415093,0.3772054367313956
F001662,0.668262150438322,0.9964824120603015,0.9111111111111112,0.30792014356780045,0.0,1.0,1.0,1.0,0.0,real,3,0.3701005025125628,0.9964824120603015,0.2834170854271357,0.14170854271356784,0.23749665412489582,0.9077187444761496
F001663,0.0,0.37763819095477386,0.4888888888888889,0.33554819712314443,0.25,1.0,1.0,1.0,0.25,real,3,0.8304020100502513,0.37763819095477386,0.32487437185929646,0.16243718592964823,0.550089170728012,0.45118387161940354
F001664,0.0,0.37763819095477386,0.5777777777777777,0.6842135252595846,0.0,1.0,1.0,1.0,0.0,real,3,0.3701005025125628,0.37763819095477386,0.8864321608040201,0.44321608040201005,0.34908474533471373,0.3742973662281256
F001665,0.0,0.37763819095477386,0.4944444444444444,0.6431980283736135,0.0,1.0,1.0,1.0,0.0,real,3,0.3701005025125628,0.37763819095477386,0.8427135678391959,0.42135678391959797,0.340994608722002,0.3744621347945759
F001666,0.0,0.37763819095477386,0.25555555555555554,0.5003702332976756,0.0,1.0,1.0,1.0,0.0,real,3,0.3701005025125628,0.37763819095477386,0.6082914572864322,0.3041457286432161,0.2976147382641853,0.37534563521123204
F001667,0.0,0.37763819095477386,0.4666666666666667,0.3527668414752787,0.0,1.0,1.0,1.0,0.0,real,3,0.3701005025125628,0.37763819095477386,0.3522613065326633,0.17613065326633165,0.2502362945380167,0.3763105729653292
F001668,0.12752542620157437,0.857537688442211,0.6555555555555556,0.3671713698190735,0.0,1.0,1.0,1.0,0.0,real,3,0.3701005025125628,0.857537688442211,0.3751256281407035,0.18756281407035175,0.254467342996389,0.7661125981667128
F001669,0.0,0.37763819095477386,0.4611111111111111,0.49478764618249593,0.0,1.0,1.0,1.0,0.0,real,3,0.3701005025125628,0.37763819095477386,0.6020100502512563,0.30100502512562816,0.296452362314083,0.3753693088558369
F001670,0.1424590034737396,0.8703517587939699,0.6611111111111111,0.3595264374969653,0.0,1.0,1.0,1.0,0.0,real,3,0.3701005025125628,0.8703517587939699,0.364572864321608,0.182286432160804,0.25251455140021717,0.7791627421024723
F001671,0.0,0.37763819095477386,0.5166666666666666,0.37564758898615475,0.5,1.0,1.0,1.0,0.5,real,3,0.9587939698492463,0.37763819095477386,0.39396984924623113,0.19698492462311556,0.6682649428044747,0.4921171182545895
F001672,0.0,0.37763819095477386,0.3666666666666667,0.30550504633038933,0.25,1.0,1.0,1.0,0.25,real,3,0.8304020100502513,0.37763819095477386,0.27261306532663315,0.13630653266331658,0.528390223731724,0.4393528572510795
F001673,0.0,0.37763819095477386,0.12222222222222223,0.10183501544346309,0.25,1.0,1.0,1.0,0.25,real,3,0.8304020100502513,0.37763819095477386,0.03391959798994975,0.016959798994974875,0.429284456200601,0.38531697431883033
F001674,0.0,0.37763819095477386,0.43333333333333335,0.17638342073763938,0.0,1.0,1.0,1.0,0.0,real,3,0.3701005025125628,0.37763819095477386,0.10904522613065326,0.05452261306532663,0.20522909775005685,0.37722721648443214
F001675,0.0,0.37763819095477386,0.5888888888888889,0.4438885412319596,0.0,1.0,1.0,1.0,0.0,real,3,0.3701005025125628,0.37763819095477386,0.5165829145728643,0.25829145728643216,0.2806440493926921,0.3756912704224641
F001676,0.0,0.37763819095477386,0.2777777777777778,0.4337604732431808,0.0,1.0,1.0,1.0,0.0,real,3,0.3701005025125628,0.37763819095477386,0.49447236180904525,0.24723618090452262,0.2765524860483321,0.37577460165147347
F001677,0.0,0.37763819095477386,0.33333333333333337,0.13333333333333336,0.25,1.0,1.0,1.0,0.25,real,3,0.8304020100502513,0.37763819095477386,0.05226130653266332,0.02613065326633166,0.43689995202141363,0.3894692053230979
F001678,0.08772091370538554,0.8293969849246231,0.7555555555555555,0.8467803948114511,0.0,1.0,1.0,1.0,0.0,real,3,0.3701005025125628,0.8293969849246231,0.9804020100502513,0.49020100502512565,0.3664738895482437,0.6042493876417262
F001679,0.0,0.37763819095477386,0.4222222222222222,0.5388602512436508,0.0,1.0,1.0,1.0,0.0,real,3,0.3701005025125628,0.37763819095477386,0.6738693467336684,0.3369346733668342,0.30974994318325294,0.3750984823615566
F001680,0.0,0.37763819095477386,0.33333333333333337,0.5811865258054231,0.0,1.0,1.0,1.0,0.0,real,3,0.3701005025125628,0.37763819095477386,0.7371859296482413,0.36859296482412063,0.32146669276028383,0.3748598520239388
F001681,0.12752542620157437,0.857537688442211,0.6555555555555556,0.3671713698190735,0.25,1.0,1.0,1.0,0.25,real,3,0.8304020100502513,0.857537688442211,0.3751256281407035,0.18756281407035175,0.5709535428398274,0.8524480442413069
F001682,0.0,0.37763819095477386,0.35,0.40960685758148363,0.0,1.0,1.0,1.0,0.0,real,3,0.3701005025125628,0.37763819095477386,0.4552763819095477,0.22763819095477386,0.26929926011969396,0.3759223251938082
F001683,0.0,0.37763819095477386,0.39999999999999997,0.46188021535170054,0.0,1.0,1.0,1.0,0.0,real,3,0.3701005025125628,0.37763819095477386,0.5331658291457286,0.2665829145728643,0.2837127219009621,0.37562877200070705
F001684,0.0,0.37763819095477386,0.55,0.5364492313143694,0.0,1.0,1.0,1.0,0.0,real,3,0.3701005025125628,0.37763819095477386,0.6640703517587939,0.33203517587939696,0.3079366367010934,0.3751354132471402
F001685,0.0,0.37763819095477386,0.37222222222222223,0.38920621973637765,0.0,1.0,1.0,1.0,0.0,real,3,0.3701005025125628,0.37763819095477386,0.41030150753768846,0.20515075376884423,0.26097664831696166,0.37609182848917955
F001686,0.0,0.37763819095477386,0.2444444444444444,0.7343427396381469,0.0,1.0,1.0,1.0,0.0,real,3,0.3701005025125628,0.37763819095477386,0.9223618090452261,0.46118090452261307,0.3557335357692988,0.3741619529809853
F001687,0.0,0.37763819095477386,0.32777777777777783,0.24113927126900786,0.0,1.0,1.0,1.0,0.0,real,3,0.3701005025125628,0.37763819095477386,0.18894472361809045,0.09447236180904522,0.22001451983535772,0.3769260877250574
F001688,0.0,0.37763819095477386,0.27222222222222225,0.28349668493717944,0.0,1.0,1.0,1.0,0.0,real,3,0.3701005025125628,0.37763819095477386,0.24547738693467336,0.12273869346733668,0.23047590338627813,0.376713024923613
F001689,0.0,0.37763819095477386,0.23888888888888887,0.3338884266959271,0.25,1.0,1.0,1.0,0.25,real,3,0.8304020100502513,0.37763819095477386,0.314572864321608,0.157286432160804,0.5458119744450898,0.4488517966718012
F001690,0.0,0.37763819095477386,0.2222222222222222,0.6577177149754996,0.0,1.0,1.0,1.0,0.0,real,3,0.3701005025125628,0.37763819095477386,0.8555276381909548,0.4277638190954774,0.3433658556602106,0.3744138405595818
F001691,0.0,0.37763819095477386,0.3666666666666667,0.24037008503093263,0.0,1.0,1.0,1.0,0.0,real,3,0.3701005025125628,0.37763819095477386,0.18341708542713567,0.09170854271356783,0.21899162899926772,0.37694692053230977
F001692,0.0,0.37763819095477386,0.2666666666666667,0.1333333333333333,0.0,1.0,1.0,1.0,0.0,real,3,0.3701005025125628,0.37763819095477386,0.04773869346733668,0.02386934673366834,0.19388430847705868,0.37745827125577636
F001693,0.10975001112000891,0.8434673366834171,0.5722222222222222,0.06938886664887109,0.0,1.0,1.0,1.0,0.0,real,3,0.3701005025125628,0.8434673366834171,0.018844221105527637,0.009422110552763818,0.18853737910658824,0.8390072220398475
F001694,0.0,0.37763819095477386,0.4222222222222222,0.42860670048857574,0.0,1.0,1.0,1.0,0.0,real,3,0.3701005025125628,0.37763819095477386,0.48391959798994977,0.24195979899497488,0.2745996944521603,0.3758143733744097
F001695,0.0,0.37763819095477386,0.38333333333333336,0.6350852961085883,0.0,1.0,1.0,1.0,0.0,real,3,0.3701005025125628,0.37763819095477386,0.8256281407035176,0.4128140703517588,0.33783294613772386,0.3745265271079013
F001696,0.0,0.37763819095477386,0.5111111111111111,0.33554819712314443,0.0,1.0,1.0,1.0,0.0,real,3,0.3701005025125628,0.37763819095477386,0.32487437185929646,0.16243718592964823,0.24516833539557084,0.37641379005580666
F001697,0.0,0.37763819095477386,0.25,0.35118845842842467,0.0,1.0,1.0,1.0,0.0,real,3,0.3701005025125628,0.37763819095477386,0.350251256281407,0.1751256281407035,0.249864334233984,0.3763181485316027
F001698,0.0,0.37763819095477386,0.3222222222222222,0.3150543750835072,0.25,1.0,1.0,1.0,0.25,real,3,0.8304020100502513,0.37763819095477386,0.2879396984924623,0.14396984924623116,0.5347538572258276,0.44282252973409764
F001699,0.0,0.37763819095477386,0.2666666666666667,0.1333333333333333,0.0,1.0,1.0,1.0,0.0,real,3,0.3701005025125628,0.37763819095477386,0.04773869346733668,0.02386934673366834,0.19388430847705868,0.37745827125577636
F001700,0.0,0.37763819095477386,0.37777777777777777,0.5047918529600243,0.0,1.0,1.0,1.0,0.0,real,3,0.3701005025125628,0.37763819095477386,0.6180904522613065,0.30904522613065327,0.2994280447463448,0.37530870432564833
F001701,0.11441628428654776,0.8492462311557789,0.6777777777777778,0.4822785425380157,0.0,1.0,1.0,1.0,0.0,real,3,0.3701005025125628,0.8492462311557789,0.5876884422110553,0.29384422110552766,0.2938021451478498,0.7084520277265726
F001702,0.0,0.37763819095477386,0.3055555555555556,0.4857220665420977,0.25,1.0,1.0,1.0,0.25,real,3,0.8304020100502513,0.37763819095477386,0.5949748743718593,0.2974874371859296,0.6622351708290195,0.5123297391480013
F001703,0.08452994616207482,0.8226130653266331,0.6,0.23094010767585027,0.25,1.0,1.0,1.0,0.25,real,3,0.8304020100502513,0.8226130653266331,0.16834170854271358,0.08417085427135679,0.48509665159970716,0.8232686674578924
F001704,0.0,0.37763819095477386,0.45555555555555555,0.7065828042482065,0.0,1.0,1.0,1.0,0.0,real,3,0.3701005025125628,0.37763819095477386,0.9085427135678392,0.4542713567839196,0.3531763086790738,0.3742140349991162
F001705,0.0,0.37763819095477386,0.33333333333333337,0.26666666666666666,0.25,1.0,1.0,1.0,0.25,real,3,0.8304020100502513,0.37763819095477386,0.2092964824120603,0.10464824120603015,0.5021011148708365,0.4250191283048408
F001706,0.0,0.37763819095477386,0.13888888888888884,0.11706281947614157,0.0,1.0,1.0,1.0,0.0,real,3,0.3701005025125628,0.37763819095477386,0.04221105527638191,0.021105527638190954,0.19286141764096867,0.3774791040630287
F001707,0.1396583441364449,0.8655778894472361,0.7000000000000001,0.5206833117271104,0.25,1.0,1.0,1.0,0.25,real,3,0.8304020100502513,0.8655778894472361,0.6444723618090452,0.3222361809045226,0.6827865773591576,0.8542429484103935
F001708,0.24706805967517398,0.9233668341708543,0.6611111111111111,0.1503083250940964,0.0,1.0,1.0,1.0,0.0,real,3,0.3701005025125628,0.9233668341708543,0.07110552763819096,0.03555276381909548,0.1982083470114391,0.9036966869523497
F001709,0.0,0.37763819095477386,0.29999999999999993,0.37118429085533483,0.5,1.0,1.0,1.0,0.5,real,3,0.9587939698492463,0.37763819095477386,0.38517587939698494,0.19258793969849247,0.6640491401732279,0.48956178505593295
F001710,0.0,0.37763819095477386,0.2277777777777778,0.35329140212410326,0.0,1.0,1.0,1.0,0.0,real,3,0.3701005025125628,0.37763819095477386,0.36256281407035174,0.18128140703517587,0.2521425910961844,0.3762717481881771
F001711,0.0,0.37763819095477386,0.42777777777777776,0.5581052602166382,0.0,1.0,1.0,1.0,0.0,real,3,0.3701005025125628,0.37763819095477386,0.7062814070351758,0.3531407035175879,0.3157478030857807,0.374976326355395
F001712,0.0,0.37763819095477386,0.39444444444444443,0.33388842669592717,0.0,1.0,1.0,1.0,0.0,real,3,0.3701005025125628,0.37763819095477386,0.31809045226130656,0.15904522613065328,0.2439129693694604,0.37643935759197994
F001713,0.0,0.37763819095477386,0.26111111111111107,0.5620728831085218,0.0,1.0,1.0,1.0,0.0,real,3,0.3701005025125628,0.37763819095477386,0.7198492462311558,0.3599246231155779,0.31825853513800156,0.37492519128304835
F001714,0.0,0.37763819095477386,0.40555555555555556,0.13471506281091272,0.0,1.0,1.0,1.0,0.0,real,3,0.3701005025125628,0.37763819095477386,0.0592964824120603,0.02964824120603015,0.19602308022524684,0.3774147117497033
F001715,0.0,0.37763819095477386,0.4388888888888889,0.32030078456443506,0.0,1.0,1.0,1.0,0.0,real,3,0.3701005025125628,0.37763819095477386,0.30452261306532663,0.15226130653266332,0.24140223731723948,0.3764904926643266
F001716,0.0,0.37763819095477386,0.33333333333333337,0.5811865258054231,0.25,1.0,1.0,1.0,0.25,real,3,0.8304020100502513,0.37763819095477386,0.7371859296482413,0.36859296482412063,0.721281343905457,0.5445237494002677
F001717,0.0,0.37763819095477386,0.4222222222222222,0.4682512779045661,0.0,1.0,1.0,1.0,0.0,real,3,0.3701005025125628,0.37763819095477386,0.5565326633165829,0.27826633165829145,0.28803676043534254,0.3755407060427767
F001718,0.11330395485872527,0.8459798994974874,0.6722222222222222,0.46228097917143823,0.0,1.0,1.0,1.0,0.0,real,3,0.3701005025125628,0.8459798994974874,0.5409547738693468,0.2704773869346734,0.28515406807908894,0.717265283704957
F001719,0.0,0.37763819095477386,0.25,0.35118845842842467,0.0,1.0,1.0,1.0,0.0,real,3,0.3701005025125628,0.37763819095477386,0.350251256281407,0.1751256281407035,0.249864334233984,0.3763181485316027
F001720,0.0,0.37763819095477386,0.2777777777777778,0.4438885412319595,0.0,1.0,1.0,1.0,0.0,real,3,0.3701005025125628,0.37763819095477386,0.5113065326633166,0.2556532663316583,0.2796676535946062,0.37571115628393226
F001721,0.1286602460370874,0.8590452261306533,0.6777777777777778,0.45379061903693635,0.25,1.0,1.0,1.0,0.25,real,3,0.8304020100502513,0.8590452261306533,0.5273869346733668,0.2636934673366834,0.6341725903386278,0.8514921971667382
F001722,0.0,0.37763819095477386,0.2944444444444444,0.2219442706159798,0.0,1.0,1.0,1.0,0.0,real,3,0.3701005025125628,0.37763819095477386,0.1620603015075377,0.08103015075376885,0.21503955076891998,0.3770274109239666
F001723,0.07854497463356824,0.8150753768844221,0.7000000000000001,0.6429100507328637,0.0,1.0,1.0,1.0,0.0,real,3,0.3701005025125628,0.8150753768844221,0.8394472361809046,0.4197236180904523,0.3403901732279488,0.6283089126537209
F001724,0.0,0.37763819095477386,0.2833333333333333,0.5840471822645078,0.25,1.0,1.0,1.0,0.25,real,3,0.8304020100502513,0.37763819095477386,0.7487437185929648,0.3743718592964824,0.7260801494911745,0.547140223731724
F001725,0.0,0.37763819095477386,0.5,0.19999999999999996,0.0,1.0,1.0,1.0,0.0,real,3,0.3701005025125628,0.37763819095477386,0.11608040201005025,0.058040201005025126,0.20653095881417138,0.37720070200247463
F001726,0.0,0.37763819095477386,0.2833333333333333,0.20816659994661327,0.0,1.0,1.0,1.0,0.0,real,3,0.3701005025125628,0.37763819095477386,0.14321608040201006,0.07160804020100503,0.2115524229186132,0.37709843185778136
F001727,0.10515940274608067,0.8409547738693467,0.611111111111111,0.23412563895228303,0.0,1.0,1.0,1.0,0.0,real,3,0.3701005025125628,0.8409547738693467,0.1756281407035176,0.0878140703517588,0.2175502828211409,0.7996071437589959
F001728,0.0,0.37763819095477386,0.5388888888888889,0.49478764618249593,0.0,1.0,1.0,1.0,0.0,real,3,0.3701005025125628,0.37763819095477386,0.6020100502512563,0.30100502512562816,0.296452362314083,0.3753693088558369
F001729,0.0,0.37763819095477386,0.4166666666666667,0.3179797338056486,0.0,1.0,1.0,1.0,0.0,real,3,0.3701005025125628,0.37763819095477386,0.2992462311557789,0.14962311557788946,0.24042584151915355,0.3765103785257948
F001730,0.0,0.37763819095477386,0.3111111111111111,0.6301087501670144,0.0,1.0,1.0,1.0,0.0,real,3,0.3701005025125628,0.37763819095477386,0.8190954773869347,0.40954773869346733,0.33662407514961745,0.37455114769829045
F001731,0.0,0.37763819095477386,0.29999999999999993,0.24037008503093268,0.25,1.0,1.0,1.0,0.25,real,3,0.8304020100502513,0.37763819095477386,0.18592964824120603,0.09296482412060302,0.49239918183884246,0.41972929976515744
F001732,0.0,0.37763819095477386,0.5055555555555555,0.18954135676924425,0.0,1.0,1.0,1.0,0.0,real,3,0.3701005025125628,0.37763819095477386,0.11180904522613065,0.055904522613065326,0.20574054316810184,0.37721680008080605
F001733,0.0,0.37763819095477386,0.39444444444444443,0.33388842669592717,0.0,1.0,1.0,1.0,0.0,real,3,0.3701005025125628,0.37763819095477386,0.31809045226130656,0.15904522613065328,0.2439129693694604,0.37643935759197994
F001734,0.0,0.37763819095477386,0.6055555555555556,0.589098495191625,0.0,1.0,1.0,1.0,0.0,real,3,0.3701005025125628,0.37763819095477386,0.7530150753768844,0.3765075376884422,0.3243958801545415,0.3748001944395344
F001735,0.0,0.37763819095477386,0.3222222222222222,0.3150543750835072,0.0,1.0,1.0,1.0,0.0,real,3,0.3701005025125628,0.37763819095477386,0.2879396984924623,0.14396984924623116,0.23833356480896947,0.3765529910860837
F001736,0.0,0.37763819095477386,0.4166666666666667,0.3511884584284246,0.0,1.0,1.0,1.0,0.0,real,3,0.3701005025125628,0.37763819095477386,0.3487437185929648,0.1743718592964824,0.24958536400595946,0.3763238302063079
F001737,0.19999999999999996,0.9005025125628141,0.6666666666666666,0.2666666666666667,0.5,1.0,1.0,1.0,0.5,real,3,0.9587939698492463,0.9005025125628141,0.2113065326633166,0.1056532663316583,0.5806966995782935,0.9066611954243581
F001738,0.0,0.37763819095477386,0.35,0.40960685758148363,0.5,1.0,1.0,1.0,0.5,real,3,0.9587939698492463,0.37763819095477386,0.4552763819095477,0.22763819095477386,0.6976551097194515,0.509931441125224
F001739,0.0,0.37763819095477386,0.49444444444444446,0.29876288132775003,0.0,1.0,1.0,1.0,0.0,real,3,0.3701005025125628,0.37763819095477386,0.26457286432160804,0.13228643216080402,0.23400952627458904,0.376641057044014
F001740,0.0,0.37763819095477386,0.37777777777777777,0.5047918529600243,0.0,1.0,1.0,1.0,0.0,real,3,0.3701005025125628,0.37763819095477386,0.6180904522613065,0.30904522613065327,0.2994280447463448,0.37530870432564833
F001741,0.0,0.37763819095477386,0.28888888888888886,0.15396007178390017,0.0,1.0,1.0,1.0,0.0,real,3,0.3701005025125628,0.37763819095477386,0.0814070351758794,0.0407035175879397,0.20011464356960681,0.3773313805206939
F001742,0.0,0.37763819095477386,0.37777777777777777,0.27755546659548436,0.0,1.0,1.0,1.0,0.0,real,3,0.3701005025125628,0.37763819095477386,0.22889447236180904,0.11444723618090452,0.22740723087800815,0.37677552334537007
F001743,0.0,0.37763819095477386,0.33333333333333337,0.5811865258054231,0.0,1.0,1.0,1.0,0.0,real,3,0.3701005025125628,0.37763819095477386,0.7371859296482413,0.36859296482412063,0.32146669276028383,0.3748598520239388
F001744,0.0,0.37763819095477386,0.19444444444444442,0.11706281947614157,0.0,1.0,1.0,1.0,0.0,real,3,0.3701005025125628,0.37763819095477386,0.04221105527638191,0.021105527638190954,0.19286141764096867,0.3774791040630287
F001745,0.0,0.37763819095477386,0.4444444444444445,0.6301087501670144,0.0,1.0,1.0,1.0,0.0,real,3,0.3701005025125628,0.37763819095477386,0.8190954773869347,0.40954773869346733,0.33662407514961745,0.37455114769829045
F001746,0.0,0.37763819095477386,0.34444444444444444,0.4537906190369364,0.0,1.0,1.0,1.0,0.0,real,3,0.3701005025125628,0.37763819095477386,0.5301507537688442,0.2650753768844221,0.283154781444913,0.3756401353501174
F001747,0.0,0.37763819095477386,0.4222222222222222,0.5388602512436508,0.25,1.0,1.0,1.0,0.25,real,3,0.8304020100502513,0.37763819095477386,0.6738693467336684,0.3369346733668342,0.6949922350445695,0.530190020454029
F001748,0.0,0.37763819095477386,0.6055555555555556,0.46706332348852675,0.0,1.0,1.0,1.0,0.0,real,3,0.3701005025125628,0.37763819095477386,0.5527638190954773,0.27638190954773867,0.2873393348652812,0.3755549102295397
F001749,0.0,0.37763819095477386,0.2833333333333333,0.5196152422706632,0.0,1.0,1.0,1.0,0.0,real,3,0.3701005025125628,0.37763819095477386,0.6412060301507537,0.32060301507537686,0.30370558824272115,0.37522158531350214
F001750,0.10994063975465382,0.8447236180904523,0.6277777777777778,0.29122983160180343,0.0,1.0,1.0,1.0,0.0,real,3,0.3701005025125628,0.8447236180904523,0.2547738693467337,0.12738693467336684,0.2321962197924295,0.7842628342718618
F001751,0.004957759763154934,0.7610552763819095,0.6833333333333333,0.7234178138070235,0.0,1.0,1.0,1.0,0.0,real,3,0.3701005025125628,0.7610552763819095,0.9173366834170854,0.4586683417085427,0.3548036350092169,0.581736698568218
F001752,0.06997183984210328,0.8100502512562814,0.6555555555555556,0.48227854253801566,0.0,1.0,1.0,1.0,0.0,real,3,0.3701005025125628,0.8100502512562814,0.5839195979899497,0.2919597989949749,0.29310471957778844,0.6816026110451755
F001753,0.0,0.37763819095477386,0.2944444444444444,0.2219442706159798,0.0,1.0,1.0,1.0,0.0,real,3,0.3701005025125628,0.37763819095477386,0.1620603015075377,0.08103015075376885,0.21503955076891998,0.3770274109239666
F001754,0.0,0.37763819095477386,0.32777777777777783,0.5167562646325994,0.0,1.0,1.0,1.0,0.0,real,3,0.3701005025125628,0.37763819095477386,0.6369346733668342,0.3184673366834171,0.3029151725966516,0.3752376833918335
F001755,0.0,0.37763819095477386,0.3111111111111111,0.3355481971231445,0.0,1.0,1.0,1.0,0.0,real,3,0.3701005025125628,0.37763819095477386,0.3309045226130653,0.16545226130653265,0.246284216307669,0.3763910633569859
F001756,0.0,0.37763819095477386,0.29999999999999993,0.37118429085533483,0.5,1.0,1.0,1.0,0.5,real,3,0.9587939698492463,0.37763819095477386,0.38517587939698494,0.19258793969849247,0.6640491401732279,0.48956178505593295
F001757,0.07854497463356824,0.8150753768844221,0.7000000000000001,0.6429100507328637,0.5,1.0,1.0,1.0,0.5,real,3,0.9587939698492463,0.8150753768844221,0.8394472361809046,0.4197236180904523,0.8818254589530568,0.8753974647104872
F001758,0.15358392356935746,0.8768844221105527,0.6555555555555556,0.3150543750835073,0.0,1.0,1.0,1.0,0.0,real,3,0.3701005025125628,0.8768844221105527,0.292713567839196,0.146356783919598,0.23921697053104723,0.8027131574960228
F001759,0.0,0.37763819095477386,0.27222222222222225,0.28349668493717944,0.0,1.0,1.0,1.0,0.0,real,3,0.3701005025125628,0.37763819095477386,0.24547738693467336,0.12273869346733668,0.23047590338627813,0.376713024923613
F001760,0.0,0.37763819095477386,0.5055555555555555,0.42207599807161283,0.0,1.0,1.0,1.0,0.0,real,3,0.3701005025125628,0.37763819095477386,0.47185929648241204,0.23592964824120602,0.27236793262796394,0.3758598267720512
F001761,0.0,0.37763819095477386,0.3111111111111111,0.46825127790456617,0.0,1.0,1.0,1.0,0.0,real,3,0.3701005025125628,0.37763819095477386,0.5600502512562814,0.2800251256281407,0.2886876909673998,0.3755274488017979
F001762,0.46673977874197126,0.9834170854271357,0.8388888888888888,0.4220759980716129,0.0,1.0,1.0,1.0,0.0,real,3,0.3701005025125628,0.9834170854271357,0.4738693467336683,0.23693467336683416,0.2727398929319967,0.8381011211838085
F001763,0.668262150438322,0.9964824120603015,0.9111111111111112,0.30792014356780045,0.0,1.0,1.0,1.0,0.0,real,3,0.3701005025125628,0.9964824120603015,0.2834170854271357,0.14170854271356784,0.23749665412489582,0.9077187444761496
F001764,0.0,0.37763819095477386,0.2833333333333333,0.2081665999466133,0.0,1.0,1.0,1.0,0.0,real,3,0.3701005025125628,0.37763819095477386,0.1442211055276382,0.0721105527638191,0.21173840307062952,0.3770946440746446
F001765,0.0,0.37763819095477386,0.27222222222222225,0.2501851166488378,0.0,1.0,1.0,1.0,0.0,real,3,0.3701005025125628,0.37763819095477386,0.19321608040201005,0.09660804020100502,0.22080493548142724,0.37690998964672606
F001766,0.06997183984210326,0.8092964824120603,0.6555555555555556,0.4822785425380157,0.0,1.0,1.0,1.0,0.0,real,3,0.3701005025125628,0.8092964824120603,0.5876884422110553,0.29384422110552766,0.2938021451478498,0.6802412817858134
F001767,0.0,0.37763819095477386,0.3222222222222222,0.3671713698190735,0.0,1.0,1.0,1.0,0.0,real,3,0.3701005025125628,0.37763819095477386,0.3751256281407035,0.18756281407035175,0.254467342996389,0.3762244008989672
F001768,0.0,0.37763819095477386,0.2222222222222222,0.769800358919501,0.0,1.0,1.0,1.0,0.0,real,3,0.3701005025125628,0.37763819095477386,0.9484924623115578,0.4742462311557789,0.3605690197217242,0.3740634706194288
F001769,0.0,0.37763819095477386,0.23888888888888887,0.2009237924447236,0.0,1.0,1.0,1.0,0.0,real,3,0.3701005025125628,0.37763819095477386,0.12135678391959799,0.060678391959798995,0.20750735461225725,0.3771808161410065
F001770,0.04514162296451364,0.7884422110552763,0.5666666666666667,0.17638342073763932,0.0,1.0,1.0,1.0,0.0,real,3,0.3701005025125628,0.7884422110552763,0.1077889447236181,0.05389447236180905,0.20499662256003634,0.7658959054064292
F001771,0.0,0.37763819095477386,0.3888888888888889,0.7726817178094982,0.0,1.0,1.0,1.0,0.0,real,3,0.3701005025125628,0.37763819095477386,0.950502512562814,0.475251256281407,0.360940980025757,0.3740558950531552
F001772,0.0,0.37763819095477386,0.47777777777777775,0.40184758488944716,0.0,1.0,1.0,1.0,0.0,real,3,0.3701005025125628,0.37763819095477386,0.43793969849246234,0.21896984924623117,0.2660911024974117,0.37598766445291787
F001773,0.0,0.37763819095477386,0.4611111111111111,0.5738111703855714,0.0,1.0,1.0,1.0,0.0,real,3,0.3701005025125628,0.37763819095477386,0.7304020100502513,0.36520100502512565,0.3202113267341734,0.3748854195601121
F001774,0.1464816241512003,0.8741206030150753,0.6333333333333333,0.24037008503093257,0.0,1.0,1.0,1.0,0.0,real,3,0.3701005025125628,0.8741206030150753,0.18115577889447237,0.09057788944723619,0.2185731736572309,0.8284675260725738
F001775,0.0,0.37763819095477386,0.28888888888888886,0.6012333003763859,0.25,1.0,1.0,1.0,0.25,real,3,0.8304020100502513,0.37763819095477386,0.7788944723618091,0.38944723618090454,0.7385987727582637,0.5539658089442185
F001776,0.18985690583578663,0.8937185929648241,0.7222222222222222,0.5091750772173156,0.0,1.0,1.0,1.0,0.0,real,3,0.3701005025125628,0.8937185929648241,0.6276381909547739,0.31381909547738696,0.30119485619050024,0.7293972374434989
F001777,0.15489216538666217,0.878643216080402,0.7055555555555556,0.512437891448898,0.25,1.0,1.0,1.0,0.25,real,3,0.8304020100502513,0.878643216080402,0.6326633165829145,0.31633165829145726,0.677883449912881,0.8633829953789045
F001778,0.0,0.37763819095477386,0.4111111111111111,0.4438885412319596,0.0,1.0,1.0,1.0,0.0,real,3,0.3701005025125628,0.37763819095477386,0.5165829145728643,0.25829145728643216,0.2806440493926921,0.3756912704224641
F001779,0.0,0.37763819095477386,0.25555555555555554,0.16777409856157224,0.0,1.0,1.0,1.0,0.0,real,3,0.3701005025125628,0.37763819095477386,0.10326633165829145,0.051633165829145726,0.2041597118759627,0.37724899623746877
F001780,0.0,0.37763819095477386,0.3555555555555555,0.20367003088692623,0.25,1.0,1.0,1.0,0.25,real,3,0.8304020100502513,0.37763819095477386,0.12964824120603016,0.06482412060301508,0.4690310850736093,0.4069882073685008
F001781,0.0,0.37763819095477386,0.11666666666666664,0.27284509239574833,0.0,1.0,1.0,1.0,0.0,real,3,0.3701005025125628,0.37763819095477386,0.22336683417085426,0.11168341708542713,0.22638434004191815,0.37679635615262236
F001782,0.005341985600631843,0.7618090452261307,0.6111111111111112,0.4337604732431808,0.0,1.0,1.0,1.0,0.0,real,3,0.3701005025125628,0.7618090452261307,0.49447236180904525,0.24723618090452262,0.2765524860483321,0.6649645210979522
F001783,0.0,0.37763819095477386,0.5666666666666667,0.7571877794400365,0.0,1.0,1.0,1.0,0.0,real,3,0.3701005025125628,0.37763819095477386,0.9394472361809045,0.46972361809045227,0.3588951983535769,0.37409756066765987
F001784,0.0,0.37763819095477386,0.36111111111111116,0.16442942874387495,0.25,1.0,1.0,1.0,0.25,real,3,0.8304020100502513,0.37763819095477386,0.09321608040201006,0.04660804020100503,0.45390441529254316,0.3987406252367364
F001785,0.0,0.37763819095477386,0.3111111111111111,0.3355481971231445,0.0,1.0,1.0,1.0,0.0,real,3,0.3701005025125628,0.37763819095477386,0.3309045226130653,0.16545226130653265,0.246284216307669,0.3763910633569859
F001786,0.12925003336002672,0.8605527638190955,0.6166666666666667,0.2081665999466132,0.0,1.0,1.0,1.0,0.0,real,3,0.3701005025125628,0.8605527638190955,0.14195979899497488,0.07097989949748744,0.2113199477285927,0.8257405116032424
F001787,0.0,0.37763819095477386,0.5277777777777778,0.6866450913546833,0.0,1.0,1.0,1.0,0.0,real,3,0.3701005025125628,0.37763819095477386,0.8899497487437186,0.4449748743718593,0.34973567586677107,0.37428410898714676
F001788,0.0,0.37763819095477386,0.3111111111111111,0.6301087501670144,0.5,1.0,1.0,1.0,0.5,real,3,0.9587939698492463,0.37763819095477386,0.8190954773869347,0.40954773869346733,0.8720688871493145,0.6156492260296457
F001789,0.11330395485872527,0.8459798994974874,0.6722222222222222,0.46228097917143823,0.5,1.0,0.5,0.5,0.5,real,3,0.9587939698492463,0.8459798994974874,0.5409547738693468,0.1352386934673367,0.3693645362490846,0.8612367269765915
F001790,0.040447359039496866,0.7819095477386935,0.7277777777777777,0.8302163930321174,0.0,1.0,1.0,1.0,0.0,real,3,0.3701005025125628,0.7819095477386935,0.9741206030150754,0.4870603015075377,0.36531151359814146,0.581333710007323
F001791,0.0,0.37763819095477386,0.3666666666666667,0.30550504633038933,0.25,1.0,1.0,1.0,0.25,real,3,0.8304020100502513,0.37763819095477386,0.27261306532663315,0.13630653266331658,0.528390223731724,0.4393528572510795
F001792,0.0,0.37763819095477386,0.5111111111111111,0.4286067004885758,0.5,1.0,1.0,1.0,0.5,real,3,0.9587939698492463,0.37763819095477386,0.4907035175879397,0.24535175879396984,0.7146387717481882,0.5202257834398121
F001793,0.0,0.37763819095477386,0.6111111111111112,0.693888666488711,0.0,1.0,1.0,1.0,0.0,real,3,0.3701005025125628,0.37763819095477386,0.8974874371859296,0.4487437185929648,0.3511305270068938,0.3742557006136209
F001794,0.0,0.37763819095477386,0.21666666666666662,0.14529663145135582,0.0,1.0,1.0,1.0,0.0,real,3,0.3701005025125628,0.37763819095477386,0.06733668341708543,0.033668341708542715,0.19751092144137775,0.37738440948460894
F001795,0.0,0.37763819095477386,0.3388888888888889,0.1503083250940965,0.25,1.0,1.0,1.0,0.25,real,3,0.8304020100502513,0.37763819095477386,0.07412060301507538,0.03706030150753769,0.4459759538900533,0.3944177546021565
F001796,0.0,0.37763819095477386,0.6111111111111112,0.5091750772173156,0.0,1.0,1.0,1.0,0.0,real,3,0.3701005025125628,0.37763819095477386,0.6276381909547739,0.31381909547738696,0.30119485619050024,0.37527272038584886
F001797,0.0,0.37763819095477386,0.36111111111111116,0.16442942874387495,0.25,1.0,1.0,1.0,0.25,real,3,0.8304020100502513,0.37763819095477386,0.09321608040201006,0.04660804020100503,0.45390441529254316,0.3987406252367364
F001798,0.0,0.37763819095477386,0.6722222222222222,0.7456044031025608,0.0,1.0,1.0,1.0,0.0,real,3,0.3701005025125628,0.37763819095477386,0.9311557788944723,0.46557788944723616,0.35736086209944196,0.37412880987853836
F001799,0.34129114829119156,0.9587939698492463,0.788888888888889,0.4729732589731725,0.0,1.0,1.0,1.0,0.0,real,3,0.3701005025125628,0.9587939698492463,0.5703517587939698,0.2851758793969849,0.29059398752556753,0.7909127926062474
F001800,0.0,0.37763819095477386,0.3666666666666667,0.3711842908553349,0.0,1.0,1.0,1.0,0.0,real,3,0.3701005025125628,0.37763819095477386,0.38944723618090454,0.19472361809045227,0.25711756016262216,0.3761704249892679
F001801,0.012348229783361087,0.7645728643216081,0.6555555555555556,0.5975257626555001,0.25,1.0,1.0,1.0,0.25,real,3,0.8304020100502513,0.7645728643216081,0.7655778894472361,0.3827889447236181,0.7330697141486326,0.7897715335471327
F001802,0.0,0.37763819095477386,0.25555555555555554,0.5003702332976756,0.5,1.0,1.0,1.0,0.5,real,3,0.9587939698492463,0.37763819095477386,0.6082914572864322,0.3041457286432161,0.7710100755031439,0.554394238781849
F001803,0.0,0.37763819095477386,0.4111111111111111,0.16777409856157222,0.5,1.0,1.0,1.0,0.5,real,3,0.9587939698492463,0.37763819095477386,0.10050251256281408,0.05025125628140704,0.5275775864245853,0.4068419989394207
F001804,0.22250017382846474,0.9168341708542713,0.7222222222222222,0.4438885412319595,0.0,1.0,1.0,1.0,0.0,real,3,0.3701005025125628,0.9168341708542713,0.5113065326633166,0.2556532663316583,0.2796676535946062,0.777059922729224
F001805,0.0,0.37763819095477386,0.3111111111111111,0.6301087501670144,0.0,1.0,1.0,1.0,0.0,real,3,0.3701005025125628,0.37763819095477386,0.8190954773869347,0.40954773869346733,0.33662407514961745,0.37455114769829045
F001806,0.0,0.37763819095477386,0.3388888888888889,0.7120653320005385,0.0,1.0,1.0,1.0,0.0,real,3,0.3701005025125628,0.37763819095477386,0.9095477386934674,0.4547738693467337,0.35336228883109017,0.3742102472159794
F001807,0.0,0.37763819095477386,0.35,0.5238744548500571,0.0,1.0,1.0,1.0,0.0,real,3,0.3701005025125628,0.37763819095477386,0.6525125628140703,0.32625628140703516,0.30579786495290523,0.3751789727532133
F001808,0.0,0.37763819095477386,0.39444444444444443,0.2834966849371794,0.75,1.0,1.0,1.0,0.75,real,3,0.9987437185929648,0.37763819095477386,0.23969849246231156,0.11984924623115578,0.6190705411479508,0.4520772202722153
F001809,0.0,0.37763819095477386,0.5333333333333333,0.5811865258054232,0.0,1.0,1.0,1.0,0.0,real,3,0.3701005025125628,0.37763819095477386,0.7422110552763819,0.37110552763819094,0.32239659352036565,0.37484091310825485
F001810,0.0,0.37763819095477386,0.38888888888888884,0.6049181150584977,0.0,1.0,1.0,1.0,0.0,real,3,0.3701005025125628,0.37763819095477386,0.7846733668341709,0.39233668341708544,0.330254254943057,0.3746808792707255
F001811,0.05679267422780554,0.7982412060301508,0.6777777777777778,0.5975257626555002,0.25,1.0,1.0,1.0,0.25,real,3,0.8304020100502513,0.7982412060301508,0.7685929648241207,0.3842964824120603,0.7343215764753415,0.8106004898866191
F001812,0.0,0.37763819095477386,0.35,0.40960685758148363,0.0,1.0,1.0,1.0,0.0,real,3,0.3701005025125628,0.37763819095477386,0.4552763819095477,0.22763819095477386,0.26929926011969396,0.3759223251938082
F001813,0.0,0.37763819095477386,0.39999999999999997,0.46188021535170054,0.0,1.0,1.0,1.0,0.0,real,3,0.3701005025125628,0.37763819095477386,0.5331658291457286,0.2665829145728643,0.2837127219009621,0.37562877200070705
F001814,0.0720721268714043,0.8110552763819096,0.638888888888889,0.4114113018127471,0.0,1.0,1.0,1.0,0.0,real,3,0.3701005025125628,0.8110552763819096,0.4600502512562814,0.2300251256281407,0.2701826658417717,0.7096245991262847
F001815,0.0,0.37763819095477386,0.6333333333333333,0.6359594676112972,0.5,1.0,1.0,1.0,0.5,real,3,0.9587939698492463,0.37763819095477386,0.8298994974874372,0.4149497487437186,0.8772483018105603,0.6187886353879952
F001816,0.0,0.37763819095477386,0.5277777777777778,0.47648403649759036,0.0,1.0,1.0,1.0,0.0,real,3,0.3701005025125628,0.37763819095477386,0.5726130653266331,0.28630653266331657,0.29101244286760436,0.37548010151258804
F001817,0.0,0.37763819095477386,0.4166666666666667,0.39299420408505326,0.0,1.0,1.0,1.0,0.0,real,3,0.3701005025125628,0.37763819095477386,0.4228643216080402,0.2114321608040201,0.26330140021716625,0.3760444811999697
F001818,0.0,0.37763819095477386,0.6222222222222222,0.8877770824639192,0.0,1.0,1.0,1.0,0.0,real,3,0.3701005025125628,0.37763819095477386,0.9879396984924623,0.49396984924623116,0.3678687406883665,0.3739148001313098
F001819,0.0,0.37763819095477386,0.16666666666666669,0.2,0.0,1.0,1.0,1.0,0.0,real,3,0.3701005025125628,0.37763819095477386,0.1178391959798995,0.05891959798994975,0.2068564240802,0.37719407338198535
F001820,0.0,0.37763819095477386,0.2777777777777778,0.39063101847215437,0.0,1.0,1.0,1.0,0.0,real,3,0.3701005025125628,0.37763819095477386,0.4168341708542714,0.2084170854271357,0.26218551930506806,0.37606720789879045
F001821,0.10566671114670223,0.842211055276382,0.6222222222222222,0.2775554665954843,0.25,1.0,1.0,1.0,0.25,real,3,0.8304020100502513,0.842211055276382,0.22537688442211054,0.11268844221105527,0.5087777139466175,0.8408803123658494
F001822,0.0,0.37763819095477386,0.5277777777777778,0.47648403649759036,0.0,1.0,1.0,1.0,0.0,real,3,0.3701005025125628,0.37763819095477386,0.5726130653266331,0.28630653266331657,0.29101244286760436,0.37548010151258804
F001823,0.0,0.37763819095477386,0.39444444444444443,0.46706332348852675,0.25,1.0,1.0,1.0,0.25,real,3,0.8304020100502513,0.37763819095477386,0.5527638190954773,0.27638190954773867,0.6447090982550946,0.5027739198505088
F001824,0.0,0.37763819095477386,0.36111111111111116,0.2834966849371794,0.0,1.0,1.0,1.0,0.0,real,3,0.3701005025125628,0.37763819095477386,0.23969849246231156,0.11984924623115578,0.22940651751218405,0.37673480467664955
F001825,0.0,0.37763819095477386,0.42777777777777776,0.5738111703855714,0.0,1.0,1.0,1.0,0.0,real,3,0.3701005025125628,0.37763819095477386,0.7304020100502513,0.36520100502512565,0.3202113267341734,0.3748854195601121
F001826,0.0,0.37763819095477386,0.31666666666666665,0.7234178138070234,0.0,1.0,1.0,1.0,0.0,real,3,0.3701005025125628,0.37763819095477386,0.9160804020100503,0.4580402010050251,0.35457115981919646,0.3741856266255903
F001827,0.14101013309717572,0.8683417085427135,0.65,0.31797973380564853,0.0,1.0,1.0,1.0,0.0,real,3,0.3701005025125628,0.8683417085427135,0.29447236180904524,0.14723618090452262,0.23954243579707585,0.7949825761975707
F001828,0.0,0.37763819095477386,0.18888888888888888,0.2694301256218254,0.0,1.0,1.0,1.0,0.0,real,3,0.3701005025125628,0.37763819095477386,0.21834170854271356,0.10917085427135678,0.2254544392818363,0.37681529506830636
F001829,0.0,0.37763819095477386,0.32777777777777783,0.46228097917143823,0.0,1.0,1.0,1.0,0.0,real,3,0.3701005025125628,0.37763819095477386,0.5409547738693468,0.2704773869346734,0.28515406807908894,0.3755994166813969
F001830,0.0,0.37763819095477386,0.33333333333333337,0.6666666666666666,0.0,1.0,1.0,1.0,0.0,real,3,0.3701005025125628,0.37763819095477386,0.8603015075376884,0.4301507537688442,0.34424926138228834,0.37439584858968206
F001831,0.0,0.37763819095477386,0.23333333333333334,0.11547005383792519,0.0,1.0,1.0,1.0,0.0,real,3,0.3701005025125628,0.37763819095477386,0.03919597989949749,0.019597989949748745,0.19230347718491955,0.3774904674124391
F001832,0.0,0.37763819095477386,0.2666666666666667,0.1333333333333333,0.0,1.0,1.0,1.0,0.0,real,3,0.3701005025125628,0.37763819095477386,0.04773869346733668,0.02386934673366834,0.19388430847705868,0.37745827125577636
F001833,0.0,0.37763819095477386,0.26111111111111107,0.01924500897298752,0.25,1.0,1.0,1.0,0.25,real,3,0.8304020100502513,0.37763819095477386,0.001507537688442211,0.0007537688442211055,0.41582693618848005,0.3779794702153986
F001834,0.4875071594113095,0.9861809045226131,0.8111111111111111,0.26943012562182544,0.0,1.0,1.0,1.0,0.0,real,3,0.3701005025125628,0.9861809045226131,0.22185929648241207,0.11092964824120603,0.2261053698138936,0.9178393222393375
F001835,0.0,0.37763819095477386,0.3388888888888889,0.1503083250940965,0.0,1.0,1.0,1.0,0.0,real,3,0.3701005025125628,0.37763819095477386,0.07412060301507538,0.03706030150753769,0.1987662874674882,0.3773588419484356
F001836,0.0,0.37763819095477386,0.21666666666666662,0.27284509239574833,0.0,1.0,1.0,1.0,0.0,real,3,0.3701005025125628,0.37763819095477386,0.22336683417085426,0.11168341708542713,0.22638434004191815,0.37679635615262236
F001837,0.0,0.37763819095477386,0.6166666666666667,0.7446102634562891,0.0,1.0,1.0,1.0,0.0,real,3,0.3701005025125628,0.37763819095477386,0.9298994974874372,0.4649497487437186,0.3571283869094215,0.3741335446074594
F001838,0.0,0.37763819095477386,0.29999999999999993,0.37118429085533483,0.25,1.0,1.0,1.0,0.25,real,3,0.8304020100502513,0.37763819095477386,0.38517587939698494,0.19258793969849247,0.5751264172621903,0.46483504204439285
F001839,0.0,0.37763819095477386,0.36111111111111116,0.2834966849371794,0.0,1.0,1.0,1.0,0.0,real,3,0.3701005025125628,0.37763819095477386,0.23969849246231156,0.11984924623115578,0.22940651751218405,0.37673480467664955
F001840,0.0,0.37763819095477386,0.5333333333333333,0.4618802153517006,0.0,1.0,1.0,1.0,0.0,real,3,0.3701005025125628,0.37763819095477386,0.535678391959799,0.2678391959798995,0.28417767228100305,0.3756193025428651
F001841,0.12312684125508802,0.856532663316583,0.6722222222222223,0.44263520637871306,0.0,1.0,1.0,1.0,0.0,real,3,0.3701005025125628,0.856532663316583,0.507537688442211,0.2537688442211055,0.2789702280245448,0.7330913360773719
F001842,0.0,0.37763819095477386,0.5777777777777777,0.5551109331909687,0.25,1.0,1.0,1.0,0.25,real,3,0.8304020100502513,0.37763819095477386,0.6972361809045227,0.34861809045226133,0.7046941680765637,0.5354798489937123
F001843,0.0,0.37763819095477386,0.3388888888888889,0.8002314480013707,0.0,1.0,1.0,1.0,0.0,real,3,0.3701005025125628,0.37763819095477386,0.9655778894472362,0.4827889447236181,0.36373068230600236,0.37399907830610335
F001844,0.0,0.37763819095477386,0.31666666666666665,0.21858128414340003,0.25,1.0,1.0,1.0,0.25,real,3,0.8304020100502513,0.37763819095477386,0.1527638190954774,0.0763819095477387,0.47862869624504434,0.41222115603141335
F001845,0.0,0.37763819095477386,0.4166666666666667,0.39299420408505326,0.0,1.0,1.0,1.0,0.0,real,3,0.3701005025125628,0.37763819095477386,0.4228643216080402,0.2114321608040201,0.26330140021716625,0.3760444811999697
F001846,0.0,0.37763819095477386,0.08888888888888885,0.15396007178390017,0.25,1.0,1.0,1.0,0.25,real,3,0.8304020100502513,0.37763819095477386,0.0814070351758794,0.0407035175879397,0.4490012878462665,0.3960672710285094
F001847,0.04398254822208268,0.785929648241206,0.5722222222222222,0.20092379244472355,0.25,1.0,1.0,1.0,0.25,real,3,0.8304020100502513,0.785929648241206,0.11959798994974874,0.05979899497487437,0.4648582106512462,0.7885890507815458
F001848,0.0,0.37763819095477386,0.37777777777777777,0.5047918529600243,0.25,1.0,1.0,1.0,0.25,real,3,0.8304020100502513,0.37763819095477386,0.6180904522613065,0.30904522613065327,0.6718327820004546,0.5175626878109139
F001849,0.0,0.37763819095477386,0.2666666666666666,0.7055336829505575,0.0,1.0,1.0,1.0,0.0,real,3,0.3701005025125628,0.37763819095477386,0.9057788944723618,0.4528894472361809,0.35266486326102875,0.3742244514027424
F001850,0.0,0.37763819095477386,0.38333333333333336,0.6350852961085883,0.0,1.0,1.0,1.0,0.0,real,3,0.3701005025125628,0.37763819095477386,0.8256281407035176,0.4128140703517588,0.33783294613772386,0.3745265271079013
F001851,0.0,0.37763819095477386,0.5222222222222221,0.40184758488944716,0.0,1.0,1.0,1.0,0.0,real,3,0.3701005025125628,0.37763819095477386,0.43793969849246234,0.21896984924623117,0.2660911024974117,0.37598766445291787
F001852,0.0,0.37763819095477386,0.49444444444444446,0.13471506281091267,0.0,1.0,1.0,1.0,0.0,real,3,0.3701005025125628,0.37763819095477386,0.058040201005025126,0.029020100502512563,0.19579060503522638,0.3774194464786243
F001853,0.0,0.37763819095477386,0.36111111111111116,0.16442942874387495,0.25,1.0,1.0,1.0,0.25,real,3,0.8304020100502513,0.37763819095477386,0.09321608040201006,0.04660804020100503,0.45390441529254316,0.3987406252367364
F001854,0.17916978078296997,0.8881909547738693,0.7444444444444445,0.6194382162118379,0.5,1.0,1.0,1.0,0.5,real,3,0.9587939698492463,0.8881909547738693,0.8103015075376885,0.40515075376884424,0.8678530845180678,0.9167958195500113
F001855,0.0,0.37763819095477386,0.27222222222222225,0.28349668493717944,0.0,1.0,1.0,1.0,0.0,real,3,0.3701005025125628,0.37763819095477386,0.24547738693467336,0.12273869346733668,0.23047590338627813,0.376713024923613
F001856,0.0,0.37763819095477386,0.538888888888889,0.45256470787591785,0.0,1.0,1.0,1.0,0.0,real,3,0.3701005025125628,0.37763819095477386,0.5221105527638191,0.26105527638190956,0.28166694022878214,0.3756704376152117
F001857,0.0,0.37763819095477386,0.3833333333333333,0.6887992773257275,0.0,1.0,1.0,1.0,0.0,real,3,0.3701005025125628,0.37763819095477386,0.892713567839196,0.446356783919598,0.35024712128481605,0.3742736925835206
F001858,0.2076767997638424,0.9045226130653267,0.6833333333333333,0.3179797338056486,0.0,1.0,1.0,1.0,0.0,real,3,0.3701005025125628,0.9045226130653267,0.2992462311557789,0.14962311557788946,0.24042584151915355,0.8245607118507109
F001859,0.0,0.37763819095477386,0.40555555555555556,0.4004626953542244,0.0,1.0,1.0,1.0,0.0,real,3,0.3701005025125628,0.37763819095477386,0.43417085427135677,0.21708542713567838,0.26539367692735033,0.3760018686396808
F001860,0.0,0.37763819095477386,0.40555555555555556,0.6003085626328932,0.0,1.0,1.0,1.0,0.0,real,3,0.3701005025125628,0.37763819095477386,0.7728643216080402,0.3864321608040201,0.32806898815686475,0.37472538572258274
F001861,0.06272340269427051,0.8055276381909547,0.6888888888888889,0.6301087501670145,0.0,1.0,1.0,1.0,0.0,real,3,0.3701005025125628,0.8055276381909547,0.8233668341708543,0.41168341708542716,0.33741449079568697,0.6262695070831545
F001862,0.08452994616207483,0.8236180904522613,0.6,0.23094010767585024,0.5,1.0,1.0,1.0,0.5,real,3,0.9587939698492463,0.8236180904522613,0.1670854271356784,0.0835427135678392,0.5594972349183102,0.8349110502260044
F001863,0.0,0.37763819095477386,0.3055555555555556,0.5853140973807078,0.5,1.0,1.0,1.0,0.5,real,3,0.9587939698492463,0.37763819095477386,0.7507537688442211,0.37537688442211053,0.8393060781293402,0.5957906366000858
F001864,0.0,0.37763819095477386,0.3222222222222222,0.5590998055737388,0.5,1.0,1.0,1.0,0.5,real,3,0.9587939698492463,0.37763819095477386,0.7085427135678392,0.3542713567839196,0.819070225499356,0.5835250372465342
F001865,0.05679267422780554,0.7982412060301508,0.6777777777777778,0.5975257626555002,0.25,1.0,1.0,1.0,0.25,real,3,0.8304020100502513,0.7982412060301508,0.7685929648241207,0.3842964824120603,0.7343215764753415,0.8106004898866191
F001866,0.0,0.37763819095477386,0.2833333333333333,0.08819171036881966,0.0,1.0,1.0,1.0,0.0,real,3,0.3701005025125628,0.37763819095477386,0.028894472361809045,0.014447236180904523,0.19039718062675184,0.37752929218959114
F001867,0.0,0.37763819095477386,0.2666666666666667,0.1333333333333333,0.25,1.0,1.0,1.0,0.25,real,3,0.8304020100502513,0.37763819095477386,0.04773869346733668,0.02386934673366834,0.43502215853135023,0.3884453675412237
F001868,0.0,0.37763819095477386,0.25,0.4409585518440985,0.25,1.0,1.0,1.0,0.25,real,3,0.8304020100502513,0.37763819095477386,0.5052763819095477,0.25263819095477386,0.6249922666094291,0.4920236231408297
F001869,0.22250017382846474,0.9168341708542713,0.7222222222222222,0.4438885412319595,0.25,1.0,1.0,1.0,0.25,real,3,0.8304020100502513,0.9168341708542713,0.5113065326633166,0.2556532663316583,0.6274959912628469,0.8947375066286204
F001870,0.0,0.37763819095477386,0.5833333333333334,0.39299420408505326,0.0,1.0,1.0,1.0,0.0,real,3,0.3701005025125628,0.37763819095477386,0.4228643216080402,0.2114321608040201,0.26330140021716625,0.3760444811999697
F001871,0.0,0.37763819095477386,0.40555555555555556,0.6003085626328932,0.0,1.0,1.0,1.0,0.0,real,3,0.3701005025125628,0.37763819095477386,0.7728643216080402,0.3864321608040201,0.32806898815686475,0.37472538572258274
F001872,0.2133974596215561,0.9100502512562814,0.65,0.17320508075688776,0.0,1.0,1.0,1.0,0.0,real,3,0.3701005025125628,0.9100502512562814,0.10603015075376884,0.05301507537688442,0.20467115729400773,0.8814247746269034
F001873,0.0,0.37763819095477386,0.35,0.45092497528228953,0.0,1.0,1.0,1.0,0.0,real,3,0.3701005025125628,0.37763819095477386,0.5203517587939699,0.26017587939698494,0.28134147496275347,0.37567706623570113
F001874,0.0,0.37763819095477386,0.28888888888888886,0.07698003589195009,0.0,1.0,1.0,1.0,0.0,real,3,0.3701005025125628,0.37763819095477386,0.0228643216080402,0.0114321608040201,0.18928129971465368,0.3775520188884119
F001875,0.42361657926236057,0.9796482412060301,0.8,0.3527668414752788,0.0,1.0,1.0,1.0,0.0,real,3,0.3701005025125628,0.9796482412060301,0.35904522613065326,0.17952261306532663,0.2514916605641272,0.8702206383677178
F001876,0.0,0.37763819095477386,0.31666666666666665,0.21858128414340003,0.0,1.0,1.0,1.0,0.0,real,3,0.3701005025125628,0.37763819095477386,0.1527638190954774,0.0763819095477387,0.21331923436276862,0.3770624479179819
F001877,0.0,0.37763819095477386,0.33333333333333326,0.7423685817106696,0.25,1.0,1.0,1.0,0.25,real,3,0.8304020100502513,0.37763819095477386,0.9241206030150754,0.4620603015075377,0.7988968081614102,0.5868423777177344
F001878,0.12925003336002672,0.8605527638190955,0.6166666666666667,0.2081665999466132,0.25,1.0,1.0,1.0,0.25,real,3,0.8304020100502513,0.8605527638190955,0.14195979899497488,0.07097989949748744,0.474142856241004,0.8584126663468095
F001879,0.0,0.37763819095477386,0.25,0.4409585518440985,0.0,1.0,1.0,1.0,0.0,real,3,0.3701005025125628,0.37763819095477386,0.5052763819095477,0.25263819095477386,0.278551772682508,0.3757338829827529
F001880,0.0,0.37763819095477386,0.17777777777777776,0.33554819712314443,0.0,1.0,1.0,1.0,0.0,real,3,0.3701005025125628,0.37763819095477386,0.32487437185929646,0.16243718592964823,0.24516833539557084,0.37641379005580666
F001881,0.0,0.37763819095477386,0.31666666666666665,0.21858128414340003,0.5,1.0,1.0,1.0,0.5,real,3,0.9587939698492463,0.37763819095477386,0.1527638190954774,0.0763819095477387,0.5526314992045656,0.4220279790914371
F001882,0.0,0.37763819095477386,0.37222222222222223,0.4525647078759179,0.0,1.0,1.0,1.0,0.0,real,3,0.3701005025125628,0.37763819095477386,0.5243718592964824,0.2621859296482412,0.2820853955708189,0.375661915103154
F001883,0.0,0.37763819095477386,0.4666666666666667,0.4807401700618652,0.0,1.0,1.0,1.0,0.0,real,3,0.3701005025125628,0.37763819095477386,0.5756281407035176,0.2878140703517588,0.2915703833236535,0.37546873816317766
F001884,0.0,0.37763819095477386,0.3555555555555555,0.5551109331909687,0.5,1.0,1.0,1.0,0.5,real,3,0.9587939698492463,0.37763819095477386,0.6972361809045227,0.34861809045226133,0.8136499078306104,0.5802396088482614
F001885,0.21093755647727047,0.9085427135678392,0.7388888888888889,0.5336804426010147,0.0,1.0,1.0,1.0,0.0,real,3,0.3701005025125628,0.9085427135678392,0.6592964824120603,0.32964824120603015,0.3070532309790157,0.7310461857023811
F001886,0.0,0.37763819095477386,0.37222222222222223,0.36565517048676305,0.0,1.0,1.0,1.0,0.0,real,3,0.3701005025125628,0.37763819095477386,0.37035175879396987,0.18517587939698493,0.2535839372743112,0.37624239286886696
F001887,0.3880367018819775,0.9718592964824121,0.7666666666666666,0.29059326290271165,0.25,1.0,1.0,1.0,0.25,real,3,0.8304020100502513,0.9718592964824121,0.25301507537688445,0.12650753768844222,0.520253118608116,0.9539638834877907
F001888,0.2076767997638424,0.9045226130653267,0.6833333333333333,0.3179797338056486,0.0,1.0,1.0,1.0,0.0,real,3,0.3701005025125628,0.9045226130653267,0.2992462311557789,0.14962311557788946,0.24042584151915355,0.8245607118507109
F001889,0.0,0.37763819095477386,0.37777777777777777,0.27755546659548436,0.5,1.0,1.0,1.0,0.5,real,3,0.9587939698492463,0.37763819095477386,0.22889447236180904,0.11444723618090452,0.5891283048407869,0.4441498636398071
F001890,0.0,0.37763819095477386,0.3055555555555556,0.5419443732558754,0.0,1.0,1.0,1.0,0.0,real,3,0.3701005025125628,0.37763819095477386,0.678894472361809,0.3394472361809045,0.31067984394333475,0.3750795434458726
F001891,0.36310546582568015,0.963819095477387,0.7777777777777777,0.3849001794597506,0.25,1.0,1.0,1.0,0.25,real,3,0.8304020100502513,0.963819095477387,0.4055276381909548,0.2027638190954774,0.5835764879674755,0.9367669377035934
F001892,0.0,0.37763819095477386,0.18333333333333335,0.42557151116012354,0.0,1.0,1.0,1.0,0.0,real,3,0.3701005025125628,0.37763819095477386,0.478643216080402,0.239321608040201,0.27362329865407437,0.3758342592358779
F001893,0.0,0.37763819095477386,0.23333333333333334,0.4666666666666667,0.0,1.0,1.0,1.0,0.0,real,3,0.3701005025125628,0.37763819095477386,0.5469849246231155,0.27349246231155777,0.2862699489911871,0.3755766899825762
F001894,0.0,0.37763819095477386,0.3555555555555555,0.46825127790456617,0.25,1.0,1.0,1.0,0.25,real,3,0.8304020100502513,0.37763819095477386,0.5600502512562814,0.2800251256281407,0.6477344322113079,0.5044234362768617
F001895,0.0,0.37763819095477386,0.31666666666666665,0.3179797338056486,0.25,1.0,1.0,1.0,0.25,real,3,0.8304020100502513,0.37763819095477386,0.2992462311557789,0.14962311557788946,0.539448340950986,0.4453821241887831
F001896,0.0,0.37763819095477386,0.3555555555555555,0.5551109331909687,0.0,1.0,1.0,1.0,0.0,real,3,0.3701005025125628,0.37763819095477386,0.6972361809045227,0.34861809045226133,0.3140739817176334,0.37501041640362615
F001897,0.0,0.37763819095477386,0.3388888888888889,0.7120653320005385,0.0,1.0,1.0,1.0,0.0,real,3,0.3701005025125628,0.37763819095477386,0.9095477386934674,0.4547738693467337,0.35336228883109017,0.3742102472159794
F001898,0.0,0.37763819095477386,0.2833333333333333,0.5364492313143694,0.0,1.0,1.0,1.0,0.0,real,3,0.3701005025125628,0.37763819095477386,0.6640703517587939,0.33203517587939696,0.3079366367010934,0.3751354132471402
F001899,0.0,0.37763819095477386,0.6777777777777778,0.8441519961432257,0.0,1.0,1.0,1.0,0.0,real,3,0.3701005025125628,0.37763819095477386,0.978140703517588,0.489070351758794,0.36605543420620695,0.3739517310168935
F001900,0.0,0.37763819095477386,0.6833333333333333,0.9562658858520702,0.0,1.0,1.0,1.0,0.0,real,3,0.3701005025125628,0.37763819095477386,0.9967336683417085,0.49836683417085426,0.3694960670185096,0.3738816570288629
F001901,0.0,0.37763819095477386,0.33333333333333337,0.13333333333333336,0.0,1.0,1.0,1.0,0.0,real,3,0.3701005025125628,0.37763819095477386,0.05226130653266332,0.02613065326633166,0.1947212191611323,0.3774412262316608
F001902,0.11441628428654779,0.8512562814070351,0.6777777777777778,0.48227854253801566,0.0,1.0,1.0,1.0,0.0,real,3,0.3701005025125628,0.8512562814070351,0.5839195979899497,0.2919597989949749,0.29310471957778844,0.7107781369157343
F001903,0.34129114829119156,0.9587939698492463,0.788888888888889,0.4729732589731725,0.0,1.0,1.0,1.0,0.0,real,3,0.3701005025125628,0.9587939698492463,0.5703517587939698,0.2851758793969849,0.29059398752556753,0.7909127926062474
F001904,0.0,0.37763819095477386,0.6555555555555556,0.795356896363257,0.0,1.0,1.0,1.0,0.0,real,3,0.3701005025125628,0.37763819095477386,0.9597989949748744,0.4798994974874372,0.3626612964319083,0.3740208580591399
F001905,0.00027795160624244364,0.7562814070351759,0.6111111111111112,0.4438885412319596,0.0,1.0,1.0,1.0,0.0,real,3,0.3701005025125628,0.7562814070351759,0.5165829145728643,0.25829145728643216,0.2806440493926921,0.6565341784298376
F001906,0.0,0.37763819095477386,0.6111111111111112,0.6049181150584978,0.0,1.0,1.0,1.0,0.0,real,3,0.3701005025125628,0.37763819095477386,0.7876884422110553,0.39384422110552764,0.3308121953991061,0.37466951592131514
F001907,0.0,0.37763819095477386,0.23888888888888887,0.6113130979323965,0.0,1.0,1.0,1.0,0.0,real,3,0.3701005025125628,0.37763819095477386,0.7979899497487437,0.39899497487437185,0.3327184919572738,0.37463069114416303
F001908,0.0,0.37763819095477386,0.3222222222222222,0.4537906190369364,0.5,1.0,1.0,1.0,0.5,real,3,0.9587939698492463,0.37763819095477386,0.5301507537688442,0.2650753768844221,0.7335496578369233,0.531688278073786
F001909,0.0,0.37763819095477386,0.5666666666666667,0.2905932629027115,0.25,1.0,1.0,1.0,0.25,real,3,0.8304020100502513,0.37763819095477386,0.2507537688442211,0.12537688442211056,0.5193142218630843,0.4344043079720209
F001910,0.0,0.37763819095477386,0.6611111111111111,0.8002314480013707,0.25,1.0,1.0,1.0,0.25,real,3,0.8304020100502513,0.37763819095477386,0.9655778894472362,0.4827889447236181,0.8161099151536577,0.5962275573849145
F001911,0.12153135748343256,0.8537688442211055,0.5944444444444444,0.13471506281091264,0.5,1.0,1.0,1.0,0.5,real,3,0.9587939698492463,0.8537688442211055,0.05552763819095478,0.02776381909547739,0.5060167672533522,0.856684742809525
F001912,0.0,0.37763819095477386,0.33333333333333337,0.5811865258054231,0.25,1.0,1.0,1.0,0.25,real,3,0.8304020100502513,0.37763819095477386,0.7371859296482413,0.36859296482412063,0.721281343905457,0.5445237494002677
F001913,0.0,0.37763819095477386,0.5666666666666667,0.5696002496878354,0.0,1.0,1.0,1.0,0.0,real,3,0.3701005025125628,0.37763819095477386,0.7256281407035176,0.3628140703517588,0.3193279210120957,0.37490341153001183
F001914,0.0,0.37763819095477386,0.6055555555555555,0.47179719434582545,0.0,1.0,1.0,1.0,0.0,real,3,0.3701005025125628,0.37763819095477386,0.5665829145728644,0.2832914572864322,0.2898965619555062,0.3755028282114088
F001915,0.31380721308696585,0.9510050251256281,0.7277777777777777,0.2834966849371794,0.0,1.0,1.0,1.0,0.0,real,3,0.3701005025125628,0.9510050251256281,0.23969849246231156,0.11984924623115578,0.22940651751218405,0.8813840559581828
F001916,0.08628993597898799,0.8266331658291457,0.6833333333333333,0.5607534613753574,0.0,1.0,1.0,1.0,0.0,real,3,0.3701005025125628,0.8266331658291457,0.7165829145728643,0.35829145728643214,0.3176540996439484,0.6630614125905911
F001917,0.0,0.37763819095477386,0.6055555555555555,0.47179719434582545,0.0,1.0,1.0,1.0,0.0,real,3,0.3701005025125628,0.37763819095477386,0.5665829145728644,0.2832914572864322,0.2898965619555062,0.3755028282114088
F001918,0.0,0.37763819095477386,0.4111111111111111,0.16777409856157222,0.25,1.0,1.0,1.0,0.25,real,3,0.8304020100502513,0.37763819095477386,0.10050251256281408,0.05025125628140704,0.45692974924875635,0.4003901416630893
F001919,0.0,0.37763819095477386,0.2277777777777778,0.35329140212410326,0.0,1.0,1.0,1.0,0.0,real,3,0.3701005025125628,0.37763819095477386,0.36256281407035174,0.18128140703517587,0.2521425910961844,0.3762717481881771
F001920,0.0,0.37763819095477386,0.37777777777777777,0.5047918529600243,0.0,1.0,1.0,1.0,0.0,real,3,0.3701005025125628,0.37763819095477386,0.6180904522613065,0.30904522613065327,0.2994280447463448,0.37530870432564833
F001921,0.0,0.37763819095477386,0.28888888888888886,0.2775554665954844,0.0,1.0,1.0,1.0,0.0,real,3,0.3701005025125628,0.37763819095477386,0.23417085427135678,0.11708542713567839,0.22838362667609405,0.3767556374839019
F001922,0.0,0.37763819095477386,0.2277777777777778,0.35329140212410326,0.5,1.0,1.0,1.0,0.5,real,3,0.9587939698492463,0.37763819095477386,0.36256281407035174,0.18128140703517587,0.6532085048357364,0.4829909282593874
F001923,0.0,0.37763819095477386,0.4111111111111111,0.743365719274566,0.25,1.0,1.0,1.0,0.25,real,3,0.8304020100502513,0.37763819095477386,0.9278894472361809,0.46394472361809047,0.8004616360697963,0.5876955758692962
F001924,0.0,0.37763819095477386,0.2222222222222222,0.20367003088692623,0.0,1.0,1.0,1.0,0.0,real,3,0.3701005025125628,0.37763819095477386,0.12964824120603016,0.06482412060301508,0.2090416908663923,0.377149566930128
F001925,0.0,0.37763819095477386,0.49444444444444446,0.1895413567692442,0.25,1.0,1.0,1.0,0.25,real,3,0.8304020100502513,0.37763819095477386,0.1100502512562814,0.0550251256281407,0.46089397995000125,0.40255157698037924
F001926,0.384446924615532,0.9695979899497488,0.8166666666666667,0.4977728174356026,0.5,1.0,1.0,1.0,0.5,real,3,0.9587939698492463,0.9695979899497488,0.6042713567839196,0.3021356783919598,0.7690828514431454,0.966333710007323
F001927,0.0,0.37763819095477386,0.4111111111111111,0.16777409856157222,0.0,1.0,1.0,1.0,0.0,real,3,0.3701005025125628,0.37763819095477386,0.10050251256281408,0.05025125628140704,0.20364826645791773,0.3772594126410949
F001928,0.0,0.37763819095477386,0.39999999999999997,0.4807401700618652,0.0,1.0,1.0,1.0,0.0,real,3,0.3701005025125628,0.37763819095477386,0.5756281407035176,0.2878140703517588,0.2915703833236535,0.37546873816317766
F001929,0.0,0.37763819095477386,0.3666666666666667,0.5206833117271104,0.25,1.0,1.0,1.0,0.25,real,3,0.8304020100502513,0.37763819095477386,0.6444723618090452,0.3222361809045226,0.6827865773591576,0.5235350748718466
F001930,0.0,0.37763819095477386,0.6055555555555556,0.589098495191625,0.0,1.0,1.0,1.0,0.0,real,3,0.3701005025125628,0.37763819095477386,0.7530150753768844,0.3765075376884422,0.3243958801545415,0.3748001944395344
F001931,0.0,0.37763819095477386,0.2666666666666666,0.7055336829505575,0.25,1.0,1.0,1.0,0.25,real,3,0.8304020100502513,0.37763819095477386,0.9057788944723618,0.4528894472361809,0.7912813123405974,0.5826901467134669
F001932,0.0,0.37763819095477386,0.48333333333333334,0.7505553499465134,0.0,1.0,1.0,1.0,0.0,real,3,0.3701005025125628,0.37763819095477386,0.9324120603015076,0.4662060301507538,0.3575933372894624,0.37412407514961743
F001933,0.384446924615532,0.9695979899497488,0.8166666666666667,0.4977728174356026,0.0,1.0,1.0,1.0,0.0,real,3,0.3701005025125628,0.9695979899497488,0.6042713567839196,0.3021356783919598,0.2968708176561198,0.7884684098886392
F001934,0.0,0.37763819095477386,0.35,0.17320508075688776,0.5,1.0,1.0,1.0,0.5,real,3,0.9587939698492463,0.37763819095477386,0.10603015075376884,0.05301507537688442,0.5302275195070831,0.4084482083785763
F001935,0.0,0.37763819095477386,0.3222222222222222,0.3671713698190735,0.25,1.0,1.0,1.0,0.25,real,3,0.8304020100502513,0.37763819095477386,0.3751256281407035,0.18756281407035175,0.5709535428398274,0.46255984697356123
F001936,0.052101231861607145,0.792713567839196,0.6944444444444444,0.6735753140545634,0.5,1.0,1.0,1.0,0.5,real,3,0.9587939698492463,0.792713567839196,0.8721105527638191,0.43605527638190955,0.8974841544405444,0.8651338034393071
F001937,0.0,0.37763819095477386,0.2444444444444444,0.3079201435678004,0.0,1.0,1.0,1.0,0.0,real,3,0.3701005025125628,0.37763819095477386,0.28065326633165827,0.14032663316582913,0.23698520870685086,0.3765804525138254
F001938,0.0,0.37763819095477386,0.34444444444444444,0.2694301256218254,0.0,1.0,1.0,1.0,0.0,real,3,0.3701005025125628,0.37763819095477386,0.21834170854271356,0.10917085427135678,0.2254544392818363,0.37681529506830636
F001939,0.0,0.37763819095477386,0.28888888888888886,0.7812620369443086,0.25,1.0,1.0,1.0,0.25,real,3,0.8304020100502513,0.37763819095477386,0.9540201005025125,0.47701005025125626,0.8113111095679402,0.5936110830534582
F001940,0.0,0.37763819095477386,0.4222222222222222,0.42860670048857574,0.0,1.0,1.0,1.0,0.0,real,3,0.3701005025125628,0.37763819095477386,0.48391959798994977,0.24195979899497488,0.2745996944521603,0.3758143733744097
F001941,0.0,0.37763819095477386,0.2777777777777778,0.23412563895228314,0.25,1.0,1.0,1.0,0.25,real,3,0.8304020100502513,0.37763819095477386,0.17964824120603015,0.08982412060301508,0.4897911353248655,0.4183073028458877
F001942,0.12153135748343256,0.8537688442211055,0.5944444444444444,0.13471506281091264,0.25,1.0,1.0,1.0,0.25,real,3,0.8304020100502513,0.8537688442211055,0.05552763819095478,0.02776381909547739,0.43825613620868165,0.8531200916643519
F001943,0.0,0.37763819095477386,0.4888888888888889,0.5388602512436509,0.0,1.0,1.0,1.0,0.0,real,3,0.3701005025125628,0.37763819095477386,0.6778894472361809,0.33894472361809047,0.31049386379131844,0.3750833312290094
F001944,0.0,0.37763819095477386,0.25555555555555554,0.4233901974057256,0.25,1.0,1.0,1.0,0.25,real,3,0.8304020100502513,0.37763819095477386,0.4766331658291457,0.23831658291457286,0.6130995745056943,0.4855393171889599
F001945,0.0,0.37763819095477386,0.37222222222222223,0.4525647078759179,0.25,1.0,1.0,1.0,0.25,real,3,0.8304020100502513,0.37763819095477386,0.5243718592964824,0.2621859296482412,0.6329207280119189,0.49634649377540974
F001946,0.0,0.37763819095477386,0.6333333333333333,0.6359594676112972,0.0,1.0,1.0,1.0,0.0,real,3,0.3701005025125628,0.37763819095477386,0.8298994974874372,0.4149497487437186,0.3386233617837934,0.37451042902957
F001947,0.0,0.37763819095477386,0.29999999999999993,0.3055050463303894,0.25,1.0,1.0,1.0,0.25,real,3,0.8304020100502513,0.37763819095477386,0.2761306532663317,0.13806532663316584,0.529850729779551,0.4401491755258706
F001948,0.0,0.37763819095477386,0.42777777777777776,0.46706332348852664,0.25,1.0,1.0,1.0,0.25,real,3,0.8304020100502513,0.37763819095477386,0.5484924623115578,0.2742462311557789,0.6429356266255903,0.5018069619454054
F001949,0.026906712986145054,0.7743718592964824,0.6111111111111112,0.39063101847215437,0.0,1.0,1.0,1.0,0.0,real,3,0.3701005025125628,0.7743718592964824,0.4168341708542714,0.2084170854271357,0.26218551930506806,0.6901148013939042
F001950,0.0,0.37763819095477386,0.29999999999999993,0.6429100507328637,0.0,1.0,1.0,1.0,0.0,real,3,0.3701005025125628,0.37763819095477386,0.8394472361809046,0.4197236180904523,0.3403901732279488,0.37447444508977046
F001951,0.0,0.37763819095477386,0.3555555555555555,0.5551109331909687,0.0,1.0,1.0,1.0,0.0,real,3,0.3701005025125628,0.37763819095477386,0.6972361809045227,0.34861809045226133,0.3140739817176334,0.37501041640362615
F001952,0.07854497463356824,0.8150753768844221,0.7000000000000001,0.6429100507328637,0.0,1.0,1.0,1.0,0.0,real,3,0.3701005025125628,0.8150753768844221,0.8394472361809046,0.4197236180904523,0.3403901732279488,0.6283089126537209
F001953,0.0,0.37763819095477386,0.5611111111111111,0.41677776296691227,0.0,1.0,1.0,1.0,0.0,real,3,0.3701005025125628,0.37763819095477386,0.4685929648241206,0.2342964824120603,0.2717634971339108,0.37587213706724576
F001954,0.19070935792829996,0.8949748743718593,0.65,0.21858128414340003,0.0,1.0,1.0,1.0,0.0,real,3,0.3701005025125628,0.8949748743718593,0.1527638190954774,0.0763819095477387,0.21331923436276862,0.8548839675765763
F001955,0.0,0.37763819095477386,0.1833333333333333,0.2645751311064591,0.25,1.0,1.0,1.0,0.25,real,3,0.8304020100502513,0.37763819095477386,0.2057788944723618,0.1028894472361809,0.5006406088230095,0.42422281003004975
F001956,0.0,0.37763819095477386,0.2222222222222222,0.27755546659548436,0.0,1.0,1.0,1.0,0.0,real,3,0.3701005025125628,0.37763819095477386,0.22889447236180904,0.11444723618090452,0.22740723087800815,0.37677552334537007
F001957,0.0,0.37763819095477386,0.2444444444444444,0.3079201435678004,0.0,1.0,1.0,1.0,0.0,real,3,0.3701005025125628,0.37763819095477386,0.28065326633165827,0.14032663316582913,0.23698520870685086,0.3765804525138254
F001958,0.0,0.37763819095477386,0.4722222222222222,0.7182798381730661,0.0,1.0,1.0,1.0,0.0,real,3,0.3701005025125628,0.37763819095477386,0.9125628140703518,0.4562814070351759,0.35392022928713923,0.374198883866569
F001959,0.0,0.37763819095477386,0.2277777777777778,0.327165152540788,0.0,1.0,1.0,1.0,0.0,real,3,0.3701005025125628,0.37763819095477386,0.3057788944723618,0.1528894472361809,0.24163471250725993,0.3764857579354056
F001960,0.0,0.37763819095477386,0.3888888888888889,0.23412563895228308,0.75,1.0,1.0,1.0,0.75,real,3,0.9987437185929648,0.37763819095477386,0.17738693467336683,0.08869346733668342,0.5879539026792252,0.43272619378298527
F001961,0.24724747683480527,0.9256281407035176,0.7,0.3055050463303894,0.0,1.0,1.0,1.0,0.0,real,3,0.3701005025125628,0.9256281407035176,0.2761306532663317,0.13806532663316584,0.2361482980227772,0.8489290358829322
F001962,0.0,0.37763819095477386,0.26111111111111107,0.13471506281091264,0.25,1.0,1.0,1.0,0.25,real,3,0.8304020100502513,0.37763819095477386,0.05552763819095478,0.02776381909547739,0.43825613620868165,0.39020864372111813
F001963,0.0,0.37763819095477386,0.28888888888888886,0.40734006177385246,0.0,1.0,1.0,1.0,0.0,real,3,0.3701005025125628,0.37763819095477386,0.45,0.225,0.268322864321608,0.37594221105527637
F001964,0.3035028979574734,0.9464824120603015,0.75,0.3929942040850532,0.5,1.0,1.0,1.0,0.5,real,3,0.9587939698492463,0.9464824120603015,0.42035175879396985,0.21017587939698493,0.6809123506982147,0.9490700045453397
F001965,0.218552191335296,0.9110552763819095,0.7111111111111111,0.40734006177385246,0.0,1.0,1.0,1.0,0.0,real,3,0.3701005025125628,0.9110552763819095,0.45,0.225,0.268322864321608,0.7893404522613066
F001966,0.0,0.37763819095477386,0.3388888888888889,0.760360538263361,0.25,1.0,1.0,1.0,0.25,real,3,0.8304020100502513,0.37763819095477386,0.9422110552763819,0.47110552763819097,0.8064079821216636,0.5909377288452312
F001967,0.0,0.37763819095477386,0.3222222222222222,0.3150543750835072,0.0,1.0,1.0,1.0,0.0,real,3,0.3701005025125628,0.37763819095477386,0.2879396984924623,0.14396984924623116,0.23833356480896947,0.3765529910860837
F001968,0.0,0.37763819095477386,0.5666666666666667,0.2905932629027115,0.0,1.0,1.0,1.0,0.0,real,3,0.3701005025125628,0.37763819095477386,0.2507537688442211,0.12537688442211056,0.23145229918436405,0.37669313906214485
F001969,0.384446924615532,0.9695979899497488,0.8166666666666667,0.4977728174356026,0.0,1.0,1.0,1.0,0.0,real,3,0.3701005025125628,0.9695979899497488,0.6042713567839196,0.3021356783919598,0.2968708176561198,0.7884684098886392
F001970,0.0,0.37763819095477386,0.5333333333333333,0.7055336829505575,0.0,1.0,1.0,1.0,0.0,real,3,0.3701005025125628,0.37763819095477386,0.9057788944723618,0.4528894472361809,0.35266486326102875,0.3742244514027424
F001971,0.0,0.37763819095477386,0.4222222222222222,0.42860670048857574,0.0,1.0,1.0,1.0,0.0,real,3,0.3701005025125628,0.37763819095477386,0.48391959798994977,0.24195979899497488,0.2745996944521603,0.3758143733744097
F001972,0.0,0.37763819095477386,0.3611111111111111,0.6768664182452458,0.0,1.0,1.0,1.0,0.0,real,3,0.3701005025125628,0.37763819095477386,0.8766331658291457,0.43831658291457287,0.34727143885255424,0.37433429711370925
F001973,0.0239245831409155,0.771608040201005,0.6611111111111111,0.5965952781626133,0.0,1.0,1.0,1.0,0.0,real,3,0.3701005025125628,0.771608040201005,0.7608040201005025,0.38040201005025126,0.3258372263326684,0.6188737658139947
F001974,0.0,0.37763819095477386,0.46111111111111114,0.702640522389439,0.25,1.0,1.0,1.0,0.25,real,3,0.8304020100502513,0.37763819095477386,0.9035175879396985,0.45175879396984925,0.7903424155955658,0.5821782278225297
F001975,0.0,0.37763819095477386,0.4222222222222222,0.3079201435678004,0.5,1.0,1.0,1.0,0.5,real,3,0.9587939698492463,0.37763819095477386,0.28065326633165827,0.14032663316582913,0.6139413146132674,0.4591898247519002
F001976,0.2798149574845336,0.9379396984924623,0.7,0.24037008503093268,0.0,1.0,1.0,1.0,0.0,real,3,0.3701005025125628,0.9379396984924623,0.18592964824120603,0.09296482412060302,0.21945657937930863,0.8851506275094063
F001977,0.0,0.37763819095477386,0.5111111111111111,0.42860670048857574,0.25,1.0,1.0,1.0,0.25,real,3,0.8304020100502513,0.37763819095477386,0.48391959798994977,0.24195979899497488,0.6161249084619076,0.48718883361531273
F001978,0.14365213882549469,0.871859296482412,0.6888888888888889,0.46825127790456617,0.5,1.0,1.0,1.0,0.5,real,3,0.9587939698492463,0.871859296482412,0.5600502512562814,0.2800251256281407,0.7478833867831621,0.896203189313401
F001979,0.0,0.37763819095477386,0.2777777777777778,0.5091750772173156,0.0,1.0,1.0,1.0,0.0,real,3,0.3701005025125628,0.37763819095477386,0.6276381909547739,0.31381909547738696,0.30119485619050024,0.37527272038584886
F001980,0.0,0.37763819095477386,0.30000000000000004,0.34641016151377546,0.0,1.0,1.0,1.0,0.0,real,3,0.3701005025125628,0.37763819095477386,0.34246231155778895,0.17123115577889447,0.2484229880558572,0.37634750385091287
F001981,0.0,0.37763819095477386,0.5833333333333334,0.39299420408505326,0.75,1.0,1.0,1.0,0.75,real,3,0.9987437185929648,0.37763819095477386,0.4228643216080402,0.2114321608040201,0.7105384018080352,0.5089598747506376
F001982,0.1424590034737396,0.8703517587939699,0.6611111111111111,0.3595264374969653,0.25,1.0,1.0,1.0,0.25,real,3,0.8304020100502513,0.8703517587939699,0.364572864321608,0.182286432160804,0.566572024696346,0.863069461629757
F001983,0.0,0.37763819095477386,0.38333333333333336,0.08819171036881973,0.0,1.0,1.0,1.0,0.0,real,3,0.3701005025125628,0.37763819095477386,0.030653266331658293,0.015326633165829147,0.19072264589278048,0.3775226635691018
F001984,0.40672439646288167,0.9746231155778895,0.788888888888889,0.34210676262979234,0.25,1.0,1.0,1.0,0.25,real,3,0.8304020100502513,0.9746231155778895,0.3407035175879397,0.17035175879396985,0.5566614479432337,0.9500547965960456
F001985,0.0,0.37763819095477386,0.3111111111111111,0.6301087501670144,0.0,1.0,1.0,1.0,0.0,real,3,0.3701005025125628,0.37763819095477386,0.8190954773869347,0.40954773869346733,0.33662407514961745,0.37455114769829045
F001986,0.0,0.37763819095477386,0.3222222222222222,0.3150543750835072,0.5,1.0,1.0,1.0,0.5,real,3,0.9587939698492463,0.37763819095477386,0.2879396984924623,0.14396984924623116,0.6174344082220146,0.46130710083078713
F001987,0.0,0.37763819095477386,0.5777777777777777,0.5551109331909687,0.5,1.0,1.0,1.0,0.5,real,3,0.9587939698492463,0.37763819095477386,0.6972361809045227,0.34861809045226133,0.8136499078306104,0.5802396088482614
F001988,0.0,0.37763819095477386,0.2222222222222222,0.20367003088692623,0.0,1.0,1.0,1.0,0.0,real,3,0.3701005025125628,0.37763819095477386,0.12964824120603016,0.06482412060301508,0.2090416908663923,0.377149566930128
F001989,0.0,0.37763819095477386,0.21666666666666662,0.27284509239574833,0.0,1.0,1.0,1.0,0.0,real,3,0.3701005025125628,0.37763819095477386,0.22336683417085426,0.11168341708542713,0.22638434004191815,0.37679635615262236
F001990,0.0,0.37763819095477386,0.37777777777777777,0.5047918529600243,0.0,1.0,1.0,1.0,0.0,real,3,0.3701005025125628,0.37763819095477386,0.6180904522613065,0.30904522613065327,0.2994280447463448,0.37530870432564833
F001991,0.38923747814892345,0.9728643216080402,0.7166666666666667,0.0881917103688197,0.0,1.0,1.0,1.0,0.0,real,3,0.3701005025125628,0.9728643216080402,0.02964824120603015,0.014824120603015075,0.19053666574076414,0.9639288780586348
