feature_id,data_score,data_rank,cv_mean_oriented_auc,cv_sd_oriented_effect
F000001,0.0,0.34723618090452263,0.6111111111111112,0.4811252243246882
F000002,0.0,0.34723618090452263,0.3472222222222222,0.488288773090193
F000003,0.0,0.34723618090452263,0.4305555555555555,0.47385339192311066
F000004,0.0,0.34723618090452263,0.6111111111111112,0.6309898162000305
F000005,0.4510034825212683,0.9756281407035176,0.8194444444444444,0.3757708127352412
F000006,0.0,0.34723618090452263,0.375,0.6614378277661477
F000007,0.0,0.34723618090452263,0.4305555555555555,0.47385339192311066
F000008,0.29746422645894666,0.9216080402010051,0.6805555555555556,0.1272937693043289
F000009,0.0,0.34723618090452263,0.5972222222222222,0.8347210667398177
F000010,0.0,0.34723618090452263,0.4861111111111111,0.2926570486903539
F000011,0.5853276880479024,0.9879396984924623,0.8888888888888888,0.3849001794597506
F000012,0.0,0.34723618090452263,0.6527777777777778,0.6684005230842202
F000013,0.0,0.34723618090452263,0.3888888888888889,0.693888666488711
F000014,0.0,0.34723618090452263,0.19444444444444442,0.3469443332443554
F000015,0.5853276880479024,0.9879396984924623,0.8888888888888888,0.3849001794597506
F000016,0.1020902318637188,0.7766331658291458,0.7083333333333334,0.6291528696058958
F000017,0.0,0.34723618090452263,0.6111111111111112,0.4811252243246882
F000018,0.0,0.34723618090452263,0.2222222222222222,0.5091750772173156
F000019,0.15048400847344884,0.8301507537688442,0.6388888888888888,0.2545875386086578
F000020,0.29746422645894666,0.9216080402010051,0.6805555555555556,0.1272937693043289
F000021,0.0,0.34723618090452263,0.5277777777777778,0.41943524640393054
F000022,0.0,0.34723618090452263,0.4166666666666667,0.2886751345948129
F000023,0.18985690583578663,0.8683417085427135,0.7222222222222222,0.5091750772173156
F000024,0.0,0.34723618090452263,0.4305555555555555,0.47385339192311066
F000025,0.0,0.34723618090452263,0.5138888888888888,0.4589642122738418
F000026,0.5949284529178934,0.9922110552763819,0.8611111111111112,0.2545875386086578
F000027,0.052101231861607145,0.742713567839196,0.6944444444444444,0.6735753140545634
F000028,0.17065537609580494,0.849748743718593,0.7777777777777777,0.769800358919501
F000029,0.0,0.34723618090452263,0.4166666666666667,0.7637626158259733
F000030,0.0,0.34723618090452263,0.2777777777777778,0.5091750772173156
F000031,0.3009680169468978,0.9314070351758794,0.7777777777777778,0.5091750772173156
F000032,0.0,0.34723618090452263,0.4722222222222222,0.8221471437193746
F000033,0.0,0.34723618090452263,0.4305555555555555,0.47385339192311066
F000034,0.125,0.7962311557788945,0.625,0.25
F000035,0.0,0.34723618090452263,0.4444444444444444,0.5357583756107198
F000036,0.29746422645894666,0.9216080402010051,0.6805555555555556,0.1272937693043289
F000037,0.1564584167334001,0.8437185929648241,0.7083333333333334,0.5204164998665332
F000038,0.0,0.34723618090452263,0.3472222222222222,0.488288773090193
F000039,0.0669872981077807,0.7638190954773869,0.75,0.8660254037844386
F000040,0.7188194722444669,0.9972361809045226,0.9027777777777779,0.17347216662217768
F000041,0.0,0.34723618090452263,0.3194444444444444,0.1272937693043289
F000042,0.14857832784080438,0.8120603015075377,0.7361111111111112,0.6472877887628358
F000043,0.3963319220119756,0.9587939698492463,0.7222222222222222,0.09622504486493767
F000044,1.0,1.0,1.0,0.0
F000045,0.0,0.34723618090452263,0.4027777777777778,0.7561476438231223
F000046,0.0,0.34723618090452263,0.2361111111111111,0.4110735718596873
F000047,0.0,0.34723618090452263,0.4305555555555555,0.5912165737164656
F000048,0.18899576603592685,0.8582914572864322,0.6666666666666666,0.2886751345948129
F000049,0.0,0.34723618090452263,0.4027777777777778,0.393817968854384
F000050,0.0,0.34723618090452263,0.16666666666666669,0.5773502691896258
F000051,0.0,0.34723618090452263,0.4583333333333333,0.3818813079129867
F000052,0.0,0.34723618090452263,0.4027777777777778,0.17347216662217774
F000053,0.0,0.34723618090452263,0.19444444444444442,0.3469443332443554
F000054,0.5260506159308034,0.9814070351758793,0.8472222222222221,0.33678765702728175
F000055,0.0,0.34723618090452263,0.3472222222222222,0.488288773090193
F000056,0.42291896617679514,0.9630653266331658,0.7638888888888888,0.2097176232019653
F000057,0.0,0.34723618090452263,0.5,0.5
F000058,0.0,0.34723618090452263,0.33333333333333337,0.2886751345948129
F000059,0.061411169010459093,0.7545226130653266,0.6527777777777778,0.488288773090193
F000060,0.0,0.34723618090452263,0.13888888888888884,0.2545875386086578
F000061,0.0,0.34723618090452263,0.5138888888888888,0.8673608331108886
F000062,0.0,0.34723618090452263,0.4861111111111111,0.2926570486903539
F000063,0.0,0.34723618090452263,0.25,0.5
F000064,0.0,0.34723618090452263,0.2361111111111111,0.4110735718596873
F000065,0.0,0.34723618090452263,0.5,0.5
F000066,0.17065537609580494,0.849748743718593,0.7777777777777777,0.769800358919501
F000067,0.0,0.34723618090452263,0.3611111111111111,0.2545875386086578
F000068,0.052101231861607145,0.742713567839196,0.6944444444444444,0.6735753140545634
F000069,0.15048400847344884,0.8301507537688442,0.6388888888888888,0.2545875386086578
F000070,0.0,0.34723618090452263,0.3472222222222222,0.488288773090193
F000071,0.0,0.34723618090452263,0.6111111111111112,0.4811252243246882
F000072,0.1020902318637188,0.7766331658291458,0.7083333333333334,0.6291528696058958
F000073,0.0,0.34723618090452263,0.375,0.4330127018922193
F000074,0.0483797153000638,0.7306532663316583,0.6805555555555556,0.6254627916220946
F000075,0.0,0.34723618090452263,0.2777777777777778,0.0962250448649376
F000076,0.0,0.34723618090452263,0.25,0.5
F000077,0.052101231861607145,0.742713567839196,0.6944444444444444,0.6735753140545634
F000078,0.0,0.34723618090452263,0.5972222222222222,0.393817968854384
F000079,0.0,0.34723618090452263,0.4861111111111111,0.2926570486903539
F000080,0.32312508340006674,0.9417085427135679,0.7916666666666667,0.5204164998665333
F000081,0.0,0.34723618090452263,0.4861111111111111,0.2926570486903539
F000082,0.3779915320718537,0.9507537688442211,0.8333333333333333,0.5773502691896258
F000083,0.0669872981077807,0.7638190954773869,0.75,0.8660254037844386
F000084,0.1020902318637188,0.7766331658291458,0.7083333333333334,0.6291528696058958
F000085,0.43763894448893326,0.9698492462311558,0.8055555555555556,0.34694433324435553
F000086,0.0,0.34723618090452263,0.4583333333333333,0.3818813079129867
F000087,0.0,0.34723618090452263,0.19444444444444442,0.3469443332443554
F000088,0.0,0.34723618090452263,0.4027777777777778,0.393817968854384
F000089,0.0,0.34723618090452263,0.4305555555555555,0.9871864246620478
F000090,0.5334936490538904,0.9844221105527639,0.875,0.4330127018922193
F000091,0.32224099184793414,0.9381909547738694,0.7638888888888888,0.4110735718596873
F000092,0.011164549684630098,0.6977386934673366,0.5416666666666666,0.14433756729740646
F000093,0.0,0.34723618090452263,0.15277777777777773,0.33678765702728164
F000094,0.5223290993692602,0.9786432160804021,0.8333333333333333,0.28867513459481287
F000095,0.0,0.34723618090452263,0.3888888888888889,0.3849001794597506
F000096,0.011164549684630098,0.6977386934673366,0.5416666666666666,0.14433756729740646
F000097,0.0,0.34723618090452263,0.2777777777777778,0.5091750772173156
F000098,0.0,0.34723618090452263,0.3194444444444444,0.37577081273524116
F000099,0.0,0.34723618090452263,0.4305555555555555,0.47385339192311066
F000100,0.1564584167334001,0.8437185929648241,0.7083333333333334,0.5204164998665332
F000101,0.43763894448893326,0.9698492462311558,0.8055555555555556,0.34694433324435553
F000102,0.0,0.34723618090452263,0.5555555555555556,0.5357583756107197
F000103,0.0,0.34723618090452263,0.3472222222222222,0.488288773090193
F000104,0.22248941508981723,0.8891959798994975,0.7916666666666667,0.7216878364870323
F000105,0.0,0.34723618090452263,0.4722222222222222,0.9179284245476838
F000106,0.1020902318637188,0.7766331658291458,0.7083333333333334,0.6291528696058958
F000107,0.0,0.34723618090452263,0.36111111111111105,0.7515416254704824
F000108,0.052101231861607145,0.742713567839196,0.6944444444444444,0.6735753140545634
F000109,0.0,0.34723618090452263,0.3472222222222222,0.6684005230842202
F000110,0.0,0.34723618090452263,0.3055555555555556,0.7876359377087682
F000111,0.0,0.34723618090452263,0.4166666666666667,1.0408329997330665
F000112,0.42291896617679514,0.9630653266331658,0.7638888888888888,0.2097176232019653
F000113,0.0,0.34723618090452263,0.3194444444444444,0.1272937693043289
F000114,0.0,0.34723618090452263,0.6944444444444444,0.787635937708768
F000115,0.14857832784080438,0.8120603015075377,0.7361111111111112,0.6472877887628358
F000116,0.22248941508981723,0.8891959798994975,0.7916666666666667,0.7216878364870323
F000117,0.14857832784080438,0.8120603015075377,0.7361111111111112,0.6472877887628358
F000118,0.0,0.34723618090452263,0.2361111111111111,0.4110735718596873
F000119,0.0,0.34723618090452263,0.25,0.5
F000120,0.0,0.34723618090452263,0.3472222222222222,0.488288773090193
F000121,0.5260506159308034,0.9814070351758793,0.8472222222222221,0.33678765702728175
F000122,0.17065537609580494,0.849748743718593,0.7777777777777777,0.769800358919501
F000123,0.052101231861607145,0.742713567839196,0.6944444444444444,0.6735753140545634
F000124,0.1564584167334001,0.8437185929648241,0.7083333333333334,0.5204164998665332
F000125,0.0,0.34723618090452263,0.7083333333333334,1.0103629710818451
F000126,0.25,0.9072864321608041,0.75,0.5
F000127,0.0,0.34723618090452263,0.5,0.0
F000128,0.0,0.34723618090452263,0.375,1.0897247358851685
F000129,0.0,0.34723618090452263,0.3611111111111111,0.2545875386086578
F000130,0.22572601271017337,0.8974874371859296,0.7083333333333334,0.38188130791298663
F000131,0.4510034825212683,0.9756281407035176,0.8194444444444444,0.3757708127352412
F000132,0.43763894448893326,0.9698492462311558,0.8055555555555556,0.34694433324435553
F000133,0.43763894448893326,0.9698492462311558,0.8055555555555556,0.34694433324435553
F000134,0.0,0.34723618090452263,0.4027777777777778,0.393817968854384
F000135,0.0,0.34723618090452263,0.6527777777777778,0.6684005230842202
F000136,0.0,0.34723618090452263,0.36111111111111105,0.7515416254704824
F000137,0.1564584167334001,0.8437185929648241,0.7083333333333334,0.5204164998665332
F000138,0.0,0.34723618090452263,0.18055555555555552,0.1272937693043289
F000139,0.0,0.34723618090452263,0.25,0.8660254037844386
F000140,0.0,0.34723618090452263,0.5277777777777778,0.41943524640393054
F000141,0.3779915320718537,0.9507537688442211,0.8333333333333333,0.5773502691896258
F000142,0.0,0.34723618090452263,0.29166666666666663,0.6291528696058958
F000143,0.29746422645894666,0.9216080402010051,0.6805555555555556,0.1272937693043289
F000144,0.39239267937684,0.9565326633165829,0.7916666666666667,0.3818813079129867
F000145,0.7188194722444669,0.9972361809045226,0.9027777777777779,0.17347216662217768
F000146,0.0,0.34723618090452263,0.4166666666666667,0.2886751345948129
F000147,0.0,0.34723618090452263,0.375,0.25
F000148,0.021936418657470313,0.7055276381909548,0.6527777777777778,0.5672382737961704
F000149,0.0,0.34723618090452263,0.0,0.0
F000150,0.0,0.34723618090452263,0.2222222222222222,0.09622504486493767
F000151,0.0,0.34723618090452263,0.26388888888888884,0.4110735718596873
F000152,0.1020902318637188,0.7766331658291458,0.7083333333333334,0.6291528696058958
F000153,0.0,0.34723618090452263,0.16666666666666669,0.5773502691896258
F000154,0.0,0.34723618090452263,0.5138888888888888,0.4589642122738418
F000155,0.0,0.34723618090452263,0.3194444444444444,0.6254627916220946
F000156,0.0,0.34723618090452263,0.6527777777777778,0.6684005230842202
F000157,0.021936418657470313,0.7055276381909548,0.6527777777777778,0.5672382737961704
F000158,0.32312508340006674,0.9417085427135679,0.7916666666666667,0.5204164998665333
F000159,0.0,0.34723618090452263,0.2222222222222222,0.5091750772173156
F000160,0.1020902318637188,0.7766331658291458,0.7083333333333334,0.6291528696058958
F000161,0.0,0.34723618090452263,0.20833333333333331,0.5204164998665333
F000162,0.1020902318637188,0.7766331658291458,0.7083333333333334,0.6291528696058958
F000163,0.14857832784080438,0.8120603015075377,0.7361111111111112,0.6472877887628358
F000164,0.3779915320718537,0.9507537688442211,0.8333333333333333,0.5773502691896258
F000165,0.18899576603592685,0.8582914572864322,0.6666666666666666,0.2886751345948129
F000166,0.0,0.34723618090452263,0.5,0.0
F000167,0.0,0.34723618090452263,0.3472222222222222,0.5672382737961704
F000168,0.0,0.34723618090452263,0.29166666666666663,0.8036375634160796
F000169,0.0,0.34723618090452263,0.4305555555555555,0.47385339192311066
F000170,0.0,0.34723618090452263,0.625,0.6614378277661477
F000171,0.0,0.34723618090452263,0.08333333333333331,0.28867513459481287
F000172,0.0,0.34723618090452263,0.4583333333333333,0.14433756729740646
F000173,0.0,0.34723618090452263,0.6111111111111112,0.4811252243246882
F000174,0.0,0.34723618090452263,0.3888888888888889,0.4811252243246881
F000175,0.0,0.34723618090452263,0.4722222222222222,0.9179284245476838
F000176,0.0,0.34723618090452263,0.4861111111111111,0.2926570486903539
F000177,0.0,0.34723618090452263,0.6388888888888888,0.7515416254704823
F000178,0.0,0.34723618090452263,0.19444444444444442,0.3469443332443554
F000179,0.0,0.34723618090452263,0.3194444444444444,0.6254627916220946
F000180,0.3009680169468978,0.9314070351758794,0.7777777777777778,0.5091750772173156
F000181,0.32312508340006674,0.9417085427135679,0.7916666666666667,0.5204164998665333
F000182,0.0,0.34723618090452263,0.375,0.6614378277661477
F000183,0.0,0.34723618090452263,0.40277777777777773,0.6364688465216445
F000184,0.10770836113335558,0.7869346733668342,0.5972222222222222,0.17347216662217768
F000185,0.0,0.34723618090452263,0.5694444444444444,0.5548606765399494
F000186,0.0,0.34723618090452263,0.5,0.0
F000187,0.0,0.34723618090452263,0.16666666666666669,0.5773502691896258
F000188,0.0,0.34723618090452263,0.20833333333333331,0.5204164998665333
F000189,0.0,0.34723618090452263,0.5694444444444444,0.47385339192311066
F000190,0.3673634106212396,0.9442211055276382,0.7361111111111112,0.2097176232019653
F000191,0.3009680169468978,0.9314070351758794,0.7777777777777778,0.5091750772173156
F000192,0.15048400847344884,0.8301507537688442,0.6388888888888888,0.2545875386086578
F000193,0.21541672226671116,0.879145728643216,0.6944444444444444,0.3469443332443555
F000194,0.021936418657470313,0.7055276381909548,0.6527777777777778,0.5672382737961704
F000195,0.0,0.34723618090452263,0.6944444444444444,0.787635937708768
F000196,0.0,0.34723618090452263,0.2361111111111111,0.20971762320196524
F000197,0.0,0.34723618090452263,0.13888888888888884,0.2545875386086578
F000198,0.0,0.34723618090452263,0.6527777777777778,0.6988747569671736
F000199,0.0,0.34723618090452263,0.3472222222222222,0.6684005230842202
F000200,0.0,0.34723618090452263,0.5694444444444444,0.7469072033193752
F000201,0.0,0.34723618090452263,0.6111111111111112,0.4811252243246882
F000202,0.18985690583578663,0.8683417085427135,0.7222222222222222,0.5091750772173156
F000203,0.0,0.34723618090452263,0.2777777777777778,0.5091750772173156
F000204,0.0,0.34723618090452263,0.5138888888888888,0.29265704869035386
F000205,0.18985690583578663,0.8683417085427135,0.7222222222222222,0.5091750772173156
F000206,0.0,0.34723618090452263,0.29166666666666663,0.5204164998665332
F000207,0.15048400847344884,0.8301507537688442,0.6388888888888888,0.2545875386086578
F000208,0.0,0.34723618090452263,0.29166666666666663,0.6291528696058958
F000209,0.0,0.34723618090452263,0.3055555555555556,0.3469443332443555
F000210,0.021936418657470313,0.7055276381909548,0.6527777777777778,0.5672382737961704
F000211,0.0,0.34723618090452263,0.041666666666666685,0.14433756729740646
F000212,0.18985690583578663,0.8683417085427135,0.7222222222222222,0.5091750772173156
F000213,0.0,0.34723618090452263,0.5416666666666666,0.3818813079129867
F000214,0.0,0.34723618090452263,0.6388888888888888,0.8552669065744807
F000215,0.4510034825212683,0.9756281407035176,0.8194444444444444,0.3757708127352412
F000216,0.0,0.34723618090452263,0.5138888888888888,0.29265704869035386
F000217,0.0,0.34723618090452263,0.33333333333333337,0.5773502691896258
F000218,0.0,0.34723618090452263,0.19444444444444442,0.3469443332443554
F000219,0.0,0.34723618090452263,0.4027777777777778,0.8832285053102581
F000220,0.0,0.34723618090452263,0.4583333333333333,0.3818813079129867
F000221,0.42291896617679514,0.9630653266331658,0.7638888888888888,0.2097176232019653
F000222,0.0,0.34723618090452263,0.3611111111111111,0.2545875386086578
F000223,0.0,0.34723618090452263,0.16666666666666669,0.5773502691896258
F000224,0.0,0.34723618090452263,0.3055555555555556,0.3469443332443555
F000225,0.0,0.34723618090452263,0.6944444444444444,0.787635937708768
F000226,0.022329099369260197,0.7115577889447237,0.5833333333333334,0.2886751345948129
F000227,0.0,0.34723618090452263,0.13888888888888884,0.2545875386086578
F000228,0.0,0.34723618090452263,0.4444444444444444,1.0183501544346312
F000229,0.0,0.34723618090452263,0.4583333333333333,0.8036375634160796
F000230,0.0,0.34723618090452263,0.2777777777777778,0.5091750772173156
F000231,0.15048400847344884,0.8301507537688442,0.6388888888888888,0.2545875386086578
F000232,0.0,0.34723618090452263,0.3611111111111111,0.2545875386086578
F000233,0.0,0.34723618090452263,0.4583333333333333,0.14433756729740646
F000234,0.0,0.34723618090452263,0.29166666666666663,0.38188130791298663
F000235,0.43763894448893326,0.9698492462311558,0.8055555555555556,0.34694433324435553
F000236,0.14857832784080438,0.8120603015075377,0.7361111111111112,0.6472877887628358
F000237,0.0,0.34723618090452263,0.375,0.25
F000238,0.0,0.34723618090452263,0.6111111111111112,0.4811252243246882
F000239,0.0,0.34723618090452263,0.16666666666666669,0.5773502691896258
F000240,0.0,0.34723618090452263,0.3055555555555556,0.7876359377087682
F000241,0.0,0.34723618090452263,0.4583333333333333,0.14433756729740646
F000242,0.0,0.34723618090452263,0.4305555555555555,0.42763345328724034
F000243,0.14857832784080438,0.8120603015075377,0.7361111111111112,0.6472877887628358
F000244,0.0,0.34723618090452263,0.5,0.5
F000245,0.22572601271017337,0.8974874371859296,0.7083333333333334,0.38188130791298663
F000246,0.18899576603592685,0.8582914572864322,0.6666666666666666,0.2886751345948129
F000247,0.0483797153000638,0.7306532663316583,0.6805555555555556,0.6254627916220946
F000248,0.0,0.34723618090452263,0.6388888888888888,0.8552669065744807
F000249,0.0,0.34723618090452263,0.5416666666666666,0.3818813079129867
F000250,0.061411169010459093,0.7545226130653266,0.6527777777777778,0.488288773090193
F000251,0.0,0.34723618090452263,0.5555555555555556,0.5357583756107197
F000252,0.11785136605074786,0.7894472361809045,0.736111111111111,0.7087417123429486
F000253,0.32224099184793414,0.9381909547738694,0.7638888888888888,0.4110735718596873
F000254,0.0,0.34723618090452263,0.2222222222222222,0.09622504486493767
F000255,0.0,0.34723618090452263,0.375,0.6614378277661477
F000256,0.42291896617679514,0.9630653266331658,0.7638888888888888,0.2097176232019653
F000257,0.0,0.34723618090452263,0.6111111111111112,0.4811252243246882
F000258,0.0,0.34723618090452263,0.16666666666666669,0.5773502691896258
F000259,0.0,0.34723618090452263,0.4166666666666667,0.2886751345948129
F000260,0.0,0.34723618090452263,0.19444444444444442,0.3469443332443554
F000261,0.014886066246173488,0.7022613065326633,0.5555555555555556,0.1924500897298752
F000262,0.43763894448893326,0.9698492462311558,0.8055555555555556,0.34694433324435553
F000263,0.0,0.34723618090452263,0.33333333333333337,0.5773502691896258
F000264,0.0,0.34723618090452263,0.29166666666666663,0.38188130791298663
F000265,0.14857832784080438,0.8120603015075377,0.7361111111111112,0.6472877887628358
F000266,0.5949284529178934,0.9922110552763819,0.8611111111111112,0.2545875386086578
F000267,0.0,0.34723618090452263,0.25,0.5
F000268,0.17065537609580494,0.849748743718593,0.7777777777777777,0.769800358919501
F000269,0.3009680169468978,0.9314070351758794,0.7777777777777778,0.5091750772173156
F000270,0.0,0.34723618090452263,0.4583333333333333,0.8036375634160796
F000271,0.0,0.34723618090452263,0.25,0.5
F000272,0.32224099184793414,0.9381909547738694,0.7638888888888888,0.4110735718596873
F000273,0.0,0.34723618090452263,0.5416666666666666,0.6291528696058959
F000274,0.021936418657470313,0.7055276381909548,0.6527777777777778,0.5672382737961704
F000275,0.0,0.34723618090452263,0.18055555555555552,0.1272937693043289
F000276,0.1020902318637188,0.7766331658291458,0.7083333333333334,0.6291528696058958
F000277,0.0,0.34723618090452263,0.33333333333333337,0.2886751345948129
F000278,0.011164549684630098,0.6977386934673366,0.5416666666666666,0.14433756729740646
F000279,0.3779915320718537,0.9507537688442211,0.8333333333333333,0.5773502691896258
F000280,0.0,0.34723618090452263,0.5972222222222222,0.393817968854384
F000281,0.061411169010459093,0.7545226130653266,0.6527777777777778,0.488288773090193
F000282,0.0,0.34723618090452263,0.6111111111111112,0.693888666488711
F000283,0.0,0.34723618090452263,0.4444444444444445,0.8388704928078611
F000284,0.0,0.34723618090452263,0.6388888888888888,0.7515416254704823
F000285,0.0,0.34723618090452263,0.4583333333333333,0.14433756729740646
F000286,0.0,0.34723618090452263,0.4583333333333333,0.6291528696058959
F000287,0.5949284529178934,0.9922110552763819,0.8611111111111112,0.2545875386086578
F000288,0.0,0.34723618090452263,0.3472222222222222,0.488288773090193
F000289,0.0,0.34723618090452263,0.5555555555555556,0.5357583756107197
F000290,0.052101231861607145,0.742713567839196,0.6944444444444444,0.6735753140545634
F000291,0.0,0.34723618090452263,0.3472222222222222,0.488288773090193
F000292,0.0,0.34723618090452263,0.2777777777777778,0.5091750772173156
F000293,0.0,0.34723618090452263,0.25,0.5
F000294,0.0,0.34723618090452263,0.3055555555555556,0.7876359377087682
F000295,0.0,0.34723618090452263,0.2361111111111111,0.20971762320196524
F000296,0.0,0.34723618090452263,0.4722222222222222,0.4194352464039305
F000297,0.0,0.34723618090452263,0.33333333333333337,0.5773502691896258
F000298,0.0,0.34723618090452263,0.5694444444444444,0.42763345328724034
F000299,0.0,0.34723618090452263,0.19444444444444442,0.3469443332443554
F000300,0.0,0.34723618090452263,0.5694444444444444,0.42763345328724034
F000301,0.0,0.34723618090452263,0.4722222222222222,0.9179284245476838
F000302,0.0,0.34723618090452263,0.4722222222222222,0.4194352464039305
F000303,0.0,0.34723618090452263,0.4861111111111111,0.2926570486903539
F000304,0.0,0.34723618090452263,0.4861111111111111,0.2926570486903539
F000305,0.0,0.34723618090452263,0.3194444444444444,0.6254627916220946
F000306,0.029772132492346948,0.7155778894472362,0.6111111111111112,0.3849001794597506
F000307,0.22572601271017337,0.8974874371859296,0.7083333333333334,0.38188130791298663
F000308,0.11785136605074786,0.7894472361809045,0.736111111111111,0.7087417123429486
F000309,0.0,0.34723618090452263,0.5138888888888888,0.29265704869035386
F000310,0.0,0.34723618090452263,0.33333333333333337,0.5773502691896258
F000311,0.29746422645894666,0.9216080402010051,0.6805555555555556,0.1272937693043289
F000312,0.0,0.34723618090452263,0.3888888888888889,0.693888666488711
F000313,0.0,0.34723618090452263,0.4583333333333333,0.14433756729740646
F000314,0.0,0.34723618090452263,0.4166666666666667,1.0408329997330665
F000315,0.0,0.34723618090452263,0.4305555555555555,0.42763345328724034
F000316,0.3009680169468978,0.9314070351758794,0.7777777777777778,0.5091750772173156
F000317,0.0,0.34723618090452263,0.4444444444444444,0.1924500897298753
F000318,0.0,0.34723618090452263,0.6111111111111112,0.4811252243246882
F000319,0.0669872981077807,0.7638190954773869,0.75,0.8660254037844386
F000320,0.0,0.34723618090452263,0.375,0.6614378277661477
F000321,0.0,0.34723618090452263,0.4305555555555555,0.47385339192311066
F000322,0.0669872981077807,0.7638190954773869,0.75,0.8660254037844386
F000323,0.0,0.34723618090452263,0.4027777777777778,0.393817968854384
F000324,0.0,0.34723618090452263,0.3472222222222222,0.488288773090193
F000325,0.125,0.7962311557788945,0.625,0.25
F000326,0.0,0.34723618090452263,0.3472222222222222,0.488288773090193
F000327,0.0,0.34723618090452263,0.6527777777777778,0.6988747569671736
F000328,0.0,0.34723618090452263,0.5138888888888888,0.29265704869035386
F000329,0.044658198738520394,0.7221105527638191,0.6666666666666666,0.5773502691896258
F000330,0.0,0.34723618090452263,0.26388888888888884,0.6472877887628358
F000331,0.0,0.34723618090452263,0.3472222222222222,0.488288773090193
F000332,0.0,0.34723618090452263,0.4861111111111111,0.2926570486903539
F000333,0.3779915320718537,0.9507537688442211,0.8333333333333333,0.5773502691896258
F000334,0.022329099369260197,0.7115577889447237,0.5833333333333334,0.2886751345948129
F000335,0.0,0.34723618090452263,0.3611111111111111,0.2545875386086578
F000336,0.3779915320718537,0.9507537688442211,0.8333333333333333,0.5773502691896258
F000337,0.0,0.34723618090452263,0.375,1.0897247358851685
F000338,0.29746422645894666,0.9216080402010051,0.6805555555555556,0.1272937693043289
F000339,0.0,0.34723618090452263,0.19444444444444442,0.3469443332443554
F000340,0.0,0.34723618090452263,0.375,0.25
F000341,0.0669872981077807,0.7638190954773869,0.75,0.8660254037844386
F000342,0.0,0.34723618090452263,0.625,0.6614378277661477
F000343,0.0,0.34723618090452263,0.4027777777777778,0.393817968854384
F000344,0.0,0.34723618090452263,0.6388888888888888,0.7515416254704823
F000345,0.0,0.34723618090452263,0.4722222222222222,0.4194352464039305
F000346,0.0,0.34723618090452263,0.5416666666666666,0.3818813079129867
F000347,0.0,0.34723618090452263,0.26388888888888884,0.4110735718596873
F000348,0.0,0.34723618090452263,0.125,0.25
F000349,0.0,0.34723618090452263,0.375,0.6614378277661477
F000350,0.0,0.34723618090452263,0.375,0.4330127018922193
F000351,0.3779915320718537,0.9507537688442211,0.8333333333333333,0.5773502691896258
F000352,0.0,0.34723618090452263,0.4166666666666667,0.2886751345948129
F000353,0.3009680169468978,0.9314070351758794,0.7777777777777778,0.5091750772173156
F000354,0.0,0.34723618090452263,0.6944444444444444,0.787635937708768
F000355,0.0,0.34723618090452263,0.3888888888888889,1.0715167512214396
F000356,0.1564584167334001,0.8437185929648241,0.7083333333333334,0.5204164998665332
F000357,0.0,0.34723618090452263,0.15277777777777773,0.33678765702728164
F000358,0.0,0.34723618090452263,0.6944444444444444,0.787635937708768
F000359,0.0,0.34723618090452263,0.3472222222222222,0.6988747569671736
F000360,0.0,0.34723618090452263,0.4722222222222222,0.4194352464039305
F000361,0.0,0.34723618090452263,0.375,0.25
F000362,0.0,0.34723618090452263,0.4305555555555555,0.47385339192311066
F000363,0.052101231861607145,0.742713567839196,0.6944444444444444,0.6735753140545634
F000364,0.0,0.34723618090452263,0.29166666666666663,0.6291528696058958
F000365,0.0,0.34723618090452263,0.5416666666666666,0.3818813079129867
F000366,0.0,0.34723618090452263,0.3472222222222222,0.488288773090193
F000367,0.14857832784080438,0.8120603015075377,0.7361111111111112,0.6472877887628358
F000368,0.3009680169468978,0.9314070351758794,0.7777777777777778,0.5091750772173156
F000369,0.0,0.34723618090452263,0.5416666666666666,0.3818813079129867
F000370,0.0,0.34723618090452263,0.25,0.5
F000371,0.17065537609580494,0.849748743718593,0.7777777777777777,0.769800358919501
F000372,0.0,0.34723618090452263,0.125,0.25
F000373,0.0,0.34723618090452263,0.5138888888888888,0.29265704869035386
F000374,0.0,0.34723618090452263,0.4166666666666667,0.2886751345948129
F000375,0.1732257047434905,0.8535175879396985,0.6805555555555556,0.3757708127352412
F000376,0.0,0.34723618090452263,0.4166666666666667,0.2886751345948129
F000377,0.0,0.34723618090452263,0.26388888888888884,0.2097176232019653
F000378,0.0,0.34723618090452263,0.625,0.6614378277661477
F000379,0.29746422645894666,0.9216080402010051,0.6805555555555556,0.1272937693043289
F000380,0.0,0.34723618090452263,0.16666666666666669,0.5773502691896258
F000381,0.0,0.34723618090452263,0.4444444444444444,0.5357583756107198
F000382,0.1564584167334001,0.8437185929648241,0.7083333333333334,0.5204164998665332
F000383,0.17065537609580494,0.849748743718593,0.7777777777777777,0.769800358919501
F000384,0.0,0.34723618090452263,0.4166666666666667,0.2886751345948129
F000385,0.0,0.34723618090452263,0.19444444444444442,0.3469443332443554
F000386,0.0,0.34723618090452263,0.375,0.6614378277661477
F000387,0.0,0.34723618090452263,0.08333333333333331,0.28867513459481287
F000388,0.3673634106212396,0.9442211055276382,0.7361111111111112,0.2097176232019653
F000389,0.0,0.34723618090452263,0.4027777777777778,0.393817968854384
F000390,0.7926638440239513,0.9989949748743718,0.9444444444444444,0.1924500897298752
F000391,0.0,0.34723618090452263,0.29166666666666663,0.5204164998665332
F000392,0.0,0.34723618090452263,0.625,0.6614378277661477
F000393,0.0,0.34723618090452263,0.4722222222222222,0.4194352464039305
F000394,0.0,0.34723618090452263,0.3472222222222222,0.488288773090193
F000395,0.0,0.34723618090452263,0.3888888888888889,0.4811252243246881
F000396,0.0,0.34723618090452263,0.3888888888888889,1.0715167512214396
F000397,0.25,0.9072864321608041,0.75,0.5
F000398,0.0,0.34723618090452263,0.6388888888888888,0.8552669065744807
F000399,0.15048400847344884,0.8301507537688442,0.6388888888888888,0.2545875386086578
F000400,0.0,0.34723618090452263,0.3055555555555556,0.7876359377087682
F000401,0.0,0.34723618090452263,0.5416666666666666,0.3818813079129867
F000402,0.0,0.34723618090452263,0.3472222222222222,0.488288773090193
F000403,0.0,0.34723618090452263,0.4861111111111111,0.2926570486903539
F000404,0.0,0.34723618090452263,0.2777777777777778,0.0962250448649376
F000405,0.0,0.34723618090452263,0.29166666666666663,0.5204164998665332
F000406,0.0,0.34723618090452263,0.13888888888888884,0.2545875386086578
F000407,0.0,0.34723618090452263,0.375,1.0897247358851685
F000408,0.0,0.34723618090452263,0.6666666666666666,0.7637626158259733
F000409,0.0,0.34723618090452263,0.4583333333333333,0.14433756729740646
F000410,0.22248941508981723,0.8891959798994975,0.7916666666666667,0.7216878364870323
F000411,0.0,0.34723618090452263,0.5694444444444444,0.47385339192311066
F000412,0.0,0.34723618090452263,0.5833333333333334,0.7637626158259733
F000413,0.22248941508981723,0.8891959798994975,0.7916666666666667,0.7216878364870323
F000414,0.125,0.7962311557788945,0.625,0.25
F000415,0.0,0.34723618090452263,0.29166666666666663,0.8036375634160796
F000416,0.0,0.34723618090452263,0.4027777777777778,0.17347216662217774
F000417,0.0,0.34723618090452263,0.5555555555555556,0.6735753140545634
F000418,0.0,0.34723618090452263,0.33333333333333337,0.5773502691896258
F000419,0.0,0.34723618090452263,0.09722222222222215,0.17347216662217768
F000420,0.0,0.34723618090452263,0.375,0.25
F000421,0.25,0.9072864321608041,0.75,0.5
F000422,0.0,0.34723618090452263,0.4027777777777778,0.393817968854384
F000423,0.18985690583578663,0.8683417085427135,0.7222222222222222,0.5091750772173156
F000424,0.0,0.34723618090452263,0.5694444444444444,0.42763345328724034
F000425,0.0,0.34723618090452263,0.4583333333333333,0.3818813079129867
F000426,0.1020902318637188,0.7766331658291458,0.7083333333333334,0.6291528696058958
F000427,0.0,0.34723618090452263,0.4166666666666667,1.0408329997330665
F000428,0.0,0.34723618090452263,0.375,1.0897247358851685
F000429,0.14857832784080438,0.8120603015075377,0.7361111111111112,0.6472877887628358
F000430,0.0,0.34723618090452263,0.3472222222222222,0.488288773090193
F000431,0.42291896617679514,0.9630653266331658,0.7638888888888888,0.2097176232019653
F000432,0.0,0.34723618090452263,0.4166666666666667,0.7637626158259734
F000433,0.0,0.34723618090452263,0.4722222222222222,0.9179284245476838
F000434,0.0,0.34723618090452263,0.6666666666666666,0.7637626158259733
F000435,0.0,0.34723618090452263,0.5,0.5
F000436,0.0,0.34723618090452263,0.375,1.0897247358851685
F000437,0.1020902318637188,0.7766331658291458,0.7083333333333334,0.6291528696058958
F000438,0.0,0.34723618090452263,0.4583333333333333,0.14433756729740646
F000439,0.3779915320718537,0.9507537688442211,0.8333333333333333,0.5773502691896258
F000440,0.0,0.34723618090452263,0.13888888888888884,0.2545875386086578
F000441,0.0,0.34723618090452263,0.125,0.25
F000442,0.0669872981077807,0.7638190954773869,0.75,0.8660254037844386
F000443,0.0,0.34723618090452263,0.6944444444444444,0.787635937708768
F000444,0.32224099184793414,0.9381909547738694,0.7638888888888888,0.4110735718596873
F000445,0.0,0.34723618090452263,0.6944444444444444,0.787635937708768
F000446,0.0,0.34723618090452263,0.6388888888888888,0.8552669065744807
F000447,0.0,0.34723618090452263,0.3194444444444444,0.6254627916220946
F000448,0.0,0.34723618090452263,0.18055555555555552,0.1272937693043289
F000449,0.18985690583578663,0.8683417085427135,0.7222222222222222,0.5091750772173156
F000450,0.0,0.34723618090452263,0.5694444444444444,0.47385339192311066
F000451,0.0,0.34723618090452263,0.36111111111111105,0.7515416254704824
F000452,0.0,0.34723618090452263,0.3888888888888889,0.4811252243246881
F000453,0.3779915320718537,0.9507537688442211,0.8333333333333333,0.5773502691896258
F000454,0.0,0.34723618090452263,0.3194444444444444,0.1272937693043289
F000455,0.5853276880479024,0.9879396984924623,0.8888888888888888,0.3849001794597506
F000456,0.0,0.34723618090452263,0.5,0.5
F000457,0.25,0.9072864321608041,0.75,0.5
F000458,0.3963319220119756,0.9587939698492463,0.7222222222222222,0.09622504486493767
F000459,0.10770836113335558,0.7869346733668342,0.5972222222222222,0.17347216662217768
F000460,0.0,0.34723618090452263,0.20833333333333331,0.5204164998665333
F000461,0.1732257047434905,0.8535175879396985,0.6805555555555556,0.3757708127352412
F000462,0.0,0.34723618090452263,0.4861111111111111,0.2926570486903539
F000463,0.22248941508981723,0.8891959798994975,0.7916666666666667,0.7216878364870323
F000464,0.0,0.34723618090452263,0.25,0.5
F000465,0.0,0.34723618090452263,0.3194444444444444,0.6254627916220946
F000466,0.0,0.34723618090452263,0.3194444444444444,0.6254627916220946
F000467,0.0,0.34723618090452263,0.19444444444444442,0.3469443332443554
F000468,0.0,0.34723618090452263,0.4861111111111111,0.2926570486903539
F000469,0.0,0.34723618090452263,0.375,0.4330127018922193
F000470,0.0,0.34723618090452263,0.6111111111111112,0.6309898162000305
F000471,0.0,0.34723618090452263,0.6388888888888888,0.8552669065744807
F000472,0.3009680169468978,0.9314070351758794,0.7777777777777778,0.5091750772173156
F000473,0.43763894448893326,0.9698492462311558,0.8055555555555556,0.34694433324435553
F000474,0.0,0.34723618090452263,0.6111111111111112,0.4811252243246882
F000475,0.0,0.34723618090452263,0.4305555555555555,0.42763345328724034
F000476,0.0669872981077807,0.7638190954773869,0.75,0.8660254037844386
F000477,0.0,0.34723618090452263,0.6111111111111112,0.6309898162000305
F000478,0.0,0.34723618090452263,0.26388888888888884,0.4110735718596873
F000479,0.29746422645894666,0.9216080402010051,0.6805555555555556,0.1272937693043289
F000480,0.0,0.34723618090452263,0.4444444444444444,1.0183501544346312
F000481,0.15048400847344884,0.8301507537688442,0.6388888888888888,0.2545875386086578
F000482,0.0,0.34723618090452263,0.25,0.8660254037844386
F000483,0.0,0.34723618090452263,0.5972222222222222,0.393817968854384
F000484,0.4510034825212683,0.9756281407035176,0.8194444444444444,0.3757708127352412
F000485,0.14857832784080438,0.8120603015075377,0.7361111111111112,0.6472877887628358
F000486,0.18899576603592685,0.8582914572864322,0.6666666666666666,0.2886751345948129
F000487,0.0,0.34723618090452263,0.5694444444444444,0.42763345328724034
F000488,0.0,0.34723618090452263,0.4305555555555555,0.7469072033193751
F000489,0.0,0.34723618090452263,0.25,0.8660254037844386
F000490,0.22248941508981723,0.8891959798994975,0.7916666666666667,0.7216878364870323
F000491,0.43763894448893326,0.9698492462311558,0.8055555555555556,0.34694433324435553
F000492,0.0,0.34723618090452263,0.13888888888888884,0.2545875386086578
F000493,0.0,0.34723618090452263,0.25,0.8660254037844386
F000494,0.21541672226671116,0.879145728643216,0.6944444444444444,0.3469443332443555
F000495,0.2666854362923786,0.9155778894472362,0.7361111111111112,0.4110735718596873
F000496,0.0,0.34723618090452263,0.4027777777777778,0.8832285053102581
F000497,0.0,0.34723618090452263,0.4583333333333333,1.0103629710818451
F000498,0.0,0.34723618090452263,0.4027777777777778,0.17347216662217774
F000499,0.1020902318637188,0.7766331658291458,0.7083333333333334,0.6291528696058958
F000500,0.022329099369260197,0.7115577889447237,0.5833333333333334,0.2886751345948129
F000501,0.0,0.34723618090452263,0.3611111111111111,0.2545875386086578
F000502,0.0,0.34723618090452263,0.3888888888888889,0.4811252243246881
F000503,0.0483797153000638,0.7306532663316583,0.6805555555555556,0.6254627916220946
F000504,0.25,0.9072864321608041,0.75,0.5
F000505,0.0,0.34723618090452263,0.4722222222222222,0.4194352464039305
F000506,0.25,0.9072864321608041,0.75,0.5
F000507,0.0,0.34723618090452263,0.4444444444444444,1.0183501544346312
F000508,0.0483797153000638,0.7306532663316583,0.6805555555555556,0.6254627916220946
F000509,0.0,0.34723618090452263,0.4583333333333333,1.0103629710818451
F000510,0.0,0.34723618090452263,0.0,0.0
F000511,0.15048400847344884,0.8301507537688442,0.6388888888888888,0.2545875386086578
F000512,0.0,0.34723618090452263,0.5972222222222222,0.393817968854384
F000513,0.0,0.34723618090452263,0.4305555555555555,0.47385339192311066
F000514,0.0,0.34723618090452263,0.5138888888888888,0.29265704869035386
F000515,0.0,0.34723618090452263,0.055555555555555525,0.1924500897298752
F000516,0.0,0.34723618090452263,0.29166666666666663,0.8036375634160796
F000517,0.0,0.34723618090452263,0.5416666666666666,0.3818813079129867
F000518,0.15048400847344884,0.8301507537688442,0.6388888888888888,0.2545875386086578
F000519,0.0,0.34723618090452263,0.4583333333333333,0.14433756729740646
F000520,0.0,0.34723618090452263,0.5277777777777778,0.41943524640393054
F000521,0.0,0.34723618090452263,0.375,1.0897247358851685
F000522,0.0,0.34723618090452263,0.3472222222222222,0.488288773090193
F000523,0.0,0.34723618090452263,0.18055555555555552,0.1272937693043289
F000524,0.0,0.34723618090452263,0.4722222222222222,0.4194352464039305
F000525,0.0,0.34723618090452263,0.4444444444444444,0.1924500897298753
F000526,0.0,0.34723618090452263,0.3055555555555556,0.7876359377087682
F000527,0.0,0.34723618090452263,0.4583333333333333,0.14433756729740646
F000528,0.0483797153000638,0.7306532663316583,0.6805555555555556,0.6254627916220946
F000529,0.052101231861607145,0.742713567839196,0.6944444444444444,0.6735753140545634
F000530,0.0,0.34723618090452263,0.2361111111111111,0.20971762320196524
F000531,0.0,0.34723618090452263,0.33333333333333337,0.5773502691896258
F000532,0.0,0.34723618090452263,0.6666666666666666,0.7637626158259733
F000533,0.061411169010459093,0.7545226130653266,0.6527777777777778,0.488288773090193
F000534,0.0,0.34723618090452263,0.25,0.5
F000535,0.10770836113335558,0.7869346733668342,0.5972222222222222,0.17347216662217768
F000536,0.0,0.34723618090452263,0.7083333333333334,1.0103629710818451
F000537,0.0,0.34723618090452263,0.5972222222222222,0.393817968854384
F000538,0.0,0.34723618090452263,0.29166666666666663,0.6291528696058958
F000539,0.22248941508981723,0.8891959798994975,0.7916666666666667,0.7216878364870323
F000540,0.5949284529178934,0.9922110552763819,0.8611111111111112,0.2545875386086578
F000541,0.25,0.9072864321608041,0.75,0.5
F000542,0.0,0.34723618090452263,0.6111111111111112,0.693888666488711
F000543,0.0,0.34723618090452263,0.375,0.25
F000544,0.0,0.34723618090452263,0.5694444444444444,0.42763345328724034
F000545,0.0,0.34723618090452263,0.4305555555555555,0.9871864246620478
F000546,0.0,0.34723618090452263,0.5277777777777778,0.8221471437193746
F000547,0.0,0.34723618090452263,0.5138888888888888,0.29265704869035386
F000548,0.0,0.34723618090452263,0.4583333333333333,1.0103629710818451
F000549,0.0,0.34723618090452263,0.5972222222222222,0.393817968854384
F000550,0.0,0.34723618090452263,0.3611111111111111,0.2545875386086578
F000551,0.0,0.34723618090452263,0.6111111111111112,1.0715167512214396
F000552,0.0,0.34723618090452263,0.125,0.25
F000553,0.25,0.9072864321608041,0.75,0.5
F000554,0.0,0.34723618090452263,0.4444444444444445,0.6735753140545634
F000555,0.0,0.34723618090452263,0.5694444444444444,0.42763345328724034
F000556,0.0,0.34723618090452263,0.16666666666666669,0.28867513459481287
F000557,0.044658198738520394,0.7221105527638191,0.6666666666666666,0.5773502691896258
F000558,0.0,0.34723618090452263,0.4722222222222222,0.4194352464039305
F000559,0.22248941508981723,0.8891959798994975,0.7916666666666667,0.7216878364870323
F000560,0.0,0.34723618090452263,0.33333333333333337,0.5773502691896258
F000561,0.0,0.34723618090452263,0.375,0.4330127018922193
F000562,0.25,0.9072864321608041,0.75,0.5
F000563,0.0,0.34723618090452263,0.4444444444444444,0.1924500897298753
F000564,0.0,0.34723618090452263,0.1111111111111111,0.3849001794597505
F000565,0.061411169010459093,0.7545226130653266,0.6527777777777778,0.488288773090193
F000566,0.0,0.34723618090452263,0.4027777777777778,0.393817968854384
F000567,0.0,0.34723618090452263,0.2222222222222222,0.5091750772173156
F000568,0.0,0.34723618090452263,0.2222222222222222,0.09622504486493767
F000569,0.0,0.34723618090452263,0.4027777777777778,0.17347216662217774
F000570,0.0,0.34723618090452263,0.29166666666666663,0.6291528696058958
F000571,0.0,0.34723618090452263,0.3194444444444444,0.37577081273524116
F000572,0.011164549684630098,0.6977386934673366,0.5416666666666666,0.14433756729740646
F000573,0.22248941508981723,0.8891959798994975,0.7916666666666667,0.7216878364870323
F000574,0.0,0.34723618090452263,0.33333333333333337,1.1547005383792517
F000575,0.15048400847344884,0.8301507537688442,0.6388888888888888,0.2545875386086578
F000576,0.0,0.34723618090452263,0.2777777777777778,0.0962250448649376
F000577,0.052101231861607145,0.742713567839196,0.6944444444444444,0.6735753140545634
F000578,0.25,0.9072864321608041,0.75,0.5
F000579,0.022329099369260197,0.7115577889447237,0.5833333333333334,0.2886751345948129
F000580,0.0,0.34723618090452263,0.3888888888888889,0.693888666488711
F000581,0.0,0.34723618090452263,0.6111111111111112,0.693888666488711
F000582,0.14857832784080438,0.8120603015075377,0.7361111111111112,0.6472877887628358
F000583,0.0,0.34723618090452263,0.625,0.6614378277661477
F000584,0.0,0.34723618090452263,0.7083333333333334,1.0103629710818451
F000585,0.0,0.34723618090452263,0.5694444444444444,0.42763345328724034
F000586,0.052101231861607145,0.742713567839196,0.6944444444444444,0.6735753140545634
F000587,0.0,0.34723618090452263,0.26388888888888884,0.4110735718596873
F000588,0.0,0.34723618090452263,0.6111111111111112,0.4811252243246882
F000589,0.0,0.34723618090452263,0.3888888888888889,0.6309898162000305
F000590,0.0,0.34723618090452263,0.3888888888888889,0.3849001794597506
F000591,0.0,0.34723618090452263,0.6805555555555556,0.8988160937424132
F000592,0.0,0.34723618090452263,0.29166666666666663,0.6291528696058958
F000593,0.0,0.34723618090452263,0.5138888888888888,0.29265704869035386
F000594,0.0,0.34723618090452263,0.5694444444444444,0.47385339192311066
F000595,0.0,0.34723618090452263,0.3888888888888889,0.6309898162000305
F000596,0.0,0.34723618090452263,0.4583333333333333,0.14433756729740646
F000597,0.0,0.34723618090452263,0.3055555555555556,0.7876359377087682
F000598,0.0,0.34723618090452263,0.16666666666666669,0.28867513459481287
F000599,0.1020902318637188,0.7766331658291458,0.7083333333333334,0.6291528696058958
F000600,0.1020902318637188,0.7766331658291458,0.7083333333333334,0.6291528696058958
F000601,0.0,0.34723618090452263,0.5277777777777778,0.5853140973807078
F000602,0.0,0.34723618090452263,0.25,0.5
F000603,0.011164549684630098,0.6977386934673366,0.5416666666666666,0.14433756729740646
F000604,0.0,0.34723618090452263,0.4166666666666667,0.2886751345948129
F000605,0.18899576603592685,0.8582914572864322,0.6666666666666666,0.2886751345948129
F000606,0.0,0.34723618090452263,0.15277777777777773,0.33678765702728164
F000607,0.0,0.34723618090452263,0.5277777777777778,0.8221471437193746
F000608,0.25,0.9072864321608041,0.75,0.5
F000609,0.25,0.9072864321608041,0.75,0.5
F000610,0.5853276880479024,0.9879396984924623,0.8888888888888888,0.3849001794597506
F000611,0.061411169010459093,0.7545226130653266,0.6527777777777778,0.488288773090193
F000612,0.061411169010459093,0.7545226130653266,0.6527777777777778,0.488288773090193
F000613,0.18899576603592685,0.8582914572864322,0.6666666666666666,0.2886751345948129
F000614,0.0,0.34723618090452263,0.5138888888888888,0.29265704869035386
F000615,0.0,0.34723618090452263,0.33333333333333337,0.5773502691896258
F000616,0.42291896617679514,0.9630653266331658,0.7638888888888888,0.2097176232019653
F000617,0.0,0.34723618090452263,0.4444444444444444,0.1924500897298753
F000618,0.29746422645894666,0.9216080402010051,0.6805555555555556,0.1272937693043289
F000619,0.061411169010459093,0.7545226130653266,0.6527777777777778,0.488288773090193
F000620,0.0,0.34723618090452263,0.15277777777777773,0.33678765702728164
F000621,0.125,0.7962311557788945,0.625,0.25
F000622,0.0,0.34723618090452263,0.5694444444444444,0.47385339192311066
F000623,0.3779915320718537,0.9507537688442211,0.8333333333333333,0.5773502691896258
F000624,0.044658198738520394,0.7221105527638191,0.6666666666666666,0.5773502691896258
F000625,0.43763894448893326,0.9698492462311558,0.8055555555555556,0.34694433324435553
F000626,0.0,0.34723618090452263,0.2777777777777778,0.5091750772173156
F000627,0.0,0.34723618090452263,0.19444444444444442,0.3469443332443554
F000628,0.1020902318637188,0.7766331658291458,0.7083333333333334,0.6291528696058958
F000629,0.0,0.34723618090452263,0.5,0.0
F000630,0.0,0.34723618090452263,0.29166666666666663,0.38188130791298663
F000631,0.0,0.34723618090452263,0.4166666666666667,0.2886751345948129
F000632,0.0,0.34723618090452263,0.33333333333333337,0.5773502691896258
F000633,0.0,0.34723618090452263,0.5972222222222222,0.393817968854384
F000634,0.0,0.34723618090452263,0.4722222222222222,0.5853140973807078
F000635,0.0483797153000638,0.7306532663316583,0.6805555555555556,0.6254627916220946
F000636,0.0,0.34723618090452263,0.5972222222222222,0.393817968854384
F000637,0.0,0.34723618090452263,0.4722222222222222,0.5853140973807078
F000638,0.0,0.34723618090452263,0.5694444444444444,0.47385339192311066
F000639,0.0,0.34723618090452263,0.4166666666666667,0.2886751345948129
F000640,0.0,0.34723618090452263,0.4861111111111111,0.2926570486903539
F000641,0.18985690583578663,0.8683417085427135,0.7222222222222222,0.5091750772173156
F000642,0.0,0.34723618090452263,0.6111111111111112,0.6309898162000305
F000643,0.0,0.34723618090452263,0.6666666666666666,1.1547005383792517
F000644,0.5752420042367246,0.985678391959799,0.8194444444444444,0.1272937693043289
F000645,0.0,0.34723618090452263,0.5,1.0
F000646,0.061411169010459093,0.7545226130653266,0.6527777777777778,0.488288773090193
F000647,0.0,0.34723618090452263,0.5,0.5
F000648,0.0,0.34723618090452263,0.0,0.0
F000649,0.0,0.34723618090452263,0.1111111111111111,0.3849001794597505
F000650,0.0,0.34723618090452263,0.4583333333333333,0.14433756729740646
F000651,0.0,0.34723618090452263,0.3888888888888889,0.693888666488711
F000652,0.25,0.9072864321608041,0.75,0.5
F000653,0.0,0.34723618090452263,0.3888888888888889,1.0715167512214396
F000654,0.14857832784080438,0.8120603015075377,0.7361111111111112,0.6472877887628358
F000655,0.0,0.34723618090452263,0.3611111111111111,0.2545875386086578
F000656,0.0,0.34723618090452263,0.4305555555555555,0.42763345328724034
F000657,0.0,0.34723618090452263,0.20833333333333331,0.5204164998665333
F000658,0.0,0.34723618090452263,0.3055555555555556,0.3469443332443555
F000659,0.0,0.34723618090452263,0.33333333333333337,0.2886751345948129
F000660,0.0,0.34723618090452263,0.20833333333333331,0.5204164998665333
F000661,0.0,0.34723618090452263,0.3194444444444444,0.8988160937424132
F000662,0.0,0.34723618090452263,0.5694444444444444,0.47385339192311066
F000663,0.022329099369260197,0.7115577889447237,0.5833333333333334,0.2886751345948129
F000664,0.0,0.34723618090452263,0.5694444444444444,0.42763345328724034
F000665,0.5334936490538904,0.9844221105527639,0.875,0.4330127018922193
F000666,0.0,0.34723618090452263,0.4305555555555555,0.9871864246620478
F000667,0.0,0.34723618090452263,0.5,0.5
F000668,0.0669872981077807,0.7638190954773869,0.75,0.8660254037844386
F000669,0.0,0.34723618090452263,0.1111111111111111,0.3849001794597505
F000670,0.0,0.34723618090452263,0.5,0.0
F000671,0.0,0.34723618090452263,0.3194444444444444,0.6254627916220946
F000672,0.0,0.34723618090452263,0.6111111111111112,0.693888666488711
F000673,0.0,0.34723618090452263,0.4305555555555555,0.47385339192311066
F000674,0.25,0.9072864321608041,0.75,0.5
F000675,0.0,0.34723618090452263,0.5277777777777778,0.41943524640393054
F000676,0.0,0.34723618090452263,0.375,0.4330127018922193
F000677,0.5260506159308034,0.9814070351758793,0.8472222222222221,0.33678765702728175
F000678,0.0,0.34723618090452263,0.4305555555555555,0.47385339192311066
F000679,0.14857832784080438,0.8120603015075377,0.7361111111111112,0.6472877887628358
F000680,0.0,0.34723618090452263,0.5138888888888888,0.4589642122738418
F000681,0.0,0.34723618090452263,0.625,0.6614378277661477
F000682,0.052101231861607145,0.742713567839196,0.6944444444444444,0.6735753140545634
F000683,0.0,0.34723618090452263,0.375,0.25
F000684,0.0,0.34723618090452263,0.33333333333333337,0.5773502691896258
F000685,0.0,0.34723618090452263,0.3888888888888889,0.6309898162000305
F000686,0.052101231861607145,0.742713567839196,0.6944444444444444,0.6735753140545634
F000687,0.3779915320718537,0.9507537688442211,0.8333333333333333,0.5773502691896258
F000688,0.0,0.34723618090452263,0.13888888888888884,0.2545875386086578
F000689,0.3779915320718537,0.9507537688442211,0.8333333333333333,0.5773502691896258
F000690,0.0,0.34723618090452263,0.4166666666666667,0.2886751345948129
F000691,0.0,0.34723618090452263,0.6388888888888888,0.7515416254704823
F000692,0.1020902318637188,0.7766331658291458,0.7083333333333334,0.6291528696058958
F000693,0.0,0.34723618090452263,0.4722222222222222,0.5853140973807078
F000694,0.0,0.34723618090452263,0.4583333333333333,0.3818813079129867
F000695,0.0,0.34723618090452263,0.5555555555555556,0.8388704928078611
F000696,0.17065537609580494,0.849748743718593,0.7777777777777777,0.769800358919501
F000697,0.0,0.34723618090452263,0.4722222222222222,0.9179284245476838
F000698,0.0,0.34723618090452263,0.375,0.25
F000699,0.0,0.34723618090452263,0.4583333333333333,0.14433756729740646
F000700,0.1371617270419147,0.8030150753768844,0.6527777777777778,0.33678765702728175
F000701,0.0,0.34723618090452263,0.25,0.5
F000702,0.0,0.34723618090452263,0.3194444444444444,0.1272937693043289
F000703,0.0,0.34723618090452263,0.375,0.25
F000704,0.6889957660359269,0.9954773869346734,0.9166666666666667,0.28867513459481287
F000705,0.0,0.34723618090452263,0.4305555555555555,0.42763345328724034
F000706,0.044658198738520394,0.7221105527638191,0.6666666666666666,0.5773502691896258
F000707,0.0,0.34723618090452263,0.5972222222222222,0.7561476438231223
F000708,0.0,0.34723618090452263,0.375,0.6614378277661477
F000709,0.1020902318637188,0.7766331658291458,0.7083333333333334,0.6291528696058958
F000710,0.0,0.34723618090452263,0.5694444444444444,0.5912165737164656
F000711,0.0,0.34723618090452263,0.5138888888888888,0.29265704869035386
F000712,0.0,0.34723618090452263,0.2222222222222222,0.09622504486493767
F000713,0.0,0.34723618090452263,0.375,0.4330127018922193
F000714,0.15048400847344884,0.8301507537688442,0.6388888888888888,0.2545875386086578
F000715,0.18985690583578663,0.8683417085427135,0.7222222222222222,0.5091750772173156
F000716,0.03349364905389035,0.7173366834170855,0.625,0.4330127018922193
F000717,0.0,0.34723618090452263,0.4166666666666667,0.2886751345948129
F000718,0.0,0.34723618090452263,0.2777777777777778,0.0962250448649376
F000719,0.1020902318637188,0.7766331658291458,0.7083333333333334,0.6291528696058958
F000720,0.0,0.34723618090452263,0.5694444444444444,0.47385339192311066
F000721,0.0,0.34723618090452263,0.18055555555555552,0.1272937693043289
F000722,0.0,0.34723618090452263,0.5138888888888888,0.6142595663193329
F000723,0.3779915320718537,0.9507537688442211,0.8333333333333333,0.5773502691896258
F000724,0.5949284529178934,0.9922110552763819,0.8611111111111112,0.2545875386086578
F000725,0.0,0.34723618090452263,0.2222222222222222,0.09622504486493767
F000726,0.0,0.34723618090452263,0.2777777777777778,0.0962250448649376
F000727,0.0,0.34723618090452263,0.6111111111111112,0.693888666488711
F000728,0.0,0.34723618090452263,0.5694444444444444,0.7469072033193752
F000729,0.0,0.34723618090452263,0.5,0.0
F000730,0.0,0.34723618090452263,0.375,1.0897247358851685
F000731,0.0,0.34723618090452263,0.4166666666666667,1.0408329997330665
F000732,0.0,0.34723618090452263,0.5,0.5
F000733,0.011164549684630098,0.6977386934673366,0.5416666666666666,0.14433756729740646
F000734,0.0,0.34723618090452263,0.29166666666666663,0.6291528696058958
F000735,0.0,0.34723618090452263,0.2777777777777778,0.0962250448649376
F000736,0.0,0.34723618090452263,0.4305555555555555,0.42763345328724034
F000737,0.0,0.34723618090452263,0.36111111111111116,0.8552669065744807
F000738,0.0,0.34723618090452263,0.2361111111111111,0.20971762320196524
F000739,0.0,0.34723618090452263,0.2361111111111111,0.20971762320196524
F000740,0.0,0.34723618090452263,0.29166666666666663,0.38188130791298663
F000741,0.0,0.34723618090452263,0.2777777777777778,0.0962250448649376
F000742,0.0,0.34723618090452263,0.6388888888888888,0.8552669065744807
F000743,0.044658198738520394,0.7221105527638191,0.6666666666666666,0.5773502691896258
F000744,0.0,0.34723618090452263,0.5416666666666666,0.3818813079129867
F000745,0.0,0.34723618090452263,0.4305555555555555,0.42763345328724034
F000746,0.0,0.34723618090452263,0.5972222222222222,0.393817968854384
F000747,0.25,0.9072864321608041,0.75,0.5
F000748,0.0,0.34723618090452263,0.2222222222222222,0.769800358919501
F000749,0.0,0.34723618090452263,0.6944444444444444,0.787635937708768
F000750,0.0,0.34723618090452263,0.13888888888888884,0.2545875386086578
F000751,0.0,0.34723618090452263,0.15277777777777773,0.33678765702728164
F000752,0.061411169010459093,0.7545226130653266,0.6527777777777778,0.488288773090193
F000753,0.061411169010459093,0.7545226130653266,0.6527777777777778,0.488288773090193
F000754,0.0,0.34723618090452263,0.4027777777777778,0.17347216662217774
F000755,0.0,0.34723618090452263,0.3611111111111111,0.2545875386086578
F000756,0.0,0.34723618090452263,0.20833333333333331,0.5204164998665333
F000757,0.22248941508981723,0.8891959798994975,0.7916666666666667,0.7216878364870323
F000758,0.0,0.34723618090452263,0.6111111111111112,0.693888666488711
F000759,0.0,0.34723618090452263,0.5138888888888888,0.4589642122738418
F000760,0.0,0.34723618090452263,0.09722222222222215,0.17347216662217768
F000761,0.25,0.9072864321608041,0.75,0.5
F000762,0.3779915320718537,0.9507537688442211,0.8333333333333333,0.5773502691896258
F000763,0.0,0.34723618090452263,0.5694444444444444,0.47385339192311066
F000764,0.1020902318637188,0.7766331658291458,0.7083333333333334,0.6291528696058958
F000765,0.14857832784080438,0.8120603015075377,0.7361111111111112,0.6472877887628358
F000766,0.052101231861607145,0.742713567839196,0.6944444444444444,0.6735753140545634
F000767,0.044658198738520394,0.7221105527638191,0.6666666666666666,0.5773502691896258
F000768,0.0,0.34723618090452263,0.3055555555555556,0.3469443332443555
F000769,0.0,0.34723618090452263,0.08333333333333331,0.28867513459481287
F000770,0.0,0.34723618090452263,0.5694444444444444,0.42763345328724034
F000771,0.0,0.34723618090452263,0.3194444444444444,0.6254627916220946
F000772,0.0,0.34723618090452263,0.5555555555555556,0.6735753140545634
F000773,0.044658198738520394,0.7221105527638191,0.6666666666666666,0.5773502691896258
F000774,0.5752420042367246,0.985678391959799,0.8194444444444444,0.1272937693043289
F000775,0.0,0.34723618090452263,0.13888888888888884,0.2545875386086578
F000776,0.0,0.34723618090452263,0.2361111111111111,0.20971762320196524
F000777,0.0,0.34723618090452263,0.3055555555555556,0.3469443332443555
F000778,0.0,0.34723618090452263,0.375,0.25
F000779,0.32224099184793414,0.9381909547738694,0.7638888888888888,0.4110735718596873
F000780,0.0,0.34723618090452263,0.2777777777777778,0.0962250448649376
F000781,0.18985690583578663,0.8683417085427135,0.7222222222222222,0.5091750772173156
F000782,0.0,0.34723618090452263,0.33333333333333337,0.5773502691896258
F000783,0.0,0.34723618090452263,0.3611111111111111,0.7515416254704824
F000784,0.0,0.34723618090452263,0.1111111111111111,0.3849001794597505
F000785,0.0,0.34723618090452263,0.4444444444444444,0.1924500897298753
F000786,0.29746422645894666,0.9216080402010051,0.6805555555555556,0.1272937693043289
F000787,0.0669872981077807,0.7638190954773869,0.75,0.8660254037844386
F000788,0.0,0.34723618090452263,0.2361111111111111,0.20971762320196524
F000789,0.022329099369260197,0.7115577889447237,0.5833333333333334,0.2886751345948129
F000790,0.0,0.34723618090452263,0.6805555555555556,0.8988160937424132
F000791,0.0,0.34723618090452263,0.3888888888888889,0.693888666488711
F000792,0.0,0.34723618090452263,0.3888888888888889,0.4811252243246881
F000793,0.0,0.34723618090452263,0.5,0.0
F000794,0.14857832784080438,0.8120603015075377,0.7361111111111112,0.6472877887628358
F000795,0.5949284529178934,0.9922110552763819,0.8611111111111112,0.2545875386086578
F000796,0.0,0.34723618090452263,0.3472222222222222,0.6684005230842202
F000797,0.0669872981077807,0.7638190954773869,0.75,0.8660254037844386
F000798,0.0,0.34723618090452263,0.4583333333333333,0.3818813079129867
F000799,0.0,0.34723618090452263,0.5555555555555556,0.5357583756107197
F000800,0.22248941508981723,0.8891959798994975,0.7916666666666667,0.7216878364870323
F000801,0.14857832784080438,0.8120603015075377,0.7361111111111112,0.6472877887628358
F000802,0.125,0.7962311557788945,0.625,0.25
F000803,0.0669872981077807,0.7638190954773869,0.75,0.8660254037844386
F000804,0.1020902318637188,0.7766331658291458,0.7083333333333334,0.6291528696058958
F000805,0.0,0.34723618090452263,0.3611111111111111,0.2545875386086578
F000806,0.0,0.34723618090452263,0.4444444444444444,0.5357583756107198
F000807,0.0,0.34723618090452263,0.5972222222222222,0.393817968854384
F000808,0.18985690583578663,0.8683417085427135,0.7222222222222222,0.5091750772173156
F000809,0.0,0.34723618090452263,0.4861111111111111,0.2926570486903539
F000810,0.0,0.34723618090452263,0.5,1.0
F000811,0.0,0.34723618090452263,0.33333333333333337,0.7637626158259733
F000812,0.0,0.34723618090452263,0.25,0.5
F000813,0.0,0.34723618090452263,0.18055555555555552,0.3757708127352412
F000814,0.0,0.34723618090452263,0.375,1.0897247358851685
F000815,0.0,0.34723618090452263,0.6944444444444444,0.787635937708768
F000816,0.0,0.34723618090452263,0.6944444444444444,0.787635937708768
F000817,0.3779915320718537,0.9507537688442211,0.8333333333333333,0.5773502691896258
F000818,0.0,0.34723618090452263,0.4444444444444444,0.5357583756107198
F000819,0.21541672226671116,0.879145728643216,0.6944444444444444,0.3469443332443555
F000820,0.0,0.34723618090452263,0.25,0.5
F000821,0.15048400847344884,0.8301507537688442,0.6388888888888888,0.2545875386086578
F000822,0.0,0.34723618090452263,0.1111111111111111,0.3849001794597505
F000823,0.0,0.34723618090452263,0.055555555555555525,0.1924500897298752
F000824,0.0,0.34723618090452263,0.5416666666666666,0.8036375634160796
F000825,0.0,0.34723618090452263,0.375,0.4330127018922193
F000826,0.0,0.34723618090452263,0.4861111111111111,0.2926570486903539
F000827,0.0,0.34723618090452263,0.16666666666666669,0.5773502691896258
F000828,0.0,0.34723618090452263,0.3055555555555556,0.3469443332443555
F000829,0.0,0.34723618090452263,0.4722222222222222,0.4194352464039305
F000830,0.0,0.34723618090452263,0.29166666666666663,0.5204164998665332
F000831,0.18899576603592685,0.8582914572864322,0.6666666666666666,0.2886751345948129
F000832,0.0,0.34723618090452263,0.20833333333333331,0.3818813079129867
F000833,0.0,0.34723618090452263,0.29166666666666663,0.5204164998665332
F000834,0.0,0.34723618090452263,0.5277777777777778,0.41943524640393054
F000835,0.0,0.34723618090452263,0.5694444444444444,0.5912165737164656
F000836,0.0,0.34723618090452263,0.4166666666666667,0.2886751345948129
F000837,0.0,0.34723618090452263,0.6388888888888888,0.7515416254704823
F000838,0.0,0.34723618090452263,0.5277777777777778,0.41943524640393054
F000839,0.0,0.34723618090452263,0.5833333333333334,0.7637626158259734
F000840,0.0,0.34723618090452263,0.3472222222222222,0.488288773090193
F000841,0.0,0.34723618090452263,0.3472222222222222,0.488288773090193
F000842,0.0,0.34723618090452263,0.5972222222222222,0.393817968854384
F000843,0.0,0.34723618090452263,0.3194444444444444,0.1272937693043289
F000844,0.0,0.34723618090452263,0.4583333333333333,0.6291528696058959
F000845,0.0,0.34723618090452263,0.2361111111111111,0.20971762320196524
F000846,0.0,0.34723618090452263,0.4583333333333333,0.14433756729740646
F000847,0.0,0.34723618090452263,0.18055555555555552,0.1272937693043289
F000848,0.0,0.34723618090452263,0.6111111111111112,0.6309898162000305
F000849,0.0,0.34723618090452263,0.3472222222222222,0.33678765702728175
F000850,0.0,0.34723618090452263,0.4305555555555555,0.42763345328724034
F000851,0.22248941508981723,0.8891959798994975,0.7916666666666667,0.7216878364870323
F000852,0.0,0.34723618090452263,0.4305555555555555,0.5912165737164656
F000853,0.0,0.34723618090452263,0.3194444444444444,0.1272937693043289
F000854,0.1564584167334001,0.8437185929648241,0.7083333333333334,0.5204164998665332
F000855,0.0,0.34723618090452263,0.6666666666666666,0.7637626158259733
F000856,0.0,0.34723618090452263,0.33333333333333337,0.5773502691896258
F000857,0.22248941508981723,0.8891959798994975,0.7916666666666667,0.7216878364870323
F000858,0.0,0.34723618090452263,0.2777777777777778,0.0962250448649376
F000859,0.0,0.34723618090452263,0.125,0.4330127018922193
F000860,0.21541672226671116,0.879145728643216,0.6944444444444444,0.3469443332443555
F000861,0.0,0.34723618090452263,0.3194444444444444,0.6254627916220946
F000862,0.061411169010459093,0.7545226130653266,0.6527777777777778,0.488288773090193
F000863,0.0,0.34723618090452263,0.0,0.0
F000864,0.0,0.34723618090452263,0.5138888888888888,0.4589642122738418
F000865,0.0,0.34723618090452263,0.4027777777777778,0.393817968854384
F000866,0.0,0.34723618090452263,0.4444444444444444,0.1924500897298753
F000867,0.0,0.34723618090452263,0.19444444444444442,0.3469443332443554
F000868,0.0,0.34723618090452263,0.3055555555555556,0.6735753140545634
F000869,0.022329099369260197,0.7115577889447237,0.5833333333333334,0.2886751345948129
F000870,0.052101231861607145,0.742713567839196,0.6944444444444444,0.6735753140545634
F000871,0.0,0.34723618090452263,0.5138888888888888,0.29265704869035386
F000872,0.0,0.34723618090452263,0.3611111111111111,0.2545875386086578
F000873,0.15048400847344884,0.8301507537688442,0.6388888888888888,0.2545875386086578
F000874,0.0,0.34723618090452263,0.5972222222222222,0.393817968854384
F000875,0.0483797153000638,0.7306532663316583,0.6805555555555556,0.6254627916220946
F000876,0.022329099369260197,0.7115577889447237,0.5833333333333334,0.2886751345948129
F000877,0.14857832784080438,0.8120603015075377,0.7361111111111112,0.6472877887628358
F000878,0.0,0.34723618090452263,0.5694444444444444,0.42763345328724034
F000879,0.0,0.34723618090452263,0.2777777777777778,0.5091750772173156
F000880,0.0,0.34723618090452263,0.2222222222222222,0.09622504486493767
F000881,0.0,0.34723618090452263,0.13888888888888884,0.2545875386086578
F000882,0.0,0.34723618090452263,0.375,0.25
F000883,0.0,0.34723618090452263,0.19444444444444442,0.3469443332443554
F000884,0.0,0.34723618090452263,0.5416666666666666,0.3818813079129867
F000885,0.18985690583578663,0.8683417085427135,0.7222222222222222,0.5091750772173156
F000886,0.0,0.34723618090452263,0.25,0.5
F000887,0.125,0.7962311557788945,0.625,0.25
F000888,0.0,0.34723618090452263,0.08333333333333331,0.28867513459481287
F000889,0.0,0.34723618090452263,0.4583333333333333,0.3818813079129867
F000890,0.0,0.34723618090452263,0.3055555555555556,0.3469443332443555
F000891,0.0,0.34723618090452263,0.5138888888888888,0.6142595663193329
F000892,0.0,0.34723618090452263,0.4722222222222222,0.4194352464039305
F000893,0.0,0.34723618090452263,0.33333333333333337,0.7637626158259733
F000894,0.0,0.34723618090452263,0.4027777777777778,0.17347216662217774
F000895,0.0,0.34723618090452263,0.5277777777777778,0.9179284245476838
F000896,0.29746422645894666,0.9216080402010051,0.6805555555555556,0.1272937693043289
F000897,0.3963319220119756,0.9587939698492463,0.7222222222222222,0.09622504486493767
F000898,0.0669872981077807,0.7638190954773869,0.75,0.8660254037844386
F000899,0.0,0.34723618090452263,0.5555555555555556,1.0183501544346312
F000900,0.10770836113335558,0.7869346733668342,0.5972222222222222,0.17347216662217768
F000901,0.0,0.34723618090452263,0.29166666666666663,0.5204164998665332
F000902,0.0,0.34723618090452263,0.25,0.5
F000903,0.0,0.34723618090452263,0.08333333333333331,0.28867513459481287
F000904,0.052101231861607145,0.742713567839196,0.6944444444444444,0.6735753140545634
F000905,0.0,0.34723618090452263,0.4583333333333333,0.14433756729740646
F000906,0.0,0.34723618090452263,0.5694444444444444,0.42763345328724034
F000907,0.0,0.34723618090452263,0.4027777777777778,0.8347210667398177
F000908,0.0,0.34723618090452263,0.29166666666666663,0.6291528696058958
F000909,0.0,0.34723618090452263,0.5555555555555556,0.8388704928078611
F000910,0.0,0.34723618090452263,0.5694444444444444,0.42763345328724034
F000911,0.0,0.34723618090452263,0.4305555555555555,0.7469072033193751
F000912,0.1020902318637188,0.7766331658291458,0.7083333333333334,0.6291528696058958
F000913,0.0,0.34723618090452263,0.19444444444444442,0.3469443332443554
F000914,0.0,0.34723618090452263,0.3472222222222222,0.488288773090193
F000915,0.0,0.34723618090452263,0.5972222222222222,0.6364688465216444
F000916,0.0,0.34723618090452263,0.375,0.25
F000917,0.1020902318637188,0.7766331658291458,0.7083333333333334,0.6291528696058958
F000918,0.0,0.34723618090452263,0.13888888888888884,0.2545875386086578
F000919,0.0,0.34723618090452263,0.25,0.5
F000920,0.0,0.34723618090452263,0.19444444444444442,0.3469443332443554
F000921,0.10770836113335558,0.7869346733668342,0.5972222222222222,0.17347216662217768
F000922,0.0,0.34723618090452263,0.13888888888888884,0.2545875386086578
F000923,0.0483797153000638,0.7306532663316583,0.6805555555555556,0.6254627916220946
F000924,0.0,0.34723618090452263,0.5694444444444444,0.47385339192311066
F000925,0.0,0.34723618090452263,0.6666666666666666,0.7637626158259733
F000926,0.0,0.34723618090452263,0.4722222222222222,0.4194352464039305
F000927,0.18985690583578663,0.8683417085427135,0.7222222222222222,0.5091750772173156
F000928,0.1020902318637188,0.7766331658291458,0.7083333333333334,0.6291528696058958
F000929,0.0,0.34723618090452263,0.3611111111111111,0.2545875386086578
F000930,0.0,0.34723618090452263,0.1111111111111111,0.3849001794597505
F000931,0.0,0.34723618090452263,0.6111111111111112,0.6309898162000305
F000932,0.5334936490538904,0.9844221105527639,0.875,0.4330127018922193
F000933,0.0,0.34723618090452263,0.375,0.25
F000934,0.0,0.34723618090452263,0.4305555555555555,0.7742977702647974
F000935,0.1020902318637188,0.7766331658291458,0.7083333333333334,0.6291528696058958
F000936,0.0,0.34723618090452263,0.3888888888888889,0.6309898162000305
F000937,0.39239267937684,0.9565326633165829,0.7916666666666667,0.3818813079129867
F000938,0.0,0.34723618090452263,0.375,1.0897247358851685
F000939,0.0,0.34723618090452263,0.5,0.0
F000940,0.0,0.34723618090452263,0.4305555555555555,0.42763345328724034
F000941,0.0,0.34723618090452263,0.5,0.0
F000942,0.0,0.34723618090452263,0.4027777777777778,0.8347210667398177
F000943,0.0,0.34723618090452263,0.3472222222222222,0.33678765702728175
F000944,0.0,0.34723618090452263,0.3472222222222222,0.6684005230842202
F000945,0.0,0.34723618090452263,0.09722222222222215,0.17347216662217768
F000946,0.0,0.34723618090452263,0.4027777777777778,0.393817968854384
F000947,0.0,0.34723618090452263,0.1111111111111111,0.3849001794597505
F000948,0.29746422645894666,0.9216080402010051,0.6805555555555556,0.1272937693043289
F000949,0.6889957660359269,0.9954773869346734,0.9166666666666667,0.28867513459481287
F000950,0.18985690583578663,0.8683417085427135,0.7222222222222222,0.5091750772173156
F000951,0.0,0.34723618090452263,0.4722222222222222,0.4194352464039305
F000952,0.022329099369260197,0.7115577889447237,0.5833333333333334,0.2886751345948129
F000953,0.0,0.34723618090452263,0.4166666666666667,0.2886751345948129
F000954,0.0,0.34723618090452263,0.25,0.5
F000955,0.0,0.34723618090452263,0.375,0.4330127018922193
F000956,0.22572601271017337,0.8974874371859296,0.7083333333333334,0.38188130791298663
F000957,0.0,0.34723618090452263,0.5555555555555556,0.5357583756107197
F000958,0.14857832784080438,0.8120603015075377,0.7361111111111112,0.6472877887628358
F000959,0.0,0.34723618090452263,0.26388888888888884,0.2097176232019653
F000960,0.0,0.34723618090452263,0.2361111111111111,0.20971762320196524
F000961,0.0,0.34723618090452263,0.5694444444444444,0.5912165737164656
F000962,0.0,0.34723618090452263,0.29166666666666663,0.8036375634160796
F000963,0.22248941508981723,0.8891959798994975,0.7916666666666667,0.7216878364870323
F000964,0.25,0.9072864321608041,0.75,0.5
F000965,0.0,0.34723618090452263,0.3472222222222222,0.5672382737961704
F000966,0.0,0.34723618090452263,0.3611111111111111,0.2545875386086578
F000967,0.0,0.34723618090452263,0.5138888888888888,0.29265704869035386
F000968,0.0,0.34723618090452263,0.3472222222222222,0.6684005230842202
F000969,0.0,0.34723618090452263,0.6388888888888888,0.7515416254704823
F000970,0.0,0.34723618090452263,0.3055555555555556,0.3469443332443555
F000971,0.0,0.34723618090452263,0.6527777777777778,0.6684005230842202
F000972,0.0,0.34723618090452263,0.1111111111111111,0.3849001794597505
F000973,0.15048400847344884,0.8301507537688442,0.6388888888888888,0.2545875386086578
F000974,0.0,0.34723618090452263,0.2777777777777778,0.5091750772173156
F000975,0.0,0.34723618090452263,0.375,0.6614378277661477
F000976,0.0,0.34723618090452263,0.16666666666666669,0.5773502691896258
F000977,0.0,0.34723618090452263,0.25,0.8660254037844386
F000978,0.0,0.34723618090452263,0.33333333333333337,0.2886751345948129
F000979,0.0,0.34723618090452263,0.4444444444444444,0.1924500897298753
F000980,0.03349364905389035,0.7173366834170855,0.625,0.4330127018922193
F000981,0.125,0.7962311557788945,0.625,0.25
F000982,0.0,0.34723618090452263,0.4444444444444444,0.5357583756107198
F000983,0.0,0.34723618090452263,0.5555555555555556,0.5357583756107197
F000984,0.0,0.34723618090452263,0.33333333333333337,1.1547005383792517
F000985,0.5260506159308034,0.9814070351758793,0.8472222222222221,0.33678765702728175
F000986,0.0483797153000638,0.7306532663316583,0.6805555555555556,0.6254627916220946
F000987,0.0,0.34723618090452263,0.6944444444444444,0.787635937708768
F000988,0.0,0.34723618090452263,0.5555555555555556,1.0183501544346312
F000989,0.0,0.34723618090452263,0.4027777777777778,0.17347216662217774
F000990,0.1020902318637188,0.7766331658291458,0.7083333333333334,0.6291528696058958
F000991,0.0669872981077807,0.7638190954773869,0.75,0.8660254037844386
F000992,0.0,0.34723618090452263,0.3472222222222222,0.6684005230842202
F000993,0.0,0.34723618090452263,0.5138888888888888,0.4589642122738418
F000994,0.0483797153000638,0.7306532663316583,0.6805555555555556,0.6254627916220946
F000995,0.0,0.34723618090452263,0.055555555555555525,0.1924500897298752
F000996,0.25,0.9072864321608041,0.75,0.5
F000997,0.0,0.34723618090452263,0.2777777777777778,0.0962250448649376
F000998,0.0,0.34723618090452263,0.25,0.5
F000999,0.0,0.34723618090452263,0.19444444444444442,0.3469443332443554
F001000,0.0,0.34723618090452263,0.4166666666666667,0.2886751345948129
F001001,0.0,0.34723618090452263,0.4583333333333333,0.3818813079129867
F001002,0.0,0.34723618090452263,0.5555555555555556,0.5357583756107197
F001003,0.0,0.34723618090452263,0.6666666666666666,0.7637626158259733
F001004,0.0,0.34723618090452263,0.1111111111111111,0.3849001794597505
F001005,0.43763894448893326,0.9698492462311558,0.8055555555555556,0.34694433324435553
F001006,0.0,0.34723618090452263,0.5694444444444444,0.42763345328724034
F001007,0.25,0.9072864321608041,0.75,0.5
F001008,0.125,0.7962311557788945,0.625,0.25
F001009,0.0,0.34723618090452263,0.5138888888888888,0.29265704869035386
F001010,0.0,0.34723618090452263,0.5277777777777778,0.41943524640393054
F001011,0.0,0.34723618090452263,0.4583333333333333,0.14433756729740646
F001012,0.0,0.34723618090452263,0.4583333333333333,0.3818813079129867
F001013,0.0,0.34723618090452263,0.4583333333333333,0.3818813079129867
F001014,0.0,0.34723618090452263,0.4166666666666667,0.7637626158259734
F001015,0.0,0.34723618090452263,0.625,1.0897247358851685
F001016,0.0,0.34723618090452263,0.40277777777777773,0.6364688465216445
F001017,0.0,0.34723618090452263,0.33333333333333337,0.5773502691896258
F001018,0.0,0.34723618090452263,0.5416666666666666,0.3818813079129867
F001019,0.0,0.34723618090452263,0.4722222222222222,0.9179284245476838
F001020,0.0,0.34723618090452263,0.055555555555555525,0.1924500897298752
F001021,0.0,0.34723618090452263,0.2222222222222222,0.5091750772173156
F001022,0.0,0.34723618090452263,0.1111111111111111,0.3849001794597505
F001023,0.0,0.34723618090452263,0.25,0.5
F001024,0.0,0.34723618090452263,0.25,0.8660254037844386
F001025,0.0,0.34723618090452263,0.5138888888888888,0.29265704869035386
F001026,0.0,0.34723618090452263,0.5555555555555556,1.0183501544346312
F001027,0.0,0.34723618090452263,0.2222222222222222,0.09622504486493767
F001028,0.0,0.34723618090452263,0.5694444444444444,0.42763345328724034
F001029,0.0,0.34723618090452263,0.4166666666666667,1.0408329997330665
F001030,0.25,0.9072864321608041,0.75,0.5
F001031,0.0,0.34723618090452263,0.4027777777777778,0.393817968854384
F001032,0.3009680169468978,0.9314070351758794,0.7777777777777778,0.5091750772173156
F001033,0.6889957660359269,0.9954773869346734,0.9166666666666667,0.28867513459481287
F001034,0.0,0.34723618090452263,0.3194444444444444,0.1272937693043289
F001035,0.0,0.34723618090452263,0.4027777777777778,0.393817968854384
F001036,0.0,0.34723618090452263,0.25,0.5
F001037,0.18899576603592685,0.8582914572864322,0.6666666666666666,0.2886751345948129
F001038,0.0,0.34723618090452263,0.4027777777777778,0.393817968854384
F001039,0.0,0.34723618090452263,0.33333333333333337,0.5773502691896258
F001040,0.0,0.34723618090452263,0.25,0.5
F001041,0.0,0.34723618090452263,0.08333333333333331,0.28867513459481287
F001042,0.0,0.34723618090452263,0.5694444444444444,0.7469072033193752
F001043,0.29746422645894666,0.9216080402010051,0.6805555555555556,0.1272937693043289
F001044,0.022329099369260197,0.7115577889447237,0.5833333333333334,0.2886751345948129
F001045,0.061411169010459093,0.7545226130653266,0.6527777777777778,0.488288773090193
F001046,0.1020902318637188,0.7766331658291458,0.7083333333333334,0.6291528696058958
F001047,0.1020902318637188,0.7766331658291458,0.7083333333333334,0.6291528696058958
F001048,0.0,0.34723618090452263,0.2222222222222222,0.5091750772173156
F001049,0.0,0.34723618090452263,0.16666666666666669,0.5773502691896258
F001050,0.18985690583578663,0.8683417085427135,0.7222222222222222,0.5091750772173156
F001051,0.18899576603592685,0.8582914572864322,0.6666666666666666,0.2886751345948129
F001052,0.0,0.34723618090452263,0.4305555555555555,0.42763345328724034
F001053,0.0,0.34723618090452263,0.19444444444444442,0.3469443332443554
F001054,0.1732257047434905,0.8535175879396985,0.6805555555555556,0.3757708127352412
F001055,0.0,0.34723618090452263,0.33333333333333337,0.5773502691896258
F001056,0.0,0.34723618090452263,0.5,0.0
F001057,0.0,0.34723618090452263,0.25,0.5
F001058,0.5853276880479024,0.9879396984924623,0.8888888888888888,0.3849001794597506
F001059,0.15048400847344884,0.8301507537688442,0.6388888888888888,0.2545875386086578
F001060,0.0,0.34723618090452263,0.15277777777777773,0.33678765702728164
F001061,0.0,0.34723618090452263,0.375,1.0897247358851685
F001062,0.21541672226671116,0.879145728643216,0.6944444444444444,0.3469443332443555
F001063,0.0,0.34723618090452263,0.5833333333333334,0.7637626158259733
F001064,0.0,0.34723618090452263,0.375,0.6614378277661477
F001065,0.03349364905389035,0.7173366834170855,0.625,0.4330127018922193
F001066,0.052101231861607145,0.742713567839196,0.6944444444444444,0.6735753140545634
F001067,0.0,0.34723618090452263,0.5277777777777778,0.41943524640393054
F001068,0.0,0.34723618090452263,0.4513888888888889,0.9504506728292014
F001069,0.0,0.34723618090452263,0.13888888888888884,0.2545875386086578
F001070,0.0,0.34723618090452263,0.29166666666666663,0.38188130791298663
F001071,0.0,0.34723618090452263,0.09722222222222215,0.17347216662217768
F001072,0.0,0.34723618090452263,0.3611111111111111,0.2545875386086578
F001073,0.15048400847344884,0.8301507537688442,0.6388888888888888,0.2545875386086578
F001074,0.18985690583578663,0.8683417085427135,0.7222222222222222,0.5091750772173156
F001075,0.0,0.34723618090452263,0.4166666666666667,1.0408329997330665
F001076,0.0,0.34723618090452263,0.19444444444444442,0.3469443332443554
F001077,0.0,0.34723618090452263,0.5,0.0
F001078,0.21541672226671116,0.879145728643216,0.6944444444444444,0.3469443332443555
F001079,0.0,0.34723618090452263,0.2222222222222222,0.09622504486493767
F001080,0.15048400847344884,0.8301507537688442,0.6388888888888888,0.2545875386086578
F001081,0.0483797153000638,0.7306532663316583,0.6805555555555556,0.6254627916220946
F001082,0.0,0.34723618090452263,0.5972222222222222,0.393817968854384
F001083,0.0,0.34723618090452263,0.6111111111111112,0.4811252243246882
F001084,0.0,0.34723618090452263,0.4166666666666667,1.0408329997330665
F001085,0.5074430331230867,0.9776381909547739,0.7777777777777778,0.09622504486493767
F001086,0.0,0.34723618090452263,0.5,0.0
F001087,0.0,0.34723618090452263,0.4444444444444444,0.5357583756107198
F001088,0.3779915320718537,0.9507537688442211,0.8333333333333333,0.5773502691896258
F001089,0.052101231861607145,0.742713567839196,0.6944444444444444,0.6735753140545634
F001090,0.0,0.34723618090452263,0.375,0.25
F001091,0.0,0.34723618090452263,0.4027777777777778,0.17347216662217774
F001092,0.0,0.34723618090452263,0.5138888888888888,0.9141379262169074
F001093,0.0,0.34723618090452263,0.375,0.25
F001094,0.022329099369260197,0.7115577889447237,0.5833333333333334,0.2886751345948129
F001095,0.43763894448893326,0.9698492462311558,0.8055555555555556,0.34694433324435553
F001096,0.0,0.34723618090452263,0.3611111111111111,0.7515416254704824
F001097,0.0,0.34723618090452263,0.5555555555555556,0.5357583756107197
F001098,0.011164549684630098,0.6977386934673366,0.5416666666666666,0.14433756729740646
F001099,0.18985690583578663,0.8683417085427135,0.7222222222222222,0.5091750772173156
F001100,0.0,0.34723618090452263,0.5555555555555556,0.5357583756107197
F001101,0.42291896617679514,0.9630653266331658,0.7638888888888888,0.2097176232019653
F001102,0.0,0.34723618090452263,0.375,1.0897247358851685
F001103,0.0,0.34723618090452263,0.6388888888888888,0.7515416254704823
F001104,0.0,0.34723618090452263,0.5,1.0
F001105,0.0,0.34723618090452263,0.055555555555555525,0.1924500897298752
F001106,0.0,0.34723618090452263,0.4166666666666667,0.2886751345948129
F001107,0.0,0.34723618090452263,0.125,0.4330127018922193
F001108,0.0,0.34723618090452263,0.3472222222222222,0.488288773090193
F001109,0.0,0.34723618090452263,0.33333333333333337,0.5773502691896258
F001110,0.22572601271017337,0.8974874371859296,0.7083333333333334,0.38188130791298663
F001111,0.0,0.34723618090452263,0.5277777777777778,0.41943524640393054
F001112,0.14857832784080438,0.8120603015075377,0.7361111111111112,0.6472877887628358
F001113,0.0,0.34723618090452263,0.5972222222222222,0.393817968854384
F001114,0.0,0.34723618090452263,0.4027777777777778,0.393817968854384
F001115,0.15048400847344884,0.8301507537688442,0.6388888888888888,0.2545875386086578
F001116,0.0,0.34723618090452263,0.2777777777777778,0.0962250448649376
F001117,0.3963319220119756,0.9587939698492463,0.7222222222222222,0.09622504486493767
F001118,0.0,0.34723618090452263,0.5694444444444444,0.42763345328724034
F001119,0.0,0.34723618090452263,0.33333333333333337,0.5773502691896258
F001120,0.0,0.34723618090452263,0.19444444444444442,0.3469443332443554
F001121,0.022329099369260197,0.7115577889447237,0.5833333333333334,0.2886751345948129
F001122,0.14857832784080438,0.8120603015075377,0.7361111111111112,0.6472877887628358
F001123,0.0,0.34723618090452263,0.2361111111111111,0.20971762320196524
F001124,0.0,0.34723618090452263,0.4027777777777778,0.8347210667398177
F001125,0.052101231861607145,0.742713567839196,0.6944444444444444,0.6735753140545634
F001126,0.0,0.34723618090452263,0.5416666666666666,0.3818813079129867
F001127,0.0,0.34723618090452263,0.5416666666666666,0.3818813079129867
F001128,0.0,0.34723618090452263,0.6388888888888888,0.7515416254704823
F001129,0.21541672226671116,0.879145728643216,0.6944444444444444,0.3469443332443555
F001130,0.0,0.34723618090452263,0.16666666666666669,0.28867513459481287
F001131,0.0,0.34723618090452263,0.4305555555555555,0.42763345328724034
F001132,0.14857832784080438,0.8120603015075377,0.7361111111111112,0.6472877887628358
F001133,0.0,0.34723618090452263,0.4027777777777778,0.8347210667398177
F001134,0.0,0.34723618090452263,0.20833333333333331,0.5204164998665333
F001135,0.0,0.34723618090452263,0.29166666666666663,0.5204164998665332
F001136,0.0,0.34723618090452263,0.4583333333333333,0.3818813079129867
F001137,0.044658198738520394,0.7221105527638191,0.6666666666666666,0.5773502691896258
F001138,0.0,0.34723618090452263,0.2777777777777778,0.5091750772173156
F001139,0.061411169010459093,0.7545226130653266,0.6527777777777778,0.488288773090193
F001140,0.0,0.34723618090452263,0.5138888888888888,0.29265704869035386
F001141,0.0669872981077807,0.7638190954773869,0.75,0.8660254037844386
F001142,0.0,0.34723618090452263,0.6944444444444444,0.787635937708768
F001143,0.0,0.34723618090452263,0.3055555555555556,0.3469443332443555
F001144,0.29746422645894666,0.9216080402010051,0.6805555555555556,0.1272937693043289
F001145,0.0,0.34723618090452263,0.5416666666666666,1.0103629710818451
F001146,0.1020902318637188,0.7766331658291458,0.7083333333333334,0.6291528696058958
F001147,0.0,0.34723618090452263,0.4166666666666667,0.2886751345948129
F001148,0.0,0.34723618090452263,0.29166666666666663,0.38188130791298663
F001149,0.0,0.34723618090452263,0.5138888888888888,0.29265704869035386
F001150,0.0,0.34723618090452263,0.15277777777777773,0.33678765702728164
F001151,0.0,0.34723618090452263,0.3194444444444444,0.37577081273524116
F001152,0.0,0.34723618090452263,0.375,1.0897247358851685
F001153,0.18985690583578663,0.8683417085427135,0.7222222222222222,0.5091750772173156
F001154,0.0,0.34723618090452263,0.4166666666666667,1.0408329997330665
F001155,0.0,0.34723618090452263,0.25,0.5
F001156,0.3779915320718537,0.9507537688442211,0.8333333333333333,0.5773502691896258
F001157,0.0,0.34723618090452263,0.4861111111111111,0.6787106512705898
F001158,0.0,0.34723618090452263,0.2777777777777778,0.0962250448649376
F001159,0.0,0.34723618090452263,0.375,0.4330127018922193
F001160,0.15048400847344884,0.8301507537688442,0.6388888888888888,0.2545875386086578
F001161,0.0,0.34723618090452263,0.3472222222222222,0.33678765702728175
F001162,0.0,0.34723618090452263,0.3055555555555556,0.3469443332443555
F001163,0.0,0.34723618090452263,0.5555555555555556,0.5357583756107197
F001164,0.0,0.34723618090452263,0.4166666666666667,1.0408329997330665
F001165,0.125,0.7962311557788945,0.625,0.25
F001166,0.14857832784080438,0.8120603015075377,0.7361111111111112,0.6472877887628358
F001167,0.21541672226671116,0.879145728643216,0.6944444444444444,0.3469443332443555
F001168,0.0,0.34723618090452263,0.2777777777777778,0.5091750772173156
F001169,0.0,0.34723618090452263,0.36111111111111105,0.7515416254704824
F001170,0.0,0.34723618090452263,0.3472222222222222,0.488288773090193
F001171,0.052101231861607145,0.742713567839196,0.6944444444444444,0.6735753140545634
F001172,0.022329099369260197,0.7115577889447237,0.5833333333333334,0.2886751345948129
F001173,0.0,0.34723618090452263,0.3194444444444444,0.37577081273524116
F001174,0.0,0.34723618090452263,0.4444444444444444,0.5357583756107198
F001175,0.0,0.34723618090452263,0.5277777777777778,0.41943524640393054
F001176,0.0,0.34723618090452263,0.25,0.5
F001177,0.0,0.34723618090452263,0.2777777777777778,0.0962250448649376
F001178,0.052101231861607145,0.742713567839196,0.6944444444444444,0.6735753140545634
F001179,0.0,0.34723618090452263,0.375,0.25
F001180,0.011164549684630098,0.6977386934673366,0.5416666666666666,0.14433756729740646
F001181,0.0,0.34723618090452263,0.6388888888888888,0.7515416254704823
F001182,0.0,0.34723618090452263,0.3472222222222222,0.6684005230842202
F001183,0.0,0.34723618090452263,0.5277777777777778,0.8221471437193746
F001184,0.0,0.34723618090452263,0.4444444444444444,0.5357583756107198
F001185,0.125,0.7962311557788945,0.625,0.25
F001186,0.0,0.34723618090452263,0.3472222222222222,0.488288773090193
F001187,0.0,0.34723618090452263,0.375,0.6614378277661477
F001188,0.0,0.34723618090452263,0.5694444444444444,0.42763345328724034
F001189,0.0,0.34723618090452263,0.5138888888888888,0.29265704869035386
F001190,0.0,0.34723618090452263,0.33333333333333337,0.2886751345948129
F001191,0.021936418657470313,0.7055276381909548,0.6527777777777778,0.5672382737961704
F001192,0.0,0.34723618090452263,0.625,0.9013878188659973
F001193,0.0,0.34723618090452263,0.5,0.5
F001194,0.052101231861607145,0.742713567839196,0.6944444444444444,0.6735753140545634
F001195,0.0,0.34723618090452263,0.5138888888888888,0.29265704869035386
F001196,0.0,0.34723618090452263,0.15277777777777773,0.33678765702728164
F001197,0.0,0.34723618090452263,0.4305555555555555,0.42763345328724034
F001198,0.0,0.34723618090452263,0.2222222222222222,0.5091750772173156
F001199,0.25,0.9072864321608041,0.75,0.5
F001200,0.25,0.9072864321608041,0.75,0.5
F001201,0.0,0.34723618090452263,0.3888888888888889,0.4811252243246881
F001202,0.0,0.34723618090452263,0.29166666666666663,0.8036375634160796
F001203,0.0,0.34723618090452263,0.4861111111111111,0.9141379262169075
F001204,0.0,0.34723618090452263,0.4583333333333333,0.14433756729740646
F001205,0.0483797153000638,0.7306532663316583,0.6805555555555556,0.6254627916220946
F001206,0.0,0.34723618090452263,0.6527777777777778,0.6684005230842202
F001207,0.18899576603592685,0.8582914572864322,0.6666666666666666,0.2886751345948129
F001208,0.1564584167334001,0.8437185929648241,0.7083333333333334,0.5204164998665332
F001209,0.0,0.34723618090452263,0.5555555555555556,0.6735753140545634
F001210,0.0,0.34723618090452263,0.5972222222222222,0.393817968854384
F001211,0.0,0.34723618090452263,0.3472222222222222,0.488288773090193
F001212,0.0,0.34723618090452263,0.6388888888888888,0.8552669065744807
F001213,0.0,0.34723618090452263,0.29166666666666663,0.5204164998665332
F001214,0.0,0.34723618090452263,0.2361111111111111,0.20971762320196524
F001215,0.0,0.34723618090452263,0.19444444444444442,0.3469443332443554
F001216,0.0,0.34723618090452263,0.29166666666666663,0.8036375634160796
F001217,0.22572601271017337,0.8974874371859296,0.7083333333333334,0.38188130791298663
F001218,0.32224099184793414,0.9381909547738694,0.7638888888888888,0.4110735718596873
F001219,0.0,0.34723618090452263,0.4305555555555555,0.42763345328724034
F001220,0.0,0.34723618090452263,0.3472222222222222,0.33678765702728175
F001221,0.14857832784080438,0.8120603015075377,0.7361111111111112,0.6472877887628358
F001222,0.0,0.34723618090452263,0.7083333333333334,1.0103629710818451
F001223,0.014847884958626878,0.7010050251256281,0.7083333333333334,0.8036375634160796
F001224,0.21541672226671116,0.879145728643216,0.6944444444444444,0.3469443332443555
F001225,0.0,0.34723618090452263,0.4305555555555555,0.42763345328724034
F001226,0.0,0.34723618090452263,0.5138888888888888,0.29265704869035386
F001227,0.0,0.34723618090452263,0.08333333333333331,0.28867513459481287
F001228,0.0,0.34723618090452263,0.6388888888888888,0.7515416254704823
F001229,0.0,0.34723618090452263,0.4027777777777778,0.17347216662217774
F001230,0.0,0.34723618090452263,0.5555555555555556,0.5357583756107197
F001231,0.21541672226671116,0.879145728643216,0.6944444444444444,0.3469443332443555
F001232,0.0,0.34723618090452263,0.4861111111111111,0.2926570486903539
F001233,0.0,0.34723618090452263,0.3472222222222222,0.488288773090193
F001234,0.061411169010459093,0.7545226130653266,0.6527777777777778,0.488288773090193
F001235,0.3779915320718537,0.9507537688442211,0.8333333333333333,0.5773502691896258
F001236,0.0,0.34723618090452263,0.3611111111111111,0.2545875386086578
F001237,0.0,0.34723618090452263,0.25,0.5
F001238,0.0,0.34723618090452263,0.4166666666666667,1.0408329997330665
F001239,0.21541672226671116,0.879145728643216,0.6944444444444444,0.3469443332443555
F001240,0.0,0.34723618090452263,0.375,0.25
F001241,0.014886066246173488,0.7022613065326633,0.5555555555555556,0.1924500897298752
F001242,0.0,0.34723618090452263,0.4583333333333333,0.14433756729740646
F001243,0.0,0.34723618090452263,0.4722222222222222,0.9179284245476838
F001244,0.22248941508981723,0.8891959798994975,0.7916666666666667,0.7216878364870323
F001245,0.0,0.34723618090452263,0.375,1.0897247358851685
F001246,0.42291896617679514,0.9630653266331658,0.7638888888888888,0.2097176232019653
F001247,0.125,0.7962311557788945,0.625,0.25
F001248,0.15048400847344884,0.8301507537688442,0.6388888888888888,0.2545875386086578
F001249,0.0,0.34723618090452263,0.2222222222222222,0.5091750772173156
F001250,0.0,0.34723618090452263,0.5555555555555556,0.5357583756107197
F001251,0.25,0.9072864321608041,0.75,0.5
F001252,0.0,0.34723618090452263,0.25,0.8660254037844386
F001253,0.0,0.34723618090452263,0.25,0.5
F001254,0.18899576603592685,0.8582914572864322,0.6666666666666666,0.2886751345948129
F001255,0.0,0.34723618090452263,0.5694444444444444,0.47385339192311066
F001256,0.0,0.34723618090452263,0.6111111111111112,0.693888666488711
F001257,0.0,0.34723618090452263,0.4444444444444445,0.6735753140545634
F001258,0.0,0.34723618090452263,0.25,0.5
F001259,0.014886066246173488,0.7022613065326633,0.5555555555555556,0.1924500897298752
F001260,0.15048400847344884,0.8301507537688442,0.6388888888888888,0.2545875386086578
F001261,0.0,0.34723618090452263,0.3194444444444444,0.6254627916220946
F001262,0.0,0.34723618090452263,0.3888888888888889,0.4811252243246881
F001263,0.0,0.34723618090452263,0.1111111111111111,0.3849001794597505
F001264,0.0,0.34723618090452263,0.4444444444444444,0.5357583756107198
F001265,0.0,0.34723618090452263,0.13888888888888884,0.2545875386086578
F001266,0.14857832784080438,0.8120603015075377,0.7361111111111112,0.6472877887628358
F001267,0.18985690583578663,0.8683417085427135,0.7222222222222222,0.5091750772173156
F001268,0.1020902318637188,0.7766331658291458,0.7083333333333334,0.6291528696058958
F001269,0.0,0.34723618090452263,0.3055555555555556,0.7876359377087682
F001270,0.29746422645894666,0.9216080402010051,0.6805555555555556,0.1272937693043289
F001271,0.0,0.34723618090452263,0.4444444444444444,0.5357583756107198
F001272,0.0,0.34723618090452263,0.625,1.0897247358851685
F001273,0.0,0.34723618090452263,0.3472222222222222,0.6684005230842202
F001274,0.0,0.34723618090452263,0.3472222222222222,0.6988747569671736
F001275,0.0,0.34723618090452263,0.2361111111111111,0.20971762320196524
F001276,0.0,0.34723618090452263,0.5694444444444444,0.7469072033193752
F001277,0.0,0.34723618090452263,0.25,0.5
F001278,0.0,0.34723618090452263,0.5972222222222222,0.393817968854384
F001279,0.0,0.34723618090452263,0.5138888888888888,0.29265704869035386
F001280,0.0483797153000638,0.7306532663316583,0.6805555555555556,0.6254627916220946
F001281,0.0,0.34723618090452263,0.2361111111111111,0.20971762320196524
F001282,0.022329099369260197,0.7115577889447237,0.5833333333333334,0.2886751345948129
F001283,0.0,0.34723618090452263,0.25,0.5
F001284,0.3963319220119756,0.9587939698492463,0.7222222222222222,0.09622504486493767
F001285,0.0,0.34723618090452263,0.5138888888888888,0.29265704869035386
F001286,0.0483797153000638,0.7306532663316583,0.6805555555555556,0.6254627916220946
F001287,0.21541672226671116,0.879145728643216,0.6944444444444444,0.3469443332443555
F001288,0.5949284529178934,0.9922110552763819,0.8611111111111112,0.2545875386086578
F001289,0.0,0.34723618090452263,0.375,0.4330127018922193
F001290,0.0,0.34723618090452263,0.4027777777777778,0.7561476438231223
F001291,0.0,0.34723618090452263,0.5416666666666666,0.3818813079129867
F001292,0.0,0.34723618090452263,0.5277777777777778,0.9179284245476838
F001293,0.125,0.7962311557788945,0.625,0.25
F001294,0.0,0.34723618090452263,0.2777777777777778,0.5091750772173156
F001295,0.0,0.34723618090452263,0.6944444444444444,0.7876359377087682
F001296,0.1564584167334001,0.8437185929648241,0.7083333333333334,0.5204164998665332
F001297,0.0,0.34723618090452263,0.18055555555555552,0.1272937693043289
F001298,0.011164549684630098,0.6977386934673366,0.5416666666666666,0.14433756729740646
F001299,0.0,0.34723618090452263,0.5833333333333334,0.7637626158259734
F001300,0.125,0.7962311557788945,0.625,0.25
F001301,0.0483797153000638,0.7306532663316583,0.6805555555555556,0.6254627916220946
F001302,0.0,0.34723618090452263,0.26388888888888884,0.6472877887628358
F001303,0.0,0.34723618090452263,0.5138888888888888,0.4589642122738418
F001304,0.25,0.9072864321608041,0.75,0.5
F001305,0.0,0.34723618090452263,0.5694444444444444,0.5548606765399494
F001306,0.0,0.34723618090452263,0.4305555555555555,0.42763345328724034
F001307,0.0,0.34723618090452263,0.6111111111111112,0.6309898162000305
F001308,0.0,0.34723618090452263,0.18055555555555552,0.1272937693043289
F001309,0.03349364905389035,0.7173366834170855,0.625,0.4330127018922193
F001310,0.125,0.7962311557788945,0.625,0.25
F001311,0.0,0.34723618090452263,0.4861111111111111,0.4589642122738419
F001312,0.0,0.34723618090452263,0.6111111111111112,0.693888666488711
F001313,0.0,0.34723618090452263,0.4305555555555555,0.7469072033193751
F001314,0.15048400847344884,0.8301507537688442,0.6388888888888888,0.2545875386086578
F001315,0.0,0.34723618090452263,0.4166666666666667,0.2886751345948129
F001316,0.0,0.34723618090452263,0.6527777777777778,0.6988747569671736
F001317,0.22248941508981723,0.8891959798994975,0.7916666666666667,0.7216878364870323
F001318,0.014886066246173488,0.7022613065326633,0.5555555555555556,0.1924500897298752
F001319,0.052101231861607145,0.742713567839196,0.6944444444444444,0.6735753140545634
F001320,0.0,0.34723618090452263,0.5416666666666666,0.3818813079129867
F001321,0.0,0.34723618090452263,0.5694444444444444,0.42763345328724034
F001322,0.0,0.34723618090452263,0.0,0.0
F001323,0.0,0.34723618090452263,0.055555555555555525,0.1924500897298752
F001324,0.0,0.34723618090452263,0.3472222222222222,0.33678765702728175
F001325,0.43763894448893326,0.9698492462311558,0.8055555555555556,0.34694433324435553
F001326,0.022329099369260197,0.7115577889447237,0.5833333333333334,0.2886751345948129
F001327,0.14857832784080438,0.8120603015075377,0.7361111111111112,0.6472877887628358
F001328,0.1732257047434905,0.8535175879396985,0.6805555555555556,0.3757708127352412
F001329,0.0,0.34723618090452263,0.3611111111111111,0.2545875386086578
F001330,0.17065537609580494,0.849748743718593,0.7777777777777777,0.769800358919501
F001331,0.0,0.34723618090452263,0.5138888888888888,0.6142595663193329
F001332,0.0,0.34723618090452263,0.25,0.8660254037844386
F001333,0.0,0.34723618090452263,0.2222222222222222,0.5091750772173156
F001334,0.0,0.34723618090452263,0.5972222222222222,0.393817968854384
F001335,0.0,0.34723618090452263,0.5277777777777778,0.41943524640393054
F001336,0.0,0.34723618090452263,0.19444444444444442,0.3469443332443554
F001337,0.5853276880479024,0.9879396984924623,0.8888888888888888,0.3849001794597506
F001338,0.044658198738520394,0.7221105527638191,0.6666666666666666,0.5773502691896258
F001339,0.14857832784080438,0.8120603015075377,0.7361111111111112,0.6472877887628358
F001340,0.0,0.34723618090452263,0.6527777777777778,0.6684005230842202
F001341,0.0,0.34723618090452263,0.33333333333333337,0.5773502691896258
F001342,0.0,0.34723618090452263,0.2777777777777778,0.0962250448649376
F001343,0.0,0.34723618090452263,0.6388888888888888,0.8552669065744807
F001344,0.0,0.34723618090452263,0.3194444444444444,0.37577081273524116
F001345,0.0,0.34723618090452263,0.33333333333333337,0.7637626158259733
F001346,0.0,0.34723618090452263,0.4861111111111111,0.6142595663193329
F001347,0.0,0.34723618090452263,0.4861111111111111,0.6142595663193329
F001348,0.0,0.34723618090452263,0.5,1.0
F001349,0.052101231861607145,0.742713567839196,0.6944444444444444,0.6735753140545634
F001350,0.0,0.34723618090452263,0.08333333333333331,0.28867513459481287
F001351,0.0,0.34723618090452263,0.6111111111111112,0.693888666488711
F001352,0.061411169010459093,0.7545226130653266,0.6527777777777778,0.488288773090193
F001353,0.29746422645894666,0.9216080402010051,0.6805555555555556,0.1272937693043289
F001354,0.0,0.34723618090452263,0.4305555555555555,0.9871864246620478
F001355,0.0,0.34723618090452263,0.375,1.0897247358851685
F001356,0.3009680169468978,0.9314070351758794,0.7777777777777778,0.5091750772173156
F001357,0.15048400847344884,0.8301507537688442,0.6388888888888888,0.2545875386086578
F001358,0.0,0.34723618090452263,0.6388888888888888,0.8552669065744807
F001359,0.0,0.34723618090452263,0.3888888888888889,0.6309898162000305
F001360,0.0,0.34723618090452263,0.3472222222222222,0.6684005230842202
F001361,0.0,0.34723618090452263,0.3194444444444444,0.37577081273524116
F001362,0.1020902318637188,0.7766331658291458,0.7083333333333334,0.6291528696058958
F001363,0.18985690583578663,0.8683417085427135,0.7222222222222222,0.5091750772173156
F001364,0.0,0.34723618090452263,0.3472222222222222,0.6988747569671736
F001365,0.0,0.34723618090452263,0.055555555555555525,0.1924500897298752
F001366,0.0,0.34723618090452263,0.13888888888888884,0.2545875386086578
F001367,0.011164549684630098,0.6977386934673366,0.5416666666666666,0.14433756729740646
F001368,0.5949284529178934,0.9922110552763819,0.8611111111111112,0.2545875386086578
F001369,0.0,0.34723618090452263,0.2361111111111111,0.4110735718596873
F001370,0.15048400847344884,0.8301507537688442,0.6388888888888888,0.2545875386086578
F001371,0.0,0.34723618090452263,0.29166666666666663,0.5204164998665332
F001372,0.0,0.34723618090452263,0.6527777777777778,0.6684005230842202
F001373,0.0,0.34723618090452263,0.4861111111111111,0.2926570486903539
F001374,0.0,0.34723618090452263,0.1111111111111111,0.3849001794597505
F001375,0.0,0.34723618090452263,0.3055555555555556,0.6735753140545634
F001376,0.0,0.34723618090452263,0.18055555555555552,0.3757708127352412
F001377,0.061411169010459093,0.7545226130653266,0.6527777777777778,0.488288773090193
F001378,0.0,0.34723618090452263,0.15277777777777773,0.33678765702728164
F001379,0.052101231861607145,0.742713567839196,0.6944444444444444,0.6735753140545634
F001380,0.0,0.34723618090452263,0.4166666666666667,0.2886751345948129
F001381,0.0,0.34723618090452263,0.4861111111111111,0.2926570486903539
F001382,0.0,0.34723618090452263,0.4027777777777778,0.393817968854384
F001383,0.011164549684630098,0.6977386934673366,0.5416666666666666,0.14433756729740646
F001384,0.0,0.34723618090452263,0.5,0.5
F001385,0.0,0.34723618090452263,0.4444444444444444,0.1924500897298753
F001386,0.0,0.34723618090452263,0.6111111111111112,0.4811252243246882
F001387,0.0,0.34723618090452263,0.0,0.0
F001388,0.0,0.34723618090452263,0.13888888888888884,0.2545875386086578
F001389,0.0,0.34723618090452263,0.33333333333333337,0.5773502691896258
F001390,0.14857832784080438,0.8120603015075377,0.7361111111111112,0.6472877887628358
F001391,0.25,0.9072864321608041,0.75,0.5
F001392,0.0,0.34723618090452263,0.5694444444444444,0.47385339192311066
F001393,0.0,0.34723618090452263,0.4027777777777778,0.393817968854384
F001394,0.14857832784080438,0.8120603015075377,0.7361111111111112,0.6472877887628358
F001395,0.0,0.34723618090452263,0.625,0.6614378277661477
F001396,0.0,0.34723618090452263,0.3194444444444444,0.37577081273524116
F001397,0.0,0.34723618090452263,0.33333333333333337,0.5773502691896258
F001398,0.0,0.34723618090452263,0.15277777777777773,0.33678765702728164
F001399,0.0,0.34723618090452263,0.055555555555555525,0.1924500897298752
F001400,0.10770836113335558,0.7869346733668342,0.5972222222222222,0.17347216662217768
F001401,0.125,0.7962311557788945,0.625,0.25
F001402,0.4510034825212683,0.9756281407035176,0.8194444444444444,0.3757708127352412
F001403,0.0,0.34723618090452263,0.40277777777777773,0.6364688465216445
F001404,0.0,0.34723618090452263,0.5694444444444444,0.47385339192311066
F001405,0.0,0.34723618090452263,0.4166666666666667,0.2886751345948129
F001406,0.1020902318637188,0.7766331658291458,0.7083333333333334,0.6291528696058958
F001407,0.0,0.34723618090452263,0.29166666666666663,0.8036375634160796
F001408,0.0,0.34723618090452263,0.19444444444444442,0.3469443332443554
F001409,0.0,0.34723618090452263,0.4861111111111111,0.6787106512705898
F001410,0.044658198738520394,0.7221105527638191,0.6666666666666666,0.5773502691896258
F001411,0.0,0.34723618090452263,0.3472222222222222,0.6988747569671736
F001412,0.0,0.34723618090452263,0.4166666666666667,1.0408329997330665
F001413,0.0,0.34723618090452263,0.26388888888888884,0.2097176232019653
F001414,0.0,0.34723618090452263,0.5555555555555556,0.8388704928078611
F001415,0.0,0.34723618090452263,0.4305555555555555,0.9871864246620478
F001416,0.0,0.34723618090452263,0.7222222222222222,0.9622504486493764
F001417,0.0,0.34723618090452263,0.6111111111111112,0.693888666488711
F001418,0.125,0.7962311557788945,0.625,0.25
F001419,0.0,0.34723618090452263,0.26388888888888884,0.7087417123429485
F001420,0.0,0.34723618090452263,0.4166666666666667,0.2886751345948129
F001421,0.0,0.34723618090452263,0.5972222222222222,0.393817968854384
F001422,0.0,0.34723618090452263,0.16666666666666669,0.5773502691896258
F001423,0.0,0.34723618090452263,0.25,0.5
F001424,0.0,0.34723618090452263,0.15277777777777773,0.33678765702728164
F001425,0.0,0.34723618090452263,0.3472222222222222,0.6684005230842202
F001426,0.0,0.34723618090452263,0.5555555555555556,0.5357583756107197
F001427,0.0,0.34723618090452263,0.6388888888888888,0.8552669065744807
F001428,0.7926638440239513,0.9989949748743718,0.9444444444444444,0.1924500897298752
F001429,0.0,0.34723618090452263,0.5277777777777778,0.8221471437193746
F001430,0.0,0.34723618090452263,0.3055555555555556,0.3469443332443555
F001431,0.0,0.34723618090452263,0.5416666666666666,0.6291528696058959
F001432,0.0,0.34723618090452263,0.3611111111111111,0.2545875386086578
F001433,0.0,0.34723618090452263,0.33333333333333337,0.5773502691896258
F001434,0.0,0.34723618090452263,0.08333333333333331,0.28867513459481287
F001435,0.0,0.34723618090452263,0.4722222222222222,0.5853140973807078
F001436,0.0,0.34723618090452263,0.36111111111111105,0.7515416254704824
F001437,0.0,0.34723618090452263,0.3472222222222222,0.488288773090193
F001438,0.5260506159308034,0.9814070351758793,0.8472222222222221,0.33678765702728175
F001439,0.0,0.34723618090452263,0.4583333333333333,0.14433756729740646
F001440,0.0,0.34723618090452263,0.2777777777777778,0.0962250448649376
F001441,0.03349364905389035,0.7173366834170855,0.625,0.4330127018922193
F001442,0.0,0.34723618090452263,0.7083333333333334,1.0103629710818451
F001443,0.0,0.34723618090452263,0.3611111111111111,0.2545875386086578
F001444,0.1371617270419147,0.8030150753768844,0.6527777777777778,0.33678765702728175
F001445,0.0,0.34723618090452263,0.3888888888888889,0.3849001794597506
F001446,0.0,0.34723618090452263,0.3194444444444444,0.1272937693043289
F001447,0.0,0.34723618090452263,0.09722222222222215,0.17347216662217768
F001448,0.0,0.34723618090452263,0.25,0.5
F001449,0.15048400847344884,0.8301507537688442,0.6388888888888888,0.2545875386086578
F001450,0.0,0.34723618090452263,0.25,0.5
F001451,0.0,0.34723618090452263,0.25,0.8660254037844386
F001452,0.1020902318637188,0.7766331658291458,0.7083333333333334,0.6291528696058958
F001453,0.22248941508981723,0.8891959798994975,0.7916666666666667,0.7216878364870323
F001454,0.0,0.34723618090452263,0.6111111111111112,0.693888666488711
F001455,0.125,0.7962311557788945,0.625,0.25
F001456,0.0,0.34723618090452263,0.2777777777777778,0.5091750772173156
F001457,0.43763894448893326,0.9698492462311558,0.8055555555555556,0.34694433324435553
F001458,0.0,0.34723618090452263,0.2222222222222222,0.09622504486493767
F001459,0.0,0.34723618090452263,0.3194444444444444,0.37577081273524116
F001460,0.0,0.34723618090452263,0.6388888888888888,0.8552669065744807
F001461,0.43763894448893326,0.9698492462311558,0.8055555555555556,0.34694433324435553
F001462,0.0,0.34723618090452263,0.055555555555555525,0.1924500897298752
F001463,0.044658198738520394,0.7221105527638191,0.6666666666666666,0.5773502691896258
F001464,0.0669872981077807,0.7638190954773869,0.75,0.8660254037844386
F001465,0.0,0.34723618090452263,0.055555555555555525,0.1924500897298752
F001466,0.0,0.34723618090452263,0.3055555555555556,0.6735753140545634
F001467,0.0,0.34723618090452263,0.18055555555555552,0.1272937693043289
F001468,0.0,0.34723618090452263,0.25,0.5
F001469,0.0,0.34723618090452263,0.2222222222222222,0.09622504486493767
F001470,0.1020902318637188,0.7766331658291458,0.7083333333333334,0.6291528696058958
F001471,0.0,0.34723618090452263,0.5277777777777778,0.41943524640393054
F001472,0.0,0.34723618090452263,0.19444444444444442,0.3469443332443554
F001473,0.0,0.34723618090452263,0.4861111111111111,0.4589642122738419
F001474,0.15048400847344884,0.8301507537688442,0.6388888888888888,0.2545875386086578
F001475,0.0483797153000638,0.7306532663316583,0.6805555555555556,0.6254627916220946
F001476,0.0,0.34723618090452263,0.5694444444444444,0.42763345328724034
F001477,0.0,0.34723618090452263,0.055555555555555525,0.1924500897298752
F001478,0.3009680169468978,0.9314070351758794,0.7777777777777778,0.5091750772173156
F001479,0.0,0.34723618090452263,0.08333333333333331,0.28867513459481287
F001480,0.25,0.9072864321608041,0.75,0.5
F001481,0.0483797153000638,0.7306532663316583,0.6805555555555556,0.6254627916220946
F001482,0.0,0.34723618090452263,0.1111111111111111,0.3849001794597505
F001483,0.0,0.34723618090452263,0.4027777777777778,0.17347216662217774
F001484,0.0,0.34723618090452263,0.3611111111111111,0.7515416254704824
F001485,0.0,0.34723618090452263,0.4722222222222222,0.9179284245476838
F001486,0.0,0.34723618090452263,0.5,0.0
F001487,0.3779915320718537,0.9507537688442211,0.8333333333333333,0.5773502691896258
F001488,0.0,0.34723618090452263,0.4583333333333333,0.14433756729740646
F001489,0.0,0.34723618090452263,0.4583333333333333,0.14433756729740646
F001490,0.3673634106212396,0.9442211055276382,0.7361111111111112,0.2097176232019653
F001491,0.0,0.34723618090452263,0.5277777777777778,0.8221471437193746
F001492,0.14857832784080438,0.8120603015075377,0.7361111111111112,0.6472877887628358
F001493,0.061411169010459093,0.7545226130653266,0.6527777777777778,0.488288773090193
F001494,0.0,0.34723618090452263,0.3472222222222222,0.33678765702728175
F001495,0.3009680169468978,0.9314070351758794,0.7777777777777778,0.5091750772173156
F001496,0.0,0.34723618090452263,0.3055555555555556,0.7876359377087682
F001497,0.0,0.34723618090452263,0.33333333333333337,0.7637626158259733
F001498,0.0,0.34723618090452263,0.3611111111111111,0.2545875386086578
F001499,0.0,0.34723618090452263,0.33333333333333337,0.5773502691896258
F001500,0.0,0.34723618090452263,0.2777777777777778,0.0962250448649376
F001501,0.1564584167334001,0.8437185929648241,0.7083333333333334,0.5204164998665332
F001502,0.0,0.34723618090452263,0.3194444444444444,0.37577081273524116
F001503,0.0,0.34723618090452263,0.25,0.5
F001504,0.0,0.34723618090452263,0.625,0.6614378277661477
F001505,0.1564584167334001,0.8437185929648241,0.7083333333333334,0.5204164998665332
F001506,0.29746422645894666,0.9216080402010051,0.6805555555555556,0.1272937693043289
F001507,0.0,0.34723618090452263,0.1111111111111111,0.3849001794597505
F001508,0.0,0.34723618090452263,0.5972222222222222,0.393817968854384
F001509,0.0,0.34723618090452263,0.29166666666666663,0.8036375634160796
F001510,0.0,0.34723618090452263,0.3888888888888889,0.6309898162000305
F001511,0.0,0.34723618090452263,0.3055555555555556,0.3469443332443555
F001512,0.0,0.34723618090452263,0.25,0.5
F001513,0.0,0.34723618090452263,0.33333333333333337,1.1547005383792517
F001514,0.0,0.34723618090452263,0.2222222222222222,0.5091750772173156
F001515,0.125,0.7962311557788945,0.625,0.25
F001516,0.0,0.34723618090452263,0.5972222222222222,0.393817968854384
F001517,0.0,0.34723618090452263,0.3472222222222222,0.488288773090193
F001518,0.0,0.34723618090452263,0.20833333333333331,0.3818813079129867
F001519,0.0,0.34723618090452263,0.6111111111111112,0.6309898162000305
F001520,0.0,0.34723618090452263,0.3611111111111111,0.7515416254704824
F001521,0.0,0.34723618090452263,0.5694444444444444,0.47385339192311066
F001522,0.0,0.34723618090452263,0.4444444444444444,1.0183501544346312
F001523,0.0,0.34723618090452263,0.19444444444444442,0.3469443332443554
F001524,0.0,0.34723618090452263,0.29166666666666663,0.5204164998665332
F001525,0.0,0.34723618090452263,0.5277777777777778,0.5853140973807078
F001526,0.0,0.34723618090452263,0.4305555555555555,0.9871864246620478
F001527,0.0,0.34723618090452263,0.33333333333333337,1.1547005383792517
F001528,0.0,0.34723618090452263,0.5,0.5
F001529,0.0,0.34723618090452263,0.2222222222222222,0.5091750772173156
F001530,0.0,0.34723618090452263,0.33333333333333337,0.5773502691896258
F001531,0.0483797153000638,0.7306532663316583,0.6805555555555556,0.6254627916220946
F001532,0.0,0.34723618090452263,0.4027777777777778,0.393817968854384
F001533,0.18985690583578663,0.8683417085427135,0.7222222222222222,0.5091750772173156
F001534,0.0,0.34723618090452263,0.5,0.0
F001535,0.18985690583578663,0.8683417085427135,0.7222222222222222,0.5091750772173156
F001536,0.0,0.34723618090452263,0.19444444444444442,0.3469443332443554
F001537,0.0,0.34723618090452263,0.3888888888888889,0.693888666488711
F001538,0.0,0.34723618090452263,0.6388888888888888,0.7515416254704823
F001539,0.7188194722444669,0.9972361809045226,0.9027777777777779,0.17347216662217768
F001540,0.044658198738520394,0.7221105527638191,0.6666666666666666,0.5773502691896258
F001541,0.052101231861607145,0.742713567839196,0.6944444444444444,0.6735753140545634
F001542,0.0,0.34723618090452263,0.25,0.5
F001543,0.0483797153000638,0.7306532663316583,0.6805555555555556,0.6254627916220946
F001544,0.0,0.34723618090452263,0.3611111111111111,0.2545875386086578
F001545,0.0,0.34723618090452263,0.20833333333333331,0.7216878364870323
F001546,0.15048400847344884,0.8301507537688442,0.6388888888888888,0.2545875386086578
F001547,0.0,0.34723618090452263,0.375,1.0897247358851685
F001548,0.17065537609580494,0.849748743718593,0.7777777777777777,0.769800358919501
F001549,0.5260506159308034,0.9814070351758793,0.8472222222222221,0.33678765702728175
F001550,0.0,0.34723618090452263,0.4027777777777778,0.393817968854384
F001551,0.4510034825212683,0.9756281407035176,0.8194444444444444,0.3757708127352412
F001552,0.0483797153000638,0.7306532663316583,0.6805555555555556,0.6254627916220946
F001553,0.43763894448893326,0.9698492462311558,0.8055555555555556,0.34694433324435553
F001554,0.125,0.7962311557788945,0.625,0.25
F001555,0.0,0.34723618090452263,0.2361111111111111,0.20971762320196524
F001556,0.0,0.34723618090452263,0.375,0.25
F001557,0.0,0.34723618090452263,0.26388888888888884,0.2097176232019653
F001558,0.0,0.34723618090452263,0.5555555555555556,0.5357583756107197
F001559,0.0,0.34723618090452263,0.6944444444444444,0.787635937708768
F001560,0.0,0.34723618090452263,0.2222222222222222,0.5091750772173156
F001561,0.0,0.34723618090452263,0.2222222222222222,0.5091750772173156
F001562,0.0,0.34723618090452263,0.6111111111111112,0.693888666488711
F001563,0.0,0.34723618090452263,0.3194444444444444,0.37577081273524116
F001564,0.0,0.34723618090452263,0.20833333333333331,0.5204164998665333
F001565,0.0,0.34723618090452263,0.5972222222222222,0.393817968854384
F001566,0.32224099184793414,0.9381909547738694,0.7638888888888888,0.4110735718596873
F001567,0.0,0.34723618090452263,0.3194444444444444,0.1272937693043289
F001568,0.18985690583578663,0.8683417085427135,0.7222222222222222,0.5091750772173156
F001569,0.0,0.34723618090452263,0.4861111111111111,0.2926570486903539
F001570,0.3673634106212396,0.9442211055276382,0.7361111111111112,0.2097176232019653
F001571,0.0,0.34723618090452263,0.20833333333333331,0.5204164998665333
F001572,0.0,0.34723618090452263,0.4166666666666667,1.0408329997330665
F001573,0.3963319220119756,0.9587939698492463,0.7222222222222222,0.09622504486493767
F001574,0.0,0.34723618090452263,0.2777777777777778,0.5091750772173156
F001575,0.0,0.34723618090452263,0.33333333333333337,0.2886751345948129
F001576,0.0,0.34723618090452263,0.5555555555555556,1.0183501544346312
F001577,0.0,0.34723618090452263,0.125,0.25
F001578,0.0,0.34723618090452263,0.33333333333333337,0.5773502691896258
F001579,0.0,0.34723618090452263,0.3194444444444444,0.6254627916220946
F001580,0.0,0.34723618090452263,0.09722222222222215,0.17347216662217768
F001581,0.0,0.34723618090452263,0.33333333333333337,1.1547005383792517
F001582,0.0,0.34723618090452263,0.29166666666666663,0.38188130791298663
F001583,0.0,0.34723618090452263,0.33333333333333337,0.5773502691896258
F001584,0.0,0.34723618090452263,0.19444444444444442,0.3469443332443554
F001585,0.18899576603592685,0.8582914572864322,0.6666666666666666,0.2886751345948129
F001586,0.0,0.34723618090452263,0.125,0.4330127018922193
F001587,0.3009680169468978,0.9314070351758794,0.7777777777777778,0.5091750772173156
F001588,0.0,0.34723618090452263,0.3472222222222222,0.5672382737961704
F001589,0.0,0.34723618090452263,0.3055555555555556,0.3469443332443555
F001590,0.1564584167334001,0.8437185929648241,0.7083333333333334,0.5204164998665332
F001591,0.32312508340006674,0.9417085427135679,0.7916666666666667,0.5204164998665333
F001592,0.0,0.34723618090452263,0.6111111111111112,0.6309898162000305
F001593,0.0,0.34723618090452263,0.4444444444444444,0.5357583756107198
F001594,0.021936418657470313,0.7055276381909548,0.6527777777777778,0.5672382737961704
F001595,0.0,0.34723618090452263,0.2777777777777778,0.5091750772173156
F001596,0.42291896617679514,0.9630653266331658,0.7638888888888888,0.2097176232019653
F001597,0.0,0.34723618090452263,0.4305555555555555,0.47385339192311066
F001598,0.0,0.34723618090452263,0.1111111111111111,0.3849001794597505
F001599,0.21541672226671116,0.879145728643216,0.6944444444444444,0.3469443332443555
F001600,0.0,0.34723618090452263,0.29166666666666663,0.5204164998665332
F001601,0.0,0.34723618090452263,0.4027777777777778,0.17347216662217774
F001602,0.0,0.34723618090452263,0.4444444444444444,0.1924500897298753
F001603,0.061411169010459093,0.7545226130653266,0.6527777777777778,0.488288773090193
F001604,0.0,0.34723618090452263,0.4027777777777778,0.393817968854384
F001605,0.5949284529178934,0.9922110552763819,0.8611111111111112,0.2545875386086578
F001606,0.0,0.34723618090452263,0.6111111111111112,0.6309898162000305
F001607,0.0,0.34723618090452263,0.36111111111111116,0.8552669065744807
F001608,0.0,0.34723618090452263,0.5972222222222222,0.393817968854384
F001609,0.0,0.34723618090452263,0.375,0.25
F001610,0.125,0.7962311557788945,0.625,0.25
F001611,0.14857832784080438,0.8120603015075377,0.7361111111111112,0.6472877887628358
F001612,0.18985690583578663,0.8683417085427135,0.7222222222222222,0.5091750772173156
F001613,0.0,0.34723618090452263,0.3472222222222222,0.488288773090193
F001614,0.0,0.34723618090452263,0.3888888888888889,0.693888666488711
F001615,0.0,0.34723618090452263,0.3472222222222222,0.488288773090193
F001616,0.0,0.34723618090452263,0.5972222222222222,0.393817968854384
F001617,0.0,0.34723618090452263,0.4583333333333333,0.14433756729740646
F001618,0.0,0.34723618090452263,0.055555555555555525,0.1924500897298752
F001619,0.0,0.34723618090452263,0.375,0.25
F001620,0.0,0.34723618090452263,0.5972222222222222,0.6364688465216444
F001621,0.0,0.34723618090452263,0.33333333333333337,0.2886751345948129
F001622,0.0,0.34723618090452263,0.2777777777777778,0.5091750772173156
F001623,0.0,0.34723618090452263,0.4583333333333333,0.3818813079129867
F001624,0.0,0.34723618090452263,0.5416666666666666,0.3818813079129867
F001625,0.0,0.34723618090452263,0.4166666666666667,0.7637626158259733
F001626,0.3009680169468978,0.9314070351758794,0.7777777777777778,0.5091750772173156
F001627,0.0,0.34723618090452263,0.375,0.4330127018922193
F001628,0.3779915320718537,0.9507537688442211,0.8333333333333333,0.5773502691896258
F001629,0.0669872981077807,0.7638190954773869,0.75,0.8660254037844386
F001630,0.22248941508981723,0.8891959798994975,0.7916666666666667,0.7216878364870323
F001631,0.0,0.34723618090452263,0.5972222222222222,0.393817968854384
F001632,0.0,0.34723618090452263,0.3472222222222222,0.6988747569671736
F001633,0.15048400847344884,0.8301507537688442,0.6388888888888888,0.2545875386086578
F001634,0.0,0.34723618090452263,0.4583333333333333,0.14433756729740646
F001635,0.0,0.34723618090452263,0.5972222222222222,0.8832285053102581
F001636,0.0,0.34723618090452263,0.4166666666666667,0.2886751345948129
F001637,0.0,0.34723618090452263,0.2361111111111111,0.20971762320196524
F001638,0.0,0.34723618090452263,0.15277777777777773,0.33678765702728164
F001639,0.25,0.9072864321608041,0.75,0.5
F001640,0.15048400847344884,0.8301507537688442,0.6388888888888888,0.2545875386086578
F001641,0.0,0.34723618090452263,0.2777777777777778,0.5091750772173156
F001642,0.0,0.34723618090452263,0.3194444444444444,0.37577081273524116
F001643,0.0,0.34723618090452263,0.1111111111111111,0.3849001794597505
F001644,0.0,0.34723618090452263,0.5694444444444444,0.9871864246620478
F001645,0.0,0.34723618090452263,0.33333333333333337,0.5773502691896258
F001646,0.0,0.34723618090452263,0.2777777777777778,0.5091750772173156
F001647,0.0,0.34723618090452263,0.6666666666666666,0.7637626158259733
F001648,0.0,0.34723618090452263,0.25,0.5
F001649,0.3009680169468978,0.9314070351758794,0.7777777777777778,0.5091750772173156
F001650,0.0,0.34723618090452263,0.5555555555555556,0.6735753140545634
F001651,0.14857832784080438,0.8120603015075377,0.7361111111111112,0.6472877887628358
F001652,0.0,0.34723618090452263,0.2222222222222222,0.5091750772173156
F001653,0.0,0.34723618090452263,0.3472222222222222,0.488288773090193
F001654,0.0,0.34723618090452263,0.33333333333333337,0.5773502691896258
F001655,0.0,0.34723618090452263,0.2777777777777778,0.5091750772173156
F001656,0.0,0.34723618090452263,0.6111111111111112,0.6309898162000305
F001657,0.15048400847344884,0.8301507537688442,0.6388888888888888,0.2545875386086578
F001658,0.2666854362923786,0.9155778894472362,0.7361111111111112,0.4110735718596873
F001659,0.7188194722444669,0.9972361809045226,0.9027777777777779,0.17347216662217768
F001660,0.0,0.34723618090452263,0.25,0.8660254037844386
F001661,0.0,0.34723618090452263,0.1111111111111111,0.3849001794597505
F001662,0.5260506159308034,0.9814070351758793,0.8472222222222221,0.33678765702728175
F001663,0.0,0.34723618090452263,0.3194444444444444,0.6254627916220946
F001664,0.0,0.34723618090452263,0.5138888888888888,0.29265704869035386
F001665,0.0,0.34723618090452263,0.6527777777777778,0.6684005230842202
F001666,0.15048400847344884,0.8301507537688442,0.6388888888888888,0.2545875386086578
F001667,0.0,0.34723618090452263,0.5277777777777778,0.9179284245476838
F001668,0.0,0.34723618090452263,0.2222222222222222,0.5091750772173156
F001669,0.0,0.34723618090452263,0.29166666666666663,0.8036375634160796
F001670,0.1732257047434905,0.8535175879396985,0.6805555555555556,0.3757708127352412
F001671,0.125,0.7962311557788945,0.625,0.25
F001672,0.0,0.34723618090452263,0.625,0.6614378277661477
F001673,0.0,0.34723618090452263,0.4027777777777778,0.393817968854384
F001674,0.0,0.34723618090452263,0.1111111111111111,0.3849001794597505
F001675,0.18985690583578663,0.8683417085427135,0.7222222222222222,0.5091750772173156
F001676,0.0,0.34723618090452263,0.6666666666666666,0.7637626158259733
F001677,0.0,0.34723618090452263,0.3472222222222222,0.33678765702728175
F001678,0.15048400847344884,0.8301507537688442,0.6388888888888888,0.2545875386086578
F001679,0.15048400847344884,0.8301507537688442,0.6388888888888888,0.2545875386086578
F001680,0.0,0.34723618090452263,0.4444444444444444,0.5357583756107198
F001681,0.0,0.34723618090452263,0.5555555555555556,0.5357583756107197
F001682,0.052101231861607145,0.742713567839196,0.6944444444444444,0.6735753140545634
F001683,0.15048400847344884,0.8301507537688442,0.6388888888888888,0.2545875386086578
F001684,0.0,0.34723618090452263,0.08333333333333331,0.28867513459481287
F001685,0.0,0.34723618090452263,0.6666666666666666,0.7637626158259733
F001686,0.29746422645894666,0.9216080402010051,0.6805555555555556,0.1272937693043289
F001687,0.0,0.34723618090452263,0.2222222222222222,0.5091750772173156
F001688,0.0,0.34723618090452263,0.4027777777777778,0.17347216662217774
F001689,0.0,0.34723618090452263,0.6388888888888888,0.7515416254704823
F001690,0.0,0.34723618090452263,0.3888888888888889,1.0715167512214396
F001691,0.0,0.34723618090452263,0.3194444444444444,0.37577081273524116
F001692,0.0,0.34723618090452263,0.13888888888888884,0.2545875386086578
F001693,0.0,0.34723618090452263,0.13888888888888884,0.2545875386086578
F001694,0.15048400847344884,0.8301507537688442,0.6388888888888888,0.2545875386086578
F001695,0.0,0.34723618090452263,0.4305555555555555,0.42763345328724034
F001696,0.0,0.34723618090452263,0.33333333333333337,0.2886751345948129
F001697,0.0,0.34723618090452263,0.055555555555555525,0.1924500897298752
F001698,0.0,0.34723618090452263,0.4305555555555555,0.9871864246620478
F001699,0.0,0.34723618090452263,0.5972222222222222,0.393817968854384
F001700,0.14857832784080438,0.8120603015075377,0.7361111111111112,0.6472877887628358
F001701,0.22248941508981723,0.8891959798994975,0.7916666666666667,0.7216878364870323
F001702,0.0,0.34723618090452263,0.5555555555555556,1.0183501544346312
F001703,0.0,0.34723618090452263,0.6527777777777778,0.9292071490932073
F001704,0.25,0.9072864321608041,0.75,0.5
F001705,0.0,0.34723618090452263,0.4861111111111111,0.2926570486903539
F001706,0.0,0.34723618090452263,0.625,0.6614378277661477
F001707,0.22248941508981723,0.8891959798994975,0.7916666666666667,0.7216878364870323
F001708,0.1020902318637188,0.7766331658291458,0.7083333333333334,0.6291528696058958
F001709,0.0,0.34723618090452263,0.25,0.5
F001710,0.0,0.34723618090452263,0.3888888888888889,0.6309898162000305
F001711,0.0,0.34723618090452263,0.625,0.6614378277661477
F001712,0.0,0.34723618090452263,0.2361111111111111,0.20971762320196524
F001713,0.0,0.34723618090452263,0.055555555555555525,0.1924500897298752
F001714,0.0,0.34723618090452263,0.3194444444444444,0.37577081273524116
F001715,0.0,0.34723618090452263,0.5694444444444444,0.42763345328724034
F001716,0.0,0.34723618090452263,0.5416666666666666,0.3818813079129867
F001717,0.0,0.34723618090452263,0.25,0.5
F001718,0.0,0.34723618090452263,0.2777777777777778,0.0962250448649376
F001719,0.0,0.34723618090452263,0.375,1.0897247358851685
F001720,0.0,0.34723618090452263,0.5694444444444444,0.42763345328724034
F001721,0.125,0.7962311557788945,0.625,0.25
F001722,0.03349364905389035,0.7173366834170855,0.625,0.4330127018922193
F001723,0.25,0.9072864321608041,0.75,0.5
F001724,0.0,0.34723618090452263,0.3055555555555556,0.3469443332443555
F001725,0.0,0.34723618090452263,0.055555555555555525,0.1924500897298752
F001726,0.0,0.34723618090452263,0.16666666666666669,0.28867513459481287
F001727,0.0,0.34723618090452263,0.1111111111111111,0.3849001794597505
F001728,0.0,0.34723618090452263,0.4722222222222222,0.8221471437193746
F001729,0.0,0.34723618090452263,0.4444444444444444,0.1924500897298753
F001730,0.0,0.34723618090452263,0.19444444444444442,0.3469443332443554
F001731,0.0,0.34723618090452263,0.5972222222222222,0.393817968854384
F001732,0.0,0.34723618090452263,0.33333333333333337,0.2886751345948129
F001733,0.0,0.34723618090452263,0.33333333333333337,0.7637626158259733
F001734,0.0,0.34723618090452263,0.4861111111111111,0.2926570486903539
F001735,0.0,0.34723618090452263,0.26388888888888884,0.2097176232019653
F001736,0.0,0.34723618090452263,0.3888888888888889,0.6309898162000305
F001737,0.0,0.34723618090452263,0.3194444444444444,0.37577081273524116
F001738,0.0,0.34723618090452263,0.3888888888888889,0.693888666488711
F001739,0.0,0.34723618090452263,0.09722222222222215,0.17347216662217768
F001740,0.0,0.34723618090452263,0.13888888888888884,0.2545875386086578
F001741,0.0,0.34723618090452263,0.25,0.5
F001742,0.0,0.34723618090452263,0.33333333333333337,0.2886751345948129
F001743,0.0,0.34723618090452263,0.4861111111111111,0.9141379262169075
F001744,0.0,0.34723618090452263,0.625,0.6614378277661477
F001745,0.29746422645894666,0.9216080402010051,0.6805555555555556,0.1272937693043289
F001746,0.021936418657470313,0.7055276381909548,0.6527777777777778,0.5672382737961704
F001747,0.0,0.34723618090452263,0.3472222222222222,0.6988747569671736
F001748,0.0,0.34723618090452263,0.7083333333333334,1.0103629710818451
F001749,0.0,0.34723618090452263,0.19444444444444442,0.3469443332443554
F001750,0.32224099184793414,0.9381909547738694,0.7638888888888888,0.4110735718596873
F001751,0.0,0.34723618090452263,0.6388888888888888,0.8552669065744807
F001752,0.0,0.34723618090452263,0.1111111111111111,0.3849001794597505
F001753,0.0,0.34723618090452263,0.4305555555555555,0.5912165737164656
F001754,0.0,0.34723618090452263,0.26388888888888884,0.6472877887628358
F001755,0.0,0.34723618090452263,0.5694444444444444,0.42763345328724034
F001756,0.0,0.34723618090452263,0.09722222222222215,0.17347216662217768
F001757,0.0,0.34723618090452263,0.3194444444444444,0.1272937693043289
F001758,0.3009680169468978,0.9314070351758794,0.7777777777777778,0.5091750772173156
F001759,0.0,0.34723618090452263,0.08333333333333331,0.28867513459481287
F001760,0.0,0.34723618090452263,0.4305555555555555,0.9871864246620478
F001761,0.10770836113335558,0.7869346733668342,0.5972222222222222,0.17347216662217768
F001762,0.3779915320718537,0.9507537688442211,0.8333333333333333,0.5773502691896258
F001763,0.7926638440239513,0.9989949748743718,0.9444444444444444,0.1924500897298752
F001764,0.0,0.34723618090452263,0.4166666666666667,0.2886751345948129
F001765,0.15048400847344884,0.8301507537688442,0.6388888888888888,0.2545875386086578
F001766,0.5074430331230867,0.9776381909547739,0.7777777777777778,0.09622504486493767
F001767,0.0,0.34723618090452263,0.5694444444444444,0.5548606765399494
F001768,0.0,0.34723618090452263,0.25,0.5
F001769,0.0,0.34723618090452263,0.5,0.0
F001770,0.0,0.34723618090452263,0.4166666666666667,0.2886751345948129
F001771,0.21541672226671116,0.879145728643216,0.6944444444444444,0.3469443332443555
F001772,0.0,0.34723618090452263,0.5138888888888888,0.6142595663193329
F001773,0.0,0.34723618090452263,0.3888888888888889,0.3849001794597506
F001774,0.0,0.34723618090452263,0.2361111111111111,0.20971762320196524
F001775,0.0,0.34723618090452263,0.3611111111111111,0.2545875386086578
F001776,0.2666854362923786,0.9155778894472362,0.7361111111111112,0.4110735718596873
F001777,0.1564584167334001,0.8437185929648241,0.7083333333333334,0.5204164998665332
F001778,0.42291896617679514,0.9630653266331658,0.7638888888888888,0.2097176232019653
F001779,0.0,0.34723618090452263,0.7222222222222222,0.9622504486493764
F001780,0.0,0.34723618090452263,0.3888888888888889,0.3849001794597506
F001781,0.0,0.34723618090452263,0.26388888888888884,0.4110735718596873
F001782,0.0,0.34723618090452263,0.25,0.5
F001783,0.0,0.34723618090452263,0.4583333333333333,0.14433756729740646
F001784,0.0,0.34723618090452263,0.625,0.9013878188659973
F001785,0.0,0.34723618090452263,0.5,0.5
F001786,0.1564584167334001,0.8437185929648241,0.7083333333333334,0.5204164998665332
F001787,0.3673634106212396,0.9442211055276382,0.7361111111111112,0.2097176232019653
F001788,0.0,0.34723618090452263,0.19444444444444442,0.3469443332443554
F001789,0.0,0.34723618090452263,0.4722222222222222,0.5853140973807078
F001790,0.0,0.34723618090452263,0.6111111111111112,0.6309898162000305
F001791,0.0,0.34723618090452263,0.3194444444444444,0.37577081273524116
F001792,0.0,0.34723618090452263,0.5416666666666666,0.3818813079129867
F001793,0.0,0.34723618090452263,0.5694444444444444,0.42763345328724034
F001794,0.0,0.34723618090452263,0.4166666666666667,0.2886751345948129
F001795,0.0,0.34723618090452263,0.08333333333333331,0.28867513459481287
F001796,0.0,0.34723618090452263,0.4861111111111111,0.6142595663193329
F001797,0.0,0.34723618090452263,0.25,0.5
F001798,0.0,0.34723618090452263,0.4027777777777778,0.17347216662217774
F001799,0.0,0.34723618090452263,0.19444444444444442,0.3469443332443554
F001800,0.0,0.34723618090452263,0.5972222222222222,0.393817968854384
F001801,0.5223290993692602,0.9786432160804021,0.8333333333333333,0.28867513459481287
F001802,0.0,0.34723618090452263,0.1111111111111111,0.3849001794597505
F001803,0.052101231861607145,0.742713567839196,0.6944444444444444,0.6735753140545634
F001804,0.22248941508981723,0.8891959798994975,0.7916666666666667,0.7216878364870323
F001805,0.0,0.34723618090452263,0.26388888888888884,0.2097176232019653
F001806,0.0,0.34723618090452263,0.4861111111111111,0.9141379262169075
F001807,0.0,0.34723618090452263,0.4166666666666667,1.0408329997330665
F001808,0.0,0.34723618090452263,0.5,0.0
F001809,0.32224099184793414,0.9381909547738694,0.7638888888888888,0.4110735718596873
F001810,0.0,0.34723618090452263,0.3055555555555556,0.3469443332443555
F001811,0.21541672226671116,0.879145728643216,0.6944444444444444,0.3469443332443555
F001812,0.0,0.34723618090452263,0.4166666666666667,1.0408329997330665
F001813,0.0,0.34723618090452263,0.6111111111111112,0.4811252243246882
F001814,0.0,0.34723618090452263,0.4444444444444444,1.0183501544346312
F001815,0.0,0.34723618090452263,0.5972222222222222,0.393817968854384
F001816,0.0,0.34723618090452263,0.6388888888888888,0.7515416254704823
F001817,0.1564584167334001,0.8437185929648241,0.7083333333333334,0.5204164998665332
F001818,0.0,0.34723618090452263,0.3472222222222222,0.488288773090193
F001819,0.0,0.34723618090452263,0.4444444444444444,0.1924500897298753
F001820,0.0,0.34723618090452263,0.625,0.6614378277661477
F001821,0.0,0.34723618090452263,0.13888888888888884,0.2545875386086578
F001822,0.0,0.34723618090452263,0.1111111111111111,0.3849001794597505
F001823,0.0,0.34723618090452263,0.3611111111111111,0.2545875386086578
F001824,0.0,0.34723618090452263,0.5972222222222222,0.7561476438231223
F001825,0.0,0.34723618090452263,0.08333333333333331,0.28867513459481287
F001826,0.0,0.34723618090452263,0.33333333333333337,1.1547005383792517
F001827,0.0,0.34723618090452263,0.3194444444444444,0.6254627916220946
F001828,0.0,0.34723618090452263,0.5694444444444444,0.5912165737164656
F001829,0.0,0.34723618090452263,0.3888888888888889,0.6309898162000305
F001830,0.0,0.34723618090452263,0.4166666666666667,0.2886751345948129
F001831,0.3009680169468978,0.9314070351758794,0.7777777777777778,0.5091750772173156
F001832,0.29746422645894666,0.9216080402010051,0.6805555555555556,0.1272937693043289
F001833,0.0,0.34723618090452263,0.5138888888888888,0.4589642122738418
F001834,0.0669872981077807,0.7638190954773869,0.75,0.8660254037844386
F001835,0.0,0.34723618090452263,0.6111111111111112,0.6309898162000305
F001836,0.0,0.34723618090452263,0.3888888888888889,0.6309898162000305
F001837,0.0,0.34723618090452263,0.29166666666666663,0.5204164998665332
F001838,0.0,0.34723618090452263,0.09722222222222215,0.17347216662217768
F001839,0.0,0.34723618090452263,0.13888888888888884,0.2545875386086578
F001840,0.22248941508981723,0.8891959798994975,0.7916666666666667,0.7216878364870323
F001841,0.0,0.34723618090452263,0.3611111111111111,0.2545875386086578
F001842,0.0,0.34723618090452263,0.19444444444444442,0.3469443332443554
F001843,0.0,0.34723618090452263,0.4027777777777778,0.393817968854384
F001844,0.3963319220119756,0.9587939698492463,0.7222222222222222,0.09622504486493767
F001845,0.1020902318637188,0.7766331658291458,0.7083333333333334,0.6291528696058958
F001846,0.0,0.34723618090452263,0.4027777777777778,0.393817968854384
F001847,0.0,0.34723618090452263,0.1111111111111111,0.3849001794597505
F001848,0.0,0.34723618090452263,0.5694444444444444,0.9871864246620478
F001849,0.0,0.34723618090452263,0.2777777777777778,0.5091750772173156
F001850,0.0,0.34723618090452263,0.26388888888888884,0.4110735718596873
F001851,0.0,0.34723618090452263,0.3055555555555556,0.3469443332443555
F001852,0.0,0.34723618090452263,0.26388888888888884,0.7087417123429485
F001853,0.0,0.34723618090452263,0.33333333333333337,1.1547005383792517
F001854,0.0,0.34723618090452263,0.6388888888888888,0.7515416254704823
F001855,0.0,0.34723618090452263,0.4861111111111111,0.2926570486903539
F001856,0.0,0.34723618090452263,0.16666666666666669,0.28867513459481287
F001857,0.125,0.7962311557788945,0.625,0.25
F001858,0.18899576603592685,0.8582914572864322,0.6666666666666666,0.2886751345948129
F001859,0.0,0.34723618090452263,0.2222222222222222,0.769800358919501
F001860,0.0,0.34723618090452263,0.33333333333333337,0.5773502691896258
F001861,0.0,0.34723618090452263,0.4305555555555555,0.47385339192311066
F001862,0.0,0.34723618090452263,0.3055555555555556,0.3469443332443555
F001863,0.0,0.34723618090452263,0.5,0.5
F001864,0.0,0.34723618090452263,0.33333333333333337,1.1547005383792517
F001865,0.0,0.34723618090452263,0.4166666666666667,0.7637626158259734
F001866,0.0,0.34723618090452263,0.4722222222222222,0.4194352464039305
F001867,0.0,0.34723618090452263,0.4166666666666667,0.2886751345948129
F001868,0.0,0.34723618090452263,0.33333333333333337,1.1547005383792517
F001869,0.14857832784080438,0.8120603015075377,0.7361111111111112,0.6472877887628358
F001870,0.0,0.34723618090452263,0.16666666666666669,0.5773502691896258
F001871,0.0,0.34723618090452263,0.19444444444444442,0.3469443332443554
F001872,0.18985690583578663,0.8683417085427135,0.7222222222222222,0.5091750772173156
F001873,0.0,0.34723618090452263,0.5138888888888888,0.6142595663193329
F001874,0.0,0.34723618090452263,0.4861111111111111,0.2926570486903539
F001875,0.18985690583578663,0.8683417085427135,0.7222222222222222,0.5091750772173156
F001876,0.0,0.34723618090452263,0.3055555555555556,0.3469443332443555
F001877,0.0,0.34723618090452263,0.2222222222222222,0.5091750772173156
F001878,0.0,0.34723618090452263,0.3194444444444444,0.37577081273524116
F001879,0.0,0.34723618090452263,0.0,0.0
F001880,0.0,0.34723618090452263,0.2222222222222222,0.5091750772173156
F001881,0.0,0.34723618090452263,0.3194444444444444,0.37577081273524116
F001882,0.0,0.34723618090452263,0.3611111111111111,0.7515416254704824
F001883,0.0,0.34723618090452263,0.5277777777777778,0.8221471437193746
F001884,0.0,0.34723618090452263,0.375,1.0897247358851685
F001885,0.22248941508981723,0.8891959798994975,0.7916666666666667,0.7216878364870323
F001886,0.0,0.34723618090452263,0.3611111111111111,0.2545875386086578
F001887,0.5260506159308034,0.9814070351758793,0.8472222222222221,0.33678765702728175
F001888,0.0,0.34723618090452263,0.4166666666666667,1.0408329997330665
F001889,0.1732257047434905,0.8535175879396985,0.6805555555555556,0.3757708127352412
F001890,0.21541672226671116,0.879145728643216,0.6944444444444444,0.3469443332443555
F001891,0.22572601271017337,0.8974874371859296,0.7083333333333334,0.38188130791298663
F001892,0.0,0.34723618090452263,0.0,0.0
F001893,0.0,0.34723618090452263,0.3888888888888889,0.4811252243246881
F001894,0.0,0.34723618090452263,0.5694444444444444,0.42763345328724034
F001895,0.15048400847344884,0.8301507537688442,0.6388888888888888,0.2545875386086578
F001896,0.0,0.34723618090452263,0.3472222222222222,0.9292071490932073
F001897,0.0,0.34723618090452263,0.29166666666666663,0.38188130791298663
F001898,0.0,0.34723618090452263,0.4444444444444444,0.5357583756107198
F001899,0.021936418657470313,0.7055276381909548,0.6527777777777778,0.5672382737961704
F001900,0.0,0.34723618090452263,0.625,0.6614378277661477
F001901,0.0,0.34723618090452263,0.6666666666666666,0.7637626158259733
F001902,0.22572601271017337,0.8974874371859296,0.7083333333333334,0.38188130791298663
F001903,0.11785136605074786,0.7894472361809045,0.736111111111111,0.7087417123429486
F001904,0.0,0.34723618090452263,0.5416666666666666,0.3818813079129867
F001905,0.0,0.34723618090452263,0.3055555555555556,0.6735753140545634
F001906,0.0,0.34723618090452263,0.6388888888888888,0.8552669065744807
F001907,0.125,0.7962311557788945,0.625,0.25
F001908,0.0,0.34723618090452263,0.19444444444444442,0.3469443332443554
F001909,0.0,0.34723618090452263,0.1111111111111111,0.3849001794597505
F001910,0.0,0.34723618090452263,0.375,0.25
F001911,0.15048400847344884,0.8301507537688442,0.6388888888888888,0.2545875386086578
F001912,0.0,0.34723618090452263,0.5,0.5
F001913,0.0,0.34723618090452263,0.5972222222222222,0.393817968854384
F001914,0.15048400847344884,0.8301507537688442,0.6388888888888888,0.2545875386086578
F001915,0.0,0.34723618090452263,0.375,1.0897247358851685
F001916,0.22572601271017337,0.8974874371859296,0.7083333333333334,0.38188130791298663
F001917,0.5949284529178934,0.9922110552763819,0.8611111111111112,0.2545875386086578
F001918,0.0,0.34723618090452263,0.3888888888888889,0.6309898162000305
F001919,0.0,0.34723618090452263,0.4444444444444444,0.5357583756107198
F001920,0.0,0.34723618090452263,0.13888888888888884,0.2545875386086578
F001921,0.0,0.34723618090452263,0.3888888888888889,0.6309898162000305
F001922,0.0,0.34723618090452263,0.19444444444444442,0.3469443332443554
F001923,0.0,0.34723618090452263,0.5972222222222222,0.393817968854384
F001924,0.1371617270419147,0.8030150753768844,0.6527777777777778,0.33678765702728175
F001925,0.0,0.34723618090452263,0.5555555555555556,1.0183501544346312
F001926,0.43763894448893326,0.9698492462311558,0.8055555555555556,0.34694433324435553
F001927,0.0,0.34723618090452263,0.2222222222222222,0.5091750772173156
F001928,0.0,0.34723618090452263,0.5694444444444444,0.42763345328724034
F001929,0.0,0.34723618090452263,0.3611111111111111,0.2545875386086578
F001930,0.0,0.34723618090452263,0.625,0.6614378277661477
F001931,0.0,0.34723618090452263,0.3888888888888889,0.6309898162000305
F001932,0.18985690583578663,0.8683417085427135,0.7222222222222222,0.5091750772173156
F001933,0.43763894448893326,0.9698492462311558,0.8055555555555556,0.34694433324435553
F001934,0.0,0.34723618090452263,0.4166666666666667,0.2886751345948129
F001935,0.0,0.34723618090452263,0.3472222222222222,0.488288773090193
F001936,0.0,0.34723618090452263,0.625,0.6614378277661477
F001937,0.0,0.34723618090452263,0.4166666666666667,0.2886751345948129
F001938,0.0,0.34723618090452263,0.25,0.5
F001939,0.0,0.34723618090452263,0.3055555555555556,0.3469443332443555
F001940,0.0,0.34723618090452263,0.4027777777777778,0.393817968854384
F001941,0.0,0.34723618090452263,0.375,0.25
F001942,0.0,0.34723618090452263,0.33333333333333337,0.5773502691896258
F001943,0.0,0.34723618090452263,0.15277777777777773,0.33678765702728164
F001944,0.0,0.34723618090452263,0.25,0.5
F001945,0.044658198738520394,0.7221105527638191,0.6666666666666666,0.5773502691896258
F001946,0.061411169010459093,0.7545226130653266,0.6527777777777778,0.488288773090193
F001947,0.0,0.34723618090452263,0.4166666666666667,0.7637626158259734
F001948,0.0,0.34723618090452263,0.5277777777777778,0.8221471437193746
F001949,0.0,0.34723618090452263,0.4166666666666667,0.2886751345948129
F001950,0.0,0.34723618090452263,0.4722222222222222,0.4194352464039305
F001951,0.0,0.34723618090452263,0.3194444444444444,0.37577081273524116
F001952,0.0,0.34723618090452263,0.6388888888888888,0.8552669065744807
F001953,0.0,0.34723618090452263,0.5277777777777778,0.8221471437193746
F001954,0.32312508340006674,0.9417085427135679,0.7916666666666667,0.5204164998665333
F001955,0.0,0.34723618090452263,0.625,0.6614378277661477
F001956,0.0,0.34723618090452263,0.4861111111111111,0.6142595663193329
F001957,0.0,0.34723618090452263,0.375,1.0897247358851685
F001958,0.0,0.34723618090452263,0.19444444444444442,0.3469443332443554
F001959,0.0,0.34723618090452263,0.0,0.0
F001960,0.0,0.34723618090452263,0.5555555555555556,0.5357583756107197
F001961,0.0,0.34723618090452263,0.3472222222222222,0.6684005230842202
F001962,0.011164549684630098,0.6977386934673366,0.5416666666666666,0.14433756729740646
F001963,0.29746422645894666,0.9216080402010051,0.6805555555555556,0.1272937693043289
F001964,0.3009680169468978,0.9314070351758794,0.7777777777777778,0.5091750772173156
F001965,0.0,0.34723618090452263,0.4166666666666667,1.0408329997330665
F001966,0.0,0.34723618090452263,0.6666666666666666,0.7637626158259733
F001967,0.0,0.34723618090452263,0.3611111111111111,0.2545875386086578
F001968,0.0,0.34723618090452263,0.5277777777777778,0.41943524640393054
F001969,0.25,0.9072864321608041,0.75,0.5
F001970,0.0,0.34723618090452263,0.4583333333333333,0.3818813079129867
F001971,0.0,0.34723618090452263,0.20833333333333331,0.3818813079129867
F001972,0.0,0.34723618090452263,0.4722222222222222,0.9179284245476838
F001973,0.0,0.34723618090452263,0.29166666666666663,0.5204164998665332
F001974,0.0,0.34723618090452263,0.4166666666666667,0.7637626158259733
F001975,0.0,0.34723618090452263,0.3055555555555556,0.3469443332443555
F001976,0.22248941508981723,0.8891959798994975,0.7916666666666667,0.7216878364870323
F001977,0.0,0.34723618090452263,0.5555555555555556,0.6735753140545634
F001978,0.0,0.34723618090452263,0.5416666666666666,0.8036375634160796
F001979,0.0,0.34723618090452263,0.1111111111111111,0.3849001794597505
F001980,0.0,0.34723618090452263,0.20833333333333331,0.3818813079129867
F001981,0.0,0.34723618090452263,0.375,0.75
F001982,0.0,0.34723618090452263,0.4027777777777778,0.17347216662217774
F001983,0.0,0.34723618090452263,0.2777777777777778,0.5091750772173156
F001984,0.5853276880479024,0.9879396984924623,0.8888888888888888,0.3849001794597506
F001985,0.0,0.34723618090452263,0.2777777777777778,0.0962250448649376
F001986,0.0,0.34723618090452263,0.4861111111111111,0.2926570486903539
F001987,0.0,0.34723618090452263,0.6805555555555556,0.8988160937424132
F001988,0.0,0.34723618090452263,0.4861111111111111,0.9141379262169075
F001989,0.0483797153000638,0.7306532663316583,0.6805555555555556,0.6254627916220946
F001990,0.0,0.34723618090452263,0.625,0.6614378277661477
F001991,0.5260506159308034,0.9814070351758793,0.8472222222222221,0.33678765702728175
