feature_id,data_score,data_rank,cv_mean_oriented_auc,cv_sd_oriented_effect,relevance_scaled,confidence_scaled,agreement,reliability,text_score,condition,llm_runs,text_rank,data_rank_for_hybrid,data_uncertainty_rank,adaptive_text_weight,text_priority,adaptive_consensus
F000001,0.0,0.3552763819095477,0.6666666666666666,0.6666666666666667,0.0,1.0,1.0,1.0,0.0,real,3,0.3701005025125628,0.3552763819095477,0.7914572864321608,0.1978643216080402,0.3315096209691675,0.35820954647609904
F000002,0.0,0.3552763819095477,0.2638888888888888,0.4110735718596873,0.0,1.0,1.0,1.0,0.0,real,3,0.3701005025125628,0.3552763819095477,0.3821608040201005,0.09554020100502512,0.2557692040605035,0.3566926813716825
F000003,0.0,0.3552763819095477,0.2638888888888888,0.4110735718596873,0.0,1.0,1.0,1.0,0.0,real,3,0.3701005025125628,0.3552763819095477,0.3821608040201005,0.09554020100502512,0.2557692040605035,0.3566926813716825
F000004,0.0,0.3552763819095477,0.5555555555555556,0.5091750772173156,0.0,1.0,1.0,1.0,0.0,real,3,0.3701005025125628,0.3552763819095477,0.5258793969849246,0.13146984924623115,0.2823643657988435,0.3572253068104341
F000005,0.4730936953723087,0.97964824120603,0.7916666666666667,0.2204792759220492,0.0,1.0,1.0,1.0,0.0,real,3,0.3701005025125628,0.97964824120603,0.11256281407035176,0.02814070351758794,0.2058800282821141,0.9624951390116411
F000006,0.1706553760958049,0.857286432160804,0.7777777777777777,0.769800358919501,0.0,1.0,1.0,1.0,0.0,real,3,0.3701005025125628,0.857286432160804,0.928894472361809,0.23222361809045225,0.3569424067574051,0.744150352895129
F000007,0.1732257047434905,0.8650753768844222,0.6805555555555556,0.3757708127352411,0.0,1.0,1.0,1.0,0.0,real,3,0.3701005025125628,0.8650753768844222,0.3123115577889447,0.07807788944723618,0.24284358349536625,0.8264287833640566
F000008,0.1564584167334001,0.8407035175879397,0.7083333333333334,0.5204164998665332,0.0,1.0,1.0,1.0,0.0,real,3,0.3701005025125628,0.8407035175879397,0.5768844221105528,0.1442211055276382,0.29180285851367394,0.7728326304891291
F000009,0.3631054658256801,0.9542713567839196,0.7777777777777777,0.3849001794597506,0.0,1.0,1.0,1.0,0.0,real,3,0.3701005025125628,0.9542713567839196,0.35904522613065326,0.08976130653266332,0.2514916605641272,0.9018354176662206
F000010,0.0,0.3552763819095477,0.1944444444444444,0.3469443332443554,0.0,1.0,1.0,1.0,0.0,real,3,0.3701005025125628,0.3552763819095477,0.2562814070351759,0.06407035175879397,0.23247519002045403,0.3562261685310977
F000011,0.3231250834000667,0.93643216080402,0.7916666666666667,0.5204164998665333,0.0,1.0,1.0,1.0,0.0,real,3,0.3701005025125628,0.93643216080402,0.6005025125628141,0.15012562814070352,0.2961733920860584,0.8514112648670488
F000012,0.0,0.3552763819095477,0.3194444444444444,0.6254627916220946,0.0,1.0,1.0,1.0,0.0,real,3,0.3701005025125628,0.3552763819095477,0.7464824120603015,0.18662060301507538,0.3231870091664352,0.35804286823565057
F000013,0.0596870220248513,0.7846733668341709,0.6805555555555556,0.6028481781725197,0.25,1.0,1.0,1.0,0.25,real,3,0.8304020100502513,0.7846733668341709,0.7364321608040201,0.18410804020100502,0.7209683783237797,0.7930923777177344
F000014,0.0,0.3552763819095477,0.375,0.5464532103585,0.0,1.0,1.0,1.0,0.0,real,3,0.3701005025125628,0.3552763819095477,0.642462311557789,0.16061557788944725,0.3039380634327416,0.3576573666069038
F000015,0.5260506159308034,0.9871859296482411,0.8472222222222221,0.3367876570272817,0.0,1.0,1.0,1.0,0.0,real,3,0.3701005025125628,0.9871859296482411,0.2379396984924623,0.059484924623115575,0.22908105224615538,0.9504786495290523
F000016,0.4376389444889332,0.9701005025125627,0.8055555555555556,0.3469443332443555,0.0,1.0,1.0,1.0,0.0,real,3,0.3701005025125628,0.9701005025125627,0.27889447236180903,0.06972361809045226,0.2366597434408222,0.9282663316582913
F000017,0.3519409161410501,0.9477386934673366,0.736111111111111,0.2405626121623441,0.0,1.0,1.0,1.0,0.0,real,3,0.3701005025125628,0.9477386934673366,0.13442211055276382,0.033605527638190955,0.20992509658847,0.9283268572763314
F000018,0.0,0.3552763819095477,0.2638888888888888,0.4110735718596873,0.0,1.0,1.0,1.0,0.0,real,3,0.3701005025125628,0.3552763819095477,0.3821608040201005,0.09554020100502512,0.2557692040605035,0.3566926813716825
F000019,0.1504840084734488,0.8311557788944723,0.6388888888888888,0.2545875386086578,0.0,1.0,1.0,1.0,0.0,real,3,0.3701005025125628,0.8311557788944723,0.15100502512562813,0.037751256281407033,0.21299376909673998,0.8137503629958839
F000020,0.1666666666666666,0.8492462311557789,0.6666666666666666,0.3333333333333333,0.0,1.0,1.0,1.0,0.0,real,3,0.3701005025125628,0.8492462311557789,0.2020100502512563,0.05050251256281407,0.22243226181157041,0.8250481679755562
F000021,0.0,0.3552763819095477,0.6666666666666666,0.6666666666666667,0.0,1.0,1.0,1.0,0.0,real,3,0.3701005025125628,0.3552763819095477,0.7914572864321608,0.1978643216080402,0.3315096209691675,0.35820954647609904
F000022,0.0,0.3552763819095477,0.4861111111111111,0.2926570486903539,0.25,1.0,1.0,1.0,0.25,real,3,0.8304020100502513,0.3552763819095477,0.18266331658291457,0.04566582914572864,0.49104299765157444,0.3769733876669781
F000023,0.0,0.3552763819095477,0.6666666666666666,0.6666666666666667,0.0,1.0,1.0,1.0,0.0,real,3,0.3701005025125628,0.3552763819095477,0.7914572864321608,0.1978643216080402,0.3315096209691675,0.35820954647609904
F000024,0.0,0.3552763819095477,0.2083333333333333,0.5204164998665333,0.0,1.0,1.0,1.0,0.0,real,3,0.3701005025125628,0.3552763819095477,0.6005025125628141,0.15012562814070352,0.2961733920860584,0.3575018623267089
F000025,0.0,0.3552763819095477,0.375,0.6614378277661477,0.0,1.0,1.0,1.0,0.0,real,3,0.3701005025125628,0.3552763819095477,0.7658291457286432,0.1914572864321608,0.3267671270927502,0.358114567813944
F000026,0.1898569058357866,0.8753768844221106,0.7222222222222222,0.5091750772173156,0.0,1.0,1.0,1.0,0.0,real,3,0.3701005025125628,0.8753768844221106,0.5258793969849246,0.13146984924623115,0.2823643657988435,0.8089482746647811
F000027,0.0,0.3552763819095477,0.3194444444444444,0.6254627916220946,0.0,1.0,1.0,1.0,0.0,real,3,0.3701005025125628,0.3552763819095477,0.7464824120603015,0.18662060301507538,0.3231870091664352,0.35804286823565057
F000028,0.0,0.3552763819095477,0.6388888888888888,0.8552669065744807,0.0,1.0,1.0,1.0,0.0,real,3,0.3701005025125628,0.3552763819095477,0.9580402010050251,0.23951005025125627,0.36233583116587964,0.35882690778010656
F000029,0.1178513660507478,0.8060301507537688,0.736111111111111,0.7087417123429486,0.0,1.0,1.0,1.0,0.0,real,3,0.3701005025125628,0.8060301507537688,0.8869346733668342,0.22173366834170855,0.34917773541072195,0.7093698707103355
F000030,0.0,0.3552763819095477,0.3055555555555556,0.3469443332443555,0.25,1.0,1.0,1.0,0.25,real,3,0.8304020100502513,0.3552763819095477,0.27889447236180903,0.06972361809045226,0.5309982702457009,0.3884038597510163
F000031,0.5853276880479024,0.9934673366834172,0.8888888888888888,0.3849001794597506,0.0,1.0,1.0,1.0,0.0,real,3,0.3701005025125628,0.9934673366834172,0.35904522613065326,0.08976130653266332,0.2514916605641272,0.9375131151991113
F000032,0.0,0.3552763819095477,0.5972222222222222,0.5023094811118091,0.0,1.0,1.0,1.0,0.0,real,3,0.3701005025125628,0.3552763819095477,0.48391959798994977,0.12097989949748744,0.2745996944521603,0.35706980253023907
F000033,0.0,0.3552763819095477,0.0416666666666666,0.1443375672974064,0.0,1.0,1.0,1.0,0.0,real,3,0.3701005025125628,0.3552763819095477,0.02864321608040201,0.007160804020100503,0.19035068558874776,0.3553825345319562
F000034,0.0,0.3552763819095477,0.2361111111111111,0.4110735718596873,0.0,1.0,1.0,1.0,0.0,real,3,0.3701005025125628,0.3552763819095477,0.3821608040201005,0.09554020100502512,0.2557692040605035,0.3566926813716825
F000035,0.0,0.3552763819095477,0.4444444444444444,0.5091750772173156,0.0,1.0,1.0,1.0,0.0,real,3,0.3701005025125628,0.3552763819095477,0.5258793969849246,0.13146984924623115,0.2823643657988435,0.3572253068104341
F000036,0.0,0.3552763819095477,0.3333333333333333,0.6666666666666666,0.0,1.0,1.0,1.0,0.0,real,3,0.3701005025125628,0.3552763819095477,0.7771356783919598,0.19428391959798996,0.32885940380293427,0.3581564701648948
F000037,0.4376389444889332,0.9701005025125627,0.8055555555555556,0.3469443332443555,0.0,1.0,1.0,1.0,0.0,real,3,0.3701005025125628,0.9701005025125627,0.27889447236180903,0.06972361809045226,0.2366597434408222,0.9282663316582913
F000038,0.0,0.3552763819095477,0.2638888888888888,0.7087417123429485,0.0,1.0,1.0,1.0,0.0,real,3,0.3701005025125628,0.3552763819095477,0.8801507537688442,0.22003768844221105,0.3479223693846115,0.3585382471402237
F000039,0.1666666666666666,0.8492462311557789,0.6666666666666666,0.3333333333333333,0.0,1.0,1.0,1.0,0.0,real,3,0.3701005025125628,0.8492462311557789,0.2020100502512563,0.05050251256281407,0.22243226181157041,0.8250481679755562
F000040,1.0,0.999748743718593,1.0,0.0,0.0,1.0,1.0,1.0,0.0,real,3,0.3701005025125628,0.999748743718593,0.0007537688442211055,0.00018844221105527637,0.1851897363702937,0.999630091411833
F000041,0.0,0.3552763819095477,0.4166666666666666,0.4409585518440984,0.0,1.0,1.0,1.0,0.0,real,3,0.3701005025125628,0.3552763819095477,0.4248743718592965,0.10621859296482412,0.26367336052119894,0.3568509791419408
F000042,0.1564584167334001,0.8407035175879397,0.7083333333333334,0.5204164998665332,0.0,1.0,1.0,1.0,0.0,real,3,0.3701005025125628,0.8407035175879397,0.5768844221105528,0.1442211055276382,0.29180285851367394,0.7728326304891291
F000043,0.0,0.3552763819095477,0.3333333333333333,0.6666666666666666,0.0,1.0,1.0,1.0,0.0,real,3,0.3701005025125628,0.3552763819095477,0.7771356783919598,0.19428391959798996,0.32885940380293427,0.3581564701648948
F000044,0.5853276880479024,0.9934673366834172,0.8888888888888888,0.3849001794597506,0.0,1.0,1.0,1.0,0.0,real,3,0.3701005025125628,0.9934673366834172,0.35904522613065326,0.08976130653266332,0.2514916605641272,0.9375131151991113
F000045,0.0098985899724178,0.7160804020100503,0.6388888888888888,0.5357583756107198,0.0,1.0,1.0,1.0,0.0,real,3,0.3701005025125628,0.7160804020100503,0.6336683417085427,0.15841708542713567,0.3023107371025984,0.6612712747152851
F000046,0.1178513660507478,0.8060301507537688,0.736111111111111,0.7087417123429486,0.0,1.0,1.0,1.0,0.0,real,3,0.3701005025125628,0.8060301507537688,0.8869346733668342,0.22173366834170855,0.34917773541072195,0.7093698707103355
F000047,0.0,0.3552763819095477,0.3333333333333333,0.6666666666666666,0.0,1.0,1.0,1.0,0.0,real,3,0.3701005025125628,0.3552763819095477,0.7771356783919598,0.19428391959798996,0.32885940380293427,0.3581564701648948
F000048,0.4166666666666666,0.9655778894472362,0.75,0.1666666666666667,0.0,1.0,1.0,1.0,0.0,real,3,0.3701005025125628,0.9655778894472362,0.04246231155778894,0.010615577889447236,0.19290791267897275,0.9592565528648267
F000049,0.0,0.3552763819095477,0.2777777777777778,0.5091750772173156,0.0,1.0,1.0,1.0,0.0,real,3,0.3701005025125628,0.3552763819095477,0.5258793969849246,0.13146984924623115,0.2823643657988435,0.3572253068104341
F000050,0.0,0.3552763819095477,0.1944444444444444,0.3469443332443554,0.0,1.0,1.0,1.0,0.0,real,3,0.3701005025125628,0.3552763819095477,0.2562814070351759,0.06407035175879397,0.23247519002045403,0.3562261685310977
F000051,0.0,0.3552763819095477,0.4166666666666667,0.2886751345948129,0.0,1.0,1.0,1.0,0.0,real,3,0.3701005025125628,0.3552763819095477,0.17185929648241205,0.04296482412060301,0.2168528572510795,0.35591329764399887
F000052,0.2666854362923786,0.9085427135678392,0.7361111111111112,0.4110735718596873,0.0,1.0,1.0,1.0,0.0,real,3,0.3701005025125628,0.9085427135678392,0.3821608040201005,0.09554020100502512,0.2557692040605035,0.8570998364940279
F000053,0.0,0.3552763819095477,0.5138888888888888,0.5548606765399495,0.0,1.0,1.0,1.0,0.0,real,3,0.3701005025125628,0.3552763819095477,0.6620603015075377,0.16551507537688442,0.3075646763970607,0.35772999734855176
F000054,0.3009680169468978,0.9190954773869346,0.7777777777777778,0.5091750772173156,0.0,1.0,1.0,1.0,0.0,real,3,0.3701005025125628,0.9190954773869346,0.5258793969849246,0.13146984924623115,0.2823643657988435,0.8469191908032625
F000055,0.0,0.3552763819095477,0.625,0.5464532103585001,0.0,1.0,1.0,1.0,0.0,real,3,0.3701005025125628,0.3552763819095477,0.6507537688442211,0.16268844221105527,0.3054723996868766,0.357688094997601
F000056,0.5853276880479024,0.9934673366834172,0.8888888888888888,0.3849001794597506,0.0,1.0,1.0,1.0,0.0,real,3,0.3701005025125628,0.9934673366834172,0.35904522613065326,0.08976130653266332,0.2514916605641272,0.9375131151991113
F000057,0.0,0.3552763819095477,0.2777777777777778,0.5091750772173156,0.0,1.0,1.0,1.0,0.0,real,3,0.3701005025125628,0.3552763819095477,0.5258793969849246,0.13146984924623115,0.2823643657988435,0.3572253068104341
F000058,0.0,0.3552763819095477,0.1944444444444444,0.3469443332443554,0.5,1.0,1.0,1.0,0.5,real,3,0.9587939698492463,0.3552763819095477,0.2562814070351759,0.06407035175879397,0.6022575187495265,0.3939439660614631
F000059,0.0,0.3552763819095477,0.2222222222222222,0.5091750772173156,0.0,1.0,1.0,1.0,0.0,real,3,0.3701005025125628,0.3552763819095477,0.5258793969849246,0.13146984924623115,0.2823643657988435,0.3572253068104341
F000060,0.0,0.3552763819095477,0.2222222222222222,0.5091750772173156,0.0,1.0,1.0,1.0,0.0,real,3,0.3701005025125628,0.3552763819095477,0.5258793969849246,0.13146984924623115,0.2823643657988435,0.3572253068104341
F000061,0.1732257047434905,0.8628140703517588,0.6805555555555556,0.3757708127352412,0.0,1.0,1.0,1.0,0.0,real,3,0.3701005025125628,0.8628140703517588,0.32437185929648243,0.08109296482412061,0.24507534531956263,0.8228584663266079
F000062,0.4510034825212683,0.9751256281407036,0.8194444444444444,0.3757708127352412,0.0,1.0,1.0,1.0,0.0,real,3,0.3701005025125628,0.9751256281407036,0.32437185929648243,0.08109296482412061,0.24507534531956263,0.9260623469104315
F000063,0.0180098182154157,0.7331658291457287,0.625,0.4639803635691685,0.0,1.0,1.0,1.0,0.0,real,3,0.3701005025125628,0.7331658291457287,0.4407035175879397,0.11017587939698492,0.2666025479154567,0.6931647875053661
F000064,0.0,0.3552763819095477,0.6527777777777778,0.6684005230842202,0.0,1.0,1.0,1.0,0.0,real,3,0.3701005025125628,0.3552763819095477,0.8040201005025126,0.20100502512562815,0.33383437286937195,0.3582561046438221
F000065,0.0,0.3552763819095477,0.1944444444444444,0.3469443332443554,0.25,1.0,1.0,1.0,0.25,real,3,0.8304020100502513,0.3552763819095477,0.2562814070351759,0.06407035175879397,0.5216093027953839,0.3857178480341405
F000066,0.7188194722444669,0.9969849246231156,0.902777777777778,0.1734721666221776,0.0,1.0,1.0,1.0,0.0,real,3,0.3701005025125628,0.9969849246231156,0.04874371859296482,0.012185929648241205,0.19407028862907505,0.9893457551576981
F000067,0.1666666666666666,0.8492462311557789,0.6666666666666666,0.3333333333333333,0.0,1.0,1.0,1.0,0.0,real,3,0.3701005025125628,0.8492462311557789,0.2020100502512563,0.05050251256281407,0.22243226181157041,0.8250481679755562
F000068,0.0,0.3552763819095477,0.375,0.6614378277661477,0.0,1.0,1.0,1.0,0.0,real,3,0.3701005025125628,0.3552763819095477,0.7658291457286432,0.1914572864321608,0.3267671270927502,0.358114567813944
F000069,0.0,0.3552763819095477,0.6666666666666666,0.6666666666666667,0.0,1.0,1.0,1.0,0.0,real,3,0.3701005025125628,0.3552763819095477,0.7914572864321608,0.1978643216080402,0.3315096209691675,0.35820954647609904
F000070,0.0,0.3552763819095477,0.4027777777777778,0.1734721666221777,0.0,1.0,1.0,1.0,0.0,real,3,0.3701005025125628,0.3552763819095477,0.0592964824120603,0.014824120603015075,0.19602308022524684,0.35549613646120043
F000071,0.0,0.3552763819095477,0.2361111111111111,0.4110735718596873,0.0,1.0,1.0,1.0,0.0,real,3,0.3701005025125628,0.3552763819095477,0.3821608040201005,0.09554020100502512,0.2557692040605035,0.3566926813716825
F000072,0.0,0.3552763819095477,0.625,0.6614378277661477,0.0,1.0,1.0,1.0,0.0,real,3,0.3701005025125628,0.3552763819095477,0.7658291457286432,0.1914572864321608,0.3267671270927502,0.358114567813944
F000073,0.0,0.3552763819095477,0.3333333333333333,0.5773502691896258,0.0,1.0,1.0,1.0,0.0,real,3,0.3701005025125628,0.3552763819095477,0.6907035175879397,0.17267587939698492,0.31286511072952705,0.35783614997096025
F000074,0.0521012318616071,0.7761306532663317,0.6944444444444444,0.6735753140545634,0.25,1.0,1.0,1.0,0.25,real,3,0.8304020100502513,0.7761306532663317,0.8233668341708543,0.20584170854271358,0.7570637420772203,0.7873019620716648
F000075,0.306427028705642,0.9263819095477388,0.7083333333333334,0.2204792759220492,0.0,1.0,1.0,1.0,0.0,real,3,0.3701005025125628,0.9263819095477388,0.11256281407035176,0.02814070351758794,0.2058800282821141,0.9107277594000154
F000076,0.0,0.3552763819095477,0.5416666666666666,0.3632415786283894,0.0,1.0,1.0,1.0,0.0,real,3,0.3701005025125628,0.3552763819095477,0.2984924623115578,0.07462311557788945,0.24028635640514132,0.35638260397464705
F000077,0.4730936953723087,0.97964824120603,0.7916666666666667,0.2204792759220492,0.0,1.0,1.0,1.0,0.0,real,3,0.3701005025125628,0.97964824120603,0.11256281407035176,0.02814070351758794,0.2058800282821141,0.9624951390116411
F000078,0.2154167222667111,0.8881909547738693,0.6944444444444444,0.3469443332443555,0.0,1.0,1.0,1.0,0.0,real,3,0.3701005025125628,0.8881909547738693,0.27889447236180903,0.06972361809045226,0.2366597434408222,0.8520678139440923
F000079,0.0,0.3552763819095477,0.1527777777777777,0.3367876570272816,0.0,1.0,1.0,1.0,0.0,real,3,0.3701005025125628,0.3552763819095477,0.2236180904522613,0.055904522613065326,0.22643083507992223,0.35610511729501776
F000080,0.1898569058357866,0.8753768844221106,0.7222222222222222,0.5091750772173156,0.0,1.0,1.0,1.0,0.0,real,3,0.3701005025125628,0.8753768844221106,0.5258793969849246,0.13146984924623115,0.2823643657988435,0.8089482746647811
F000081,0.3222409918479341,0.9311557788944724,0.7638888888888888,0.4110735718596873,0.5,1.0,1.0,1.0,0.5,real,3,0.9587939698492463,0.9311557788944724,0.3821608040201005,0.09554020100502512,0.6626037221282292,0.9337963372137067
F000082,0.2154167222667111,0.8881909547738693,0.6944444444444444,0.3469443332443555,0.0,1.0,1.0,1.0,0.0,real,3,0.3701005025125628,0.8881909547738693,0.27889447236180903,0.06972361809045226,0.2366597434408222,0.8520678139440923
F000083,0.1504840084734488,0.8311557788944723,0.6388888888888888,0.2545875386086578,0.0,1.0,1.0,1.0,0.0,real,3,0.3701005025125628,0.8311557788944723,0.15100502512562813,0.037751256281407033,0.21299376909673998,0.8137503629958839
F000084,0.0148860662461734,0.7268844221105528,0.5555555555555556,0.1924500897298752,0.0,1.0,1.0,1.0,0.0,real,3,0.3701005025125628,0.7268844221105528,0.07613065326633166,0.019032663316582914,0.19913824777152095,0.7200938738920736
F000085,0.34077636645642,0.9424623115577888,0.6944444444444444,0.0962250448649376,0.0,1.0,1.0,1.0,0.0,real,3,0.3701005025125628,0.9424623115577888,0.018090452261306532,0.004522613065326633,0.18839789399257595,0.9398737405621069
F000086,0.0,0.3552763819095477,0.6111111111111112,0.693888666488711,0.0,1.0,1.0,1.0,0.0,real,3,0.3701005025125628,0.3552763819095477,0.8597989949748743,0.21494974874371858,0.3441562713062801,0.35846282290851234
F000087,0.0,0.3552763819095477,0.3888888888888889,0.1924500897298752,0.0,1.0,1.0,1.0,0.0,real,3,0.3701005025125628,0.3552763819095477,0.07613065326633166,0.019032663316582914,0.19913824777152095,0.35555852440594926
F000088,0.0,0.3552763819095477,0.2638888888888888,0.4110735718596873,0.25,1.0,1.0,1.0,0.25,real,3,0.8304020100502513,0.3552763819095477,0.3821608040201005,0.09554020100502512,0.5738745549354815,0.4006699799247493
F000089,0.0,0.3552763819095477,0.2916666666666666,0.2204792759220492,0.0,1.0,1.0,1.0,0.0,real,3,0.3701005025125628,0.3552763819095477,0.11256281407035176,0.02814070351758794,0.2058800282821141,0.35569354309234613
F000090,0.0,0.3552763819095477,0.5138888888888888,0.5548606765399495,0.0,1.0,1.0,1.0,0.0,real,3,0.3701005025125628,0.3552763819095477,0.6620603015075377,0.16551507537688442,0.3075646763970607,0.35772999734855176
F000091,0.0,0.3552763819095477,0.3194444444444444,0.6254627916220946,0.0,1.0,1.0,1.0,0.0,real,3,0.3701005025125628,0.3552763819095477,0.7464824120603015,0.18662060301507538,0.3231870091664352,0.35804286823565057
F000092,0.1898569058357866,0.8753768844221106,0.7222222222222222,0.5091750772173156,0.0,1.0,1.0,1.0,0.0,real,3,0.3701005025125628,0.8753768844221106,0.5258793969849246,0.13146984924623115,0.2823643657988435,0.8089482746647811
F000093,0.0098985899724178,0.7160804020100503,0.6388888888888888,0.5357583756107198,0.0,1.0,1.0,1.0,0.0,real,3,0.3701005025125628,0.7160804020100503,0.6336683417085427,0.15841708542713567,0.3023107371025984,0.6612712747152851
F000094,0.4999999999999999,0.984422110552764,0.8333333333333333,0.3333333333333333,0.0,1.0,1.0,1.0,0.0,real,3,0.3701005025125628,0.984422110552764,0.2020100502512563,0.05050251256281407,0.22243226181157041,0.9533973258251057
F000095,0.0446581987385203,0.7555276381909548,0.6666666666666666,0.5773502691896258,0.0,1.0,1.0,1.0,0.0,real,3,0.3701005025125628,0.7555276381909548,0.6907035175879397,0.17267587939698492,0.31286511072952705,0.6889736685942274
F000096,0.0,0.3552763819095477,0.6666666666666666,0.6666666666666667,0.0,1.0,1.0,1.0,0.0,real,3,0.3701005025125628,0.3552763819095477,0.7914572864321608,0.1978643216080402,0.3315096209691675,0.35820954647609904
F000097,0.0,0.3552763819095477,0.6527777777777778,0.6684005230842202,0.0,1.0,1.0,1.0,0.0,real,3,0.3701005025125628,0.3552763819095477,0.8040201005025126,0.20100502512562815,0.33383437286937195,0.3582561046438221
F000098,0.0,0.3552763819095477,0.3472222222222222,0.3367876570272817,0.25,1.0,1.0,1.0,0.25,real,3,0.8304020100502513,0.3552763819095477,0.2379396984924623,0.059484924623115575,0.5139938069745713,0.3835391940860079
F000099,0.3519409161410501,0.9477386934673366,0.736111111111111,0.2405626121623441,0.0,1.0,1.0,1.0,0.0,real,3,0.3701005025125628,0.9477386934673366,0.13442211055276382,0.033605527638190955,0.20992509658847,0.9283268572763314
F000100,0.3631054658256801,0.9542713567839196,0.7777777777777777,0.3849001794597506,0.0,1.0,1.0,1.0,0.0,real,3,0.3701005025125628,0.9542713567839196,0.35904522613065326,0.08976130653266332,0.2514916605641272,0.9018354176662206
F000101,0.1898569058357866,0.8753768844221106,0.7222222222222222,0.5091750772173156,0.0,1.0,1.0,1.0,0.0,real,3,0.3701005025125628,0.8753768844221106,0.5258793969849246,0.13146984924623115,0.2823643657988435,0.8089482746647811
F000102,0.0,0.3552763819095477,0.4166666666666666,0.4409585518440984,0.0,1.0,1.0,1.0,0.0,real,3,0.3701005025125628,0.3552763819095477,0.4248743718592965,0.10621859296482412,0.26367336052119894,0.3568509791419408
F000103,0.1504840084734488,0.8311557788944723,0.6388888888888888,0.2545875386086578,0.0,1.0,1.0,1.0,0.0,real,3,0.3701005025125628,0.8311557788944723,0.15100502512562813,0.037751256281407033,0.21299376909673998,0.8137503629958839
F000104,0.0,0.3552763819095477,0.4444444444444444,0.1924500897298753,0.0,1.0,1.0,1.0,0.0,real,3,0.3701005025125628,0.3552763819095477,0.09321608040201006,0.023304020100502514,0.2022999103557991,0.3556218435140526
F000105,0.306427028705642,0.9263819095477388,0.7083333333333334,0.2204792759220492,0.0,1.0,1.0,1.0,0.0,real,3,0.3701005025125628,0.9263819095477388,0.11256281407035176,0.02814070351758794,0.2058800282821141,0.9107277594000154
F000106,0.0,0.3552763819095477,0.3194444444444444,0.3757708127352411,0.5,1.0,1.0,1.0,0.5,real,3,0.9587939698492463,0.3552763819095477,0.3123115577889447,0.07807788944723618,0.6291182040857554,0.40239776142016614
F000107,0.0,0.3552763819095477,0.361111111111111,0.5357583756107197,0.25,1.0,1.0,1.0,0.25,real,3,0.8304020100502513,0.3552763819095477,0.621859296482412,0.155464824120603,0.6733976099088407,0.42914170412363317
F000108,0.0098985899724178,0.7160804020100503,0.6388888888888888,0.5357583756107198,0.0,1.0,1.0,1.0,0.0,real,3,0.3701005025125628,0.7160804020100503,0.6336683417085427,0.15841708542713567,0.3023107371025984,0.6612712747152851
F000109,0.1077083611333555,0.800502512562814,0.5972222222222222,0.1734721666221776,0.25,1.0,1.0,1.0,0.25,real,3,0.8304020100502513,0.800502512562814,0.04874371859296482,0.012185929648241205,0.4354394459735866,0.8008668657357136
F000110,0.0,0.3552763819095477,0.3333333333333333,0.3333333333333333,0.0,1.0,1.0,1.0,0.0,real,3,0.3701005025125628,0.3552763819095477,0.2020100502512563,0.05050251256281407,0.22243226181157041,0.35602503724653417
F000111,0.0,0.3552763819095477,0.6111111111111112,0.693888666488711,0.25,1.0,1.0,1.0,0.25,real,3,0.8304020100502513,0.3552763819095477,0.8597989949748743,0.21494974874371858,0.7721904118582864,0.4574045163000934
F000112,0.0,0.3552763819095477,0.4027777777777777,0.5023094811118091,0.0,1.0,1.0,1.0,0.0,real,3,0.3701005025125628,0.3552763819095477,0.48391959798994977,0.12097989949748744,0.2745996944521603,0.35706980253023907
F000113,0.1666666666666666,0.8492462311557789,0.6666666666666666,0.3333333333333333,0.0,1.0,1.0,1.0,0.0,real,3,0.3701005025125628,0.8492462311557789,0.2020100502512563,0.05050251256281407,0.22243226181157041,0.8250481679755562
F000114,0.4376389444889332,0.9701005025125627,0.8055555555555556,0.3469443332443555,0.0,1.0,1.0,1.0,0.0,real,3,0.3701005025125628,0.9701005025125627,0.27889447236180903,0.06972361809045226,0.2366597434408222,0.9282663316582913
F000115,0.0,0.3552763819095477,0.1666666666666666,0.3333333333333333,0.0,1.0,1.0,1.0,0.0,real,3,0.3701005025125628,0.3552763819095477,0.2020100502512563,0.05050251256281407,0.22243226181157041,0.35602503724653417
F000116,0.0,0.3552763819095477,0.4166666666666666,0.4409585518440984,0.0,1.0,1.0,1.0,0.0,real,3,0.3701005025125628,0.3552763819095477,0.4248743718592965,0.10621859296482412,0.26367336052119894,0.3568509791419408
F000117,0.0,0.3552763819095477,0.1666666666666666,0.5773502691896258,0.5,1.0,1.0,1.0,0.5,real,3,0.9587939698492463,0.3552763819095477,0.6907035175879397,0.17267587939698492,0.8105181687331128,0.45948931213858235
F000118,0.4166666666666666,0.9655778894472362,0.75,0.1666666666666667,0.0,1.0,1.0,1.0,0.0,real,3,0.3701005025125628,0.9655778894472362,0.04246231155778894,0.010615577889447236,0.19290791267897275,0.9592565528648267
F000119,0.0,0.3552763819095477,0.3472222222222222,0.6684005230842202,0.0,1.0,1.0,1.0,0.0,real,3,0.3701005025125628,0.3552763819095477,0.8040201005025126,0.20100502512562815,0.33383437286937195,0.3582561046438221
F000120,0.0,0.3552763819095477,0.25,0.1666666666666666,0.0,1.0,1.0,1.0,0.0,real,3,0.3701005025125628,0.3552763819095477,0.036683417085427134,0.009170854271356783,0.19183852680487867,0.355412331759299
F000121,0.3631054658256801,0.9542713567839196,0.7777777777777777,0.3849001794597506,0.0,1.0,1.0,1.0,0.0,real,3,0.3701005025125628,0.9542713567839196,0.35904522613065326,0.08976130653266332,0.2514916605641272,0.9018354176662206
F000122,0.0,0.3552763819095477,0.5972222222222222,0.5023094811118091,0.0,1.0,1.0,1.0,0.0,real,3,0.3701005025125628,0.3552763819095477,0.48391959798994977,0.12097989949748744,0.2745996944521603,0.35706980253023907
F000123,0.0,0.3552763819095477,0.2777777777777778,0.5091750772173156,0.0,1.0,1.0,1.0,0.0,real,3,0.3701005025125628,0.3552763819095477,0.5258793969849246,0.13146984924623115,0.2823643657988435,0.3572253068104341
F000124,0.0,0.3552763819095477,0.4722222222222222,0.4194352464039305,0.0,1.0,1.0,1.0,0.0,real,3,0.3701005025125628,0.3552763819095477,0.4012562814070352,0.1003140703517588,0.2593028269488144,0.35676344978662156
F000125,0.0,0.3552763819095477,0.4861111111111111,0.2926570486903539,0.0,1.0,1.0,1.0,0.0,real,3,0.3701005025125628,0.3552763819095477,0.18266331658291457,0.04566582914572864,0.21885214388525542,0.35595333766824067
F000126,0.0,0.3552763819095477,0.2222222222222222,0.5091750772173156,0.0,1.0,1.0,1.0,0.0,real,3,0.3701005025125628,0.3552763819095477,0.5258793969849246,0.13146984924623115,0.2823643657988435,0.3572253068104341
F000127,0.0,0.3552763819095477,0.2083333333333333,0.5204164998665333,0.0,1.0,1.0,1.0,0.0,real,3,0.3701005025125628,0.3552763819095477,0.6005025125628141,0.15012562814070352,0.2961733920860584,0.3575018623267089
F000128,0.0,0.3552763819095477,0.2777777777777778,0.5091750772173156,0.0,1.0,1.0,1.0,0.0,real,3,0.3701005025125628,0.3552763819095477,0.5258793969849246,0.13146984924623115,0.2823643657988435,0.3572253068104341
F000129,0.0,0.3552763819095477,0.3611111111111111,0.2545875386086578,0.25,1.0,1.0,1.0,0.25,real,3,0.8304020100502513,0.3552763819095477,0.15100502512562813,0.037751256281407033,0.4778984432211308,0.3732129712633519
F000130,0.0,0.3552763819095477,0.5833333333333333,0.4409585518440985,0.0,1.0,1.0,1.0,0.0,real,3,0.3701005025125628,0.3552763819095477,0.43517587939698493,0.10879396984924623,0.2655796570793667,0.3568891568394737
F000131,0.1666666666666666,0.8492462311557789,0.6666666666666666,0.3333333333333333,0.25,1.0,1.0,1.0,0.25,real,3,0.8304020100502513,0.8492462311557789,0.2020100502512563,0.05050251256281407,0.4990757809146234,0.8482945506426606
F000132,0.4730936953723087,0.97964824120603,0.7916666666666667,0.2204792759220492,0.0,1.0,1.0,1.0,0.0,real,3,0.3701005025125628,0.97964824120603,0.11256281407035176,0.02814070351758794,0.2058800282821141,0.9624951390116411
F000133,0.3009680169468978,0.9190954773869346,0.7777777777777778,0.5091750772173156,0.0,1.0,1.0,1.0,0.0,real,3,0.3701005025125628,0.9190954773869346,0.5258793969849246,0.13146984924623115,0.2823643657988435,0.8469191908032625
F000134,0.0,0.3552763819095477,0.2638888888888888,0.4110735718596873,0.0,1.0,1.0,1.0,0.0,real,3,0.3701005025125628,0.3552763819095477,0.3821608040201005,0.09554020100502512,0.2557692040605035,0.3566926813716825
F000135,0.0,0.3552763819095477,0.4166666666666666,0.4409585518440984,0.25,1.0,1.0,1.0,0.25,real,3,0.8304020100502513,0.3552763819095477,0.4248743718592965,0.10621859296482412,0.5916092712305244,0.40574355761218145
F000136,0.0,0.3552763819095477,0.5555555555555556,0.5091750772173156,0.25,1.0,1.0,1.0,0.25,real,3,0.8304020100502513,0.3552763819095477,0.5258793969849246,0.13146984924623115,0.6335466591752734,0.4177410766142269
F000137,0.1898569058357866,0.8753768844221106,0.7222222222222222,0.5091750772173156,0.0,1.0,1.0,1.0,0.0,real,3,0.3701005025125628,0.8753768844221106,0.5258793969849246,0.13146984924623115,0.2823643657988435,0.8089482746647811
F000138,0.0,0.3552763819095477,0.6111111111111112,0.693888666488711,0.25,1.0,1.0,1.0,0.25,real,3,0.8304020100502513,0.3552763819095477,0.8597989949748743,0.21494974874371858,0.7721904118582864,0.4574045163000934
F000139,0.0,0.3552763819095477,0.5277777777777778,0.6309898162000304,0.0,1.0,1.0,1.0,0.0,real,3,0.3701005025125628,0.3552763819095477,0.7525125628140703,0.18812814070351758,0.32430289007853336,0.3580652161561576
F000140,0.0,0.3552763819095477,0.3194444444444444,0.3757708127352411,0.25,1.0,1.0,1.0,0.25,real,3,0.8304020100502513,0.3552763819095477,0.3123115577889447,0.07807788944723618,0.544873077700058,0.3923731881770662
F000141,0.0,0.3552763819095477,0.4444444444444444,1.0183501544346312,0.0,1.0,1.0,1.0,0.0,real,3,0.3701005025125628,0.3552763819095477,0.9937185929648241,0.24842964824120603,0.36893812656246056,0.35895913297643994
F000142,0.0,0.3552763819095477,0.1111111111111111,0.3849001794597505,0.25,1.0,1.0,1.0,0.25,real,3,0.8304020100502513,0.3552763819095477,0.3391959798994975,0.08479899497487438,0.5560355167798793,0.3955665576626852
F000143,0.0,0.3552763819095477,0.3333333333333333,0.6666666666666666,0.0,1.0,1.0,1.0,0.0,real,3,0.3701005025125628,0.3552763819095477,0.7771356783919598,0.19428391959798996,0.32885940380293427,0.3581564701648948
F000144,0.1898569058357866,0.8753768844221106,0.7222222222222222,0.5091750772173156,0.0,1.0,1.0,1.0,0.0,real,3,0.3701005025125628,0.8753768844221106,0.5258793969849246,0.13146984924623115,0.2823643657988435,0.8089482746647811
F000145,0.25,0.8997487437185929,0.75,0.5,0.0,1.0,1.0,1.0,0.0,real,3,0.3701005025125628,0.8997487437185929,0.4663316582914573,0.11658291457286432,0.2713450417918739,0.8380008080604026
F000146,0.0,0.3552763819095477,0.4166666666666667,0.2886751345948129,0.0,1.0,1.0,1.0,0.0,real,3,0.3701005025125628,0.3552763819095477,0.17185929648241205,0.04296482412060301,0.2168528572510795,0.35591329764399887
F000147,0.3009680169468978,0.9190954773869346,0.7777777777777778,0.5091750772173156,0.0,1.0,1.0,1.0,0.0,real,3,0.3701005025125628,0.9190954773869346,0.5258793969849246,0.13146984924623115,0.2823643657988435,0.8469191908032625
F000148,0.0,0.3552763819095477,0.2777777777777778,0.3849001794597505,0.25,1.0,1.0,1.0,0.25,real,3,0.8304020100502513,0.3552763819095477,0.3391959798994975,0.08479899497487438,0.5560355167798793,0.3955665576626852
F000149,0.0,0.3552763819095477,0.2916666666666666,0.2204792759220492,0.0,1.0,1.0,1.0,0.0,real,3,0.3701005025125628,0.3552763819095477,0.11256281407035176,0.02814070351758794,0.2058800282821141,0.35569354309234613
F000150,0.1898569058357866,0.8753768844221106,0.7222222222222222,0.5091750772173156,0.25,1.0,1.0,1.0,0.25,real,3,0.8304020100502513,0.8753768844221106,0.5258793969849246,0.13146984924623115,0.6335466591752734,0.869464044468574
F000151,0.0,0.3552763819095477,0.3333333333333332,0.6666666666666666,0.0,1.0,1.0,1.0,0.0,real,3,0.3701005025125628,0.3552763819095477,0.7771356783919598,0.19428391959798996,0.32885940380293427,0.3581564701648948
F000152,0.0,0.3552763819095477,0.5833333333333334,0.7637626158259733,0.0,1.0,1.0,1.0,0.0,real,3,0.3701005025125628,0.3552763819095477,0.9123115577889447,0.22807788944723617,0.3538737342491351,0.35865743604959466
F000153,0.0,0.3552763819095477,0.2916666666666666,0.2204792759220492,0.0,1.0,1.0,1.0,0.0,real,3,0.3701005025125628,0.3552763819095477,0.11256281407035176,0.02814070351758794,0.2058800282821141,0.35569354309234613
F000154,0.0180098182154157,0.7331658291457287,0.625,0.4639803635691685,0.0,1.0,1.0,1.0,0.0,real,3,0.3701005025125628,0.7331658291457287,0.4407035175879397,0.11017587939698492,0.2666025479154567,0.6931647875053661
F000155,0.0,0.3552763819095477,0.5972222222222222,0.8347210667398177,0.0,1.0,1.0,1.0,0.0,real,3,0.3701005025125628,0.3552763819095477,0.9492462311557789,0.23731155778894472,0.3607085048357365,0.3587943170627004
F000156,0.0,0.3552763819095477,0.25,0.5,0.0,1.0,1.0,1.0,0.0,real,3,0.3701005025125628,0.3552763819095477,0.4663316582914573,0.11658291457286432,0.2713450417918739,0.35700462109542686
F000157,0.2154167222667111,0.8881909547738693,0.6944444444444444,0.3469443332443555,0.0,1.0,1.0,1.0,0.0,real,3,0.3701005025125628,0.8881909547738693,0.27889447236180903,0.06972361809045226,0.2366597434408222,0.8520678139440923
F000158,0.0,0.3552763819095477,0.4583333333333333,0.3632415786283894,0.5,1.0,1.0,1.0,0.5,real,3,0.9587939698492463,0.3552763819095477,0.2984924623115578,0.07462311557788945,0.6224933713795107,0.40031274462766087
F000159,0.0521012318616071,0.7761306532663317,0.6944444444444444,0.6735753140545634,0.25,1.0,1.0,1.0,0.25,real,3,0.8304020100502513,0.7761306532663317,0.8233668341708543,0.20584170854271358,0.7570637420772203,0.7873019620716648
F000160,0.25,0.8997487437185929,0.75,0.5,0.0,1.0,1.0,1.0,0.0,real,3,0.3701005025125628,0.8997487437185929,0.4663316582914573,0.11658291457286432,0.2713450417918739,0.8380008080604026
F000161,0.0,0.3552763819095477,0.2638888888888888,0.7087417123429485,0.0,1.0,1.0,1.0,0.0,real,3,0.3701005025125628,0.3552763819095477,0.8801507537688442,0.22003768844221105,0.3479223693846115,0.3585382471402237
F000162,0.0,0.3552763819095477,0.625,0.5464532103585001,0.0,1.0,1.0,1.0,0.0,real,3,0.3701005025125628,0.3552763819095477,0.6507537688442211,0.16268844221105527,0.3054723996868766,0.357688094997601
F000163,0.0297721324923469,0.7414572864321608,0.6111111111111112,0.3849001794597506,0.0,1.0,1.0,1.0,0.0,real,3,0.3701005025125628,0.7414572864321608,0.35904522613065326,0.08976130653266332,0.2514916605641272,0.7081238163177698
F000164,0.25,0.8997487437185929,0.75,0.5,0.25,1.0,1.0,1.0,0.25,real,3,0.8304020100502513,0.8997487437185929,0.4663316582914573,0.11658291457286432,0.6088223782227721,0.8916640993914295
F000165,0.0,0.3552763819095477,0.3333333333333333,0.3333333333333333,0.0,1.0,1.0,1.0,0.0,real,3,0.3701005025125628,0.3552763819095477,0.2020100502512563,0.05050251256281407,0.22243226181157041,0.35602503724653417
F000166,0.0,0.3552763819095477,0.25,0.5,0.25,1.0,1.0,1.0,0.25,real,3,0.8304020100502513,0.3552763819095477,0.4663316582914573,0.11658291457286432,0.6088223782227721,0.41066791242645384
F000167,0.0,0.3552763819095477,0.3472222222222222,0.3367876570272817,0.0,1.0,1.0,1.0,0.0,real,3,0.3701005025125628,0.3552763819095477,0.2379396984924623,0.059484924623115575,0.22908105224615538,0.35615819360622203
F000168,0.0,0.3552763819095477,0.3888888888888889,0.1924500897298752,0.0,1.0,1.0,1.0,0.0,real,3,0.3701005025125628,0.3552763819095477,0.07613065326633166,0.019032663316582914,0.19913824777152095,0.35555852440594926
F000169,0.0,0.3552763819095477,0.625,1.0897247358851685,0.0,1.0,1.0,1.0,0.0,real,3,0.3701005025125628,0.3552763819095477,0.9962311557788944,0.2490577889447236,0.36940307694250146,0.35896844460998456
F000170,0.0,0.3552763819095477,0.4027777777777778,0.1734721666221777,0.0,1.0,1.0,1.0,0.0,real,3,0.3701005025125628,0.3552763819095477,0.0592964824120603,0.014824120603015075,0.19602308022524684,0.35549613646120043
F000171,0.0,0.3552763819095477,0.5833333333333333,0.4409585518440984,0.0,1.0,1.0,1.0,0.0,real,3,0.3701005025125628,0.3552763819095477,0.4248743718592965,0.10621859296482412,0.26367336052119894,0.3568509791419408
F000172,0.0483797153000638,0.7670854271356784,0.6805555555555556,0.6254627916220946,0.0,1.0,1.0,1.0,0.0,real,3,0.3701005025125628,0.7670854271356784,0.7464824120603015,0.18662060301507538,0.3231870091664352,0.6929998611146183
F000173,0.0,0.3552763819095477,0.2777777777777778,0.3849001794597505,0.0,1.0,1.0,1.0,0.0,real,3,0.3701005025125628,0.3552763819095477,0.3391959798994975,0.08479899497487438,0.247818552561804,0.35653345243806966
F000174,0.0,0.3552763819095477,0.4305555555555555,0.4738533919231106,0.0,1.0,1.0,1.0,0.0,real,3,0.3701005025125628,0.3552763819095477,0.44748743718592965,0.11187185929648241,0.26785791394156716,0.35693478384384225
F000175,0.3222409918479341,0.9311557788944724,0.7638888888888888,0.4110735718596873,0.25,1.0,1.0,1.0,0.25,real,3,0.8304020100502513,0.9311557788944724,0.3821608040201005,0.09554020100502512,0.5738745549354815,0.9215297435670816
F000176,0.0,0.3552763819095477,0.2638888888888888,0.7087417123429485,0.0,1.0,1.0,1.0,0.0,real,3,0.3701005025125628,0.3552763819095477,0.8801507537688442,0.22003768844221105,0.3479223693846115,0.3585382471402237
F000177,0.0,0.3552763819095477,0.1111111111111111,0.3849001794597505,0.0,1.0,1.0,1.0,0.0,real,3,0.3701005025125628,0.3552763819095477,0.3391959798994975,0.08479899497487438,0.247818552561804,0.35653345243806966
F000178,0.0,0.3552763819095477,0.3194444444444444,0.6254627916220945,0.25,1.0,1.0,1.0,0.25,real,3,0.8304020100502513,0.3552763819095477,0.7404522613065326,0.18511306532663316,0.722637528092725,0.44322834334991534
F000179,0.1485783278408043,0.8226130653266331,0.7361111111111112,0.6472877887628358,0.0,1.0,1.0,1.0,0.0,real,3,0.3701005025125628,0.8226130653266331,0.7580402010050251,0.18951005025125628,0.3253257809146234,0.7368573868084138
F000180,0.0,0.3552763819095477,0.6527777777777778,0.6684005230842202,0.25,1.0,1.0,1.0,0.25,real,3,0.8304020100502513,0.3552763819095477,0.8040201005025126,0.20100502512562815,0.7490309588141714,0.45077902073179965
F000181,0.0,0.3552763819095477,0.2222222222222222,0.769800358919501,0.0,1.0,1.0,1.0,0.0,real,3,0.3701005025125628,0.3552763819095477,0.928894472361809,0.23222361809045225,0.3569424067574051,0.35871889283098907
F000182,0.0,0.3552763819095477,0.2361111111111111,0.4110735718596873,0.0,1.0,1.0,1.0,0.0,real,3,0.3701005025125628,0.3552763819095477,0.3821608040201005,0.09554020100502512,0.2557692040605035,0.3566926813716825
F000183,0.0,0.3552763819095477,0.4166666666666667,0.726483157256779,0.0,1.0,1.0,1.0,0.0,real,3,0.3701005025125628,0.3552763819095477,0.8964824120603015,0.2241206030150754,0.3509445468548774,0.35859877275826363
F000184,0.0,0.3552763819095477,0.4305555555555555,0.7280745790045088,0.25,1.0,1.0,1.0,0.25,real,3,0.8304020100502513,0.3552763819095477,0.9025125628140703,0.22562814070351758,0.7899251281533294,0.4624780939875256
F000185,0.4730936953723087,0.97964824120603,0.7916666666666667,0.2204792759220492,0.0,1.0,1.0,1.0,0.0,real,3,0.3701005025125628,0.97964824120603,0.11256281407035176,0.02814070351758794,0.2058800282821141,0.9624951390116411
F000186,0.0,0.3552763819095477,0.5555555555555556,0.5091750772173156,0.25,1.0,1.0,1.0,0.25,real,3,0.8304020100502513,0.3552763819095477,0.5258793969849246,0.13146984924623115,0.6335466591752734,0.4177410766142269
F000187,0.0,0.3552763819095477,0.0833333333333333,0.2886751345948128,0.0,1.0,1.0,1.0,0.0,real,3,0.3701005025125628,0.3552763819095477,0.16557788944723617,0.04139447236180904,0.21569048130097726,0.3558900185601373
F000188,0.0098985899724178,0.7160804020100503,0.6388888888888888,0.5357583756107198,0.0,1.0,1.0,1.0,0.0,real,3,0.3701005025125628,0.7160804020100503,0.6336683417085427,0.15841708542713567,0.3023107371025984,0.6612712747152851
F000189,0.0,0.3552763819095477,0.2916666666666666,0.2204792759220492,0.0,1.0,1.0,1.0,0.0,real,3,0.3701005025125628,0.3552763819095477,0.11256281407035176,0.02814070351758794,0.2058800282821141,0.35569354309234613
F000190,0.0446581987385203,0.7555276381909548,0.6666666666666666,0.5773502691896258,0.0,1.0,1.0,1.0,0.0,real,3,0.3701005025125628,0.7555276381909548,0.6907035175879397,0.17267587939698492,0.31286511072952705,0.6889736685942274
F000191,0.0,0.3552763819095477,0.4583333333333333,0.1443375672974064,0.25,1.0,1.0,1.0,0.25,real,3,0.8304020100502513,0.3552763819095477,0.02864321608040201,0.007160804020100503,0.42709369712886036,0.3586786634175904
F000192,0.0,0.3552763819095477,0.6666666666666666,0.6666666666666667,0.0,1.0,1.0,1.0,0.0,real,3,0.3701005025125628,0.3552763819095477,0.7914572864321608,0.1978643216080402,0.3315096209691675,0.35820954647609904
F000193,0.1732257047434905,0.8650753768844222,0.6805555555555556,0.3757708127352411,0.0,1.0,1.0,1.0,0.0,real,3,0.3701005025125628,0.8650753768844222,0.3123115577889447,0.07807788944723618,0.24284358349536625,0.8264287833640566
F000194,0.0,0.3552763819095477,0.375,0.5464532103585,0.0,1.0,1.0,1.0,0.0,real,3,0.3701005025125628,0.3552763819095477,0.642462311557789,0.16061557788944725,0.3039380634327416,0.3576573666069038
F000195,0.25,0.8997487437185929,0.75,0.5,0.0,1.0,1.0,1.0,0.0,real,3,0.3701005025125628,0.8997487437185929,0.4663316582914573,0.11658291457286432,0.2713450417918739,0.8380008080604026
F000196,0.0,0.3552763819095477,0.4444444444444444,0.9622504486493764,0.0,1.0,1.0,1.0,0.0,real,3,0.3701005025125628,0.3552763819095477,0.9869346733668342,0.24673366834170854,0.3676827605363501,0.3589339915658695
F000197,0.0,0.3552763819095477,0.25,0.1666666666666666,0.25,1.0,1.0,1.0,0.25,real,3,0.8304020100502513,0.3552763819095477,0.036683417085427134,0.009170854271356783,0.43043199666675086,0.35963368980581295
F000198,0.1898569058357866,0.8753768844221106,0.7222222222222222,0.5091750772173156,0.0,1.0,1.0,1.0,0.0,real,3,0.3701005025125628,0.8753768844221106,0.5258793969849246,0.13146984924623115,0.2823643657988435,0.8089482746647811
F000199,0.0,0.3552763819095477,0.1666666666666666,0.5773502691896258,0.0,1.0,1.0,1.0,0.0,real,3,0.3701005025125628,0.3552763819095477,0.6907035175879397,0.17267587939698492,0.31286511072952705,0.35783614997096025
F000200,0.0,0.3552763819095477,0.6111111111111112,0.693888666488711,0.5,1.0,1.0,1.0,0.5,real,3,0.9587939698492463,0.3552763819095477,0.8597989949748743,0.21494974874371858,0.8915820307567991,0.48500233579960095
F000201,0.0,0.3552763819095477,0.4305555555555555,0.7280745790045088,0.0,1.0,1.0,1.0,0.0,real,3,0.3701005025125628,0.3552763819095477,0.9025125628140703,0.22562814070351758,0.35206042776697555,0.3586211206787707
F000202,0.0,0.3552763819095477,0.1666666666666666,0.5773502691896258,0.25,1.0,1.0,1.0,0.25,real,3,0.8304020100502513,0.3552763819095477,0.6907035175879397,0.17267587939698492,0.7019817997020278,0.4373191175727885
F000203,0.4376389444889332,0.9701005025125627,0.8055555555555556,0.3469443332443555,0.0,1.0,1.0,1.0,0.0,real,3,0.3701005025125628,0.9701005025125627,0.27889447236180903,0.06972361809045226,0.2366597434408222,0.9282663316582913
F000204,0.0,0.3552763819095477,0.2222222222222221,0.3849001794597505,0.0,1.0,1.0,1.0,0.0,real,3,0.3701005025125628,0.3552763819095477,0.3391959798994975,0.08479899497487438,0.247818552561804,0.35653345243806966
F000205,0.1504840084734488,0.8311557788944723,0.6388888888888888,0.2545875386086578,0.0,1.0,1.0,1.0,0.0,real,3,0.3701005025125628,0.8311557788944723,0.15100502512562813,0.037751256281407033,0.21299376909673998,0.8137503629958839
F000206,0.4376389444889332,0.9701005025125627,0.8055555555555556,0.3469443332443555,0.0,1.0,1.0,1.0,0.0,real,3,0.3701005025125628,0.9701005025125627,0.27889447236180903,0.06972361809045226,0.2366597434408222,0.9282663316582913
F000207,0.0,0.3552763819095477,0.3194444444444444,0.3757708127352411,0.0,1.0,1.0,1.0,0.0,real,3,0.3701005025125628,0.3552763819095477,0.3123115577889447,0.07807788944723618,0.24284358349536625,0.3564338179591424
F000208,0.0,0.3552763819095477,0.3194444444444444,0.6254627916220946,0.5,1.0,0.5,0.5,0.5,real,3,0.9587939698492463,0.3552763819095477,0.7464824120603015,0.09331030150753769,0.4186292012827959,0.41159079000530285
F000209,0.0,0.3552763819095477,0.2083333333333333,0.5204164998665333,0.0,1.0,1.0,1.0,0.0,real,3,0.3701005025125628,0.3552763819095477,0.6005025125628141,0.15012562814070352,0.2961733920860584,0.3575018623267089
F000210,0.0,0.3552763819095477,0.1527777777777777,0.3367876570272816,0.0,1.0,1.0,1.0,0.0,real,3,0.3701005025125628,0.3552763819095477,0.2236180904522613,0.055904522613065326,0.22643083507992223,0.35610511729501776
F000211,0.0,0.3552763819095477,0.375,0.7949493345141214,0.0,1.0,1.0,1.0,0.0,real,3,0.3701005025125628,0.3552763819095477,0.9469849246231156,0.2367462311557789,0.36029004949369964,0.35878593659251024
F000212,0.1564584167334001,0.8407035175879397,0.7083333333333334,0.5204164998665332,0.0,1.0,1.0,1.0,0.0,real,3,0.3701005025125628,0.8407035175879397,0.5768844221105528,0.1442211055276382,0.29180285851367394,0.7728326304891291
F000213,0.0,0.3552763819095477,0.2777777777777778,0.5091750772173156,0.25,1.0,1.0,1.0,0.25,real,3,0.8304020100502513,0.3552763819095477,0.5258793969849246,0.13146984924623115,0.6335466591752734,0.4177410766142269
F000214,0.0,0.3552763819095477,0.1527777777777777,0.3367876570272816,0.5,1.0,1.0,1.0,0.5,real,3,0.9587939698492463,0.3552763819095477,0.2236180904522613,0.055904522613065326,0.5865988232620388,0.3890157445519052
F000215,0.1178513660507478,0.8060301507537688,0.736111111111111,0.7087417123429486,0.0,1.0,1.0,1.0,0.0,real,3,0.3701005025125628,0.8060301507537688,0.8869346733668342,0.22173366834170855,0.34917773541072195,0.7093698707103355
F000216,0.0,0.3552763819095477,0.2638888888888888,0.4110735718596873,0.25,1.0,1.0,1.0,0.25,real,3,0.8304020100502513,0.3552763819095477,0.3821608040201005,0.09554020100502512,0.5738745549354815,0.4006699799247493
F000217,0.0,0.3552763819095477,0.2916666666666666,0.5204164998665332,0.0,1.0,1.0,1.0,0.0,real,3,0.3701005025125628,0.3552763819095477,0.5768844221105528,0.1442211055276382,0.29180285851367394,0.3574143329713896
F000218,0.0596870220248513,0.7846733668341709,0.6805555555555556,0.6028481781725197,0.0,1.0,1.0,1.0,0.0,real,3,0.3701005025125628,0.7846733668341709,0.7364321608040201,0.18410804020100502,0.32132720764627154,0.7083471692634025
F000219,0.0,0.3552763819095477,0.3333333333333332,0.6666666666666666,0.0,1.0,1.0,1.0,0.0,real,3,0.3701005025125628,0.3552763819095477,0.7771356783919598,0.19428391959798996,0.32885940380293427,0.3581564701648948
F000220,0.0,0.3552763819095477,0.3888888888888889,0.693888666488711,0.25,1.0,1.0,1.0,0.25,real,3,0.8304020100502513,0.3552763819095477,0.8597989949748743,0.21494974874371858,0.7721904118582864,0.4574045163000934
F000221,0.1504840084734488,0.8311557788944723,0.6388888888888888,0.2545875386086578,0.25,1.0,1.0,1.0,0.25,real,3,0.8304020100502513,0.8311557788944723,0.15100502512562813,0.037751256281407033,0.4778984432211308,0.8311273231736571
F000222,0.1371617270419147,0.8180904522613065,0.6527777777777778,0.3367876570272817,0.75,1.0,1.0,1.0,0.75,real,3,0.9987437185929648,0.8180904522613065,0.2379396984924623,0.059484924623115575,0.6181922489331078,0.8288365981919648
F000223,0.0,0.3552763819095477,0.2916666666666666,0.5204164998665332,0.0,1.0,1.0,1.0,0.0,real,3,0.3701005025125628,0.3552763819095477,0.5768844221105528,0.1442211055276382,0.29180285851367394,0.3574143329713896
F000224,0.0,0.3552763819095477,0.625,0.5464532103585001,0.0,1.0,1.0,1.0,0.0,real,3,0.3701005025125628,0.3552763819095477,0.6507537688442211,0.16268844221105527,0.3054723996868766,0.357688094997601
F000225,0.306427028705642,0.9263819095477388,0.7083333333333334,0.2204792759220492,0.0,1.0,1.0,1.0,0.0,real,3,0.3701005025125628,0.9263819095477388,0.11256281407035176,0.02814070351758794,0.2058800282821141,0.9107277594000154
F000226,0.0,0.3552763819095477,0.3194444444444444,0.3757708127352411,0.25,1.0,1.0,1.0,0.25,real,3,0.8304020100502513,0.3552763819095477,0.3123115577889447,0.07807788944723618,0.544873077700058,0.3923731881770662
F000227,0.0,0.3552763819095477,0.1527777777777777,0.3367876570272816,0.0,1.0,1.0,1.0,0.0,real,3,0.3701005025125628,0.3552763819095477,0.2236180904522613,0.055904522613065326,0.22643083507992223,0.35610511729501776
F000228,0.0,0.3552763819095477,0.0833333333333333,0.2886751345948128,0.0,1.0,1.0,1.0,0.0,real,3,0.3701005025125628,0.3552763819095477,0.16557788944723617,0.04139447236180904,0.21569048130097726,0.3558900185601373
F000229,0.0,0.3552763819095477,0.1527777777777777,0.3367876570272816,0.0,1.0,1.0,1.0,0.0,real,3,0.3701005025125628,0.3552763819095477,0.2236180904522613,0.055904522613065326,0.22643083507992223,0.35610511729501776
F000230,0.0,0.3552763819095477,0.4166666666666666,0.4409585518440984,0.0,1.0,1.0,1.0,0.0,real,3,0.3701005025125628,0.3552763819095477,0.4248743718592965,0.10621859296482412,0.26367336052119894,0.3568509791419408
F000231,0.0334936490538903,0.7457286432160805,0.625,0.4330127018922193,0.0,1.0,1.0,1.0,0.0,real,3,0.3701005025125628,0.7457286432160805,0.4115577889447236,0.1028894472361809,0.2612091235069821,0.7070804714527411
F000232,0.0,0.3552763819095477,0.3055555555555556,0.7876359377087682,0.0,1.0,1.0,1.0,0.0,real,3,0.3701005025125628,0.3552763819095477,0.9444723618090453,0.23611809045226131,0.35982509911365873,0.3587766249589657
F000233,0.0,0.3552763819095477,0.25,0.5,0.0,1.0,1.0,1.0,0.0,real,3,0.3701005025125628,0.3552763819095477,0.4663316582914573,0.11658291457286432,0.2713450417918739,0.35700462109542686
F000234,0.34077636645642,0.9424623115577888,0.6944444444444444,0.0962250448649376,0.0,1.0,1.0,1.0,0.0,real,3,0.3701005025125628,0.9424623115577888,0.018090452261306532,0.004522613065326633,0.18839789399257595,0.9398737405621069
F000235,0.34077636645642,0.9424623115577888,0.6944444444444444,0.0962250448649376,0.0,1.0,1.0,1.0,0.0,real,3,0.3701005025125628,0.9424623115577888,0.018090452261306532,0.004522613065326633,0.18839789399257595,0.9398737405621069
F000236,0.0,0.3552763819095477,0.4583333333333333,0.3632415786283894,0.25,1.0,1.0,1.0,0.25,real,3,0.8304020100502513,0.3552763819095477,0.2984924623115578,0.07462311557788945,0.5391353753693089,0.3907317365723087
F000237,0.0148860662461734,0.7268844221105528,0.5555555555555556,0.1924500897298752,0.0,1.0,1.0,1.0,0.0,real,3,0.3701005025125628,0.7268844221105528,0.07613065326633166,0.019032663316582914,0.19913824777152095,0.7200938738920736
F000238,0.0,0.3552763819095477,0.4583333333333333,0.3632415786283894,0.0,1.0,1.0,1.0,0.0,real,3,0.3701005025125628,0.3552763819095477,0.2984924623115578,0.07462311557788945,0.24028635640514132,0.35638260397464705
F000239,0.0,0.3552763819095477,0.6666666666666666,0.6666666666666667,0.25,1.0,1.0,1.0,0.25,real,3,0.8304020100502513,0.3552763819095477,0.7914572864321608,0.1978643216080402,0.7438148657862176,0.44928679200020194
F000240,0.0,0.3552763819095477,0.4444444444444444,0.5091750772173156,0.0,1.0,1.0,1.0,0.0,real,3,0.3701005025125628,0.3552763819095477,0.5258793969849246,0.13146984924623115,0.2823643657988435,0.3572253068104341
F000241,0.0,0.3552763819095477,0.625,0.6614378277661477,0.0,1.0,1.0,1.0,0.0,real,3,0.3701005025125628,0.3552763819095477,0.7658291457286432,0.1914572864321608,0.3267671270927502,0.358114567813944
F000242,0.0,0.3552763819095477,0.5694444444444444,0.5548606765399494,0.0,1.0,1.0,1.0,0.0,real,3,0.3701005025125628,0.3552763819095477,0.6582914572864321,0.16457286432160803,0.3068672508269993,0.35771602989823487
F000243,0.1706553760958049,0.857286432160804,0.7777777777777777,0.769800358919501,0.0,1.0,1.0,1.0,0.0,real,3,0.3701005025125628,0.857286432160804,0.928894472361809,0.23222361809045225,0.3569424067574051,0.744150352895129
F000244,0.0,0.3552763819095477,0.375,0.4639803635691685,0.5,1.0,1.0,1.0,0.5,real,3,0.9587939698492463,0.3552763819095477,0.4407035175879397,0.11017587939698492,0.690668922501957,0.4217694628923511
F000245,0.4730936953723087,0.97964824120603,0.7916666666666667,0.2204792759220492,0.0,1.0,1.0,1.0,0.0,real,3,0.3701005025125628,0.97964824120603,0.11256281407035176,0.02814070351758794,0.2058800282821141,0.9624951390116411
F000246,0.0,0.3552763819095477,0.4722222222222222,0.4194352464039305,0.0,1.0,1.0,1.0,0.0,real,3,0.3701005025125628,0.3552763819095477,0.4012562814070352,0.1003140703517588,0.2593028269488144,0.35676344978662156
F000247,0.0,0.3552763819095477,0.2083333333333333,0.5204164998665333,0.0,1.0,1.0,1.0,0.0,real,3,0.3701005025125628,0.3552763819095477,0.6005025125628141,0.15012562814070352,0.2961733920860584,0.3575018623267089
F000248,0.0,0.3552763819095477,0.4722222222222222,0.4811252243246882,0.0,1.0,1.0,1.0,0.0,real,3,0.3701005025125628,0.3552763819095477,0.4515075376884422,0.11287688442211055,0.26860183454963255,0.3569496824575137
F000249,0.0,0.3552763819095477,0.2638888888888888,0.7087417123429485,0.0,1.0,1.0,1.0,0.0,real,3,0.3701005025125628,0.3552763819095477,0.8801507537688442,0.22003768844221105,0.3479223693846115,0.3585382471402237
F000250,0.0,0.3552763819095477,0.4583333333333333,0.3632415786283894,0.0,1.0,1.0,1.0,0.0,real,3,0.3701005025125628,0.3552763819095477,0.2984924623115578,0.07462311557788945,0.24028635640514132,0.35638260397464705
F000251,0.1898569058357866,0.8753768844221106,0.7222222222222222,0.5091750772173156,0.5,1.0,1.0,1.0,0.5,real,3,0.9587939698492463,0.8753768844221106,0.5258793969849246,0.13146984924623115,0.731501982273175,0.8863437160677761
F000252,0.0596870220248513,0.7846733668341709,0.6805555555555556,0.6028481781725197,0.0,1.0,1.0,1.0,0.0,real,3,0.3701005025125628,0.7846733668341709,0.7364321608040201,0.18410804020100502,0.32132720764627154,0.7083471692634025
F000253,0.0,0.3552763819095477,0.5138888888888888,0.2926570486903538,0.0,1.0,1.0,1.0,0.0,real,3,0.3701005025125628,0.3552763819095477,0.17814070351758793,0.04453517587939698,0.2180152332011818,0.35593657672786033
F000254,0.0,0.3552763819095477,0.3333333333333332,0.6666666666666666,0.0,1.0,1.0,1.0,0.0,real,3,0.3701005025125628,0.3552763819095477,0.7771356783919598,0.19428391959798996,0.32885940380293427,0.3581564701648948
F000255,0.0,0.3552763819095477,0.3055555555555556,0.0962250448649376,0.0,1.0,1.0,1.0,0.0,real,3,0.3701005025125628,0.3552763819095477,0.018090452261306532,0.004522613065326633,0.18839789399257595,0.35534342567106886
F000256,0.1259971773572845,0.8105527638190955,0.611111111111111,0.1924500897298752,0.0,1.0,1.0,1.0,0.0,real,3,0.3701005025125628,0.8105527638190955,0.07613065326633166,0.019032663316582914,0.19913824777152095,0.8021697842226206
F000257,0.3519409161410501,0.9477386934673366,0.736111111111111,0.2405626121623441,0.0,1.0,1.0,1.0,0.0,real,3,0.3701005025125628,0.9477386934673366,0.13442211055276382,0.033605527638190955,0.20992509658847,0.9283268572763314
F000258,0.0,0.3552763819095477,0.6666666666666666,0.6666666666666667,0.25,1.0,1.0,1.0,0.25,real,3,0.8304020100502513,0.3552763819095477,0.7914572864321608,0.1978643216080402,0.7438148657862176,0.44928679200020194
F000259,0.0,0.3552763819095477,0.3333333333333333,0.5773502691896258,0.0,1.0,1.0,1.0,0.0,real,3,0.3701005025125628,0.3552763819095477,0.6907035175879397,0.17267587939698492,0.31286511072952705,0.35783614997096025
F000260,0.0,0.3552763819095477,0.0972222222222221,0.1734721666221776,0.5,1.0,1.0,1.0,0.5,real,3,0.9587939698492463,0.3552763819095477,0.04874371859296482,0.012185929648241205,0.5027645766521048,0.3626308047776571
F000261,0.0,0.3552763819095477,0.1666666666666666,0.3333333333333333,0.0,1.0,1.0,1.0,0.0,real,3,0.3701005025125628,0.3552763819095477,0.2020100502512563,0.05050251256281407,0.22243226181157041,0.35602503724653417
F000262,0.0446581987385203,0.7555276381909548,0.6666666666666666,0.5773502691896258,0.0,1.0,1.0,1.0,0.0,real,3,0.3701005025125628,0.7555276381909548,0.6907035175879397,0.17267587939698492,0.31286511072952705,0.6889736685942274
F000263,0.0,0.3552763819095477,0.1388888888888888,0.2545875386086578,0.5,1.0,1.0,1.0,0.5,real,3,0.9587939698492463,0.3552763819095477,0.15100502512562813,0.037751256281407033,0.5517883386783162,0.3780599290421959
F000264,0.1898569058357866,0.8753768844221106,0.7222222222222222,0.5091750772173156,0.0,1.0,1.0,1.0,0.0,real,3,0.3701005025125628,0.8753768844221106,0.5258793969849246,0.13146984924623115,0.2823643657988435,0.8089482746647811
F000265,0.0,0.3552763819095477,0.1666666666666666,0.5773502691896258,0.5,1.0,1.0,1.0,0.5,real,3,0.9587939698492463,0.3552763819095477,0.6907035175879397,0.17267587939698492,0.8105181687331128,0.45948931213858235
F000266,0.2666854362923786,0.9085427135678392,0.7361111111111112,0.4110735718596873,0.0,1.0,1.0,1.0,0.0,real,3,0.3701005025125628,0.9085427135678392,0.3821608040201005,0.09554020100502512,0.2557692040605035,0.8570998364940279
F000267,0.5334936490538904,0.9896984924623116,0.875,0.4330127018922193,0.0,1.0,1.0,1.0,0.0,real,3,0.3701005025125628,0.9896984924623116,0.4115577889447236,0.1028894472361809,0.2612091235069821,0.9259483977677332
F000268,0.0,0.3552763819095477,0.5833333333333334,0.726483157256779,0.0,1.0,1.0,1.0,0.0,real,3,0.3701005025125628,0.3552763819095477,0.8964824120603015,0.2241206030150754,0.3509445468548774,0.35859877275826363
F000269,0.0,0.3552763819095477,0.3194444444444444,0.6028481781725196,0.0,1.0,1.0,1.0,0.0,real,3,0.3701005025125628,0.3552763819095477,0.7298994974874372,0.1824748743718593,0.3201183366581652,0.3579814114542562
F000270,0.0,0.3552763819095477,0.3888888888888889,0.8388704928078611,0.0,1.0,1.0,1.0,0.0,real,3,0.3701005025125628,0.3552763819095477,0.9527638190954774,0.23819095477386934,0.36135943536779375,0.35880735334966285
F000271,0.0,0.3552763819095477,0.6527777777777778,0.6684005230842202,0.0,1.0,1.0,1.0,0.0,real,3,0.3701005025125628,0.3552763819095477,0.8040201005025126,0.20100502512562815,0.33383437286937195,0.3582561046438221
F000272,0.0,0.3552763819095477,0.6666666666666666,0.6666666666666667,0.0,1.0,1.0,1.0,0.0,real,3,0.3701005025125628,0.3552763819095477,0.7914572864321608,0.1978643216080402,0.3315096209691675,0.35820954647609904
F000273,0.0,0.3552763819095477,0.3333333333333333,0.6666666666666666,0.0,1.0,1.0,1.0,0.0,real,3,0.3701005025125628,0.3552763819095477,0.7771356783919598,0.19428391959798996,0.32885940380293427,0.3581564701648948
F000274,0.0,0.3552763819095477,0.4166666666666666,0.4409585518440984,0.0,1.0,1.0,1.0,0.0,real,3,0.3701005025125628,0.3552763819095477,0.4248743718592965,0.10621859296482412,0.26367336052119894,0.3568509791419408
F000275,0.0,0.3552763819095477,0.7222222222222222,0.9622504486493764,0.0,1.0,1.0,1.0,0.0,real,3,0.3701005025125628,0.3552763819095477,0.9869346733668342,0.24673366834170854,0.3676827605363501,0.3589339915658695
F000276,0.1371617270419147,0.8153266331658291,0.6527777777777778,0.3367876570272817,0.0,1.0,1.0,1.0,0.0,real,3,0.3701005025125628,0.8153266331658291,0.2379396984924623,0.059484924623115575,0.22908105224615538,0.7888423903436781
F000277,0.3779915320718537,0.9613065326633166,0.8333333333333333,0.5773502691896258,0.0,1.0,1.0,1.0,0.0,real,3,0.3701005025125628,0.9613065326633166,0.6907035175879397,0.17267587939698492,0.31286511072952705,0.8592195115022347
F000278,0.0,0.3552763819095477,0.3055555555555556,0.6735753140545634,0.25,1.0,1.0,1.0,0.25,real,3,0.8304020100502513,0.3552763819095477,0.8233668341708543,0.20584170854271358,0.7570637420772203,0.4530770529784601
F000279,0.0,0.3552763819095477,0.25,0.8660254037844386,0.0,1.0,1.0,1.0,0.0,real,3,0.3701005025125628,0.3552763819095477,0.9630653266331658,0.24076633165829145,0.36326573192596145,0.35884553104719574
F000280,0.0,0.3552763819095477,0.1111111111111111,0.3849001794597505,0.0,1.0,1.0,1.0,0.0,real,3,0.3701005025125628,0.3552763819095477,0.3391959798994975,0.08479899497487438,0.247818552561804,0.35653345243806966
F000281,0.0,0.3552763819095477,0.5694444444444444,0.4738533919231106,0.0,1.0,1.0,1.0,0.0,real,3,0.3701005025125628,0.3552763819095477,0.44748743718592965,0.11187185929648241,0.26785791394156716,0.35693478384384225
F000282,0.0,0.3552763819095477,0.2916666666666666,0.2204792759220492,0.0,1.0,1.0,1.0,0.0,real,3,0.3701005025125628,0.3552763819095477,0.11256281407035176,0.02814070351758794,0.2058800282821141,0.35569354309234613
F000283,0.0,0.3552763819095477,0.3055555555555556,0.6735753140545634,0.0,1.0,1.0,1.0,0.0,real,3,0.3701005025125628,0.3552763819095477,0.8233668341708543,0.20584170854271358,0.33741449079568697,0.3583278042221156
F000284,0.0,0.3552763819095477,0.25,0.5,0.0,1.0,1.0,1.0,0.0,real,3,0.3701005025125628,0.3552763819095477,0.4663316582914573,0.11658291457286432,0.2713450417918739,0.35700462109542686
F000285,0.3009680169468978,0.9190954773869346,0.7777777777777778,0.5091750772173156,0.25,1.0,1.0,1.0,0.25,real,3,0.8304020100502513,0.9190954773869346,0.5258793969849246,0.13146984924623115,0.6335466591752734,0.9074349606070553
F000286,0.0,0.3552763819095477,0.2777777777777778,0.5091750772173156,0.0,1.0,1.0,1.0,0.0,real,3,0.3701005025125628,0.3552763819095477,0.5258793969849246,0.13146984924623115,0.2823643657988435,0.3572253068104341
F000287,0.3231250834000667,0.93643216080402,0.7916666666666667,0.5204164998665333,0.0,1.0,1.0,1.0,0.0,real,3,0.3701005025125628,0.93643216080402,0.6005025125628141,0.15012562814070352,0.2961733920860584,0.8514112648670488
F000288,0.0,0.3552763819095477,0.6666666666666666,0.6666666666666667,0.0,1.0,1.0,1.0,0.0,real,3,0.3701005025125628,0.3552763819095477,0.7914572864321608,0.1978643216080402,0.3315096209691675,0.35820954647609904
F000289,0.0,0.3552763819095477,0.1944444444444444,0.3469443332443554,0.0,1.0,1.0,1.0,0.0,real,3,0.3701005025125628,0.3552763819095477,0.2562814070351759,0.06407035175879397,0.23247519002045403,0.3562261685310977
F000290,0.0,0.3552763819095477,0.6388888888888888,0.8552669065744807,0.0,1.0,1.0,1.0,0.0,real,3,0.3701005025125628,0.3552763819095477,0.9580402010050251,0.23951005025125627,0.36233583116587964,0.35882690778010656
F000291,0.0,0.3552763819095477,0.3472222222222222,0.6684005230842202,0.0,1.0,1.0,1.0,0.0,real,3,0.3701005025125628,0.3552763819095477,0.8040201005025126,0.20100502512562815,0.33383437286937195,0.3582561046438221
F000292,0.0446581987385203,0.7555276381909548,0.6666666666666666,0.5773502691896258,0.0,1.0,1.0,1.0,0.0,real,3,0.3701005025125628,0.7555276381909548,0.6907035175879397,0.17267587939698492,0.31286511072952705,0.6889736685942274
F000293,0.0,0.3552763819095477,0.6527777777777778,0.6684005230842202,0.0,1.0,1.0,1.0,0.0,real,3,0.3701005025125628,0.3552763819095477,0.8040201005025126,0.20100502512562815,0.33383437286937195,0.3582561046438221
F000294,0.0,0.3552763819095477,0.1944444444444444,0.0962250448649376,0.25,1.0,1.0,1.0,0.25,real,3,0.8304020100502513,0.3552763819095477,0.018090452261306532,0.004522613065326633,0.42271217898537916,0.3574251912830484
F000295,0.1504840084734488,0.8311557788944723,0.6388888888888888,0.2545875386086578,0.25,1.0,1.0,1.0,0.25,real,3,0.8304020100502513,0.8311557788944723,0.15100502512562813,0.037751256281407033,0.4778984432211308,0.8311273231736571
F000296,0.0,0.3552763819095477,0.3333333333333333,0.5773502691896258,0.0,1.0,1.0,1.0,0.0,real,3,0.3701005025125628,0.3552763819095477,0.6907035175879397,0.17267587939698492,0.31286511072952705,0.35783614997096025
F000297,0.0,0.3552763819095477,0.2916666666666666,0.5204164998665332,0.25,1.0,1.0,1.0,0.25,real,3,0.8304020100502513,0.3552763819095477,0.5768844221105528,0.1442211055276382,0.654723996868766,0.4237995252645135
F000298,0.0,0.3552763819095477,0.0972222222222221,0.1734721666221776,0.0,1.0,1.0,1.0,0.0,real,3,0.3701005025125628,0.3552763819095477,0.04874371859296482,0.012185929648241205,0.19407028862907505,0.3554570276003131
F000299,0.0,0.3552763819095477,0.1944444444444444,0.3469443332443554,0.0,1.0,1.0,1.0,0.0,real,3,0.3701005025125628,0.3552763819095477,0.2562814070351759,0.06407035175879397,0.23247519002045403,0.3562261685310977
F000300,0.0,0.3552763819095477,0.3888888888888889,0.693888666488711,0.0,1.0,1.0,1.0,0.0,real,3,0.3701005025125628,0.3552763819095477,0.8597989949748743,0.21494974874371858,0.3441562713062801,0.35846282290851234
F000301,0.0,0.3552763819095477,0.2916666666666666,0.2204792759220492,0.0,1.0,1.0,1.0,0.0,real,3,0.3701005025125628,0.3552763819095477,0.11256281407035176,0.02814070351758794,0.2058800282821141,0.35569354309234613
F000302,0.0,0.3552763819095477,0.361111111111111,0.5357583756107197,0.0,1.0,1.0,1.0,0.0,real,3,0.3701005025125628,0.3552763819095477,0.621859296482412,0.155464824120603,0.3001254703164062,0.35758101121183805
F000303,0.0,0.3552763819095477,0.25,0.1666666666666666,0.25,1.0,1.0,1.0,0.25,real,3,0.8304020100502513,0.3552763819095477,0.036683417085427134,0.009170854271356783,0.43043199666675086,0.35963368980581295
F000304,0.0,0.3552763819095477,0.3194444444444444,0.3757708127352411,0.0,1.0,1.0,1.0,0.0,real,3,0.3701005025125628,0.3552763819095477,0.3123115577889447,0.07807788944723618,0.24284358349536625,0.3564338179591424
F000305,0.0446581987385203,0.7555276381909548,0.6666666666666666,0.5773502691896258,0.25,1.0,1.0,1.0,0.25,real,3,0.8304020100502513,0.7555276381909548,0.6907035175879397,0.17267587939698492,0.7019817997020278,0.7684566361960556
F000306,0.0,0.3552763819095477,0.4305555555555555,0.5548606765399494,0.0,1.0,1.0,1.0,0.0,real,3,0.3701005025125628,0.3552763819095477,0.6582914572864321,0.16457286432160803,0.3068672508269993,0.35771602989823487
F000307,0.0,0.3552763819095477,0.4444444444444444,1.0183501544346312,0.25,1.0,1.0,1.0,0.25,real,3,0.8304020100502513,0.3552763819095477,0.9937185929648241,0.24842964824120603,0.8277939635362744,0.47331167457892476
F000308,0.0483797153000638,0.7670854271356784,0.6805555555555556,0.6254627916220946,0.5,1.0,1.0,1.0,0.5,real,3,0.9587939698492463,0.7670854271356784,0.7464824120603015,0.18662060301507538,0.8372584025655918,0.8028621909800258
F000309,0.0,0.3552763819095477,0.1666666666666666,0.5773502691896258,0.0,1.0,1.0,1.0,0.0,real,3,0.3701005025125628,0.3552763819095477,0.6907035175879397,0.17267587939698492,0.31286511072952705,0.35783614997096025
F000310,0.1371617270419147,0.8153266331658291,0.6527777777777778,0.3367876570272817,0.0,1.0,1.0,1.0,0.0,real,3,0.3701005025125628,0.8153266331658291,0.2379396984924623,0.059484924623115575,0.22908105224615538,0.7888423903436781
F000311,0.0,0.3552763819095477,0.4305555555555555,0.5548606765399494,0.25,1.0,1.0,1.0,0.25,real,3,0.8304020100502513,0.3552763819095477,0.6582914572864321,0.16457286432160803,0.6885242796899068,0.43346916744526653
F000312,0.0,0.3552763819095477,0.1111111111111111,0.3849001794597505,0.0,1.0,1.0,1.0,0.0,real,3,0.3701005025125628,0.3552763819095477,0.3391959798994975,0.08479899497487438,0.247818552561804,0.35653345243806966
F000313,0.0,0.3552763819095477,0.3055555555555556,0.6735753140545634,0.25,1.0,1.0,1.0,0.25,real,3,0.8304020100502513,0.3552763819095477,0.8233668341708543,0.20584170854271358,0.7570637420772203,0.4530770529784601
F000314,0.1666666666666666,0.8492462311557789,0.6666666666666666,0.3333333333333333,0.25,1.0,1.0,1.0,0.25,real,3,0.8304020100502513,0.8492462311557789,0.2020100502512563,0.05050251256281407,0.4990757809146234,0.8482945506426606
F000315,0.34077636645642,0.9424623115577888,0.6944444444444444,0.0962250448649376,0.0,1.0,1.0,1.0,0.0,real,3,0.3701005025125628,0.9424623115577888,0.018090452261306532,0.004522613065326633,0.18839789399257595,0.9398737405621069
F000316,0.25,0.8997487437185929,0.75,0.5,0.0,1.0,1.0,1.0,0.0,real,3,0.3701005025125628,0.8997487437185929,0.4663316582914573,0.11658291457286432,0.2713450417918739,0.8380008080604026
F000317,0.0,0.3552763819095477,0.3194444444444444,0.6028481781725196,0.25,1.0,1.0,1.0,0.25,real,3,0.8304020100502513,0.3552763819095477,0.7298994974874372,0.1824748743718593,0.7182560099492437,0.4419748712153733
F000318,0.0,0.3552763819095477,0.4722222222222222,0.4194352464039305,0.0,1.0,1.0,1.0,0.0,real,3,0.3701005025125628,0.3552763819095477,0.4012562814070352,0.1003140703517588,0.2593028269488144,0.35676344978662156
F000319,0.0,0.3552763819095477,0.2083333333333333,0.2204792759220492,0.0,1.0,1.0,1.0,0.0,real,3,0.3701005025125628,0.3552763819095477,0.11256281407035176,0.02814070351758794,0.2058800282821141,0.35569354309234613
F000320,0.0,0.3552763819095477,0.2222222222222222,0.769800358919501,0.0,1.0,1.0,1.0,0.0,real,3,0.3701005025125628,0.3552763819095477,0.928894472361809,0.23222361809045225,0.3569424067574051,0.35871889283098907
F000321,0.3779915320718537,0.9613065326633166,0.8333333333333333,0.5773502691896258,0.0,1.0,1.0,1.0,0.0,real,3,0.3701005025125628,0.9613065326633166,0.6907035175879397,0.17267587939698492,0.31286511072952705,0.8592195115022347
F000322,0.0,0.3552763819095477,0.2777777777777778,0.6938886664887108,0.0,1.0,1.0,1.0,0.0,real,3,0.3701005025125628,0.3552763819095477,0.8449748743718593,0.2112437185929648,0.34141306406403876,0.3584078842705992
F000323,0.0,0.3552763819095477,0.4166666666666667,0.2886751345948129,0.0,1.0,1.0,1.0,0.0,real,3,0.3701005025125628,0.3552763819095477,0.17185929648241205,0.04296482412060301,0.2168528572510795,0.35591329764399887
F000324,0.0,0.3552763819095477,0.3472222222222222,0.6684005230842202,0.25,1.0,1.0,1.0,0.25,real,3,0.8304020100502513,0.3552763819095477,0.8040201005025126,0.20100502512562815,0.7490309588141714,0.45077902073179965
F000325,0.0,0.3552763819095477,0.2361111111111111,0.4110735718596873,0.0,1.0,1.0,1.0,0.0,real,3,0.3701005025125628,0.3552763819095477,0.3821608040201005,0.09554020100502512,0.2557692040605035,0.3566926813716825
F000326,0.0,0.3552763819095477,0.3055555555555556,0.3469443332443555,0.0,1.0,1.0,1.0,0.0,real,3,0.3701005025125628,0.3552763819095477,0.27889447236180903,0.06972361809045226,0.2366597434408222,0.3563099732329991
F000327,0.0,0.3552763819095477,0.25,0.5,0.0,1.0,1.0,1.0,0.0,real,3,0.3701005025125628,0.3552763819095477,0.4663316582914573,0.11658291457286432,0.2713450417918739,0.35700462109542686
F000328,0.1371617270419147,0.8153266331658291,0.6527777777777778,0.3367876570272817,0.0,1.0,1.0,1.0,0.0,real,3,0.3701005025125628,0.8153266331658291,0.2379396984924623,0.059484924623115575,0.22908105224615538,0.7888423903436781
F000329,0.0,0.3552763819095477,0.2638888888888888,0.4110735718596873,0.0,1.0,1.0,1.0,0.0,real,3,0.3701005025125628,0.3552763819095477,0.3821608040201005,0.09554020100502512,0.2557692040605035,0.3566926813716825
F000330,0.0446581987385203,0.7555276381909548,0.6666666666666666,0.5773502691896258,0.25,1.0,1.0,1.0,0.25,real,3,0.8304020100502513,0.7555276381909548,0.6907035175879397,0.17267587939698492,0.7019817997020278,0.7684566361960556
F000331,0.0,0.3552763819095477,0.0972222222222221,0.1734721666221776,0.0,1.0,1.0,1.0,0.0,real,3,0.3701005025125628,0.3552763819095477,0.04874371859296482,0.012185929648241205,0.19407028862907505,0.3554570276003131
F000332,0.0,0.3552763819095477,0.3055555555555556,0.6735753140545634,0.0,1.0,1.0,1.0,0.0,real,3,0.3701005025125628,0.3552763819095477,0.8233668341708543,0.20584170854271358,0.33741449079568697,0.3583278042221156
F000333,0.0,0.3552763819095477,0.2361111111111111,0.4110735718596873,0.0,1.0,1.0,1.0,0.0,real,3,0.3701005025125628,0.3552763819095477,0.3821608040201005,0.09554020100502512,0.2557692040605035,0.3566926813716825
F000334,0.0,0.3552763819095477,0.2777777777777778,0.5091750772173156,0.0,1.0,1.0,1.0,0.0,real,3,0.3701005025125628,0.3552763819095477,0.5258793969849246,0.13146984924623115,0.2823643657988435,0.3572253068104341
F000335,0.0,0.3552763819095477,0.2222222222222222,0.769800358919501,0.0,1.0,1.0,1.0,0.0,real,3,0.3701005025125628,0.3552763819095477,0.928894472361809,0.23222361809045225,0.3569424067574051,0.35871889283098907
F000336,0.1564584167334001,0.8407035175879397,0.7083333333333334,0.5204164998665332,0.5,1.0,1.0,1.0,0.5,real,3,0.9587939698492463,0.8407035175879397,0.5768844221105528,0.1442211055276382,0.7559536375344058,0.8577346531653242
F000337,0.0,0.3552763819095477,0.2777777777777778,0.5091750772173156,0.0,1.0,1.0,1.0,0.0,real,3,0.3701005025125628,0.3552763819095477,0.5258793969849246,0.13146984924623115,0.2823643657988435,0.3572253068104341
F000338,0.0,0.3552763819095477,0.3055555555555556,0.6735753140545634,0.0,1.0,1.0,1.0,0.0,real,3,0.3701005025125628,0.3552763819095477,0.8233668341708543,0.20584170854271358,0.33741449079568697,0.3583278042221156
F000339,0.0,0.3552763819095477,0.3472222222222222,0.3367876570272817,0.5,1.0,1.0,1.0,0.5,real,3,0.9587939698492463,0.3552763819095477,0.2379396984924623,0.059484924623115575,0.5934645589757834,0.3911765801368652
F000340,0.0,0.3552763819095477,0.5694444444444444,0.4738533919231106,0.0,1.0,1.0,1.0,0.0,real,3,0.3701005025125628,0.3552763819095477,0.44748743718592965,0.11187185929648241,0.26785791394156716,0.35693478384384225
F000341,0.3779915320718537,0.9613065326633166,0.8333333333333333,0.5773502691896258,0.0,1.0,1.0,1.0,0.0,real,3,0.3701005025125628,0.9613065326633166,0.6907035175879397,0.17267587939698492,0.31286511072952705,0.8592195115022347
F000342,0.0,0.3552763819095477,0.3055555555555556,0.3469443332443555,0.25,1.0,1.0,1.0,0.25,real,3,0.8304020100502513,0.3552763819095477,0.27889447236180903,0.06972361809045226,0.5309982702457009,0.3884038597510163
F000343,0.0,0.3552763819095477,0.3055555555555556,0.6735753140545634,0.25,1.0,1.0,1.0,0.25,real,3,0.8304020100502513,0.3552763819095477,0.8233668341708543,0.20584170854271358,0.7570637420772203,0.4530770529784601
F000344,0.0,0.3552763819095477,0.4166666666666667,0.2886751345948129,0.0,1.0,1.0,1.0,0.0,real,3,0.3701005025125628,0.3552763819095477,0.17185929648241205,0.04296482412060301,0.2168528572510795,0.35591329764399887
F000345,0.0,0.3552763819095477,0.3333333333333333,0.5773502691896258,0.0,1.0,1.0,1.0,0.0,real,3,0.3701005025125628,0.3552763819095477,0.6907035175879397,0.17267587939698492,0.31286511072952705,0.35783614997096025
F000346,0.0297721324923469,0.7414572864321608,0.6111111111111112,0.3849001794597506,0.25,1.0,1.0,1.0,0.25,real,3,0.8304020100502513,0.7414572864321608,0.35904522613065326,0.08976130653266332,0.5642769437640465,0.7494410810333072
F000347,0.1706553760958049,0.857286432160804,0.7777777777777777,0.769800358919501,0.0,1.0,1.0,1.0,0.0,real,3,0.3701005025125628,0.857286432160804,0.928894472361809,0.23222361809045225,0.3569424067574051,0.744150352895129
F000348,0.0,0.3552763819095477,0.25,0.5,0.0,1.0,1.0,1.0,0.0,real,3,0.3701005025125628,0.3552763819095477,0.4663316582914573,0.11658291457286432,0.2713450417918739,0.35700462109542686
F000349,0.0,0.3552763819095477,0.2083333333333333,0.2204792759220492,0.0,1.0,1.0,1.0,0.0,real,3,0.3701005025125628,0.3552763819095477,0.11256281407035176,0.02814070351758794,0.2058800282821141,0.35569354309234613
F000350,0.0098985899724178,0.7160804020100503,0.6388888888888888,0.5357583756107198,0.25,1.0,1.0,1.0,0.25,real,3,0.8304020100502513,0.7160804020100503,0.6336683417085427,0.15841708542713567,0.6783007373551173,0.7341908979571224
F000351,0.1178513660507478,0.8060301507537688,0.736111111111111,0.7087417123429486,0.0,1.0,1.0,1.0,0.0,real,3,0.3701005025125628,0.8060301507537688,0.8869346733668342,0.22173366834170855,0.34917773541072195,0.7093698707103355
F000352,0.0,0.3552763819095477,0.3333333333333333,0.5773502691896258,0.0,1.0,1.0,1.0,0.0,real,3,0.3701005025125628,0.3552763819095477,0.6907035175879397,0.17267587939698492,0.31286511072952705,0.35783614997096025
F000353,0.0,0.3552763819095477,0.3055555555555556,0.3469443332443555,0.25,1.0,1.0,1.0,0.25,real,3,0.8304020100502513,0.3552763819095477,0.27889447236180903,0.06972361809045226,0.5309982702457009,0.3884038597510163
F000354,0.2666854362923786,0.9085427135678392,0.7361111111111112,0.4110735718596873,0.0,1.0,1.0,1.0,0.0,real,3,0.3701005025125628,0.9085427135678392,0.3821608040201005,0.09554020100502512,0.2557692040605035,0.8570998364940279
F000355,0.0,0.3552763819095477,0.361111111111111,0.6735753140545635,0.5,1.0,1.0,1.0,0.5,real,3,0.9587939698492463,0.3552763819095477,0.8384422110552764,0.2096105527638191,0.8813436529380572,0.48178003712027473
F000356,0.0,0.3552763819095477,0.2777777777777778,0.6938886664887108,0.0,1.0,1.0,1.0,0.0,real,3,0.3701005025125628,0.3552763819095477,0.8449748743718593,0.2112437185929648,0.34141306406403876,0.3584078842705992
F000357,0.0,0.3552763819095477,0.6111111111111112,0.693888666488711,0.0,1.0,1.0,1.0,0.0,real,3,0.3701005025125628,0.3552763819095477,0.8597989949748743,0.21494974874371858,0.3441562713062801,0.35846282290851234
F000358,0.0,0.3552763819095477,0.4444444444444444,0.5091750772173156,0.0,1.0,1.0,1.0,0.0,real,3,0.3701005025125628,0.3552763819095477,0.5258793969849246,0.13146984924623115,0.2823643657988435,0.3572253068104341
F000359,0.0,0.3552763819095477,0.5694444444444444,0.7469072033193752,0.0,1.0,1.0,1.0,0.0,real,3,0.3701005025125628,0.3552763819095477,0.9062814070351759,0.22657035175879398,0.35275785333703696,0.35863508812908756
F000360,0.0,0.3552763819095477,0.2361111111111111,0.4110735718596873,0.0,1.0,1.0,1.0,0.0,real,3,0.3701005025125628,0.3552763819095477,0.3821608040201005,0.09554020100502512,0.2557692040605035,0.3566926813716825
F000361,0.0,0.3552763819095477,0.4722222222222222,0.4194352464039305,0.5,1.0,1.0,1.0,0.5,real,3,0.9587939698492463,0.3552763819095477,0.4012562814070352,0.1003140703517588,0.6717580364132218,0.41581768768465444
F000362,0.0,0.3552763819095477,0.2083333333333333,0.5204164998665333,0.0,1.0,1.0,1.0,0.0,real,3,0.3701005025125628,0.3552763819095477,0.6005025125628141,0.15012562814070352,0.2961733920860584,0.3575018623267089
F000363,0.1564584167334001,0.8407035175879397,0.7083333333333334,0.5204164998665332,0.0,1.0,1.0,1.0,0.0,real,3,0.3701005025125628,0.8407035175879397,0.5768844221105528,0.1442211055276382,0.29180285851367394,0.7728326304891291
F000364,0.0,0.3552763819095477,0.1527777777777777,0.3367876570272816,0.0,1.0,1.0,1.0,0.0,real,3,0.3701005025125628,0.3552763819095477,0.2236180904522613,0.055904522613065326,0.22643083507992223,0.35610511729501776
F000365,0.0,0.3552763819095477,0.3194444444444444,0.8988160937424132,0.0,1.0,1.0,1.0,0.0,real,3,0.3701005025125628,0.3552763819095477,0.9771356783919598,0.24428391959798995,0.3658694540541906,0.35889767619504553
F000366,0.0,0.3552763819095477,0.25,0.5,0.0,1.0,1.0,1.0,0.0,real,3,0.3701005025125628,0.3552763819095477,0.4663316582914573,0.11658291457286432,0.2713450417918739,0.35700462109542686
F000367,0.0,0.3552763819095477,0.6111111111111112,0.693888666488711,0.25,1.0,1.0,1.0,0.25,real,3,0.8304020100502513,0.3552763819095477,0.8597989949748743,0.21494974874371858,0.7721904118582864,0.4574045163000934
F000368,0.3009680169468978,0.9190954773869346,0.7777777777777778,0.5091750772173156,0.0,1.0,1.0,1.0,0.0,real,3,0.3701005025125628,0.9190954773869346,0.5258793969849246,0.13146984924623115,0.2823643657988435,0.8469191908032625
F000369,0.0,0.3552763819095477,0.1666666666666666,0.5773502691896258,0.25,1.0,1.0,1.0,0.25,real,3,0.8304020100502513,0.3552763819095477,0.6907035175879397,0.17267587939698492,0.7019817997020278,0.4373191175727885
F000370,0.0,0.3552763819095477,0.5833333333333333,0.4409585518440984,0.0,1.0,1.0,1.0,0.0,real,3,0.3701005025125628,0.3552763819095477,0.4248743718592965,0.10621859296482412,0.26367336052119894,0.3568509791419408
F000371,0.0,0.3552763819095477,0.2777777777777778,0.5091750772173156,0.0,1.0,1.0,1.0,0.0,real,3,0.3701005025125628,0.3552763819095477,0.5258793969849246,0.13146984924623115,0.2823643657988435,0.3572253068104341
F000372,0.0,0.3552763819095477,0.3472222222222222,0.3367876570272817,0.0,1.0,1.0,1.0,0.0,real,3,0.3701005025125628,0.3552763819095477,0.2379396984924623,0.059484924623115575,0.22908105224615538,0.35615819360622203
F000373,0.0,0.3552763819095477,0.3194444444444444,0.3757708127352411,0.0,1.0,1.0,1.0,0.0,real,3,0.3701005025125628,0.3552763819095477,0.3123115577889447,0.07807788944723618,0.24284358349536625,0.3564338179591424
F000374,0.0,0.3552763819095477,0.6666666666666666,0.6666666666666667,0.0,1.0,1.0,1.0,0.0,real,3,0.3701005025125628,0.3552763819095477,0.7914572864321608,0.1978643216080402,0.3315096209691675,0.35820954647609904
F000375,0.6889957660359269,0.9964824120603016,0.9166666666666669,0.2886751345948128,0.0,1.0,1.0,1.0,0.0,real,3,0.3701005025125628,0.9964824120603016,0.16557788944723617,0.04139447236180904,0.21569048130097726,0.9705536634175905
F000376,0.0148860662461734,0.7268844221105528,0.5555555555555556,0.1924500897298752,0.25,1.0,1.0,1.0,0.25,real,3,0.8304020100502513,0.7268844221105528,0.07613065326633166,0.019032663316582914,0.44681052877452593,0.7288546375091539
F000377,0.1259971773572845,0.8105527638190955,0.611111111111111,0.1924500897298752,0.0,1.0,1.0,1.0,0.0,real,3,0.3701005025125628,0.8105527638190955,0.07613065326633166,0.019032663316582914,0.19913824777152095,0.8021697842226206
F000378,0.0,0.3552763819095477,0.2083333333333333,0.5204164998665333,0.0,1.0,1.0,1.0,0.0,real,3,0.3701005025125628,0.3552763819095477,0.6005025125628141,0.15012562814070352,0.2961733920860584,0.3575018623267089
F000379,0.1077083611333555,0.800502512562814,0.5972222222222222,0.1734721666221776,0.0,1.0,1.0,1.0,0.0,real,3,0.3701005025125628,0.800502512562814,0.04874371859296482,0.012185929648241205,0.19407028862907505,0.79525766394788
F000380,0.0,0.3552763819095477,0.2916666666666666,0.5204164998665332,0.0,1.0,1.0,1.0,0.0,real,3,0.3701005025125628,0.3552763819095477,0.5768844221105528,0.1442211055276382,0.29180285851367394,0.3574143329713896
F000381,0.0446581987385203,0.7555276381909548,0.6666666666666666,0.5773502691896258,0.0,1.0,1.0,1.0,0.0,real,3,0.3701005025125628,0.7555276381909548,0.6907035175879397,0.17267587939698492,0.31286511072952705,0.6889736685942274
F000382,0.3631054658256801,0.9542713567839196,0.7777777777777777,0.3849001794597506,0.25,1.0,1.0,1.0,0.25,real,3,0.8304020100502513,0.9542713567839196,0.35904522613065326,0.08976130653266332,0.5642769437640465,0.943152682381758
F000383,0.0,0.3552763819095477,0.2777777777777778,0.5091750772173156,0.0,1.0,1.0,1.0,0.0,real,3,0.3701005025125628,0.3552763819095477,0.5258793969849246,0.13146984924623115,0.2823643657988435,0.3572253068104341
F000384,0.0,0.3552763819095477,0.4444444444444444,0.1924500897298753,0.0,1.0,1.0,1.0,0.0,real,3,0.3701005025125628,0.3552763819095477,0.09321608040201006,0.023304020100502514,0.2022999103557991,0.3556218435140526
F000385,0.0,0.3552763819095477,0.4166666666666667,0.726483157256779,0.0,1.0,1.0,1.0,0.0,real,3,0.3701005025125628,0.3552763819095477,0.8964824120603015,0.2241206030150754,0.3509445468548774,0.35859877275826363
F000386,0.3222409918479341,0.9311557788944724,0.7638888888888888,0.4110735718596873,0.0,1.0,1.0,1.0,0.0,real,3,0.3701005025125628,0.9311557788944724,0.3821608040201005,0.09554020100502512,0.2557692040605035,0.8775524450140147
F000387,0.0,0.3552763819095477,0.25,0.8660254037844386,0.0,1.0,1.0,1.0,0.0,real,3,0.3701005025125628,0.3552763819095477,0.9630653266331658,0.24076633165829145,0.36326573192596145,0.35884553104719574
F000388,0.0,0.3552763819095477,0.1527777777777777,0.3367876570272816,0.0,1.0,1.0,1.0,0.0,real,3,0.3701005025125628,0.3552763819095477,0.2236180904522613,0.055904522613065326,0.22643083507992223,0.35610511729501776
F000389,0.0098985899724178,0.7160804020100503,0.6388888888888888,0.5357583756107198,0.25,1.0,1.0,1.0,0.25,real,3,0.8304020100502513,0.7160804020100503,0.6336683417085427,0.15841708542713567,0.6783007373551173,0.7341908979571224
F000390,0.5853276880479024,0.9934673366834172,0.8888888888888888,0.3849001794597506,0.25,1.0,1.0,1.0,0.25,real,3,0.8304020100502513,0.9934673366834172,0.35904522613065326,0.08976130653266332,0.5642769437640465,0.9788303799146487
F000391,0.0,0.3552763819095477,0.2916666666666666,0.5204164998665332,0.0,1.0,1.0,1.0,0.0,real,3,0.3701005025125628,0.3552763819095477,0.5768844221105528,0.1442211055276382,0.29180285851367394,0.3574143329713896
F000392,0.1485783278408043,0.8226130653266331,0.7361111111111112,0.6472877887628358,0.0,1.0,1.0,1.0,0.0,real,3,0.3701005025125628,0.8226130653266331,0.7580402010050251,0.18951005025125628,0.3253257809146234,0.7368573868084138
F000393,0.0,0.3552763819095477,0.6666666666666666,0.6666666666666667,0.0,1.0,1.0,1.0,0.0,real,3,0.3701005025125628,0.3552763819095477,0.7914572864321608,0.1978643216080402,0.3315096209691675,0.35820954647609904
F000394,0.0,0.3552763819095477,0.6388888888888888,0.7515416254704823,0.25,1.0,1.0,1.0,0.25,real,3,0.8304020100502513,0.3552763819095477,0.9095477386934674,0.22738693467336685,0.7928461402489837,0.46331374207722026
F000395,0.0,0.3552763819095477,0.5,0.0,0.0,1.0,1.0,1.0,0.0,real,3,0.3701005025125628,0.3552763819095477,0.0007537688442211055,0.00018844221105527637,0.1851897363702937,0.35527917539961107
F000396,0.0,0.3552763819095477,0.2777777777777778,0.5091750772173156,0.0,1.0,1.0,1.0,0.0,real,3,0.3701005025125628,0.3552763819095477,0.5258793969849246,0.13146984924623115,0.2823643657988435,0.3572253068104341
F000397,0.1564584167334001,0.8407035175879397,0.7083333333333334,0.5204164998665332,0.0,1.0,1.0,1.0,0.0,real,3,0.3701005025125628,0.8407035175879397,0.5768844221105528,0.1442211055276382,0.29180285851367394,0.7728326304891291
F000398,0.0,0.3552763819095477,0.25,0.1666666666666666,0.0,1.0,1.0,1.0,0.0,real,3,0.3701005025125628,0.3552763819095477,0.036683417085427134,0.009170854271356783,0.19183852680487867,0.355412331759299
F000399,0.0,0.3552763819095477,0.2777777777777778,0.5091750772173156,0.0,1.0,1.0,1.0,0.0,real,3,0.3701005025125628,0.3552763819095477,0.5258793969849246,0.13146984924623115,0.2823643657988435,0.3572253068104341
F000400,0.0,0.3552763819095477,0.2361111111111111,0.4110735718596873,0.0,1.0,1.0,1.0,0.0,real,3,0.3701005025125628,0.3552763819095477,0.3821608040201005,0.09554020100502512,0.2557692040605035,0.3566926813716825
F000401,0.3009680169468978,0.9190954773869346,0.7777777777777778,0.5091750772173156,0.0,1.0,1.0,1.0,0.0,real,3,0.3701005025125628,0.9190954773869346,0.5258793969849246,0.13146984924623115,0.2823643657988435,0.8469191908032625
F000402,0.3631054658256801,0.9542713567839196,0.7777777777777777,0.3849001794597506,0.25,1.0,1.0,1.0,0.25,real,3,0.8304020100502513,0.9542713567839196,0.35904522613065326,0.08976130653266332,0.5642769437640465,0.943152682381758
F000403,0.0,0.3552763819095477,0.4861111111111111,0.2926570486903539,0.5,1.0,1.0,1.0,0.5,real,3,0.9587939698492463,0.3552763819095477,0.18266331658291457,0.04566582914572864,0.5669652281508043,0.38283651296684423
F000404,0.01116454968463,0.7221105527638191,0.5416666666666666,0.1443375672974064,0.0,1.0,1.0,1.0,0.0,real,3,0.3701005025125628,0.7221105527638191,0.02864321608040201,0.007160804020100503,0.19035068558874776,0.719589877780864
F000405,0.0446581987385203,0.7555276381909548,0.6666666666666666,0.5773502691896258,0.0,1.0,1.0,1.0,0.0,real,3,0.3701005025125628,0.7555276381909548,0.6907035175879397,0.17267587939698492,0.31286511072952705,0.6889736685942274
F000406,0.306427028705642,0.9263819095477388,0.7083333333333334,0.2204792759220492,0.0,1.0,1.0,1.0,0.0,real,3,0.3701005025125628,0.9263819095477388,0.11256281407035176,0.02814070351758794,0.2058800282821141,0.9107277594000154
F000407,0.0,0.3552763819095477,0.2777777777777778,0.5091750772173156,0.0,1.0,1.0,1.0,0.0,real,3,0.3701005025125628,0.3552763819095477,0.5258793969849246,0.13146984924623115,0.2823643657988435,0.3572253068104341
F000408,0.0,0.3552763819095477,0.25,0.5,0.0,1.0,1.0,1.0,0.0,real,3,0.3701005025125628,0.3552763819095477,0.4663316582914573,0.11658291457286432,0.2713450417918739,0.35700462109542686
F000409,0.0,0.3552763819095477,0.2638888888888888,0.4110735718596873,0.0,1.0,1.0,1.0,0.0,real,3,0.3701005025125628,0.3552763819095477,0.3821608040201005,0.09554020100502512,0.2557692040605035,0.3566926813716825
F000410,0.1706553760958049,0.857286432160804,0.7777777777777777,0.769800358919501,0.0,1.0,1.0,1.0,0.0,real,3,0.3701005025125628,0.857286432160804,0.928894472361809,0.23222361809045225,0.3569424067574051,0.744150352895129
F000411,0.0,0.3552763819095477,0.361111111111111,0.5357583756107197,0.0,1.0,1.0,1.0,0.0,real,3,0.3701005025125628,0.3552763819095477,0.621859296482412,0.155464824120603,0.3001254703164062,0.35758101121183805
F000412,0.0,0.3552763819095477,0.5138888888888888,0.2926570486903538,0.0,1.0,1.0,1.0,0.0,real,3,0.3701005025125628,0.3552763819095477,0.17814070351758793,0.04453517587939698,0.2180152332011818,0.35593657672786033
F000413,0.0334936490538903,0.7457286432160805,0.625,0.4330127018922193,0.0,1.0,1.0,1.0,0.0,real,3,0.3701005025125628,0.7457286432160805,0.4115577889447236,0.1028894472361809,0.2612091235069821,0.7070804714527411
F000414,0.0,0.3552763819095477,0.3055555555555556,0.6735753140545634,0.0,1.0,1.0,1.0,0.0,real,3,0.3701005025125628,0.3552763819095477,0.8233668341708543,0.20584170854271358,0.33741449079568697,0.3583278042221156
F000415,0.0,0.3552763819095477,0.4305555555555555,0.3367876570272817,0.25,1.0,1.0,1.0,0.25,real,3,0.8304020100502513,0.3552763819095477,0.2379396984924623,0.059484924623115575,0.5139938069745713,0.3835391940860079
F000416,0.0,0.3552763819095477,0.5277777777777778,0.4194352464039305,0.0,1.0,1.0,1.0,0.0,real,3,0.3701005025125628,0.3552763819095477,0.4012562814070352,0.1003140703517588,0.2593028269488144,0.35676344978662156
F000417,0.0,0.3552763819095477,0.361111111111111,0.5357583756107197,0.25,1.0,1.0,1.0,0.25,real,3,0.8304020100502513,0.3552763819095477,0.621859296482412,0.155464824120603,0.6733976099088407,0.42914170412363317
F000418,0.4376389444889332,0.9701005025125627,0.8055555555555556,0.3469443332443555,0.0,1.0,1.0,1.0,0.0,real,3,0.3701005025125628,0.9701005025125627,0.27889447236180903,0.06972361809045226,0.2366597434408222,0.9282663316582913
F000419,0.0,0.3552763819095477,0.1666666666666666,0.3333333333333333,0.0,1.0,1.0,1.0,0.0,real,3,0.3701005025125628,0.3552763819095477,0.2020100502512563,0.05050251256281407,0.22243226181157041,0.35602503724653417
F000420,0.3009680169468978,0.9190954773869346,0.7777777777777778,0.5091750772173156,0.0,1.0,1.0,1.0,0.0,real,3,0.3701005025125628,0.9190954773869346,0.5258793969849246,0.13146984924623115,0.2823643657988435,0.8469191908032625
F000421,0.0,0.3552763819095477,0.4166666666666666,0.4409585518440984,0.0,1.0,1.0,1.0,0.0,real,3,0.3701005025125628,0.3552763819095477,0.4248743718592965,0.10621859296482412,0.26367336052119894,0.3568509791419408
F000422,0.0,0.3552763819095477,0.25,0.1666666666666666,0.0,1.0,1.0,1.0,0.0,real,3,0.3701005025125628,0.3552763819095477,0.036683417085427134,0.009170854271356783,0.19183852680487867,0.355412331759299
F000423,0.0,0.3552763819095477,0.4444444444444444,0.1924500897298753,0.0,1.0,1.0,1.0,0.0,real,3,0.3701005025125628,0.3552763819095477,0.09321608040201006,0.023304020100502514,0.2022999103557991,0.3556218435140526
F000424,0.0,0.3552763819095477,0.5833333333333334,0.7637626158259734,0.0,1.0,1.0,1.0,0.0,real,3,0.3701005025125628,0.3552763819095477,0.9140703517587939,0.22851758793969848,0.35419919951516377,0.35866395419307595
F000425,0.1485783278408043,0.8226130653266331,0.7361111111111112,0.6472877887628358,0.0,1.0,1.0,1.0,0.0,real,3,0.3701005025125628,0.8226130653266331,0.7580402010050251,0.18951005025125628,0.3253257809146234,0.7368573868084138
F000426,0.0,0.3552763819095477,0.3055555555555556,0.6735753140545634,0.0,1.0,1.0,1.0,0.0,real,3,0.3701005025125628,0.3552763819095477,0.8233668341708543,0.20584170854271358,0.33741449079568697,0.3583278042221156
F000427,0.0,0.3552763819095477,0.2222222222222221,0.3849001794597505,0.0,1.0,1.0,1.0,0.0,real,3,0.3701005025125628,0.3552763819095477,0.3391959798994975,0.08479899497487438,0.247818552561804,0.35653345243806966
F000428,0.0,0.3552763819095477,0.6111111111111112,0.693888666488711,0.0,1.0,1.0,1.0,0.0,real,3,0.3701005025125628,0.3552763819095477,0.8597989949748743,0.21494974874371858,0.3441562713062801,0.35846282290851234
F000429,0.0,0.3552763819095477,0.2083333333333333,0.5204164998665333,0.0,1.0,1.0,1.0,0.0,real,3,0.3701005025125628,0.3552763819095477,0.6005025125628141,0.15012562814070352,0.2961733920860584,0.3575018623267089
F000430,0.0,0.3552763819095477,0.2777777777777778,0.5091750772173156,0.5,1.0,0.5,0.5,0.5,real,3,0.9587939698492463,0.3552763819095477,0.5258793969849246,0.06573492462311557,0.3657509911365875,0.3949485650614883
F000431,0.0596870220248513,0.7846733668341709,0.6805555555555556,0.6028481781725197,0.0,1.0,1.0,1.0,0.0,real,3,0.3701005025125628,0.7846733668341709,0.7364321608040201,0.18410804020100502,0.32132720764627154,0.7083471692634025
F000432,0.1706553760958049,0.857286432160804,0.7777777777777777,0.769800358919501,0.25,1.0,1.0,1.0,0.25,real,3,0.8304020100502513,0.857286432160804,0.928894472361809,0.23222361809045225,0.8008789235120325,0.8510432343880205
F000433,0.0,0.3552763819095477,0.3611111111111111,0.2545875386086578,0.0,1.0,1.0,1.0,0.0,real,3,0.3701005025125628,0.3552763819095477,0.15100502512562813,0.037751256281407033,0.21299376909673998,0.3558360110855786
F000434,0.0,0.3552763819095477,0.4027777777777778,0.1734721666221777,0.0,1.0,1.0,1.0,0.0,real,3,0.3701005025125628,0.3552763819095477,0.0592964824120603,0.014824120603015075,0.19602308022524684,0.35549613646120043
F000435,0.2666854362923786,0.9085427135678392,0.7361111111111112,0.4110735718596873,0.0,1.0,1.0,1.0,0.0,real,3,0.3701005025125628,0.9085427135678392,0.3821608040201005,0.09554020100502512,0.2557692040605035,0.8570998364940279
F000436,0.1077083611333555,0.800502512562814,0.5972222222222222,0.1734721666221776,0.0,1.0,1.0,1.0,0.0,real,3,0.3701005025125628,0.800502512562814,0.04874371859296482,0.012185929648241205,0.19407028862907505,0.79525766394788
F000437,0.0,0.3552763819095477,0.4305555555555556,0.7280745790045088,0.0,1.0,1.0,1.0,0.0,real,3,0.3701005025125628,0.3552763819095477,0.9025125628140703,0.22562814070351758,0.35206042776697555,0.3586211206787707
F000438,0.0,0.3552763819095477,0.2777777777777778,0.6938886664887108,0.0,1.0,1.0,1.0,0.0,real,3,0.3701005025125628,0.3552763819095477,0.8449748743718593,0.2112437185929648,0.34141306406403876,0.3584078842705992
F000439,0.0,0.3552763819095477,0.4166666666666666,0.4409585518440984,0.0,1.0,1.0,1.0,0.0,real,3,0.3701005025125628,0.3552763819095477,0.4248743718592965,0.10621859296482412,0.26367336052119894,0.3568509791419408
F000440,0.0,0.3552763819095477,0.5277777777777778,0.4194352464039305,0.0,1.0,1.0,1.0,0.0,real,3,0.3701005025125628,0.3552763819095477,0.4012562814070352,0.1003140703517588,0.2593028269488144,0.35676344978662156
F000441,0.0,0.3552763819095477,0.361111111111111,0.5357583756107197,0.0,1.0,1.0,1.0,0.0,real,3,0.3701005025125628,0.3552763819095477,0.621859296482412,0.155464824120603,0.3001254703164062,0.35758101121183805
F000442,0.1732257047434905,0.8628140703517588,0.6805555555555556,0.3757708127352412,0.0,1.0,1.0,1.0,0.0,real,3,0.3701005025125628,0.8628140703517588,0.32437185929648243,0.08109296482412061,0.24507534531956263,0.8228584663266079
F000443,0.0,0.3552763819095477,0.6111111111111112,0.693888666488711,0.5,1.0,1.0,1.0,0.5,real,3,0.9587939698492463,0.3552763819095477,0.8597989949748743,0.21494974874371858,0.8915820307567991,0.48500233579960095
F000444,0.0,0.3552763819095477,0.3611111111111111,0.2545875386086578,0.0,1.0,1.0,1.0,0.0,real,3,0.3701005025125628,0.3552763819095477,0.15100502512562813,0.037751256281407033,0.21299376909673998,0.3558360110855786
F000445,0.2814992943393211,0.9125628140703518,0.6527777777777778,0.0481125224324687,0.0,1.0,1.0,1.0,0.0,real,3,0.3701005025125628,0.9125628140703518,0.004020100502512563,0.0010050251256281408,0.18579417186434688,0.9120176258175299
F000446,0.0521012318616071,0.7761306532663317,0.6944444444444444,0.6735753140545634,0.0,1.0,1.0,1.0,0.0,real,3,0.3701005025125628,0.7761306532663317,0.8233668341708543,0.20584170854271358,0.33741449079568697,0.6925527133153203
F000447,0.1077083611333555,0.800502512562814,0.5972222222222222,0.1734721666221776,0.5,1.0,1.0,1.0,0.5,real,3,0.9587939698492463,0.800502512562814,0.04874371859296482,0.012185929648241205,0.5027645766521048,0.802431441125224
F000448,0.0,0.3552763819095477,0.4583333333333333,0.3632415786283894,0.0,1.0,1.0,1.0,0.0,real,3,0.3701005025125628,0.3552763819095477,0.2984924623115578,0.07462311557788945,0.24028635640514132,0.35638260397464705
F000449,0.0446581987385203,0.7555276381909548,0.6666666666666666,0.5773502691896258,0.25,1.0,1.0,1.0,0.25,real,3,0.8304020100502513,0.7555276381909548,0.6907035175879397,0.17267587939698492,0.7019817997020278,0.7684566361960556
F000450,0.0,0.3552763819095477,0.1111111111111111,0.3849001794597505,0.0,1.0,1.0,1.0,0.0,real,3,0.3701005025125628,0.3552763819095477,0.3391959798994975,0.08479899497487438,0.247818552561804,0.35653345243806966
F000451,0.0,0.3552763819095477,0.6666666666666666,1.1547005383792517,0.0,1.0,1.0,1.0,0.0,real,3,0.3701005025125628,0.3552763819095477,0.9984924623115577,0.24962311557788944,0.36982153228453823,0.3589768250801747
F000452,0.0,0.3552763819095477,0.25,0.5,0.25,1.0,1.0,1.0,0.25,real,3,0.8304020100502513,0.3552763819095477,0.4663316582914573,0.11658291457286432,0.6088223782227721,0.41066791242645384
F000453,0.0098985899724178,0.7160804020100503,0.6388888888888888,0.5357583756107198,0.0,1.0,1.0,1.0,0.0,real,3,0.3701005025125628,0.7160804020100503,0.6336683417085427,0.15841708542713567,0.3023107371025984,0.6612712747152851
F000454,0.0,0.3552763819095477,0.4444444444444444,0.1924500897298753,0.25,1.0,1.0,1.0,0.25,real,3,0.8304020100502513,0.3552763819095477,0.09321608040201006,0.023304020100502514,0.45390441529254316,0.36634871909800254
F000455,0.0,0.3552763819095477,0.375,0.6614378277661477,0.0,1.0,1.0,1.0,0.0,real,3,0.3701005025125628,0.3552763819095477,0.7658291457286432,0.1914572864321608,0.3267671270927502,0.358114567813944
F000456,0.0,0.3552763819095477,0.25,0.1666666666666666,0.5,1.0,1.0,1.0,0.5,real,3,0.9587939698492463,0.3552763819095477,0.036683417085427134,0.009170854271356783,0.4969829044721093,0.3608111537587434
F000457,0.0,0.3552763819095477,0.3888888888888889,0.1924500897298752,0.25,1.0,1.0,1.0,0.25,real,3,0.8304020100502513,0.3552763819095477,0.07613065326633166,0.019032663316582914,0.44681052877452593,0.36431928802302965
F000458,0.6815527329128401,0.9959798994974874,0.8888888888888888,0.1924500897298752,0.0,1.0,1.0,1.0,0.0,real,3,0.3701005025125628,0.9959798994974874,0.07613065326633166,0.019032663316582914,0.19913824777152095,0.9840677476578875
F000459,0.1504840084734488,0.8311557788944723,0.6388888888888888,0.2545875386086578,0.0,1.0,1.0,1.0,0.0,real,3,0.3701005025125628,0.8311557788944723,0.15100502512562813,0.037751256281407033,0.21299376909673998,0.8137503629958839
F000460,0.0,0.3552763819095477,0.2777777777777778,0.6938886664887108,0.0,1.0,1.0,1.0,0.0,real,3,0.3701005025125628,0.3552763819095477,0.8449748743718593,0.2112437185929648,0.34141306406403876,0.3584078842705992
F000461,0.0,0.3552763819095477,0.3333333333333333,0.3333333333333333,0.0,1.0,1.0,1.0,0.0,real,3,0.3701005025125628,0.3552763819095477,0.2020100502512563,0.05050251256281407,0.22243226181157041,0.35602503724653417
F000462,0.0,0.3552763819095477,0.2916666666666666,0.5204164998665332,0.25,1.0,1.0,1.0,0.25,real,3,0.8304020100502513,0.3552763819095477,0.5768844221105528,0.1442211055276382,0.654723996868766,0.4237995252645135
F000463,0.0,0.3552763819095477,0.625,0.6614378277661477,0.0,1.0,1.0,1.0,0.0,real,3,0.3701005025125628,0.3552763819095477,0.7658291457286432,0.1914572864321608,0.3267671270927502,0.358114567813944
F000464,0.0,0.3552763819095477,0.6527777777777778,0.6684005230842202,0.25,1.0,1.0,1.0,0.25,real,3,0.8304020100502513,0.3552763819095477,0.8040201005025126,0.20100502512562815,0.7490309588141714,0.45077902073179965
F000465,0.0,0.3552763819095477,0.2083333333333333,0.7216878364870323,0.0,1.0,1.0,1.0,0.0,real,3,0.3701005025125628,0.3552763819095477,0.8907035175879398,0.22267587939698494,0.34987516098078336,0.358577356001111
F000466,0.1706553760958049,0.857286432160804,0.7777777777777777,0.769800358919501,0.0,1.0,1.0,1.0,0.0,real,3,0.3701005025125628,0.857286432160804,0.928894472361809,0.23222361809045225,0.3569424067574051,0.744150352895129
F000467,0.1898569058357866,0.8753768844221106,0.7222222222222222,0.5091750772173156,0.0,1.0,1.0,1.0,0.0,real,3,0.3701005025125628,0.8753768844221106,0.5258793969849246,0.13146984924623115,0.2823643657988435,0.8089482746647811
F000468,0.4376389444889332,0.9701005025125627,0.8055555555555556,0.3469443332443555,0.0,1.0,1.0,1.0,0.0,real,3,0.3701005025125628,0.9701005025125627,0.27889447236180903,0.06972361809045226,0.2366597434408222,0.9282663316582913
F000469,0.0,0.3552763819095477,0.2638888888888888,0.7087417123429485,0.5,1.0,1.0,1.0,0.5,real,3,0.9587939698492463,0.3552763819095477,0.8801507537688442,0.22003768844221105,0.9013386025605414,0.4880729968940178
F000470,0.0,0.3552763819095477,0.3472222222222222,0.0481125224324688,0.25,1.0,1.0,1.0,0.25,real,3,0.8304020100502513,0.3552763819095477,0.008542713567839196,0.002135678391959799,0.4187479482841342,0.35629109744703413
F000471,0.0521012318616071,0.7761306532663317,0.6944444444444444,0.6735753140545634,0.25,1.0,1.0,1.0,0.25,real,3,0.8304020100502513,0.7761306532663317,0.8233668341708543,0.20584170854271358,0.7570637420772203,0.7873019620716648
F000472,0.0,0.3552763819095477,0.2638888888888888,0.4110735718596873,0.0,1.0,1.0,1.0,0.0,real,3,0.3701005025125628,0.3552763819095477,0.3821608040201005,0.09554020100502512,0.2557692040605035,0.3566926813716825
F000473,0.0098985899724178,0.7160804020100503,0.6388888888888888,0.5357583756107198,0.0,1.0,1.0,1.0,0.0,real,3,0.3701005025125628,0.7160804020100503,0.6336683417085427,0.15841708542713567,0.3023107371025984,0.6612712747152851
F000474,0.0,0.3552763819095477,0.3194444444444444,0.3757708127352411,0.0,1.0,1.0,1.0,0.0,real,3,0.3701005025125628,0.3552763819095477,0.3123115577889447,0.07807788944723618,0.24284358349536625,0.3564338179591424
F000475,0.1898569058357866,0.8753768844221106,0.7222222222222222,0.5091750772173156,0.0,1.0,1.0,1.0,0.0,real,3,0.3701005025125628,0.8753768844221106,0.5258793969849246,0.13146984924623115,0.2823643657988435,0.8089482746647811
F000476,0.0521012318616071,0.7761306532663317,0.6944444444444444,0.6735753140545634,0.0,1.0,1.0,1.0,0.0,real,3,0.3701005025125628,0.7761306532663317,0.8233668341708543,0.20584170854271358,0.33741449079568697,0.6925527133153203
F000477,0.0,0.3552763819095477,0.4583333333333333,0.1443375672974064,0.5,1.0,1.0,1.0,0.5,real,3,0.9587939698492463,0.3552763819095477,0.02864321608040201,0.007160804020100503,0.49312845635211233,0.35959805307946763
F000478,0.0,0.3552763819095477,0.6388888888888888,0.8552669065744807,0.0,1.0,1.0,1.0,0.0,real,3,0.3701005025125628,0.3552763819095477,0.9580402010050251,0.23951005025125627,0.36233583116587964,0.35882690778010656
F000479,0.306427028705642,0.9263819095477388,0.7083333333333334,0.2204792759220492,0.5,1.0,1.0,1.0,0.5,real,3,0.9587939698492463,0.9263819095477388,0.11256281407035176,0.02814070351758794,0.5333592586045808,0.9272940077270778
F000480,0.4999999999999999,0.984422110552764,0.8333333333333333,0.3333333333333333,0.25,1.0,1.0,1.0,0.25,real,3,0.8304020100502513,0.984422110552764,0.2020100502512563,0.05050251256281407,0.4990757809146234,0.97664370849221
F000481,0.0,0.3552763819095477,0.5833333333333333,0.4409585518440985,0.0,1.0,1.0,1.0,0.0,real,3,0.3701005025125628,0.3552763819095477,0.43517587939698493,0.10879396984924623,0.2655796570793667,0.3568891568394737
F000482,0.2814992943393211,0.9125628140703518,0.6527777777777778,0.0481125224324687,0.0,1.0,1.0,1.0,0.0,real,3,0.3701005025125628,0.9125628140703518,0.004020100502512563,0.0010050251256281408,0.18579417186434688,0.9120176258175299
F000483,0.0,0.3552763819095477,0.4305555555555555,0.4738533919231106,0.0,1.0,1.0,1.0,0.0,real,3,0.3701005025125628,0.3552763819095477,0.44748743718592965,0.11187185929648241,0.26785791394156716,0.35693478384384225
F000484,0.4730936953723087,0.97964824120603,0.7916666666666667,0.2204792759220492,0.0,1.0,1.0,1.0,0.0,real,3,0.3701005025125628,0.97964824120603,0.11256281407035176,0.02814070351758794,0.2058800282821141,0.9624951390116411
F000485,0.0,0.3552763819095477,0.2083333333333333,0.5204164998665333,0.5,1.0,1.0,1.0,0.5,real,3,0.9587939698492463,0.3552763819095477,0.6005025125628141,0.15012562814070352,0.7672760788868969,0.44587983889295724
F000486,0.0,0.3552763819095477,0.4305555555555555,0.5548606765399494,0.0,1.0,1.0,1.0,0.0,real,3,0.3701005025125628,0.3552763819095477,0.6582914572864321,0.16457286432160803,0.3068672508269993,0.35771602989823487
F000487,0.0,0.3552763819095477,0.2638888888888888,0.7087417123429485,0.0,1.0,1.0,1.0,0.0,real,3,0.3701005025125628,0.3552763819095477,0.8801507537688442,0.22003768844221105,0.3479223693846115,0.3585382471402237
F000488,0.3009680169468978,0.9190954773869346,0.7777777777777778,0.5091750772173156,0.25,1.0,1.0,1.0,0.25,real,3,0.8304020100502513,0.9190954773869346,0.5258793969849246,0.13146984924623115,0.6335466591752734,0.9074349606070553
F000489,0.1666666666666666,0.8492462311557789,0.6666666666666666,0.3333333333333333,0.0,1.0,1.0,1.0,0.0,real,3,0.3701005025125628,0.8492462311557789,0.2020100502512563,0.05050251256281407,0.22243226181157041,0.8250481679755562
F000490,0.0,0.3552763819095477,0.1666666666666666,0.3333333333333333,0.0,1.0,1.0,1.0,0.0,real,3,0.3701005025125628,0.3552763819095477,0.2020100502512563,0.05050251256281407,0.22243226181157041,0.35602503724653417
F000491,0.4166666666666666,0.9655778894472362,0.75,0.1666666666666667,0.0,1.0,1.0,1.0,0.0,real,3,0.3701005025125628,0.9655778894472362,0.04246231155778894,0.010615577889447236,0.19290791267897275,0.9592565528648267
F000492,0.0,0.3552763819095477,0.2916666666666666,0.5204164998665332,0.0,1.0,1.0,1.0,0.0,real,3,0.3701005025125628,0.3552763819095477,0.5768844221105528,0.1442211055276382,0.29180285851367394,0.3574143329713896
F000493,0.0,0.3552763819095477,0.2777777777777778,0.3849001794597505,0.0,1.0,1.0,1.0,0.0,real,3,0.3701005025125628,0.3552763819095477,0.3391959798994975,0.08479899497487438,0.247818552561804,0.35653345243806966
F000494,0.0,0.3552763819095477,0.2222222222222221,0.3849001794597505,0.0,1.0,1.0,1.0,0.0,real,3,0.3701005025125628,0.3552763819095477,0.3391959798994975,0.08479899497487438,0.247818552561804,0.35653345243806966
F000495,0.0,0.3552763819095477,0.6111111111111112,0.693888666488711,0.5,1.0,1.0,1.0,0.5,real,3,0.9587939698492463,0.3552763819095477,0.8597989949748743,0.21494974874371858,0.8915820307567991,0.48500233579960095
F000496,0.0,0.3552763819095477,0.625,1.0897247358851685,0.0,1.0,1.0,1.0,0.0,real,3,0.3701005025125628,0.3552763819095477,0.9962311557788944,0.2490577889447236,0.36940307694250146,0.35896844460998456
F000497,0.0,0.3552763819095477,0.5833333333333334,0.7637626158259733,0.0,1.0,1.0,1.0,0.0,real,3,0.3701005025125628,0.3552763819095477,0.9123115577889447,0.22807788944723617,0.3538737342491351,0.35865743604959466
F000498,0.0,0.3552763819095477,0.2083333333333333,0.5204164998665333,0.0,1.0,1.0,1.0,0.0,real,3,0.3701005025125628,0.3552763819095477,0.6005025125628141,0.15012562814070352,0.2961733920860584,0.3575018623267089
F000499,0.0,0.3552763819095477,0.3472222222222222,0.3367876570272817,0.0,1.0,1.0,1.0,0.0,real,3,0.3701005025125628,0.3552763819095477,0.2379396984924623,0.059484924623115575,0.22908105224615538,0.35615819360622203
F000500,0.0,0.3552763819095477,0.2777777777777778,0.6938886664887108,0.0,1.0,1.0,1.0,0.0,real,3,0.3701005025125628,0.3552763819095477,0.8449748743718593,0.2112437185929648,0.34141306406403876,0.3584078842705992
F000501,0.1371617270419147,0.8153266331658291,0.6527777777777778,0.3367876570272817,0.25,1.0,1.0,1.0,0.25,real,3,0.8304020100502513,0.8153266331658291,0.2379396984924623,0.059484924623115575,0.5139938069745713,0.816223390823464
F000502,0.0,0.3552763819095477,0.1666666666666666,0.5773502691896258,0.0,1.0,1.0,1.0,0.0,real,3,0.3701005025125628,0.3552763819095477,0.6907035175879397,0.17267587939698492,0.31286511072952705,0.35783614997096025
F000503,0.0,0.3552763819095477,0.625,0.5464532103585001,0.0,1.0,1.0,1.0,0.0,real,3,0.3701005025125628,0.3552763819095477,0.6507537688442211,0.16268844221105527,0.3054723996868766,0.357688094997601
F000504,0.0,0.3552763819095477,0.7222222222222222,0.9622504486493764,0.25,1.0,1.0,1.0,0.25,real,3,0.8304020100502513,0.3552763819095477,0.9869346733668342,0.24673366834170854,0.8249772733011792,0.472505871063862
F000505,0.1259971773572845,0.8105527638190955,0.611111111111111,0.1924500897298752,0.0,1.0,1.0,1.0,0.0,real,3,0.3701005025125628,0.8105527638190955,0.07613065326633166,0.019032663316582914,0.19913824777152095,0.8021697842226206
F000506,0.25,0.8997487437185929,0.75,0.5,0.0,1.0,1.0,1.0,0.0,real,3,0.3701005025125628,0.8997487437185929,0.4663316582914573,0.11658291457286432,0.2713450417918739,0.8380008080604026
F000507,0.0,0.3552763819095477,0.25,0.5,0.5,1.0,1.0,1.0,0.5,real,3,0.9587939698492463,0.3552763819095477,0.4663316582914573,0.11658291457286432,0.7029549758844473,0.42563622130754275
F000508,0.0,0.3552763819095477,0.625,0.6614378277661477,0.25,1.0,1.0,1.0,0.25,real,3,0.8304020100502513,0.3552763819095477,0.7658291457286432,0.1914572864321608,0.7331740360091917,0.4462426453877427
F000509,0.0,0.3552763819095477,0.5,0.3333333333333333,0.0,1.0,1.0,1.0,0.0,real,3,0.3701005025125628,0.3552763819095477,0.2020100502512563,0.05050251256281407,0.22243226181157041,0.35602503724653417
F000510,0.0,0.3552763819095477,0.2222222222222222,0.5091750772173156,0.0,1.0,1.0,1.0,0.0,real,3,0.3701005025125628,0.3552763819095477,0.5258793969849246,0.13146984924623115,0.2823643657988435,0.3572253068104341
F000511,0.7926638440239513,0.9982412060301508,0.9444444444444444,0.1924500897298752,0.0,1.0,1.0,1.0,0.0,real,3,0.3701005025125628,0.9982412060301508,0.07613065326633166,0.019032663316582914,0.19913824777152095,0.986286015504659
F000512,0.1485783278408043,0.8226130653266331,0.7361111111111112,0.6472877887628358,0.0,1.0,1.0,1.0,0.0,real,3,0.3701005025125628,0.8226130653266331,0.7580402010050251,0.18951005025125628,0.3253257809146234,0.7368573868084138
F000513,0.0,0.3552763819095477,0.2083333333333333,0.5204164998665333,0.0,1.0,1.0,1.0,0.0,real,3,0.3701005025125628,0.3552763819095477,0.6005025125628141,0.15012562814070352,0.2961733920860584,0.3575018623267089
F000514,0.0,0.3552763819095477,0.3333333333333333,0.5773502691896258,0.0,1.0,1.0,1.0,0.0,real,3,0.3701005025125628,0.3552763819095477,0.6907035175879397,0.17267587939698492,0.31286511072952705,0.35783614997096025
F000515,0.0,0.3552763819095477,0.1388888888888888,0.2545875386086578,0.0,1.0,1.0,1.0,0.0,real,3,0.3701005025125628,0.3552763819095477,0.15100502512562813,0.037751256281407033,0.21299376909673998,0.3558360110855786
F000516,0.0,0.3552763819095477,0.5972222222222222,0.5023094811118091,0.0,1.0,1.0,1.0,0.0,real,3,0.3701005025125628,0.3552763819095477,0.48391959798994977,0.12097989949748744,0.2745996944521603,0.35706980253023907
F000517,0.0,0.3552763819095477,0.3194444444444444,0.8988160937424132,0.0,1.0,1.0,1.0,0.0,real,3,0.3701005025125628,0.3552763819095477,0.9771356783919598,0.24428391959798995,0.3658694540541906,0.35889767619504553
F000518,0.3631054658256801,0.9542713567839196,0.7777777777777777,0.3849001794597506,0.25,1.0,1.0,1.0,0.25,real,3,0.8304020100502513,0.9542713567839196,0.35904522613065326,0.08976130653266332,0.5642769437640465,0.943152682381758
F000519,0.0,0.3552763819095477,0.5833333333333334,0.6009252125773316,0.0,1.0,1.0,1.0,0.0,real,3,0.3701005025125628,0.3552763819095477,0.7228643216080402,0.18071608040201004,0.31881647559405063,0.35795533888033126
F000520,0.0,0.3552763819095477,0.3333333333333333,0.6666666666666666,0.0,1.0,1.0,1.0,0.0,real,3,0.3701005025125628,0.3552763819095477,0.7771356783919598,0.19428391959798996,0.32885940380293427,0.3581564701648948
F000521,0.0,0.3552763819095477,0.6111111111111112,0.693888666488711,0.5,1.0,1.0,1.0,0.5,real,3,0.9587939698492463,0.3552763819095477,0.8597989949748743,0.21494974874371858,0.8915820307567991,0.48500233579960095
F000522,0.0483797153000638,0.7670854271356784,0.6805555555555556,0.6254627916220946,0.0,1.0,1.0,1.0,0.0,real,3,0.3701005025125628,0.7670854271356784,0.7464824120603015,0.18662060301507538,0.3231870091664352,0.6929998611146183
F000523,0.0,0.3552763819095477,0.6666666666666666,0.881917103688197,0.0,1.0,1.0,1.0,0.0,real,3,0.3701005025125628,0.3552763819095477,0.9695979899497488,0.2423994974874372,0.3644746029140678,0.35886974129441174
F000524,0.0223290993692601,0.7371859296482413,0.5833333333333334,0.2886751345948129,0.0,1.0,1.0,1.0,0.0,real,3,0.3701005025125628,0.7371859296482413,0.17185929648241205,0.04296482412060301,0.2168528572510795,0.7214141688341204
F000525,0.0,0.3552763819095477,0.2777777777777778,0.5091750772173156,0.0,1.0,1.0,1.0,0.0,real,3,0.3701005025125628,0.3552763819095477,0.5258793969849246,0.13146984924623115,0.2823643657988435,0.3572253068104341
F000526,0.0,0.3552763819095477,0.25,0.1666666666666666,0.0,1.0,1.0,1.0,0.0,real,3,0.3701005025125628,0.3552763819095477,0.036683417085427134,0.009170854271356783,0.19183852680487867,0.355412331759299
F000527,0.0,0.3552763819095477,0.3055555555555556,0.6735753140545634,0.25,1.0,1.0,1.0,0.25,real,3,0.8304020100502513,0.3552763819095477,0.8233668341708543,0.20584170854271358,0.7570637420772203,0.4530770529784601
F000528,0.0,0.3552763819095477,0.3472222222222222,0.6684005230842202,0.0,1.0,1.0,1.0,0.0,real,3,0.3701005025125628,0.3552763819095477,0.8040201005025126,0.20100502512562815,0.33383437286937195,0.3582561046438221
F000529,0.0,0.3552763819095477,0.3055555555555556,0.6735753140545634,0.0,1.0,1.0,1.0,0.0,real,3,0.3701005025125628,0.3552763819095477,0.8233668341708543,0.20584170854271358,0.33741449079568697,0.3583278042221156
F000530,0.1504840084734488,0.8311557788944723,0.6388888888888888,0.2545875386086578,0.0,1.0,1.0,1.0,0.0,real,3,0.3701005025125628,0.8311557788944723,0.15100502512562813,0.037751256281407033,0.21299376909673998,0.8137503629958839
F000531,0.0,0.3552763819095477,0.2083333333333333,0.5204164998665333,0.0,1.0,1.0,1.0,0.0,real,3,0.3701005025125628,0.3552763819095477,0.6005025125628141,0.15012562814070352,0.2961733920860584,0.3575018623267089
F000532,0.1371617270419147,0.8153266331658291,0.6527777777777778,0.3367876570272817,0.5,1.0,1.0,1.0,0.5,real,3,0.9587939698492463,0.8153266331658291,0.2379396984924623,0.059484924623115575,0.5934645589757834,0.8238607768743212
F000533,0.1564584167334001,0.8407035175879397,0.7083333333333334,0.5204164998665332,0.25,1.0,1.0,1.0,0.25,real,3,0.8304020100502513,0.8407035175879397,0.5768844221105528,0.1442211055276382,0.654723996868766,0.839217822782253
F000534,0.0,0.3552763819095477,0.2916666666666666,0.5204164998665332,0.0,1.0,1.0,1.0,0.0,real,3,0.3701005025125628,0.3552763819095477,0.5768844221105528,0.1442211055276382,0.29180285851367394,0.3574143329713896
F000535,0.0,0.3552763819095477,0.2916666666666666,0.2204792759220492,0.0,1.0,1.0,1.0,0.0,real,3,0.3701005025125628,0.3552763819095477,0.11256281407035176,0.02814070351758794,0.2058800282821141,0.35569354309234613
F000536,0.1077083611333555,0.800502512562814,0.5972222222222222,0.1734721666221776,0.0,1.0,1.0,1.0,0.0,real,3,0.3701005025125628,0.800502512562814,0.04874371859296482,0.012185929648241205,0.19407028862907505,0.79525766394788
F000537,0.25,0.8997487437185929,0.75,0.5,0.0,1.0,1.0,1.0,0.0,real,3,0.3701005025125628,0.8997487437185929,0.4663316582914573,0.11658291457286432,0.2713450417918739,0.8380008080604026
F000538,0.1504840084734488,0.8311557788944723,0.6388888888888888,0.2545875386086578,0.5,1.0,1.0,1.0,0.5,real,3,0.9587939698492463,0.8311557788944723,0.15100502512562813,0.037751256281407033,0.5517883386783162,0.8359742809525011
F000539,0.3231250834000667,0.93643216080402,0.7916666666666667,0.5204164998665333,0.0,1.0,1.0,1.0,0.0,real,3,0.3701005025125628,0.93643216080402,0.6005025125628141,0.15012562814070352,0.2961733920860584,0.8514112648670488
F000540,0.1732257047434905,0.8628140703517588,0.6805555555555556,0.3757708127352412,0.0,1.0,1.0,1.0,0.0,real,3,0.3701005025125628,0.8628140703517588,0.32437185929648243,0.08109296482412061,0.24507534531956263,0.8228584663266079
F000541,0.0,0.3552763819095477,0.3194444444444444,0.6028481781725196,0.0,1.0,1.0,1.0,0.0,real,3,0.3701005025125628,0.3552763819095477,0.7298994974874372,0.1824748743718593,0.3201183366581652,0.3579814114542562
F000542,0.0,0.3552763819095477,0.5833333333333333,0.4409585518440984,0.0,1.0,1.0,1.0,0.0,real,3,0.3701005025125628,0.3552763819095477,0.4248743718592965,0.10621859296482412,0.26367336052119894,0.3568509791419408
F000543,0.0,0.3552763819095477,0.3611111111111111,0.2545875386086578,0.5,1.0,1.0,1.0,0.5,real,3,0.9587939698492463,0.3552763819095477,0.15100502512562813,0.037751256281407033,0.5517883386783162,0.3780599290421959
F000544,0.0,0.3552763819095477,0.5416666666666666,0.3632415786283894,0.25,1.0,1.0,1.0,0.25,real,3,0.8304020100502513,0.3552763819095477,0.2984924623115578,0.07462311557788945,0.5391353753693089,0.3907317365723087
F000545,0.0,0.3552763819095477,0.4305555555555555,0.4738533919231106,0.0,1.0,1.0,1.0,0.0,real,3,0.3701005025125628,0.3552763819095477,0.44748743718592965,0.11187185929648241,0.26785791394156716,0.35693478384384225
F000546,0.2814992943393211,0.9125628140703518,0.6527777777777778,0.0481125224324687,0.0,1.0,1.0,1.0,0.0,real,3,0.3701005025125628,0.9125628140703518,0.004020100502512563,0.0010050251256281408,0.18579417186434688,0.9120176258175299
F000547,0.0,0.3552763819095477,0.3055555555555556,0.7876359377087682,0.0,1.0,1.0,1.0,0.0,real,3,0.3701005025125628,0.3552763819095477,0.9444723618090453,0.23611809045226131,0.35982509911365873,0.3587766249589657
F000548,0.0,0.3552763819095477,0.2222222222222222,0.5091750772173156,0.0,1.0,1.0,1.0,0.0,real,3,0.3701005025125628,0.3552763819095477,0.5258793969849246,0.13146984924623115,0.2823643657988435,0.3572253068104341
F000549,0.0,0.3552763819095477,0.3194444444444444,0.6254627916220945,0.0,1.0,1.0,1.0,0.0,real,3,0.3701005025125628,0.3552763819095477,0.7404522613065326,0.18511306532663316,0.32207112825433704,0.35802052031514353
F000550,0.3231250834000667,0.93643216080402,0.7916666666666667,0.5204164998665333,0.0,1.0,1.0,1.0,0.0,real,3,0.3701005025125628,0.93643216080402,0.6005025125628141,0.15012562814070352,0.2961733920860584,0.8514112648670488
F000551,0.1898569058357866,0.8753768844221106,0.7222222222222222,0.5091750772173156,0.0,1.0,1.0,1.0,0.0,real,3,0.3701005025125628,0.8753768844221106,0.5258793969849246,0.13146984924623115,0.2823643657988435,0.8089482746647811
F000552,0.2666854362923786,0.9085427135678392,0.7361111111111112,0.4110735718596873,0.0,1.0,1.0,1.0,0.0,real,3,0.3701005025125628,0.9085427135678392,0.3821608040201005,0.09554020100502512,0.2557692040605035,0.8570998364940279
F000553,0.0446581987385203,0.7555276381909548,0.6666666666666666,0.5773502691896258,0.0,1.0,1.0,1.0,0.0,real,3,0.3701005025125628,0.7555276381909548,0.6907035175879397,0.17267587939698492,0.31286511072952705,0.6889736685942274
F000554,0.0,0.3552763819095477,0.5,0.3333333333333333,0.0,1.0,1.0,1.0,0.0,real,3,0.3701005025125628,0.3552763819095477,0.2020100502512563,0.05050251256281407,0.22243226181157041,0.35602503724653417
F000555,0.0180098182154157,0.7331658291457287,0.625,0.4639803635691685,0.0,1.0,1.0,1.0,0.0,real,3,0.3701005025125628,0.7331658291457287,0.4407035175879397,0.11017587939698492,0.2666025479154567,0.6931647875053661
F000556,0.0,0.3552763819095477,0.5555555555555556,0.5091750772173156,0.25,1.0,1.0,1.0,0.25,real,3,0.8304020100502513,0.3552763819095477,0.5258793969849246,0.13146984924623115,0.6335466591752734,0.4177410766142269
F000557,0.0,0.3552763819095477,0.5277777777777778,0.4194352464039305,0.0,1.0,1.0,1.0,0.0,real,3,0.3701005025125628,0.3552763819095477,0.4012562814070352,0.1003140703517588,0.2593028269488144,0.35676344978662156
F000558,0.0,0.3552763819095477,0.4583333333333333,0.3632415786283894,0.25,1.0,1.0,1.0,0.25,real,3,0.8304020100502513,0.3552763819095477,0.2984924623115578,0.07462311557788945,0.5391353753693089,0.3907317365723087
F000559,0.0223290993692601,0.7371859296482413,0.5833333333333334,0.2886751345948129,0.0,1.0,1.0,1.0,0.0,real,3,0.3701005025125628,0.7371859296482413,0.17185929648241205,0.04296482412060301,0.2168528572510795,0.7214141688341204
F000560,0.1706553760958049,0.857286432160804,0.7777777777777777,0.769800358919501,0.0,1.0,1.0,1.0,0.0,real,3,0.3701005025125628,0.857286432160804,0.928894472361809,0.23222361809045225,0.3569424067574051,0.744150352895129
F000561,0.0,0.3552763819095477,0.2222222222222222,0.769800358919501,0.0,1.0,1.0,1.0,0.0,real,3,0.3701005025125628,0.3552763819095477,0.928894472361809,0.23222361809045225,0.3569424067574051,0.35871889283098907
F000562,0.4999999999999999,0.984422110552764,0.8333333333333333,0.3333333333333333,0.0,1.0,1.0,1.0,0.0,real,3,0.3701005025125628,0.984422110552764,0.2020100502512563,0.05050251256281407,0.22243226181157041,0.9533973258251057
F000563,0.2154167222667111,0.8881909547738693,0.6944444444444444,0.3469443332443555,0.0,1.0,1.0,1.0,0.0,real,3,0.3701005025125628,0.8881909547738693,0.27889447236180903,0.06972361809045226,0.2366597434408222,0.8520678139440923
F000564,0.0,0.3552763819095477,0.3055555555555556,0.3469443332443555,0.0,1.0,1.0,1.0,0.0,real,3,0.3701005025125628,0.3552763819095477,0.27889447236180903,0.06972361809045226,0.2366597434408222,0.3563099732329991
F000565,0.0,0.3552763819095477,0.3333333333333333,0.5773502691896258,0.0,1.0,1.0,1.0,0.0,real,3,0.3701005025125628,0.3552763819095477,0.6907035175879397,0.17267587939698492,0.31286511072952705,0.35783614997096025
F000566,0.0,0.3552763819095477,0.2916666666666666,0.2204792759220492,0.0,1.0,1.0,1.0,0.0,real,3,0.3701005025125628,0.3552763819095477,0.11256281407035176,0.02814070351758794,0.2058800282821141,0.35569354309234613
F000567,0.1706553760958049,0.857286432160804,0.7777777777777777,0.769800358919501,0.25,1.0,1.0,1.0,0.25,real,3,0.8304020100502513,0.857286432160804,0.928894472361809,0.23222361809045225,0.8008789235120325,0.8510432343880205
F000568,0.0,0.3552763819095477,0.5833333333333333,0.4409585518440984,0.5,1.0,1.0,1.0,0.5,real,3,0.9587939698492463,0.3552763819095477,0.4248743718592965,0.10621859296482412,0.683080477765713,0.41938117093002697
F000569,0.0,0.3552763819095477,0.4861111111111111,0.2926570486903539,0.0,1.0,1.0,1.0,0.0,real,3,0.3701005025125628,0.3552763819095477,0.18266331658291457,0.04566582914572864,0.21885214388525542,0.35595333766824067
F000570,0.0,0.3552763819095477,0.7222222222222222,0.9622504486493764,0.25,1.0,1.0,1.0,0.25,real,3,0.8304020100502513,0.3552763819095477,0.9869346733668342,0.24673366834170854,0.8249772733011792,0.472505871063862
F000571,0.0,0.3552763819095477,0.3333333333333333,0.5773502691896258,0.0,1.0,1.0,1.0,0.0,real,3,0.3701005025125628,0.3552763819095477,0.6907035175879397,0.17267587939698492,0.31286511072952705,0.35783614997096025
F000572,0.0,0.3552763819095477,0.1111111111111111,0.1924500897298752,0.0,1.0,1.0,1.0,0.0,real,3,0.3701005025125628,0.3552763819095477,0.07613065326633166,0.019032663316582914,0.19913824777152095,0.35555852440594926
F000573,0.0,0.3552763819095477,0.2083333333333333,0.5204164998665333,0.0,1.0,1.0,1.0,0.0,real,3,0.3701005025125628,0.3552763819095477,0.6005025125628141,0.15012562814070352,0.2961733920860584,0.3575018623267089
F000574,0.0,0.3552763819095477,0.1805555555555555,0.3757708127352412,0.0,1.0,1.0,1.0,0.0,real,3,0.3701005025125628,0.3552763819095477,0.32437185929648243,0.08109296482412061,0.24507534531956263,0.3564785138001565
F000575,0.0,0.3552763819095477,0.3472222222222222,0.3367876570272817,0.0,1.0,1.0,1.0,0.0,real,3,0.3701005025125628,0.3552763819095477,0.2379396984924623,0.059484924623115575,0.22908105224615538,0.35615819360622203
F000576,0.0483797153000638,0.7670854271356784,0.6805555555555556,0.6254627916220946,0.5,1.0,1.0,1.0,0.5,real,3,0.9587939698492463,0.7670854271356784,0.7464824120603015,0.18662060301507538,0.8372584025655918,0.8028621909800258
F000577,0.0,0.3552763819095477,0.3194444444444444,0.6254627916220946,0.0,1.0,1.0,1.0,0.0,real,3,0.3701005025125628,0.3552763819095477,0.7464824120603015,0.18662060301507538,0.3231870091664352,0.35804286823565057
F000578,0.1077083611333555,0.800502512562814,0.5972222222222222,0.1734721666221776,0.25,1.0,1.0,1.0,0.25,real,3,0.8304020100502513,0.800502512562814,0.04874371859296482,0.012185929648241205,0.4354394459735866,0.8008668657357136
F000579,0.0148860662461734,0.7268844221105528,0.5555555555555556,0.1924500897298752,0.0,1.0,1.0,1.0,0.0,real,3,0.3701005025125628,0.7268844221105528,0.07613065326633166,0.019032663316582914,0.19913824777152095,0.7200938738920736
F000580,0.0,0.3552763819095477,0.2222222222222222,0.5091750772173156,0.25,1.0,1.0,1.0,0.25,real,3,0.8304020100502513,0.3552763819095477,0.5258793969849246,0.13146984924623115,0.6335466591752734,0.4177410766142269
F000581,0.5334936490538904,0.9896984924623116,0.875,0.4330127018922193,0.0,1.0,1.0,1.0,0.0,real,3,0.3701005025125628,0.9896984924623116,0.4115577889447236,0.1028894472361809,0.2612091235069821,0.9259483977677332
F000582,0.0,0.3552763819095477,0.25,0.5,0.0,1.0,1.0,1.0,0.0,real,3,0.3701005025125628,0.3552763819095477,0.4663316582914573,0.11658291457286432,0.2713450417918739,0.35700462109542686
F000583,0.0,0.3552763819095477,0.2916666666666666,0.5204164998665332,0.0,1.0,1.0,1.0,0.0,real,3,0.3701005025125628,0.3552763819095477,0.5768844221105528,0.1442211055276382,0.29180285851367394,0.3574143329713896
F000584,0.0,0.3552763819095477,0.5694444444444444,0.7280745790045087,0.0,1.0,1.0,1.0,0.0,real,3,0.3701005025125628,0.3552763819095477,0.9007537688442211,0.22518844221105527,0.35173496250094693,0.3586146025352895
F000585,0.0,0.3552763819095477,0.5416666666666666,0.3632415786283894,0.0,1.0,1.0,1.0,0.0,real,3,0.3701005025125628,0.3552763819095477,0.2984924623115578,0.07462311557788945,0.24028635640514132,0.35638260397464705
F000586,0.4376389444889332,0.9701005025125627,0.8055555555555556,0.3469443332443555,0.0,1.0,1.0,1.0,0.0,real,3,0.3701005025125628,0.9701005025125627,0.27889447236180903,0.06972361809045226,0.2366597434408222,0.9282663316582913
F000587,0.0,0.3552763819095477,0.4305555555555555,0.4738533919231106,0.0,1.0,1.0,1.0,0.0,real,3,0.3701005025125628,0.3552763819095477,0.44748743718592965,0.11187185929648241,0.26785791394156716,0.35693478384384225
F000588,0.34077636645642,0.9424623115577888,0.6944444444444444,0.0962250448649376,0.0,1.0,1.0,1.0,0.0,real,3,0.3701005025125628,0.9424623115577888,0.018090452261306532,0.004522613065326633,0.18839789399257595,0.9398737405621069
F000589,0.0,0.3552763819095477,0.611111111111111,0.8388704928078611,0.0,1.0,1.0,1.0,0.0,real,3,0.3701005025125628,0.3552763819095477,0.9527638190954774,0.23819095477386934,0.36135943536779375,0.35880735334966285
F000590,0.0,0.3552763819095477,0.1527777777777777,0.3367876570272816,0.0,1.0,1.0,1.0,0.0,real,3,0.3701005025125628,0.3552763819095477,0.2236180904522613,0.055904522613065326,0.22643083507992223,0.35610511729501776
F000591,0.0,0.3552763819095477,0.4444444444444444,0.1924500897298753,0.0,1.0,1.0,1.0,0.0,real,3,0.3701005025125628,0.3552763819095477,0.09321608040201006,0.023304020100502514,0.2022999103557991,0.3556218435140526
F000592,0.0,0.3552763819095477,0.2777777777777778,0.9622504486493764,0.0,1.0,1.0,1.0,0.0,real,3,0.3701005025125628,0.3552763819095477,0.9869346733668342,0.24673366834170854,0.3676827605363501,0.3589339915658695
F000593,0.0,0.3552763819095477,0.5833333333333334,0.6009252125773316,0.0,1.0,1.0,1.0,0.0,real,3,0.3701005025125628,0.3552763819095477,0.7228643216080402,0.18071608040201004,0.31881647559405063,0.35795533888033126
F000594,0.0,0.3552763819095477,0.25,0.5,0.0,1.0,1.0,1.0,0.0,real,3,0.3701005025125628,0.3552763819095477,0.4663316582914573,0.11658291457286432,0.2713450417918739,0.35700462109542686
F000595,0.0,0.3552763819095477,0.25,0.1666666666666666,0.25,1.0,1.0,1.0,0.25,real,3,0.8304020100502513,0.3552763819095477,0.036683417085427134,0.009170854271356783,0.43043199666675086,0.35963368980581295
F000596,0.1898569058357866,0.8753768844221106,0.7222222222222222,0.5091750772173156,0.25,1.0,1.0,1.0,0.25,real,3,0.8304020100502513,0.8753768844221106,0.5258793969849246,0.13146984924623115,0.6335466591752734,0.869464044468574
F000597,0.0,0.3552763819095477,0.3333333333333333,0.5773502691896258,0.0,1.0,1.0,1.0,0.0,real,3,0.3701005025125628,0.3552763819095477,0.6907035175879397,0.17267587939698492,0.31286511072952705,0.35783614997096025
F000598,0.0975001112000889,0.7939698492462312,0.7222222222222222,0.6938886664887111,0.0,1.0,1.0,1.0,0.0,real,3,0.3701005025125628,0.7939698492462312,0.8723618090452261,0.21809045226130652,0.34648102320648466,0.7015279917173809
F000599,0.2154167222667111,0.8881909547738693,0.6944444444444444,0.3469443332443555,0.0,1.0,1.0,1.0,0.0,real,3,0.3701005025125628,0.8881909547738693,0.27889447236180903,0.06972361809045226,0.2366597434408222,0.8520678139440923
F000600,0.2666854362923786,0.9085427135678392,0.7361111111111112,0.4110735718596873,0.0,1.0,1.0,1.0,0.0,real,3,0.3701005025125628,0.9085427135678392,0.3821608040201005,0.09554020100502512,0.2557692040605035,0.8570998364940279
F000601,0.0098985899724178,0.7160804020100503,0.6388888888888888,0.5357583756107198,0.5,1.0,1.0,1.0,0.5,real,3,0.9587939698492463,0.7160804020100503,0.6336683417085427,0.15841708542713567,0.7831756773818843,0.7545303780207572
F000602,0.1504840084734488,0.8311557788944723,0.6388888888888888,0.2545875386086578,0.0,1.0,1.0,1.0,0.0,real,3,0.3701005025125628,0.8311557788944723,0.15100502512562813,0.037751256281407033,0.21299376909673998,0.8137503629958839
F000603,0.0,0.3552763819095477,0.5694444444444444,0.7469072033193752,0.0,1.0,1.0,1.0,0.0,real,3,0.3701005025125628,0.3552763819095477,0.9062814070351759,0.22657035175879398,0.35275785333703696,0.35863508812908756
F000604,0.0,0.3552763819095477,0.2638888888888888,0.4110735718596873,0.0,1.0,1.0,1.0,0.0,real,3,0.3701005025125628,0.3552763819095477,0.3821608040201005,0.09554020100502512,0.2557692040605035,0.3566926813716825
F000605,0.0,0.3552763819095477,0.4722222222222222,0.4194352464039305,0.0,1.0,1.0,1.0,0.0,real,3,0.3701005025125628,0.3552763819095477,0.4012562814070352,0.1003140703517588,0.2593028269488144,0.35676344978662156
F000606,0.0,0.3552763819095477,0.0555555555555555,0.1924500897298752,0.0,1.0,1.0,1.0,0.0,real,3,0.3701005025125628,0.3552763819095477,0.07613065326633166,0.019032663316582914,0.19913824777152095,0.35555852440594926
F000607,0.0,0.3552763819095477,0.2222222222222222,0.769800358919501,0.0,1.0,1.0,1.0,0.0,real,3,0.3701005025125628,0.3552763819095477,0.928894472361809,0.23222361809045225,0.3569424067574051,0.35871889283098907
F000608,0.0,0.3552763819095477,0.4166666666666667,0.726483157256779,0.0,1.0,1.0,1.0,0.0,real,3,0.3701005025125628,0.3552763819095477,0.8964824120603015,0.2241206030150754,0.3509445468548774,0.35859877275826363
F000609,0.1706553760958049,0.857286432160804,0.7777777777777777,0.769800358919501,0.0,1.0,1.0,1.0,0.0,real,3,0.3701005025125628,0.857286432160804,0.928894472361809,0.23222361809045225,0.3569424067574051,0.744150352895129
F000610,0.0,0.3552763819095477,0.3055555555555556,0.6735753140545634,0.0,1.0,1.0,1.0,0.0,real,3,0.3701005025125628,0.3552763819095477,0.8233668341708543,0.20584170854271358,0.33741449079568697,0.3583278042221156
F000611,0.2814992943393211,0.9125628140703518,0.6527777777777778,0.0481125224324687,0.0,1.0,1.0,1.0,0.0,real,3,0.3701005025125628,0.9125628140703518,0.004020100502512563,0.0010050251256281408,0.18579417186434688,0.9120176258175299
F000612,0.0446581987385203,0.7555276381909548,0.6666666666666666,0.5773502691896258,0.0,1.0,1.0,1.0,0.0,real,3,0.3701005025125628,0.7555276381909548,0.6907035175879397,0.17267587939698492,0.31286511072952705,0.6889736685942274
F000613,0.0,0.3552763819095477,0.5833333333333333,0.4409585518440984,0.25,1.0,1.0,1.0,0.25,real,3,0.8304020100502513,0.3552763819095477,0.4248743718592965,0.10621859296482412,0.5916092712305244,0.40574355761218145
F000614,0.0,0.3552763819095477,0.1666666666666666,0.5773502691896258,0.0,1.0,1.0,1.0,0.0,real,3,0.3701005025125628,0.3552763819095477,0.6907035175879397,0.17267587939698492,0.31286511072952705,0.35783614997096025
F000615,0.0,0.3552763819095477,0.2361111111111111,0.4110735718596873,0.0,1.0,1.0,1.0,0.0,real,3,0.3701005025125628,0.3552763819095477,0.3821608040201005,0.09554020100502512,0.2557692040605035,0.3566926813716825
F000616,0.4999999999999999,0.984422110552764,0.8333333333333333,0.3333333333333333,0.0,1.0,1.0,1.0,0.0,real,3,0.3701005025125628,0.984422110552764,0.2020100502512563,0.05050251256281407,0.22243226181157041,0.9533973258251057
F000617,0.0,0.3552763819095477,0.2916666666666666,0.2204792759220492,0.0,1.0,1.0,1.0,0.0,real,3,0.3701005025125628,0.3552763819095477,0.11256281407035176,0.02814070351758794,0.2058800282821141,0.35569354309234613
F000618,0.1706553760958049,0.857286432160804,0.7777777777777777,0.769800358919501,0.0,1.0,1.0,1.0,0.0,real,3,0.3701005025125628,0.857286432160804,0.928894472361809,0.23222361809045225,0.3569424067574051,0.744150352895129
F000619,0.0,0.3552763819095477,0.1944444444444444,0.3469443332443554,0.0,1.0,1.0,1.0,0.0,real,3,0.3701005025125628,0.3552763819095477,0.2562814070351759,0.06407035175879397,0.23247519002045403,0.3562261685310977
F000620,0.0,0.3552763819095477,0.6666666666666666,0.881917103688197,0.0,1.0,1.0,1.0,0.0,real,3,0.3701005025125628,0.3552763819095477,0.9695979899497488,0.2423994974874372,0.3644746029140678,0.35886974129441174
F000621,0.0,0.3552763819095477,0.3333333333333333,0.5773502691896258,0.0,1.0,1.0,1.0,0.0,real,3,0.3701005025125628,0.3552763819095477,0.6907035175879397,0.17267587939698492,0.31286511072952705,0.35783614997096025
F000622,0.0,0.3552763819095477,0.1527777777777777,0.3367876570272816,0.0,1.0,1.0,1.0,0.0,real,3,0.3701005025125628,0.3552763819095477,0.2236180904522613,0.055904522613065326,0.22643083507992223,0.35610511729501776
F000623,0.0,0.3552763819095477,0.5833333333333334,0.6009252125773316,0.0,1.0,1.0,1.0,0.0,real,3,0.3701005025125628,0.3552763819095477,0.7228643216080402,0.18071608040201004,0.31881647559405063,0.35795533888033126
F000624,0.0521012318616071,0.7761306532663317,0.6944444444444444,0.6735753140545634,0.0,1.0,1.0,1.0,0.0,real,3,0.3701005025125628,0.7761306532663317,0.8233668341708543,0.20584170854271358,0.33741449079568697,0.6925527133153203
F000625,0.0,0.3552763819095477,0.361111111111111,0.5357583756107197,0.0,1.0,1.0,1.0,0.0,real,3,0.3701005025125628,0.3552763819095477,0.621859296482412,0.155464824120603,0.3001254703164062,0.35758101121183805
F000626,0.0,0.3552763819095477,0.2361111111111111,0.2405626121623441,0.5,1.0,1.0,1.0,0.5,real,3,0.9587939698492463,0.3552763819095477,0.13442211055276382,0.033605527638190955,0.5438385394308225,0.3755579088911896
F000627,0.5334936490538904,0.9896984924623116,0.875,0.4330127018922193,0.5,1.0,1.0,1.0,0.5,real,3,0.9587939698492463,0.9896984924623116,0.4115577889447236,0.1028894472361809,0.676696548066968,0.9865187432135553
F000628,0.0,0.3552763819095477,0.1666666666666666,0.3333333333333333,0.25,1.0,1.0,1.0,0.25,real,3,0.8304020100502513,0.3552763819095477,0.2020100502512563,0.05050251256281407,0.4990757809146234,0.37927141991363855
F000629,0.0,0.3552763819095477,0.4444444444444444,0.1924500897298753,0.0,1.0,1.0,1.0,0.0,real,3,0.3701005025125628,0.3552763819095477,0.09321608040201006,0.023304020100502514,0.2022999103557991,0.3556218435140526
F000630,0.0,0.3552763819095477,0.5833333333333334,1.0408329997330663,0.0,1.0,1.0,1.0,0.0,real,3,0.3701005025125628,0.3552763819095477,0.9952261306532664,0.2488065326633166,0.3692170967904851,0.3589647199565667
F000631,0.0,0.3552763819095477,0.2222222222222222,0.769800358919501,0.5,1.0,1.0,1.0,0.5,real,3,0.9587939698492463,0.3552763819095477,0.928894472361809,0.23222361809045225,0.9247061942880229,0.4954274197621272
F000632,0.0,0.3552763819095477,0.5277777777777778,0.4194352464039305,0.0,1.0,1.0,1.0,0.0,real,3,0.3701005025125628,0.3552763819095477,0.4012562814070352,0.1003140703517588,0.2593028269488144,0.35676344978662156
F000633,0.0,0.3552763819095477,0.1388888888888888,0.2545875386086578,0.5,1.0,1.0,1.0,0.5,real,3,0.9587939698492463,0.3552763819095477,0.15100502512562813,0.037751256281407033,0.5517883386783162,0.3780599290421959
F000634,0.0,0.3552763819095477,0.3472222222222222,0.0481125224324688,0.0,1.0,1.0,1.0,0.0,real,3,0.3701005025125628,0.3552763819095477,0.008542713567839196,0.002135678391959799,0.18663108254842048,0.35530804146359934
F000635,0.0,0.3552763819095477,0.3333333333333333,0.5773502691896258,0.25,1.0,1.0,1.0,0.25,real,3,0.8304020100502513,0.3552763819095477,0.6907035175879397,0.17267587939698492,0.7019817997020278,0.4373191175727885
F000636,0.0,0.3552763819095477,0.2916666666666666,0.5204164998665332,0.0,1.0,1.0,1.0,0.0,real,3,0.3701005025125628,0.3552763819095477,0.5768844221105528,0.1442211055276382,0.29180285851367394,0.3574143329713896
F000637,0.1666666666666666,0.8492462311557789,0.6666666666666666,0.3333333333333333,0.0,1.0,1.0,1.0,0.0,real,3,0.3701005025125628,0.8492462311557789,0.2020100502512563,0.05050251256281407,0.22243226181157041,0.8250481679755562
F000638,0.0,0.3552763819095477,0.1666666666666666,0.5773502691896258,0.0,1.0,1.0,1.0,0.0,real,3,0.3701005025125628,0.3552763819095477,0.6907035175879397,0.17267587939698492,0.31286511072952705,0.35783614997096025
F000639,0.0,0.3552763819095477,0.6666666666666666,0.6666666666666667,0.0,1.0,1.0,1.0,0.0,real,3,0.3701005025125628,0.3552763819095477,0.7914572864321608,0.1978643216080402,0.3315096209691675,0.35820954647609904
F000640,0.1485783278408043,0.8226130653266331,0.7361111111111112,0.6472877887628358,0.0,1.0,1.0,1.0,0.0,real,3,0.3701005025125628,0.8226130653266331,0.7580402010050251,0.18951005025125628,0.3253257809146234,0.7368573868084138
F000641,0.0,0.3552763819095477,0.4444444444444444,0.1924500897298753,0.0,1.0,1.0,1.0,0.0,real,3,0.3701005025125628,0.3552763819095477,0.09321608040201006,0.023304020100502514,0.2022999103557991,0.3556218435140526
F000642,0.0,0.3552763819095477,0.1111111111111111,0.3849001794597505,0.0,1.0,1.0,1.0,0.0,real,3,0.3701005025125628,0.3552763819095477,0.3391959798994975,0.08479899497487438,0.247818552561804,0.35653345243806966
F000643,0.4730936953723087,0.97964824120603,0.7916666666666667,0.2204792759220492,0.0,1.0,1.0,1.0,0.0,real,3,0.3701005025125628,0.97964824120603,0.11256281407035176,0.02814070351758794,0.2058800282821141,0.9624951390116411
F000644,0.0,0.3552763819095477,0.5277777777777778,0.4194352464039305,0.0,1.0,1.0,1.0,0.0,real,3,0.3701005025125628,0.3552763819095477,0.4012562814070352,0.1003140703517588,0.2593028269488144,0.35676344978662156
F000645,0.0,0.3552763819095477,0.3888888888888889,0.1924500897298752,0.25,1.0,1.0,1.0,0.25,real,3,0.8304020100502513,0.3552763819095477,0.07613065326633166,0.019032663316582914,0.44681052877452593,0.36431928802302965
F000646,0.0,0.3552763819095477,0.2916666666666666,0.5204164998665332,0.0,1.0,1.0,1.0,0.0,real,3,0.3701005025125628,0.3552763819095477,0.5768844221105528,0.1442211055276382,0.29180285851367394,0.3574143329713896
F000647,0.0,0.3552763819095477,0.4583333333333333,0.3632415786283894,0.0,1.0,1.0,1.0,0.0,real,3,0.3701005025125628,0.3552763819095477,0.2984924623115578,0.07462311557788945,0.24028635640514132,0.35638260397464705
F000648,0.25,0.8997487437185929,0.75,0.5,0.0,1.0,1.0,1.0,0.0,real,3,0.3701005025125628,0.8997487437185929,0.4663316582914573,0.11658291457286432,0.2713450417918739,0.8380008080604026
F000649,0.0,0.3552763819095477,0.3611111111111111,0.7515416254704823,0.0,1.0,1.0,1.0,0.0,real,3,0.3701005025125628,0.3552763819095477,0.9095477386934674,0.22738693467336685,0.35336228883109017,0.3586471932526956
F000650,0.0669872981077807,0.7886934673366834,0.75,0.8660254037844386,0.25,1.0,1.0,1.0,0.25,real,3,0.8304020100502513,0.7886934673366834,0.9630653266331658,0.24076633165829145,0.815066696548067,0.7987354801646424
F000651,0.0,0.3552763819095477,0.2638888888888888,0.7087417123429485,0.0,1.0,1.0,1.0,0.0,real,3,0.3701005025125628,0.3552763819095477,0.8801507537688442,0.22003768844221105,0.3479223693846115,0.3585382471402237
F000652,0.0,0.3552763819095477,0.6666666666666666,0.6666666666666667,0.0,1.0,1.0,1.0,0.0,real,3,0.3701005025125628,0.3552763819095477,0.7914572864321608,0.1978643216080402,0.3315096209691675,0.35820954647609904
F000653,0.0,0.3552763819095477,0.3611111111111111,0.7515416254704823,0.5,1.0,1.0,1.0,0.5,real,3,0.9587939698492463,0.3552763819095477,0.9095477386934674,0.22738693467336685,0.9154314284992804,0.4925083962526199
F000654,0.0,0.3552763819095477,0.3055555555555556,0.3469443332443555,0.0,1.0,1.0,1.0,0.0,real,3,0.3701005025125628,0.3552763819095477,0.27889447236180903,0.06972361809045226,0.2366597434408222,0.3563099732329991
F000655,0.0,0.3552763819095477,0.3333333333333333,1.1547005383792517,0.0,1.0,1.0,1.0,0.0,real,3,0.3701005025125628,0.3552763819095477,0.9984924623115577,0.24962311557788944,0.36982153228453823,0.3589768250801747
F000656,0.0,0.3552763819095477,0.3055555555555556,0.6735753140545634,0.0,1.0,1.0,1.0,0.0,real,3,0.3701005025125628,0.3552763819095477,0.8233668341708543,0.20584170854271358,0.33741449079568697,0.3583278042221156
F000657,0.0,0.3552763819095477,0.6805555555555556,0.8988160937424132,0.0,1.0,1.0,1.0,0.0,real,3,0.3701005025125628,0.3552763819095477,0.9771356783919598,0.24428391959798995,0.3658694540541906,0.35889767619504553
F000658,0.0,0.3552763819095477,0.5833333333333333,0.4409585518440984,0.0,1.0,1.0,1.0,0.0,real,3,0.3701005025125628,0.3552763819095477,0.4248743718592965,0.10621859296482412,0.26367336052119894,0.3568509791419408
F000659,0.0483797153000638,0.7670854271356784,0.6805555555555556,0.6254627916220946,0.0,1.0,1.0,1.0,0.0,real,3,0.3701005025125628,0.7670854271356784,0.7464824120603015,0.18662060301507538,0.3231870091664352,0.6929998611146183
F000660,0.0,0.3552763819095477,0.5277777777777778,0.6309898162000304,0.25,1.0,1.0,1.0,0.25,real,3,0.8304020100502513,0.3552763819095477,0.7525125628140703,0.18812814070351758,0.7276449773995606,0.44466088293224915
F000661,0.0,0.3552763819095477,0.375,0.7949493345141214,0.0,1.0,1.0,1.0,0.0,real,3,0.3701005025125628,0.3552763819095477,0.9469849246231156,0.2367462311557789,0.36029004949369964,0.35878593659251024
F000662,0.0,0.3552763819095477,0.3055555555555556,0.6735753140545634,0.5,1.0,1.0,1.0,0.5,real,3,0.9587939698492463,0.3552763819095477,0.8233668341708543,0.20584170854271358,0.8741165627130628,0.4795054733466326
F000663,0.0,0.3552763819095477,0.2638888888888888,0.7087417123429485,0.25,1.0,1.0,1.0,0.25,real,3,0.8304020100502513,0.3552763819095477,0.8801507537688442,0.22003768844221105,0.7806404825635717,0.45982192684528167
F000664,0.0,0.3552763819095477,0.4166666666666667,0.2886751345948129,0.0,1.0,1.0,1.0,0.0,real,3,0.3701005025125628,0.3552763819095477,0.17185929648241205,0.04296482412060301,0.2168528572510795,0.35591329764399887
F000665,0.0,0.3552763819095477,0.2777777777777778,0.6938886664887108,0.0,1.0,1.0,1.0,0.0,real,3,0.3701005025125628,0.3552763819095477,0.8449748743718593,0.2112437185929648,0.34141306406403876,0.3584078842705992
F000666,0.0,0.3552763819095477,0.6388888888888888,0.8552669065744807,0.0,1.0,1.0,1.0,0.0,real,3,0.3701005025125628,0.3552763819095477,0.9580402010050251,0.23951005025125627,0.36233583116587964,0.35882690778010656
F000667,0.0,0.3552763819095477,0.3472222222222222,0.0481125224324688,0.5,1.0,1.0,1.0,0.5,real,3,0.9587939698492463,0.3552763819095477,0.008542713567839196,0.002135678391959799,0.48349233605211983,0.35656530138127823
F000668,0.0,0.3552763819095477,0.4166666666666666,0.4409585518440984,0.0,1.0,1.0,1.0,0.0,real,3,0.3701005025125628,0.3552763819095477,0.4248743718592965,0.10621859296482412,0.26367336052119894,0.3568509791419408
F000669,0.0,0.3552763819095477,0.1111111111111111,0.3849001794597505,0.0,1.0,1.0,1.0,0.0,real,3,0.3701005025125628,0.3552763819095477,0.3391959798994975,0.08479899497487438,0.247818552561804,0.35653345243806966
F000670,0.0,0.3552763819095477,0.3333333333333333,0.5773502691896258,0.0,1.0,1.0,1.0,0.0,real,3,0.3701005025125628,0.3552763819095477,0.6907035175879397,0.17267587939698492,0.31286511072952705,0.35783614997096025
F000671,0.0,0.3552763819095477,0.3055555555555556,0.6735753140545634,0.0,1.0,1.0,1.0,0.0,real,3,0.3701005025125628,0.3552763819095477,0.8233668341708543,0.20584170854271358,0.33741449079568697,0.3583278042221156
F000672,0.0,0.3552763819095477,0.1944444444444444,0.3469443332443554,0.0,1.0,1.0,1.0,0.0,real,3,0.3701005025125628,0.3552763819095477,0.2562814070351759,0.06407035175879397,0.23247519002045403,0.3562261685310977
F000673,0.0,0.3552763819095477,0.2916666666666666,1.0103629710818451,0.0,1.0,1.0,1.0,0.0,real,3,0.3701005025125628,0.3552763819095477,0.9919597989949749,0.24798994974874372,0.36861266129643194,0.35895261483295876
F000674,0.0,0.3552763819095477,0.2222222222222222,0.5091750772173156,0.0,1.0,1.0,1.0,0.0,real,3,0.3701005025125628,0.3552763819095477,0.5258793969849246,0.13146984924623115,0.2823643657988435,0.3572253068104341
F000675,0.0,0.3552763819095477,0.2777777777777778,0.3849001794597505,0.0,1.0,1.0,1.0,0.0,real,3,0.3701005025125628,0.3552763819095477,0.3391959798994975,0.08479899497487438,0.247818552561804,0.35653345243806966
F000676,0.0483797153000638,0.7670854271356784,0.6805555555555556,0.6254627916220946,0.25,1.0,1.0,1.0,0.25,real,3,0.8304020100502513,0.7670854271356784,0.7464824120603015,0.18662060301507538,0.7251412527461428,0.77890160602005
F000677,0.0,0.3552763819095477,0.3611111111111111,0.2545875386086578,0.0,1.0,1.0,1.0,0.0,real,3,0.3701005025125628,0.3552763819095477,0.15100502512562813,0.037751256281407033,0.21299376909673998,0.3558360110855786
F000678,0.1898569058357866,0.8753768844221106,0.7222222222222222,0.5091750772173156,0.0,1.0,1.0,1.0,0.0,real,3,0.3701005025125628,0.8753768844221106,0.5258793969849246,0.13146984924623115,0.2823643657988435,0.8089482746647811
F000679,0.0148860662461734,0.7268844221105528,0.5555555555555556,0.1924500897298752,0.0,1.0,1.0,1.0,0.0,real,3,0.3701005025125628,0.7268844221105528,0.07613065326633166,0.019032663316582914,0.19913824777152095,0.7200938738920736
F000680,0.0,0.3552763819095477,0.4305555555555555,0.4738533919231106,0.0,1.0,1.0,1.0,0.0,real,3,0.3701005025125628,0.3552763819095477,0.44748743718592965,0.11187185929648241,0.26785791394156716,0.35693478384384225
F000681,0.0,0.3552763819095477,0.6805555555555556,0.8988160937424132,0.25,1.0,1.0,1.0,0.25,real,3,0.8304020100502513,0.3552763819095477,0.9771356783919598,0.24428391959798995,0.8209087207393753,0.4713419326532158
F000682,0.1732257047434905,0.8650753768844222,0.6805555555555556,0.3757708127352411,0.0,1.0,1.0,1.0,0.0,real,3,0.3701005025125628,0.8650753768844222,0.3123115577889447,0.07807788944723618,0.24284358349536625,0.8264287833640566
F000683,0.0483797153000638,0.7670854271356784,0.6805555555555556,0.6254627916220946,0.0,1.0,1.0,1.0,0.0,real,3,0.3701005025125628,0.7670854271356784,0.7464824120603015,0.18662060301507538,0.3231870091664352,0.6929998611146183
F000684,0.1504840084734488,0.8311557788944723,0.6388888888888888,0.2545875386086578,0.0,1.0,1.0,1.0,0.0,real,3,0.3701005025125628,0.8311557788944723,0.15100502512562813,0.037751256281407033,0.21299376909673998,0.8137503629958839
F000685,0.0,0.3552763819095477,0.3333333333333333,0.881917103688197,0.0,1.0,1.0,1.0,0.0,real,3,0.3701005025125628,0.3552763819095477,0.9695979899497488,0.2423994974874372,0.3644746029140678,0.35886974129441174
F000686,0.0,0.3552763819095477,0.4305555555555555,0.4738533919231106,0.0,1.0,1.0,1.0,0.0,real,3,0.3701005025125628,0.3552763819095477,0.44748743718592965,0.11187185929648241,0.26785791394156716,0.35693478384384225
F000687,0.0446581987385203,0.7555276381909548,0.6666666666666666,0.5773502691896258,0.25,1.0,1.0,1.0,0.25,real,3,0.8304020100502513,0.7555276381909548,0.6907035175879397,0.17267587939698492,0.7019817997020278,0.7684566361960556
F000688,0.0098985899724178,0.7160804020100503,0.6388888888888888,0.5357583756107198,0.0,1.0,1.0,1.0,0.0,real,3,0.3701005025125628,0.7160804020100503,0.6336683417085427,0.15841708542713567,0.3023107371025984,0.6612712747152851
F000689,0.0,0.3552763819095477,0.3333333333333333,0.5773502691896258,0.0,1.0,1.0,1.0,0.0,real,3,0.3701005025125628,0.3552763819095477,0.6907035175879397,0.17267587939698492,0.31286511072952705,0.35783614997096025
F000690,0.0,0.3552763819095477,0.1666666666666666,0.3333333333333333,0.0,1.0,1.0,1.0,0.0,real,3,0.3701005025125628,0.3552763819095477,0.2020100502512563,0.05050251256281407,0.22243226181157041,0.35602503724653417
F000691,0.0596870220248513,0.7846733668341709,0.6805555555555556,0.6028481781725197,0.0,1.0,1.0,1.0,0.0,real,3,0.3701005025125628,0.7846733668341709,0.7364321608040201,0.18410804020100502,0.32132720764627154,0.7083471692634025
F000692,0.0,0.3552763819095477,0.361111111111111,0.5357583756107197,0.0,1.0,1.0,1.0,0.0,real,3,0.3701005025125628,0.3552763819095477,0.621859296482412,0.155464824120603,0.3001254703164062,0.35758101121183805
F000693,0.0,0.3552763819095477,0.5833333333333333,0.4409585518440985,0.0,1.0,1.0,1.0,0.0,real,3,0.3701005025125628,0.3552763819095477,0.43517587939698493,0.10879396984924623,0.2655796570793667,0.3568891568394737
F000694,0.0446581987385203,0.7555276381909548,0.6666666666666666,0.5773502691896258,0.25,1.0,1.0,1.0,0.25,real,3,0.8304020100502513,0.7555276381909548,0.6907035175879397,0.17267587939698492,0.7019817997020278,0.7684566361960556
F000695,0.0,0.3552763819095477,0.3333333333333332,0.6666666666666666,0.5,1.0,1.0,1.0,0.5,real,3,0.9587939698492463,0.3552763819095477,0.7771356783919598,0.19428391959798996,0.8519534860230803,0.4725301444407969
F000696,0.0,0.3552763819095477,0.1944444444444444,0.3469443332443554,0.0,1.0,1.0,1.0,0.0,real,3,0.3701005025125628,0.3552763819095477,0.2562814070351759,0.06407035175879397,0.23247519002045403,0.3562261685310977
F000697,0.0,0.3552763819095477,0.1111111111111111,0.3849001794597505,0.0,1.0,1.0,1.0,0.0,real,3,0.3701005025125628,0.3552763819095477,0.3391959798994975,0.08479899497487438,0.247818552561804,0.35653345243806966
F000698,0.0483797153000638,0.7670854271356784,0.6805555555555556,0.6254627916220946,0.0,1.0,1.0,1.0,0.0,real,3,0.3701005025125628,0.7670854271356784,0.7464824120603015,0.18662060301507538,0.3231870091664352,0.6929998611146183
F000699,0.0,0.3552763819095477,0.4722222222222222,0.4811252243246882,0.0,1.0,1.0,1.0,0.0,real,3,0.3701005025125628,0.3552763819095477,0.4515075376884422,0.11287688442211055,0.26860183454963255,0.3569496824575137
F000700,0.0,0.3552763819095477,0.3611111111111111,0.2545875386086578,0.0,1.0,1.0,1.0,0.0,real,3,0.3701005025125628,0.3552763819095477,0.15100502512562813,0.037751256281407033,0.21299376909673998,0.3558360110855786
F000701,0.1666666666666666,0.8492462311557789,0.6666666666666666,0.3333333333333333,0.0,1.0,1.0,1.0,0.0,real,3,0.3701005025125628,0.8492462311557789,0.2020100502512563,0.05050251256281407,0.22243226181157041,0.8250481679755562
F000702,0.0,0.3552763819095477,0.6111111111111112,0.693888666488711,0.25,1.0,1.0,1.0,0.25,real,3,0.8304020100502513,0.3552763819095477,0.8597989949748743,0.21494974874371858,0.7721904118582864,0.4574045163000934
F000703,0.0,0.3552763819095477,0.3194444444444444,0.8988160937424132,0.0,1.0,1.0,1.0,0.0,real,3,0.3701005025125628,0.3552763819095477,0.9771356783919598,0.24428391959798995,0.3658694540541906,0.35889767619504553
F000704,0.0,0.3552763819095477,0.2638888888888888,0.240562612162344,0.0,1.0,1.0,1.0,0.0,real,3,0.3701005025125628,0.3552763819095477,0.12864321608040202,0.032160804020100506,0.20885571071437592,0.35575313754703164
F000705,0.0,0.3552763819095477,0.2222222222222222,0.5091750772173156,0.0,1.0,1.0,1.0,0.0,real,3,0.3701005025125628,0.3552763819095477,0.5258793969849246,0.13146984924623115,0.2823643657988435,0.3572253068104341
F000706,0.2154167222667111,0.8881909547738693,0.6944444444444444,0.3469443332443555,0.0,1.0,1.0,1.0,0.0,real,3,0.3701005025125628,0.8881909547738693,0.27889447236180903,0.06972361809045226,0.2366597434408222,0.8520678139440923
F000707,0.0098985899724178,0.7160804020100503,0.6388888888888888,0.5357583756107198,0.25,1.0,1.0,1.0,0.25,real,3,0.8304020100502513,0.7160804020100503,0.6336683417085427,0.15841708542713567,0.6783007373551173,0.7341908979571224
F000708,0.0,0.3552763819095477,0.6666666666666666,0.6666666666666667,0.0,1.0,1.0,1.0,0.0,real,3,0.3701005025125628,0.3552763819095477,0.7914572864321608,0.1978643216080402,0.3315096209691675,0.35820954647609904
F000709,0.0,0.3552763819095477,0.3055555555555556,0.6735753140545634,0.0,1.0,1.0,1.0,0.0,real,3,0.3701005025125628,0.3552763819095477,0.8233668341708543,0.20584170854271358,0.33741449079568697,0.3583278042221156
F000710,0.0,0.3552763819095477,0.4027777777777778,0.1734721666221777,0.0,1.0,1.0,1.0,0.0,real,3,0.3701005025125628,0.3552763819095477,0.0592964824120603,0.014824120603015075,0.19602308022524684,0.35549613646120043
F000711,0.0,0.3552763819095477,0.25,0.5,0.25,1.0,1.0,1.0,0.25,real,3,0.8304020100502513,0.3552763819095477,0.4663316582914573,0.11658291457286432,0.6088223782227721,0.41066791242645384
F000712,0.0,0.3552763819095477,0.3055555555555556,0.6735753140545634,0.0,1.0,1.0,1.0,0.0,real,3,0.3701005025125628,0.3552763819095477,0.8233668341708543,0.20584170854271358,0.33741449079568697,0.3583278042221156
F000713,0.0,0.3552763819095477,0.6666666666666666,0.881917103688197,0.0,1.0,1.0,1.0,0.0,real,3,0.3701005025125628,0.3552763819095477,0.9695979899497488,0.2423994974874372,0.3644746029140678,0.35886974129441174
F000714,0.0,0.3552763819095477,0.4444444444444444,0.1924500897298753,0.0,1.0,1.0,1.0,0.0,real,3,0.3701005025125628,0.3552763819095477,0.09321608040201006,0.023304020100502514,0.2022999103557991,0.3556218435140526
F000715,0.4730936953723087,0.97964824120603,0.7916666666666667,0.2204792759220492,0.0,1.0,1.0,1.0,0.0,real,3,0.3701005025125628,0.97964824120603,0.11256281407035176,0.02814070351758794,0.2058800282821141,0.9624951390116411
F000716,0.0223290993692601,0.7371859296482413,0.5833333333333334,0.2886751345948129,0.0,1.0,1.0,1.0,0.0,real,3,0.3701005025125628,0.7371859296482413,0.17185929648241205,0.04296482412060301,0.2168528572510795,0.7214141688341204
F000717,0.0,0.3552763819095477,0.3055555555555556,0.0962250448649376,0.5,1.0,1.0,1.0,0.5,real,3,0.9587939698492463,0.3552763819095477,0.018090452261306532,0.004522613065326633,0.48806949319461634,0.3580058584379182
F000718,0.0,0.3552763819095477,0.3055555555555556,0.3469443332443555,0.0,1.0,1.0,1.0,0.0,real,3,0.3701005025125628,0.3552763819095477,0.27889447236180903,0.06972361809045226,0.2366597434408222,0.3563099732329991
F000719,0.0,0.3552763819095477,0.4722222222222222,0.4194352464039305,0.0,1.0,1.0,1.0,0.0,real,3,0.3701005025125628,0.3552763819095477,0.4012562814070352,0.1003140703517588,0.2593028269488144,0.35676344978662156
F000720,0.0,0.3552763819095477,0.3055555555555556,0.3469443332443555,0.0,1.0,1.0,1.0,0.0,real,3,0.3701005025125628,0.3552763819095477,0.27889447236180903,0.06972361809045226,0.2366597434408222,0.3563099732329991
F000721,0.0,0.3552763819095477,0.3333333333333333,1.1547005383792517,0.0,1.0,1.0,1.0,0.0,real,3,0.3701005025125628,0.3552763819095477,0.9984924623115577,0.24962311557788944,0.36982153228453823,0.3589768250801747
F000722,0.0,0.3552763819095477,0.1527777777777777,0.3367876570272816,0.0,1.0,1.0,1.0,0.0,real,3,0.3701005025125628,0.3552763819095477,0.2236180904522613,0.055904522613065326,0.22643083507992223,0.35610511729501776
F000723,0.0,0.3552763819095477,0.625,0.6614378277661477,0.0,1.0,1.0,1.0,0.0,real,3,0.3701005025125628,0.3552763819095477,0.7658291457286432,0.1914572864321608,0.3267671270927502,0.358114567813944
F000724,0.3231250834000667,0.93643216080402,0.7916666666666667,0.5204164998665333,0.0,1.0,1.0,1.0,0.0,real,3,0.3701005025125628,0.93643216080402,0.6005025125628141,0.15012562814070352,0.2961733920860584,0.8514112648670488
F000725,0.1898569058357866,0.8753768844221106,0.7222222222222222,0.5091750772173156,0.5,1.0,1.0,1.0,0.5,real,3,0.9587939698492463,0.8753768844221106,0.5258793969849246,0.13146984924623115,0.731501982273175,0.8863437160677761
F000726,0.0,0.3552763819095477,0.625,0.6614378277661477,0.5,1.0,1.0,1.0,0.5,real,3,0.9587939698492463,0.3552763819095477,0.7658291457286432,0.1914572864321608,0.8465331683543346,0.47082422161056536
F000727,0.0,0.3552763819095477,0.2083333333333333,0.5204164998665333,0.0,1.0,1.0,1.0,0.0,real,3,0.3701005025125628,0.3552763819095477,0.6005025125628141,0.15012562814070352,0.2961733920860584,0.3575018623267089
F000728,0.4510034825212683,0.9751256281407036,0.8194444444444444,0.3757708127352412,0.5,1.0,1.0,1.0,0.5,real,3,0.9587939698492463,0.9751256281407036,0.32437185929648243,0.08109296482412061,0.6348998762657508,0.9738012455493549
F000729,0.0,0.3552763819095477,0.5,0.0,0.0,1.0,1.0,1.0,0.0,real,3,0.3701005025125628,0.3552763819095477,0.0007537688442211055,0.00018844221105527637,0.1851897363702937,0.35527917539961107
F000730,0.5260506159308034,0.9871859296482411,0.8472222222222221,0.3367876570272817,0.0,1.0,1.0,1.0,0.0,real,3,0.3701005025125628,0.9871859296482411,0.2379396984924623,0.059484924623115575,0.22908105224615538,0.9504786495290523
F000731,0.0,0.3552763819095477,0.4027777777777778,0.1734721666221777,0.0,1.0,1.0,1.0,0.0,real,3,0.3701005025125628,0.3552763819095477,0.0592964824120603,0.014824120603015075,0.19602308022524684,0.35549613646120043
F000732,0.0,0.3552763819095477,0.5694444444444444,0.4738533919231106,0.0,1.0,1.0,1.0,0.0,real,3,0.3701005025125628,0.3552763819095477,0.44748743718592965,0.11187185929648241,0.26785791394156716,0.35693478384384225
F000733,0.0,0.3552763819095477,0.3055555555555556,0.6735753140545634,0.0,1.0,1.0,1.0,0.0,real,3,0.3701005025125628,0.3552763819095477,0.8233668341708543,0.20584170854271358,0.33741449079568697,0.3583278042221156
F000734,0.0297721324923469,0.7414572864321608,0.6111111111111112,0.3849001794597506,0.0,1.0,1.0,1.0,0.0,real,3,0.3701005025125628,0.7414572864321608,0.35904522613065326,0.08976130653266332,0.2514916605641272,0.7081238163177698
F000735,0.0148860662461734,0.7268844221105528,0.5555555555555556,0.1924500897298752,0.25,1.0,1.0,1.0,0.25,real,3,0.8304020100502513,0.7268844221105528,0.07613065326633166,0.019032663316582914,0.44681052877452593,0.7288546375091539
F000736,0.0,0.3552763819095477,0.6527777777777778,0.6684005230842202,0.0,1.0,1.0,1.0,0.0,real,3,0.3701005025125628,0.3552763819095477,0.8040201005025126,0.20100502512562815,0.33383437286937195,0.3582561046438221
F000737,0.0,0.3552763819095477,0.5416666666666666,0.3632415786283894,0.0,1.0,1.0,1.0,0.0,real,3,0.3701005025125628,0.3552763819095477,0.2984924623115578,0.07462311557788945,0.24028635640514132,0.35638260397464705
F000738,0.0,0.3552763819095477,0.2638888888888888,0.6472877887628358,0.25,1.0,1.0,1.0,0.25,real,3,0.8304020100502513,0.3552763819095477,0.7580402010050251,0.18951005025125628,0.7299400583318603,0.44531746357415214
F000739,0.0,0.3552763819095477,0.1111111111111111,0.3849001794597505,0.0,1.0,1.0,1.0,0.0,real,3,0.3701005025125628,0.3552763819095477,0.3391959798994975,0.08479899497487438,0.247818552561804,0.35653345243806966
F000740,0.0,0.3552763819095477,0.2361111111111111,0.2405626121623441,0.0,1.0,1.0,1.0,0.0,real,3,0.3701005025125628,0.3552763819095477,0.13442211055276382,0.033605527638190955,0.20992509658847,0.3557745543041842
F000741,0.0,0.3552763819095477,0.4722222222222222,0.4194352464039305,0.5,1.0,1.0,1.0,0.5,real,3,0.9587939698492463,0.3552763819095477,0.4012562814070352,0.1003140703517588,0.6717580364132218,0.41581768768465444
F000742,0.0,0.3552763819095477,0.0833333333333333,0.2886751345948128,0.25,1.0,1.0,1.0,0.25,real,3,0.8304020100502513,0.3552763819095477,0.16557788944723617,0.04139447236180904,0.48394911113355726,0.3749439565920052
F000743,0.0,0.3552763819095477,0.375,0.4639803635691685,0.25,1.0,1.0,1.0,0.25,real,3,0.8304020100502513,0.3552763819095477,0.4407035175879397,0.11017587939698492,0.5981815484457463,0.4076237658139945
F000744,0.0,0.3552763819095477,0.3472222222222222,0.6684005230842202,0.0,1.0,1.0,1.0,0.0,real,3,0.3701005025125628,0.3552763819095477,0.8040201005025126,0.20100502512562815,0.33383437286937195,0.3582561046438221
F000745,0.0,0.3552763819095477,0.3472222222222222,0.0481125224324688,0.0,1.0,1.0,1.0,0.0,real,3,0.3701005025125628,0.3552763819095477,0.008542713567839196,0.002135678391959799,0.18663108254842048,0.35530804146359934
F000746,0.0,0.3552763819095477,0.2083333333333333,0.2204792759220492,0.25,1.0,1.0,1.0,0.25,real,3,0.8304020100502513,0.3552763819095477,0.11256281407035176,0.02814070351758794,0.46193719855559207,0.368646751344663
F000747,0.0521012318616071,0.7761306532663317,0.6944444444444444,0.6735753140545634,0.0,1.0,1.0,1.0,0.0,real,3,0.3701005025125628,0.7761306532663317,0.8233668341708543,0.20584170854271358,0.33741449079568697,0.6925527133153203
F000748,0.0,0.3552763819095477,0.2222222222222222,0.5091750772173156,0.0,1.0,1.0,1.0,0.0,real,3,0.3701005025125628,0.3552763819095477,0.5258793969849246,0.13146984924623115,0.2823643657988435,0.3572253068104341
F000749,0.0,0.3552763819095477,0.2222222222222222,0.5091750772173156,0.0,1.0,1.0,1.0,0.0,real,3,0.3701005025125628,0.3552763819095477,0.5258793969849246,0.13146984924623115,0.2823643657988435,0.3572253068104341
F000750,0.25,0.8997487437185929,0.75,0.5,0.0,1.0,1.0,1.0,0.0,real,3,0.3701005025125628,0.8997487437185929,0.4663316582914573,0.11658291457286432,0.2713450417918739,0.8380008080604026
F000751,0.0,0.3552763819095477,0.4305555555555555,0.5548606765399494,0.25,1.0,1.0,1.0,0.25,real,3,0.8304020100502513,0.3552763819095477,0.6582914572864321,0.16457286432160803,0.6885242796899068,0.43346916744526653
F000752,0.25,0.8997487437185929,0.75,0.5,0.0,1.0,1.0,1.0,0.0,real,3,0.3701005025125628,0.8997487437185929,0.4663316582914573,0.11658291457286432,0.2713450417918739,0.8380008080604026
F000753,0.0,0.3552763819095477,0.2222222222222222,0.769800358919501,0.0,1.0,1.0,1.0,0.0,real,3,0.3701005025125628,0.3552763819095477,0.928894472361809,0.23222361809045225,0.3569424067574051,0.35871889283098907
F000754,0.0,0.3552763819095477,0.5694444444444444,0.7469072033193752,0.0,1.0,1.0,1.0,0.0,real,3,0.3701005025125628,0.3552763819095477,0.9062814070351759,0.22657035175879398,0.35275785333703696,0.35863508812908756
F000755,0.0,0.3552763819095477,0.1111111111111111,0.3849001794597505,0.0,1.0,1.0,1.0,0.0,real,3,0.3701005025125628,0.3552763819095477,0.3391959798994975,0.08479899497487438,0.247818552561804,0.35653345243806966
F000756,0.0,0.3552763819095477,0.6111111111111112,0.693888666488711,0.25,1.0,1.0,1.0,0.25,real,3,0.8304020100502513,0.3552763819095477,0.8597989949748743,0.21494974874371858,0.7721904118582864,0.4574045163000934
F000757,0.34077636645642,0.9424623115577888,0.6944444444444444,0.0962250448649376,0.0,1.0,1.0,1.0,0.0,real,3,0.3701005025125628,0.9424623115577888,0.018090452261306532,0.004522613065326633,0.18839789399257595,0.9398737405621069
F000758,0.0,0.3552763819095477,0.3194444444444444,0.3757708127352411,0.5,1.0,1.0,1.0,0.5,real,3,0.9587939698492463,0.3552763819095477,0.3123115577889447,0.07807788944723618,0.6291182040857554,0.40239776142016614
F000759,0.0,0.3552763819095477,0.3194444444444444,0.6028481781725196,0.0,1.0,1.0,1.0,0.0,real,3,0.3701005025125628,0.3552763819095477,0.7298994974874372,0.1824748743718593,0.3201183366581652,0.3579814114542562
F000760,0.0,0.3552763819095477,0.5972222222222222,0.5023094811118091,0.0,1.0,1.0,1.0,0.0,real,3,0.3701005025125628,0.3552763819095477,0.48391959798994977,0.12097989949748744,0.2745996944521603,0.35706980253023907
F000761,0.0,0.3552763819095477,0.361111111111111,0.5357583756107197,0.25,1.0,1.0,1.0,0.25,real,3,0.8304020100502513,0.3552763819095477,0.621859296482412,0.155464824120603,0.6733976099088407,0.42914170412363317
F000762,0.25,0.8997487437185929,0.75,0.5,0.5,1.0,1.0,1.0,0.5,real,3,0.9587939698492463,0.8997487437185929,0.4663316582914573,0.11658291457286432,0.7029549758844473,0.9066324082725183
F000763,0.0,0.3552763819095477,0.2916666666666666,0.5204164998665332,0.25,1.0,1.0,1.0,0.25,real,3,0.8304020100502513,0.3552763819095477,0.5768844221105528,0.1442211055276382,0.654723996868766,0.4237995252645135
F000764,0.0,0.3552763819095477,0.3055555555555556,0.6735753140545634,0.0,1.0,1.0,1.0,0.0,real,3,0.3701005025125628,0.3552763819095477,0.8233668341708543,0.20584170854271358,0.33741449079568697,0.3583278042221156
F000765,0.0,0.3552763819095477,0.2638888888888888,0.4110735718596873,0.0,1.0,1.0,1.0,0.0,real,3,0.3701005025125628,0.3552763819095477,0.3821608040201005,0.09554020100502512,0.2557692040605035,0.3566926813716825
F000766,0.0,0.3552763819095477,0.2916666666666666,0.2204792759220492,0.0,1.0,1.0,1.0,0.0,real,3,0.3701005025125628,0.3552763819095477,0.11256281407035176,0.02814070351758794,0.2058800282821141,0.35569354309234613
F000767,0.0,0.3552763819095477,0.3472222222222222,0.6684005230842202,0.0,1.0,1.0,1.0,0.0,real,3,0.3701005025125628,0.3552763819095477,0.8040201005025126,0.20100502512562815,0.33383437286937195,0.3582561046438221
F000768,0.0,0.3552763819095477,0.2777777777777778,0.6938886664887108,0.25,1.0,1.0,1.0,0.25,real,3,0.8304020100502513,0.3552763819095477,0.8449748743718593,0.2112437185929648,0.7660354220853008,0.45564368639680813
F000769,0.0,0.3552763819095477,0.375,0.5464532103585,0.0,1.0,1.0,1.0,0.0,real,3,0.3701005025125628,0.3552763819095477,0.642462311557789,0.16061557788944725,0.3039380634327416,0.3576573666069038
F000770,0.0,0.3552763819095477,0.375,0.5464532103585,0.0,1.0,1.0,1.0,0.0,real,3,0.3701005025125628,0.3552763819095477,0.642462311557789,0.16061557788944725,0.3039380634327416,0.3576573666069038
F000771,0.0,0.3552763819095477,0.4444444444444444,0.769800358919501,0.0,1.0,1.0,1.0,0.0,real,3,0.3701005025125628,0.3552763819095477,0.928894472361809,0.23222361809045225,0.3569424067574051,0.35871889283098907
F000772,0.0148860662461734,0.7268844221105528,0.5555555555555556,0.1924500897298752,0.0,1.0,1.0,1.0,0.0,real,3,0.3701005025125628,0.7268844221105528,0.07613065326633166,0.019032663316582914,0.19913824777152095,0.7200938738920736
F000773,0.1564584167334001,0.8407035175879397,0.7083333333333334,0.5204164998665332,0.0,1.0,1.0,1.0,0.0,real,3,0.3701005025125628,0.8407035175879397,0.5768844221105528,0.1442211055276382,0.29180285851367394,0.7728326304891291
F000774,0.1259971773572845,0.8105527638190955,0.611111111111111,0.1924500897298752,0.0,1.0,1.0,1.0,0.0,real,3,0.3701005025125628,0.8105527638190955,0.07613065326633166,0.019032663316582914,0.19913824777152095,0.8021697842226206
F000775,0.0,0.3552763819095477,0.2777777777777778,0.6938886664887108,0.0,1.0,1.0,1.0,0.0,real,3,0.3701005025125628,0.3552763819095477,0.8449748743718593,0.2112437185929648,0.34141306406403876,0.3584078842705992
F000776,0.0,0.3552763819095477,0.3055555555555556,0.3469443332443555,0.25,1.0,1.0,1.0,0.25,real,3,0.8304020100502513,0.3552763819095477,0.27889447236180903,0.06972361809045226,0.5309982702457009,0.3884038597510163
F000777,0.1504840084734488,0.8311557788944723,0.6388888888888888,0.2545875386086578,0.0,1.0,1.0,1.0,0.0,real,3,0.3701005025125628,0.8311557788944723,0.15100502512562813,0.037751256281407033,0.21299376909673998,0.8137503629958839
F000778,0.2814992943393211,0.9125628140703518,0.6527777777777778,0.0481125224324687,0.25,1.0,1.0,1.0,0.25,real,3,0.8304020100502513,0.9125628140703518,0.004020100502512563,0.0010050251256281408,0.4168701547940709,0.9124802403979697
F000779,0.0,0.3552763819095477,0.2361111111111111,0.4110735718596873,0.0,1.0,1.0,1.0,0.0,real,3,0.3701005025125628,0.3552763819095477,0.3821608040201005,0.09554020100502512,0.2557692040605035,0.3566926813716825
F000780,0.1666666666666666,0.8492462311557789,0.6666666666666666,0.3333333333333333,0.0,1.0,1.0,1.0,0.0,real,3,0.3701005025125628,0.8492462311557789,0.2020100502512563,0.05050251256281407,0.22243226181157041,0.8250481679755562
F000781,0.0,0.3552763819095477,0.2916666666666666,0.5204164998665332,0.0,1.0,1.0,1.0,0.0,real,3,0.3701005025125628,0.3552763819095477,0.5768844221105528,0.1442211055276382,0.29180285851367394,0.3574143329713896
F000782,0.5334936490538904,0.9896984924623116,0.875,0.4330127018922193,0.5,1.0,1.0,1.0,0.5,real,3,0.9587939698492463,0.9896984924623116,0.4115577889447236,0.1028894472361809,0.676696548066968,0.9865187432135553
F000783,0.306427028705642,0.9263819095477388,0.7083333333333334,0.2204792759220492,0.0,1.0,1.0,1.0,0.0,real,3,0.3701005025125628,0.9263819095477388,0.11256281407035176,0.02814070351758794,0.2058800282821141,0.9107277594000154
F000784,0.0,0.3552763819095477,0.1111111111111111,0.3849001794597505,0.0,1.0,1.0,1.0,0.0,real,3,0.3701005025125628,0.3552763819095477,0.3391959798994975,0.08479899497487438,0.247818552561804,0.35653345243806966
F000785,0.0,0.3552763819095477,0.3055555555555556,0.3469443332443555,0.0,1.0,1.0,1.0,0.0,real,3,0.3701005025125628,0.3552763819095477,0.27889447236180903,0.06972361809045226,0.2366597434408222,0.3563099732329991
F000786,0.0,0.3552763819095477,0.4722222222222222,0.4194352464039305,0.5,1.0,1.0,1.0,0.5,real,3,0.9587939698492463,0.3552763819095477,0.4012562814070352,0.1003140703517588,0.6717580364132218,0.41581768768465444
F000787,0.0,0.3552763819095477,0.4583333333333333,0.3632415786283894,0.0,1.0,1.0,1.0,0.0,real,3,0.3701005025125628,0.3552763819095477,0.2984924623115578,0.07462311557788945,0.24028635640514132,0.35638260397464705
F000788,0.0,0.3552763819095477,0.2222222222222222,0.5091750772173156,0.0,1.0,1.0,1.0,0.0,real,3,0.3701005025125628,0.3552763819095477,0.5258793969849246,0.13146984924623115,0.2823643657988435,0.3572253068104341
F000789,0.0,0.3552763819095477,0.25,0.5,0.0,1.0,1.0,1.0,0.0,real,3,0.3701005025125628,0.3552763819095477,0.4663316582914573,0.11658291457286432,0.2713450417918739,0.35700462109542686
F000790,0.0,0.3552763819095477,0.6111111111111112,0.693888666488711,0.0,1.0,1.0,1.0,0.0,real,3,0.3701005025125628,0.3552763819095477,0.8597989949748743,0.21494974874371858,0.3441562713062801,0.35846282290851234
F000791,0.4999999999999999,0.984422110552764,0.8333333333333333,0.3333333333333333,0.0,1.0,1.0,1.0,0.0,real,3,0.3701005025125628,0.984422110552764,0.2020100502512563,0.05050251256281407,0.22243226181157041,0.9533973258251057
F000792,0.0,0.3552763819095477,0.3333333333333333,0.5773502691896258,0.0,1.0,1.0,1.0,0.0,real,3,0.3701005025125628,0.3552763819095477,0.6907035175879397,0.17267587939698492,0.31286511072952705,0.35783614997096025
F000793,0.0,0.3552763819095477,0.3333333333333332,0.6666666666666666,0.5,1.0,1.0,1.0,0.5,real,3,0.9587939698492463,0.3552763819095477,0.7771356783919598,0.19428391959798996,0.8519534860230803,0.4725301444407969
F000794,0.25,0.8997487437185929,0.75,0.5,0.0,1.0,1.0,1.0,0.0,real,3,0.3701005025125628,0.8997487437185929,0.4663316582914573,0.11658291457286432,0.2713450417918739,0.8380008080604026
F000795,0.0,0.3552763819095477,0.25,0.5,0.0,1.0,1.0,1.0,0.0,real,3,0.3701005025125628,0.3552763819095477,0.4663316582914573,0.11658291457286432,0.2713450417918739,0.35700462109542686
F000796,0.5334936490538904,0.9896984924623116,0.875,0.4330127018922193,0.0,1.0,1.0,1.0,0.0,real,3,0.3701005025125628,0.9896984924623116,0.4115577889447236,0.1028894472361809,0.2612091235069821,0.9259483977677332
F000797,0.4730936953723087,0.97964824120603,0.7916666666666667,0.2204792759220492,0.0,1.0,1.0,1.0,0.0,real,3,0.3701005025125628,0.97964824120603,0.11256281407035176,0.02814070351758794,0.2058800282821141,0.9624951390116411
F000798,0.0,0.3552763819095477,0.3333333333333333,0.3333333333333333,0.75,1.0,1.0,1.0,0.75,real,3,0.9987437185929648,0.3552763819095477,0.2020100502512563,0.05050251256281407,0.6002499936870281,0.3877730991641625
F000799,0.0,0.3552763819095477,0.3194444444444444,0.6028481781725196,0.0,1.0,1.0,1.0,0.0,real,3,0.3701005025125628,0.3552763819095477,0.7298994974874372,0.1824748743718593,0.3201183366581652,0.3579814114542562
F000800,0.1564584167334001,0.8407035175879397,0.7083333333333334,0.5204164998665332,0.0,1.0,1.0,1.0,0.0,real,3,0.3701005025125628,0.8407035175879397,0.5768844221105528,0.1442211055276382,0.29180285851367394,0.7728326304891291
F000801,0.0446581987385203,0.7555276381909548,0.6666666666666666,0.5773502691896258,0.25,1.0,1.0,1.0,0.25,real,3,0.8304020100502513,0.7555276381909548,0.6907035175879397,0.17267587939698492,0.7019817997020278,0.7684566361960556
F000802,0.0,0.3552763819095477,0.2916666666666666,0.2204792759220492,0.0,1.0,1.0,1.0,0.0,real,3,0.3701005025125628,0.3552763819095477,0.11256281407035176,0.02814070351758794,0.2058800282821141,0.35569354309234613
F000803,0.0,0.3552763819095477,0.625,0.5464532103585001,0.0,1.0,1.0,1.0,0.0,real,3,0.3701005025125628,0.3552763819095477,0.6507537688442211,0.16268844221105527,0.3054723996868766,0.357688094997601
F000804,0.3779915320718537,0.9613065326633166,0.8333333333333333,0.5773502691896258,0.25,1.0,1.0,1.0,0.25,real,3,0.8304020100502513,0.9613065326633166,0.6907035175879397,0.17267587939698492,0.7019817997020278,0.938702479104063
F000805,0.0,0.3552763819095477,0.3333333333333333,0.5773502691896258,0.0,1.0,1.0,1.0,0.0,real,3,0.3701005025125628,0.3552763819095477,0.6907035175879397,0.17267587939698492,0.31286511072952705,0.35783614997096025
F000806,0.0,0.3552763819095477,0.3333333333333333,0.881917103688197,0.0,1.0,1.0,1.0,0.0,real,3,0.3701005025125628,0.3552763819095477,0.9695979899497488,0.2423994974874372,0.3644746029140678,0.35886974129441174
F000807,0.0,0.3552763819095477,0.4027777777777777,0.5023094811118091,0.25,1.0,1.0,1.0,0.25,real,3,0.8304020100502513,0.3552763819095477,0.48391959798994977,0.12097989949748744,0.6161249084619076,0.4127570326506906
F000808,0.0,0.3552763819095477,0.3611111111111111,0.2545875386086578,0.0,1.0,1.0,1.0,0.0,real,3,0.3701005025125628,0.3552763819095477,0.15100502512562813,0.037751256281407033,0.21299376909673998,0.3558360110855786
F000809,0.0,0.3552763819095477,0.3888888888888889,0.693888666488711,0.0,1.0,1.0,1.0,0.0,real,3,0.3701005025125628,0.3552763819095477,0.8597989949748743,0.21494974874371858,0.3441562713062801,0.35846282290851234
F000810,0.0,0.3552763819095477,0.0416666666666666,0.1443375672974064,0.0,1.0,1.0,1.0,0.0,real,3,0.3701005025125628,0.3552763819095477,0.02864321608040201,0.007160804020100503,0.19035068558874776,0.3553825345319562
F000811,0.0,0.3552763819095477,0.361111111111111,0.6735753140545635,0.0,1.0,1.0,1.0,0.0,real,3,0.3701005025125628,0.3552763819095477,0.8384422110552764,0.2096105527638191,0.34020419307593247,0.3583836740233832
F000812,0.0,0.3552763819095477,0.4444444444444444,0.1924500897298753,0.0,1.0,1.0,1.0,0.0,real,3,0.3701005025125628,0.3552763819095477,0.09321608040201006,0.023304020100502514,0.2022999103557991,0.3556218435140526
F000813,0.306427028705642,0.9263819095477388,0.7083333333333334,0.2204792759220492,0.0,1.0,1.0,1.0,0.0,real,3,0.3701005025125628,0.9263819095477388,0.11256281407035176,0.02814070351758794,0.2058800282821141,0.9107277594000154
F000814,0.0,0.3552763819095477,0.0555555555555555,0.1924500897298752,0.0,1.0,1.0,1.0,0.0,real,3,0.3701005025125628,0.3552763819095477,0.07613065326633166,0.019032663316582914,0.19913824777152095,0.35555852440594926
F000815,0.0,0.3552763819095477,0.2777777777777778,0.6938886664887108,0.0,1.0,1.0,1.0,0.0,real,3,0.3701005025125628,0.3552763819095477,0.8449748743718593,0.2112437185929648,0.34141306406403876,0.3584078842705992
F000816,0.1371617270419147,0.8153266331658291,0.6527777777777778,0.3367876570272817,0.25,1.0,1.0,1.0,0.25,real,3,0.8304020100502513,0.8153266331658291,0.2379396984924623,0.059484924623115575,0.5139938069745713,0.816223390823464
F000817,0.1564584167334001,0.8407035175879397,0.7083333333333334,0.5204164998665332,0.0,1.0,1.0,1.0,0.0,real,3,0.3701005025125628,0.8407035175879397,0.5768844221105528,0.1442211055276382,0.29180285851367394,0.7728326304891291
F000818,0.0,0.3552763819095477,0.2638888888888888,0.240562612162344,0.0,1.0,1.0,1.0,0.0,real,3,0.3701005025125628,0.3552763819095477,0.12864321608040202,0.032160804020100506,0.20885571071437592,0.35575313754703164
F000819,0.1485783278408043,0.8226130653266331,0.7361111111111112,0.6472877887628358,0.0,1.0,1.0,1.0,0.0,real,3,0.3701005025125628,0.8226130653266331,0.7580402010050251,0.18951005025125628,0.3253257809146234,0.7368573868084138
F000820,0.3009680169468978,0.9190954773869346,0.7777777777777778,0.5091750772173156,0.0,1.0,1.0,1.0,0.0,real,3,0.3701005025125628,0.9190954773869346,0.5258793969849246,0.13146984924623115,0.2823643657988435,0.8469191908032625
F000821,0.0,0.3552763819095477,0.3333333333333332,0.6666666666666666,0.0,1.0,1.0,1.0,0.0,real,3,0.3701005025125628,0.3552763819095477,0.7771356783919598,0.19428391959798996,0.32885940380293427,0.3581564701648948
F000822,0.0,0.3552763819095477,0.4444444444444444,0.1924500897298753,0.0,1.0,1.0,1.0,0.0,real,3,0.3701005025125628,0.3552763819095477,0.09321608040201006,0.023304020100502514,0.2022999103557991,0.3556218435140526
F000823,0.0,0.3552763819095477,0.3333333333333333,1.1547005383792517,0.0,1.0,1.0,1.0,0.0,real,3,0.3701005025125628,0.3552763819095477,0.9984924623115577,0.24962311557788944,0.36982153228453823,0.3589768250801747
F000824,0.0,0.3552763819095477,0.2777777777777778,0.5091750772173156,0.0,1.0,1.0,1.0,0.0,real,3,0.3701005025125628,0.3552763819095477,0.5258793969849246,0.13146984924623115,0.2823643657988435,0.3572253068104341
F000825,0.0,0.3552763819095477,0.6666666666666666,1.1547005383792517,0.0,1.0,1.0,1.0,0.0,real,3,0.3701005025125628,0.3552763819095477,0.9984924623115577,0.24962311557788944,0.36982153228453823,0.3589768250801747
F000826,0.1077083611333555,0.800502512562814,0.5972222222222222,0.1734721666221776,0.0,1.0,1.0,1.0,0.0,real,3,0.3701005025125628,0.800502512562814,0.04874371859296482,0.012185929648241205,0.19407028862907505,0.79525766394788
F000827,0.0,0.3552763819095477,0.25,0.5,0.25,1.0,1.0,1.0,0.25,real,3,0.8304020100502513,0.3552763819095477,0.4663316582914573,0.11658291457286432,0.6088223782227721,0.41066791242645384
F000828,0.0596870220248513,0.7846733668341709,0.6805555555555556,0.6028481781725197,0.0,1.0,1.0,1.0,0.0,real,3,0.3701005025125628,0.7846733668341709,0.7364321608040201,0.18410804020100502,0.32132720764627154,0.7083471692634025
F000829,0.0,0.3552763819095477,0.6944444444444444,0.7876359377087682,0.0,1.0,1.0,1.0,0.0,real,3,0.3701005025125628,0.3552763819095477,0.9444723618090453,0.23611809045226131,0.35982509911365873,0.3587766249589657
F000830,0.0,0.3552763819095477,0.2083333333333333,0.5204164998665333,0.0,1.0,1.0,1.0,0.0,real,3,0.3701005025125628,0.3552763819095477,0.6005025125628141,0.15012562814070352,0.2961733920860584,0.3575018623267089
F000831,0.0,0.3552763819095477,0.361111111111111,0.5357583756107197,0.25,1.0,1.0,1.0,0.25,real,3,0.8304020100502513,0.3552763819095477,0.621859296482412,0.155464824120603,0.6733976099088407,0.42914170412363317
F000832,0.0,0.3552763819095477,0.3333333333333333,0.5773502691896258,0.0,1.0,1.0,1.0,0.0,real,3,0.3701005025125628,0.3552763819095477,0.6907035175879397,0.17267587939698492,0.31286511072952705,0.35783614997096025
F000833,0.0,0.3552763819095477,0.4027777777777778,0.1734721666221777,0.25,1.0,1.0,1.0,0.25,real,3,0.8304020100502513,0.3552763819095477,0.0592964824120603,0.014824120603015075,0.4398209641170678,0.3623197015226888
F000834,0.0,0.3552763819095477,0.3194444444444444,0.6028481781725196,0.0,1.0,1.0,1.0,0.0,real,3,0.3701005025125628,0.3552763819095477,0.7298994974874372,0.1824748743718593,0.3201183366581652,0.3579814114542562
F000835,0.0,0.3552763819095477,0.361111111111111,0.6735753140545635,0.5,1.0,1.0,1.0,0.5,real,3,0.9587939698492463,0.3552763819095477,0.8384422110552764,0.2096105527638191,0.8813436529380572,0.48178003712027473
F000836,0.0483797153000638,0.7670854271356784,0.6805555555555556,0.6254627916220946,0.0,1.0,1.0,1.0,0.0,real,3,0.3701005025125628,0.7670854271356784,0.7464824120603015,0.18662060301507538,0.3231870091664352,0.6929998611146183
F000837,0.0,0.3552763819095477,0.3055555555555556,0.0962250448649376,0.25,1.0,1.0,1.0,0.25,real,3,0.8304020100502513,0.3552763819095477,0.018090452261306532,0.004522613065326633,0.42271217898537916,0.3574251912830484
F000838,0.1564584167334001,0.8407035175879397,0.7083333333333334,0.5204164998665332,0.0,1.0,1.0,1.0,0.0,real,3,0.3701005025125628,0.8407035175879397,0.5768844221105528,0.1442211055276382,0.29180285851367394,0.7728326304891291
F000839,0.0,0.3552763819095477,0.3194444444444444,0.3757708127352411,0.5,1.0,1.0,1.0,0.5,real,3,0.9587939698492463,0.3552763819095477,0.3123115577889447,0.07807788944723618,0.6291182040857554,0.40239776142016614
F000840,0.0,0.3552763819095477,0.6111111111111112,0.693888666488711,0.0,1.0,1.0,1.0,0.0,real,3,0.3701005025125628,0.3552763819095477,0.8597989949748743,0.21494974874371858,0.3441562713062801,0.35846282290851234
F000841,0.0,0.3552763819095477,0.3194444444444444,0.3757708127352411,0.0,1.0,1.0,1.0,0.0,real,3,0.3701005025125628,0.3552763819095477,0.3123115577889447,0.07807788944723618,0.24284358349536625,0.3564338179591424
F000842,0.0,0.3552763819095477,0.2222222222222222,0.769800358919501,0.0,1.0,1.0,1.0,0.0,real,3,0.3701005025125628,0.3552763819095477,0.928894472361809,0.23222361809045225,0.3569424067574051,0.35871889283098907
F000843,0.0,0.3552763819095477,0.1666666666666666,0.5773502691896258,0.0,1.0,1.0,1.0,0.0,real,3,0.3701005025125628,0.3552763819095477,0.6907035175879397,0.17267587939698492,0.31286511072952705,0.35783614997096025
F000844,0.0,0.3552763819095477,0.2083333333333333,0.2204792759220492,0.0,1.0,1.0,1.0,0.0,real,3,0.3701005025125628,0.3552763819095477,0.11256281407035176,0.02814070351758794,0.2058800282821141,0.35569354309234613
F000845,0.0483797153000638,0.7670854271356784,0.6805555555555556,0.6254627916220946,0.0,1.0,1.0,1.0,0.0,real,3,0.3701005025125628,0.7670854271356784,0.7464824120603015,0.18662060301507538,0.3231870091664352,0.6929998611146183
F000846,0.1485783278408043,0.8226130653266331,0.7361111111111112,0.6472877887628358,0.25,1.0,1.0,1.0,0.25,real,3,0.8304020100502513,0.8226130653266331,0.7580402010050251,0.18951005025125628,0.7299400583318603,0.8240891486326102
F000847,0.0,0.3552763819095477,0.1805555555555555,0.3757708127352412,0.25,1.0,1.0,1.0,0.25,real,3,0.8304020100502513,0.3552763819095477,0.32437185929648243,0.08109296482412061,0.5498805270068937,0.3938057277593999
F000848,0.0,0.3552763819095477,0.3888888888888889,0.1924500897298752,0.0,1.0,1.0,1.0,0.0,real,3,0.3701005025125628,0.3552763819095477,0.07613065326633166,0.019032663316582914,0.19913824777152095,0.35555852440594926
F000849,0.0,0.3552763819095477,0.375,0.6614378277661477,0.0,1.0,1.0,1.0,0.0,real,3,0.3701005025125628,0.3552763819095477,0.7658291457286432,0.1914572864321608,0.3267671270927502,0.358114567813944
F000850,0.0,0.3552763819095477,0.2638888888888888,0.7087417123429485,0.0,1.0,1.0,1.0,0.0,real,3,0.3701005025125628,0.3552763819095477,0.8801507537688442,0.22003768844221105,0.3479223693846115,0.3585382471402237
F000851,0.0,0.3552763819095477,0.3055555555555556,0.3469443332443555,0.0,1.0,1.0,1.0,0.0,real,3,0.3701005025125628,0.3552763819095477,0.27889447236180903,0.06972361809045226,0.2366597434408222,0.3563099732329991
F000852,0.0,0.3552763819095477,0.3194444444444444,0.3757708127352411,0.0,1.0,1.0,1.0,0.0,real,3,0.3701005025125628,0.3552763819095477,0.3123115577889447,0.07807788944723618,0.24284358349536625,0.3564338179591424
F000853,0.0,0.3552763819095477,0.4444444444444444,0.1924500897298753,0.0,1.0,1.0,1.0,0.0,real,3,0.3701005025125628,0.3552763819095477,0.09321608040201006,0.023304020100502514,0.2022999103557991,0.3556218435140526
F000854,0.0,0.3552763819095477,0.4166666666666666,0.4409585518440984,0.25,1.0,1.0,1.0,0.25,real,3,0.8304020100502513,0.3552763819095477,0.4248743718592965,0.10621859296482412,0.5916092712305244,0.40574355761218145
F000855,0.0,0.3552763819095477,0.5416666666666666,0.3632415786283894,0.0,1.0,1.0,1.0,0.0,real,3,0.3701005025125628,0.3552763819095477,0.2984924623115578,0.07462311557788945,0.24028635640514132,0.35638260397464705
F000856,0.0,0.3552763819095477,0.5138888888888888,0.8673608331108886,0.0,1.0,1.0,1.0,0.0,real,3,0.3701005025125628,0.3552763819095477,0.9658291457286432,0.2414572864321608,0.3637771773440065,0.35885577384409484
F000857,0.5260506159308034,0.9871859296482411,0.8472222222222221,0.3367876570272817,0.5,1.0,1.0,1.0,0.5,real,3,0.9587939698492463,0.9871859296482411,0.2379396984924623,0.059484924623115575,0.5934645589757834,0.9854970360596954
F000858,0.1485783278408043,0.8226130653266331,0.7361111111111112,0.6472877887628358,0.25,1.0,1.0,1.0,0.25,real,3,0.8304020100502513,0.8226130653266331,0.7580402010050251,0.18951005025125628,0.7299400583318603,0.8240891486326102
F000859,0.0521012318616071,0.7761306532663317,0.6944444444444444,0.6735753140545634,0.0,1.0,1.0,1.0,0.0,real,3,0.3701005025125628,0.7761306532663317,0.8233668341708543,0.20584170854271358,0.33741449079568697,0.6925527133153203
F000860,0.0,0.3552763819095477,0.4444444444444444,0.1924500897298753,0.25,1.0,1.0,1.0,0.25,real,3,0.8304020100502513,0.3552763819095477,0.09321608040201006,0.023304020100502514,0.45390441529254316,0.36634871909800254
F000861,0.0,0.3552763819095477,0.5833333333333334,0.7637626158259734,0.25,1.0,1.0,1.0,0.25,real,3,0.8304020100502513,0.3552763819095477,0.9140703517587939,0.22851758793969848,0.7947239337390469,0.46385094442059543
F000862,0.0,0.3552763819095477,0.3055555555555556,0.0962250448649376,0.5,1.0,1.0,1.0,0.5,real,3,0.9587939698492463,0.3552763819095477,0.018090452261306532,0.004522613065326633,0.48806949319461634,0.3580058584379182
F000863,0.0,0.3552763819095477,0.2222222222222222,0.769800358919501,0.25,1.0,1.0,1.0,0.25,real,3,0.8304020100502513,0.3552763819095477,0.928894472361809,0.23222361809045225,0.8008789235120325,0.4656117743238807
F000864,0.0,0.3552763819095477,0.2638888888888888,0.240562612162344,0.0,1.0,1.0,1.0,0.0,real,3,0.3701005025125628,0.3552763819095477,0.12864321608040202,0.032160804020100506,0.20885571071437592,0.35575313754703164
F000865,0.0098985899724178,0.7160804020100503,0.6388888888888888,0.5357583756107198,0.0,1.0,1.0,1.0,0.0,real,3,0.3701005025125628,0.7160804020100503,0.6336683417085427,0.15841708542713567,0.3023107371025984,0.6612712747152851
F000866,0.0,0.3552763819095477,0.625,0.5464532103585001,0.0,1.0,1.0,1.0,0.0,real,3,0.3701005025125628,0.3552763819095477,0.6507537688442211,0.16268844221105527,0.3054723996868766,0.357688094997601
F000867,0.0,0.3552763819095477,0.2361111111111111,0.4110735718596873,0.5,1.0,1.0,1.0,0.5,real,3,0.9587939698492463,0.3552763819095477,0.3821608040201005,0.09554020100502512,0.6626037221282292,0.41293657357137437
F000868,0.0,0.3552763819095477,0.2916666666666666,0.5204164998665332,0.0,1.0,1.0,1.0,0.0,real,3,0.3701005025125628,0.3552763819095477,0.5768844221105528,0.1442211055276382,0.29180285851367394,0.3574143329713896
F000869,0.0,0.3552763819095477,0.2916666666666666,0.5204164998665332,0.5,1.0,1.0,1.0,0.5,real,3,0.9587939698492463,0.3552763819095477,0.5768844221105528,0.1442211055276382,0.7559536375344058,0.44231635564758465
F000870,0.1898569058357866,0.8753768844221106,0.7222222222222222,0.5091750772173156,0.5,1.0,1.0,1.0,0.5,real,3,0.9587939698492463,0.8753768844221106,0.5258793969849246,0.13146984924623115,0.731501982273175,0.8863437160677761
F000871,0.0,0.3552763819095477,0.3194444444444444,0.3757708127352411,0.0,1.0,1.0,1.0,0.0,real,3,0.3701005025125628,0.3552763819095477,0.3123115577889447,0.07807788944723618,0.24284358349536625,0.3564338179591424
F000872,0.0,0.3552763819095477,0.1111111111111111,0.3849001794597505,0.0,1.0,1.0,1.0,0.0,real,3,0.3701005025125628,0.3552763819095477,0.3391959798994975,0.08479899497487438,0.247818552561804,0.35653345243806966
F000873,0.0,0.3552763819095477,0.3611111111111111,0.8552669065744807,0.0,1.0,1.0,1.0,0.0,real,3,0.3701005025125628,0.3552763819095477,0.9580402010050251,0.23951005025125627,0.36233583116587964,0.35882690778010656
F000874,0.0521012318616071,0.7761306532663317,0.6944444444444444,0.6735753140545634,0.0,1.0,1.0,1.0,0.0,real,3,0.3701005025125628,0.7761306532663317,0.8233668341708543,0.20584170854271358,0.33741449079568697,0.6925527133153203
F000875,0.0,0.3552763819095477,0.2916666666666666,0.5204164998665332,0.0,1.0,1.0,1.0,0.0,real,3,0.3701005025125628,0.3552763819095477,0.5768844221105528,0.1442211055276382,0.29180285851367394,0.3574143329713896
F000876,0.0446581987385203,0.7555276381909548,0.6666666666666666,0.5773502691896258,0.0,1.0,1.0,1.0,0.0,real,3,0.3701005025125628,0.7555276381909548,0.6907035175879397,0.17267587939698492,0.31286511072952705,0.6889736685942274
F000877,0.0,0.3552763819095477,0.2638888888888888,0.4110735718596873,0.0,1.0,1.0,1.0,0.0,real,3,0.3701005025125628,0.3552763819095477,0.3821608040201005,0.09554020100502512,0.2557692040605035,0.3566926813716825
F000878,0.0,0.3552763819095477,0.2083333333333333,0.2204792759220492,0.0,1.0,1.0,1.0,0.0,real,3,0.3701005025125628,0.3552763819095477,0.11256281407035176,0.02814070351758794,0.2058800282821141,0.35569354309234613
F000879,0.0,0.3552763819095477,0.2222222222222222,0.5091750772173156,0.0,1.0,1.0,1.0,0.0,real,3,0.3701005025125628,0.3552763819095477,0.5258793969849246,0.13146984924623115,0.2823643657988435,0.3572253068104341
F000880,0.0,0.3552763819095477,0.3333333333333333,0.5773502691896258,0.0,1.0,1.0,1.0,0.0,real,3,0.3701005025125628,0.3552763819095477,0.6907035175879397,0.17267587939698492,0.31286511072952705,0.35783614997096025
F000881,0.0,0.3552763819095477,0.1111111111111111,0.3849001794597505,0.25,1.0,1.0,1.0,0.25,real,3,0.8304020100502513,0.3552763819095477,0.3391959798994975,0.08479899497487438,0.5560355167798793,0.3955665576626852
F000882,0.1485783278408043,0.8226130653266331,0.7361111111111112,0.6472877887628358,0.0,1.0,1.0,1.0,0.0,real,3,0.3701005025125628,0.8226130653266331,0.7580402010050251,0.18951005025125628,0.3253257809146234,0.7368573868084138
F000883,0.0,0.3552763819095477,0.6666666666666666,0.6666666666666667,0.0,1.0,1.0,1.0,0.0,real,3,0.3701005025125628,0.3552763819095477,0.7914572864321608,0.1978643216080402,0.3315096209691675,0.35820954647609904
F000884,0.0,0.3552763819095477,0.3055555555555556,0.6735753140545634,0.25,1.0,1.0,1.0,0.25,real,3,0.8304020100502513,0.3552763819095477,0.8233668341708543,0.20584170854271358,0.7570637420772203,0.4530770529784601
F000885,0.0,0.3552763819095477,0.3333333333333333,0.5773502691896258,0.0,1.0,1.0,1.0,0.0,real,3,0.3701005025125628,0.3552763819095477,0.6907035175879397,0.17267587939698492,0.31286511072952705,0.35783614997096025
F000886,0.0,0.3552763819095477,0.1944444444444444,0.3469443332443554,0.25,1.0,1.0,1.0,0.25,real,3,0.8304020100502513,0.3552763819095477,0.2562814070351759,0.06407035175879397,0.5216093027953839,0.3857178480341405
F000887,0.0,0.3552763819095477,0.1944444444444444,0.3469443332443554,0.0,1.0,1.0,1.0,0.0,real,3,0.3701005025125628,0.3552763819095477,0.2562814070351759,0.06407035175879397,0.23247519002045403,0.3562261685310977
F000888,0.4730936953723087,0.97964824120603,0.7916666666666667,0.2204792759220492,0.0,1.0,1.0,1.0,0.0,real,3,0.3701005025125628,0.97964824120603,0.11256281407035176,0.02814070351758794,0.2058800282821141,0.9624951390116411
F000889,0.0,0.3552763819095477,0.625,0.6614378277661477,0.25,1.0,1.0,1.0,0.25,real,3,0.8304020100502513,0.3552763819095477,0.7658291457286432,0.1914572864321608,0.7331740360091917,0.4462426453877427
F000890,0.0521012318616071,0.7761306532663317,0.6944444444444444,0.6735753140545634,0.0,1.0,1.0,1.0,0.0,real,3,0.3701005025125628,0.7761306532663317,0.8233668341708543,0.20584170854271358,0.33741449079568697,0.6925527133153203
F000891,0.0,0.3552763819095477,0.3611111111111111,0.2545875386086578,0.25,1.0,1.0,1.0,0.25,real,3,0.8304020100502513,0.3552763819095477,0.15100502512562813,0.037751256281407033,0.4778984432211308,0.3732129712633519
F000892,0.1485783278408043,0.8226130653266331,0.7361111111111112,0.6472877887628358,0.0,1.0,1.0,1.0,0.0,real,3,0.3701005025125628,0.8226130653266331,0.7580402010050251,0.18951005025125628,0.3253257809146234,0.7368573868084138
F000893,0.0446581987385203,0.7555276381909548,0.6666666666666666,0.5773502691896258,0.0,1.0,1.0,1.0,0.0,real,3,0.3701005025125628,0.7555276381909548,0.6907035175879397,0.17267587939698492,0.31286511072952705,0.6889736685942274
F000894,0.0,0.3552763819095477,0.3472222222222222,0.3367876570272817,0.25,1.0,1.0,1.0,0.25,real,3,0.8304020100502513,0.3552763819095477,0.2379396984924623,0.059484924623115575,0.5139938069745713,0.3835391940860079
F000895,0.0,0.3552763819095477,0.3194444444444444,0.8988160937424132,0.0,1.0,1.0,1.0,0.0,real,3,0.3701005025125628,0.3552763819095477,0.9771356783919598,0.24428391959798995,0.3658694540541906,0.35889767619504553
F000896,0.1077083611333555,0.800502512562814,0.5972222222222222,0.1734721666221776,0.0,1.0,1.0,1.0,0.0,real,3,0.3701005025125628,0.800502512562814,0.04874371859296482,0.012185929648241205,0.19407028862907505,0.79525766394788
F000897,0.0,0.3552763819095477,0.375,0.4330127018922193,0.0,1.0,1.0,1.0,0.0,real,3,0.3701005025125628,0.3552763819095477,0.4115577889447236,0.1028894472361809,0.2612091235069821,0.3568016274841544
F000898,0.0297721324923469,0.7414572864321608,0.6111111111111112,0.3849001794597506,0.25,1.0,1.0,1.0,0.25,real,3,0.8304020100502513,0.7414572864321608,0.35904522613065326,0.08976130653266332,0.5642769437640465,0.7494410810333072
F000899,0.0,0.3552763819095477,0.2638888888888888,0.240562612162344,0.0,1.0,1.0,1.0,0.0,real,3,0.3701005025125628,0.3552763819095477,0.12864321608040202,0.032160804020100506,0.20885571071437592,0.35575313754703164
F000900,0.0,0.3552763819095477,0.3333333333333333,0.3333333333333333,0.0,1.0,1.0,1.0,0.0,real,3,0.3701005025125628,0.3552763819095477,0.2020100502512563,0.05050251256281407,0.22243226181157041,0.35602503724653417
F000901,0.4510034825212683,0.9751256281407036,0.8194444444444444,0.3757708127352412,0.0,1.0,1.0,1.0,0.0,real,3,0.3701005025125628,0.9751256281407036,0.32437185929648243,0.08109296482412061,0.24507534531956263,0.9260623469104315
F000902,0.0,0.3552763819095477,0.25,0.5,0.0,1.0,1.0,1.0,0.0,real,3,0.3701005025125628,0.3552763819095477,0.4663316582914573,0.11658291457286432,0.2713450417918739,0.35700462109542686
F000903,0.0,0.3552763819095477,0.25,0.8660254037844386,0.0,1.0,1.0,1.0,0.0,real,3,0.3701005025125628,0.3552763819095477,0.9630653266331658,0.24076633165829145,0.36326573192596145,0.35884553104719574
F000904,0.0,0.3552763819095477,0.1944444444444444,0.3469443332443554,0.25,1.0,1.0,1.0,0.25,real,3,0.8304020100502513,0.3552763819095477,0.2562814070351759,0.06407035175879397,0.5216093027953839,0.3857178480341405
F000905,0.2224894150898172,0.892964824120603,0.7916666666666667,0.7216878364870323,0.25,1.0,1.0,1.0,0.25,real,3,0.8304020100502513,0.892964824120603,0.8907035175879398,0.22267587939698494,0.785022000707053,0.8790335944799372
F000906,0.0,0.3552763819095477,0.2916666666666666,0.5204164998665332,0.0,1.0,1.0,1.0,0.0,real,3,0.3701005025125628,0.3552763819095477,0.5768844221105528,0.1442211055276382,0.29180285851367394,0.3574143329713896
F000907,0.0,0.3552763819095477,0.3055555555555556,0.0962250448649376,0.0,1.0,1.0,1.0,0.0,real,3,0.3701005025125628,0.3552763819095477,0.018090452261306532,0.004522613065326633,0.18839789399257595,0.35534342567106886
F000908,0.0,0.3552763819095477,0.0555555555555555,0.1924500897298752,0.0,1.0,1.0,1.0,0.0,real,3,0.3701005025125628,0.3552763819095477,0.07613065326633166,0.019032663316582914,0.19913824777152095,0.35555852440594926
F000909,0.1898569058357866,0.8753768844221106,0.7222222222222222,0.5091750772173156,0.0,1.0,1.0,1.0,0.0,real,3,0.3701005025125628,0.8753768844221106,0.5258793969849246,0.13146984924623115,0.2823643657988435,0.8089482746647811
F000910,0.2666854362923786,0.9085427135678392,0.7361111111111112,0.4110735718596873,0.25,1.0,1.0,1.0,0.25,real,3,0.8304020100502513,0.9085427135678392,0.3821608040201005,0.09554020100502512,0.5738745549354815,0.9010771350470947
F000911,0.0,0.3552763819095477,0.4583333333333333,0.3632415786283894,0.0,1.0,1.0,1.0,0.0,real,3,0.3701005025125628,0.3552763819095477,0.2984924623115578,0.07462311557788945,0.24028635640514132,0.35638260397464705
F000912,0.0,0.3552763819095477,0.4861111111111111,0.2926570486903539,0.0,1.0,1.0,1.0,0.0,real,3,0.3701005025125628,0.3552763819095477,0.18266331658291457,0.04566582914572864,0.21885214388525542,0.35595333766824067
F000913,0.0,0.3552763819095477,0.625,0.5464532103585001,0.0,1.0,1.0,1.0,0.0,real,3,0.3701005025125628,0.3552763819095477,0.6507537688442211,0.16268844221105527,0.3054723996868766,0.357688094997601
F000914,0.0,0.3552763819095477,0.6527777777777778,0.9292071490932072,0.5,1.0,1.0,1.0,0.5,real,3,0.9587939698492463,0.3552763819095477,0.9816582914572864,0.2454145728643216,0.9500010100755032,0.5033883929698745
F000915,0.1706553760958049,0.857286432160804,0.7777777777777777,0.769800358919501,0.5,1.0,1.0,1.0,0.5,real,3,0.9587939698492463,0.857286432160804,0.928894472361809,0.23222361809045225,0.9247061942880229,0.8808588798262671
F000916,0.0,0.3552763819095477,0.2638888888888888,0.240562612162344,0.25,1.0,1.0,1.0,0.25,real,3,0.8304020100502513,0.3552763819095477,0.12864321608040202,0.032160804020100506,0.468613797631373,0.37055680412110803
F000917,0.1077083611333555,0.800502512562814,0.5972222222222222,0.1734721666221776,0.0,1.0,1.0,1.0,0.0,real,3,0.3701005025125628,0.800502512562814,0.04874371859296482,0.012185929648241205,0.19407028862907505,0.79525766394788
F000918,0.0,0.3552763819095477,0.1805555555555555,0.3757708127352412,0.25,1.0,1.0,1.0,0.25,real,3,0.8304020100502513,0.3552763819095477,0.32437185929648243,0.08109296482412061,0.5498805270068937,0.3938057277593999
F000919,0.0,0.3552763819095477,0.4027777777777777,0.5023094811118091,0.0,1.0,1.0,1.0,0.0,real,3,0.3701005025125628,0.3552763819095477,0.48391959798994977,0.12097989949748744,0.2745996944521603,0.35706980253023907
F000920,0.0180098182154157,0.7331658291457287,0.625,0.4639803635691685,0.25,1.0,1.0,1.0,0.25,real,3,0.8304020100502513,0.7331658291457287,0.4407035175879397,0.11017587939698492,0.5981815484457463,0.7438789108860888
F000921,0.0,0.3552763819095477,0.2916666666666666,0.5204164998665332,0.25,1.0,1.0,1.0,0.25,real,3,0.8304020100502513,0.3552763819095477,0.5768844221105528,0.1442211055276382,0.654723996868766,0.4237995252645135
F000922,0.0,0.3552763819095477,0.3194444444444444,0.3757708127352411,0.5,1.0,1.0,1.0,0.5,real,3,0.9587939698492463,0.3552763819095477,0.3123115577889447,0.07807788944723618,0.6291182040857554,0.40239776142016614
F000923,0.0,0.3552763819095477,0.5,0.3333333333333333,0.25,1.0,1.0,1.0,0.25,real,3,0.8304020100502513,0.3552763819095477,0.2020100502512563,0.05050251256281407,0.4990757809146234,0.37927141991363855
F000924,0.0964922377325326,0.7904522613065327,0.6805555555555556,0.529237746757157,0.0,1.0,1.0,1.0,0.0,real,3,0.3701005025125628,0.7904522613065327,0.6135678391959799,0.15339195979899498,0.29859113406227117,0.7259736812201713
F000925,0.0098985899724178,0.7160804020100503,0.6388888888888888,0.5357583756107198,0.0,1.0,1.0,1.0,0.0,real,3,0.3701005025125628,0.7160804020100503,0.6336683417085427,0.15841708542713567,0.3023107371025984,0.6612712747152851
F000926,0.34077636645642,0.9424623115577888,0.6944444444444444,0.0962250448649376,0.0,1.0,1.0,1.0,0.0,real,3,0.3701005025125628,0.9424623115577888,0.018090452261306532,0.004522613065326633,0.18839789399257595,0.9398737405621069
F000927,0.3231250834000667,0.93643216080402,0.7916666666666667,0.5204164998665333,0.0,1.0,1.0,1.0,0.0,real,3,0.3701005025125628,0.93643216080402,0.6005025125628141,0.15012562814070352,0.2961733920860584,0.8514112648670488
F000928,0.0,0.3552763819095477,0.4027777777777778,0.1734721666221777,0.0,1.0,1.0,1.0,0.0,real,3,0.3701005025125628,0.3552763819095477,0.0592964824120603,0.014824120603015075,0.19602308022524684,0.35549613646120043
F000929,0.0,0.3552763819095477,0.25,0.1666666666666666,0.0,1.0,1.0,1.0,0.0,real,3,0.3701005025125628,0.3552763819095477,0.036683417085427134,0.009170854271356783,0.19183852680487867,0.355412331759299
F000930,0.0,0.3552763819095477,0.3333333333333333,1.1547005383792517,0.0,1.0,1.0,1.0,0.0,real,3,0.3701005025125628,0.3552763819095477,0.9984924623115577,0.24962311557788944,0.36982153228453823,0.3589768250801747
F000931,0.4999999999999999,0.984422110552764,0.8333333333333333,0.3333333333333333,0.0,1.0,1.0,1.0,0.0,real,3,0.3701005025125628,0.984422110552764,0.2020100502512563,0.05050251256281407,0.22243226181157041,0.9533973258251057
F000932,0.1898569058357866,0.8753768844221106,0.7222222222222222,0.5091750772173156,0.25,1.0,1.0,1.0,0.25,real,3,0.8304020100502513,0.8753768844221106,0.5258793969849246,0.13146984924623115,0.6335466591752734,0.869464044468574
F000933,0.0,0.3552763819095477,0.1944444444444444,0.3469443332443554,0.25,1.0,1.0,1.0,0.25,real,3,0.8304020100502513,0.3552763819095477,0.2562814070351759,0.06407035175879397,0.5216093027953839,0.3857178480341405
F000934,0.0,0.3552763819095477,0.3333333333333333,0.3333333333333333,0.0,1.0,1.0,1.0,0.0,real,3,0.3701005025125628,0.3552763819095477,0.2020100502512563,0.05050251256281407,0.22243226181157041,0.35602503724653417
F000935,0.0,0.3552763819095477,0.2083333333333333,0.5204164998665333,0.0,1.0,1.0,1.0,0.0,real,3,0.3701005025125628,0.3552763819095477,0.6005025125628141,0.15012562814070352,0.2961733920860584,0.3575018623267089
F000936,0.0521012318616071,0.7761306532663317,0.6944444444444444,0.6735753140545634,0.0,1.0,1.0,1.0,0.0,real,3,0.3701005025125628,0.7761306532663317,0.8233668341708543,0.20584170854271358,0.33741449079568697,0.6925527133153203
F000937,0.1504840084734488,0.8311557788944723,0.6388888888888888,0.2545875386086578,0.25,1.0,1.0,1.0,0.25,real,3,0.8304020100502513,0.8311557788944723,0.15100502512562813,0.037751256281407033,0.4778984432211308,0.8311273231736571
F000938,0.0,0.3552763819095477,0.4027777777777777,0.5023094811118091,0.0,1.0,1.0,1.0,0.0,real,3,0.3701005025125628,0.3552763819095477,0.48391959798994977,0.12097989949748744,0.2745996944521603,0.35706980253023907
F000939,0.0,0.3552763819095477,0.2222222222222221,0.3849001794597505,0.0,1.0,1.0,1.0,0.0,real,3,0.3701005025125628,0.3552763819095477,0.3391959798994975,0.08479899497487438,0.247818552561804,0.35653345243806966
F000940,0.01116454968463,0.7221105527638191,0.5416666666666666,0.1443375672974064,0.0,1.0,1.0,1.0,0.0,real,3,0.3701005025125628,0.7221105527638191,0.02864321608040201,0.007160804020100503,0.19035068558874776,0.719589877780864
F000941,0.0,0.3552763819095477,0.361111111111111,0.5357583756107197,0.0,1.0,1.0,1.0,0.0,real,3,0.3701005025125628,0.3552763819095477,0.621859296482412,0.155464824120603,0.3001254703164062,0.35758101121183805
F000942,0.0,0.3552763819095477,0.2222222222222222,0.5091750772173156,0.0,1.0,1.0,1.0,0.0,real,3,0.3701005025125628,0.3552763819095477,0.5258793969849246,0.13146984924623115,0.2823643657988435,0.3572253068104341
F000943,0.0,0.3552763819095477,0.2777777777777778,0.5091750772173156,0.0,1.0,1.0,1.0,0.0,real,3,0.3701005025125628,0.3552763819095477,0.5258793969849246,0.13146984924623115,0.2823643657988435,0.3572253068104341
F000944,0.0,0.3552763819095477,0.1666666666666666,0.5773502691896258,0.0,1.0,1.0,1.0,0.0,real,3,0.3701005025125628,0.3552763819095477,0.6907035175879397,0.17267587939698492,0.31286511072952705,0.35783614997096025
F000945,0.0,0.3552763819095477,0.3333333333333332,0.6666666666666666,0.25,1.0,1.0,1.0,0.25,real,3,0.8304020100502513,0.3552763819095477,0.7771356783919598,0.19428391959798996,0.7378685197343502,0.44758565124618066
F000946,0.0,0.3552763819095477,0.4027777777777778,0.8347210667398177,0.0,1.0,1.0,1.0,0.0,real,3,0.3701005025125628,0.3552763819095477,0.9492462311557789,0.23731155778894472,0.3607085048357365,0.3587943170627004
F000947,0.0,0.3552763819095477,0.1111111111111111,0.3849001794597505,0.0,1.0,1.0,1.0,0.0,real,3,0.3701005025125628,0.3552763819095477,0.3391959798994975,0.08479899497487438,0.247818552561804,0.35653345243806966
F000948,0.0,0.3552763819095477,0.2777777777777778,0.5091750772173156,0.0,1.0,1.0,1.0,0.0,real,3,0.3701005025125628,0.3552763819095477,0.5258793969849246,0.13146984924623115,0.2823643657988435,0.3572253068104341
F000949,0.34077636645642,0.9424623115577888,0.6944444444444444,0.0962250448649376,0.0,1.0,1.0,1.0,0.0,real,3,0.3701005025125628,0.9424623115577888,0.018090452261306532,0.004522613065326633,0.18839789399257595,0.9398737405621069
F000950,0.0521012318616071,0.7761306532663317,0.6944444444444444,0.6735753140545634,0.0,1.0,1.0,1.0,0.0,real,3,0.3701005025125628,0.7761306532663317,0.8233668341708543,0.20584170854271358,0.33741449079568697,0.6925527133153203
F000951,0.0,0.3552763819095477,0.2777777777777778,0.5091750772173156,0.0,1.0,1.0,1.0,0.0,real,3,0.3701005025125628,0.3552763819095477,0.5258793969849246,0.13146984924623115,0.2823643657988435,0.3572253068104341
F000952,0.0,0.3552763819095477,0.2916666666666666,0.2204792759220492,0.0,1.0,1.0,1.0,0.0,real,3,0.3701005025125628,0.3552763819095477,0.11256281407035176,0.02814070351758794,0.2058800282821141,0.35569354309234613
F000953,0.3222409918479341,0.9311557788944724,0.7638888888888888,0.4110735718596873,0.0,1.0,1.0,1.0,0.0,real,3,0.3701005025125628,0.9311557788944724,0.3821608040201005,0.09554020100502512,0.2557692040605035,0.8775524450140147
F000954,0.0,0.3552763819095477,0.4166666666666666,0.4409585518440984,0.0,1.0,1.0,1.0,0.0,real,3,0.3701005025125628,0.3552763819095477,0.4248743718592965,0.10621859296482412,0.26367336052119894,0.3568509791419408
F000955,0.1706553760958049,0.857286432160804,0.7777777777777777,0.769800358919501,0.0,1.0,1.0,1.0,0.0,real,3,0.3701005025125628,0.857286432160804,0.928894472361809,0.23222361809045225,0.3569424067574051,0.744150352895129
F000956,0.0,0.3552763819095477,0.361111111111111,0.5357583756107197,0.0,1.0,1.0,1.0,0.0,real,3,0.3701005025125628,0.3552763819095477,0.621859296482412,0.155464824120603,0.3001254703164062,0.35758101121183805
F000957,0.0,0.3552763819095477,0.6666666666666666,0.6666666666666667,0.25,1.0,1.0,1.0,0.25,real,3,0.8304020100502513,0.3552763819095477,0.7914572864321608,0.1978643216080402,0.7438148657862176,0.44928679200020194
F000958,0.0,0.3552763819095477,0.2361111111111111,0.4110735718596873,0.0,1.0,1.0,1.0,0.0,real,3,0.3701005025125628,0.3552763819095477,0.3821608040201005,0.09554020100502512,0.2557692040605035,0.3566926813716825
F000959,0.0,0.3552763819095477,0.5138888888888888,0.5548606765399495,0.0,1.0,1.0,1.0,0.0,real,3,0.3701005025125628,0.3552763819095477,0.6620603015075377,0.16551507537688442,0.3075646763970607,0.35772999734855176
F000960,0.0,0.3552763819095477,0.1111111111111111,0.3849001794597505,0.0,1.0,1.0,1.0,0.0,real,3,0.3701005025125628,0.3552763819095477,0.3391959798994975,0.08479899497487438,0.247818552561804,0.35653345243806966
F000961,0.0,0.3552763819095477,0.625,0.5464532103585001,0.0,1.0,1.0,1.0,0.0,real,3,0.3701005025125628,0.3552763819095477,0.6507537688442211,0.16268844221105527,0.3054723996868766,0.357688094997601
F000962,0.0,0.3552763819095477,0.5,0.3333333333333333,0.0,1.0,1.0,1.0,0.0,real,3,0.3701005025125628,0.3552763819095477,0.2020100502512563,0.05050251256281407,0.22243226181157041,0.35602503724653417
F000963,0.0,0.3552763819095477,0.1666666666666666,0.3333333333333333,0.0,1.0,1.0,1.0,0.0,real,3,0.3701005025125628,0.3552763819095477,0.2020100502512563,0.05050251256281407,0.22243226181157041,0.35602503724653417
F000964,0.0,0.3552763819095477,0.3194444444444444,0.6028481781725196,0.0,1.0,1.0,1.0,0.0,real,3,0.3701005025125628,0.3552763819095477,0.7298994974874372,0.1824748743718593,0.3201183366581652,0.3579814114542562
F000965,0.0,0.3552763819095477,0.3194444444444444,0.6028481781725196,0.0,1.0,1.0,1.0,0.0,real,3,0.3701005025125628,0.3552763819095477,0.7298994974874372,0.1824748743718593,0.3201183366581652,0.3579814114542562
F000966,0.0,0.3552763819095477,0.3055555555555556,0.3469443332443555,0.0,1.0,1.0,1.0,0.0,real,3,0.3701005025125628,0.3552763819095477,0.27889447236180903,0.06972361809045226,0.2366597434408222,0.3563099732329991
F000967,0.0,0.3552763819095477,0.3055555555555556,0.3469443332443555,0.0,1.0,1.0,1.0,0.0,real,3,0.3701005025125628,0.3552763819095477,0.27889447236180903,0.06972361809045226,0.2366597434408222,0.3563099732329991
F000968,0.0,0.3552763819095477,0.3055555555555556,0.3469443332443555,0.5,1.0,1.0,1.0,0.5,real,3,0.9587939698492463,0.3552763819095477,0.27889447236180903,0.06972361809045226,0.613098154087018,0.39735581172192613
F000969,0.3009680169468978,0.9190954773869346,0.7777777777777778,0.5091750772173156,0.5,1.0,1.0,1.0,0.5,real,3,0.9587939698492463,0.9190954773869346,0.5258793969849246,0.13146984924623115,0.731501982273175,0.9243146322062574
F000970,0.0,0.3552763819095477,0.2777777777777778,0.5091750772173156,0.0,1.0,1.0,1.0,0.0,real,3,0.3701005025125628,0.3552763819095477,0.5258793969849246,0.13146984924623115,0.2823643657988435,0.3572253068104341
F000971,0.0,0.3552763819095477,0.3333333333333333,0.3333333333333333,0.0,1.0,1.0,1.0,0.0,real,3,0.3701005025125628,0.3552763819095477,0.2020100502512563,0.05050251256281407,0.22243226181157041,0.35602503724653417
F000972,0.0446581987385203,0.7555276381909548,0.6666666666666666,0.5773502691896258,0.0,1.0,1.0,1.0,0.0,real,3,0.3701005025125628,0.7555276381909548,0.6907035175879397,0.17267587939698492,0.31286511072952705,0.6889736685942274
F000973,0.0,0.3552763819095477,0.3333333333333332,0.6666666666666666,0.25,1.0,1.0,1.0,0.25,real,3,0.8304020100502513,0.3552763819095477,0.7771356783919598,0.19428391959798996,0.7378685197343502,0.44758565124618066
F000974,0.0,0.3552763819095477,0.375,0.6614378277661477,0.0,1.0,1.0,1.0,0.0,real,3,0.3701005025125628,0.3552763819095477,0.7658291457286432,0.1914572864321608,0.3267671270927502,0.358114567813944
F000975,0.3631054658256801,0.9542713567839196,0.7777777777777777,0.3849001794597506,0.0,1.0,1.0,1.0,0.0,real,3,0.3701005025125628,0.9542713567839196,0.35904522613065326,0.08976130653266332,0.2514916605641272,0.9018354176662206
F000976,0.1898569058357866,0.8753768844221106,0.7222222222222222,0.5091750772173156,0.0,1.0,1.0,1.0,0.0,real,3,0.3701005025125628,0.8753768844221106,0.5258793969849246,0.13146984924623115,0.2823643657988435,0.8089482746647811
F000977,0.0,0.3552763819095477,0.3611111111111111,0.2545875386086578,0.0,1.0,1.0,1.0,0.0,real,3,0.3701005025125628,0.3552763819095477,0.15100502512562813,0.037751256281407033,0.21299376909673998,0.3558360110855786
F000978,0.1259971773572845,0.8105527638190955,0.611111111111111,0.1924500897298752,0.5,1.0,1.0,1.0,0.5,real,3,0.9587939698492463,0.8105527638190955,0.07613065326633166,0.019032663316582914,0.5158937905608445,0.8133741887831115
F000979,0.0,0.3552763819095477,0.3194444444444444,0.529237746757157,0.0,1.0,1.0,1.0,0.0,real,3,0.3701005025125628,0.3552763819095477,0.6135678391959799,0.15339195979899498,0.29859113406227117,0.3575502828211408
F000980,0.0,0.3552763819095477,0.3888888888888889,0.3849001794597506,0.0,1.0,1.0,1.0,0.0,real,3,0.3701005025125628,0.3552763819095477,0.35904522613065326,0.08976130653266332,0.2514916605641272,0.35660701434307207
F000981,0.0483797153000638,0.7670854271356784,0.6805555555555556,0.6254627916220946,0.25,1.0,1.0,1.0,0.25,real,3,0.8304020100502513,0.7670854271356784,0.7464824120603015,0.18662060301507538,0.7251412527461428,0.77890160602005
F000982,0.0,0.3552763819095477,0.4166666666666667,0.726483157256779,0.25,1.0,1.0,1.0,0.25,real,3,0.8304020100502513,0.3552763819095477,0.8964824120603015,0.2241206030150754,0.7874214034999117,0.4617618241963586
F000983,0.1898569058357866,0.8753768844221106,0.7222222222222222,0.5091750772173156,0.0,1.0,1.0,1.0,0.0,real,3,0.3701005025125628,0.8753768844221106,0.5258793969849246,0.13146984924623115,0.2823643657988435,0.8089482746647811
F000984,0.0297721324923469,0.7414572864321608,0.6111111111111112,0.3849001794597506,0.0,1.0,1.0,1.0,0.0,real,3,0.3701005025125628,0.7414572864321608,0.35904522613065326,0.08976130653266332,0.2514916605641272,0.7081238163177698
F000985,0.3009680169468978,0.9190954773869346,0.7777777777777778,0.5091750772173156,0.0,1.0,1.0,1.0,0.0,real,3,0.3701005025125628,0.9190954773869346,0.5258793969849246,0.13146984924623115,0.2823643657988435,0.8469191908032625
F000986,0.1898569058357866,0.8753768844221106,0.7222222222222222,0.5091750772173156,0.0,1.0,1.0,1.0,0.0,real,3,0.3701005025125628,0.8753768844221106,0.5258793969849246,0.13146984924623115,0.2823643657988435,0.8089482746647811
F000987,0.0446581987385203,0.7555276381909548,0.6666666666666666,0.5773502691896258,0.25,1.0,1.0,1.0,0.25,real,3,0.8304020100502513,0.7555276381909548,0.6907035175879397,0.17267587939698492,0.7019817997020278,0.7684566361960556
F000988,0.1504840084734488,0.8311557788944723,0.6388888888888888,0.2545875386086578,0.0,1.0,1.0,1.0,0.0,real,3,0.3701005025125628,0.8311557788944723,0.15100502512562813,0.037751256281407033,0.21299376909673998,0.8137503629958839
F000989,0.0,0.3552763819095477,0.3194444444444444,0.8988160937424132,0.0,1.0,1.0,1.0,0.0,real,3,0.3701005025125628,0.3552763819095477,0.9771356783919598,0.24428391959798995,0.3658694540541906,0.35889767619504553
F000990,0.2154167222667111,0.8881909547738693,0.6944444444444444,0.3469443332443555,0.0,1.0,1.0,1.0,0.0,real,3,0.3701005025125628,0.8881909547738693,0.27889447236180903,0.06972361809045226,0.2366597434408222,0.8520678139440923
F000991,0.0,0.3552763819095477,0.3055555555555556,0.0962250448649376,0.0,1.0,1.0,1.0,0.0,real,3,0.3701005025125628,0.3552763819095477,0.018090452261306532,0.004522613065326633,0.18839789399257595,0.35534342567106886
F000992,0.2224894150898172,0.892964824120603,0.7916666666666667,0.7216878364870323,0.0,1.0,1.0,1.0,0.0,real,3,0.3701005025125628,0.892964824120603,0.8907035175879398,0.22267587939698494,0.34987516098078336,0.7765355515012247
F000993,0.1706553760958049,0.857286432160804,0.7777777777777777,0.769800358919501,0.0,1.0,1.0,1.0,0.0,real,3,0.3701005025125628,0.857286432160804,0.928894472361809,0.23222361809045225,0.3569424067574051,0.744150352895129
F000994,0.0,0.3552763819095477,0.3611111111111111,0.2545875386086578,0.0,1.0,1.0,1.0,0.0,real,3,0.3701005025125628,0.3552763819095477,0.15100502512562813,0.037751256281407033,0.21299376909673998,0.3558360110855786
F000995,0.0,0.3552763819095477,0.375,0.4639803635691685,0.0,1.0,1.0,1.0,0.0,real,3,0.3701005025125628,0.3552763819095477,0.4407035175879397,0.11017587939698492,0.2666025479154567,0.35690964243327183
F000996,0.0,0.3552763819095477,0.1388888888888888,0.2545875386086578,0.0,1.0,1.0,1.0,0.0,real,3,0.3701005025125628,0.3552763819095477,0.15100502512562813,0.037751256281407033,0.21299376909673998,0.3558360110855786
F000997,0.0,0.3552763819095477,0.2916666666666666,0.5204164998665332,0.0,1.0,1.0,1.0,0.0,real,3,0.3701005025125628,0.3552763819095477,0.5768844221105528,0.1442211055276382,0.29180285851367394,0.3574143329713896
F000998,0.0,0.3552763819095477,0.2083333333333333,0.2204792759220492,0.25,1.0,1.0,1.0,0.25,real,3,0.8304020100502513,0.3552763819095477,0.11256281407035176,0.02814070351758794,0.46193719855559207,0.368646751344663
F000999,0.0,0.3552763819095477,0.5833333333333333,0.4409585518440985,0.0,1.0,1.0,1.0,0.0,real,3,0.3701005025125628,0.3552763819095477,0.43517587939698493,0.10879396984924623,0.2655796570793667,0.3568891568394737
F001000,0.0,0.3552763819095477,0.2916666666666666,0.2204792759220492,0.25,1.0,1.0,1.0,0.25,real,3,0.8304020100502513,0.3552763819095477,0.11256281407035176,0.02814070351758794,0.46193719855559207,0.368646751344663
F001001,0.0,0.3552763819095477,0.375,0.4639803635691685,0.0,1.0,1.0,1.0,0.0,real,3,0.3701005025125628,0.3552763819095477,0.4407035175879397,0.11017587939698492,0.2666025479154567,0.35690964243327183
F001002,0.0,0.3552763819095477,0.5694444444444444,0.7469072033193752,0.0,1.0,1.0,1.0,0.0,real,3,0.3701005025125628,0.3552763819095477,0.9062814070351759,0.22657035175879398,0.35275785333703696,0.35863508812908756
F001003,0.0,0.3552763819095477,0.5555555555555556,0.5091750772173156,0.0,1.0,1.0,1.0,0.0,real,3,0.3701005025125628,0.3552763819095477,0.5258793969849246,0.13146984924623115,0.2823643657988435,0.3572253068104341
F001004,0.0,0.3552763819095477,0.5555555555555556,0.769800358919501,0.0,1.0,1.0,1.0,0.0,real,3,0.3701005025125628,0.3552763819095477,0.928894472361809,0.23222361809045225,0.3569424067574051,0.35871889283098907
F001005,0.0,0.3552763819095477,0.5833333333333333,0.4409585518440985,0.0,1.0,1.0,1.0,0.0,real,3,0.3701005025125628,0.3552763819095477,0.43517587939698493,0.10879396984924623,0.2655796570793667,0.3568891568394737
F001006,0.0,0.3552763819095477,0.2638888888888888,0.7087417123429485,0.0,1.0,1.0,1.0,0.0,real,3,0.3701005025125628,0.3552763819095477,0.8801507537688442,0.22003768844221105,0.3479223693846115,0.3585382471402237
F001007,0.0446581987385203,0.7555276381909548,0.6666666666666666,0.5773502691896258,0.0,1.0,1.0,1.0,0.0,real,3,0.3701005025125628,0.7555276381909548,0.6907035175879397,0.17267587939698492,0.31286511072952705,0.6889736685942274
F001008,0.0,0.3552763819095477,0.25,0.1666666666666666,0.25,1.0,1.0,1.0,0.25,real,3,0.8304020100502513,0.3552763819095477,0.036683417085427134,0.009170854271356783,0.43043199666675086,0.35963368980581295
F001009,0.3779915320718537,0.9613065326633166,0.8333333333333333,0.5773502691896258,0.5,1.0,1.0,1.0,0.5,real,3,0.9587939698492463,0.9613065326633166,0.6907035175879397,0.17267587939698492,0.8105181687331128,0.9608726736698568
F001010,0.0,0.3552763819095477,0.4027777777777778,0.1734721666221777,0.0,1.0,1.0,1.0,0.0,real,3,0.3701005025125628,0.3552763819095477,0.0592964824120603,0.014824120603015075,0.19602308022524684,0.35549613646120043
F001011,0.0,0.3552763819095477,0.3055555555555556,0.6735753140545634,0.25,1.0,1.0,1.0,0.25,real,3,0.8304020100502513,0.3552763819095477,0.8233668341708543,0.20584170854271358,0.7570637420772203,0.4530770529784601
F001012,0.0,0.3552763819095477,0.1666666666666666,0.5773502691896258,0.0,1.0,1.0,1.0,0.0,real,3,0.3701005025125628,0.3552763819095477,0.6907035175879397,0.17267587939698492,0.31286511072952705,0.35783614997096025
F001013,0.0446581987385203,0.7555276381909548,0.6666666666666666,0.5773502691896258,0.0,1.0,1.0,1.0,0.0,real,3,0.3701005025125628,0.7555276381909548,0.6907035175879397,0.17267587939698492,0.31286511072952705,0.6889736685942274
F001014,0.0,0.3552763819095477,0.3333333333333333,0.5773502691896258,0.0,1.0,1.0,1.0,0.0,real,3,0.3701005025125628,0.3552763819095477,0.6907035175879397,0.17267587939698492,0.31286511072952705,0.35783614997096025
F001015,0.1178513660507478,0.8060301507537688,0.736111111111111,0.7087417123429486,0.0,1.0,1.0,1.0,0.0,real,3,0.3701005025125628,0.8060301507537688,0.8869346733668342,0.22173366834170855,0.34917773541072195,0.7093698707103355
F001016,0.0,0.3552763819095477,0.2083333333333333,0.5204164998665333,0.0,1.0,1.0,1.0,0.0,real,3,0.3701005025125628,0.3552763819095477,0.6005025125628141,0.15012562814070352,0.2961733920860584,0.3575018623267089
F001017,0.0,0.3552763819095477,0.611111111111111,0.8388704928078611,0.0,1.0,1.0,1.0,0.0,real,3,0.3701005025125628,0.3552763819095477,0.9527638190954774,0.23819095477386934,0.36135943536779375,0.35880735334966285
F001018,0.0,0.3552763819095477,0.3055555555555556,0.3469443332443555,0.5,1.0,1.0,1.0,0.5,real,3,0.9587939698492463,0.3552763819095477,0.27889447236180903,0.06972361809045226,0.613098154087018,0.39735581172192613
F001019,0.4510034825212683,0.9751256281407036,0.8194444444444444,0.3757708127352412,0.0,1.0,1.0,1.0,0.0,real,3,0.3701005025125628,0.9751256281407036,0.32437185929648243,0.08109296482412061,0.24507534531956263,0.9260623469104315
F001020,0.0,0.3552763819095477,0.2777777777777778,0.3849001794597505,0.25,1.0,1.0,1.0,0.25,real,3,0.8304020100502513,0.3552763819095477,0.3391959798994975,0.08479899497487438,0.5560355167798793,0.3955665576626852
F001021,0.25,0.8997487437185929,0.75,0.5,0.0,1.0,1.0,1.0,0.0,real,3,0.3701005025125628,0.8997487437185929,0.4663316582914573,0.11658291457286432,0.2713450417918739,0.8380008080604026
F001022,0.0,0.3552763819095477,0.2083333333333333,0.2204792759220492,0.25,1.0,1.0,1.0,0.25,real,3,0.8304020100502513,0.3552763819095477,0.11256281407035176,0.02814070351758794,0.46193719855559207,0.368646751344663
F001023,0.0,0.3552763819095477,0.2777777777777778,0.5091750772173156,0.0,1.0,1.0,1.0,0.0,real,3,0.3701005025125628,0.3552763819095477,0.5258793969849246,0.13146984924623115,0.2823643657988435,0.3572253068104341
F001024,0.2154167222667111,0.8881909547738693,0.6944444444444444,0.3469443332443555,0.0,1.0,1.0,1.0,0.0,real,3,0.3701005025125628,0.8881909547738693,0.27889447236180903,0.06972361809045226,0.2366597434408222,0.8520678139440923
F001025,0.3222409918479341,0.9311557788944724,0.7638888888888888,0.4110735718596873,0.0,1.0,1.0,1.0,0.0,real,3,0.3701005025125628,0.9311557788944724,0.3821608040201005,0.09554020100502512,0.2557692040605035,0.8775524450140147
F001026,0.0,0.3552763819095477,0.3888888888888889,0.1924500897298752,0.0,1.0,1.0,1.0,0.0,real,3,0.3701005025125628,0.3552763819095477,0.07613065326633166,0.019032663316582914,0.19913824777152095,0.35555852440594926
F001027,0.0,0.3552763819095477,0.5972222222222222,0.5023094811118091,0.0,1.0,1.0,1.0,0.0,real,3,0.3701005025125628,0.3552763819095477,0.48391959798994977,0.12097989949748744,0.2745996944521603,0.35706980253023907
F001028,0.0,0.3552763819095477,0.2638888888888888,0.4110735718596873,0.0,1.0,1.0,1.0,0.0,real,3,0.3701005025125628,0.3552763819095477,0.3821608040201005,0.09554020100502512,0.2557692040605035,0.3566926813716825
F001029,0.0,0.3552763819095477,0.2222222222222222,0.769800358919501,0.25,1.0,1.0,1.0,0.25,real,3,0.8304020100502513,0.3552763819095477,0.928894472361809,0.23222361809045225,0.8008789235120325,0.4656117743238807
F001030,0.0,0.3552763819095477,0.3888888888888889,0.693888666488711,0.0,1.0,1.0,1.0,0.0,real,3,0.3701005025125628,0.3552763819095477,0.8597989949748743,0.21494974874371858,0.3441562713062801,0.35846282290851234
F001031,0.0,0.3552763819095477,0.2777777777777778,0.5091750772173156,0.25,1.0,1.0,1.0,0.25,real,3,0.8304020100502513,0.3552763819095477,0.5258793969849246,0.13146984924623115,0.6335466591752734,0.4177410766142269
F001032,0.0,0.3552763819095477,0.2222222222222222,0.769800358919501,0.0,1.0,1.0,1.0,0.0,real,3,0.3701005025125628,0.3552763819095477,0.928894472361809,0.23222361809045225,0.3569424067574051,0.35871889283098907
F001033,0.5853276880479024,0.9934673366834172,0.8888888888888888,0.3849001794597506,0.0,1.0,1.0,1.0,0.0,real,3,0.3701005025125628,0.9934673366834172,0.35904522613065326,0.08976130653266332,0.2514916605641272,0.9375131151991113
F001034,0.0,0.3552763819095477,0.375,0.5464532103585,0.25,1.0,1.0,1.0,0.25,real,3,0.8304020100502513,0.3552763819095477,0.642462311557789,0.16061557788944725,0.681952002474685,0.4315889592434534
F001035,0.0,0.3552763819095477,0.5694444444444444,0.7469072033193752,0.25,1.0,1.0,1.0,0.25,real,3,0.8304020100502513,0.3552763819095477,0.9062814070351759,0.22657035175879398,0.7914899560617157,0.4629257626070048
F001036,0.0,0.3552763819095477,0.4722222222222222,0.6309898162000305,0.0,1.0,1.0,1.0,0.0,real,3,0.3701005025125628,0.3552763819095477,0.7537688442211056,0.1884422110552764,0.3245353652685538,0.35806987197292994
F001037,0.0098985899724178,0.7160804020100503,0.6388888888888888,0.5357583756107198,0.0,1.0,1.0,1.0,0.0,real,3,0.3701005025125628,0.7160804020100503,0.6336683417085427,0.15841708542713567,0.3023107371025984,0.6612712747152851
F001038,0.0,0.3552763819095477,0.375,0.5464532103585,0.0,1.0,1.0,1.0,0.0,real,3,0.3701005025125628,0.3552763819095477,0.642462311557789,0.16061557788944725,0.3039380634327416,0.3576573666069038
F001039,0.0,0.3552763819095477,0.361111111111111,0.5357583756107197,0.0,1.0,1.0,1.0,0.0,real,3,0.3701005025125628,0.3552763819095477,0.621859296482412,0.155464824120603,0.3001254703164062,0.35758101121183805
F001040,0.0,0.3552763819095477,0.1666666666666666,0.5773502691896258,0.0,1.0,1.0,1.0,0.0,real,3,0.3701005025125628,0.3552763819095477,0.6907035175879397,0.17267587939698492,0.31286511072952705,0.35783614997096025
F001041,0.0,0.3552763819095477,0.361111111111111,0.6735753140545635,0.5,1.0,1.0,1.0,0.5,real,3,0.9587939698492463,0.3552763819095477,0.8384422110552764,0.2096105527638191,0.8813436529380572,0.48178003712027473
F001042,0.0,0.3552763819095477,0.4166666666666666,0.6009252125773316,0.5,1.0,1.0,1.0,0.5,real,3,0.9587939698492463,0.3552763819095477,0.7228643216080402,0.18071608040201004,0.8259359612131006,0.46434171485568543
F001043,0.1077083611333555,0.800502512562814,0.5972222222222222,0.1734721666221776,0.0,1.0,1.0,1.0,0.0,real,3,0.3701005025125628,0.800502512562814,0.04874371859296482,0.012185929648241205,0.19407028862907505,0.79525766394788
F001044,0.4510034825212683,0.9751256281407036,0.8194444444444444,0.3757708127352412,0.0,1.0,1.0,1.0,0.0,real,3,0.3701005025125628,0.9751256281407036,0.32437185929648243,0.08109296482412061,0.24507534531956263,0.9260623469104315
F001045,0.0,0.3552763819095477,0.3194444444444444,0.3757708127352411,0.0,1.0,1.0,1.0,0.0,real,3,0.3701005025125628,0.3552763819095477,0.3123115577889447,0.07807788944723618,0.24284358349536625,0.3564338179591424
F001046,0.0,0.3552763819095477,0.2083333333333333,0.5204164998665333,0.25,1.0,1.0,1.0,0.25,real,3,0.8304020100502513,0.3552763819095477,0.6005025125628141,0.15012562814070352,0.6645302517613192,0.4266049152799171
F001047,0.0,0.3552763819095477,0.6388888888888888,0.8552669065744807,0.25,1.0,1.0,1.0,0.25,real,3,0.8304020100502513,0.3552763819095477,0.9580402010050251,0.23951005025125627,0.8129802593368854,0.46907374498118737
F001048,0.6703881832282101,0.9954773869346734,0.8472222222222223,0.0481125224324687,0.25,1.0,1.0,1.0,0.25,real,3,0.8304020100502513,0.9954773869346734,0.004020100502512563,0.0010050251256281408,0.4168701547940709,0.9953114820332819
F001049,0.0,0.3552763819095477,0.3333333333333333,0.5773502691896258,0.0,1.0,1.0,1.0,0.0,real,3,0.3701005025125628,0.3552763819095477,0.6907035175879397,0.17267587939698492,0.31286511072952705,0.35783614997096025
F001050,0.0,0.3552763819095477,0.4722222222222222,0.4194352464039305,0.0,1.0,1.0,1.0,0.0,real,3,0.3701005025125628,0.3552763819095477,0.4012562814070352,0.1003140703517588,0.2593028269488144,0.35676344978662156
F001051,0.1706553760958049,0.857286432160804,0.7777777777777777,0.769800358919501,0.0,1.0,1.0,1.0,0.0,real,3,0.3701005025125628,0.857286432160804,0.928894472361809,0.23222361809045225,0.3569424067574051,0.744150352895129
F001052,0.3009680169468978,0.9190954773869346,0.7777777777777778,0.5091750772173156,0.0,1.0,1.0,1.0,0.0,real,3,0.3701005025125628,0.9190954773869346,0.5258793969849246,0.13146984924623115,0.2823643657988435,0.8469191908032625
F001053,0.0,0.3552763819095477,0.4861111111111111,0.2926570486903539,0.0,1.0,1.0,1.0,0.0,real,3,0.3701005025125628,0.3552763819095477,0.18266331658291457,0.04566582914572864,0.21885214388525542,0.35595333766824067
F001054,0.0,0.3552763819095477,0.4305555555555555,0.7280745790045088,0.25,1.0,1.0,1.0,0.25,real,3,0.8304020100502513,0.3552763819095477,0.9025125628140703,0.22562814070351758,0.7899251281533294,0.4624780939875256
F001055,0.0,0.3552763819095477,0.2222222222222222,0.769800358919501,0.0,1.0,1.0,1.0,0.0,real,3,0.3701005025125628,0.3552763819095477,0.928894472361809,0.23222361809045225,0.3569424067574051,0.35871889283098907
F001056,0.5334936490538904,0.9896984924623116,0.875,0.4330127018922193,0.5,1.0,1.0,1.0,0.5,real,3,0.9587939698492463,0.9896984924623116,0.4115577889447236,0.1028894472361809,0.676696548066968,0.9865187432135553
F001057,0.2154167222667111,0.8881909547738693,0.6944444444444444,0.3469443332443555,0.0,1.0,1.0,1.0,0.0,real,3,0.3701005025125628,0.8881909547738693,0.27889447236180903,0.06972361809045226,0.2366597434408222,0.8520678139440923
F001058,0.3779915320718537,0.9613065326633166,0.8333333333333333,0.5773502691896258,0.0,1.0,1.0,1.0,0.0,real,3,0.3701005025125628,0.9613065326633166,0.6907035175879397,0.17267587939698492,0.31286511072952705,0.8592195115022347
F001059,0.0,0.3552763819095477,0.3333333333333333,0.5773502691896258,0.0,1.0,1.0,1.0,0.0,real,3,0.3701005025125628,0.3552763819095477,0.6907035175879397,0.17267587939698492,0.31286511072952705,0.35783614997096025
F001060,0.0148860662461734,0.7268844221105528,0.5555555555555556,0.1924500897298752,0.0,1.0,1.0,1.0,0.0,real,3,0.3701005025125628,0.7268844221105528,0.07613065326633166,0.019032663316582914,0.19913824777152095,0.7200938738920736
F001061,0.0,0.3552763819095477,0.375,0.4639803635691685,0.0,1.0,1.0,1.0,0.0,real,3,0.3701005025125628,0.3552763819095477,0.4407035175879397,0.11017587939698492,0.2666025479154567,0.35690964243327183
F001062,0.0521012318616071,0.7761306532663317,0.6944444444444444,0.6735753140545634,0.0,1.0,1.0,1.0,0.0,real,3,0.3701005025125628,0.7761306532663317,0.8233668341708543,0.20584170854271358,0.33741449079568697,0.6925527133153203
F001063,0.0,0.3552763819095477,0.2083333333333333,0.5204164998665333,0.0,1.0,1.0,1.0,0.0,real,3,0.3701005025125628,0.3552763819095477,0.6005025125628141,0.15012562814070352,0.2961733920860584,0.3575018623267089
F001064,0.0,0.3552763819095477,0.2777777777777778,0.6938886664887108,0.0,1.0,1.0,1.0,0.0,real,3,0.3701005025125628,0.3552763819095477,0.8449748743718593,0.2112437185929648,0.34141306406403876,0.3584078842705992
F001065,0.0,0.3552763819095477,0.25,0.1666666666666666,0.0,1.0,1.0,1.0,0.0,real,3,0.3701005025125628,0.3552763819095477,0.036683417085427134,0.009170854271356783,0.19183852680487867,0.355412331759299
F001066,0.0596870220248513,0.7846733668341709,0.6805555555555556,0.6028481781725197,0.0,1.0,1.0,1.0,0.0,real,3,0.3701005025125628,0.7846733668341709,0.7364321608040201,0.18410804020100502,0.32132720764627154,0.7083471692634025
F001067,0.0,0.3552763819095477,0.2638888888888888,0.7087417123429485,0.0,1.0,1.0,1.0,0.0,real,3,0.3701005025125628,0.3552763819095477,0.8801507537688442,0.22003768844221105,0.3479223693846115,0.3585382471402237
F001068,0.0,0.3552763819095477,0.5555555555555556,0.5091750772173156,0.0,1.0,1.0,1.0,0.0,real,3,0.3701005025125628,0.3552763819095477,0.5258793969849246,0.13146984924623115,0.2823643657988435,0.3572253068104341
F001069,0.0,0.3552763819095477,0.1666666666666666,0.5773502691896258,0.0,1.0,1.0,1.0,0.0,real,3,0.3701005025125628,0.3552763819095477,0.6907035175879397,0.17267587939698492,0.31286511072952705,0.35783614997096025
F001070,0.0,0.3552763819095477,0.611111111111111,0.8388704928078611,0.0,1.0,1.0,1.0,0.0,real,3,0.3701005025125628,0.3552763819095477,0.9527638190954774,0.23819095477386934,0.36135943536779375,0.35880735334966285
F001071,0.0,0.3552763819095477,0.2777777777777778,0.6938886664887108,0.25,1.0,1.0,1.0,0.25,real,3,0.8304020100502513,0.3552763819095477,0.8449748743718593,0.2112437185929648,0.7660354220853008,0.45564368639680813
F001072,0.0975001112000889,0.7939698492462312,0.7222222222222222,0.6938886664887111,0.0,1.0,1.0,1.0,0.0,real,3,0.3701005025125628,0.7939698492462312,0.8723618090452261,0.21809045226130652,0.34648102320648466,0.7015279917173809
F001073,0.0,0.3552763819095477,0.1527777777777777,0.3367876570272816,0.0,1.0,1.0,1.0,0.0,real,3,0.3701005025125628,0.3552763819095477,0.2236180904522613,0.055904522613065326,0.22643083507992223,0.35610511729501776
F001074,0.0,0.3552763819095477,0.3888888888888889,0.3849001794597506,0.25,1.0,1.0,1.0,0.25,real,3,0.8304020100502513,0.3552763819095477,0.35904522613065326,0.08976130653266332,0.5642769437640465,0.3979242790586096
F001075,0.0,0.3552763819095477,0.2083333333333333,0.2204792759220492,0.0,1.0,1.0,1.0,0.0,real,3,0.3701005025125628,0.3552763819095477,0.11256281407035176,0.02814070351758794,0.2058800282821141,0.35569354309234613
F001076,0.0,0.3552763819095477,0.3194444444444444,0.3757708127352411,0.25,1.0,1.0,1.0,0.25,real,3,0.8304020100502513,0.3552763819095477,0.3123115577889447,0.07807788944723618,0.544873077700058,0.3923731881770662
F001077,0.0,0.3552763819095477,0.6388888888888888,0.7515416254704823,0.0,1.0,1.0,1.0,0.0,real,3,0.3701005025125628,0.3552763819095477,0.9095477386934674,0.22738693467336685,0.35336228883109017,0.3586471932526956
F001078,0.0,0.3552763819095477,0.1111111111111111,0.3849001794597505,0.0,1.0,1.0,1.0,0.0,real,3,0.3701005025125628,0.3552763819095477,0.3391959798994975,0.08479899497487438,0.247818552561804,0.35653345243806966
F001079,0.0,0.3552763819095477,0.5694444444444444,0.7280745790045087,0.0,1.0,1.0,1.0,0.0,real,3,0.3701005025125628,0.3552763819095477,0.9007537688442211,0.22518844221105527,0.35173496250094693,0.3586146025352895
F001080,0.0,0.3552763819095477,0.1944444444444444,0.3469443332443554,0.0,1.0,1.0,1.0,0.0,real,3,0.3701005025125628,0.3552763819095477,0.2562814070351759,0.06407035175879397,0.23247519002045403,0.3562261685310977
F001081,0.0180098182154157,0.7331658291457287,0.625,0.4639803635691685,0.5,1.0,1.0,1.0,0.5,real,3,0.9587939698492463,0.7331658291457287,0.4407035175879397,0.11017587939698492,0.690668922501957,0.7580246079644455
F001082,0.0,0.3552763819095477,0.3472222222222222,0.6684005230842202,0.5,1.0,1.0,1.0,0.5,real,3,0.9587939698492463,0.3552763819095477,0.8040201005025126,0.20100502512562815,0.8648417969243201,0.4765864498371253
F001083,0.0,0.3552763819095477,0.1944444444444444,0.3469443332443554,0.0,1.0,1.0,1.0,0.0,real,3,0.3701005025125628,0.3552763819095477,0.2562814070351759,0.06407035175879397,0.23247519002045403,0.3562261685310977
F001084,0.0,0.3552763819095477,0.2083333333333333,0.5204164998665333,0.0,1.0,1.0,1.0,0.0,real,3,0.3701005025125628,0.3552763819095477,0.6005025125628141,0.15012562814070352,0.2961733920860584,0.3575018623267089
F001085,0.34077636645642,0.9424623115577888,0.6944444444444444,0.0962250448649376,0.0,1.0,1.0,1.0,0.0,real,3,0.3701005025125628,0.9424623115577888,0.018090452261306532,0.004522613065326633,0.18839789399257595,0.9398737405621069
F001086,0.0446581987385203,0.7555276381909548,0.6666666666666666,0.5773502691896258,0.0,1.0,1.0,1.0,0.0,real,3,0.3701005025125628,0.7555276381909548,0.6907035175879397,0.17267587939698492,0.31286511072952705,0.6889736685942274
F001087,0.0,0.3552763819095477,0.1666666666666666,0.5773502691896258,0.25,1.0,1.0,1.0,0.25,real,3,0.8304020100502513,0.3552763819095477,0.6907035175879397,0.17267587939698492,0.7019817997020278,0.4373191175727885
F001088,0.0,0.3552763819095477,0.2083333333333333,0.2204792759220492,0.0,1.0,1.0,1.0,0.0,real,3,0.3701005025125628,0.3552763819095477,0.11256281407035176,0.02814070351758794,0.2058800282821141,0.35569354309234613
F001089,0.1564584167334001,0.8407035175879397,0.7083333333333334,0.5204164998665332,0.0,1.0,1.0,1.0,0.0,real,3,0.3701005025125628,0.8407035175879397,0.5768844221105528,0.1442211055276382,0.29180285851367394,0.7728326304891291
F001090,0.0,0.3552763819095477,0.5833333333333333,0.4409585518440984,0.5,1.0,1.0,1.0,0.5,real,3,0.9587939698492463,0.3552763819095477,0.4248743718592965,0.10621859296482412,0.683080477765713,0.41938117093002697
F001091,0.0,0.3552763819095477,0.1944444444444444,0.0962250448649376,0.0,1.0,1.0,1.0,0.0,real,3,0.3701005025125628,0.3552763819095477,0.018090452261306532,0.004522613065326633,0.18839789399257595,0.35534342567106886
F001092,0.0,0.3552763819095477,0.2777777777777778,0.5091750772173156,0.0,1.0,1.0,1.0,0.0,real,3,0.3701005025125628,0.3552763819095477,0.5258793969849246,0.13146984924623115,0.2823643657988435,0.3572253068104341
F001093,0.0148860662461734,0.7268844221105528,0.5555555555555556,0.1924500897298752,0.0,1.0,1.0,1.0,0.0,real,3,0.3701005025125628,0.7268844221105528,0.07613065326633166,0.019032663316582914,0.19913824777152095,0.7200938738920736
F001094,0.306427028705642,0.9263819095477388,0.7083333333333334,0.2204792759220492,0.0,1.0,1.0,1.0,0.0,real,3,0.3701005025125628,0.9263819095477388,0.11256281407035176,0.02814070351758794,0.2058800282821141,0.9107277594000154
F001095,0.0,0.3552763819095477,0.2916666666666666,0.5204164998665332,0.0,1.0,1.0,1.0,0.0,real,3,0.3701005025125628,0.3552763819095477,0.5768844221105528,0.1442211055276382,0.29180285851367394,0.3574143329713896
F001096,0.0,0.3552763819095477,0.1388888888888888,0.2545875386086578,0.0,1.0,1.0,1.0,0.0,real,3,0.3701005025125628,0.3552763819095477,0.15100502512562813,0.037751256281407033,0.21299376909673998,0.3558360110855786
F001097,0.0,0.3552763819095477,0.5833333333333334,0.726483157256779,0.0,1.0,1.0,1.0,0.0,real,3,0.3701005025125628,0.3552763819095477,0.8964824120603015,0.2241206030150754,0.3509445468548774,0.35859877275826363
F001098,0.0,0.3552763819095477,0.4166666666666666,0.4409585518440984,0.25,1.0,1.0,1.0,0.25,real,3,0.8304020100502513,0.3552763819095477,0.4248743718592965,0.10621859296482412,0.5916092712305244,0.40574355761218145
F001099,0.25,0.8997487437185929,0.75,0.5,0.0,1.0,1.0,1.0,0.0,real,3,0.3701005025125628,0.8997487437185929,0.4663316582914573,0.11658291457286432,0.2713450417918739,0.8380008080604026
F001100,0.0,0.3552763819095477,0.6805555555555556,0.8988160937424132,0.0,1.0,1.0,1.0,0.0,real,3,0.3701005025125628,0.3552763819095477,0.9771356783919598,0.24428391959798995,0.3658694540541906,0.35889767619504553
F001101,0.3779915320718537,0.9613065326633166,0.8333333333333333,0.5773502691896258,0.0,1.0,1.0,1.0,0.0,real,3,0.3701005025125628,0.9613065326633166,0.6907035175879397,0.17267587939698492,0.31286511072952705,0.8592195115022347
F001102,0.0,0.3552763819095477,0.2222222222222222,0.5091750772173156,0.25,1.0,1.0,1.0,0.25,real,3,0.8304020100502513,0.3552763819095477,0.5258793969849246,0.13146984924623115,0.6335466591752734,0.4177410766142269
F001103,0.0,0.3552763819095477,0.2222222222222222,0.5091750772173156,0.0,1.0,1.0,1.0,0.0,real,3,0.3701005025125628,0.3552763819095477,0.5258793969849246,0.13146984924623115,0.2823643657988435,0.3572253068104341
F001104,0.0,0.3552763819095477,0.4027777777777778,0.1734721666221777,0.0,1.0,1.0,1.0,0.0,real,3,0.3701005025125628,0.3552763819095477,0.0592964824120603,0.014824120603015075,0.19602308022524684,0.35549613646120043
F001105,0.0,0.3552763819095477,0.3472222222222222,0.3367876570272817,0.25,1.0,1.0,1.0,0.25,real,3,0.8304020100502513,0.3552763819095477,0.2379396984924623,0.059484924623115575,0.5139938069745713,0.3835391940860079
F001106,0.0,0.3552763819095477,0.2777777777777778,0.6938886664887108,0.0,1.0,1.0,1.0,0.0,real,3,0.3701005025125628,0.3552763819095477,0.8449748743718593,0.2112437185929648,0.34141306406403876,0.3584078842705992
F001107,0.0,0.3552763819095477,0.5833333333333333,0.4409585518440984,0.0,1.0,1.0,1.0,0.0,real,3,0.3701005025125628,0.3552763819095477,0.4248743718592965,0.10621859296482412,0.26367336052119894,0.3568509791419408
F001108,0.0,0.3552763819095477,0.1805555555555555,0.3757708127352412,0.0,1.0,1.0,1.0,0.0,real,3,0.3701005025125628,0.3552763819095477,0.32437185929648243,0.08109296482412061,0.24507534531956263,0.3564785138001565
F001109,0.0,0.3552763819095477,0.3333333333333333,0.5773502691896258,0.0,1.0,1.0,1.0,0.0,real,3,0.3701005025125628,0.3552763819095477,0.6907035175879397,0.17267587939698492,0.31286511072952705,0.35783614997096025
F001110,0.0223290993692601,0.7371859296482413,0.5833333333333334,0.2886751345948129,0.0,1.0,1.0,1.0,0.0,real,3,0.3701005025125628,0.7371859296482413,0.17185929648241205,0.04296482412060301,0.2168528572510795,0.7214141688341204
F001111,0.0,0.3552763819095477,0.1666666666666666,0.3333333333333333,0.0,1.0,1.0,1.0,0.0,real,3,0.3701005025125628,0.3552763819095477,0.2020100502512563,0.05050251256281407,0.22243226181157041,0.35602503724653417
F001112,0.0,0.3552763819095477,0.0972222222222221,0.1734721666221776,0.0,1.0,1.0,1.0,0.0,real,3,0.3701005025125628,0.3552763819095477,0.04874371859296482,0.012185929648241205,0.19407028862907505,0.3554570276003131
F001113,0.0,0.3552763819095477,0.3611111111111111,0.8552669065744807,0.25,1.0,1.0,1.0,0.25,real,3,0.8304020100502513,0.3552763819095477,0.9580402010050251,0.23951005025125627,0.8129802593368854,0.46907374498118737
F001114,0.0,0.3552763819095477,0.3055555555555556,0.7876359377087682,0.25,1.0,1.0,1.0,0.25,real,3,0.8304020100502513,0.3552763819095477,0.9444723618090453,0.23611809045226131,0.8073468788666953,0.46746213795106184
F001115,0.0,0.3552763819095477,0.1944444444444444,0.3469443332443554,0.0,1.0,1.0,1.0,0.0,real,3,0.3701005025125628,0.3552763819095477,0.2562814070351759,0.06407035175879397,0.23247519002045403,0.3562261685310977
F001116,0.0,0.3552763819095477,0.4166666666666667,0.726483157256779,0.0,1.0,1.0,1.0,0.0,real,3,0.3701005025125628,0.3552763819095477,0.8964824120603015,0.2241206030150754,0.3509445468548774,0.35859877275826363
F001117,0.0,0.3552763819095477,0.3055555555555556,0.0962250448649376,0.25,1.0,1.0,1.0,0.25,real,3,0.8304020100502513,0.3552763819095477,0.018090452261306532,0.004522613065326633,0.42271217898537916,0.3574251912830484
F001118,0.1504840084734488,0.8311557788944723,0.6388888888888888,0.2545875386086578,0.0,1.0,1.0,1.0,0.0,real,3,0.3701005025125628,0.8311557788944723,0.15100502512562813,0.037751256281407033,0.21299376909673998,0.8137503629958839
F001119,0.0,0.3552763819095477,0.5833333333333333,0.4409585518440984,0.25,1.0,1.0,1.0,0.25,real,3,0.8304020100502513,0.3552763819095477,0.4248743718592965,0.10621859296482412,0.5916092712305244,0.40574355761218145
F001120,0.0,0.3552763819095477,0.2777777777777778,0.6938886664887108,0.0,1.0,1.0,1.0,0.0,real,3,0.3701005025125628,0.3552763819095477,0.8449748743718593,0.2112437185929648,0.34141306406403876,0.3584078842705992
F001121,0.0,0.3552763819095477,0.625,0.5464532103585001,0.0,1.0,1.0,1.0,0.0,real,3,0.3701005025125628,0.3552763819095477,0.6507537688442211,0.16268844221105527,0.3054723996868766,0.357688094997601
F001122,0.0,0.3552763819095477,0.2222222222222222,0.769800358919501,0.25,1.0,1.0,1.0,0.25,real,3,0.8304020100502513,0.3552763819095477,0.928894472361809,0.23222361809045225,0.8008789235120325,0.4656117743238807
F001123,0.0,0.3552763819095477,0.0416666666666666,0.1443375672974064,0.5,1.0,1.0,1.0,0.5,real,3,0.9587939698492463,0.3552763819095477,0.02864321608040201,0.007160804020100503,0.49312845635211233,0.35959805307946763
F001124,0.0,0.3552763819095477,0.2777777777777778,0.5091750772173156,0.0,1.0,1.0,1.0,0.0,real,3,0.3701005025125628,0.3552763819095477,0.5258793969849246,0.13146984924623115,0.2823643657988435,0.3572253068104341
F001125,0.0,0.3552763819095477,0.361111111111111,0.5357583756107197,0.0,1.0,1.0,1.0,0.0,real,3,0.3701005025125628,0.3552763819095477,0.621859296482412,0.155464824120603,0.3001254703164062,0.35758101121183805
F001126,0.1485783278408043,0.8226130653266331,0.7361111111111112,0.6472877887628358,0.0,1.0,1.0,1.0,0.0,real,3,0.3701005025125628,0.8226130653266331,0.7580402010050251,0.18951005025125628,0.3253257809146234,0.7368573868084138
F001127,0.0,0.3552763819095477,0.4722222222222222,0.4194352464039305,0.0,1.0,1.0,1.0,0.0,real,3,0.3701005025125628,0.3552763819095477,0.4012562814070352,0.1003140703517588,0.2593028269488144,0.35676344978662156
F001128,0.3231250834000667,0.93643216080402,0.7916666666666667,0.5204164998665333,0.0,1.0,1.0,1.0,0.0,real,3,0.3701005025125628,0.93643216080402,0.6005025125628141,0.15012562814070352,0.2961733920860584,0.8514112648670488
F001129,0.0,0.3552763819095477,0.1666666666666666,0.5773502691896258,0.0,1.0,1.0,1.0,0.0,real,3,0.3701005025125628,0.3552763819095477,0.6907035175879397,0.17267587939698492,0.31286511072952705,0.35783614997096025
F001130,0.0,0.3552763819095477,0.2777777777777778,0.9622504486493764,0.0,1.0,1.0,1.0,0.0,real,3,0.3701005025125628,0.3552763819095477,0.9869346733668342,0.24673366834170854,0.3676827605363501,0.3589339915658695
F001131,0.0,0.3552763819095477,0.2361111111111111,0.4110735718596873,0.0,1.0,1.0,1.0,0.0,real,3,0.3701005025125628,0.3552763819095477,0.3821608040201005,0.09554020100502512,0.2557692040605035,0.3566926813716825
F001132,0.0,0.3552763819095477,0.2222222222222222,0.769800358919501,0.25,1.0,1.0,1.0,0.25,real,3,0.8304020100502513,0.3552763819095477,0.928894472361809,0.23222361809045225,0.8008789235120325,0.4656117743238807
F001133,0.0,0.3552763819095477,0.3472222222222222,0.3367876570272817,0.25,1.0,1.0,1.0,0.25,real,3,0.8304020100502513,0.3552763819095477,0.2379396984924623,0.059484924623115575,0.5139938069745713,0.3835391940860079
F001134,0.3779915320718537,0.9613065326633166,0.8333333333333333,0.5773502691896258,0.5,1.0,0.5,0.5,0.5,real,3,0.9587939698492463,0.9613065326633166,0.6907035175879397,0.08633793969849246,0.4052590843665564,0.9610896031665866
F001135,0.0,0.3552763819095477,0.4583333333333333,0.1443375672974064,0.0,1.0,1.0,1.0,0.0,real,3,0.3701005025125628,0.3552763819095477,0.02864321608040201,0.007160804020100503,0.19035068558874776,0.3553825345319562
F001136,0.0,0.3552763819095477,0.5138888888888888,0.2926570486903538,0.25,1.0,1.0,1.0,0.25,real,3,0.8304020100502513,0.3552763819095477,0.17814070351758793,0.04453517587939698,0.4891652041615111,0.37643618532360285
F001137,0.0,0.3552763819095477,0.2083333333333333,0.2204792759220492,0.0,1.0,1.0,1.0,0.0,real,3,0.3701005025125628,0.3552763819095477,0.11256281407035176,0.02814070351758794,0.2058800282821141,0.35569354309234613
F001138,0.1706553760958049,0.857286432160804,0.7777777777777777,0.769800358919501,0.5,1.0,1.0,1.0,0.5,real,3,0.9587939698492463,0.857286432160804,0.928894472361809,0.23222361809045225,0.9247061942880229,0.8808588798262671
F001139,0.0,0.3552763819095477,0.4166666666666667,0.2886751345948129,0.0,1.0,1.0,1.0,0.0,real,3,0.3701005025125628,0.3552763819095477,0.17185929648241205,0.04296482412060301,0.2168528572510795,0.35591329764399887
F001140,0.0,0.3552763819095477,0.5833333333333334,0.6009252125773316,0.0,1.0,1.0,1.0,0.0,real,3,0.3701005025125628,0.3552763819095477,0.7228643216080402,0.18071608040201004,0.31881647559405063,0.35795533888033126
F001141,0.0,0.3552763819095477,0.5972222222222222,0.5023094811118091,0.5,1.0,1.0,1.0,0.5,real,3,0.9587939698492463,0.3552763819095477,0.48391959798994977,0.12097989949748744,0.7113865811469408,0.42828987904345844
F001142,0.0,0.3552763819095477,0.4722222222222222,0.4194352464039305,0.25,1.0,1.0,1.0,0.25,real,3,0.8304020100502513,0.3552763819095477,0.4012562814070352,0.1003140703517588,0.5818030163379713,0.4029381675967778
F001143,0.0,0.3552763819095477,0.4444444444444444,0.1924500897298753,0.0,1.0,1.0,1.0,0.0,real,3,0.3701005025125628,0.3552763819095477,0.09321608040201006,0.023304020100502514,0.2022999103557991,0.3556218435140526
F001144,0.0,0.3552763819095477,0.1666666666666666,0.3333333333333333,0.0,1.0,1.0,1.0,0.0,real,3,0.3701005025125628,0.3552763819095477,0.2020100502512563,0.05050251256281407,0.22243226181157041,0.35602503724653417
F001145,0.0,0.3552763819095477,0.3333333333333333,0.5773502691896258,0.5,1.0,1.0,1.0,0.5,real,3,0.9587939698492463,0.3552763819095477,0.6907035175879397,0.17267587939698492,0.8105181687331128,0.45948931213858235
F001146,0.2154167222667111,0.8881909547738693,0.6944444444444444,0.3469443332443555,0.0,1.0,1.0,1.0,0.0,real,3,0.3701005025125628,0.8881909547738693,0.27889447236180903,0.06972361809045226,0.2366597434408222,0.8520678139440923
F001147,0.0,0.3552763819095477,0.3194444444444444,0.6028481781725196,0.5,1.0,1.0,1.0,0.5,real,3,0.9587939698492463,0.3552763819095477,0.7298994974874372,0.1824748743718593,0.829308603318098,0.46540317795005176
F001148,0.0223290993692601,0.7371859296482413,0.5833333333333334,0.2886751345948129,0.0,1.0,1.0,1.0,0.0,real,3,0.3701005025125628,0.7371859296482413,0.17185929648241205,0.04296482412060301,0.2168528572510795,0.7214141688341204
F001149,0.0,0.3552763819095477,0.25,0.1666666666666666,0.0,1.0,1.0,1.0,0.0,real,3,0.3701005025125628,0.3552763819095477,0.036683417085427134,0.009170854271356783,0.19183852680487867,0.355412331759299
F001150,0.0,0.3552763819095477,0.0555555555555555,0.1924500897298752,0.0,1.0,1.0,1.0,0.0,real,3,0.3701005025125628,0.3552763819095477,0.07613065326633166,0.019032663316582914,0.19913824777152095,0.35555852440594926
F001151,0.0,0.3552763819095477,0.1944444444444444,0.3469443332443554,0.0,1.0,1.0,1.0,0.0,real,3,0.3701005025125628,0.3552763819095477,0.2562814070351759,0.06407035175879397,0.23247519002045403,0.3562261685310977
F001152,0.0,0.3552763819095477,0.3888888888888889,0.693888666488711,0.0,1.0,1.0,1.0,0.0,real,3,0.3701005025125628,0.3552763819095477,0.8597989949748743,0.21494974874371858,0.3441562713062801,0.35846282290851234
F001153,0.0,0.3552763819095477,0.1666666666666666,0.5773502691896258,0.0,1.0,1.0,1.0,0.0,real,3,0.3701005025125628,0.3552763819095477,0.6907035175879397,0.17267587939698492,0.31286511072952705,0.35783614997096025
F001154,0.0,0.3552763819095477,0.3055555555555556,0.6735753140545634,0.0,1.0,1.0,1.0,0.0,real,3,0.3701005025125628,0.3552763819095477,0.8233668341708543,0.20584170854271358,0.33741449079568697,0.3583278042221156
F001155,0.0,0.3552763819095477,0.2083333333333333,0.5204164998665333,0.0,1.0,1.0,1.0,0.0,real,3,0.3701005025125628,0.3552763819095477,0.6005025125628141,0.15012562814070352,0.2961733920860584,0.3575018623267089
F001156,0.0,0.3552763819095477,0.2916666666666666,0.5204164998665332,0.0,1.0,1.0,1.0,0.0,real,3,0.3701005025125628,0.3552763819095477,0.5768844221105528,0.1442211055276382,0.29180285851367394,0.3574143329713896
F001157,0.0,0.3552763819095477,0.25,0.1666666666666666,0.0,1.0,1.0,1.0,0.0,real,3,0.3701005025125628,0.3552763819095477,0.036683417085427134,0.009170854271356783,0.19183852680487867,0.355412331759299
F001158,0.0180098182154157,0.7331658291457287,0.625,0.4639803635691685,0.0,1.0,1.0,1.0,0.0,real,3,0.3701005025125628,0.7331658291457287,0.4407035175879397,0.11017587939698492,0.2666025479154567,0.6931647875053661
F001159,0.0,0.3552763819095477,0.2777777777777778,0.9622504486493764,0.0,1.0,1.0,1.0,0.0,real,3,0.3701005025125628,0.3552763819095477,0.9869346733668342,0.24673366834170854,0.3676827605363501,0.3589339915658695
F001160,0.1371617270419147,0.8153266331658291,0.6527777777777778,0.3367876570272817,0.0,1.0,1.0,1.0,0.0,real,3,0.3701005025125628,0.8153266331658291,0.2379396984924623,0.059484924623115575,0.22908105224615538,0.7888423903436781
F001161,0.0,0.3552763819095477,0.361111111111111,0.5357583756107197,0.0,1.0,1.0,1.0,0.0,real,3,0.3701005025125628,0.3552763819095477,0.621859296482412,0.155464824120603,0.3001254703164062,0.35758101121183805
F001162,0.0,0.3552763819095477,0.25,0.1666666666666666,0.5,1.0,1.0,1.0,0.5,real,3,0.9587939698492463,0.3552763819095477,0.036683417085427134,0.009170854271356783,0.4969829044721093,0.3608111537587434
F001163,0.0,0.3552763819095477,0.625,0.5464532103585001,0.25,1.0,1.0,1.0,0.25,real,3,0.8304020100502513,0.3552763819095477,0.6507537688442211,0.16268844221105527,0.6853946238731345,0.4325738302063079
F001164,0.0,0.3552763819095477,0.2222222222222222,0.769800358919501,0.25,1.0,1.0,1.0,0.25,real,3,0.8304020100502513,0.3552763819095477,0.928894472361809,0.23222361809045225,0.8008789235120325,0.4656117743238807
F001165,0.0,0.3552763819095477,0.3611111111111111,0.2545875386086578,0.0,1.0,1.0,1.0,0.0,real,3,0.3701005025125628,0.3552763819095477,0.15100502512562813,0.037751256281407033,0.21299376909673998,0.3558360110855786
F001166,0.0,0.3552763819095477,0.1111111111111111,0.3849001794597505,0.0,1.0,1.0,1.0,0.0,real,3,0.3701005025125628,0.3552763819095477,0.3391959798994975,0.08479899497487438,0.247818552561804,0.35653345243806966
F001167,0.0,0.3552763819095477,0.2638888888888888,0.240562612162344,0.0,1.0,1.0,1.0,0.0,real,3,0.3701005025125628,0.3552763819095477,0.12864321608040202,0.032160804020100506,0.20885571071437592,0.35575313754703164
F001168,0.0,0.3552763819095477,0.5555555555555556,0.8388704928078611,0.0,1.0,1.0,1.0,0.0,real,3,0.3701005025125628,0.3552763819095477,0.9527638190954774,0.23819095477386934,0.36135943536779375,0.35880735334966285
F001169,0.0,0.3552763819095477,0.4722222222222222,0.4194352464039305,0.25,1.0,1.0,1.0,0.25,real,3,0.8304020100502513,0.3552763819095477,0.4012562814070352,0.1003140703517588,0.5818030163379713,0.4029381675967778
F001170,0.1259971773572845,0.8105527638190955,0.611111111111111,0.1924500897298752,0.25,1.0,1.0,1.0,0.25,real,3,0.8304020100502513,0.8105527638190955,0.07613065326633166,0.019032663316582914,0.44681052877452593,0.810930547839701
F001171,0.0,0.3552763819095477,0.1666666666666666,0.5773502691896258,0.0,1.0,1.0,1.0,0.0,real,3,0.3701005025125628,0.3552763819095477,0.6907035175879397,0.17267587939698492,0.31286511072952705,0.35783614997096025
F001172,0.0,0.3552763819095477,0.2083333333333333,0.5204164998665333,0.0,1.0,1.0,1.0,0.0,real,3,0.3701005025125628,0.3552763819095477,0.6005025125628141,0.15012562814070352,0.2961733920860584,0.3575018623267089
F001173,0.0,0.3552763819095477,0.3333333333333333,0.5773502691896258,0.0,1.0,1.0,1.0,0.0,real,3,0.3701005025125628,0.3552763819095477,0.6907035175879397,0.17267587939698492,0.31286511072952705,0.35783614997096025
F001174,0.2519943547145692,0.9057788944723618,0.7222222222222222,0.3849001794597505,0.5,1.0,1.0,1.0,0.5,real,3,0.9587939698492463,0.9057788944723618,0.3391959798994975,0.08479899497487438,0.6420065149869952,0.9102745195828388
F001175,0.0180098182154157,0.7331658291457287,0.625,0.4639803635691685,0.0,1.0,1.0,1.0,0.0,real,3,0.3701005025125628,0.7331658291457287,0.4407035175879397,0.11017587939698492,0.2666025479154567,0.6931647875053661
F001176,0.1898569058357866,0.8753768844221106,0.7222222222222222,0.5091750772173156,0.0,1.0,1.0,1.0,0.0,real,3,0.3701005025125628,0.8753768844221106,0.5258793969849246,0.13146984924623115,0.2823643657988435,0.8089482746647811
F001177,0.0,0.3552763819095477,0.3888888888888889,0.8388704928078611,0.0,1.0,1.0,1.0,0.0,real,3,0.3701005025125628,0.3552763819095477,0.9527638190954774,0.23819095477386934,0.36135943536779375,0.35880735334966285
F001178,0.0,0.3552763819095477,0.6805555555555556,0.8988160937424132,0.0,1.0,1.0,1.0,0.0,real,3,0.3701005025125628,0.3552763819095477,0.9771356783919598,0.24428391959798995,0.3658694540541906,0.35889767619504553
F001179,0.3009680169468978,0.9190954773869346,0.7777777777777778,0.5091750772173156,0.0,1.0,1.0,1.0,0.0,real,3,0.3701005025125628,0.9190954773869346,0.5258793969849246,0.13146984924623115,0.2823643657988435,0.8469191908032625
F001180,0.0,0.3552763819095477,0.5416666666666666,0.3632415786283894,0.0,1.0,1.0,1.0,0.0,real,3,0.3701005025125628,0.3552763819095477,0.2984924623115578,0.07462311557788945,0.24028635640514132,0.35638260397464705
F001181,0.0,0.3552763819095477,0.5833333333333333,0.4409585518440985,0.0,1.0,1.0,1.0,0.0,real,3,0.3701005025125628,0.3552763819095477,0.43517587939698493,0.10879396984924623,0.2655796570793667,0.3568891568394737
F001182,0.0,0.3552763819095477,0.2222222222222222,0.769800358919501,0.0,1.0,1.0,1.0,0.0,real,3,0.3701005025125628,0.3552763819095477,0.928894472361809,0.23222361809045225,0.3569424067574051,0.35871889283098907
F001183,0.0,0.3552763819095477,0.2222222222222222,0.769800358919501,0.0,1.0,1.0,1.0,0.0,real,3,0.3701005025125628,0.3552763819095477,0.928894472361809,0.23222361809045225,0.3569424067574051,0.35871889283098907
F001184,0.0,0.3552763819095477,0.3055555555555556,0.3469443332443555,0.0,1.0,1.0,1.0,0.0,real,3,0.3701005025125628,0.3552763819095477,0.27889447236180903,0.06972361809045226,0.2366597434408222,0.3563099732329991
F001185,0.0,0.3552763819095477,0.3888888888888889,0.693888666488711,0.0,1.0,1.0,1.0,0.0,real,3,0.3701005025125628,0.3552763819095477,0.8597989949748743,0.21494974874371858,0.3441562713062801,0.35846282290851234
F001186,0.0,0.3552763819095477,0.6527777777777778,0.6684005230842202,0.0,1.0,1.0,1.0,0.0,real,3,0.3701005025125628,0.3552763819095477,0.8040201005025126,0.20100502512562815,0.33383437286937195,0.3582561046438221
F001187,0.0,0.3552763819095477,0.2638888888888888,0.4110735718596873,0.0,1.0,1.0,1.0,0.0,real,3,0.3701005025125628,0.3552763819095477,0.3821608040201005,0.09554020100502512,0.2557692040605035,0.3566926813716825
F001188,0.0,0.3552763819095477,0.2083333333333333,0.5204164998665333,0.0,1.0,1.0,1.0,0.0,real,3,0.3701005025125628,0.3552763819095477,0.6005025125628141,0.15012562814070352,0.2961733920860584,0.3575018623267089
F001189,0.0,0.3552763819095477,0.4444444444444444,0.5091750772173156,0.0,1.0,1.0,1.0,0.0,real,3,0.3701005025125628,0.3552763819095477,0.5258793969849246,0.13146984924623115,0.2823643657988435,0.3572253068104341
F001190,0.0,0.3552763819095477,0.1666666666666666,0.5773502691896258,0.0,1.0,1.0,1.0,0.0,real,3,0.3701005025125628,0.3552763819095477,0.6907035175879397,0.17267587939698492,0.31286511072952705,0.35783614997096025
F001191,0.0,0.3552763819095477,0.361111111111111,0.5357583756107197,0.0,1.0,1.0,1.0,0.0,real,3,0.3701005025125628,0.3552763819095477,0.621859296482412,0.155464824120603,0.3001254703164062,0.35758101121183805
F001192,0.0446581987385203,0.7555276381909548,0.6666666666666666,0.5773502691896258,0.0,1.0,1.0,1.0,0.0,real,3,0.3701005025125628,0.7555276381909548,0.6907035175879397,0.17267587939698492,0.31286511072952705,0.6889736685942274
F001193,0.0,0.3552763819095477,0.4444444444444444,0.5091750772173156,0.25,1.0,1.0,1.0,0.25,real,3,0.8304020100502513,0.3552763819095477,0.5258793969849246,0.13146984924623115,0.6335466591752734,0.4177410766142269
F001194,0.0,0.3552763819095477,0.2777777777777778,0.5091750772173156,0.0,1.0,1.0,1.0,0.0,real,3,0.3701005025125628,0.3552763819095477,0.5258793969849246,0.13146984924623115,0.2823643657988435,0.3572253068104341
F001195,0.0,0.3552763819095477,0.2638888888888888,0.4110735718596873,0.0,1.0,1.0,1.0,0.0,real,3,0.3701005025125628,0.3552763819095477,0.3821608040201005,0.09554020100502512,0.2557692040605035,0.3566926813716825
F001196,0.0,0.3552763819095477,0.611111111111111,0.8388704928078611,0.0,1.0,1.0,1.0,0.0,real,3,0.3701005025125628,0.3552763819095477,0.9527638190954774,0.23819095477386934,0.36135943536779375,0.35880735334966285
F001197,0.0148860662461734,0.7268844221105528,0.5555555555555556,0.1924500897298752,0.25,1.0,1.0,1.0,0.25,real,3,0.8304020100502513,0.7268844221105528,0.07613065326633166,0.019032663316582914,0.44681052877452593,0.7288546375091539
F001198,0.0,0.3552763819095477,0.3055555555555556,0.6735753140545634,0.0,1.0,1.0,1.0,0.0,real,3,0.3701005025125628,0.3552763819095477,0.8233668341708543,0.20584170854271358,0.33741449079568697,0.3583278042221156
F001199,0.0,0.3552763819095477,0.2916666666666666,1.0103629710818451,0.0,1.0,1.0,1.0,0.0,real,3,0.3701005025125628,0.3552763819095477,0.9919597989949749,0.24798994974874372,0.36861266129643194,0.35895261483295876
F001200,0.0,0.3552763819095477,0.2638888888888888,0.7087417123429485,0.0,1.0,1.0,1.0,0.0,real,3,0.3701005025125628,0.3552763819095477,0.8801507537688442,0.22003768844221105,0.3479223693846115,0.3585382471402237
F001201,0.0,0.3552763819095477,0.3194444444444444,0.3757708127352411,0.0,1.0,1.0,1.0,0.0,real,3,0.3701005025125628,0.3552763819095477,0.3123115577889447,0.07807788944723618,0.24284358349536625,0.3564338179591424
F001202,0.3631054658256801,0.9542713567839196,0.7777777777777777,0.3849001794597506,0.0,1.0,1.0,1.0,0.0,real,3,0.3701005025125628,0.9542713567839196,0.35904522613065326,0.08976130653266332,0.2514916605641272,0.9018354176662206
F001203,0.0,0.3552763819095477,0.3194444444444444,0.6028481781725196,0.0,1.0,1.0,1.0,0.0,real,3,0.3701005025125628,0.3552763819095477,0.7298994974874372,0.1824748743718593,0.3201183366581652,0.3579814114542562
F001204,0.0,0.3552763819095477,0.4166666666666667,0.2886751345948129,0.25,1.0,1.0,1.0,0.25,real,3,0.8304020100502513,0.3552763819095477,0.17185929648241205,0.04296482412060301,0.4865571576475341,0.37569007095780405
F001205,0.0,0.3552763819095477,0.3194444444444444,0.6028481781725196,0.5,1.0,1.0,1.0,0.5,real,3,0.9587939698492463,0.3552763819095477,0.7298994974874372,0.1824748743718593,0.829308603318098,0.46540317795005176
F001206,0.0,0.3552763819095477,0.625,0.6614378277661477,0.0,1.0,1.0,1.0,0.0,real,3,0.3701005025125628,0.3552763819095477,0.7658291457286432,0.1914572864321608,0.3267671270927502,0.358114567813944
F001207,0.0,0.3552763819095477,0.4166666666666666,0.4409585518440984,0.0,1.0,1.0,1.0,0.0,real,3,0.3701005025125628,0.3552763819095477,0.4248743718592965,0.10621859296482412,0.26367336052119894,0.3568509791419408
F001208,0.0,0.3552763819095477,0.3472222222222222,0.3367876570272817,0.0,1.0,1.0,1.0,0.0,real,3,0.3701005025125628,0.3552763819095477,0.2379396984924623,0.059484924623115575,0.22908105224615538,0.35615819360622203
F001209,0.0,0.3552763819095477,0.2916666666666666,0.5204164998665332,0.0,1.0,1.0,1.0,0.0,real,3,0.3701005025125628,0.3552763819095477,0.5768844221105528,0.1442211055276382,0.29180285851367394,0.3574143329713896
F001210,0.0,0.3552763819095477,0.3333333333333333,0.881917103688197,0.25,1.0,1.0,1.0,0.25,real,3,0.8304020100502513,0.3552763819095477,0.9695979899497488,0.2423994974874372,0.817779064922603,0.47044659541425715
F001211,0.0,0.3552763819095477,0.5833333333333334,0.726483157256779,0.0,1.0,1.0,1.0,0.0,real,3,0.3701005025125628,0.3552763819095477,0.8964824120603015,0.2241206030150754,0.3509445468548774,0.35859877275826363
F001212,0.0,0.3552763819095477,0.6805555555555556,0.8988160937424132,0.0,1.0,1.0,1.0,0.0,real,3,0.3701005025125628,0.3552763819095477,0.9771356783919598,0.24428391959798995,0.3658694540541906,0.35889767619504553
F001213,0.0,0.3552763819095477,0.1666666666666666,0.5773502691896258,0.0,1.0,1.0,1.0,0.0,real,3,0.3701005025125628,0.3552763819095477,0.6907035175879397,0.17267587939698492,0.31286511072952705,0.35783614997096025
F001214,0.0,0.3552763819095477,0.2222222222222222,0.769800358919501,0.0,1.0,1.0,1.0,0.0,real,3,0.3701005025125628,0.3552763819095477,0.928894472361809,0.23222361809045225,0.3569424067574051,0.35871889283098907
F001215,0.0,0.3552763819095477,0.2222222222222222,0.5091750772173156,0.0,1.0,1.0,1.0,0.0,real,3,0.3701005025125628,0.3552763819095477,0.5258793969849246,0.13146984924623115,0.2823643657988435,0.3572253068104341
F001216,0.0,0.3552763819095477,0.3888888888888889,0.693888666488711,0.0,1.0,1.0,1.0,0.0,real,3,0.3701005025125628,0.3552763819095477,0.8597989949748743,0.21494974874371858,0.3441562713062801,0.35846282290851234
F001217,0.0,0.3552763819095477,0.4444444444444444,0.9622504486493764,0.25,1.0,1.0,1.0,0.25,real,3,0.8304020100502513,0.3552763819095477,0.9869346733668342,0.24673366834170854,0.8249772733011792,0.472505871063862
F001218,0.0,0.3552763819095477,0.2638888888888888,0.7087417123429485,0.0,1.0,1.0,1.0,0.0,real,3,0.3701005025125628,0.3552763819095477,0.8801507537688442,0.22003768844221105,0.3479223693846115,0.3585382471402237
F001219,0.0,0.3552763819095477,0.1666666666666666,0.5773502691896258,0.5,1.0,1.0,1.0,0.5,real,3,0.9587939698492463,0.3552763819095477,0.6907035175879397,0.17267587939698492,0.8105181687331128,0.45948931213858235
F001220,0.0,0.3552763819095477,0.25,0.5,0.0,1.0,1.0,1.0,0.0,real,3,0.3701005025125628,0.3552763819095477,0.4663316582914573,0.11658291457286432,0.2713450417918739,0.35700462109542686
F001221,0.0,0.3552763819095477,0.2638888888888888,0.4110735718596873,0.5,1.0,1.0,1.0,0.5,real,3,0.9587939698492463,0.3552763819095477,0.3821608040201005,0.09554020100502512,0.6626037221282292,0.41293657357137437
F001222,0.4730936953723087,0.97964824120603,0.7916666666666667,0.2204792759220492,0.0,1.0,1.0,1.0,0.0,real,3,0.3701005025125628,0.97964824120603,0.11256281407035176,0.02814070351758794,0.2058800282821141,0.9624951390116411
F001223,0.0,0.3552763819095477,0.625,0.5464532103585001,0.25,1.0,1.0,1.0,0.25,real,3,0.8304020100502513,0.3552763819095477,0.6507537688442211,0.16268844221105527,0.6853946238731345,0.4325738302063079
F001224,0.0,0.3552763819095477,0.625,0.5464532103585001,0.0,1.0,1.0,1.0,0.0,real,3,0.3701005025125628,0.3552763819095477,0.6507537688442211,0.16268844221105527,0.3054723996868766,0.357688094997601
F001225,0.0,0.3552763819095477,0.4861111111111111,0.2926570486903539,0.0,1.0,1.0,1.0,0.0,real,3,0.3701005025125628,0.3552763819095477,0.18266331658291457,0.04566582914572864,0.21885214388525542,0.35595333766824067
F001226,0.0,0.3552763819095477,0.2222222222222222,0.769800358919501,0.5,1.0,1.0,1.0,0.5,real,3,0.9587939698492463,0.3552763819095477,0.928894472361809,0.23222361809045225,0.9247061942880229,0.4954274197621272
F001227,0.0,0.3552763819095477,0.3194444444444444,0.6254627916220946,0.0,1.0,1.0,1.0,0.0,real,3,0.3701005025125628,0.3552763819095477,0.7464824120603015,0.18662060301507538,0.3231870091664352,0.35804286823565057
F001228,0.0,0.3552763819095477,0.2777777777777778,0.6938886664887108,0.0,1.0,1.0,1.0,0.0,real,3,0.3701005025125628,0.3552763819095477,0.8449748743718593,0.2112437185929648,0.34141306406403876,0.3584078842705992
F001229,0.0,0.3552763819095477,0.3333333333333332,0.6666666666666666,0.25,1.0,1.0,1.0,0.25,real,3,0.8304020100502513,0.3552763819095477,0.7771356783919598,0.19428391959798996,0.7378685197343502,0.44758565124618066
F001230,0.0,0.3552763819095477,0.3194444444444444,0.3757708127352411,0.0,1.0,1.0,1.0,0.0,real,3,0.3701005025125628,0.3552763819095477,0.3123115577889447,0.07807788944723618,0.24284358349536625,0.3564338179591424
F001231,0.0,0.3552763819095477,0.5,0.3333333333333333,0.0,1.0,1.0,1.0,0.0,real,3,0.3701005025125628,0.3552763819095477,0.2020100502512563,0.05050251256281407,0.22243226181157041,0.35602503724653417
F001232,0.0,0.3552763819095477,0.4027777777777778,0.8347210667398177,0.0,1.0,1.0,1.0,0.0,real,3,0.3701005025125628,0.3552763819095477,0.9492462311557789,0.23731155778894472,0.3607085048357365,0.3587943170627004
F001233,0.0,0.3552763819095477,0.1388888888888888,0.2545875386086578,0.0,1.0,1.0,1.0,0.0,real,3,0.3701005025125628,0.3552763819095477,0.15100502512562813,0.037751256281407033,0.21299376909673998,0.3558360110855786
F001234,0.0,0.3552763819095477,0.375,0.6614378277661477,0.0,1.0,1.0,1.0,0.0,real,3,0.3701005025125628,0.3552763819095477,0.7658291457286432,0.1914572864321608,0.3267671270927502,0.358114567813944
F001235,0.3519409161410501,0.9477386934673366,0.736111111111111,0.2405626121623441,0.0,1.0,1.0,1.0,0.0,real,3,0.3701005025125628,0.9477386934673366,0.13442211055276382,0.033605527638190955,0.20992509658847,0.9283268572763314
F001236,0.0,0.3552763819095477,0.2777777777777778,0.5091750772173156,0.0,1.0,1.0,1.0,0.0,real,3,0.3701005025125628,0.3552763819095477,0.5258793969849246,0.13146984924623115,0.2823643657988435,0.3572253068104341
F001237,0.1371617270419147,0.8153266331658291,0.6527777777777778,0.3367876570272817,0.0,1.0,1.0,1.0,0.0,real,3,0.3701005025125628,0.8153266331658291,0.2379396984924623,0.059484924623115575,0.22908105224615538,0.7888423903436781
F001238,0.1898569058357866,0.8753768844221106,0.7222222222222222,0.5091750772173156,0.5,1.0,1.0,1.0,0.5,real,3,0.9587939698492463,0.8753768844221106,0.5258793969849246,0.13146984924623115,0.731501982273175,0.8863437160677761
F001239,0.0,0.3552763819095477,0.2638888888888888,0.7087417123429485,0.25,1.0,1.0,1.0,0.25,real,3,0.8304020100502513,0.3552763819095477,0.8801507537688442,0.22003768844221105,0.7806404825635717,0.45982192684528167
F001240,0.1898569058357866,0.8753768844221106,0.7222222222222222,0.5091750772173156,0.5,1.0,1.0,1.0,0.5,real,3,0.9587939698492463,0.8753768844221106,0.5258793969849246,0.13146984924623115,0.731501982273175,0.8863437160677761
F001241,0.0,0.3552763819095477,0.4305555555555556,0.7280745790045088,0.0,1.0,1.0,1.0,0.0,real,3,0.3701005025125628,0.3552763819095477,0.9025125628140703,0.22562814070351758,0.35206042776697555,0.3586211206787707
F001242,0.0,0.3552763819095477,0.3055555555555556,0.3469443332443555,0.25,1.0,1.0,1.0,0.25,real,3,0.8304020100502513,0.3552763819095477,0.27889447236180903,0.06972361809045226,0.5309982702457009,0.3884038597510163
F001243,0.3009680169468978,0.9190954773869346,0.7777777777777778,0.5091750772173156,0.0,1.0,1.0,1.0,0.0,real,3,0.3701005025125628,0.9190954773869346,0.5258793969849246,0.13146984924623115,0.2823643657988435,0.8469191908032625
F001244,0.0,0.3552763819095477,0.2083333333333333,0.5204164998665333,0.0,1.0,1.0,1.0,0.0,real,3,0.3701005025125628,0.3552763819095477,0.6005025125628141,0.15012562814070352,0.2961733920860584,0.3575018623267089
F001245,0.2154167222667111,0.8881909547738693,0.6944444444444444,0.3469443332443555,0.0,1.0,1.0,1.0,0.0,real,3,0.3701005025125628,0.8881909547738693,0.27889447236180903,0.06972361809045226,0.2366597434408222,0.8520678139440923
F001246,0.0,0.3552763819095477,0.4583333333333333,0.1443375672974064,0.0,1.0,1.0,1.0,0.0,real,3,0.3701005025125628,0.3552763819095477,0.02864321608040201,0.007160804020100503,0.19035068558874776,0.3553825345319562
F001247,0.0,0.3552763819095477,0.3888888888888889,0.693888666488711,0.0,1.0,1.0,1.0,0.0,real,3,0.3701005025125628,0.3552763819095477,0.8597989949748743,0.21494974874371858,0.3441562713062801,0.35846282290851234
F001248,0.0,0.3552763819095477,0.3611111111111111,0.2545875386086578,0.25,1.0,1.0,1.0,0.25,real,3,0.8304020100502513,0.3552763819095477,0.15100502512562813,0.037751256281407033,0.4778984432211308,0.3732129712633519
F001249,0.0,0.3552763819095477,0.3194444444444444,0.529237746757157,0.0,1.0,1.0,1.0,0.0,real,3,0.3701005025125628,0.3552763819095477,0.6135678391959799,0.15339195979899498,0.29859113406227117,0.3575502828211408
F001250,0.01116454968463,0.7221105527638191,0.5416666666666666,0.1443375672974064,0.0,1.0,1.0,1.0,0.0,real,3,0.3701005025125628,0.7221105527638191,0.02864321608040201,0.007160804020100503,0.19035068558874776,0.719589877780864
F001251,0.3779915320718537,0.9613065326633166,0.8333333333333333,0.5773502691896258,0.5,1.0,1.0,1.0,0.5,real,3,0.9587939698492463,0.9613065326633166,0.6907035175879397,0.17267587939698492,0.8105181687331128,0.9608726736698568
F001252,0.0,0.3552763819095477,0.5555555555555556,0.5091750772173156,0.25,1.0,1.0,1.0,0.25,real,3,0.8304020100502513,0.3552763819095477,0.5258793969849246,0.13146984924623115,0.6335466591752734,0.4177410766142269
F001253,0.0,0.3552763819095477,0.5833333333333333,0.4409585518440984,0.5,1.0,1.0,1.0,0.5,real,3,0.9587939698492463,0.3552763819095477,0.4248743718592965,0.10621859296482412,0.683080477765713,0.41938117093002697
F001254,0.0,0.3552763819095477,0.3611111111111111,0.8552669065744807,0.0,1.0,1.0,1.0,0.0,real,3,0.3701005025125628,0.3552763819095477,0.9580402010050251,0.23951005025125627,0.36233583116587964,0.35882690778010656
F001255,0.0,0.3552763819095477,0.3611111111111111,0.2545875386086578,0.0,1.0,1.0,1.0,0.0,real,3,0.3701005025125628,0.3552763819095477,0.15100502512562813,0.037751256281407033,0.21299376909673998,0.3558360110855786
F001256,0.0,0.3552763819095477,0.5833333333333334,0.726483157256779,0.0,1.0,1.0,1.0,0.0,real,3,0.3701005025125628,0.3552763819095477,0.8964824120603015,0.2241206030150754,0.3509445468548774,0.35859877275826363
F001257,0.0,0.3552763819095477,0.3333333333333333,0.3333333333333333,0.25,1.0,1.0,1.0,0.25,real,3,0.8304020100502513,0.3552763819095477,0.2020100502512563,0.05050251256281407,0.4990757809146234,0.37927141991363855
F001258,0.0,0.3552763819095477,0.2361111111111111,0.4110735718596873,0.0,1.0,1.0,1.0,0.0,real,3,0.3701005025125628,0.3552763819095477,0.3821608040201005,0.09554020100502512,0.2557692040605035,0.3566926813716825
F001259,0.0,0.3552763819095477,0.1666666666666666,0.3333333333333333,0.0,1.0,1.0,1.0,0.0,real,3,0.3701005025125628,0.3552763819095477,0.2020100502512563,0.05050251256281407,0.22243226181157041,0.35602503724653417
F001260,0.0,0.3552763819095477,0.3472222222222222,0.3367876570272817,0.0,1.0,1.0,1.0,0.0,real,3,0.3701005025125628,0.3552763819095477,0.2379396984924623,0.059484924623115575,0.22908105224615538,0.35615819360622203
F001261,0.0,0.3552763819095477,0.0555555555555555,0.1924500897298752,0.0,1.0,1.0,1.0,0.0,real,3,0.3701005025125628,0.3552763819095477,0.07613065326633166,0.019032663316582914,0.19913824777152095,0.35555852440594926
F001262,0.0,0.3552763819095477,0.2777777777777778,0.5091750772173156,0.25,1.0,1.0,1.0,0.25,real,3,0.8304020100502513,0.3552763819095477,0.5258793969849246,0.13146984924623115,0.6335466591752734,0.4177410766142269
F001263,0.0,0.3552763819095477,0.5694444444444444,0.4738533919231106,0.25,1.0,1.0,1.0,0.25,real,3,0.8304020100502513,0.3552763819095477,0.44748743718592965,0.11187185929648241,0.6009982386808415,0.4084295693290573
F001264,0.0,0.3552763819095477,0.4444444444444444,0.1924500897298753,0.0,1.0,1.0,1.0,0.0,real,3,0.3701005025125628,0.3552763819095477,0.09321608040201006,0.023304020100502514,0.2022999103557991,0.3556218435140526
F001265,0.0,0.3552763819095477,0.4861111111111111,0.2926570486903539,0.0,1.0,1.0,1.0,0.0,real,3,0.3701005025125628,0.3552763819095477,0.18266331658291457,0.04566582914572864,0.21885214388525542,0.35595333766824067
F001266,0.0,0.3552763819095477,0.1666666666666666,0.5773502691896258,0.5,1.0,1.0,1.0,0.5,real,3,0.9587939698492463,0.3552763819095477,0.6907035175879397,0.17267587939698492,0.8105181687331128,0.45948931213858235
F001267,0.0,0.3552763819095477,0.5694444444444444,0.5548606765399494,0.0,1.0,1.0,1.0,0.0,real,3,0.3701005025125628,0.3552763819095477,0.6582914572864321,0.16457286432160803,0.3068672508269993,0.35771602989823487
F001268,0.4376389444889332,0.9701005025125627,0.8055555555555556,0.3469443332443555,0.25,1.0,1.0,1.0,0.25,real,3,0.8304020100502513,0.9701005025125627,0.27889447236180903,0.06972361809045226,0.5309982702457009,0.9603602181763086
F001269,0.0,0.3552763819095477,0.1944444444444444,0.3469443332443554,0.25,1.0,1.0,1.0,0.25,real,3,0.8304020100502513,0.3552763819095477,0.2562814070351759,0.06407035175879397,0.5216093027953839,0.3857178480341405
F001270,0.0,0.3552763819095477,0.361111111111111,0.5357583756107197,0.25,1.0,1.0,1.0,0.25,real,3,0.8304020100502513,0.3552763819095477,0.621859296482412,0.155464824120603,0.6733976099088407,0.42914170412363317
F001271,0.1564584167334001,0.8407035175879397,0.7083333333333334,0.5204164998665332,0.0,1.0,1.0,1.0,0.0,real,3,0.3701005025125628,0.8407035175879397,0.5768844221105528,0.1442211055276382,0.29180285851367394,0.7728326304891291
F001272,0.0,0.3552763819095477,0.3333333333333333,0.5773502691896258,0.25,1.0,1.0,1.0,0.25,real,3,0.8304020100502513,0.3552763819095477,0.6907035175879397,0.17267587939698492,0.7019817997020278,0.4373191175727885
F001273,0.0,0.3552763819095477,0.611111111111111,0.8388704928078611,0.5,1.0,1.0,1.0,0.5,real,3,0.9587939698492463,0.3552763819095477,0.9527638190954774,0.23819095477386934,0.936149087144264,0.49902881240372715
F001274,0.0,0.3552763819095477,0.2777777777777778,0.5091750772173156,0.0,1.0,1.0,1.0,0.0,real,3,0.3701005025125628,0.3552763819095477,0.5258793969849246,0.13146984924623115,0.2823643657988435,0.3572253068104341
F001275,0.0,0.3552763819095477,0.1944444444444444,0.3469443332443554,0.25,1.0,1.0,1.0,0.25,real,3,0.8304020100502513,0.3552763819095477,0.2562814070351759,0.06407035175879397,0.5216093027953839,0.3857178480341405
F001276,0.3222409918479341,0.9311557788944724,0.7638888888888888,0.4110735718596873,0.0,1.0,1.0,1.0,0.0,real,3,0.3701005025125628,0.9311557788944724,0.3821608040201005,0.09554020100502512,0.2557692040605035,0.8775524450140147
F001277,0.0,0.3552763819095477,0.4444444444444444,0.1924500897298753,0.0,1.0,1.0,1.0,0.0,real,3,0.3701005025125628,0.3552763819095477,0.09321608040201006,0.023304020100502514,0.2022999103557991,0.3556218435140526
F001278,0.0,0.3552763819095477,0.3055555555555556,0.3469443332443555,0.0,1.0,1.0,1.0,0.0,real,3,0.3701005025125628,0.3552763819095477,0.27889447236180903,0.06972361809045226,0.2366597434408222,0.3563099732329991
F001279,0.0,0.3552763819095477,0.2222222222222222,0.769800358919501,0.5,1.0,1.0,1.0,0.5,real,3,0.9587939698492463,0.3552763819095477,0.928894472361809,0.23222361809045225,0.9247061942880229,0.4954274197621272
F001280,0.0223290993692601,0.7371859296482413,0.5833333333333334,0.2886751345948129,0.0,1.0,1.0,1.0,0.0,real,3,0.3701005025125628,0.7371859296482413,0.17185929648241205,0.04296482412060301,0.2168528572510795,0.7214141688341204
F001281,0.0,0.3552763819095477,0.3333333333333333,0.3333333333333333,0.0,1.0,1.0,1.0,0.0,real,3,0.3701005025125628,0.3552763819095477,0.2020100502512563,0.05050251256281407,0.22243226181157041,0.35602503724653417
F001282,0.0,0.3552763819095477,0.6388888888888888,0.7515416254704823,0.25,1.0,1.0,1.0,0.25,real,3,0.8304020100502513,0.3552763819095477,0.9095477386934674,0.22738693467336685,0.7928461402489837,0.46331374207722026
F001283,0.0,0.3552763819095477,0.1388888888888888,0.2545875386086578,0.0,1.0,1.0,1.0,0.0,real,3,0.3701005025125628,0.3552763819095477,0.15100502512562813,0.037751256281407033,0.21299376909673998,0.3558360110855786
F001284,0.0,0.3552763819095477,0.1666666666666666,0.5773502691896258,0.0,1.0,1.0,1.0,0.0,real,3,0.3701005025125628,0.3552763819095477,0.6907035175879397,0.17267587939698492,0.31286511072952705,0.35783614997096025
F001285,0.0446581987385203,0.7555276381909548,0.6666666666666666,0.5773502691896258,0.0,1.0,1.0,1.0,0.0,real,3,0.3701005025125628,0.7555276381909548,0.6907035175879397,0.17267587939698492,0.31286511072952705,0.6889736685942274
F001286,0.0,0.3552763819095477,0.4444444444444444,0.5091750772173156,0.25,1.0,1.0,1.0,0.25,real,3,0.8304020100502513,0.3552763819095477,0.5258793969849246,0.13146984924623115,0.6335466591752734,0.4177410766142269
F001287,0.0,0.3552763819095477,0.3055555555555556,0.3469443332443555,0.25,1.0,1.0,1.0,0.25,real,3,0.8304020100502513,0.3552763819095477,0.27889447236180903,0.06972361809045226,0.5309982702457009,0.3884038597510163
F001288,0.1178513660507478,0.8060301507537688,0.736111111111111,0.7087417123429486,0.0,1.0,1.0,1.0,0.0,real,3,0.3701005025125628,0.8060301507537688,0.8869346733668342,0.22173366834170855,0.34917773541072195,0.7093698707103355
F001289,0.0,0.3552763819095477,0.2361111111111111,0.2405626121623441,0.25,1.0,1.0,1.0,0.25,real,3,0.8304020100502513,0.3552763819095477,0.13442211055276382,0.033605527638190955,0.4710132004242317,0.371243229337643
F001290,0.0,0.3552763819095477,0.4861111111111111,0.2926570486903539,0.0,1.0,1.0,1.0,0.0,real,3,0.3701005025125628,0.3552763819095477,0.18266331658291457,0.04566582914572864,0.21885214388525542,0.35595333766824067
F001291,0.2224894150898172,0.892964824120603,0.7916666666666667,0.7216878364870323,0.0,1.0,1.0,1.0,0.0,real,3,0.3701005025125628,0.892964824120603,0.8907035175879398,0.22267587939698494,0.34987516098078336,0.7765355515012247
F001292,0.0,0.3552763819095477,0.375,0.5464532103585,0.0,1.0,1.0,1.0,0.0,real,3,0.3701005025125628,0.3552763819095477,0.642462311557789,0.16061557788944725,0.3039380634327416,0.3576573666069038
F001293,0.1898569058357866,0.8753768844221106,0.7222222222222222,0.5091750772173156,0.25,1.0,1.0,1.0,0.25,real,3,0.8304020100502513,0.8753768844221106,0.5258793969849246,0.13146984924623115,0.6335466591752734,0.869464044468574
F001294,0.0446581987385203,0.7555276381909548,0.6666666666666666,0.5773502691896258,0.25,1.0,1.0,1.0,0.25,real,3,0.8304020100502513,0.7555276381909548,0.6907035175879397,0.17267587939698492,0.7019817997020278,0.7684566361960556
F001295,0.0,0.3552763819095477,0.4166666666666667,0.7637626158259734,0.0,1.0,1.0,1.0,0.0,real,3,0.3701005025125628,0.3552763819095477,0.9140703517587939,0.22851758793969848,0.35419919951516377,0.35866395419307595
F001296,0.0148860662461734,0.7268844221105528,0.5555555555555556,0.1924500897298752,0.0,1.0,1.0,1.0,0.0,real,3,0.3701005025125628,0.7268844221105528,0.07613065326633166,0.019032663316582914,0.19913824777152095,0.7200938738920736
F001297,0.0,0.3552763819095477,0.3333333333333333,1.1547005383792517,0.25,1.0,1.0,1.0,0.25,real,3,0.8304020100502513,0.3552763819095477,0.9984924623115577,0.24962311557788944,0.8297760788868968,0.4738787214969319
F001298,0.0,0.3552763819095477,0.25,0.5,0.0,1.0,1.0,1.0,0.0,real,3,0.3701005025125628,0.3552763819095477,0.4663316582914573,0.11658291457286432,0.2713450417918739,0.35700462109542686
F001299,0.0,0.3552763819095477,0.4583333333333333,0.1443375672974064,0.25,1.0,1.0,1.0,0.25,real,3,0.8304020100502513,0.3552763819095477,0.02864321608040201,0.007160804020100503,0.42709369712886036,0.3586786634175904
F001300,0.0596870220248513,0.7846733668341709,0.6805555555555556,0.6028481781725197,0.25,1.0,1.0,1.0,0.25,real,3,0.8304020100502513,0.7846733668341709,0.7364321608040201,0.18410804020100502,0.7209683783237797,0.7930923777177344
F001301,0.0,0.3552763819095477,0.1666666666666666,0.5773502691896258,0.0,1.0,1.0,1.0,0.0,real,3,0.3701005025125628,0.3552763819095477,0.6907035175879397,0.17267587939698492,0.31286511072952705,0.35783614997096025
F001302,0.0,0.3552763819095477,0.0833333333333333,0.2886751345948128,0.25,1.0,1.0,1.0,0.25,real,3,0.8304020100502513,0.3552763819095477,0.16557788944723617,0.04139447236180904,0.48394911113355726,0.3749439565920052
F001303,0.0,0.3552763819095477,0.2916666666666666,0.5204164998665332,0.25,1.0,1.0,1.0,0.25,real,3,0.8304020100502513,0.3552763819095477,0.5768844221105528,0.1442211055276382,0.654723996868766,0.4237995252645135
F001304,0.1371617270419147,0.8180904522613065,0.6527777777777778,0.3367876570272817,0.0,1.0,1.0,1.0,0.0,real,3,0.3701005025125628,0.8180904522613065,0.2379396984924623,0.059484924623115575,0.22908105224615538,0.7914418038685891
F001305,0.0,0.3552763819095477,0.5833333333333334,0.726483157256779,0.0,1.0,1.0,1.0,0.0,real,3,0.3701005025125628,0.3552763819095477,0.8964824120603015,0.2241206030150754,0.3509445468548774,0.35859877275826363
F001306,0.0,0.3552763819095477,0.25,0.5,0.5,1.0,1.0,1.0,0.5,real,3,0.9587939698492463,0.3552763819095477,0.4663316582914573,0.11658291457286432,0.7029549758844473,0.42563622130754275
F001307,0.0,0.3552763819095477,0.2083333333333333,0.5204164998665333,0.0,1.0,1.0,1.0,0.0,real,3,0.3701005025125628,0.3552763819095477,0.6005025125628141,0.15012562814070352,0.2961733920860584,0.3575018623267089
F001308,0.0,0.3552763819095477,0.4444444444444444,0.5091750772173156,0.0,1.0,1.0,1.0,0.0,real,3,0.3701005025125628,0.3552763819095477,0.5258793969849246,0.13146984924623115,0.2823643657988435,0.3572253068104341
F001309,0.0,0.3552763819095477,0.25,0.1666666666666666,0.0,1.0,1.0,1.0,0.0,real,3,0.3701005025125628,0.3552763819095477,0.036683417085427134,0.009170854271356783,0.19183852680487867,0.355412331759299
F001310,0.0446581987385203,0.7555276381909548,0.6666666666666666,0.5773502691896258,0.0,1.0,1.0,1.0,0.0,real,3,0.3701005025125628,0.7555276381909548,0.6907035175879397,0.17267587939698492,0.31286511072952705,0.6889736685942274
F001311,0.0,0.3552763819095477,0.5833333333333333,0.4409585518440984,0.0,1.0,1.0,1.0,0.0,real,3,0.3701005025125628,0.3552763819095477,0.4248743718592965,0.10621859296482412,0.26367336052119894,0.3568509791419408
F001312,0.0,0.3552763819095477,0.4722222222222222,0.5853140973807078,0.0,1.0,1.0,1.0,0.0,real,3,0.3701005025125628,0.3552763819095477,0.7188442211055276,0.1797110552763819,0.3180725549859852,0.3579404402666599
F001313,0.4376389444889332,0.9701005025125627,0.8055555555555556,0.3469443332443555,0.25,1.0,1.0,1.0,0.25,real,3,0.8304020100502513,0.9701005025125627,0.27889447236180903,0.06972361809045226,0.5309982702457009,0.9603602181763086
F001314,0.3519409161410501,0.9477386934673366,0.736111111111111,0.2405626121623441,0.0,1.0,1.0,1.0,0.0,real,3,0.3701005025125628,0.9477386934673366,0.13442211055276382,0.033605527638190955,0.20992509658847,0.9283268572763314
F001315,0.0,0.3552763819095477,0.4305555555555555,0.5548606765399494,0.5,1.0,1.0,1.0,0.5,real,3,0.9587939698492463,0.3552763819095477,0.6582914572864321,0.16457286432160803,0.794979924749375,0.4545990000252519
F001316,0.7926638440239513,0.9982412060301508,0.9444444444444444,0.1924500897298752,0.0,1.0,1.0,1.0,0.0,real,3,0.3701005025125628,0.9982412060301508,0.07613065326633166,0.019032663316582914,0.19913824777152095,0.986286015504659
F001317,0.34077636645642,0.9424623115577888,0.6944444444444444,0.0962250448649376,0.0,1.0,1.0,1.0,0.0,real,3,0.3701005025125628,0.9424623115577888,0.018090452261306532,0.004522613065326633,0.18839789399257595,0.9398737405621069
F001318,0.0,0.3552763819095477,0.0555555555555555,0.1924500897298752,0.0,1.0,1.0,1.0,0.0,real,3,0.3701005025125628,0.3552763819095477,0.07613065326633166,0.019032663316582914,0.19913824777152095,0.35555852440594926
F001319,0.0,0.3552763819095477,0.3611111111111111,0.2545875386086578,0.0,1.0,1.0,1.0,0.0,real,3,0.3701005025125628,0.3552763819095477,0.15100502512562813,0.037751256281407033,0.21299376909673998,0.3558360110855786
F001320,0.0,0.3552763819095477,0.25,0.1666666666666666,0.0,1.0,1.0,1.0,0.0,real,3,0.3701005025125628,0.3552763819095477,0.036683417085427134,0.009170854271356783,0.19183852680487867,0.355412331759299
F001321,0.0483797153000638,0.7670854271356784,0.6805555555555556,0.6254627916220946,0.0,1.0,1.0,1.0,0.0,real,3,0.3701005025125628,0.7670854271356784,0.7464824120603015,0.18662060301507538,0.3231870091664352,0.6929998611146183
F001322,0.0,0.3552763819095477,0.2638888888888888,0.4110735718596873,0.25,1.0,1.0,1.0,0.25,real,3,0.8304020100502513,0.3552763819095477,0.3821608040201005,0.09554020100502512,0.5738745549354815,0.4006699799247493
F001323,0.0,0.3552763819095477,0.2083333333333333,0.5204164998665333,0.0,1.0,1.0,1.0,0.0,real,3,0.3701005025125628,0.3552763819095477,0.6005025125628141,0.15012562814070352,0.2961733920860584,0.3575018623267089
F001324,0.0,0.3552763819095477,0.1111111111111111,0.3849001794597505,0.0,1.0,1.0,1.0,0.0,real,3,0.3701005025125628,0.3552763819095477,0.3391959798994975,0.08479899497487438,0.247818552561804,0.35653345243806966
F001325,0.0975001112000889,0.7939698492462312,0.7222222222222222,0.6938886664887111,0.0,1.0,1.0,1.0,0.0,real,3,0.3701005025125628,0.7939698492462312,0.8723618090452261,0.21809045226130652,0.34648102320648466,0.7015279917173809
F001326,0.3631054658256801,0.9542713567839196,0.7777777777777777,0.3849001794597506,0.25,1.0,1.0,1.0,0.25,real,3,0.8304020100502513,0.9542713567839196,0.35904522613065326,0.08976130653266332,0.5642769437640465,0.943152682381758
F001327,0.1504840084734488,0.8311557788944723,0.6388888888888888,0.2545875386086578,0.0,1.0,1.0,1.0,0.0,real,3,0.3701005025125628,0.8311557788944723,0.15100502512562813,0.037751256281407033,0.21299376909673998,0.8137503629958839
F001328,0.0,0.3552763819095477,0.3194444444444444,0.529237746757157,0.0,1.0,1.0,1.0,0.0,real,3,0.3701005025125628,0.3552763819095477,0.6135678391959799,0.15339195979899498,0.29859113406227117,0.3575502828211408
F001329,0.0,0.3552763819095477,0.4722222222222222,0.4194352464039305,0.25,1.0,1.0,1.0,0.25,real,3,0.8304020100502513,0.3552763819095477,0.4012562814070352,0.1003140703517588,0.5818030163379713,0.4029381675967778
F001330,0.3779915320718537,0.9613065326633166,0.8333333333333333,0.5773502691896258,0.0,1.0,1.0,1.0,0.0,real,3,0.3701005025125628,0.9613065326633166,0.6907035175879397,0.17267587939698492,0.31286511072952705,0.8592195115022347
F001331,0.0334936490538903,0.7457286432160805,0.625,0.4330127018922193,0.0,1.0,1.0,1.0,0.0,real,3,0.3701005025125628,0.7457286432160805,0.4115577889447236,0.1028894472361809,0.2612091235069821,0.7070804714527411
F001332,0.0,0.3552763819095477,0.3333333333333333,0.3333333333333333,0.0,1.0,1.0,1.0,0.0,real,3,0.3701005025125628,0.3552763819095477,0.2020100502512563,0.05050251256281407,0.22243226181157041,0.35602503724653417
F001333,0.0,0.3552763819095477,0.1111111111111111,0.3849001794597505,0.0,1.0,1.0,1.0,0.0,real,3,0.3701005025125628,0.3552763819095477,0.3391959798994975,0.08479899497487438,0.247818552561804,0.35653345243806966
F001334,0.0148860662461734,0.7268844221105528,0.5555555555555556,0.1924500897298752,0.5,1.0,1.0,1.0,0.5,real,3,0.9587939698492463,0.7268844221105528,0.07613065326633166,0.019032663316582914,0.5158937905608445,0.7312982784525645
F001335,0.3779915320718537,0.9613065326633166,0.8333333333333333,0.5773502691896258,0.25,1.0,1.0,1.0,0.25,real,3,0.8304020100502513,0.9613065326633166,0.6907035175879397,0.17267587939698492,0.7019817997020278,0.938702479104063
F001336,0.0,0.3552763819095477,0.2222222222222222,0.5091750772173156,0.0,1.0,1.0,1.0,0.0,real,3,0.3701005025125628,0.3552763819095477,0.5258793969849246,0.13146984924623115,0.2823643657988435,0.3572253068104341
F001337,0.4376389444889332,0.9701005025125627,0.8055555555555556,0.3469443332443555,0.0,1.0,1.0,1.0,0.0,real,3,0.3701005025125628,0.9701005025125627,0.27889447236180903,0.06972361809045226,0.2366597434408222,0.9282663316582913
F001338,0.2666854362923786,0.9085427135678392,0.7361111111111112,0.4110735718596873,0.0,1.0,1.0,1.0,0.0,real,3,0.3701005025125628,0.9085427135678392,0.3821608040201005,0.09554020100502512,0.2557692040605035,0.8570998364940279
F001339,0.7926638440239513,0.9982412060301508,0.9444444444444444,0.1924500897298752,0.0,1.0,1.0,1.0,0.0,real,3,0.3701005025125628,0.9982412060301508,0.07613065326633166,0.019032663316582914,0.19913824777152095,0.986286015504659
F001340,0.0,0.3552763819095477,0.5833333333333333,0.4409585518440984,0.25,1.0,1.0,1.0,0.25,real,3,0.8304020100502513,0.3552763819095477,0.4248743718592965,0.10621859296482412,0.5916092712305244,0.40574355761218145
F001341,0.0,0.3552763819095477,0.1111111111111111,0.3849001794597505,0.0,1.0,1.0,1.0,0.0,real,3,0.3701005025125628,0.3552763819095477,0.3391959798994975,0.08479899497487438,0.247818552561804,0.35653345243806966
F001342,0.1666666666666666,0.8492462311557789,0.6666666666666666,0.3333333333333333,0.25,1.0,1.0,1.0,0.25,real,3,0.8304020100502513,0.8492462311557789,0.2020100502512563,0.05050251256281407,0.4990757809146234,0.8482945506426606
F001343,0.3519409161410501,0.9477386934673366,0.736111111111111,0.2405626121623441,0.0,1.0,1.0,1.0,0.0,real,3,0.3701005025125628,0.9477386934673366,0.13442211055276382,0.033605527638190955,0.20992509658847,0.9283268572763314
F001344,0.3631054658256801,0.9542713567839196,0.7777777777777777,0.3849001794597506,0.5,1.0,1.0,1.0,0.5,real,3,0.9587939698492463,0.9542713567839196,0.35904522613065326,0.08976130653266332,0.6515221837832379,0.954677312441605
F001345,0.0,0.3552763819095477,0.2777777777777778,0.5091750772173156,0.0,1.0,1.0,1.0,0.0,real,3,0.3701005025125628,0.3552763819095477,0.5258793969849246,0.13146984924623115,0.2823643657988435,0.3572253068104341
F001346,0.5260506159308034,0.9871859296482411,0.8472222222222221,0.3367876570272817,0.0,1.0,1.0,1.0,0.0,real,3,0.3701005025125628,0.9871859296482411,0.2379396984924623,0.059484924623115575,0.22908105224615538,0.9504786495290523
F001347,0.0,0.3552763819095477,0.2222222222222222,0.769800358919501,0.0,1.0,1.0,1.0,0.0,real,3,0.3701005025125628,0.3552763819095477,0.928894472361809,0.23222361809045225,0.3569424067574051,0.35871889283098907
F001348,0.0334936490538903,0.7457286432160805,0.625,0.4330127018922193,0.0,1.0,1.0,1.0,0.0,real,3,0.3701005025125628,0.7457286432160805,0.4115577889447236,0.1028894472361809,0.2612091235069821,0.7070804714527411
F001349,0.0521012318616071,0.7761306532663317,0.6944444444444444,0.6735753140545634,0.5,1.0,1.0,1.0,0.5,real,3,0.9587939698492463,0.7761306532663317,0.8233668341708543,0.20584170854271358,0.8741165627130628,0.8137303824398374
F001350,0.0521012318616071,0.7761306532663317,0.6944444444444444,0.6735753140545634,0.0,1.0,1.0,1.0,0.0,real,3,0.3701005025125628,0.7761306532663317,0.8233668341708543,0.20584170854271358,0.33741449079568697,0.6925527133153203
F001351,0.0,0.3552763819095477,0.3888888888888889,0.693888666488711,0.0,1.0,1.0,1.0,0.0,real,3,0.3701005025125628,0.3552763819095477,0.8597989949748743,0.21494974874371858,0.3441562713062801,0.35846282290851234
F001352,0.0,0.3552763819095477,0.4027777777777777,0.5023094811118091,0.5,1.0,1.0,1.0,0.5,real,3,0.9587939698492463,0.3552763819095477,0.48391959798994977,0.12097989949748744,0.7113865811469408,0.42828987904345844
F001353,0.0,0.3552763819095477,0.3611111111111111,0.2545875386086578,0.0,1.0,1.0,1.0,0.0,real,3,0.3701005025125628,0.3552763819095477,0.15100502512562813,0.037751256281407033,0.21299376909673998,0.3558360110855786
F001354,0.0,0.3552763819095477,0.3611111111111111,0.7515416254704824,0.25,1.0,1.0,1.0,0.25,real,3,0.8304020100502513,0.3552763819095477,0.9115577889447236,0.2278894472361809,0.7936807151334562,0.4635524986742759
F001355,0.0,0.3552763819095477,0.2777777777777778,0.5091750772173156,0.25,1.0,1.0,1.0,0.25,real,3,0.8304020100502513,0.3552763819095477,0.5258793969849246,0.13146984924623115,0.6335466591752734,0.4177410766142269
F001356,0.0,0.3552763819095477,0.3472222222222222,0.0481125224324688,0.25,1.0,1.0,1.0,0.25,real,3,0.8304020100502513,0.3552763819095477,0.008542713567839196,0.002135678391959799,0.4187479482841342,0.35629109744703413
F001357,0.0,0.3552763819095477,0.4444444444444444,0.769800358919501,0.0,1.0,1.0,1.0,0.0,real,3,0.3701005025125628,0.3552763819095477,0.928894472361809,0.23222361809045225,0.3569424067574051,0.35871889283098907
F001358,0.0297721324923469,0.7414572864321608,0.6111111111111112,0.3849001794597506,0.0,1.0,1.0,1.0,0.0,real,3,0.3701005025125628,0.7414572864321608,0.35904522613065326,0.08976130653266332,0.2514916605641272,0.7081238163177698
F001359,0.0,0.3552763819095477,0.2777777777777778,0.5091750772173156,0.0,1.0,1.0,1.0,0.0,real,3,0.3701005025125628,0.3552763819095477,0.5258793969849246,0.13146984924623115,0.2823643657988435,0.3572253068104341
F001360,0.0,0.3552763819095477,0.1527777777777777,0.3367876570272816,0.0,1.0,1.0,1.0,0.0,real,3,0.3701005025125628,0.3552763819095477,0.2236180904522613,0.055904522613065326,0.22643083507992223,0.35610511729501776
F001361,0.0975001112000889,0.7939698492462312,0.7222222222222222,0.6938886664887111,0.0,1.0,1.0,1.0,0.0,real,3,0.3701005025125628,0.7939698492462312,0.8723618090452261,0.21809045226130652,0.34648102320648466,0.7015279917173809
F001362,0.0,0.3552763819095477,0.3194444444444444,0.3757708127352411,0.25,1.0,1.0,1.0,0.25,real,3,0.8304020100502513,0.3552763819095477,0.3123115577889447,0.07807788944723618,0.544873077700058,0.3923731881770662
F001363,0.0446581987385203,0.7555276381909548,0.6666666666666666,0.5773502691896258,0.5,1.0,1.0,1.0,0.5,real,3,0.9587939698492463,0.7555276381909548,0.6907035175879397,0.17267587939698492,0.8105181687331128,0.7906268307618495
F001364,0.0,0.3552763819095477,0.1805555555555555,0.3757708127352412,0.0,1.0,1.0,1.0,0.0,real,3,0.3701005025125628,0.3552763819095477,0.32437185929648243,0.08109296482412061,0.24507534531956263,0.3564785138001565
F001365,0.0,0.3552763819095477,0.1666666666666666,0.5773502691896258,0.0,1.0,1.0,1.0,0.0,real,3,0.3701005025125628,0.3552763819095477,0.6907035175879397,0.17267587939698492,0.31286511072952705,0.35783614997096025
F001366,0.0,0.3552763819095477,0.25,0.5,0.0,1.0,1.0,1.0,0.0,real,3,0.3701005025125628,0.3552763819095477,0.4663316582914573,0.11658291457286432,0.2713450417918739,0.35700462109542686
F001367,0.0,0.3552763819095477,0.1111111111111111,0.3849001794597505,0.0,1.0,1.0,1.0,0.0,real,3,0.3701005025125628,0.3552763819095477,0.3391959798994975,0.08479899497487438,0.247818552561804,0.35653345243806966
F001368,0.0,0.3552763819095477,0.2777777777777778,0.5091750772173156,0.0,1.0,1.0,1.0,0.0,real,3,0.3701005025125628,0.3552763819095477,0.5258793969849246,0.13146984924623115,0.2823643657988435,0.3572253068104341
F001369,0.0,0.3552763819095477,0.375,0.4330127018922193,0.0,1.0,1.0,1.0,0.0,real,3,0.3701005025125628,0.3552763819095477,0.4115577889447236,0.1028894472361809,0.2612091235069821,0.3568016274841544
F001370,0.0,0.3552763819095477,0.1944444444444444,0.3469443332443554,0.0,1.0,1.0,1.0,0.0,real,3,0.3701005025125628,0.3552763819095477,0.2562814070351759,0.06407035175879397,0.23247519002045403,0.3562261685310977
F001371,0.0,0.3552763819095477,0.2916666666666666,0.5204164998665332,0.5,1.0,1.0,1.0,0.5,real,3,0.9587939698492463,0.3552763819095477,0.5768844221105528,0.1442211055276382,0.7559536375344058,0.44231635564758465
F001372,0.0,0.3552763819095477,0.3055555555555556,0.0962250448649376,0.0,1.0,1.0,1.0,0.0,real,3,0.3701005025125628,0.3552763819095477,0.018090452261306532,0.004522613065326633,0.18839789399257595,0.35534342567106886
F001373,0.0,0.3552763819095477,0.4861111111111111,0.2926570486903539,0.0,1.0,1.0,1.0,0.0,real,3,0.3701005025125628,0.3552763819095477,0.18266331658291457,0.04566582914572864,0.21885214388525542,0.35595333766824067
F001374,0.0,0.3552763819095477,0.1666666666666666,0.5773502691896258,0.0,1.0,1.0,1.0,0.0,real,3,0.3701005025125628,0.3552763819095477,0.6907035175879397,0.17267587939698492,0.31286511072952705,0.35783614997096025
F001375,0.0,0.3552763819095477,0.25,0.1666666666666666,0.0,1.0,1.0,1.0,0.0,real,3,0.3701005025125628,0.3552763819095477,0.036683417085427134,0.009170854271356783,0.19183852680487867,0.355412331759299
F001376,0.0,0.3552763819095477,0.361111111111111,0.5357583756107197,0.0,1.0,1.0,1.0,0.0,real,3,0.3701005025125628,0.3552763819095477,0.621859296482412,0.155464824120603,0.3001254703164062,0.35758101121183805
F001377,0.0,0.3552763819095477,0.4027777777777778,0.1734721666221777,0.25,1.0,1.0,1.0,0.25,real,3,0.8304020100502513,0.3552763819095477,0.0592964824120603,0.014824120603015075,0.4398209641170678,0.3623197015226888
F001378,0.0,0.3552763819095477,0.2222222222222222,0.5091750772173156,0.5,1.0,1.0,1.0,0.5,real,3,0.9587939698492463,0.3552763819095477,0.5258793969849246,0.13146984924623115,0.731501982273175,0.4346207482134289
F001379,0.0,0.3552763819095477,0.1666666666666666,0.5773502691896258,0.0,1.0,1.0,1.0,0.0,real,3,0.3701005025125628,0.3552763819095477,0.6907035175879397,0.17267587939698492,0.31286511072952705,0.35783614997096025
F001380,0.0,0.3552763819095477,0.25,0.1666666666666666,0.0,1.0,1.0,1.0,0.0,real,3,0.3701005025125628,0.3552763819095477,0.036683417085427134,0.009170854271356783,0.19183852680487867,0.355412331759299
F001381,0.0,0.3552763819095477,0.1805555555555555,0.3757708127352412,0.25,1.0,1.0,1.0,0.25,real,3,0.8304020100502513,0.3552763819095477,0.32437185929648243,0.08109296482412061,0.5498805270068937,0.3938057277593999
F001382,0.0,0.3552763819095477,0.6527777777777778,0.9292071490932072,0.25,1.0,1.0,1.0,0.25,real,3,0.8304020100502513,0.3552763819095477,0.9816582914572864,0.2454145728643216,0.8227865142294387,0.47187913499659095
F001383,0.0,0.3552763819095477,0.1527777777777777,0.3367876570272816,0.0,1.0,1.0,1.0,0.0,real,3,0.3701005025125628,0.3552763819095477,0.2236180904522613,0.055904522613065326,0.22643083507992223,0.35610511729501776
F001384,0.0,0.3552763819095477,0.5138888888888888,0.2926570486903538,0.0,1.0,1.0,1.0,0.0,real,3,0.3701005025125628,0.3552763819095477,0.17814070351758793,0.04453517587939698,0.2180152332011818,0.35593657672786033
F001385,0.0,0.3552763819095477,0.5277777777777778,0.4194352464039305,0.0,1.0,1.0,1.0,0.0,real,3,0.3701005025125628,0.3552763819095477,0.4012562814070352,0.1003140703517588,0.2593028269488144,0.35676344978662156
F001386,0.0,0.3552763819095477,0.375,0.5464532103585,0.0,1.0,1.0,1.0,0.0,real,3,0.3701005025125628,0.3552763819095477,0.642462311557789,0.16061557788944725,0.3039380634327416,0.3576573666069038
F001387,0.0975001112000889,0.7939698492462312,0.7222222222222222,0.6938886664887111,0.0,1.0,1.0,1.0,0.0,real,3,0.3701005025125628,0.7939698492462312,0.8723618090452261,0.21809045226130652,0.34648102320648466,0.7015279917173809
F001388,0.0,0.3552763819095477,0.125,0.4330127018922193,0.0,1.0,1.0,1.0,0.0,real,3,0.3701005025125628,0.3552763819095477,0.4115577889447236,0.1028894472361809,0.2612091235069821,0.3568016274841544
F001389,0.0,0.3552763819095477,0.3194444444444444,0.6028481781725196,0.0,1.0,1.0,1.0,0.0,real,3,0.3701005025125628,0.3552763819095477,0.7298994974874372,0.1824748743718593,0.3201183366581652,0.3579814114542562
F001390,0.0,0.3552763819095477,0.3611111111111111,0.2545875386086578,0.0,1.0,1.0,1.0,0.0,real,3,0.3701005025125628,0.3552763819095477,0.15100502512562813,0.037751256281407033,0.21299376909673998,0.3558360110855786
F001391,0.0,0.3552763819095477,0.2361111111111111,0.2405626121623441,0.5,1.0,1.0,1.0,0.5,real,3,0.9587939698492463,0.3552763819095477,0.13442211055276382,0.033605527638190955,0.5438385394308225,0.3755579088911896
F001392,0.0,0.3552763819095477,0.2777777777777778,0.5091750772173156,0.0,1.0,1.0,1.0,0.0,real,3,0.3701005025125628,0.3552763819095477,0.5258793969849246,0.13146984924623115,0.2823643657988435,0.3572253068104341
F001393,0.0,0.3552763819095477,0.3194444444444444,0.8988160937424132,0.5,1.0,1.0,1.0,0.5,real,3,0.9587939698492463,0.3552763819095477,0.9771356783919598,0.24428391959798995,0.9478328830080048,0.5027060238377818
F001394,0.0,0.3552763819095477,0.1666666666666666,0.5773502691896258,0.25,1.0,1.0,1.0,0.25,real,3,0.8304020100502513,0.3552763819095477,0.6907035175879397,0.17267587939698492,0.7019817997020278,0.4373191175727885
F001395,0.2224894150898172,0.892964824120603,0.7916666666666667,0.7216878364870323,0.0,1.0,1.0,1.0,0.0,real,3,0.3701005025125628,0.892964824120603,0.8907035175879398,0.22267587939698494,0.34987516098078336,0.7765355515012247
F001396,0.0,0.3552763819095477,0.6666666666666666,0.881917103688197,0.25,1.0,1.0,1.0,0.25,real,3,0.8304020100502513,0.3552763819095477,0.9695979899497488,0.2423994974874372,0.817779064922603,0.47044659541425715
F001397,0.0,0.3552763819095477,0.7222222222222222,0.9622504486493764,0.0,1.0,1.0,1.0,0.0,real,3,0.3701005025125628,0.3552763819095477,0.9869346733668342,0.24673366834170854,0.3676827605363501,0.3589339915658695
F001398,0.0,0.3552763819095477,0.4444444444444444,0.1924500897298753,0.5,1.0,1.0,1.0,0.5,real,3,0.9587939698492463,0.3552763819095477,0.09321608040201006,0.023304020100502514,0.524084492815838,0.3693407679099012
F001399,0.0,0.3552763819095477,0.625,0.5464532103585001,0.0,1.0,1.0,1.0,0.0,real,3,0.3701005025125628,0.3552763819095477,0.6507537688442211,0.16268844221105527,0.3054723996868766,0.357688094997601
F001400,0.1732257047434905,0.8628140703517588,0.6805555555555556,0.3757708127352412,0.0,1.0,1.0,1.0,0.0,real,3,0.3701005025125628,0.8628140703517588,0.32437185929648243,0.08109296482412061,0.24507534531956263,0.8228584663266079
F001401,0.0334936490538903,0.7457286432160805,0.625,0.4330127018922193,0.0,1.0,1.0,1.0,0.0,real,3,0.3701005025125628,0.7457286432160805,0.4115577889447236,0.1028894472361809,0.2612091235069821,0.7070804714527411
F001402,0.0,0.3552763819095477,0.6666666666666666,0.6666666666666667,0.0,1.0,1.0,1.0,0.0,real,3,0.3701005025125628,0.3552763819095477,0.7914572864321608,0.1978643216080402,0.3315096209691675,0.35820954647609904
F001403,0.2154167222667111,0.8881909547738693,0.6944444444444444,0.3469443332443555,0.25,1.0,1.0,1.0,0.25,real,3,0.8304020100502513,0.8881909547738693,0.27889447236180903,0.06972361809045226,0.5309982702457009,0.8841617004621095
F001404,0.0,0.3552763819095477,0.2777777777777778,0.5091750772173156,0.0,1.0,1.0,1.0,0.0,real,3,0.3701005025125628,0.3552763819095477,0.5258793969849246,0.13146984924623115,0.2823643657988435,0.3572253068104341
F001405,0.0,0.3552763819095477,0.6666666666666666,0.881917103688197,0.0,1.0,1.0,1.0,0.0,real,3,0.3701005025125628,0.3552763819095477,0.9695979899497488,0.2423994974874372,0.3644746029140678,0.35886974129441174
F001406,0.1564584167334001,0.8407035175879397,0.7083333333333334,0.5204164998665332,0.0,1.0,1.0,1.0,0.0,real,3,0.3701005025125628,0.8407035175879397,0.5768844221105528,0.1442211055276382,0.29180285851367394,0.7728326304891291
F001407,0.3519409161410501,0.9477386934673366,0.736111111111111,0.2405626121623441,0.0,1.0,1.0,1.0,0.0,real,3,0.3701005025125628,0.9477386934673366,0.13442211055276382,0.033605527638190955,0.20992509658847,0.9283268572763314
F001408,0.0,0.3552763819095477,0.4722222222222222,0.4194352464039305,0.25,1.0,1.0,1.0,0.25,real,3,0.8304020100502513,0.3552763819095477,0.4012562814070352,0.1003140703517588,0.5818030163379713,0.4029381675967778
F001409,0.3631054658256801,0.9542713567839196,0.7777777777777777,0.3849001794597506,0.0,1.0,1.0,1.0,0.0,real,3,0.3701005025125628,0.9542713567839196,0.35904522613065326,0.08976130653266332,0.2514916605641272,0.9018354176662206
F001410,0.25,0.8997487437185929,0.75,0.5,0.0,1.0,1.0,1.0,0.0,real,3,0.3701005025125628,0.8997487437185929,0.4663316582914573,0.11658291457286432,0.2713450417918739,0.8380008080604026
F001411,0.0,0.3552763819095477,0.3472222222222222,0.3367876570272817,0.0,1.0,1.0,1.0,0.0,real,3,0.3701005025125628,0.3552763819095477,0.2379396984924623,0.059484924623115575,0.22908105224615538,0.35615819360622203
F001412,0.0334936490538903,0.7457286432160805,0.625,0.4330127018922193,0.0,1.0,1.0,1.0,0.0,real,3,0.3701005025125628,0.7457286432160805,0.4115577889447236,0.1028894472361809,0.2612091235069821,0.7070804714527411
F001413,0.0,0.3552763819095477,0.2777777777777778,0.5091750772173156,0.0,1.0,1.0,1.0,0.0,real,3,0.3701005025125628,0.3552763819095477,0.5258793969849246,0.13146984924623115,0.2823643657988435,0.3572253068104341
F001414,0.3519409161410501,0.9477386934673366,0.736111111111111,0.2405626121623441,0.5,1.0,1.0,1.0,0.5,real,3,0.9587939698492463,0.9477386934673366,0.13442211055276382,0.033605527638190955,0.5438385394308225,0.9481102118633368
F001415,0.0,0.3552763819095477,0.2777777777777778,0.6938886664887108,0.25,1.0,1.0,1.0,0.25,real,3,0.8304020100502513,0.3552763819095477,0.8449748743718593,0.2112437185929648,0.7660354220853008,0.45564368639680813
F001416,0.0,0.3552763819095477,0.5833333333333334,0.6009252125773316,0.0,1.0,1.0,1.0,0.0,real,3,0.3701005025125628,0.3552763819095477,0.7228643216080402,0.18071608040201004,0.31881647559405063,0.35795533888033126
F001417,0.0,0.3552763819095477,0.6111111111111112,0.693888666488711,0.0,1.0,1.0,1.0,0.0,real,3,0.3701005025125628,0.3552763819095477,0.8597989949748743,0.21494974874371858,0.3441562713062801,0.35846282290851234
F001418,0.0,0.3552763819095477,0.1944444444444444,0.3469443332443554,0.0,1.0,1.0,1.0,0.0,real,3,0.3701005025125628,0.3552763819095477,0.2562814070351759,0.06407035175879397,0.23247519002045403,0.3562261685310977
F001419,0.0,0.3552763819095477,0.5277777777777778,0.6309898162000304,0.0,1.0,1.0,1.0,0.0,real,3,0.3701005025125628,0.3552763819095477,0.7525125628140703,0.18812814070351758,0.32430289007853336,0.3580652161561576
F001420,0.0,0.3552763819095477,0.1666666666666666,0.5773502691896258,0.25,1.0,1.0,1.0,0.25,real,3,0.8304020100502513,0.3552763819095477,0.6907035175879397,0.17267587939698492,0.7019817997020278,0.4373191175727885
F001421,0.0,0.3552763819095477,0.3055555555555556,0.3469443332443555,0.0,1.0,1.0,1.0,0.0,real,3,0.3701005025125628,0.3552763819095477,0.27889447236180903,0.06972361809045226,0.2366597434408222,0.3563099732329991
F001422,0.0,0.3552763819095477,0.125,0.4330127018922193,0.0,1.0,1.0,1.0,0.0,real,3,0.3701005025125628,0.3552763819095477,0.4115577889447236,0.1028894472361809,0.2612091235069821,0.3568016274841544
F001423,0.0,0.3552763819095477,0.3055555555555556,0.6735753140545634,0.25,1.0,1.0,1.0,0.25,real,3,0.8304020100502513,0.3552763819095477,0.8233668341708543,0.20584170854271358,0.7570637420772203,0.4530770529784601
F001424,0.0,0.3552763819095477,0.4027777777777778,0.1734721666221777,0.0,1.0,1.0,1.0,0.0,real,3,0.3701005025125628,0.3552763819095477,0.0592964824120603,0.014824120603015075,0.19602308022524684,0.35549613646120043
F001425,0.0,0.3552763819095477,0.25,0.5,0.0,1.0,1.0,1.0,0.0,real,3,0.3701005025125628,0.3552763819095477,0.4663316582914573,0.11658291457286432,0.2713450417918739,0.35700462109542686
F001426,0.4730936953723087,0.97964824120603,0.7916666666666667,0.2204792759220492,0.0,1.0,1.0,1.0,0.0,real,3,0.3701005025125628,0.97964824120603,0.11256281407035176,0.02814070351758794,0.2058800282821141,0.9624951390116411
F001427,0.0,0.3552763819095477,0.1944444444444444,0.3469443332443554,0.0,1.0,1.0,1.0,0.0,real,3,0.3701005025125628,0.3552763819095477,0.2562814070351759,0.06407035175879397,0.23247519002045403,0.3562261685310977
F001428,0.0,0.3552763819095477,0.25,0.5,0.0,1.0,1.0,1.0,0.0,real,3,0.3701005025125628,0.3552763819095477,0.4663316582914573,0.11658291457286432,0.2713450417918739,0.35700462109542686
F001429,0.0,0.3552763819095477,0.1111111111111111,0.3849001794597505,0.25,1.0,1.0,1.0,0.25,real,3,0.8304020100502513,0.3552763819095477,0.3391959798994975,0.08479899497487438,0.5560355167798793,0.3955665576626852
F001430,0.0,0.3552763819095477,0.4166666666666667,0.726483157256779,0.0,1.0,1.0,1.0,0.0,real,3,0.3701005025125628,0.3552763819095477,0.8964824120603015,0.2241206030150754,0.3509445468548774,0.35859877275826363
F001431,0.1077083611333555,0.800502512562814,0.5972222222222222,0.1734721666221776,0.75,1.0,1.0,1.0,0.75,real,3,0.9987437185929648,0.800502512562814,0.04874371859296482,0.012185929648241205,0.5237131006792758,0.8029182659528799
F001432,0.0,0.3552763819095477,0.6666666666666666,0.6666666666666667,0.0,1.0,1.0,1.0,0.0,real,3,0.3701005025125628,0.3552763819095477,0.7914572864321608,0.1978643216080402,0.3315096209691675,0.35820954647609904
F001433,0.1898569058357866,0.8753768844221106,0.7222222222222222,0.5091750772173156,0.0,1.0,1.0,1.0,0.0,real,3,0.3701005025125628,0.8753768844221106,0.5258793969849246,0.13146984924623115,0.2823643657988435,0.8089482746647811
F001434,0.0,0.3552763819095477,0.5833333333333333,0.4409585518440984,0.0,1.0,1.0,1.0,0.0,real,3,0.3701005025125628,0.3552763819095477,0.4248743718592965,0.10621859296482412,0.26367336052119894,0.3568509791419408
F001435,0.0,0.3552763819095477,0.3055555555555556,0.0962250448649376,0.25,1.0,1.0,1.0,0.25,real,3,0.8304020100502513,0.3552763819095477,0.018090452261306532,0.004522613065326633,0.42271217898537916,0.3574251912830484
F001436,0.1077083611333555,0.800502512562814,0.5972222222222222,0.1734721666221776,0.0,1.0,1.0,1.0,0.0,real,3,0.3701005025125628,0.800502512562814,0.04874371859296482,0.012185929648241205,0.19407028862907505,0.79525766394788
F001437,0.0,0.3552763819095477,0.625,0.5464532103585001,0.5,1.0,1.0,1.0,0.5,real,3,0.9587939698492463,0.3552763819095477,0.6507537688442211,0.16268844221105527,0.7913663796368778,0.45346171813843084
F001438,0.0,0.3552763819095477,0.7222222222222222,0.9622504486493764,0.0,1.0,1.0,1.0,0.0,real,3,0.3701005025125628,0.3552763819095477,0.9869346733668342,0.24673366834170854,0.3676827605363501,0.3589339915658695
F001439,0.0,0.3552763819095477,0.3333333333333333,0.3333333333333333,0.0,1.0,1.0,1.0,0.0,real,3,0.3701005025125628,0.3552763819095477,0.2020100502512563,0.05050251256281407,0.22243226181157041,0.35602503724653417
F001440,0.3009680169468978,0.9190954773869346,0.7777777777777778,0.5091750772173156,0.0,1.0,1.0,1.0,0.0,real,3,0.3701005025125628,0.9190954773869346,0.5258793969849246,0.13146984924623115,0.2823643657988435,0.8469191908032625
F001441,0.0,0.3552763819095477,0.2638888888888888,0.7087417123429485,0.25,1.0,1.0,1.0,0.25,real,3,0.8304020100502513,0.3552763819095477,0.8801507537688442,0.22003768844221105,0.7806404825635717,0.45982192684528167
F001442,0.0,0.3552763819095477,0.4305555555555555,0.5548606765399494,0.25,1.0,1.0,1.0,0.25,real,3,0.8304020100502513,0.3552763819095477,0.6582914572864321,0.16457286432160803,0.6885242796899068,0.43346916744526653
F001443,0.0,0.3552763819095477,0.1666666666666666,0.5773502691896258,0.0,1.0,1.0,1.0,0.0,real,3,0.3701005025125628,0.3552763819095477,0.6907035175879397,0.17267587939698492,0.31286511072952705,0.35783614997096025
F001444,0.0,0.3552763819095477,0.4166666666666666,0.6009252125773316,0.25,1.0,1.0,1.0,0.25,real,3,0.8304020100502513,0.3552763819095477,0.7228643216080402,0.18071608040201004,0.7153349978535896,0.44113922312567866
F001445,0.0,0.3552763819095477,0.2361111111111111,0.4110735718596873,0.0,1.0,1.0,1.0,0.0,real,3,0.3701005025125628,0.3552763819095477,0.3821608040201005,0.09554020100502512,0.2557692040605035,0.3566926813716825
F001446,0.0,0.3552763819095477,0.361111111111111,0.5357583756107197,0.0,1.0,1.0,1.0,0.0,real,3,0.3701005025125628,0.3552763819095477,0.621859296482412,0.155464824120603,0.3001254703164062,0.35758101121183805
F001447,0.0,0.3552763819095477,0.2777777777777778,0.5091750772173156,0.5,1.0,1.0,1.0,0.5,real,3,0.9587939698492463,0.3552763819095477,0.5258793969849246,0.13146984924623115,0.731501982273175,0.4346207482134289
F001448,0.0,0.3552763819095477,0.3472222222222222,0.6684005230842202,0.0,1.0,1.0,1.0,0.0,real,3,0.3701005025125628,0.3552763819095477,0.8040201005025126,0.20100502512562815,0.33383437286937195,0.3582561046438221
F001449,0.0,0.3552763819095477,0.25,0.5,0.0,1.0,1.0,1.0,0.0,real,3,0.3701005025125628,0.3552763819095477,0.4663316582914573,0.11658291457286432,0.2713450417918739,0.35700462109542686
F001450,0.0521012318616071,0.7761306532663317,0.6944444444444444,0.6735753140545634,0.0,1.0,1.0,1.0,0.0,real,3,0.3701005025125628,0.7761306532663317,0.8233668341708543,0.20584170854271358,0.33741449079568697,0.6925527133153203
F001451,0.0521012318616071,0.7761306532663317,0.6944444444444444,0.6735753140545634,0.0,1.0,1.0,1.0,0.0,real,3,0.3701005025125628,0.7761306532663317,0.8233668341708543,0.20584170854271358,0.33741449079568697,0.6925527133153203
F001452,0.1898569058357866,0.8753768844221106,0.7222222222222222,0.5091750772173156,0.0,1.0,1.0,1.0,0.0,real,3,0.3701005025125628,0.8753768844221106,0.5258793969849246,0.13146984924623115,0.2823643657988435,0.8089482746647811
F001453,0.0,0.3552763819095477,0.2083333333333333,0.5204164998665333,0.0,1.0,1.0,1.0,0.0,real,3,0.3701005025125628,0.3552763819095477,0.6005025125628141,0.15012562814070352,0.2961733920860584,0.3575018623267089
F001454,0.0,0.3552763819095477,0.1944444444444444,0.3469443332443554,0.0,1.0,1.0,1.0,0.0,real,3,0.3701005025125628,0.3552763819095477,0.2562814070351759,0.06407035175879397,0.23247519002045403,0.3562261685310977
F001455,0.2154167222667111,0.8881909547738693,0.6944444444444444,0.3469443332443555,0.5,1.0,1.0,1.0,0.5,real,3,0.9587939698492463,0.8881909547738693,0.27889447236180903,0.06972361809045226,0.613098154087018,0.8931136524330193
F001456,0.0,0.3552763819095477,0.3333333333333332,0.6666666666666666,0.25,1.0,1.0,1.0,0.25,real,3,0.8304020100502513,0.3552763819095477,0.7771356783919598,0.19428391959798996,0.7378685197343502,0.44758565124618066
F001457,0.3231250834000667,0.93643216080402,0.7916666666666667,0.5204164998665333,0.0,1.0,1.0,1.0,0.0,real,3,0.3701005025125628,0.93643216080402,0.6005025125628141,0.15012562814070352,0.2961733920860584,0.8514112648670488
F001458,0.0,0.3552763819095477,0.7222222222222222,0.9622504486493764,0.0,1.0,1.0,1.0,0.0,real,3,0.3701005025125628,0.3552763819095477,0.9869346733668342,0.24673366834170854,0.3676827605363501,0.3589339915658695
F001459,0.0,0.3552763819095477,0.2777777777777778,0.9622504486493764,0.25,1.0,1.0,1.0,0.25,real,3,0.8304020100502513,0.3552763819095477,0.9869346733668342,0.24673366834170854,0.8249772733011792,0.472505871063862
F001460,0.0,0.3552763819095477,0.3055555555555556,0.6735753140545634,0.0,1.0,1.0,1.0,0.0,real,3,0.3701005025125628,0.3552763819095477,0.8233668341708543,0.20584170854271358,0.33741449079568697,0.3583278042221156
F001461,0.0,0.3552763819095477,0.4166666666666667,0.7637626158259734,0.0,1.0,1.0,1.0,0.0,real,3,0.3701005025125628,0.3552763819095477,0.9140703517587939,0.22851758793969848,0.35419919951516377,0.35866395419307595
F001462,0.0,0.3552763819095477,0.2083333333333333,0.5204164998665333,0.25,1.0,1.0,1.0,0.25,real,3,0.8304020100502513,0.3552763819095477,0.6005025125628141,0.15012562814070352,0.6645302517613192,0.4266049152799171
F001463,0.0,0.3552763819095477,0.3333333333333332,0.6666666666666666,0.25,1.0,1.0,1.0,0.25,real,3,0.8304020100502513,0.3552763819095477,0.7771356783919598,0.19428391959798996,0.7378685197343502,0.44758565124618066
F001464,0.7926638440239513,0.9982412060301508,0.9444444444444444,0.1924500897298752,0.0,1.0,1.0,1.0,0.0,real,3,0.3701005025125628,0.9982412060301508,0.07613065326633166,0.019032663316582914,0.19913824777152095,0.986286015504659
F001465,0.0,0.3552763819095477,0.6111111111111112,0.693888666488711,0.0,1.0,1.0,1.0,0.0,real,3,0.3701005025125628,0.3552763819095477,0.8597989949748743,0.21494974874371858,0.3441562713062801,0.35846282290851234
F001466,0.0,0.3552763819095477,0.25,0.5,0.0,1.0,1.0,1.0,0.0,real,3,0.3701005025125628,0.3552763819095477,0.4663316582914573,0.11658291457286432,0.2713450417918739,0.35700462109542686
F001467,0.0,0.3552763819095477,0.3888888888888889,0.3849001794597506,0.0,1.0,1.0,1.0,0.0,real,3,0.3701005025125628,0.3552763819095477,0.35904522613065326,0.08976130653266332,0.2514916605641272,0.35660701434307207
F001468,0.0,0.3552763819095477,0.3472222222222222,0.3367876570272817,0.0,1.0,1.0,1.0,0.0,real,3,0.3701005025125628,0.3552763819095477,0.2379396984924623,0.059484924623115575,0.22908105224615538,0.35615819360622203
F001469,0.0446581987385203,0.7555276381909548,0.6666666666666666,0.5773502691896258,0.0,1.0,1.0,1.0,0.0,real,3,0.3701005025125628,0.7555276381909548,0.6907035175879397,0.17267587939698492,0.31286511072952705,0.6889736685942274
F001470,0.0,0.3552763819095477,0.4166666666666666,0.4409585518440984,0.0,1.0,1.0,1.0,0.0,real,3,0.3701005025125628,0.3552763819095477,0.4248743718592965,0.10621859296482412,0.26367336052119894,0.3568509791419408
F001471,0.0,0.3552763819095477,0.4444444444444445,0.8388704928078611,0.25,1.0,1.0,1.0,0.25,real,3,0.8304020100502513,0.3552763819095477,0.9527638190954774,0.23819095477386934,0.8107895002651447,0.46844700891391633
F001472,0.0,0.3552763819095477,0.25,0.5,0.0,1.0,1.0,1.0,0.0,real,3,0.3701005025125628,0.3552763819095477,0.4663316582914573,0.11658291457286432,0.2713450417918739,0.35700462109542686
F001473,0.0,0.3552763819095477,0.25,0.5,0.0,1.0,1.0,1.0,0.0,real,3,0.3701005025125628,0.3552763819095477,0.4663316582914573,0.11658291457286432,0.2713450417918739,0.35700462109542686
F001474,0.0,0.3552763819095477,0.2222222222222222,0.769800358919501,0.0,1.0,1.0,1.0,0.0,real,3,0.3701005025125628,0.3552763819095477,0.928894472361809,0.23222361809045225,0.3569424067574051,0.35871889283098907
F001475,0.1504840084734488,0.8311557788944723,0.6388888888888888,0.2545875386086578,0.25,1.0,1.0,1.0,0.25,real,3,0.8304020100502513,0.8311557788944723,0.15100502512562813,0.037751256281407033,0.4778984432211308,0.8311273231736571
F001476,0.0148860662461734,0.7268844221105528,0.5555555555555556,0.1924500897298752,0.5,1.0,1.0,1.0,0.5,real,3,0.9587939698492463,0.7268844221105528,0.07613065326633166,0.019032663316582914,0.5158937905608445,0.7312982784525645
F001477,0.0,0.3552763819095477,0.3333333333333333,0.3333333333333333,0.0,1.0,1.0,1.0,0.0,real,3,0.3701005025125628,0.3552763819095477,0.2020100502512563,0.05050251256281407,0.22243226181157041,0.35602503724653417
F001478,0.3519409161410501,0.9477386934673366,0.736111111111111,0.2405626121623441,0.25,1.0,1.0,1.0,0.25,real,3,0.8304020100502513,0.9477386934673366,0.13442211055276382,0.033605527638190955,0.4710132004242317,0.9437955323097901
F001479,0.0,0.3552763819095477,0.4027777777777777,0.5023094811118091,0.25,1.0,1.0,1.0,0.25,real,3,0.8304020100502513,0.3552763819095477,0.48391959798994977,0.12097989949748744,0.6161249084619076,0.4127570326506906
F001480,0.0,0.3552763819095477,0.2638888888888888,0.7087417123429485,0.0,1.0,1.0,1.0,0.0,real,3,0.3701005025125628,0.3552763819095477,0.8801507537688442,0.22003768844221105,0.3479223693846115,0.3585382471402237
F001481,0.0,0.3552763819095477,0.4583333333333333,0.3632415786283894,0.5,1.0,0.5,0.5,0.5,real,3,0.9587939698492463,0.3552763819095477,0.2984924623115578,0.037311557788944724,0.31124668568975533,0.3777945632686043
F001482,0.0975001112000889,0.7939698492462312,0.7222222222222222,0.6938886664887111,0.0,1.0,1.0,1.0,0.0,real,3,0.3701005025125628,0.7939698492462312,0.8723618090452261,0.21809045226130652,0.34648102320648466,0.7015279917173809
F001483,0.0,0.3552763819095477,0.4027777777777778,0.1734721666221777,0.0,1.0,1.0,1.0,0.0,real,3,0.3701005025125628,0.3552763819095477,0.0592964824120603,0.014824120603015075,0.19602308022524684,0.35549613646120043
F001484,0.0446581987385203,0.7555276381909548,0.6666666666666666,0.5773502691896258,0.5,1.0,0.5,0.5,0.5,real,3,0.9587939698492463,0.7555276381909548,0.6907035175879397,0.08633793969849246,0.4052590843665564,0.7730772344764022
F001485,0.0,0.3552763819095477,0.6666666666666666,0.6666666666666667,0.25,1.0,1.0,1.0,0.25,real,3,0.8304020100502513,0.3552763819095477,0.7914572864321608,0.1978643216080402,0.7438148657862176,0.44928679200020194
F001486,0.0180098182154157,0.7331658291457287,0.625,0.4639803635691685,0.0,1.0,1.0,1.0,0.0,real,3,0.3701005025125628,0.7331658291457287,0.4407035175879397,0.11017587939698492,0.2666025479154567,0.6931647875053661
F001487,0.306427028705642,0.9263819095477388,0.7083333333333334,0.2204792759220492,0.0,1.0,1.0,1.0,0.0,real,3,0.3701005025125628,0.9263819095477388,0.11256281407035176,0.02814070351758794,0.2058800282821141,0.9107277594000154
F001488,0.0,0.3552763819095477,0.3472222222222222,0.6684005230842202,0.0,1.0,1.0,1.0,0.0,real,3,0.3701005025125628,0.3552763819095477,0.8040201005025126,0.20100502512562815,0.33383437286937195,0.3582561046438221
F001489,0.0,0.3552763819095477,0.1388888888888888,0.2545875386086578,0.5,1.0,1.0,1.0,0.5,real,3,0.9587939698492463,0.3552763819095477,0.15100502512562813,0.037751256281407033,0.5517883386783162,0.3780599290421959
F001490,0.2519943547145692,0.9057788944723618,0.7222222222222222,0.3849001794597505,0.25,1.0,1.0,1.0,0.25,real,3,0.8304020100502513,0.9057788944723618,0.3391959798994975,0.08479899497487438,0.5560355167798793,0.8993870104290295
F001491,0.0,0.3552763819095477,0.4305555555555555,0.7469072033193751,0.25,1.0,1.0,1.0,0.25,real,3,0.8304020100502513,0.3552763819095477,0.9045226130653267,0.22613065326633167,0.7907597030378021,0.4627168505845811
F001492,0.0,0.3552763819095477,0.1944444444444444,0.3469443332443554,0.0,1.0,1.0,1.0,0.0,real,3,0.3701005025125628,0.3552763819095477,0.2562814070351759,0.06407035175879397,0.23247519002045403,0.3562261685310977
F001493,0.0,0.3552763819095477,0.6527777777777778,0.6684005230842202,0.0,1.0,1.0,1.0,0.0,real,3,0.3701005025125628,0.3552763819095477,0.8040201005025126,0.20100502512562815,0.33383437286937195,0.3582561046438221
F001494,0.0,0.3552763819095477,0.1944444444444444,0.3469443332443554,0.0,1.0,1.0,1.0,0.0,real,3,0.3701005025125628,0.3552763819095477,0.2562814070351759,0.06407035175879397,0.23247519002045403,0.3562261685310977
F001495,0.34077636645642,0.9424623115577888,0.6944444444444444,0.0962250448649376,0.0,1.0,1.0,1.0,0.0,real,3,0.3701005025125628,0.9424623115577888,0.018090452261306532,0.004522613065326633,0.18839789399257595,0.9398737405621069
F001496,0.0,0.3552763819095477,0.375,0.5464532103585,0.0,1.0,1.0,1.0,0.0,real,3,0.3701005025125628,0.3552763819095477,0.642462311557789,0.16061557788944725,0.3039380634327416,0.3576573666069038
F001497,0.0,0.3552763819095477,0.1527777777777777,0.3367876570272816,0.0,1.0,1.0,1.0,0.0,real,3,0.3701005025125628,0.3552763819095477,0.2236180904522613,0.055904522613065326,0.22643083507992223,0.35610511729501776
F001498,0.0,0.3552763819095477,0.2777777777777778,0.5091750772173156,0.5,1.0,1.0,1.0,0.5,real,3,0.9587939698492463,0.3552763819095477,0.5258793969849246,0.13146984924623115,0.731501982273175,0.4346207482134289
F001499,0.0,0.3552763819095477,0.2222222222222222,0.769800358919501,0.25,1.0,1.0,1.0,0.25,real,3,0.8304020100502513,0.3552763819095477,0.928894472361809,0.23222361809045225,0.8008789235120325,0.4656117743238807
F001500,0.0669872981077807,0.7886934673366834,0.75,0.8660254037844386,0.25,1.0,1.0,1.0,0.25,real,3,0.8304020100502513,0.7886934673366834,0.9630653266331658,0.24076633165829145,0.815066696548067,0.7987354801646424
F001501,0.0,0.3552763819095477,0.2222222222222222,0.769800358919501,0.0,1.0,1.0,1.0,0.0,real,3,0.3701005025125628,0.3552763819095477,0.928894472361809,0.23222361809045225,0.3569424067574051,0.35871889283098907
F001502,0.0,0.3552763819095477,0.2222222222222222,0.769800358919501,0.0,1.0,1.0,1.0,0.0,real,3,0.3701005025125628,0.3552763819095477,0.928894472361809,0.23222361809045225,0.3569424067574051,0.35871889283098907
F001503,0.0,0.3552763819095477,0.2222222222222222,0.5091750772173156,0.0,1.0,1.0,1.0,0.0,real,3,0.3701005025125628,0.3552763819095477,0.5258793969849246,0.13146984924623115,0.2823643657988435,0.3572253068104341
F001504,0.0,0.3552763819095477,0.5694444444444444,0.5548606765399494,0.0,1.0,1.0,1.0,0.0,real,3,0.3701005025125628,0.3552763819095477,0.6582914572864321,0.16457286432160803,0.3068672508269993,0.35771602989823487
F001505,0.0,0.3552763819095477,0.375,0.5464532103585,0.0,1.0,1.0,1.0,0.0,real,3,0.3701005025125628,0.3552763819095477,0.642462311557789,0.16061557788944725,0.3039380634327416,0.3576573666069038
F001506,0.0,0.3552763819095477,0.2638888888888888,0.7087417123429485,0.25,1.0,1.0,1.0,0.25,real,3,0.8304020100502513,0.3552763819095477,0.8801507537688442,0.22003768844221105,0.7806404825635717,0.45982192684528167
F001507,0.0,0.3552763819095477,0.2361111111111111,0.4110735718596873,0.0,1.0,1.0,1.0,0.0,real,3,0.3701005025125628,0.3552763819095477,0.3821608040201005,0.09554020100502512,0.2557692040605035,0.3566926813716825
F001508,0.0964922377325326,0.7904522613065327,0.6805555555555556,0.529237746757157,0.25,1.0,1.0,1.0,0.25,real,3,0.8304020100502513,0.7904522613065327,0.6135678391959799,0.15339195979899498,0.6699549885103913,0.7965802315598091
F001509,0.0,0.3552763819095477,0.2777777777777778,0.5091750772173156,0.0,1.0,1.0,1.0,0.0,real,3,0.3701005025125628,0.3552763819095477,0.5258793969849246,0.13146984924623115,0.2823643657988435,0.3572253068104341
F001510,0.0,0.3552763819095477,0.2638888888888888,0.7087417123429485,0.25,1.0,1.0,1.0,0.25,real,3,0.8304020100502513,0.3552763819095477,0.8801507537688442,0.22003768844221105,0.7806404825635717,0.45982192684528167
F001511,0.0,0.3552763819095477,0.4166666666666666,0.6009252125773316,0.0,1.0,1.0,1.0,0.0,real,3,0.3701005025125628,0.3552763819095477,0.7228643216080402,0.18071608040201004,0.31881647559405063,0.35795533888033126
F001512,0.0,0.3552763819095477,0.3333333333333333,0.2886751345948129,0.0,1.0,1.0,1.0,0.0,real,3,0.3701005025125628,0.3552763819095477,0.17185929648241205,0.04296482412060301,0.2168528572510795,0.35591329764399887
F001513,0.0,0.3552763819095477,0.2083333333333333,0.7216878364870323,0.25,1.0,1.0,1.0,0.25,real,3,0.8304020100502513,0.3552763819095477,0.8907035175879398,0.22267587939698494,0.785022000707053,0.4610753989798237
F001514,0.0098985899724178,0.7160804020100503,0.6388888888888888,0.5357583756107198,0.0,1.0,1.0,1.0,0.0,real,3,0.3701005025125628,0.7160804020100503,0.6336683417085427,0.15841708542713567,0.3023107371025984,0.6612712747152851
F001515,0.0,0.3552763819095477,0.4722222222222222,0.4194352464039305,0.0,1.0,1.0,1.0,0.0,real,3,0.3701005025125628,0.3552763819095477,0.4012562814070352,0.1003140703517588,0.2593028269488144,0.35676344978662156
F001516,0.0,0.3552763819095477,0.3888888888888889,0.693888666488711,0.25,1.0,1.0,1.0,0.25,real,3,0.8304020100502513,0.3552763819095477,0.8597989949748743,0.21494974874371858,0.7721904118582864,0.4574045163000934
F001517,0.0,0.3552763819095477,0.6666666666666666,0.881917103688197,0.0,1.0,1.0,1.0,0.0,real,3,0.3701005025125628,0.3552763819095477,0.9695979899497488,0.2423994974874372,0.3644746029140678,0.35886974129441174
F001518,0.0,0.3552763819095477,0.2222222222222222,0.769800358919501,0.0,1.0,1.0,1.0,0.0,real,3,0.3701005025125628,0.3552763819095477,0.928894472361809,0.23222361809045225,0.3569424067574051,0.35871889283098907
F001519,0.0,0.3552763819095477,0.2083333333333333,0.2204792759220492,0.25,1.0,1.0,1.0,0.25,real,3,0.8304020100502513,0.3552763819095477,0.11256281407035176,0.02814070351758794,0.46193719855559207,0.368646751344663
F001520,0.0,0.3552763819095477,0.1944444444444444,0.3469443332443554,0.0,1.0,1.0,1.0,0.0,real,3,0.3701005025125628,0.3552763819095477,0.2562814070351759,0.06407035175879397,0.23247519002045403,0.3562261685310977
F001521,0.0,0.3552763819095477,0.2638888888888888,0.240562612162344,0.25,1.0,1.0,1.0,0.25,real,3,0.8304020100502513,0.3552763819095477,0.12864321608040202,0.032160804020100506,0.468613797631373,0.37055680412110803
F001522,0.0,0.3552763819095477,0.2777777777777778,0.5091750772173156,0.25,1.0,1.0,1.0,0.25,real,3,0.8304020100502513,0.3552763819095477,0.5258793969849246,0.13146984924623115,0.6335466591752734,0.4177410766142269
F001523,0.0297721324923469,0.7414572864321608,0.6111111111111112,0.3849001794597506,0.0,1.0,1.0,1.0,0.0,real,3,0.3701005025125628,0.7414572864321608,0.35904522613065326,0.08976130653266332,0.2514916605641272,0.7081238163177698
F001524,0.0,0.3552763819095477,0.1944444444444444,0.3469443332443554,0.0,1.0,1.0,1.0,0.0,real,3,0.3701005025125628,0.3552763819095477,0.2562814070351759,0.06407035175879397,0.23247519002045403,0.3562261685310977
F001525,0.0,0.3552763819095477,0.2777777777777778,0.5091750772173156,0.0,1.0,1.0,1.0,0.0,real,3,0.3701005025125628,0.3552763819095477,0.5258793969849246,0.13146984924623115,0.2823643657988435,0.3572253068104341
F001526,0.0,0.3552763819095477,0.1388888888888888,0.2545875386086578,0.0,1.0,1.0,1.0,0.0,real,3,0.3701005025125628,0.3552763819095477,0.15100502512562813,0.037751256281407033,0.21299376909673998,0.3558360110855786
F001527,0.0,0.3552763819095477,0.4305555555555555,0.4738533919231106,0.0,1.0,1.0,1.0,0.0,real,3,0.3701005025125628,0.3552763819095477,0.44748743718592965,0.11187185929648241,0.26785791394156716,0.35693478384384225
F001528,0.3631054658256801,0.9542713567839196,0.7777777777777777,0.3849001794597506,0.0,1.0,1.0,1.0,0.0,real,3,0.3701005025125628,0.9542713567839196,0.35904522613065326,0.08976130653266332,0.2514916605641272,0.9018354176662206
F001529,0.0,0.3552763819095477,0.1388888888888888,0.2545875386086578,0.0,1.0,1.0,1.0,0.0,real,3,0.3701005025125628,0.3552763819095477,0.15100502512562813,0.037751256281407033,0.21299376909673998,0.3558360110855786
F001530,0.0,0.3552763819095477,0.3333333333333333,0.3333333333333333,0.0,1.0,1.0,1.0,0.0,real,3,0.3701005025125628,0.3552763819095477,0.2020100502512563,0.05050251256281407,0.22243226181157041,0.35602503724653417
F001531,0.0,0.3552763819095477,0.4583333333333333,0.7406828681096325,0.25,1.0,1.0,1.0,0.25,real,3,0.8304020100502513,0.3552763819095477,0.9040201005025126,0.22600502512562815,0.7905510593166839,0.46265716143531727
F001532,0.0,0.3552763819095477,0.375,0.5464532103585,0.0,1.0,1.0,1.0,0.0,real,3,0.3701005025125628,0.3552763819095477,0.642462311557789,0.16061557788944725,0.3039380634327416,0.3576573666069038
F001533,0.0,0.3552763819095477,0.3333333333333333,0.6666666666666666,0.0,1.0,1.0,1.0,0.0,real,3,0.3701005025125628,0.3552763819095477,0.7771356783919598,0.19428391959798996,0.32885940380293427,0.3581564701648948
F001534,0.0,0.3552763819095477,0.4861111111111111,0.2926570486903539,0.5,1.0,1.0,1.0,0.5,real,3,0.9587939698492463,0.3552763819095477,0.18266331658291457,0.04566582914572864,0.5669652281508043,0.38283651296684423
F001535,0.0,0.3552763819095477,0.3194444444444444,0.3757708127352411,0.0,1.0,1.0,1.0,0.0,real,3,0.3701005025125628,0.3552763819095477,0.3123115577889447,0.07807788944723618,0.24284358349536625,0.3564338179591424
F001536,0.3222409918479341,0.9311557788944724,0.7638888888888888,0.4110735718596873,0.0,1.0,1.0,1.0,0.0,real,3,0.3701005025125628,0.9311557788944724,0.3821608040201005,0.09554020100502512,0.2557692040605035,0.8775524450140147
F001537,0.1706553760958049,0.857286432160804,0.7777777777777777,0.769800358919501,0.0,1.0,1.0,1.0,0.0,real,3,0.3701005025125628,0.857286432160804,0.928894472361809,0.23222361809045225,0.3569424067574051,0.744150352895129
F001538,0.0,0.3552763819095477,0.5,0.3333333333333333,0.0,1.0,1.0,1.0,0.0,real,3,0.3701005025125628,0.3552763819095477,0.2020100502512563,0.05050251256281407,0.22243226181157041,0.35602503724653417
F001539,0.0,0.3552763819095477,0.4305555555555555,0.5548606765399494,0.0,1.0,1.0,1.0,0.0,real,3,0.3701005025125628,0.3552763819095477,0.6582914572864321,0.16457286432160803,0.3068672508269993,0.35771602989823487
F001540,0.0,0.3552763819095477,0.361111111111111,0.5357583756107197,0.0,1.0,1.0,1.0,0.0,real,3,0.3701005025125628,0.3552763819095477,0.621859296482412,0.155464824120603,0.3001254703164062,0.35758101121183805
F001541,0.0,0.3552763819095477,0.5833333333333334,0.726483157256779,0.0,1.0,1.0,1.0,0.0,real,3,0.3701005025125628,0.3552763819095477,0.8964824120603015,0.2241206030150754,0.3509445468548774,0.35859877275826363
F001542,0.0,0.3552763819095477,0.4027777777777778,0.1734721666221777,0.0,1.0,1.0,1.0,0.0,real,3,0.3701005025125628,0.3552763819095477,0.0592964824120603,0.014824120603015075,0.19602308022524684,0.35549613646120043
F001543,0.0596870220248513,0.7846733668341709,0.6805555555555556,0.6028481781725197,0.5,1.0,1.0,1.0,0.5,real,3,0.9587939698492463,0.7846733668341709,0.7364321608040201,0.18410804020100502,0.8324403424155956,0.8167303698138936
F001544,0.0,0.3552763819095477,0.2638888888888888,0.4110735718596873,0.0,1.0,1.0,1.0,0.0,real,3,0.3701005025125628,0.3552763819095477,0.3821608040201005,0.09554020100502512,0.2557692040605035,0.3566926813716825
F001545,0.0,0.3552763819095477,0.2916666666666666,0.5204164998665332,0.0,1.0,1.0,1.0,0.0,real,3,0.3701005025125628,0.3552763819095477,0.5768844221105528,0.1442211055276382,0.29180285851367394,0.3574143329713896
F001546,0.0,0.3552763819095477,0.3333333333333333,0.5773502691896258,0.0,1.0,1.0,1.0,0.0,real,3,0.3701005025125628,0.3552763819095477,0.6907035175879397,0.17267587939698492,0.31286511072952705,0.35783614997096025
F001547,0.0,0.3552763819095477,0.2083333333333333,0.5204164998665333,0.0,1.0,1.0,1.0,0.0,real,3,0.3701005025125628,0.3552763819095477,0.6005025125628141,0.15012562814070352,0.2961733920860584,0.3575018623267089
F001548,0.0,0.3552763819095477,0.3472222222222222,0.9292071490932072,0.0,1.0,1.0,1.0,0.0,real,3,0.3701005025125628,0.3552763819095477,0.9816582914572864,0.2454145728643216,0.3667063647382642,0.3589144371354258
F001549,0.0,0.3552763819095477,0.3194444444444444,0.529237746757157,0.0,1.0,1.0,1.0,0.0,real,3,0.3701005025125628,0.3552763819095477,0.6135678391959799,0.15339195979899498,0.29859113406227117,0.3575502828211408
F001550,0.0,0.3552763819095477,0.5694444444444444,0.5548606765399494,0.0,1.0,1.0,1.0,0.0,real,3,0.3701005025125628,0.3552763819095477,0.6582914572864321,0.16457286432160803,0.3068672508269993,0.35771602989823487
F001551,0.0975001112000889,0.7939698492462312,0.7222222222222222,0.6938886664887111,0.0,1.0,1.0,1.0,0.0,real,3,0.3701005025125628,0.7939698492462312,0.8723618090452261,0.21809045226130652,0.34648102320648466,0.7015279917173809
F001552,0.0180098182154157,0.7331658291457287,0.625,0.4639803635691685,0.25,1.0,1.0,1.0,0.25,real,3,0.8304020100502513,0.7331658291457287,0.4407035175879397,0.11017587939698492,0.5981815484457463,0.7438789108860888
F001553,0.0,0.3552763819095477,0.4027777777777777,0.8179128813519699,0.0,1.0,1.0,1.0,0.0,real,3,0.3701005025125628,0.3552763819095477,0.9482412060301507,0.23706030150753768,0.3605225246837201,0.35879059240928257
F001554,0.1732257047434905,0.8650753768844222,0.6805555555555556,0.3757708127352411,0.0,1.0,1.0,1.0,0.0,real,3,0.3701005025125628,0.8650753768844222,0.3123115577889447,0.07807788944723618,0.24284358349536625,0.8264287833640566
F001555,0.0,0.3552763819095477,0.3888888888888889,0.1924500897298752,0.0,1.0,1.0,1.0,0.0,real,3,0.3701005025125628,0.3552763819095477,0.07613065326633166,0.019032663316582914,0.19913824777152095,0.35555852440594926
F001556,0.0,0.3552763819095477,0.3055555555555556,0.6735753140545634,0.0,1.0,1.0,1.0,0.0,real,3,0.3701005025125628,0.3552763819095477,0.8233668341708543,0.20584170854271358,0.33741449079568697,0.3583278042221156
F001557,0.25,0.8997487437185929,0.75,0.5,0.0,1.0,1.0,1.0,0.0,real,3,0.3701005025125628,0.8997487437185929,0.4663316582914573,0.11658291457286432,0.2713450417918739,0.8380008080604026
F001558,0.0521012318616071,0.7761306532663317,0.6944444444444444,0.6735753140545634,0.0,1.0,1.0,1.0,0.0,real,3,0.3701005025125628,0.7761306532663317,0.8233668341708543,0.20584170854271358,0.33741449079568697,0.6925527133153203
F001559,0.0,0.3552763819095477,0.5,0.3333333333333333,0.25,1.0,1.0,1.0,0.25,real,3,0.8304020100502513,0.3552763819095477,0.2020100502512563,0.05050251256281407,0.4990757809146234,0.37927141991363855
F001560,0.0,0.3552763819095477,0.375,0.4639803635691685,0.25,1.0,1.0,1.0,0.25,real,3,0.8304020100502513,0.3552763819095477,0.4407035175879397,0.11017587939698492,0.5981815484457463,0.4076237658139945
F001561,0.0,0.3552763819095477,0.3333333333333332,0.6666666666666666,0.0,1.0,1.0,1.0,0.0,real,3,0.3701005025125628,0.3552763819095477,0.7771356783919598,0.19428391959798996,0.32885940380293427,0.3581564701648948
F001562,0.0,0.3552763819095477,0.3333333333333333,0.3333333333333333,0.25,1.0,1.0,1.0,0.25,real,3,0.8304020100502513,0.3552763819095477,0.2020100502512563,0.05050251256281407,0.4990757809146234,0.37927141991363855
F001563,0.0,0.3552763819095477,0.25,0.5,0.0,1.0,1.0,1.0,0.0,real,3,0.3701005025125628,0.3552763819095477,0.4663316582914573,0.11658291457286432,0.2713450417918739,0.35700462109542686
F001564,0.0,0.3552763819095477,0.4444444444444444,1.0183501544346312,0.25,1.0,1.0,1.0,0.25,real,3,0.8304020100502513,0.3552763819095477,0.9937185929648241,0.24842964824120603,0.8277939635362744,0.47331167457892476
F001565,0.2814992943393211,0.9125628140703518,0.6527777777777778,0.0481125224324687,0.0,1.0,1.0,1.0,0.0,real,3,0.3701005025125628,0.9125628140703518,0.004020100502512563,0.0010050251256281408,0.18579417186434688,0.9120176258175299
F001566,0.4166666666666666,0.9655778894472362,0.75,0.1666666666666667,0.0,1.0,1.0,1.0,0.0,real,3,0.3701005025125628,0.9655778894472362,0.04246231155778894,0.010615577889447236,0.19290791267897275,0.9592565528648267
F001567,0.0,0.3552763819095477,0.2083333333333333,0.5204164998665333,0.0,1.0,1.0,1.0,0.0,real,3,0.3701005025125628,0.3552763819095477,0.6005025125628141,0.15012562814070352,0.2961733920860584,0.3575018623267089
F001568,0.0,0.3552763819095477,0.2222222222222222,0.5091750772173156,0.0,1.0,1.0,1.0,0.0,real,3,0.3701005025125628,0.3552763819095477,0.5258793969849246,0.13146984924623115,0.2823643657988435,0.3572253068104341
F001569,0.0,0.3552763819095477,0.4583333333333333,0.3632415786283894,0.0,1.0,1.0,1.0,0.0,real,3,0.3701005025125628,0.3552763819095477,0.2984924623115578,0.07462311557788945,0.24028635640514132,0.35638260397464705
F001570,0.0,0.3552763819095477,0.25,0.5,0.5,1.0,1.0,1.0,0.5,real,3,0.9587939698492463,0.3552763819095477,0.4663316582914573,0.11658291457286432,0.7029549758844473,0.42563622130754275
F001571,0.0,0.3552763819095477,0.4305555555555555,0.3367876570272817,0.0,1.0,1.0,1.0,0.0,real,3,0.3701005025125628,0.3552763819095477,0.2379396984924623,0.059484924623115575,0.22908105224615538,0.35615819360622203
F001572,0.0,0.3552763819095477,0.3472222222222222,0.0481125224324688,0.0,1.0,1.0,1.0,0.0,real,3,0.3701005025125628,0.3552763819095477,0.008542713567839196,0.002135678391959799,0.18663108254842048,0.35530804146359934
F001573,0.3631054658256801,0.9542713567839196,0.7777777777777777,0.3849001794597506,0.0,1.0,1.0,1.0,0.0,real,3,0.3701005025125628,0.9542713567839196,0.35904522613065326,0.08976130653266332,0.2514916605641272,0.9018354176662206
F001574,0.0,0.3552763819095477,0.6111111111111112,0.693888666488711,0.0,1.0,1.0,1.0,0.0,real,3,0.3701005025125628,0.3552763819095477,0.8597989949748743,0.21494974874371858,0.3441562713062801,0.35846282290851234
F001575,0.0,0.3552763819095477,0.3194444444444444,0.3757708127352411,0.5,1.0,1.0,1.0,0.5,real,3,0.9587939698492463,0.3552763819095477,0.3123115577889447,0.07807788944723618,0.6291182040857554,0.40239776142016614
F001576,0.1732257047434905,0.8628140703517588,0.6805555555555556,0.3757708127352412,0.25,1.0,1.0,1.0,0.25,real,3,0.8304020100502513,0.8628140703517588,0.32437185929648243,0.08109296482412061,0.5498805270068937,0.8601856802858514
F001577,0.0,0.3552763819095477,0.5833333333333334,0.726483157256779,0.0,1.0,1.0,1.0,0.0,real,3,0.3701005025125628,0.3552763819095477,0.8964824120603015,0.2241206030150754,0.3509445468548774,0.35859877275826363
F001578,0.0,0.3552763819095477,0.4305555555555555,0.3367876570272817,0.0,1.0,1.0,1.0,0.0,real,3,0.3701005025125628,0.3552763819095477,0.2379396984924623,0.059484924623115575,0.22908105224615538,0.35615819360622203
F001579,0.0,0.3552763819095477,0.1388888888888888,0.2545875386086578,0.0,1.0,1.0,1.0,0.0,real,3,0.3701005025125628,0.3552763819095477,0.15100502512562813,0.037751256281407033,0.21299376909673998,0.3558360110855786
F001580,0.0,0.3552763819095477,0.3333333333333332,0.6666666666666666,0.0,1.0,1.0,1.0,0.0,real,3,0.3701005025125628,0.3552763819095477,0.7771356783919598,0.19428391959798996,0.32885940380293427,0.3581564701648948
F001581,0.0,0.3552763819095477,0.2777777777777778,0.5091750772173156,0.0,1.0,1.0,1.0,0.0,real,3,0.3701005025125628,0.3552763819095477,0.5258793969849246,0.13146984924623115,0.2823643657988435,0.3572253068104341
F001582,0.0,0.3552763819095477,0.3055555555555556,0.3469443332443555,0.0,1.0,1.0,1.0,0.0,real,3,0.3701005025125628,0.3552763819095477,0.27889447236180903,0.06972361809045226,0.2366597434408222,0.3563099732329991
F001583,0.0,0.3552763819095477,0.1527777777777777,0.3367876570272816,0.0,1.0,1.0,1.0,0.0,real,3,0.3701005025125628,0.3552763819095477,0.2236180904522613,0.055904522613065326,0.22643083507992223,0.35610511729501776
F001584,0.0,0.3552763819095477,0.2222222222222222,0.769800358919501,0.0,1.0,1.0,1.0,0.0,real,3,0.3701005025125628,0.3552763819095477,0.928894472361809,0.23222361809045225,0.3569424067574051,0.35871889283098907
F001585,0.0,0.3552763819095477,0.5833333333333334,0.726483157256779,0.0,1.0,1.0,1.0,0.0,real,3,0.3701005025125628,0.3552763819095477,0.8964824120603015,0.2241206030150754,0.3509445468548774,0.35859877275826363
F001586,0.0,0.3552763819095477,0.625,0.5464532103585001,0.0,1.0,1.0,1.0,0.0,real,3,0.3701005025125628,0.3552763819095477,0.6507537688442211,0.16268844221105527,0.3054723996868766,0.357688094997601
F001587,0.0,0.3552763819095477,0.2777777777777778,0.6938886664887108,0.0,1.0,1.0,1.0,0.0,real,3,0.3701005025125628,0.3552763819095477,0.8449748743718593,0.2112437185929648,0.34141306406403876,0.3584078842705992
F001588,0.2814992943393211,0.9125628140703518,0.6527777777777778,0.0481125224324687,0.0,1.0,1.0,1.0,0.0,real,3,0.3701005025125628,0.9125628140703518,0.004020100502512563,0.0010050251256281408,0.18579417186434688,0.9120176258175299
F001589,0.0,0.3552763819095477,0.6666666666666666,0.6666666666666667,0.0,1.0,1.0,1.0,0.0,real,3,0.3701005025125628,0.3552763819095477,0.7914572864321608,0.1978643216080402,0.3315096209691675,0.35820954647609904
F001590,0.0,0.3552763819095477,0.625,0.5464532103585001,0.25,1.0,1.0,1.0,0.25,real,3,0.8304020100502513,0.3552763819095477,0.6507537688442211,0.16268844221105527,0.6853946238731345,0.4325738302063079
F001591,0.0098985899724178,0.7160804020100503,0.6388888888888888,0.5357583756107198,0.25,1.0,1.0,1.0,0.25,real,3,0.8304020100502513,0.7160804020100503,0.6336683417085427,0.15841708542713567,0.6783007373551173,0.7341908979571224
F001592,0.0,0.3552763819095477,0.3888888888888889,0.8388704928078611,0.0,1.0,1.0,1.0,0.0,real,3,0.3701005025125628,0.3552763819095477,0.9527638190954774,0.23819095477386934,0.36135943536779375,0.35880735334966285
F001593,0.0,0.3552763819095477,0.5277777777777778,0.5853140973807078,0.5,1.0,1.0,1.0,0.5,real,3,0.9587939698492463,0.3552763819095477,0.7188442211055276,0.1797110552763819,0.8240087371531022,0.4637351645160475
F001594,0.0,0.3552763819095477,0.5555555555555556,0.5091750772173156,0.0,1.0,1.0,1.0,0.0,real,3,0.3701005025125628,0.3552763819095477,0.5258793969849246,0.13146984924623115,0.2823643657988435,0.3572253068104341
F001595,0.0,0.3552763819095477,0.3472222222222222,0.3367876570272817,0.0,1.0,1.0,1.0,0.0,real,3,0.3701005025125628,0.3552763819095477,0.2379396984924623,0.059484924623115575,0.22908105224615538,0.35615819360622203
F001596,0.0,0.3552763819095477,0.4444444444444444,0.769800358919501,0.25,1.0,1.0,1.0,0.25,real,3,0.8304020100502513,0.3552763819095477,0.928894472361809,0.23222361809045225,0.8008789235120325,0.4656117743238807
F001597,0.0,0.3552763819095477,0.4305555555555555,0.3367876570272817,0.0,1.0,1.0,1.0,0.0,real,3,0.3701005025125628,0.3552763819095477,0.2379396984924623,0.059484924623115575,0.22908105224615538,0.35615819360622203
F001598,0.0,0.3552763819095477,0.3333333333333333,0.5773502691896258,0.0,1.0,1.0,1.0,0.0,real,3,0.3701005025125628,0.3552763819095477,0.6907035175879397,0.17267587939698492,0.31286511072952705,0.35783614997096025
F001599,0.0,0.3552763819095477,0.2083333333333333,0.2204792759220492,0.5,1.0,1.0,1.0,0.5,real,3,0.9587939698492463,0.3552763819095477,0.11256281407035176,0.02814070351758794,0.5333592586045808,0.37225979141940857
F001600,0.0,0.3552763819095477,0.6527777777777778,0.6684005230842202,0.0,1.0,1.0,1.0,0.0,real,3,0.3701005025125628,0.3552763819095477,0.8040201005025126,0.20100502512562815,0.33383437286937195,0.3582561046438221
F001601,0.0,0.3552763819095477,0.3194444444444444,0.3757708127352411,0.0,1.0,1.0,1.0,0.0,real,3,0.3701005025125628,0.3552763819095477,0.3123115577889447,0.07807788944723618,0.24284358349536625,0.3564338179591424
F001602,0.0,0.3552763819095477,0.1666666666666666,0.5773502691896258,0.0,1.0,1.0,1.0,0.0,real,3,0.3701005025125628,0.3552763819095477,0.6907035175879397,0.17267587939698492,0.31286511072952705,0.35783614997096025
F001603,0.0,0.3552763819095477,0.3472222222222222,0.3367876570272817,0.0,1.0,1.0,1.0,0.0,real,3,0.3701005025125628,0.3552763819095477,0.2379396984924623,0.059484924623115575,0.22908105224615538,0.35615819360622203
F001604,0.0,0.3552763819095477,0.5138888888888888,0.5548606765399495,0.0,1.0,1.0,1.0,0.0,real,3,0.3701005025125628,0.3552763819095477,0.6620603015075377,0.16551507537688442,0.3075646763970607,0.35772999734855176
F001605,0.0,0.3552763819095477,0.1666666666666666,0.3333333333333333,0.0,1.0,1.0,1.0,0.0,real,3,0.3701005025125628,0.3552763819095477,0.2020100502512563,0.05050251256281407,0.22243226181157041,0.35602503724653417
F001606,0.1259971773572845,0.8105527638190955,0.611111111111111,0.1924500897298752,0.0,1.0,1.0,1.0,0.0,real,3,0.3701005025125628,0.8105527638190955,0.07613065326633166,0.019032663316582914,0.19913824777152095,0.8021697842226206
F001607,0.1564584167334001,0.8407035175879397,0.7083333333333334,0.5204164998665332,0.0,1.0,1.0,1.0,0.0,real,3,0.3701005025125628,0.8407035175879397,0.5768844221105528,0.1442211055276382,0.29180285851367394,0.7728326304891291
F001608,0.0,0.3552763819095477,0.2916666666666666,0.5204164998665332,0.0,1.0,1.0,1.0,0.0,real,3,0.3701005025125628,0.3552763819095477,0.5768844221105528,0.1442211055276382,0.29180285851367394,0.3574143329713896
F001609,0.0223290993692601,0.7371859296482413,0.5833333333333334,0.2886751345948129,0.0,1.0,1.0,1.0,0.0,real,3,0.3701005025125628,0.7371859296482413,0.17185929648241205,0.04296482412060301,0.2168528572510795,0.7214141688341204
F001610,0.0,0.3552763819095477,0.2777777777777778,0.5091750772173156,0.0,1.0,1.0,1.0,0.0,real,3,0.3701005025125628,0.3552763819095477,0.5258793969849246,0.13146984924623115,0.2823643657988435,0.3572253068104341
F001611,0.0,0.3552763819095477,0.3194444444444444,0.6028481781725196,0.25,1.0,1.0,1.0,0.25,real,3,0.8304020100502513,0.3552763819095477,0.7298994974874372,0.1824748743718593,0.7182560099492437,0.4419748712153733
F001612,0.0,0.3552763819095477,0.2916666666666666,0.2204792759220492,0.0,1.0,1.0,1.0,0.0,real,3,0.3701005025125628,0.3552763819095477,0.11256281407035176,0.02814070351758794,0.2058800282821141,0.35569354309234613
F001613,0.0,0.3552763819095477,0.7222222222222222,0.9622504486493764,0.0,1.0,1.0,1.0,0.0,real,3,0.3701005025125628,0.3552763819095477,0.9869346733668342,0.24673366834170854,0.3676827605363501,0.3589339915658695
F001614,0.0,0.3552763819095477,0.6527777777777778,0.6684005230842202,0.0,1.0,1.0,1.0,0.0,real,3,0.3701005025125628,0.3552763819095477,0.8040201005025126,0.20100502512562815,0.33383437286937195,0.3582561046438221
F001615,0.0,0.3552763819095477,0.25,0.5,0.0,1.0,1.0,1.0,0.0,real,3,0.3701005025125628,0.3552763819095477,0.4663316582914573,0.11658291457286432,0.2713450417918739,0.35700462109542686
F001616,0.0,0.3552763819095477,0.2083333333333333,0.5204164998665333,0.0,1.0,1.0,1.0,0.0,real,3,0.3701005025125628,0.3552763819095477,0.6005025125628141,0.15012562814070352,0.2961733920860584,0.3575018623267089
F001617,0.0,0.3552763819095477,0.7083333333333334,1.0103629710818451,0.0,1.0,1.0,1.0,0.0,real,3,0.3701005025125628,0.3552763819095477,0.9919597989949749,0.24798994974874372,0.36861266129643194,0.35895261483295876
F001618,0.0,0.3552763819095477,0.3333333333333333,0.3333333333333333,0.25,1.0,1.0,1.0,0.25,real,3,0.8304020100502513,0.3552763819095477,0.2020100502512563,0.05050251256281407,0.4990757809146234,0.37927141991363855
F001619,0.1485783278408043,0.8226130653266331,0.7361111111111112,0.6472877887628358,0.5,1.0,1.0,1.0,0.5,real,3,0.9587939698492463,0.8226130653266331,0.7580402010050251,0.18951005025125628,0.8427991717380874,0.848420715385975
F001620,0.1504840084734488,0.8311557788944723,0.6388888888888888,0.2545875386086578,0.0,1.0,1.0,1.0,0.0,real,3,0.3701005025125628,0.8311557788944723,0.15100502512562813,0.037751256281407033,0.21299376909673998,0.8137503629958839
F001621,0.0,0.3552763819095477,0.7222222222222222,0.9622504486493764,0.0,1.0,1.0,1.0,0.0,real,3,0.3701005025125628,0.3552763819095477,0.9869346733668342,0.24673366834170854,0.3676827605363501,0.3589339915658695
F001622,0.0,0.3552763819095477,0.1666666666666666,0.5773502691896258,0.25,1.0,1.0,1.0,0.25,real,3,0.8304020100502513,0.3552763819095477,0.6907035175879397,0.17267587939698492,0.7019817997020278,0.4373191175727885
F001623,0.0,0.3552763819095477,0.3055555555555556,0.6735753140545634,0.0,1.0,1.0,1.0,0.0,real,3,0.3701005025125628,0.3552763819095477,0.8233668341708543,0.20584170854271358,0.33741449079568697,0.3583278042221156
F001624,0.4376389444889332,0.9701005025125627,0.8055555555555556,0.3469443332443555,0.0,1.0,1.0,1.0,0.0,real,3,0.3701005025125628,0.9701005025125627,0.27889447236180903,0.06972361809045226,0.2366597434408222,0.9282663316582913
F001625,0.0,0.3552763819095477,0.3333333333333333,0.6666666666666666,0.0,1.0,1.0,1.0,0.0,real,3,0.3701005025125628,0.3552763819095477,0.7771356783919598,0.19428391959798996,0.32885940380293427,0.3581564701648948
F001626,0.3009680169468978,0.9190954773869346,0.7777777777777778,0.5091750772173156,0.25,1.0,1.0,1.0,0.25,real,3,0.8304020100502513,0.9190954773869346,0.5258793969849246,0.13146984924623115,0.6335466591752734,0.9074349606070553
F001627,0.1706553760958049,0.857286432160804,0.7777777777777777,0.769800358919501,0.0,1.0,1.0,1.0,0.0,real,3,0.3701005025125628,0.857286432160804,0.928894472361809,0.23222361809045225,0.3569424067574051,0.744150352895129
F001628,0.0,0.3552763819095477,0.1944444444444444,0.3469443332443554,0.0,1.0,1.0,1.0,0.0,real,3,0.3701005025125628,0.3552763819095477,0.2562814070351759,0.06407035175879397,0.23247519002045403,0.3562261685310977
F001629,0.0,0.3552763819095477,0.6111111111111112,0.693888666488711,0.0,1.0,1.0,1.0,0.0,real,3,0.3701005025125628,0.3552763819095477,0.8597989949748743,0.21494974874371858,0.3441562713062801,0.35846282290851234
F001630,0.1666666666666666,0.8492462311557789,0.6666666666666666,0.3333333333333333,0.0,1.0,1.0,1.0,0.0,real,3,0.3701005025125628,0.8492462311557789,0.2020100502512563,0.05050251256281407,0.22243226181157041,0.8250481679755562
F001631,0.0,0.3552763819095477,0.5,0.3333333333333333,0.25,1.0,1.0,1.0,0.25,real,3,0.8304020100502513,0.3552763819095477,0.2020100502512563,0.05050251256281407,0.4990757809146234,0.37927141991363855
F001632,0.0,0.3552763819095477,0.3333333333333332,0.6666666666666666,0.25,1.0,1.0,1.0,0.25,real,3,0.8304020100502513,0.3552763819095477,0.7771356783919598,0.19428391959798996,0.7378685197343502,0.44758565124618066
F001633,0.3009680169468978,0.9190954773869346,0.7777777777777778,0.5091750772173156,0.25,1.0,1.0,1.0,0.25,real,3,0.8304020100502513,0.9190954773869346,0.5258793969849246,0.13146984924623115,0.6335466591752734,0.9074349606070553
F001634,0.0,0.3552763819095477,0.3055555555555556,0.3469443332443555,0.0,1.0,1.0,1.0,0.0,real,3,0.3701005025125628,0.3552763819095477,0.27889447236180903,0.06972361809045226,0.2366597434408222,0.3563099732329991
F001635,0.1485783278408043,0.8226130653266331,0.7361111111111112,0.6472877887628358,0.0,1.0,1.0,1.0,0.0,real,3,0.3701005025125628,0.8226130653266331,0.7580402010050251,0.18951005025125628,0.3253257809146234,0.7368573868084138
F001636,0.0,0.3552763819095477,0.2083333333333333,0.5204164998665333,0.25,1.0,1.0,1.0,0.25,real,3,0.8304020100502513,0.3552763819095477,0.6005025125628141,0.15012562814070352,0.6645302517613192,0.4266049152799171
F001637,0.0,0.3552763819095477,0.6388888888888888,0.7515416254704823,0.0,1.0,1.0,1.0,0.0,real,3,0.3701005025125628,0.3552763819095477,0.9095477386934674,0.22738693467336685,0.35336228883109017,0.3586471932526956
F001638,0.0,0.3552763819095477,0.3194444444444444,0.6254627916220945,0.0,1.0,1.0,1.0,0.0,real,3,0.3701005025125628,0.3552763819095477,0.7404522613065326,0.18511306532663316,0.32207112825433704,0.35802052031514353
F001639,0.0,0.3552763819095477,0.6805555555555556,0.8988160937424132,0.0,1.0,1.0,1.0,0.0,real,3,0.3701005025125628,0.3552763819095477,0.9771356783919598,0.24428391959798995,0.3658694540541906,0.35889767619504553
F001640,0.1564584167334001,0.8407035175879397,0.7083333333333334,0.5204164998665332,0.5,1.0,0.5,0.5,0.5,real,3,0.9587939698492463,0.8407035175879397,0.5768844221105528,0.0721105527638191,0.3779768187672029,0.8492190853766319
F001641,0.0,0.3552763819095477,0.375,0.7949493345141214,0.0,1.0,1.0,1.0,0.0,real,3,0.3701005025125628,0.3552763819095477,0.9469849246231156,0.2367462311557789,0.36029004949369964,0.35878593659251024
F001642,0.0,0.3552763819095477,0.2222222222222222,0.5091750772173156,0.0,1.0,1.0,1.0,0.0,real,3,0.3701005025125628,0.3552763819095477,0.5258793969849246,0.13146984924623115,0.2823643657988435,0.3572253068104341
F001643,0.0,0.3552763819095477,0.3333333333333333,0.881917103688197,0.0,1.0,1.0,1.0,0.0,real,3,0.3701005025125628,0.3552763819095477,0.9695979899497488,0.2423994974874372,0.3644746029140678,0.35886974129441174
F001644,0.0,0.3552763819095477,0.2638888888888888,0.240562612162344,0.25,1.0,1.0,1.0,0.25,real,3,0.8304020100502513,0.3552763819095477,0.12864321608040202,0.032160804020100506,0.468613797631373,0.37055680412110803
F001645,0.1178513660507478,0.8060301507537688,0.736111111111111,0.7087417123429486,0.0,1.0,1.0,1.0,0.0,real,3,0.3701005025125628,0.8060301507537688,0.8869346733668342,0.22173366834170855,0.34917773541072195,0.7093698707103355
F001646,0.1077083611333555,0.800502512562814,0.5972222222222222,0.1734721666221776,0.0,1.0,1.0,1.0,0.0,real,3,0.3701005025125628,0.800502512562814,0.04874371859296482,0.012185929648241205,0.19407028862907505,0.79525766394788
F001647,0.0521012318616071,0.7761306532663317,0.6944444444444444,0.6735753140545634,0.0,1.0,1.0,1.0,0.0,real,3,0.3701005025125628,0.7761306532663317,0.8233668341708543,0.20584170854271358,0.33741449079568697,0.6925527133153203
F001648,0.0,0.3552763819095477,0.4444444444444444,0.1924500897298753,0.0,1.0,1.0,1.0,0.0,real,3,0.3701005025125628,0.3552763819095477,0.09321608040201006,0.023304020100502514,0.2022999103557991,0.3556218435140526
F001649,0.25,0.8997487437185929,0.75,0.5,0.0,1.0,1.0,1.0,0.0,real,3,0.3701005025125628,0.8997487437185929,0.4663316582914573,0.11658291457286432,0.2713450417918739,0.8380008080604026
F001650,0.0,0.3552763819095477,0.2638888888888888,0.7087417123429485,0.0,1.0,1.0,1.0,0.0,real,3,0.3701005025125628,0.3552763819095477,0.8801507537688442,0.22003768844221105,0.3479223693846115,0.3585382471402237
F001651,0.0,0.3552763819095477,0.3194444444444444,0.3757708127352411,0.0,1.0,1.0,1.0,0.0,real,3,0.3701005025125628,0.3552763819095477,0.3123115577889447,0.07807788944723618,0.24284358349536625,0.3564338179591424
F001652,0.0,0.3552763819095477,0.2916666666666666,0.5204164998665332,0.0,1.0,1.0,1.0,0.0,real,3,0.3701005025125628,0.3552763819095477,0.5768844221105528,0.1442211055276382,0.29180285851367394,0.3574143329713896
F001653,0.0,0.3552763819095477,0.3055555555555556,0.3469443332443555,0.0,1.0,1.0,1.0,0.0,real,3,0.3701005025125628,0.3552763819095477,0.27889447236180903,0.06972361809045226,0.2366597434408222,0.3563099732329991
F001654,0.0,0.3552763819095477,0.25,0.5,0.0,1.0,1.0,1.0,0.0,real,3,0.3701005025125628,0.3552763819095477,0.4663316582914573,0.11658291457286432,0.2713450417918739,0.35700462109542686
F001655,0.0,0.3552763819095477,0.4444444444444444,0.1924500897298753,0.0,1.0,1.0,1.0,0.0,real,3,0.3701005025125628,0.3552763819095477,0.09321608040201006,0.023304020100502514,0.2022999103557991,0.3556218435140526
F001656,0.0,0.3552763819095477,0.2083333333333333,0.5204164998665333,0.25,1.0,1.0,1.0,0.25,real,3,0.8304020100502513,0.3552763819095477,0.6005025125628141,0.15012562814070352,0.6645302517613192,0.4266049152799171
F001657,0.0,0.3552763819095477,0.2638888888888888,0.240562612162344,0.0,1.0,1.0,1.0,0.0,real,3,0.3701005025125628,0.3552763819095477,0.12864321608040202,0.032160804020100506,0.20885571071437592,0.35575313754703164
F001658,0.34077636645642,0.9424623115577888,0.6944444444444444,0.0962250448649376,0.0,1.0,1.0,1.0,0.0,real,3,0.3701005025125628,0.9424623115577888,0.018090452261306532,0.004522613065326633,0.18839789399257595,0.9398737405621069
F001659,0.4376389444889332,0.9701005025125627,0.8055555555555556,0.3469443332443555,0.25,1.0,1.0,1.0,0.25,real,3,0.8304020100502513,0.9701005025125627,0.27889447236180903,0.06972361809045226,0.5309982702457009,0.9603602181763086
F001660,0.0098985899724178,0.7160804020100503,0.6388888888888888,0.5357583756107198,0.0,1.0,1.0,1.0,0.0,real,3,0.3701005025125628,0.7160804020100503,0.6336683417085427,0.15841708542713567,0.3023107371025984,0.6612712747152851
F001661,0.1504840084734488,0.8311557788944723,0.6388888888888888,0.2545875386086578,0.0,1.0,1.0,1.0,0.0,real,3,0.3701005025125628,0.8311557788944723,0.15100502512562813,0.037751256281407033,0.21299376909673998,0.8137503629958839
F001662,0.5853276880479024,0.9934673366834172,0.8888888888888888,0.3849001794597506,0.0,1.0,1.0,1.0,0.0,real,3,0.3701005025125628,0.9934673366834172,0.35904522613065326,0.08976130653266332,0.2514916605641272,0.9375131151991113
F001663,0.0,0.3552763819095477,0.3333333333333333,0.5773502691896258,0.25,1.0,1.0,1.0,0.25,real,3,0.8304020100502513,0.3552763819095477,0.6907035175879397,0.17267587939698492,0.7019817997020278,0.4373191175727885
F001664,0.1259971773572845,0.8105527638190955,0.611111111111111,0.1924500897298752,0.0,1.0,1.0,1.0,0.0,real,3,0.3701005025125628,0.8105527638190955,0.07613065326633166,0.019032663316582914,0.19913824777152095,0.8021697842226206
F001665,0.1371617270419147,0.8180904522613065,0.6527777777777778,0.3367876570272817,0.0,1.0,1.0,1.0,0.0,real,3,0.3701005025125628,0.8180904522613065,0.2379396984924623,0.059484924623115575,0.22908105224615538,0.7914418038685891
F001666,0.0,0.3552763819095477,0.2222222222222222,0.5091750772173156,0.0,1.0,1.0,1.0,0.0,real,3,0.3701005025125628,0.3552763819095477,0.5258793969849246,0.13146984924623115,0.2823643657988435,0.3572253068104341
F001667,0.0,0.3552763819095477,0.5138888888888888,0.2926570486903538,0.0,1.0,1.0,1.0,0.0,real,3,0.3701005025125628,0.3552763819095477,0.17814070351758793,0.04453517587939698,0.2180152332011818,0.35593657672786033
F001668,0.0,0.3552763819095477,0.625,0.6614378277661477,0.0,1.0,1.0,1.0,0.0,real,3,0.3701005025125628,0.3552763819095477,0.7658291457286432,0.1914572864321608,0.3267671270927502,0.358114567813944
F001669,0.0,0.3552763819095477,0.4166666666666666,0.4409585518440984,0.0,1.0,1.0,1.0,0.0,real,3,0.3701005025125628,0.3552763819095477,0.4248743718592965,0.10621859296482412,0.26367336052119894,0.3568509791419408
F001670,0.0,0.3552763819095477,0.3333333333333333,0.6666666666666666,0.0,1.0,1.0,1.0,0.0,real,3,0.3701005025125628,0.3552763819095477,0.7771356783919598,0.19428391959798996,0.32885940380293427,0.3581564701648948
F001671,0.0,0.3552763819095477,0.5833333333333334,0.7637626158259734,0.5,1.0,1.0,1.0,0.5,real,3,0.9587939698492463,0.3552763819095477,0.9140703517587939,0.22851758793969848,0.9175995555667785,0.4931907653847125
F001672,0.0,0.3552763819095477,0.3333333333333332,0.6666666666666666,0.25,1.0,1.0,1.0,0.25,real,3,0.8304020100502513,0.3552763819095477,0.7771356783919598,0.19428391959798996,0.7378685197343502,0.44758565124618066
F001673,0.0,0.3552763819095477,0.0972222222222221,0.1734721666221776,0.25,1.0,1.0,1.0,0.25,real,3,0.8304020100502513,0.3552763819095477,0.04874371859296482,0.012185929648241205,0.4354394459735866,0.36106622938814675
F001674,0.0,0.3552763819095477,0.2361111111111111,0.4110735718596873,0.0,1.0,1.0,1.0,0.0,real,3,0.3701005025125628,0.3552763819095477,0.3821608040201005,0.09554020100502512,0.2557692040605035,0.3566926813716825
F001675,0.0975001112000889,0.7939698492462312,0.7222222222222222,0.6938886664887111,0.0,1.0,1.0,1.0,0.0,real,3,0.3701005025125628,0.7939698492462312,0.8723618090452261,0.21809045226130652,0.34648102320648466,0.7015279917173809
F001676,0.0,0.3552763819095477,0.3888888888888889,0.693888666488711,0.0,1.0,1.0,1.0,0.0,real,3,0.3701005025125628,0.3552763819095477,0.8597989949748743,0.21494974874371858,0.3441562713062801,0.35846282290851234
F001677,0.0,0.3552763819095477,0.4027777777777778,0.1734721666221777,0.25,1.0,1.0,1.0,0.25,real,3,0.8304020100502513,0.3552763819095477,0.0592964824120603,0.014824120603015075,0.4398209641170678,0.3623197015226888
F001678,0.2224894150898172,0.892964824120603,0.7916666666666667,0.7216878364870323,0.0,1.0,1.0,1.0,0.0,real,3,0.3701005025125628,0.892964824120603,0.8907035175879398,0.22267587939698494,0.34987516098078336,0.7765355515012247
F001679,0.0,0.3552763819095477,0.2916666666666666,0.2204792759220492,0.0,1.0,1.0,1.0,0.0,real,3,0.3701005025125628,0.3552763819095477,0.11256281407035176,0.02814070351758794,0.2058800282821141,0.35569354309234613
F001680,0.0,0.3552763819095477,0.1666666666666666,0.3333333333333333,0.0,1.0,1.0,1.0,0.0,real,3,0.3701005025125628,0.3552763819095477,0.2020100502512563,0.05050251256281407,0.22243226181157041,0.35602503724653417
F001681,0.0,0.3552763819095477,0.4583333333333333,0.1443375672974064,0.25,1.0,1.0,1.0,0.25,real,3,0.8304020100502513,0.3552763819095477,0.02864321608040201,0.007160804020100503,0.42709369712886036,0.3586786634175904
F001682,0.0,0.3552763819095477,0.3055555555555556,0.0962250448649376,0.0,1.0,1.0,1.0,0.0,real,3,0.3701005025125628,0.3552763819095477,0.018090452261306532,0.004522613065326633,0.18839789399257595,0.35534342567106886
F001683,0.0,0.3552763819095477,0.4166666666666666,0.4409585518440984,0.0,1.0,1.0,1.0,0.0,real,3,0.3701005025125628,0.3552763819095477,0.4248743718592965,0.10621859296482412,0.26367336052119894,0.3568509791419408
F001684,0.0,0.3552763819095477,0.361111111111111,0.6735753140545635,0.0,1.0,1.0,1.0,0.0,real,3,0.3701005025125628,0.3552763819095477,0.8384422110552764,0.2096105527638191,0.34020419307593247,0.3583836740233832
F001685,0.0,0.3552763819095477,0.2777777777777778,0.5091750772173156,0.0,1.0,1.0,1.0,0.0,real,3,0.3701005025125628,0.3552763819095477,0.5258793969849246,0.13146984924623115,0.2823643657988435,0.3572253068104341
F001686,0.0,0.3552763819095477,0.4166666666666667,0.2886751345948129,0.0,1.0,1.0,1.0,0.0,real,3,0.3701005025125628,0.3552763819095477,0.17185929648241205,0.04296482412060301,0.2168528572510795,0.35591329764399887
F001687,0.0,0.3552763819095477,0.4305555555555555,0.3367876570272817,0.0,1.0,1.0,1.0,0.0,real,3,0.3701005025125628,0.3552763819095477,0.2379396984924623,0.059484924623115575,0.22908105224615538,0.35615819360622203
F001688,0.0,0.3552763819095477,0.2222222222222222,0.5091750772173156,0.0,1.0,1.0,1.0,0.0,real,3,0.3701005025125628,0.3552763819095477,0.5258793969849246,0.13146984924623115,0.2823643657988435,0.3572253068104341
F001689,0.0,0.3552763819095477,0.2222222222222222,0.5091750772173156,0.25,1.0,1.0,1.0,0.25,real,3,0.8304020100502513,0.3552763819095477,0.5258793969849246,0.13146984924623115,0.6335466591752734,0.4177410766142269
F001690,0.0,0.3552763819095477,0.6666666666666666,0.6666666666666667,0.0,1.0,1.0,1.0,0.0,real,3,0.3701005025125628,0.3552763819095477,0.7914572864321608,0.1978643216080402,0.3315096209691675,0.35820954647609904
F001691,0.0,0.3552763819095477,0.3194444444444444,0.6028481781725196,0.0,1.0,1.0,1.0,0.0,real,3,0.3701005025125628,0.3552763819095477,0.7298994974874372,0.1824748743718593,0.3201183366581652,0.3579814114542562
F001692,0.0,0.3552763819095477,0.5277777777777778,0.6309898162000304,0.0,1.0,1.0,1.0,0.0,real,3,0.3701005025125628,0.3552763819095477,0.7525125628140703,0.18812814070351758,0.32430289007853336,0.3580652161561576
F001693,0.0,0.3552763819095477,0.5694444444444444,0.7469072033193752,0.0,1.0,1.0,1.0,0.0,real,3,0.3701005025125628,0.3552763819095477,0.9062814070351759,0.22657035175879398,0.35275785333703696,0.35863508812908756
F001694,0.0,0.3552763819095477,0.4027777777777778,0.1734721666221777,0.0,1.0,1.0,1.0,0.0,real,3,0.3701005025125628,0.3552763819095477,0.0592964824120603,0.014824120603015075,0.19602308022524684,0.35549613646120043
F001695,0.0,0.3552763819095477,0.2222222222222221,0.3849001794597505,0.0,1.0,1.0,1.0,0.0,real,3,0.3701005025125628,0.3552763819095477,0.3391959798994975,0.08479899497487438,0.247818552561804,0.35653345243806966
F001696,0.0,0.3552763819095477,0.25,0.5,0.0,1.0,1.0,1.0,0.0,real,3,0.3701005025125628,0.3552763819095477,0.4663316582914573,0.11658291457286432,0.2713450417918739,0.35700462109542686
F001697,0.0,0.3552763819095477,0.1527777777777777,0.3367876570272816,0.0,1.0,1.0,1.0,0.0,real,3,0.3701005025125628,0.3552763819095477,0.2236180904522613,0.055904522613065326,0.22643083507992223,0.35610511729501776
F001698,0.0,0.3552763819095477,0.2222222222222221,0.3849001794597505,0.25,1.0,1.0,1.0,0.25,real,3,0.8304020100502513,0.3552763819095477,0.3391959798994975,0.08479899497487438,0.5560355167798793,0.3955665576626852
F001699,0.1666666666666666,0.8492462311557789,0.6666666666666666,0.3333333333333333,0.0,1.0,1.0,1.0,0.0,real,3,0.3701005025125628,0.8492462311557789,0.2020100502512563,0.05050251256281407,0.22243226181157041,0.8250481679755562
F001700,0.0,0.3552763819095477,0.25,0.5,0.0,1.0,1.0,1.0,0.0,real,3,0.3701005025125628,0.3552763819095477,0.4663316582914573,0.11658291457286432,0.2713450417918739,0.35700462109542686
F001701,0.0521012318616071,0.7761306532663317,0.6944444444444444,0.6735753140545634,0.0,1.0,1.0,1.0,0.0,real,3,0.3701005025125628,0.7761306532663317,0.8233668341708543,0.20584170854271358,0.33741449079568697,0.6925527133153203
F001702,0.0,0.3552763819095477,0.3055555555555556,0.0962250448649376,0.25,1.0,1.0,1.0,0.25,real,3,0.8304020100502513,0.3552763819095477,0.018090452261306532,0.004522613065326633,0.42271217898537916,0.3574251912830484
F001703,0.0,0.3552763819095477,0.5416666666666666,0.3632415786283894,0.25,1.0,1.0,1.0,0.25,real,3,0.8304020100502513,0.3552763819095477,0.2984924623115578,0.07462311557788945,0.5391353753693089,0.3907317365723087
F001704,0.0446581987385203,0.7555276381909548,0.6666666666666666,0.5773502691896258,0.0,1.0,1.0,1.0,0.0,real,3,0.3701005025125628,0.7555276381909548,0.6907035175879397,0.17267587939698492,0.31286511072952705,0.6889736685942274
F001705,0.0,0.3552763819095477,0.361111111111111,0.5357583756107197,0.25,1.0,1.0,1.0,0.25,real,3,0.8304020100502513,0.3552763819095477,0.621859296482412,0.155464824120603,0.6733976099088407,0.42914170412363317
F001706,0.0,0.3552763819095477,0.3055555555555556,0.6735753140545634,0.0,1.0,1.0,1.0,0.0,real,3,0.3701005025125628,0.3552763819095477,0.8233668341708543,0.20584170854271358,0.33741449079568697,0.3583278042221156
F001707,0.25,0.8997487437185929,0.75,0.5,0.25,1.0,1.0,1.0,0.25,real,3,0.8304020100502513,0.8997487437185929,0.4663316582914573,0.11658291457286432,0.6088223782227721,0.8916640993914295
F001708,0.0,0.3552763819095477,0.6111111111111112,0.693888666488711,0.0,1.0,1.0,1.0,0.0,real,3,0.3701005025125628,0.3552763819095477,0.8597989949748743,0.21494974874371858,0.3441562713062801,0.35846282290851234
F001709,0.0,0.3552763819095477,0.4027777777777778,0.1734721666221777,0.5,1.0,1.0,1.0,0.5,real,3,0.9587939698492463,0.3552763819095477,0.0592964824120603,0.014824120603015075,0.5078235398096008,0.36422299941920655
F001710,0.0,0.3552763819095477,0.5277777777777778,0.4194352464039305,0.0,1.0,1.0,1.0,0.0,real,3,0.3701005025125628,0.3552763819095477,0.4012562814070352,0.1003140703517588,0.2593028269488144,0.35676344978662156
F001711,0.0,0.3552763819095477,0.361111111111111,0.5357583756107197,0.0,1.0,1.0,1.0,0.0,real,3,0.3701005025125628,0.3552763819095477,0.621859296482412,0.155464824120603,0.3001254703164062,0.35758101121183805
F001712,0.0,0.3552763819095477,0.5555555555555556,1.0183501544346312,0.0,1.0,1.0,1.0,0.0,real,3,0.3701005025125628,0.3552763819095477,0.9937185929648241,0.24842964824120603,0.36893812656246056,0.35895913297643994
F001713,0.0,0.3552763819095477,0.6666666666666666,0.6666666666666667,0.0,1.0,1.0,1.0,0.0,real,3,0.3701005025125628,0.3552763819095477,0.7914572864321608,0.1978643216080402,0.3315096209691675,0.35820954647609904
F001714,0.0,0.3552763819095477,0.3333333333333333,0.3333333333333333,0.0,1.0,1.0,1.0,0.0,real,3,0.3701005025125628,0.3552763819095477,0.2020100502512563,0.05050251256281407,0.22243226181157041,0.35602503724653417
F001715,0.0,0.3552763819095477,0.361111111111111,0.5357583756107197,0.0,1.0,1.0,1.0,0.0,real,3,0.3701005025125628,0.3552763819095477,0.621859296482412,0.155464824120603,0.3001254703164062,0.35758101121183805
F001716,0.0,0.3552763819095477,0.4027777777777778,0.1734721666221777,0.25,1.0,1.0,1.0,0.25,real,3,0.8304020100502513,0.3552763819095477,0.0592964824120603,0.014824120603015075,0.4398209641170678,0.3623197015226888
F001717,0.0,0.3552763819095477,0.2361111111111111,0.4110735718596873,0.0,1.0,1.0,1.0,0.0,real,3,0.3701005025125628,0.3552763819095477,0.3821608040201005,0.09554020100502512,0.2557692040605035,0.3566926813716825
F001718,0.5629985886786423,0.9914572864321608,0.8055555555555556,0.0962250448649376,0.0,1.0,1.0,1.0,0.0,real,3,0.3701005025125628,0.9914572864321608,0.018090452261306532,0.004522613065326633,0.18839789399257595,0.9886471301229767
F001719,0.0,0.3552763819095477,0.1944444444444444,0.3469443332443554,0.0,1.0,1.0,1.0,0.0,real,3,0.3701005025125628,0.3552763819095477,0.2562814070351759,0.06407035175879397,0.23247519002045403,0.3562261685310977
F001720,0.0,0.3552763819095477,0.361111111111111,0.5357583756107197,0.0,1.0,1.0,1.0,0.0,real,3,0.3701005025125628,0.3552763819095477,0.621859296482412,0.155464824120603,0.3001254703164062,0.35758101121183805
F001721,0.0,0.3552763819095477,0.3333333333333332,0.6666666666666666,0.25,1.0,1.0,1.0,0.25,real,3,0.8304020100502513,0.3552763819095477,0.7771356783919598,0.19428391959798996,0.7378685197343502,0.44758565124618066
F001722,0.0,0.3552763819095477,0.3611111111111111,0.2545875386086578,0.0,1.0,1.0,1.0,0.0,real,3,0.3701005025125628,0.3552763819095477,0.15100502512562813,0.037751256281407033,0.21299376909673998,0.3558360110855786
F001723,0.0,0.3552763819095477,0.25,0.8660254037844386,0.0,1.0,1.0,1.0,0.0,real,3,0.3701005025125628,0.3552763819095477,0.9630653266331658,0.24076633165829145,0.36326573192596145,0.35884553104719574
F001724,0.0,0.3552763819095477,0.5277777777777778,0.4811252243246881,0.25,1.0,1.0,1.0,0.25,real,3,0.8304020100502513,0.3552763819095477,0.4507537688442211,0.11268844221105527,0.6023544228681094,0.40881754879927273
F001725,0.0,0.3552763819095477,0.375,0.5464532103585,0.0,1.0,1.0,1.0,0.0,real,3,0.3701005025125628,0.3552763819095477,0.642462311557789,0.16061557788944725,0.3039380634327416,0.3576573666069038
F001726,0.0098985899724178,0.7160804020100503,0.6388888888888888,0.5357583756107198,0.0,1.0,1.0,1.0,0.0,real,3,0.3701005025125628,0.7160804020100503,0.6336683417085427,0.15841708542713567,0.3023107371025984,0.6612712747152851
F001727,0.1564584167334001,0.8407035175879397,0.7083333333333334,0.5204164998665332,0.0,1.0,1.0,1.0,0.0,real,3,0.3701005025125628,0.8407035175879397,0.5768844221105528,0.1442211055276382,0.29180285851367394,0.7728326304891291
F001728,0.0,0.3552763819095477,0.1944444444444444,0.3469443332443554,0.0,1.0,1.0,1.0,0.0,real,3,0.3701005025125628,0.3552763819095477,0.2562814070351759,0.06407035175879397,0.23247519002045403,0.3562261685310977
F001729,0.0,0.3552763819095477,0.375,0.4330127018922193,0.0,1.0,1.0,1.0,0.0,real,3,0.3701005025125628,0.3552763819095477,0.4115577889447236,0.1028894472361809,0.2612091235069821,0.3568016274841544
F001730,0.0,0.3552763819095477,0.638888888888889,0.6735753140545635,0.0,1.0,1.0,1.0,0.0,real,3,0.3701005025125628,0.3552763819095477,0.8384422110552764,0.2096105527638191,0.34020419307593247,0.3583836740233832
F001731,0.0,0.3552763819095477,0.3611111111111111,0.2545875386086578,0.25,1.0,1.0,1.0,0.25,real,3,0.8304020100502513,0.3552763819095477,0.15100502512562813,0.037751256281407033,0.4778984432211308,0.3732129712633519
F001732,0.0,0.3552763819095477,0.2916666666666666,0.5204164998665332,0.0,1.0,1.0,1.0,0.0,real,3,0.3701005025125628,0.3552763819095477,0.5768844221105528,0.1442211055276382,0.29180285851367394,0.3574143329713896
F001733,0.0,0.3552763819095477,0.3333333333333333,0.3333333333333333,0.0,1.0,1.0,1.0,0.0,real,3,0.3701005025125628,0.3552763819095477,0.2020100502512563,0.05050251256281407,0.22243226181157041,0.35602503724653417
F001734,0.0,0.3552763819095477,0.6111111111111112,0.693888666488711,0.0,1.0,1.0,1.0,0.0,real,3,0.3701005025125628,0.3552763819095477,0.8597989949748743,0.21494974874371858,0.3441562713062801,0.35846282290851234
F001735,0.0,0.3552763819095477,0.3333333333333333,0.5773502691896258,0.0,1.0,1.0,1.0,0.0,real,3,0.3701005025125628,0.3552763819095477,0.6907035175879397,0.17267587939698492,0.31286511072952705,0.35783614997096025
F001736,0.0,0.3552763819095477,0.5555555555555556,0.5091750772173156,0.0,1.0,1.0,1.0,0.0,real,3,0.3701005025125628,0.3552763819095477,0.5258793969849246,0.13146984924623115,0.2823643657988435,0.3572253068104341
F001737,0.0,0.3552763819095477,0.6666666666666666,0.6666666666666667,0.5,1.0,1.0,1.0,0.5,real,3,0.9587939698492463,0.3552763819095477,0.7914572864321608,0.1978643216080402,0.8588192217368249,0.4746909800257568
F001738,0.1666666666666666,0.8492462311557789,0.6666666666666666,0.3333333333333333,0.5,1.0,1.0,1.0,0.5,real,3,0.9587939698492463,0.8492462311557789,0.2020100502512563,0.05050251256281407,0.576239993939547,0.8547786672053737
F001739,0.0,0.3552763819095477,0.4166666666666666,0.4409585518440984,0.0,1.0,1.0,1.0,0.0,real,3,0.3701005025125628,0.3552763819095477,0.4248743718592965,0.10621859296482412,0.26367336052119894,0.3568509791419408
F001740,0.0,0.3552763819095477,0.4027777777777778,0.8832285053102581,0.0,1.0,1.0,1.0,0.0,real,3,0.3701005025125628,0.3552763819095477,0.9733668341708542,0.24334170854271356,0.36517202848412916,0.35888370874472864
F001741,0.0,0.3552763819095477,0.4027777777777778,0.1734721666221777,0.0,1.0,1.0,1.0,0.0,real,3,0.3701005025125628,0.3552763819095477,0.0592964824120603,0.014824120603015075,0.19602308022524684,0.35549613646120043
F001742,0.0,0.3552763819095477,0.25,0.5,0.0,1.0,1.0,1.0,0.0,real,3,0.3701005025125628,0.3552763819095477,0.4663316582914573,0.11658291457286432,0.2713450417918739,0.35700462109542686
F001743,0.0596870220248513,0.7846733668341709,0.6805555555555556,0.6028481781725197,0.0,1.0,1.0,1.0,0.0,real,3,0.3701005025125628,0.7846733668341709,0.7364321608040201,0.18410804020100502,0.32132720764627154,0.7083471692634025
F001744,0.0,0.3552763819095477,0.2222222222222222,0.5091750772173156,0.0,1.0,1.0,1.0,0.0,real,3,0.3701005025125628,0.3552763819095477,0.5258793969849246,0.13146984924623115,0.2823643657988435,0.3572253068104341
F001745,0.0,0.3552763819095477,0.3611111111111111,0.2545875386086578,0.0,1.0,1.0,1.0,0.0,real,3,0.3701005025125628,0.3552763819095477,0.15100502512562813,0.037751256281407033,0.21299376909673998,0.3558360110855786
F001746,0.3222409918479341,0.9311557788944724,0.7638888888888888,0.4110735718596873,0.0,1.0,1.0,1.0,0.0,real,3,0.3701005025125628,0.9311557788944724,0.3821608040201005,0.09554020100502512,0.2557692040605035,0.8775524450140147
F001747,0.3231250834000667,0.93643216080402,0.7916666666666667,0.5204164998665333,0.25,1.0,1.0,1.0,0.25,real,3,0.8304020100502513,0.93643216080402,0.6005025125628141,0.15012562814070352,0.6645302517613192,0.920514317820257
F001748,0.0,0.3552763819095477,0.5,0.3333333333333333,0.0,1.0,1.0,1.0,0.0,real,3,0.3701005025125628,0.3552763819095477,0.2020100502512563,0.05050251256281407,0.22243226181157041,0.35602503724653417
F001749,0.0,0.3552763819095477,0.2222222222222222,0.769800358919501,0.0,1.0,1.0,1.0,0.0,real,3,0.3701005025125628,0.3552763819095477,0.928894472361809,0.23222361809045225,0.3569424067574051,0.35871889283098907
F001750,0.0,0.3552763819095477,0.361111111111111,0.5357583756107197,0.0,1.0,1.0,1.0,0.0,real,3,0.3701005025125628,0.3552763819095477,0.621859296482412,0.155464824120603,0.3001254703164062,0.35758101121183805
F001751,0.0,0.3552763819095477,0.4166666666666667,1.0408329997330663,0.0,1.0,1.0,1.0,0.0,real,3,0.3701005025125628,0.3552763819095477,0.9952261306532664,0.2488065326633166,0.3692170967904851,0.3589647199565667
F001752,0.3631054658256801,0.9542713567839196,0.7777777777777777,0.3849001794597506,0.0,1.0,1.0,1.0,0.0,real,3,0.3701005025125628,0.9542713567839196,0.35904522613065326,0.08976130653266332,0.2514916605641272,0.9018354176662206
F001753,0.1259971773572845,0.8105527638190955,0.611111111111111,0.1924500897298752,0.0,1.0,1.0,1.0,0.0,real,3,0.3701005025125628,0.8105527638190955,0.07613065326633166,0.019032663316582914,0.19913824777152095,0.8021697842226206
F001754,0.0,0.3552763819095477,0.3333333333333332,0.6666666666666666,0.0,1.0,1.0,1.0,0.0,real,3,0.3701005025125628,0.3552763819095477,0.7771356783919598,0.19428391959798996,0.32885940380293427,0.3581564701648948
F001755,0.0,0.3552763819095477,0.3194444444444444,0.3757708127352411,0.0,1.0,1.0,1.0,0.0,real,3,0.3701005025125628,0.3552763819095477,0.3123115577889447,0.07807788944723618,0.24284358349536625,0.3564338179591424
F001756,0.0,0.3552763819095477,0.2222222222222222,0.769800358919501,0.5,1.0,1.0,1.0,0.5,real,3,0.9587939698492463,0.3552763819095477,0.928894472361809,0.23222361809045225,0.9247061942880229,0.4954274197621272
F001757,0.0446581987385203,0.7555276381909548,0.6666666666666666,0.5773502691896258,0.5,1.0,1.0,1.0,0.5,real,3,0.9587939698492463,0.7555276381909548,0.6907035175879397,0.17267587939698492,0.8105181687331128,0.7906268307618495
F001758,0.0,0.3552763819095477,0.2777777777777778,0.5091750772173156,0.0,1.0,1.0,1.0,0.0,real,3,0.3701005025125628,0.3552763819095477,0.5258793969849246,0.13146984924623115,0.2823643657988435,0.3572253068104341
F001759,0.0,0.3552763819095477,0.3472222222222222,0.0481125224324688,0.0,1.0,1.0,1.0,0.0,real,3,0.3701005025125628,0.3552763819095477,0.008542713567839196,0.002135678391959799,0.18663108254842048,0.35530804146359934
F001760,0.0098985899724178,0.7160804020100503,0.6388888888888888,0.5357583756107198,0.0,1.0,1.0,1.0,0.0,real,3,0.3701005025125628,0.7160804020100503,0.6336683417085427,0.15841708542713567,0.3023107371025984,0.6612712747152851
F001761,0.0,0.3552763819095477,0.3055555555555556,0.0962250448649376,0.0,1.0,1.0,1.0,0.0,real,3,0.3701005025125628,0.3552763819095477,0.018090452261306532,0.004522613065326633,0.18839789399257595,0.35534342567106886
F001762,0.3231250834000667,0.93643216080402,0.7916666666666667,0.5204164998665333,0.0,1.0,1.0,1.0,0.0,real,3,0.3701005025125628,0.93643216080402,0.6005025125628141,0.15012562814070352,0.2961733920860584,0.8514112648670488
F001763,0.5853276880479024,0.9934673366834172,0.8888888888888888,0.3849001794597506,0.0,1.0,1.0,1.0,0.0,real,3,0.3701005025125628,0.9934673366834172,0.35904522613065326,0.08976130653266332,0.2514916605641272,0.9375131151991113
F001764,0.0,0.3552763819095477,0.1666666666666666,0.5773502691896258,0.0,1.0,1.0,1.0,0.0,real,3,0.3701005025125628,0.3552763819095477,0.6907035175879397,0.17267587939698492,0.31286511072952705,0.35783614997096025
F001765,0.0,0.3552763819095477,0.1666666666666666,0.3333333333333333,0.0,1.0,1.0,1.0,0.0,real,3,0.3701005025125628,0.3552763819095477,0.2020100502512563,0.05050251256281407,0.22243226181157041,0.35602503724653417
F001766,0.3009680169468978,0.9190954773869346,0.7777777777777778,0.5091750772173156,0.0,1.0,1.0,1.0,0.0,real,3,0.3701005025125628,0.9190954773869346,0.5258793969849246,0.13146984924623115,0.2823643657988435,0.8469191908032625
F001767,0.0,0.3552763819095477,0.2222222222222222,0.5091750772173156,0.0,1.0,1.0,1.0,0.0,real,3,0.3701005025125628,0.3552763819095477,0.5258793969849246,0.13146984924623115,0.2823643657988435,0.3572253068104341
F001768,0.0,0.3552763819095477,0.7222222222222222,0.9622504486493764,0.0,1.0,1.0,1.0,0.0,real,3,0.3701005025125628,0.3552763819095477,0.9869346733668342,0.24673366834170854,0.3676827605363501,0.3589339915658695
F001769,0.0,0.3552763819095477,0.1666666666666666,0.3333333333333333,0.0,1.0,1.0,1.0,0.0,real,3,0.3701005025125628,0.3552763819095477,0.2020100502512563,0.05050251256281407,0.22243226181157041,0.35602503724653417
F001770,0.1898569058357866,0.8753768844221106,0.7222222222222222,0.5091750772173156,0.0,1.0,1.0,1.0,0.0,real,3,0.3701005025125628,0.8753768844221106,0.5258793969849246,0.13146984924623115,0.2823643657988435,0.8089482746647811
F001771,0.0,0.3552763819095477,0.6111111111111112,0.693888666488711,0.0,1.0,1.0,1.0,0.0,real,3,0.3701005025125628,0.3552763819095477,0.8597989949748743,0.21494974874371858,0.3441562713062801,0.35846282290851234
F001772,0.0,0.3552763819095477,0.4166666666666667,0.2886751345948129,0.0,1.0,1.0,1.0,0.0,real,3,0.3701005025125628,0.3552763819095477,0.17185929648241205,0.04296482412060301,0.2168528572510795,0.35591329764399887
F001773,0.0,0.3552763819095477,0.25,0.1666666666666666,0.0,1.0,1.0,1.0,0.0,real,3,0.3701005025125628,0.3552763819095477,0.036683417085427134,0.009170854271356783,0.19183852680487867,0.355412331759299
F001774,0.0,0.3552763819095477,0.5555555555555556,0.5091750772173156,0.0,1.0,1.0,1.0,0.0,real,3,0.3701005025125628,0.3552763819095477,0.5258793969849246,0.13146984924623115,0.2823643657988435,0.3572253068104341
F001775,0.0,0.3552763819095477,0.2916666666666666,0.2204792759220492,0.25,1.0,1.0,1.0,0.25,real,3,0.8304020100502513,0.3552763819095477,0.11256281407035176,0.02814070351758794,0.46193719855559207,0.368646751344663
F001776,0.1898569058357866,0.8753768844221106,0.7222222222222222,0.5091750772173156,0.0,1.0,1.0,1.0,0.0,real,3,0.3701005025125628,0.8753768844221106,0.5258793969849246,0.13146984924623115,0.2823643657988435,0.8089482746647811
F001777,1.0,0.999748743718593,1.0,0.0,0.25,1.0,1.0,1.0,0.25,real,3,0.8304020100502513,0.999748743718593,0.0007537688442211055,0.00018844221105527637,0.4155139706068029,0.9997168316456655
F001778,0.2154167222667111,0.8881909547738693,0.6944444444444444,0.3469443332443555,0.0,1.0,1.0,1.0,0.0,real,3,0.3701005025125628,0.8881909547738693,0.27889447236180903,0.06972361809045226,0.2366597434408222,0.8520678139440923
F001779,0.0,0.3552763819095477,0.3333333333333333,0.6666666666666666,0.0,1.0,1.0,1.0,0.0,real,3,0.3701005025125628,0.3552763819095477,0.7771356783919598,0.19428391959798996,0.32885940380293427,0.3581564701648948
F001780,0.0,0.3552763819095477,0.5138888888888888,0.2926570486903538,0.25,1.0,1.0,1.0,0.25,real,3,0.8304020100502513,0.3552763819095477,0.17814070351758793,0.04453517587939698,0.4891652041615111,0.37643618532360285
F001781,0.0,0.3552763819095477,0.2777777777777778,0.5091750772173156,0.0,1.0,1.0,1.0,0.0,real,3,0.3701005025125628,0.3552763819095477,0.5258793969849246,0.13146984924623115,0.2823643657988435,0.3572253068104341
F001782,0.0,0.3552763819095477,0.3333333333333332,0.6666666666666666,0.0,1.0,1.0,1.0,0.0,real,3,0.3701005025125628,0.3552763819095477,0.7771356783919598,0.19428391959798996,0.32885940380293427,0.3581564701648948
F001783,0.1485783278408043,0.8226130653266331,0.7361111111111112,0.6472877887628358,0.0,1.0,1.0,1.0,0.0,real,3,0.3701005025125628,0.8226130653266331,0.7580402010050251,0.18951005025125628,0.3253257809146234,0.7368573868084138
F001784,0.0,0.3552763819095477,0.5416666666666666,0.3632415786283894,0.25,1.0,1.0,1.0,0.25,real,3,0.8304020100502513,0.3552763819095477,0.2984924623115578,0.07462311557788945,0.5391353753693089,0.3907317365723087
F001785,0.0,0.3552763819095477,0.4583333333333333,0.3632415786283894,0.0,1.0,1.0,1.0,0.0,real,3,0.3701005025125628,0.3552763819095477,0.2984924623115578,0.07462311557788945,0.24028635640514132,0.35638260397464705
F001786,0.0148860662461734,0.7268844221105528,0.5555555555555556,0.1924500897298752,0.0,1.0,1.0,1.0,0.0,real,3,0.3701005025125628,0.7268844221105528,0.07613065326633166,0.019032663316582914,0.19913824777152095,0.7200938738920736
F001787,0.0,0.3552763819095477,0.2083333333333333,0.2204792759220492,0.0,1.0,1.0,1.0,0.0,real,3,0.3701005025125628,0.3552763819095477,0.11256281407035176,0.02814070351758794,0.2058800282821141,0.35569354309234613
F001788,0.0669872981077807,0.7886934673366834,0.75,0.8660254037844386,0.5,1.0,1.0,1.0,0.5,real,3,0.9587939698492463,0.7886934673366834,0.9630653266331658,0.24076633165829145,0.9410875987980101,0.8296479413398652
F001789,0.4999999999999999,0.984422110552764,0.8333333333333333,0.3333333333333333,0.5,1.0,0.5,0.5,0.5,real,3,0.9587939698492463,0.984422110552764,0.2020100502512563,0.025251256281407036,0.2881199969697735,0.9837749678038434
F001790,0.1898569058357866,0.8753768844221106,0.7222222222222222,0.5091750772173156,0.0,1.0,1.0,1.0,0.0,real,3,0.3701005025125628,0.8753768844221106,0.5258793969849246,0.13146984924623115,0.2823643657988435,0.8089482746647811
F001791,0.0,0.3552763819095477,0.4166666666666666,0.4409585518440984,0.25,1.0,1.0,1.0,0.25,real,3,0.8304020100502513,0.3552763819095477,0.4248743718592965,0.10621859296482412,0.5916092712305244,0.40574355761218145
F001792,0.0,0.3552763819095477,0.1944444444444444,0.3469443332443554,0.5,1.0,1.0,1.0,0.5,real,3,0.9587939698492463,0.3552763819095477,0.2562814070351759,0.06407035175879397,0.6022575187495265,0.3939439660614631
F001793,0.0,0.3552763819095477,0.3333333333333332,0.6666666666666666,0.0,1.0,1.0,1.0,0.0,real,3,0.3701005025125628,0.3552763819095477,0.7771356783919598,0.19428391959798996,0.32885940380293427,0.3581564701648948
F001794,0.0,0.3552763819095477,0.1111111111111111,0.3849001794597505,0.0,1.0,1.0,1.0,0.0,real,3,0.3701005025125628,0.3552763819095477,0.3391959798994975,0.08479899497487438,0.247818552561804,0.35653345243806966
F001795,0.0,0.3552763819095477,0.1944444444444444,0.0962250448649376,0.25,1.0,1.0,1.0,0.25,real,3,0.8304020100502513,0.3552763819095477,0.018090452261306532,0.004522613065326633,0.42271217898537916,0.3574251912830484
F001796,0.0334936490538903,0.7457286432160805,0.625,0.4330127018922193,0.0,1.0,1.0,1.0,0.0,real,3,0.3701005025125628,0.7457286432160805,0.4115577889447236,0.1028894472361809,0.2612091235069821,0.7070804714527411
F001797,0.0,0.3552763819095477,0.3472222222222222,0.0481125224324688,0.25,1.0,1.0,1.0,0.25,real,3,0.8304020100502513,0.3552763819095477,0.008542713567839196,0.002135678391959799,0.4187479482841342,0.35629109744703413
F001798,0.1898569058357866,0.8753768844221106,0.7222222222222222,0.5091750772173156,0.0,1.0,1.0,1.0,0.0,real,3,0.3701005025125628,0.8753768844221106,0.5258793969849246,0.13146984924623115,0.2823643657988435,0.8089482746647811
F001799,0.3231250834000667,0.93643216080402,0.7916666666666667,0.5204164998665333,0.0,1.0,1.0,1.0,0.0,real,3,0.3701005025125628,0.93643216080402,0.6005025125628141,0.15012562814070352,0.2961733920860584,0.8514112648670488
F001800,0.0,0.3552763819095477,0.625,0.5464532103585001,0.0,1.0,1.0,1.0,0.0,real,3,0.3701005025125628,0.3552763819095477,0.6507537688442211,0.16268844221105527,0.3054723996868766,0.357688094997601
F001801,0.0,0.3552763819095477,0.2777777777777778,0.6938886664887108,0.25,1.0,1.0,1.0,0.25,real,3,0.8304020100502513,0.3552763819095477,0.8449748743718593,0.2112437185929648,0.7660354220853008,0.45564368639680813
F001802,0.0,0.3552763819095477,0.1111111111111111,0.3849001794597505,0.5,1.0,1.0,1.0,0.5,real,3,0.9587939698492463,0.3552763819095477,0.3391959798994975,0.08479899497487438,0.6420065149869952,0.40645406681649443
F001803,0.0,0.3552763819095477,0.4027777777777778,0.1734721666221777,0.5,1.0,1.0,1.0,0.5,real,3,0.9587939698492463,0.3552763819095477,0.0592964824120603,0.014824120603015075,0.5078235398096008,0.36422299941920655
F001804,0.0,0.3552763819095477,0.5833333333333334,0.6009252125773316,0.0,1.0,1.0,1.0,0.0,real,3,0.3701005025125628,0.3552763819095477,0.7228643216080402,0.18071608040201004,0.31881647559405063,0.35795533888033126
F001805,0.0,0.3552763819095477,0.3055555555555556,0.6735753140545634,0.0,1.0,1.0,1.0,0.0,real,3,0.3701005025125628,0.3552763819095477,0.8233668341708543,0.20584170854271358,0.33741449079568697,0.3583278042221156
F001806,0.0,0.3552763819095477,0.4166666666666666,0.6009252125773316,0.0,1.0,1.0,1.0,0.0,real,3,0.3701005025125628,0.3552763819095477,0.7228643216080402,0.18071608040201004,0.31881647559405063,0.35795533888033126
F001807,0.1077083611333555,0.800502512562814,0.5972222222222222,0.1734721666221776,0.0,1.0,1.0,1.0,0.0,real,3,0.3701005025125628,0.800502512562814,0.04874371859296482,0.012185929648241205,0.19407028862907505,0.79525766394788
F001808,0.0,0.3552763819095477,0.4166666666666667,0.726483157256779,0.75,1.0,1.0,1.0,0.75,real,3,0.9987437185929648,0.3552763819095477,0.8964824120603015,0.2241206030150754,0.9470499482336305,0.4994906694275396
F001809,0.0,0.3552763819095477,0.6805555555555556,0.8988160937424132,0.0,1.0,1.0,1.0,0.0,real,3,0.3701005025125628,0.3552763819095477,0.9771356783919598,0.24428391959798995,0.3658694540541906,0.35889767619504553
F001810,0.0,0.3552763819095477,0.2777777777777778,0.5091750772173156,0.0,1.0,1.0,1.0,0.0,real,3,0.3701005025125628,0.3552763819095477,0.5258793969849246,0.13146984924623115,0.2823643657988435,0.3572253068104341
F001811,0.3222409918479341,0.9311557788944724,0.7638888888888888,0.4110735718596873,0.25,1.0,1.0,1.0,0.25,real,3,0.8304020100502513,0.9311557788944724,0.3821608040201005,0.09554020100502512,0.5738745549354815,0.9215297435670816
F001812,0.0,0.3552763819095477,0.2777777777777778,0.5091750772173156,0.0,1.0,1.0,1.0,0.0,real,3,0.3701005025125628,0.3552763819095477,0.5258793969849246,0.13146984924623115,0.2823643657988435,0.3572253068104341
F001813,0.0,0.3552763819095477,0.3333333333333333,0.881917103688197,0.0,1.0,1.0,1.0,0.0,real,3,0.3701005025125628,0.3552763819095477,0.9695979899497488,0.2423994974874372,0.3644746029140678,0.35886974129441174
F001814,0.0975001112000889,0.7939698492462312,0.7222222222222222,0.6938886664887111,0.0,1.0,1.0,1.0,0.0,real,3,0.3701005025125628,0.7939698492462312,0.8723618090452261,0.21809045226130652,0.34648102320648466,0.7015279917173809
F001815,0.0,0.3552763819095477,0.6527777777777778,0.6684005230842202,0.5,1.0,1.0,1.0,0.5,real,3,0.9587939698492463,0.3552763819095477,0.8040201005025126,0.20100502512562815,0.8648417969243201,0.4765864498371253
F001816,0.0,0.3552763819095477,0.2777777777777778,0.5091750772173156,0.0,1.0,1.0,1.0,0.0,real,3,0.3701005025125628,0.3552763819095477,0.5258793969849246,0.13146984924623115,0.2823643657988435,0.3572253068104341
F001817,0.0,0.3552763819095477,0.3055555555555556,0.3469443332443555,0.0,1.0,1.0,1.0,0.0,real,3,0.3701005025125628,0.3552763819095477,0.27889447236180903,0.06972361809045226,0.2366597434408222,0.3563099732329991
F001818,0.0,0.3552763819095477,0.6944444444444444,0.7876359377087682,0.0,1.0,1.0,1.0,0.0,real,3,0.3701005025125628,0.3552763819095477,0.9444723618090453,0.23611809045226131,0.35982509911365873,0.3587766249589657
F001819,0.0,0.3552763819095477,0.1527777777777777,0.3367876570272816,0.0,1.0,1.0,1.0,0.0,real,3,0.3701005025125628,0.3552763819095477,0.2236180904522613,0.055904522613065326,0.22643083507992223,0.35610511729501776
F001820,0.0,0.3552763819095477,0.4444444444444444,0.1924500897298753,0.0,1.0,1.0,1.0,0.0,real,3,0.3701005025125628,0.3552763819095477,0.09321608040201006,0.023304020100502514,0.2022999103557991,0.3556218435140526
F001821,0.0,0.3552763819095477,0.1805555555555555,0.3757708127352412,0.25,1.0,1.0,1.0,0.25,real,3,0.8304020100502513,0.3552763819095477,0.32437185929648243,0.08109296482412061,0.5498805270068937,0.3938057277593999
F001822,0.0,0.3552763819095477,0.6111111111111112,0.693888666488711,0.0,1.0,1.0,1.0,0.0,real,3,0.3701005025125628,0.3552763819095477,0.8597989949748743,0.21494974874371858,0.3441562713062801,0.35846282290851234
F001823,0.0596870220248513,0.7846733668341709,0.6805555555555556,0.6028481781725197,0.25,1.0,1.0,1.0,0.25,real,3,0.8304020100502513,0.7846733668341709,0.7364321608040201,0.18410804020100502,0.7209683783237797,0.7930923777177344
F001824,0.0,0.3552763819095477,0.2916666666666666,0.2204792759220492,0.0,1.0,1.0,1.0,0.0,real,3,0.3701005025125628,0.3552763819095477,0.11256281407035176,0.02814070351758794,0.2058800282821141,0.35569354309234613
F001825,0.0,0.3552763819095477,0.3472222222222222,0.9292071490932072,0.0,1.0,1.0,1.0,0.0,real,3,0.3701005025125628,0.3552763819095477,0.9816582914572864,0.2454145728643216,0.3667063647382642,0.3589144371354258
F001826,0.0,0.3552763819095477,0.1944444444444444,0.3469443332443554,0.0,1.0,1.0,1.0,0.0,real,3,0.3701005025125628,0.3552763819095477,0.2562814070351759,0.06407035175879397,0.23247519002045403,0.3562261685310977
F001827,0.0446581987385203,0.7555276381909548,0.6666666666666666,0.5773502691896258,0.0,1.0,1.0,1.0,0.0,real,3,0.3701005025125628,0.7555276381909548,0.6907035175879397,0.17267587939698492,0.31286511072952705,0.6889736685942274
F001828,0.0,0.3552763819095477,0.2222222222222221,0.3849001794597505,0.0,1.0,1.0,1.0,0.0,real,3,0.3701005025125628,0.3552763819095477,0.3391959798994975,0.08479899497487438,0.247818552561804,0.35653345243806966
F001829,0.0,0.3552763819095477,0.3888888888888889,0.8388704928078611,0.0,1.0,1.0,1.0,0.0,real,3,0.3701005025125628,0.3552763819095477,0.9527638190954774,0.23819095477386934,0.36135943536779375,0.35880735334966285
F001830,0.0,0.3552763819095477,0.1666666666666666,0.5773502691896258,0.0,1.0,1.0,1.0,0.0,real,3,0.3701005025125628,0.3552763819095477,0.6907035175879397,0.17267587939698492,0.31286511072952705,0.35783614997096025
F001831,0.0,0.3552763819095477,0.1527777777777777,0.3367876570272816,0.0,1.0,1.0,1.0,0.0,real,3,0.3701005025125628,0.3552763819095477,0.2236180904522613,0.055904522613065326,0.22643083507992223,0.35610511729501776
F001832,0.0,0.3552763819095477,0.3055555555555556,0.6735753140545634,0.0,1.0,1.0,1.0,0.0,real,3,0.3701005025125628,0.3552763819095477,0.8233668341708543,0.20584170854271358,0.33741449079568697,0.3583278042221156
F001833,0.0,0.3552763819095477,0.25,0.5,0.25,1.0,1.0,1.0,0.25,real,3,0.8304020100502513,0.3552763819095477,0.4663316582914573,0.11658291457286432,0.6088223782227721,0.41066791242645384
F001834,0.3631054658256801,0.9542713567839196,0.7777777777777777,0.3849001794597506,0.0,1.0,1.0,1.0,0.0,real,3,0.3701005025125628,0.9542713567839196,0.35904522613065326,0.08976130653266332,0.2514916605641272,0.9018354176662206
F001835,0.0,0.3552763819095477,0.5416666666666666,0.3632415786283894,0.0,1.0,1.0,1.0,0.0,real,3,0.3701005025125628,0.3552763819095477,0.2984924623115578,0.07462311557788945,0.24028635640514132,0.35638260397464705
F001836,0.0,0.3552763819095477,0.5694444444444444,0.3367876570272816,0.0,1.0,1.0,1.0,0.0,real,3,0.3701005025125628,0.3552763819095477,0.2236180904522613,0.055904522613065326,0.22643083507992223,0.35610511729501776
F001837,0.0483797153000638,0.7670854271356784,0.6805555555555556,0.6254627916220946,0.0,1.0,1.0,1.0,0.0,real,3,0.3701005025125628,0.7670854271356784,0.7464824120603015,0.18662060301507538,0.3231870091664352,0.6929998611146183
F001838,0.0,0.3552763819095477,0.5416666666666666,0.3632415786283894,0.25,1.0,1.0,1.0,0.25,real,3,0.8304020100502513,0.3552763819095477,0.2984924623115578,0.07462311557788945,0.5391353753693089,0.3907317365723087
F001839,0.0,0.3552763819095477,0.2083333333333333,0.7216878364870323,0.0,1.0,1.0,1.0,0.0,real,3,0.3701005025125628,0.3552763819095477,0.8907035175879398,0.22267587939698494,0.34987516098078336,0.358577356001111
F001840,0.0,0.3552763819095477,0.361111111111111,0.5357583756107197,0.0,1.0,1.0,1.0,0.0,real,3,0.3701005025125628,0.3552763819095477,0.621859296482412,0.155464824120603,0.3001254703164062,0.35758101121183805
F001841,0.0297721324923469,0.7414572864321608,0.6111111111111112,0.3849001794597506,0.0,1.0,1.0,1.0,0.0,real,3,0.3701005025125628,0.7414572864321608,0.35904522613065326,0.08976130653266332,0.2514916605641272,0.7081238163177698
F001842,0.2666854362923786,0.9085427135678392,0.7361111111111112,0.4110735718596873,0.25,1.0,1.0,1.0,0.25,real,3,0.8304020100502513,0.9085427135678392,0.3821608040201005,0.09554020100502512,0.5738745549354815,0.9010771350470947
F001843,0.0,0.3552763819095477,0.1944444444444444,0.3469443332443554,0.0,1.0,1.0,1.0,0.0,real,3,0.3701005025125628,0.3552763819095477,0.2562814070351759,0.06407035175879397,0.23247519002045403,0.3562261685310977
F001844,0.0,0.3552763819095477,0.4583333333333333,0.1443375672974064,0.25,1.0,1.0,1.0,0.25,real,3,0.8304020100502513,0.3552763819095477,0.02864321608040201,0.007160804020100503,0.42709369712886036,0.3586786634175904
F001845,0.0,0.3552763819095477,0.4027777777777778,0.1734721666221777,0.0,1.0,1.0,1.0,0.0,real,3,0.3701005025125628,0.3552763819095477,0.0592964824120603,0.014824120603015075,0.19602308022524684,0.35549613646120043
F001846,0.0,0.3552763819095477,0.3194444444444444,0.8988160937424132,0.25,1.0,1.0,1.0,0.25,real,3,0.8304020100502513,0.3552763819095477,0.9771356783919598,0.24428391959798995,0.8209087207393753,0.4713419326532158
F001847,0.1077083611333555,0.800502512562814,0.5972222222222222,0.1734721666221776,0.25,1.0,1.0,1.0,0.25,real,3,0.8304020100502513,0.800502512562814,0.04874371859296482,0.012185929648241205,0.4354394459735866,0.8008668657357136
F001848,0.0,0.3552763819095477,0.4583333333333333,0.3632415786283894,0.25,1.0,1.0,1.0,0.25,real,3,0.8304020100502513,0.3552763819095477,0.2984924623115578,0.07462311557788945,0.5391353753693089,0.3907317365723087
F001849,0.0,0.3552763819095477,0.2222222222222222,0.5091750772173156,0.0,1.0,1.0,1.0,0.0,real,3,0.3701005025125628,0.3552763819095477,0.5258793969849246,0.13146984924623115,0.2823643657988435,0.3572253068104341
F001850,0.0,0.3552763819095477,0.6666666666666666,0.6666666666666667,0.0,1.0,1.0,1.0,0.0,real,3,0.3701005025125628,0.3552763819095477,0.7914572864321608,0.1978643216080402,0.3315096209691675,0.35820954647609904
F001851,0.25,0.8997487437185929,0.75,0.5,0.0,1.0,1.0,1.0,0.0,real,3,0.3701005025125628,0.8997487437185929,0.4663316582914573,0.11658291457286432,0.2713450417918739,0.8380008080604026
F001852,0.0,0.3552763819095477,0.1527777777777777,0.0481125224324687,0.0,1.0,1.0,1.0,0.0,real,3,0.3701005025125628,0.3552763819095477,0.004020100502512563,0.0010050251256281408,0.18579417186434688,0.35529128052321907
F001853,0.0,0.3552763819095477,0.3472222222222222,0.3367876570272817,0.25,1.0,1.0,1.0,0.25,real,3,0.8304020100502513,0.3552763819095477,0.2379396984924623,0.059484924623115575,0.5139938069745713,0.3835391940860079
F001854,0.4510034825212683,0.9751256281407036,0.8194444444444444,0.3757708127352412,0.5,1.0,1.0,1.0,0.5,real,3,0.9587939698492463,0.9751256281407036,0.32437185929648243,0.08109296482412061,0.6348998762657508,0.9738012455493549
F001855,0.0,0.3552763819095477,0.3055555555555556,0.6735753140545634,0.0,1.0,1.0,1.0,0.0,real,3,0.3701005025125628,0.3552763819095477,0.8233668341708543,0.20584170854271358,0.33741449079568697,0.3583278042221156
F001856,0.0,0.3552763819095477,0.2222222222222222,0.5091750772173156,0.0,1.0,1.0,1.0,0.0,real,3,0.3701005025125628,0.3552763819095477,0.5258793969849246,0.13146984924623115,0.2823643657988435,0.3572253068104341
F001857,0.0,0.3552763819095477,0.4444444444444444,0.5091750772173156,0.0,1.0,1.0,1.0,0.0,real,3,0.3701005025125628,0.3552763819095477,0.5258793969849246,0.13146984924623115,0.2823643657988435,0.3572253068104341
F001858,0.0,0.3552763819095477,0.2777777777777778,0.6938886664887108,0.0,1.0,1.0,1.0,0.0,real,3,0.3701005025125628,0.3552763819095477,0.8449748743718593,0.2112437185929648,0.34141306406403876,0.3584078842705992
F001859,0.0,0.3552763819095477,0.4166666666666666,0.6009252125773316,0.0,1.0,1.0,1.0,0.0,real,3,0.3701005025125628,0.3552763819095477,0.7228643216080402,0.18071608040201004,0.31881647559405063,0.35795533888033126
F001860,0.0,0.3552763819095477,0.1527777777777777,0.3367876570272816,0.0,1.0,1.0,1.0,0.0,real,3,0.3701005025125628,0.3552763819095477,0.2236180904522613,0.055904522613065326,0.22643083507992223,0.35610511729501776
F001861,0.0975001112000889,0.7939698492462312,0.7222222222222222,0.6938886664887111,0.0,1.0,1.0,1.0,0.0,real,3,0.3701005025125628,0.7939698492462312,0.8723618090452261,0.21809045226130652,0.34648102320648466,0.7015279917173809
F001862,0.1898569058357866,0.8753768844221106,0.7222222222222222,0.5091750772173156,0.5,1.0,1.0,1.0,0.5,real,3,0.9587939698492463,0.8753768844221106,0.5258793969849246,0.13146984924623115,0.731501982273175,0.8863437160677761
F001863,0.0,0.3552763819095477,0.2777777777777778,0.6938886664887108,0.5,1.0,1.0,1.0,0.5,real,3,0.9587939698492463,0.3552763819095477,0.8449748743718593,0.2112437185929648,0.8844753920355547,0.48276568142218623
F001864,0.0964922377325326,0.7904522613065327,0.6805555555555556,0.529237746757157,0.5,1.0,1.0,1.0,0.5,real,3,0.9587939698492463,0.7904522613065327,0.6135678391959799,0.15339195979899498,0.7735395570818919,0.8162745258958107
F001865,0.1898569058357866,0.8753768844221106,0.7222222222222222,0.5091750772173156,0.25,1.0,1.0,1.0,0.25,real,3,0.8304020100502513,0.8753768844221106,0.5258793969849246,0.13146984924623115,0.6335466591752734,0.869464044468574
F001866,0.0,0.3552763819095477,0.2222222222222222,0.769800358919501,0.0,1.0,1.0,1.0,0.0,real,3,0.3701005025125628,0.3552763819095477,0.928894472361809,0.23222361809045225,0.3569424067574051,0.35871889283098907
F001867,0.0,0.3552763819095477,0.4444444444444444,0.1924500897298753,0.25,1.0,1.0,1.0,0.25,real,3,0.8304020100502513,0.3552763819095477,0.09321608040201006,0.023304020100502514,0.45390441529254316,0.36634871909800254
F001868,0.0,0.3552763819095477,0.4583333333333333,0.3632415786283894,0.25,1.0,1.0,1.0,0.25,real,3,0.8304020100502513,0.3552763819095477,0.2984924623115578,0.07462311557788945,0.5391353753693089,0.3907317365723087
F001869,0.0446581987385203,0.7555276381909548,0.6666666666666666,0.5773502691896258,0.25,1.0,1.0,1.0,0.25,real,3,0.8304020100502513,0.7555276381909548,0.6907035175879397,0.17267587939698492,0.7019817997020278,0.7684566361960556
F001870,0.0,0.3552763819095477,0.2777777777777778,0.6938886664887108,0.0,1.0,1.0,1.0,0.0,real,3,0.3701005025125628,0.3552763819095477,0.8449748743718593,0.2112437185929648,0.34141306406403876,0.3584078842705992
F001871,0.0,0.3552763819095477,0.3611111111111111,0.2545875386086578,0.0,1.0,1.0,1.0,0.0,real,3,0.3701005025125628,0.3552763819095477,0.15100502512562813,0.037751256281407033,0.21299376909673998,0.3558360110855786
F001872,0.25,0.8997487437185929,0.75,0.5,0.0,1.0,1.0,1.0,0.0,real,3,0.3701005025125628,0.8997487437185929,0.4663316582914573,0.11658291457286432,0.2713450417918739,0.8380008080604026
F001873,0.0,0.3552763819095477,0.2916666666666666,0.2204792759220492,0.0,1.0,1.0,1.0,0.0,real,3,0.3701005025125628,0.3552763819095477,0.11256281407035176,0.02814070351758794,0.2058800282821141,0.35569354309234613
F001874,0.0,0.3552763819095477,0.4444444444444444,0.1924500897298753,0.0,1.0,1.0,1.0,0.0,real,3,0.3701005025125628,0.3552763819095477,0.09321608040201006,0.023304020100502514,0.2022999103557991,0.3556218435140526
F001875,0.0,0.3552763819095477,0.6666666666666666,0.881917103688197,0.0,1.0,1.0,1.0,0.0,real,3,0.3701005025125628,0.3552763819095477,0.9695979899497488,0.2423994974874372,0.3644746029140678,0.35886974129441174
F001876,0.0,0.3552763819095477,0.1111111111111111,0.3849001794597505,0.0,1.0,1.0,1.0,0.0,real,3,0.3701005025125628,0.3552763819095477,0.3391959798994975,0.08479899497487438,0.247818552561804,0.35653345243806966
F001877,0.0,0.3552763819095477,0.6527777777777778,0.6684005230842202,0.25,1.0,1.0,1.0,0.25,real,3,0.8304020100502513,0.3552763819095477,0.8040201005025126,0.20100502512562815,0.7490309588141714,0.45077902073179965
F001878,0.0,0.3552763819095477,0.2777777777777778,0.9622504486493764,0.25,1.0,1.0,1.0,0.25,real,3,0.8304020100502513,0.3552763819095477,0.9869346733668342,0.24673366834170854,0.8249772733011792,0.472505871063862
F001879,0.0,0.3552763819095477,0.375,0.5464532103585,0.0,1.0,1.0,1.0,0.0,real,3,0.3701005025125628,0.3552763819095477,0.642462311557789,0.16061557788944725,0.3039380634327416,0.3576573666069038
F001880,0.0,0.3552763819095477,0.4166666666666666,0.4409585518440984,0.0,1.0,1.0,1.0,0.0,real,3,0.3701005025125628,0.3552763819095477,0.4248743718592965,0.10621859296482412,0.26367336052119894,0.3568509791419408
F001881,0.0,0.3552763819095477,0.5833333333333334,0.6009252125773316,0.5,1.0,1.0,1.0,0.5,real,3,0.9587939698492463,0.3552763819095477,0.7228643216080402,0.18071608040201004,0.8259359612131006,0.46434171485568543
F001882,0.1898569058357866,0.8753768844221106,0.7222222222222222,0.5091750772173156,0.0,1.0,1.0,1.0,0.0,real,3,0.3701005025125628,0.8753768844221106,0.5258793969849246,0.13146984924623115,0.2823643657988435,0.8089482746647811
F001883,0.0,0.3552763819095477,0.375,0.5464532103585,0.0,1.0,1.0,1.0,0.0,real,3,0.3701005025125628,0.3552763819095477,0.642462311557789,0.16061557788944725,0.3039380634327416,0.3576573666069038
F001884,0.0,0.3552763819095477,0.2916666666666666,0.5204164998665332,0.5,1.0,1.0,1.0,0.5,real,3,0.9587939698492463,0.3552763819095477,0.5768844221105528,0.1442211055276382,0.7559536375344058,0.44231635564758465
F001885,0.4376389444889332,0.9701005025125627,0.8055555555555556,0.3469443332443555,0.0,1.0,1.0,1.0,0.0,real,3,0.3701005025125628,0.9701005025125627,0.27889447236180903,0.06972361809045226,0.2366597434408222,0.9282663316582913
F001886,0.0,0.3552763819095477,0.1944444444444444,0.3469443332443554,0.0,1.0,1.0,1.0,0.0,real,3,0.3701005025125628,0.3552763819095477,0.2562814070351759,0.06407035175879397,0.23247519002045403,0.3562261685310977
F001887,0.1564584167334001,0.8407035175879397,0.7083333333333334,0.5204164998665332,0.25,1.0,1.0,1.0,0.25,real,3,0.8304020100502513,0.8407035175879397,0.5768844221105528,0.1442211055276382,0.654723996868766,0.839217822782253
F001888,0.0,0.3552763819095477,0.6666666666666666,0.6666666666666667,0.0,1.0,1.0,1.0,0.0,real,3,0.3701005025125628,0.3552763819095477,0.7914572864321608,0.1978643216080402,0.3315096209691675,0.35820954647609904
F001889,0.0,0.3552763819095477,0.25,0.8660254037844386,0.5,1.0,1.0,1.0,0.5,real,3,0.9587939698492463,0.3552763819095477,0.9630653266331658,0.24076633165829145,0.9410875987980101,0.5005830976490493
F001890,0.0,0.3552763819095477,0.4166666666666667,0.2886751345948129,0.0,1.0,1.0,1.0,0.0,real,3,0.3701005025125628,0.3552763819095477,0.17185929648241205,0.04296482412060301,0.2168528572510795,0.35591329764399887
F001891,0.3631054658256801,0.9542713567839196,0.7777777777777777,0.3849001794597506,0.25,1.0,1.0,1.0,0.25,real,3,0.8304020100502513,0.9542713567839196,0.35904522613065326,0.08976130653266332,0.5642769437640465,0.943152682381758
F001892,0.0,0.3552763819095477,0.1944444444444444,0.3469443332443554,0.0,1.0,1.0,1.0,0.0,real,3,0.3701005025125628,0.3552763819095477,0.2562814070351759,0.06407035175879397,0.23247519002045403,0.3562261685310977
F001893,0.0,0.3552763819095477,0.375,0.4330127018922193,0.0,1.0,1.0,1.0,0.0,real,3,0.3701005025125628,0.3552763819095477,0.4115577889447236,0.1028894472361809,0.2612091235069821,0.3568016274841544
F001894,0.0,0.3552763819095477,0.3055555555555556,0.6735753140545634,0.25,1.0,1.0,1.0,0.25,real,3,0.8304020100502513,0.3552763819095477,0.8233668341708543,0.20584170854271358,0.7570637420772203,0.4530770529784601
F001895,0.0,0.3552763819095477,0.1944444444444444,0.3469443332443554,0.25,1.0,1.0,1.0,0.25,real,3,0.8304020100502513,0.3552763819095477,0.2562814070351759,0.06407035175879397,0.5216093027953839,0.3857178480341405
F001896,0.0,0.3552763819095477,0.3333333333333333,0.3333333333333333,0.0,1.0,1.0,1.0,0.0,real,3,0.3701005025125628,0.3552763819095477,0.2020100502512563,0.05050251256281407,0.22243226181157041,0.35602503724653417
F001897,0.0,0.3552763819095477,0.6944444444444444,0.7876359377087682,0.0,1.0,1.0,1.0,0.0,real,3,0.3701005025125628,0.3552763819095477,0.9444723618090453,0.23611809045226131,0.35982509911365873,0.3587766249589657
F001898,0.1666666666666666,0.8492462311557789,0.6666666666666666,0.3333333333333333,0.0,1.0,1.0,1.0,0.0,real,3,0.3701005025125628,0.8492462311557789,0.2020100502512563,0.05050251256281407,0.22243226181157041,0.8250481679755562
F001899,0.0,0.3552763819095477,0.3611111111111111,0.8552669065744807,0.0,1.0,1.0,1.0,0.0,real,3,0.3701005025125628,0.3552763819095477,0.9580402010050251,0.23951005025125627,0.36233583116587964,0.35882690778010656
F001900,0.0669872981077807,0.7886934673366834,0.75,0.8660254037844386,0.0,1.0,1.0,1.0,0.0,real,3,0.3701005025125628,0.7886934673366834,0.9630653266331658,0.24076633165829145,0.36326573192596145,0.6879103747380118
F001901,0.1259971773572845,0.8105527638190955,0.611111111111111,0.1924500897298752,0.0,1.0,1.0,1.0,0.0,real,3,0.3701005025125628,0.8105527638190955,0.07613065326633166,0.019032663316582914,0.19913824777152095,0.8021697842226206
F001902,0.1898569058357866,0.8753768844221106,0.7222222222222222,0.5091750772173156,0.0,1.0,1.0,1.0,0.0,real,3,0.3701005025125628,0.8753768844221106,0.5258793969849246,0.13146984924623115,0.2823643657988435,0.8089482746647811
F001903,0.0,0.3552763819095477,0.3333333333333333,0.881917103688197,0.0,1.0,1.0,1.0,0.0,real,3,0.3701005025125628,0.3552763819095477,0.9695979899497488,0.2423994974874372,0.3644746029140678,0.35886974129441174
F001904,0.0483797153000638,0.7670854271356784,0.6805555555555556,0.6254627916220946,0.0,1.0,1.0,1.0,0.0,real,3,0.3701005025125628,0.7670854271356784,0.7464824120603015,0.18662060301507538,0.3231870091664352,0.6929998611146183
F001905,0.0,0.3552763819095477,0.625,0.5464532103585001,0.0,1.0,1.0,1.0,0.0,real,3,0.3701005025125628,0.3552763819095477,0.6507537688442211,0.16268844221105527,0.3054723996868766,0.357688094997601
F001906,0.0,0.3552763819095477,0.625,0.7949493345141214,0.0,1.0,1.0,1.0,0.0,real,3,0.3701005025125628,0.3552763819095477,0.9469849246231156,0.2367462311557789,0.36029004949369964,0.35878593659251024
F001907,0.0,0.3552763819095477,0.3055555555555556,0.6735753140545634,0.0,1.0,1.0,1.0,0.0,real,3,0.3701005025125628,0.3552763819095477,0.8233668341708543,0.20584170854271358,0.33741449079568697,0.3583278042221156
F001908,0.0,0.3552763819095477,0.4305555555555555,0.4738533919231106,0.5,1.0,1.0,1.0,0.5,real,3,0.9587939698492463,0.3552763819095477,0.44748743718592965,0.11187185929648241,0.6939211131032045,0.42279301659049007
F001909,0.0,0.3552763819095477,0.2916666666666666,0.5204164998665332,0.25,1.0,1.0,1.0,0.25,real,3,0.8304020100502513,0.3552763819095477,0.5768844221105528,0.1442211055276382,0.654723996868766,0.4237995252645135
F001910,0.1485783278408043,0.8226130653266331,0.7361111111111112,0.6472877887628358,0.25,1.0,1.0,1.0,0.25,real,3,0.8304020100502513,0.8226130653266331,0.7580402010050251,0.18951005025125628,0.7299400583318603,0.8240891486326102
F001911,0.0,0.3552763819095477,0.3194444444444444,0.3757708127352411,0.5,1.0,1.0,1.0,0.5,real,3,0.9587939698492463,0.3552763819095477,0.3123115577889447,0.07807788944723618,0.6291182040857554,0.40239776142016614
F001912,0.0,0.3552763819095477,0.2361111111111111,0.4110735718596873,0.25,1.0,1.0,1.0,0.25,real,3,0.8304020100502513,0.3552763819095477,0.3821608040201005,0.09554020100502512,0.5738745549354815,0.4006699799247493
F001913,0.0297721324923469,0.7414572864321608,0.6111111111111112,0.3849001794597506,0.0,1.0,1.0,1.0,0.0,real,3,0.3701005025125628,0.7414572864321608,0.35904522613065326,0.08976130653266332,0.2514916605641272,0.7081238163177698
F001914,0.0,0.3552763819095477,0.4444444444444444,0.1924500897298753,0.0,1.0,1.0,1.0,0.0,real,3,0.3701005025125628,0.3552763819095477,0.09321608040201006,0.023304020100502514,0.2022999103557991,0.3556218435140526
F001915,0.3009680169468978,0.9190954773869346,0.7777777777777778,0.5091750772173156,0.0,1.0,1.0,1.0,0.0,real,3,0.3701005025125628,0.9190954773869346,0.5258793969849246,0.13146984924623115,0.2823643657988435,0.8469191908032625
F001916,0.0,0.3552763819095477,0.2222222222222222,0.5091750772173156,0.0,1.0,1.0,1.0,0.0,real,3,0.3701005025125628,0.3552763819095477,0.5258793969849246,0.13146984924623115,0.2823643657988435,0.3572253068104341
F001917,0.0,0.3552763819095477,0.4027777777777777,0.5023094811118091,0.0,1.0,1.0,1.0,0.0,real,3,0.3701005025125628,0.3552763819095477,0.48391959798994977,0.12097989949748744,0.2745996944521603,0.35706980253023907
F001918,0.0,0.3552763819095477,0.0833333333333333,0.2886751345948128,0.25,1.0,1.0,1.0,0.25,real,3,0.8304020100502513,0.3552763819095477,0.16557788944723617,0.04139447236180904,0.48394911113355726,0.3749439565920052
F001919,0.0098985899724178,0.7160804020100503,0.6388888888888888,0.5357583756107198,0.0,1.0,1.0,1.0,0.0,real,3,0.3701005025125628,0.7160804020100503,0.6336683417085427,0.15841708542713567,0.3023107371025984,0.6612712747152851
F001920,0.0,0.3552763819095477,0.6111111111111112,0.693888666488711,0.0,1.0,1.0,1.0,0.0,real,3,0.3701005025125628,0.3552763819095477,0.8597989949748743,0.21494974874371858,0.3441562713062801,0.35846282290851234
F001921,0.0098985899724178,0.7160804020100503,0.6388888888888888,0.5357583756107198,0.0,1.0,1.0,1.0,0.0,real,3,0.3701005025125628,0.7160804020100503,0.6336683417085427,0.15841708542713567,0.3023107371025984,0.6612712747152851
F001922,0.0,0.3552763819095477,0.3611111111111111,0.2545875386086578,0.5,1.0,1.0,1.0,0.5,real,3,0.9587939698492463,0.3552763819095477,0.15100502512562813,0.037751256281407033,0.5517883386783162,0.3780599290421959
F001923,0.0297721324923469,0.7414572864321608,0.6111111111111112,0.3849001794597506,0.25,1.0,1.0,1.0,0.25,real,3,0.8304020100502513,0.7414572864321608,0.35904522613065326,0.08976130653266332,0.5642769437640465,0.7494410810333072
F001924,0.0,0.3552763819095477,0.2083333333333333,0.2204792759220492,0.0,1.0,1.0,1.0,0.0,real,3,0.3701005025125628,0.3552763819095477,0.11256281407035176,0.02814070351758794,0.2058800282821141,0.35569354309234613
F001925,0.0,0.3552763819095477,0.6666666666666666,0.6666666666666667,0.25,1.0,1.0,1.0,0.25,real,3,0.8304020100502513,0.3552763819095477,0.7914572864321608,0.1978643216080402,0.7438148657862176,0.44928679200020194
F001926,0.25,0.8997487437185929,0.75,0.5,0.5,1.0,1.0,1.0,0.5,real,3,0.9587939698492463,0.8997487437185929,0.4663316582914573,0.11658291457286432,0.7029549758844473,0.9066324082725183
F001927,0.0,0.3552763819095477,0.2222222222222222,0.769800358919501,0.0,1.0,1.0,1.0,0.0,real,3,0.3701005025125628,0.3552763819095477,0.928894472361809,0.23222361809045225,0.3569424067574051,0.35871889283098907
F001928,0.0,0.3552763819095477,0.4027777777777778,0.1734721666221777,0.0,1.0,1.0,1.0,0.0,real,3,0.3701005025125628,0.3552763819095477,0.0592964824120603,0.014824120603015075,0.19602308022524684,0.35549613646120043
F001929,0.0,0.3552763819095477,0.4861111111111111,0.2926570486903539,0.25,1.0,1.0,1.0,0.25,real,3,0.8304020100502513,0.3552763819095477,0.18266331658291457,0.04566582914572864,0.49104299765157444,0.3769733876669781
F001930,0.0,0.3552763819095477,0.6111111111111112,0.693888666488711,0.0,1.0,1.0,1.0,0.0,real,3,0.3701005025125628,0.3552763819095477,0.8597989949748743,0.21494974874371858,0.3441562713062801,0.35846282290851234
F001931,0.0,0.3552763819095477,0.3888888888888889,0.3849001794597506,0.25,1.0,1.0,1.0,0.25,real,3,0.8304020100502513,0.3552763819095477,0.35904522613065326,0.08976130653266332,0.5642769437640465,0.3979242790586096
F001932,0.0,0.3552763819095477,0.1666666666666666,0.3333333333333333,0.0,1.0,1.0,1.0,0.0,real,3,0.3701005025125628,0.3552763819095477,0.2020100502512563,0.05050251256281407,0.22243226181157041,0.35602503724653417
F001933,0.0521012318616071,0.7761306532663317,0.6944444444444444,0.6735753140545634,0.0,1.0,1.0,1.0,0.0,real,3,0.3701005025125628,0.7761306532663317,0.8233668341708543,0.20584170854271358,0.33741449079568697,0.6925527133153203
F001934,0.0,0.3552763819095477,0.2222222222222222,0.5091750772173156,0.5,1.0,1.0,1.0,0.5,real,3,0.9587939698492463,0.3552763819095477,0.5258793969849246,0.13146984924623115,0.731501982273175,0.4346207482134289
F001935,0.0,0.3552763819095477,0.1666666666666666,0.5773502691896258,0.25,1.0,1.0,1.0,0.25,real,3,0.8304020100502513,0.3552763819095477,0.6907035175879397,0.17267587939698492,0.7019817997020278,0.4373191175727885
F001936,0.0,0.3552763819095477,0.6388888888888888,0.7515416254704823,0.5,1.0,1.0,1.0,0.5,real,3,0.9587939698492463,0.3552763819095477,0.9095477386934674,0.22738693467336685,0.9154314284992804,0.4925083962526199
F001937,0.0,0.3552763819095477,0.1666666666666666,0.3333333333333333,0.0,1.0,1.0,1.0,0.0,real,3,0.3701005025125628,0.3552763819095477,0.2020100502512563,0.05050251256281407,0.22243226181157041,0.35602503724653417
F001938,0.0,0.3552763819095477,0.6111111111111112,0.693888666488711,0.0,1.0,1.0,1.0,0.0,real,3,0.3701005025125628,0.3552763819095477,0.8597989949748743,0.21494974874371858,0.3441562713062801,0.35846282290851234
F001939,0.0,0.3552763819095477,0.2083333333333333,0.5204164998665333,0.25,1.0,1.0,1.0,0.25,real,3,0.8304020100502513,0.3552763819095477,0.6005025125628141,0.15012562814070352,0.6645302517613192,0.4266049152799171
F001940,0.0,0.3552763819095477,0.3888888888888889,0.693888666488711,0.0,1.0,1.0,1.0,0.0,real,3,0.3701005025125628,0.3552763819095477,0.8597989949748743,0.21494974874371858,0.3441562713062801,0.35846282290851234
F001941,0.0,0.3552763819095477,0.3194444444444444,0.3757708127352411,0.25,1.0,1.0,1.0,0.25,real,3,0.8304020100502513,0.3552763819095477,0.3123115577889447,0.07807788944723618,0.544873077700058,0.3923731881770662
F001942,0.0,0.3552763819095477,0.4166666666666666,0.4409585518440984,0.25,1.0,1.0,1.0,0.25,real,3,0.8304020100502513,0.3552763819095477,0.4248743718592965,0.10621859296482412,0.5916092712305244,0.40574355761218145
F001943,0.0,0.3552763819095477,0.5833333333333333,0.4409585518440985,0.0,1.0,1.0,1.0,0.0,real,3,0.3701005025125628,0.3552763819095477,0.43517587939698493,0.10879396984924623,0.2655796570793667,0.3568891568394737
F001944,0.0,0.3552763819095477,0.2222222222222221,0.3849001794597505,0.25,1.0,1.0,1.0,0.25,real,3,0.8304020100502513,0.3552763819095477,0.3391959798994975,0.08479899497487438,0.5560355167798793,0.3955665576626852
F001945,0.0,0.3552763819095477,0.625,0.5464532103585001,0.25,1.0,1.0,1.0,0.25,real,3,0.8304020100502513,0.3552763819095477,0.6507537688442211,0.16268844221105527,0.6853946238731345,0.4325738302063079
F001946,0.0,0.3552763819095477,0.3611111111111111,0.8552669065744807,0.0,1.0,1.0,1.0,0.0,real,3,0.3701005025125628,0.3552763819095477,0.9580402010050251,0.23951005025125627,0.36233583116587964,0.35882690778010656
F001947,0.1898569058357866,0.8753768844221106,0.7222222222222222,0.5091750772173156,0.25,1.0,1.0,1.0,0.25,real,3,0.8304020100502513,0.8753768844221106,0.5258793969849246,0.13146984924623115,0.6335466591752734,0.869464044468574
F001948,0.0,0.3552763819095477,0.3472222222222222,0.0481125224324688,0.25,1.0,1.0,1.0,0.25,real,3,0.8304020100502513,0.3552763819095477,0.008542713567839196,0.002135678391959799,0.4187479482841342,0.35629109744703413
F001949,0.0,0.3552763819095477,0.361111111111111,0.5357583756107197,0.0,1.0,1.0,1.0,0.0,real,3,0.3701005025125628,0.3552763819095477,0.621859296482412,0.155464824120603,0.3001254703164062,0.35758101121183805
F001950,0.0,0.3552763819095477,0.1666666666666666,0.5773502691896258,0.0,1.0,1.0,1.0,0.0,real,3,0.3701005025125628,0.3552763819095477,0.6907035175879397,0.17267587939698492,0.31286511072952705,0.35783614997096025
F001951,0.0,0.3552763819095477,0.2222222222222222,0.769800358919501,0.0,1.0,1.0,1.0,0.0,real,3,0.3701005025125628,0.3552763819095477,0.928894472361809,0.23222361809045225,0.3569424067574051,0.35871889283098907
F001952,0.0,0.3552763819095477,0.1944444444444444,0.3469443332443554,0.0,1.0,1.0,1.0,0.0,real,3,0.3701005025125628,0.3552763819095477,0.2562814070351759,0.06407035175879397,0.23247519002045403,0.3562261685310977
F001953,0.0,0.3552763819095477,0.6666666666666666,0.881917103688197,0.0,1.0,1.0,1.0,0.0,real,3,0.3701005025125628,0.3552763819095477,0.9695979899497488,0.2423994974874372,0.3644746029140678,0.35886974129441174
F001954,0.0,0.3552763819095477,0.3194444444444444,0.3757708127352411,0.0,1.0,1.0,1.0,0.0,real,3,0.3701005025125628,0.3552763819095477,0.3123115577889447,0.07807788944723618,0.24284358349536625,0.3564338179591424
F001955,0.0,0.3552763819095477,0.2916666666666666,0.2204792759220492,0.25,1.0,1.0,1.0,0.25,real,3,0.8304020100502513,0.3552763819095477,0.11256281407035176,0.02814070351758794,0.46193719855559207,0.368646751344663
F001956,0.0,0.3552763819095477,0.3333333333333333,0.6666666666666666,0.0,1.0,1.0,1.0,0.0,real,3,0.3701005025125628,0.3552763819095477,0.7771356783919598,0.19428391959798996,0.32885940380293427,0.3581564701648948
F001957,0.1259971773572845,0.8105527638190955,0.611111111111111,0.1924500897298752,0.0,1.0,1.0,1.0,0.0,real,3,0.3701005025125628,0.8105527638190955,0.07613065326633166,0.019032663316582914,0.19913824777152095,0.8021697842226206
F001958,0.4074964716966057,0.964321608040201,0.7638888888888888,0.2405626121623441,0.0,1.0,1.0,1.0,0.0,real,3,0.3701005025125628,0.964321608040201,0.13442211055276382,0.033605527638190955,0.20992509658847,0.9443524942551955
F001959,0.0,0.3552763819095477,0.1527777777777777,0.3367876570272816,0.0,1.0,1.0,1.0,0.0,real,3,0.3701005025125628,0.3552763819095477,0.2236180904522613,0.055904522613065326,0.22643083507992223,0.35610511729501776
F001960,0.0,0.3552763819095477,0.5416666666666666,0.3632415786283894,0.75,1.0,1.0,1.0,0.75,real,3,0.9987437185929648,0.3552763819095477,0.2984924623115578,0.07462311557788945,0.6484305951869903,0.403293919345471
F001961,0.0975001112000889,0.7939698492462312,0.7222222222222222,0.6938886664887111,0.0,1.0,1.0,1.0,0.0,real,3,0.3701005025125628,0.7939698492462312,0.8723618090452261,0.21809045226130652,0.34648102320648466,0.7015279917173809
F001962,0.0,0.3552763819095477,0.2638888888888888,0.7087417123429485,0.25,1.0,1.0,1.0,0.25,real,3,0.8304020100502513,0.3552763819095477,0.8801507537688442,0.22003768844221105,0.7806404825635717,0.45982192684528167
F001963,0.0,0.3552763819095477,0.1666666666666666,0.5773502691896258,0.0,1.0,1.0,1.0,0.0,real,3,0.3701005025125628,0.3552763819095477,0.6907035175879397,0.17267587939698492,0.31286511072952705,0.35783614997096025
F001964,0.25,0.8997487437185929,0.75,0.5,0.5,1.0,1.0,1.0,0.5,real,3,0.9587939698492463,0.8997487437185929,0.4663316582914573,0.11658291457286432,0.7029549758844473,0.9066324082725183
F001965,0.306427028705642,0.9263819095477388,0.7083333333333334,0.2204792759220492,0.0,1.0,1.0,1.0,0.0,real,3,0.3701005025125628,0.9263819095477388,0.11256281407035176,0.02814070351758794,0.2058800282821141,0.9107277594000154
F001966,0.0,0.3552763819095477,0.5833333333333334,0.6009252125773316,0.25,1.0,1.0,1.0,0.25,real,3,0.8304020100502513,0.3552763819095477,0.7228643216080402,0.18071608040201004,0.7153349978535896,0.44113922312567866
F001967,0.0,0.3552763819095477,0.2777777777777778,0.9622504486493764,0.0,1.0,1.0,1.0,0.0,real,3,0.3701005025125628,0.3552763819095477,0.9869346733668342,0.24673366834170854,0.3676827605363501,0.3589339915658695
F001968,0.0,0.3552763819095477,0.3611111111111111,0.2545875386086578,0.0,1.0,1.0,1.0,0.0,real,3,0.3701005025125628,0.3552763819095477,0.15100502512562813,0.037751256281407033,0.21299376909673998,0.3558360110855786
F001969,0.0,0.3552763819095477,0.25,0.8660254037844386,0.0,1.0,1.0,1.0,0.0,real,3,0.3701005025125628,0.3552763819095477,0.9630653266331658,0.24076633165829145,0.36326573192596145,0.35884553104719574
F001970,0.0,0.3552763819095477,0.6944444444444444,0.787635937708768,0.0,1.0,1.0,1.0,0.0,real,3,0.3701005025125628,0.3552763819095477,0.942713567839196,0.235678391959799,0.3594996338476301,0.3587701068154844
F001971,0.0,0.3552763819095477,0.3055555555555556,0.0962250448649376,0.0,1.0,1.0,1.0,0.0,real,3,0.3701005025125628,0.3552763819095477,0.018090452261306532,0.004522613065326633,0.18839789399257595,0.35534342567106886
F001972,0.0,0.3552763819095477,0.3472222222222222,0.6684005230842202,0.0,1.0,1.0,1.0,0.0,real,3,0.3701005025125628,0.3552763819095477,0.8040201005025126,0.20100502512562815,0.33383437286937195,0.3582561046438221
F001973,0.1564584167334001,0.8407035175879397,0.7083333333333334,0.5204164998665332,0.0,1.0,1.0,1.0,0.0,real,3,0.3701005025125628,0.8407035175879397,0.5768844221105528,0.1442211055276382,0.29180285851367394,0.7728326304891291
F001974,0.0,0.3552763819095477,0.4166666666666666,0.4409585518440984,0.25,1.0,1.0,1.0,0.25,real,3,0.8304020100502513,0.3552763819095477,0.4248743718592965,0.10621859296482412,0.5916092712305244,0.40574355761218145
F001975,0.0,0.3552763819095477,0.6111111111111112,0.693888666488711,0.5,1.0,1.0,1.0,0.5,real,3,0.9587939698492463,0.3552763819095477,0.8597989949748743,0.21494974874371858,0.8915820307567991,0.48500233579960095
F001976,0.0521012318616071,0.7761306532663317,0.6944444444444444,0.6735753140545634,0.0,1.0,1.0,1.0,0.0,real,3,0.3701005025125628,0.7761306532663317,0.8233668341708543,0.20584170854271358,0.33741449079568697,0.6925527133153203
F001977,0.0,0.3552763819095477,0.4166666666666667,0.2886751345948129,0.25,1.0,1.0,1.0,0.25,real,3,0.8304020100502513,0.3552763819095477,0.17185929648241205,0.04296482412060301,0.4865571576475341,0.37569007095780405
F001978,0.0148860662461734,0.7268844221105528,0.5555555555555556,0.1924500897298752,0.5,1.0,1.0,1.0,0.5,real,3,0.9587939698492463,0.7268844221105528,0.07613065326633166,0.019032663316582914,0.5158937905608445,0.7312982784525645
F001979,0.0148860662461734,0.7268844221105528,0.5555555555555556,0.1924500897298752,0.0,1.0,1.0,1.0,0.0,real,3,0.3701005025125628,0.7268844221105528,0.07613065326633166,0.019032663316582914,0.19913824777152095,0.7200938738920736
F001980,0.0,0.3552763819095477,0.2222222222222222,0.5091750772173156,0.0,1.0,1.0,1.0,0.0,real,3,0.3701005025125628,0.3552763819095477,0.5258793969849246,0.13146984924623115,0.2823643657988435,0.3572253068104341
F001981,0.0596870220248513,0.7846733668341709,0.6805555555555556,0.6028481781725197,0.75,1.0,1.0,1.0,0.75,real,3,0.9987437185929648,0.7846733668341709,0.7364321608040201,0.18410804020100502,0.867125356682912,0.8240854397616222
F001982,0.3631054658256801,0.9542713567839196,0.7777777777777777,0.3849001794597506,0.25,1.0,1.0,1.0,0.25,real,3,0.8304020100502513,0.9542713567839196,0.35904522613065326,0.08976130653266332,0.5642769437640465,0.943152682381758
F001983,0.0,0.3552763819095477,0.3194444444444444,0.6254627916220945,0.0,1.0,1.0,1.0,0.0,real,3,0.3701005025125628,0.3552763819095477,0.7404522613065326,0.18511306532663316,0.32207112825433704,0.35802052031514353
F001984,0.3231250834000667,0.93643216080402,0.7916666666666667,0.5204164998665333,0.25,1.0,1.0,1.0,0.25,real,3,0.8304020100502513,0.93643216080402,0.6005025125628141,0.15012562814070352,0.6645302517613192,0.920514317820257
F001985,0.0,0.3552763819095477,0.5833333333333334,0.6009252125773316,0.0,1.0,1.0,1.0,0.0,real,3,0.3701005025125628,0.3552763819095477,0.7228643216080402,0.18071608040201004,0.31881647559405063,0.35795533888033126
F001986,0.0,0.3552763819095477,0.1666666666666666,0.5773502691896258,0.5,1.0,1.0,1.0,0.5,real,3,0.9587939698492463,0.3552763819095477,0.6907035175879397,0.17267587939698492,0.8105181687331128,0.45948931213858235
F001987,0.0,0.3552763819095477,0.6111111111111112,0.693888666488711,0.5,1.0,1.0,1.0,0.5,real,3,0.9587939698492463,0.3552763819095477,0.8597989949748743,0.21494974874371858,0.8915820307567991,0.48500233579960095
F001988,0.0,0.3552763819095477,0.1111111111111111,0.3849001794597505,0.0,1.0,1.0,1.0,0.0,real,3,0.3701005025125628,0.3552763819095477,0.3391959798994975,0.08479899497487438,0.247818552561804,0.35653345243806966
F001989,0.0,0.3552763819095477,0.2222222222222222,0.769800358919501,0.0,1.0,1.0,1.0,0.0,real,3,0.3701005025125628,0.3552763819095477,0.928894472361809,0.23222361809045225,0.3569424067574051,0.35871889283098907
F001990,0.0,0.3552763819095477,0.2777777777777778,0.5091750772173156,0.0,1.0,1.0,1.0,0.0,real,3,0.3701005025125628,0.3552763819095477,0.5258793969849246,0.13146984924623115,0.2823643657988435,0.3572253068104341
F001991,0.0,0.3552763819095477,0.3055555555555556,0.3469443332443555,0.0,1.0,1.0,1.0,0.0,real,3,0.3701005025125628,0.3552763819095477,0.27889447236180903,0.06972361809045226,0.2366597434408222,0.3563099732329991
