feature_id,data_score,data_rank,cv_mean_oriented_auc,cv_sd_oriented_effect,relevance_scaled,confidence_scaled,agreement,reliability,text_score,condition,llm_runs,text_rank,data_rank_for_hybrid,data_uncertainty_rank,adaptive_text_weight,text_priority,adaptive_consensus
F000001,0.0,0.3472361809045226,0.6111111111111112,0.4811252243246882,0.0,1.0,1.0,1.0,0.0,real,3,0.3701005025125628,0.3472361809045226,0.4979899497487437,0.24899497487437186,0.2772034165803894,0.3529292820888361
F000002,0.0,0.3472361809045226,0.3472222222222222,0.488288773090193,0.0,1.0,1.0,1.0,0.0,real,3,0.3701005025125628,0.3472361809045226,0.514070351758794,0.257035175879397,0.2801790990126512,0.35311311583040833
F000003,0.0,0.3472361809045226,0.4305555555555555,0.4738533919231106,0.0,1.0,1.0,1.0,0.0,real,3,0.3701005025125628,0.3472361809045226,0.48391959798994977,0.24195979899497488,0.2745996944521603,0.3527684275649604
F000004,0.0,0.3472361809045226,0.6111111111111112,0.6309898162000305,0.0,1.0,1.0,1.0,0.0,real,3,0.3701005025125628,0.3472361809045226,0.7530150753768844,0.3765075376884422,0.3243958801545415,0.35584477033408246
F000005,0.4510034825212683,0.9756281407035176,0.8194444444444444,0.3757708127352412,0.0,1.0,1.0,1.0,0.0,real,3,0.3701005025125628,0.9756281407035176,0.3394472361809045,0.16972361809045225,0.24786504759980807,0.8728557990959824
F000006,0.0,0.3472361809045226,0.375,0.6614378277661477,0.0,1.0,1.0,1.0,0.0,real,3,0.3701005025125628,0.3472361809045226,0.7871859296482412,0.3935929648241206,0.3307192053230979,0.35623541703492334
F000007,0.0,0.3472361809045226,0.4305555555555555,0.4738533919231106,0.0,1.0,1.0,1.0,0.0,real,3,0.3701005025125628,0.3472361809045226,0.48391959798994977,0.24195979899497488,0.2745996944521603,0.3527684275649604
F000008,0.2974642264589466,0.9216080402010052,0.6805555555555556,0.1272937693043289,0.0,1.0,1.0,1.0,0.0,real,3,0.3701005025125628,0.9216080402010052,0.04195979899497487,0.020979899497487436,0.1928149226029646,0.9100374674881948
F000009,0.0,0.3472361809045226,0.5972222222222222,0.8347210667398177,0.0,1.0,1.0,1.0,0.0,real,3,0.3701005025125628,0.3472361809045226,0.9155778894472362,0.4577889447236181,0.3544781697431883,0.35770321456528875
F000010,0.0,0.3472361809045226,0.4861111111111111,0.2926570486903539,0.0,1.0,1.0,1.0,0.0,real,3,0.3701005025125628,0.3472361809045226,0.2608040201005025,0.13040201005025126,0.23331210070452765,0.3502177344006464
F000011,0.5853276880479024,0.9879396984924624,0.8888888888888888,0.3849001794597506,0.0,1.0,1.0,1.0,0.0,real,3,0.3701005025125628,0.9879396984924624,0.385929648241206,0.192964824120603,0.2564666296305649,0.8687184667053863
F000012,0.0,0.3472361809045226,0.6527777777777778,0.6684005230842202,0.0,1.0,1.0,1.0,0.0,real,3,0.3701005025125628,0.3472361809045226,0.7989949748743719,0.39949748743718594,0.3329044721092902,0.3563704199388904
F000013,0.0,0.3472361809045226,0.3888888888888889,0.693888666488711,0.25,1.0,1.0,1.0,0.25,real,3,0.8304020100502513,0.3472361809045226,0.828894472361809,0.4144472361809045,0.75935882300952,0.547482923411025
F000014,0.0,0.3472361809045226,0.1944444444444444,0.3469443332443554,0.0,1.0,1.0,1.0,0.0,real,3,0.3701005025125628,0.3472361809045226,0.2914572864321608,0.1457286432160804,0.23898449534102673,0.3505681674705184
F000015,0.5853276880479024,0.9879396984924624,0.8888888888888888,0.3849001794597506,0.0,1.0,1.0,1.0,0.0,real,3,0.3701005025125628,0.9879396984924624,0.385929648241206,0.192964824120603,0.2564666296305649,0.8687184667053863
F000016,0.1020902318637188,0.7766331658291458,0.7083333333333334,0.6291528696058958,0.0,1.0,1.0,1.0,0.0,real,3,0.3701005025125628,0.7766331658291458,0.7339195979899498,0.3669597989949749,0.3208622572662307,0.6274520214136007
F000017,0.0,0.3472361809045226,0.6111111111111112,0.4811252243246882,0.0,1.0,1.0,1.0,0.0,real,3,0.3701005025125628,0.3472361809045226,0.4979899497487437,0.24899497487437186,0.2772034165803894,0.3529292820888361
F000018,0.0,0.3472361809045226,0.2222222222222222,0.5091750772173156,0.0,1.0,1.0,1.0,0.0,real,3,0.3701005025125628,0.3472361809045226,0.592462311557789,0.2962311557788945,0.29468555086992754,0.35400930532057273
F000019,0.1504840084734488,0.8301507537688442,0.6388888888888888,0.2545875386086578,0.0,1.0,1.0,1.0,0.0,real,3,0.3701005025125628,0.8301507537688442,0.17336683417085427,0.08668341708542714,0.21713182747910406,0.7902720259589404
F000020,0.2974642264589466,0.9216080402010052,0.6805555555555556,0.1272937693043289,0.0,1.0,1.0,1.0,0.0,real,3,0.3701005025125628,0.9216080402010052,0.04195979899497487,0.020979899497487436,0.1928149226029646,0.9100374674881948
F000021,0.0,0.3472361809045226,0.5277777777777778,0.4194352464039305,0.0,1.0,1.0,1.0,0.0,real,3,0.3701005025125628,0.3472361809045226,0.43366834170854274,0.21683417085427137,0.26530068685134217,0.35219394712254737
F000022,0.0,0.3472361809045226,0.4166666666666667,0.2886751345948129,0.25,1.0,1.0,1.0,0.25,real,3,0.8304020100502513,0.3472361809045226,0.22688442211055276,0.11344221105527638,0.509403645109972,0.4020475808691699
F000023,0.1898569058357866,0.8683417085427135,0.7222222222222222,0.5091750772173156,0.0,1.0,1.0,1.0,0.0,real,3,0.3701005025125628,0.8683417085427135,0.592462311557789,0.2962311557788945,0.29468555086992754,0.7207471402237318
F000024,0.0,0.3472361809045226,0.4305555555555555,0.4738533919231106,0.0,1.0,1.0,1.0,0.0,real,3,0.3701005025125628,0.3472361809045226,0.48391959798994977,0.24195979899497488,0.2745996944521603,0.3527684275649604
F000025,0.0,0.3472361809045226,0.5138888888888888,0.4589642122738418,0.0,1.0,1.0,1.0,0.0,real,3,0.3701005025125628,0.3472361809045226,0.47412060301507536,0.23706030150753768,0.27278638797000077,0.3526564038786899
F000026,0.5949284529178934,0.992211055276382,0.8611111111111112,0.2545875386086578,0.0,1.0,1.0,1.0,0.0,real,3,0.3701005025125628,0.992211055276382,0.17336683417085427,0.08668341708542714,0.21713182747910406,0.9382843867579103
F000027,0.0521012318616071,0.742713567839196,0.6944444444444444,0.6735753140545634,0.0,1.0,1.0,1.0,0.0,real,3,0.3701005025125628,0.742713567839196,0.8133165829145729,0.40665829145728644,0.3355546892755234,0.591187375318805
F000028,0.1706553760958049,0.849748743718593,0.7777777777777777,0.769800358919501,0.0,1.0,1.0,1.0,0.0,real,3,0.3701005025125628,0.849748743718593,0.8879396984924623,0.4439698492462312,0.3493637155627383,0.6367993863791318
F000029,0.0,0.3472361809045226,0.4166666666666667,0.7637626158259733,0.0,1.0,1.0,1.0,0.0,real,3,0.3701005025125628,0.3472361809045226,0.8768844221105527,0.43844221105527637,0.3473179338905583,0.3572608646246307
F000030,0.0,0.3472361809045226,0.2777777777777778,0.5091750772173156,0.25,1.0,1.0,1.0,0.25,real,3,0.8304020100502513,0.3472361809045226,0.592462311557789,0.2962311557788945,0.6611919522234287,0.49036495290522963
F000031,0.3009680169468978,0.9314070351758794,0.7777777777777778,0.5091750772173156,0.0,1.0,1.0,1.0,0.0,real,3,0.3701005025125628,0.9314070351758794,0.592462311557789,0.2962311557788945,0.29468555086992754,0.7651305522587813
F000032,0.0,0.3472361809045226,0.4722222222222222,0.8221471437193746,0.0,1.0,1.0,1.0,0.0,real,3,0.3701005025125628,0.3472361809045226,0.9118090452261306,0.4559045226130653,0.35378074417312694,0.3576601285321077
F000033,0.0,0.3472361809045226,0.4305555555555555,0.4738533919231106,0.0,1.0,1.0,1.0,0.0,real,3,0.3701005025125628,0.3472361809045226,0.48391959798994977,0.24195979899497488,0.2745996944521603,0.3527684275649604
F000034,0.125,0.7962311557788945,0.625,0.25,0.0,1.0,1.0,1.0,0.0,real,3,0.3701005025125628,0.7962311557788945,0.13618090452261306,0.06809045226130653,0.2102505618544986,0.767215726875584
F000035,0.0,0.3472361809045226,0.4444444444444444,0.5357583756107198,0.0,1.0,1.0,1.0,0.0,real,3,0.3701005025125628,0.3472361809045226,0.6459798994974875,0.32298994974874373,0.3045889939647989,0.35462112699174264
F000036,0.2974642264589466,0.9216080402010052,0.6805555555555556,0.1272937693043289,0.0,1.0,1.0,1.0,0.0,real,3,0.3701005025125628,0.9216080402010052,0.04195979899497487,0.020979899497487436,0.1928149226029646,0.9100374674881948
F000037,0.1564584167334001,0.8437185929648241,0.7083333333333334,0.5204164998665332,0.0,1.0,1.0,1.0,0.0,real,3,0.3701005025125628,0.8437185929648241,0.6203517587939699,0.31017587939698493,0.2998465000883816,0.6968136852604732
F000038,0.0,0.3472361809045226,0.3472222222222222,0.488288773090193,0.0,1.0,1.0,1.0,0.0,real,3,0.3701005025125628,0.3472361809045226,0.514070351758794,0.257035175879397,0.2801790990126512,0.35311311583040833
F000039,0.0669872981077807,0.7638190954773869,0.75,0.8660254037844386,0.0,1.0,1.0,1.0,0.0,real,3,0.3701005025125628,0.7638190954773869,0.9336683417085427,0.46683417085427137,0.35782581247948286,0.5800178025807429
F000040,0.7188194722444669,0.9972361809045226,0.902777777777778,0.1734721666221776,0.0,1.0,1.0,1.0,0.0,real,3,0.3701005025125628,0.9972361809045226,0.07562814070351759,0.037814070351758794,0.19904525769551273,0.9735216282417111
F000041,0.0,0.3472361809045226,0.3194444444444444,0.1272937693043289,0.0,1.0,1.0,1.0,0.0,real,3,0.3701005025125628,0.3472361809045226,0.04195979899497487,0.020979899497487436,0.1928149226029646,0.3477158720739375
F000042,0.1485783278408043,0.8120603015075377,0.7361111111111112,0.6472877887628358,0.0,1.0,1.0,1.0,0.0,real,3,0.3701005025125628,0.8120603015075377,0.771105527638191,0.3855527638190955,0.3277435228908361,0.6416614795080933
F000043,0.3963319220119756,0.9587939698492464,0.7222222222222222,0.0962250448649376,0.0,1.0,1.0,1.0,0.0,real,3,0.3701005025125628,0.9587939698492464,0.022110552763819097,0.011055276381909548,0.1891418146006414,0.9522858008636147
F000044,1.0,1.0,1.0,0.0,0.0,1.0,1.0,1.0,0.0,real,3,0.3701005025125628,1.0,0.00628140703517588,0.00314070351758794,0.1862126272063837,0.9980216724325143
F000045,0.0,0.3472361809045226,0.4027777777777778,0.7561476438231223,0.0,1.0,1.0,1.0,0.0,real,3,0.3701005025125628,0.3472361809045226,0.8706030150753769,0.4353015075376884,0.34615555794045605,0.35718905456932903
F000046,0.0,0.3472361809045226,0.2361111111111111,0.4110735718596873,0.0,1.0,1.0,1.0,0.0,real,3,0.3701005025125628,0.3472361809045226,0.42135678391959797,0.21067839195979898,0.2630224299891417,0.3520531994141562
F000047,0.0,0.3472361809045226,0.4305555555555555,0.5912165737164656,0.0,1.0,1.0,1.0,0.0,real,3,0.3701005025125628,0.3472361809045226,0.7,0.35,0.3145854271356784,0.35523869346733666
F000048,0.1889957660359268,0.8582914572864322,0.6666666666666666,0.2886751345948129,0.0,1.0,1.0,1.0,0.0,real,3,0.3701005025125628,0.8582914572864322,0.22688442211055276,0.11344221105527638,0.22703527057397543,0.802909995959698
F000049,0.0,0.3472361809045226,0.4027777777777778,0.393817968854384,0.0,1.0,1.0,1.0,0.0,real,3,0.3701005025125628,0.3472361809045226,0.40251256281407033,0.20125628140703516,0.25953530213883486,0.3518377692482513
F000050,0.0,0.3472361809045226,0.1666666666666666,0.5773502691896258,0.0,1.0,1.0,1.0,0.0,real,3,0.3701005025125628,0.3472361809045226,0.6758793969849246,0.3379396984924623,0.3101219034872857,0.3549629428549784
F000051,0.0,0.3472361809045226,0.4583333333333333,0.3818813079129867,0.0,1.0,1.0,1.0,0.0,real,3,0.3701005025125628,0.3472361809045226,0.3608040201005025,0.18040201005025125,0.2518171258301558,0.35136095048104843
F000052,0.0,0.3472361809045226,0.4027777777777778,0.1734721666221777,0.0,1.0,1.0,1.0,0.0,real,3,0.3701005025125628,0.3472361809045226,0.08417085427135679,0.042085427135678394,0.20062608898765183,0.34819843564556446
F000053,0.0,0.3472361809045226,0.1944444444444444,0.3469443332443554,0.0,1.0,1.0,1.0,0.0,real,3,0.3701005025125628,0.3472361809045226,0.2914572864321608,0.1457286432160804,0.23898449534102673,0.3505681674705184
F000054,0.5260506159308034,0.9814070351758792,0.8472222222222221,0.3367876570272817,0.0,1.0,1.0,1.0,0.0,real,3,0.3701005025125628,0.9814070351758792,0.2778894472361809,0.13894472361809046,0.23647376328880587,0.8964692179490414
F000055,0.0,0.3472361809045226,0.3472222222222222,0.488288773090193,0.0,1.0,1.0,1.0,0.0,real,3,0.3701005025125628,0.3472361809045226,0.514070351758794,0.257035175879397,0.2801790990126512,0.35311311583040833
F000056,0.4229189661767951,0.9630653266331658,0.7638888888888888,0.2097176232019653,0.0,1.0,1.0,1.0,0.0,real,3,0.3701005025125628,0.9630653266331658,0.11809045226130653,0.059045226130653265,0.20690291911820408,0.9280535845054417
F000057,0.0,0.3472361809045226,0.5,0.5,0.0,1.0,1.0,1.0,0.0,real,3,0.3701005025125628,0.3472361809045226,0.5492462311557789,0.27462311557788943,0.2866884043332239,0.3535152521400975
F000058,0.0,0.3472361809045226,0.3333333333333333,0.2886751345948129,0.5,1.0,1.0,1.0,0.5,real,3,0.9587939698492463,0.3472361809045226,0.22688442211055276,0.11344221105527638,0.5881646928107876,0.4166126486704881
F000059,0.061411169010459,0.7545226130653266,0.6527777777777778,0.488288773090193,0.0,1.0,1.0,1.0,0.0,real,3,0.3701005025125628,0.7545226130653266,0.514070351758794,0.257035175879397,0.2801790990126512,0.655712608267468
F000060,0.0,0.3472361809045226,0.1388888888888888,0.2545875386086578,0.0,1.0,1.0,1.0,0.0,real,3,0.3701005025125628,0.3472361809045226,0.17336683417085427,0.08668341708542714,0.21713182747910406,0.34921813843084765
F000061,0.0,0.3472361809045226,0.5138888888888888,0.8673608331108886,0.0,1.0,1.0,1.0,0.0,real,3,0.3701005025125628,0.3472361809045226,0.9407035175879397,0.47035175879396984,0.35912767354359737,0.35799045478649527
F000062,0.0,0.3472361809045226,0.4861111111111111,0.2926570486903539,0.0,1.0,1.0,1.0,0.0,real,3,0.3701005025125628,0.3472361809045226,0.2608040201005025,0.13040201005025126,0.23331210070452765,0.3502177344006464
F000063,0.0,0.3472361809045226,0.25,0.5,0.0,1.0,1.0,1.0,0.0,real,3,0.3701005025125628,0.3472361809045226,0.5492462311557789,0.27462311557788943,0.2866884043332239,0.3535152521400975
F000064,0.0,0.3472361809045226,0.2361111111111111,0.4110735718596873,0.0,1.0,1.0,1.0,0.0,real,3,0.3701005025125628,0.3472361809045226,0.42135678391959797,0.21067839195979898,0.2630224299891417,0.3520531994141562
F000065,0.0,0.3472361809045226,0.5,0.5,0.25,1.0,1.0,1.0,0.25,real,3,0.8304020100502513,0.3472361809045226,0.5492462311557789,0.27462311557788943,0.6432485922072675,0.4799246862452968
F000066,0.1706553760958049,0.849748743718593,0.7777777777777777,0.769800358919501,0.0,1.0,1.0,1.0,0.0,real,3,0.3701005025125628,0.849748743718593,0.8879396984924623,0.4439698492462312,0.3493637155627383,0.6367993863791318
F000067,0.0,0.3472361809045226,0.3611111111111111,0.2545875386086578,0.0,1.0,1.0,1.0,0.0,real,3,0.3701005025125628,0.3472361809045226,0.17336683417085427,0.08668341708542714,0.21713182747910406,0.34921813843084765
F000068,0.0521012318616071,0.742713567839196,0.6944444444444444,0.6735753140545634,0.0,1.0,1.0,1.0,0.0,real,3,0.3701005025125628,0.742713567839196,0.8133165829145729,0.40665829145728644,0.3355546892755234,0.591187375318805
F000069,0.1504840084734488,0.8301507537688442,0.6388888888888888,0.2545875386086578,0.0,1.0,1.0,1.0,0.0,real,3,0.3701005025125628,0.8301507537688442,0.17336683417085427,0.08668341708542714,0.21713182747910406,0.7902720259589404
F000070,0.0,0.3472361809045226,0.3472222222222222,0.488288773090193,0.0,1.0,1.0,1.0,0.0,real,3,0.3701005025125628,0.3472361809045226,0.514070351758794,0.257035175879397,0.2801790990126512,0.35311311583040833
F000071,0.0,0.3472361809045226,0.6111111111111112,0.4811252243246882,0.0,1.0,1.0,1.0,0.0,real,3,0.3701005025125628,0.3472361809045226,0.4979899497487437,0.24899497487437186,0.2772034165803894,0.3529292820888361
F000072,0.1020902318637188,0.7766331658291458,0.7083333333333334,0.6291528696058958,0.0,1.0,1.0,1.0,0.0,real,3,0.3701005025125628,0.7766331658291458,0.7339195979899498,0.3669597989949749,0.3208622572662307,0.6274520214136007
F000073,0.0,0.3472361809045226,0.375,0.4330127018922193,0.0,1.0,1.0,1.0,0.0,real,3,0.3701005025125628,0.3472361809045226,0.4663316582914573,0.23316582914572864,0.2713450417918739,0.3525673594101159
F000074,0.0483797153000638,0.7306532663316583,0.6805555555555556,0.6254627916220946,0.25,1.0,1.0,1.0,0.25,real,3,0.8304020100502513,0.7306532663316583,0.714824120603015,0.3574120603015075,0.7119966983156991,0.7663046703366077
F000075,0.0,0.3472361809045226,0.2777777777777778,0.0962250448649376,0.0,1.0,1.0,1.0,0.0,real,3,0.3701005025125628,0.3472361809045226,0.022110552763819097,0.011055276381909548,0.1891418146006414,0.34748895229918436
F000076,0.0,0.3472361809045226,0.25,0.5,0.0,1.0,1.0,1.0,0.0,real,3,0.3701005025125628,0.3472361809045226,0.5492462311557789,0.27462311557788943,0.2866884043332239,0.3535152521400975
F000077,0.0521012318616071,0.742713567839196,0.6944444444444444,0.6735753140545634,0.0,1.0,1.0,1.0,0.0,real,3,0.3701005025125628,0.742713567839196,0.8133165829145729,0.40665829145728644,0.3355546892755234,0.591187375318805
F000078,0.0,0.3472361809045226,0.5972222222222222,0.393817968854384,0.0,1.0,1.0,1.0,0.0,real,3,0.3701005025125628,0.3472361809045226,0.40251256281407033,0.20125628140703516,0.25953530213883486,0.3518377692482513
F000079,0.0,0.3472361809045226,0.4861111111111111,0.2926570486903539,0.0,1.0,1.0,1.0,0.0,real,3,0.3701005025125628,0.3472361809045226,0.2608040201005025,0.13040201005025126,0.23331210070452765,0.3502177344006464
F000080,0.3231250834000667,0.941708542713568,0.7916666666666667,0.5204164998665333,0.0,1.0,1.0,1.0,0.0,real,3,0.3701005025125628,0.941708542713568,0.6309045226130653,0.31545226130653264,0.30179929168455344,0.7613934938511655
F000081,0.0,0.3472361809045226,0.4861111111111111,0.2926570486903539,0.5,1.0,1.0,1.0,0.5,real,3,0.9587939698492463,0.3472361809045226,0.2608040201005025,0.13040201005025126,0.6044256458170247,0.4269845458448019
F000082,0.3779915320718537,0.9507537688442212,0.8333333333333333,0.5773502691896258,0.0,1.0,1.0,1.0,0.0,real,3,0.3701005025125628,0.9507537688442212,0.6758793969849246,0.3379396984924623,0.3101219034872857,0.7545279790914372
F000083,0.0669872981077807,0.7638190954773869,0.75,0.8660254037844386,0.0,1.0,1.0,1.0,0.0,real,3,0.3701005025125628,0.7638190954773869,0.9336683417085427,0.46683417085427137,0.35782581247948286,0.5800178025807429
F000084,0.1020902318637188,0.7766331658291458,0.7083333333333334,0.6291528696058958,0.0,1.0,1.0,1.0,0.0,real,3,0.3701005025125628,0.7766331658291458,0.7339195979899498,0.3669597989949749,0.3208622572662307,0.6274520214136007
F000085,0.4376389444889332,0.9698492462311558,0.8055555555555556,0.3469443332443555,0.0,1.0,1.0,1.0,0.0,real,3,0.3701005025125628,0.9698492462311558,0.3135678391959799,0.15678391959798996,0.24307605868538676,0.8758182874169844
F000086,0.0,0.3472361809045226,0.4583333333333333,0.3818813079129867,0.0,1.0,1.0,1.0,0.0,real,3,0.3701005025125628,0.3472361809045226,0.3608040201005025,0.18040201005025125,0.2518171258301558,0.35136095048104843
F000087,0.0,0.3472361809045226,0.1944444444444444,0.3469443332443554,0.0,1.0,1.0,1.0,0.0,real,3,0.3701005025125628,0.3472361809045226,0.2914572864321608,0.1457286432160804,0.23898449534102673,0.3505681674705184
F000088,0.0,0.3472361809045226,0.4027777777777778,0.393817968854384,0.25,1.0,1.0,1.0,0.25,real,3,0.8304020100502513,0.3472361809045226,0.40251256281407033,0.20125628140703516,0.5823246256407666,0.4444763389813388
F000089,0.0,0.3472361809045226,0.4305555555555555,0.9871864246620478,0.0,1.0,1.0,1.0,0.0,real,3,0.3701005025125628,0.3472361809045226,0.9590452261306532,0.4795226130653266,0.362521811317896,0.3582001401479761
F000090,0.5334936490538904,0.984422110552764,0.875,0.4330127018922193,0.0,1.0,1.0,1.0,0.0,real,3,0.3701005025125628,0.984422110552764,0.4663316582914573,0.23316582914572864,0.2713450417918739,0.8411833034519332
F000091,0.3222409918479341,0.9381909547738694,0.7638888888888888,0.4110735718596873,0.0,1.0,1.0,1.0,0.0,real,3,0.3701005025125628,0.9381909547738694,0.42135678391959797,0.21067839195979898,0.2630224299891417,0.8185065718037423
F000092,0.01116454968463,0.6977386934673366,0.5416666666666666,0.1443375672974064,0.0,1.0,1.0,1.0,0.0,real,3,0.3701005025125628,0.6977386934673366,0.06155778894472362,0.03077889447236181,0.19644153556728366,0.6876543521628241
F000093,0.0,0.3472361809045226,0.1527777777777777,0.3367876570272816,0.0,1.0,1.0,1.0,0.0,real,3,0.3701005025125628,0.3472361809045226,0.2698492462311558,0.1349246231155779,0.23498592207267494,0.3503211408802808
F000094,0.5223290993692602,0.978643216080402,0.8333333333333333,0.2886751345948128,0.0,1.0,1.0,1.0,0.0,real,3,0.3701005025125628,0.978643216080402,0.20376884422110553,0.10188442211055276,0.22275772707759908,0.9166421933789549
F000095,0.0,0.3472361809045226,0.3888888888888889,0.3849001794597506,0.0,1.0,1.0,1.0,0.0,real,3,0.3701005025125628,0.3472361809045226,0.385929648241206,0.192964824120603,0.2564666296305649,0.351648190702255
F000096,0.01116454968463,0.6977386934673366,0.5416666666666666,0.1443375672974064,0.0,1.0,1.0,1.0,0.0,real,3,0.3701005025125628,0.6977386934673366,0.06155778894472362,0.03077889447236181,0.19644153556728366,0.6876543521628241
F000097,0.0,0.3472361809045226,0.2777777777777778,0.5091750772173156,0.0,1.0,1.0,1.0,0.0,real,3,0.3701005025125628,0.3472361809045226,0.592462311557789,0.2962311557788945,0.29468555086992754,0.35400930532057273
F000098,0.0,0.3472361809045226,0.3194444444444444,0.3757708127352411,0.25,1.0,1.0,1.0,0.25,real,3,0.8304020100502513,0.3472361809045226,0.3314070351758794,0.1657035175879397,0.5528015391025479,0.4272984583722633
F000099,0.0,0.3472361809045226,0.4305555555555555,0.4738533919231106,0.0,1.0,1.0,1.0,0.0,real,3,0.3701005025125628,0.3472361809045226,0.48391959798994977,0.24195979899497488,0.2745996944521603,0.3527684275649604
F000100,0.1564584167334001,0.8437185929648241,0.7083333333333334,0.5204164998665332,0.0,1.0,1.0,1.0,0.0,real,3,0.3701005025125628,0.8437185929648241,0.6203517587939699,0.31017587939698493,0.2998465000883816,0.6968136852604732
F000101,0.4376389444889332,0.9698492462311558,0.8055555555555556,0.3469443332443555,0.0,1.0,1.0,1.0,0.0,real,3,0.3701005025125628,0.9698492462311558,0.3135678391959799,0.15678391959798996,0.24307605868538676,0.8758182874169844
F000102,0.0,0.3472361809045226,0.5555555555555556,0.5357583756107197,0.0,1.0,1.0,1.0,0.0,real,3,0.3701005025125628,0.3472361809045226,0.6384422110552764,0.3192211055276382,0.30319414282467616,0.3545349549253807
F000103,0.0,0.3472361809045226,0.3472222222222222,0.488288773090193,0.0,1.0,1.0,1.0,0.0,real,3,0.3701005025125628,0.3472361809045226,0.514070351758794,0.257035175879397,0.2801790990126512,0.35311311583040833
F000104,0.2224894150898172,0.8891959798994975,0.7916666666666667,0.7216878364870323,0.0,1.0,1.0,1.0,0.0,real,3,0.3701005025125628,0.8891959798994975,0.8472361809045226,0.4236180904522613,0.3418315194060756,0.6692977450064392
F000105,0.0,0.3472361809045226,0.4722222222222222,0.9179284245476838,0.0,1.0,1.0,1.0,0.0,real,3,0.3701005025125628,0.3472361809045226,0.9510050251256281,0.47550251256281406,0.36103397010176513,0.35810822327718994
F000106,0.1020902318637188,0.7766331658291458,0.7083333333333334,0.6291528696058958,0.5,1.0,1.0,1.0,0.5,real,3,0.9587939698492463,0.7766331658291458,0.7339195979899498,0.3669597989949749,0.8312358273780965,0.8434788578571248
F000107,0.0,0.3472361809045226,0.361111111111111,0.7515416254704824,0.25,1.0,1.0,1.0,0.25,real,3,0.8304020100502513,0.3472361809045226,0.8670854271356784,0.4335427135678392,0.7752157458144996,0.5567092055756168
F000108,0.0521012318616071,0.742713567839196,0.6944444444444444,0.6735753140545634,0.0,1.0,1.0,1.0,0.0,real,3,0.3701005025125628,0.742713567839196,0.8133165829145729,0.40665829145728644,0.3355546892755234,0.591187375318805
F000109,0.0,0.3472361809045226,0.3472222222222222,0.6684005230842202,0.25,1.0,1.0,1.0,0.25,real,3,0.8304020100502513,0.3472361809045226,0.7989949748743719,0.39949748743718594,0.7469445216029899,0.5402597156637459
F000110,0.0,0.3472361809045226,0.3055555555555556,0.7876359377087682,0.0,1.0,1.0,1.0,0.0,real,3,0.3701005025125628,0.3472361809045226,0.9,0.45,0.35159547738693464,0.3575251256281407
F000111,0.0,0.3472361809045226,0.4166666666666667,1.0408329997330663,0.25,1.0,1.0,1.0,0.25,real,3,0.8304020100502513,0.3472361809045226,0.978140703517588,0.489070351758794,0.8213260081816116,0.5835382629226535
F000112,0.4229189661767951,0.9630653266331658,0.7638888888888888,0.2097176232019653,0.0,1.0,1.0,1.0,0.0,real,3,0.3701005025125628,0.9630653266331658,0.11809045226130653,0.059045226130653265,0.20690291911820408,0.9280535845054417
F000113,0.0,0.3472361809045226,0.3194444444444444,0.1272937693043289,0.0,1.0,1.0,1.0,0.0,real,3,0.3701005025125628,0.3472361809045226,0.04195979899497487,0.020979899497487436,0.1928149226029646,0.3477158720739375
F000114,0.0,0.3472361809045226,0.6944444444444444,0.787635937708768,0.0,1.0,1.0,1.0,0.0,real,3,0.3701005025125628,0.3472361809045226,0.8944723618090452,0.4472361809045226,0.3505725865508447,0.35746193277947524
F000115,0.1485783278408043,0.8120603015075377,0.7361111111111112,0.6472877887628358,0.0,1.0,1.0,1.0,0.0,real,3,0.3701005025125628,0.8120603015075377,0.771105527638191,0.3855527638190955,0.3277435228908361,0.6416614795080933
F000116,0.2224894150898172,0.8891959798994975,0.7916666666666667,0.7216878364870323,0.0,1.0,1.0,1.0,0.0,real,3,0.3701005025125628,0.8891959798994975,0.8472361809045226,0.4236180904522613,0.3418315194060756,0.6692977450064392
F000117,0.1485783278408043,0.8120603015075377,0.7361111111111112,0.6472877887628358,0.5,1.0,1.0,1.0,0.5,real,3,0.9587939698492463,0.8120603015075377,0.771105527638191,0.3855527638190955,0.8490626499330824,0.868633872881998
F000118,0.0,0.3472361809045226,0.2361111111111111,0.4110735718596873,0.0,1.0,1.0,1.0,0.0,real,3,0.3701005025125628,0.3472361809045226,0.42135678391959797,0.21067839195979898,0.2630224299891417,0.3520531994141562
F000119,0.0,0.3472361809045226,0.25,0.5,0.0,1.0,1.0,1.0,0.0,real,3,0.3701005025125628,0.3472361809045226,0.5492462311557789,0.27462311557788943,0.2866884043332239,0.3535152521400975
F000120,0.0,0.3472361809045226,0.3472222222222222,0.488288773090193,0.0,1.0,1.0,1.0,0.0,real,3,0.3701005025125628,0.3472361809045226,0.514070351758794,0.257035175879397,0.2801790990126512,0.35311311583040833
F000121,0.5260506159308034,0.9814070351758792,0.8472222222222221,0.3367876570272817,0.0,1.0,1.0,1.0,0.0,real,3,0.3701005025125628,0.9814070351758792,0.2778894472361809,0.13894472361809046,0.23647376328880587,0.8964692179490414
F000122,0.1706553760958049,0.849748743718593,0.7777777777777777,0.769800358919501,0.0,1.0,1.0,1.0,0.0,real,3,0.3701005025125628,0.849748743718593,0.8879396984924623,0.4439698492462312,0.3493637155627383,0.6367993863791318
F000123,0.0521012318616071,0.742713567839196,0.6944444444444444,0.6735753140545634,0.0,1.0,1.0,1.0,0.0,real,3,0.3701005025125628,0.742713567839196,0.8133165829145729,0.40665829145728644,0.3355546892755234,0.591187375318805
F000124,0.1564584167334001,0.8437185929648241,0.7083333333333334,0.5204164998665332,0.0,1.0,1.0,1.0,0.0,real,3,0.3701005025125628,0.8437185929648241,0.6203517587939699,0.31017587939698493,0.2998465000883816,0.6968136852604732
F000125,0.0,0.3472361809045226,0.7083333333333334,1.0103629710818451,0.0,1.0,1.0,1.0,0.0,real,3,0.3701005025125628,0.3472361809045226,0.9660804020100503,0.48304020100502515,0.3638236723820106,0.3582805674099139
F000126,0.25,0.907286432160804,0.75,0.5,0.0,1.0,1.0,1.0,0.0,real,3,0.3701005025125628,0.907286432160804,0.5492462311557789,0.27462311557788943,0.2866884043332239,0.759762758516199
F000127,0.0,0.3472361809045226,0.5,0.0,0.0,1.0,1.0,1.0,0.0,real,3,0.3701005025125628,0.3472361809045226,0.00628140703517588,0.00314070351758794,0.1862126272063837,0.3473079909598242
F000128,0.0,0.3472361809045226,0.375,1.0897247358851685,0.0,1.0,1.0,1.0,0.0,real,3,0.3701005025125628,0.3472361809045226,0.9899497487437185,0.4949748743718593,0.3682407009923992,0.3585534456200601
F000129,0.0,0.3472361809045226,0.3611111111111111,0.2545875386086578,0.25,1.0,1.0,1.0,0.25,real,3,0.8304020100502513,0.3472361809045226,0.17336683417085427,0.08668341708542714,0.4871830888108886,0.389118645993788
F000130,0.2257260127101733,0.8974874371859296,0.7083333333333334,0.3818813079129866,0.0,1.0,1.0,1.0,0.0,real,3,0.3701005025125628,0.8974874371859296,0.34723618090452263,0.17361809045226131,0.2493063937779349,0.8059235246584682
F000131,0.4510034825212683,0.9756281407035176,0.8194444444444444,0.3757708127352412,0.25,1.0,1.0,1.0,0.25,real,3,0.8304020100502513,0.9756281407035176,0.3394472361809045,0.16972361809045225,0.5561398386404384,0.9509798363677684
F000132,0.4376389444889332,0.9698492462311558,0.8055555555555556,0.3469443332443555,0.0,1.0,1.0,1.0,0.0,real,3,0.3701005025125628,0.9698492462311558,0.3135678391959799,0.15678391959798996,0.24307605868538676,0.8758182874169844
F000133,0.4376389444889332,0.9698492462311558,0.8055555555555556,0.3469443332443555,0.0,1.0,1.0,1.0,0.0,real,3,0.3701005025125628,0.9698492462311558,0.3135678391959799,0.15678391959798996,0.24307605868538676,0.8758182874169844
F000134,0.0,0.3472361809045226,0.4027777777777778,0.393817968854384,0.0,1.0,1.0,1.0,0.0,real,3,0.3701005025125628,0.3472361809045226,0.40251256281407033,0.20125628140703516,0.25953530213883486,0.3518377692482513
F000135,0.0,0.3472361809045226,0.6527777777777778,0.6684005230842202,0.25,1.0,1.0,1.0,0.25,real,3,0.8304020100502513,0.3472361809045226,0.7989949748743719,0.39949748743718594,0.7469445216029899,0.5402597156637459
F000136,0.0,0.3472361809045226,0.361111111111111,0.7515416254704824,0.25,1.0,1.0,1.0,0.25,real,3,0.8304020100502513,0.3472361809045226,0.8670854271356784,0.4335427135678392,0.7752157458144996,0.5567092055756168
F000137,0.1564584167334001,0.8437185929648241,0.7083333333333334,0.5204164998665332,0.0,1.0,1.0,1.0,0.0,real,3,0.3701005025125628,0.8437185929648241,0.6203517587939699,0.31017587939698493,0.2998465000883816,0.6968136852604732
F000138,0.0,0.3472361809045226,0.1805555555555555,0.1272937693043289,0.25,1.0,1.0,1.0,0.25,real,3,0.8304020100502513,0.3472361809045226,0.04195979899497487,0.020979899497487436,0.43262275573849146,0.35737295144062015
F000139,0.0,0.3472361809045226,0.25,0.8660254037844386,0.0,1.0,1.0,1.0,0.0,real,3,0.3701005025125628,0.3472361809045226,0.9336683417085427,0.46683417085427137,0.35782581247948286,0.3579100275245575
F000140,0.0,0.3472361809045226,0.5277777777777778,0.4194352464039305,0.25,1.0,1.0,1.0,0.25,real,3,0.8304020100502513,0.3472361809045226,0.43366834170854274,0.21683417085427137,0.5952605363500922,0.4520030428524532
F000141,0.3779915320718537,0.9507537688442212,0.8333333333333333,0.5773502691896258,0.0,1.0,1.0,1.0,0.0,real,3,0.3701005025125628,0.9507537688442212,0.6758793969849246,0.3379396984924623,0.3101219034872857,0.7545279790914372
F000142,0.0,0.3472361809045226,0.2916666666666666,0.6291528696058958,0.25,1.0,1.0,1.0,0.25,real,3,0.8304020100502513,0.3472361809045226,0.7339195979899498,0.3669597989949749,0.7199251597181889,0.5245386164490795
F000143,0.2974642264589466,0.9216080402010052,0.6805555555555556,0.1272937693043289,0.0,1.0,1.0,1.0,0.0,real,3,0.3701005025125628,0.9216080402010052,0.04195979899497487,0.020979899497487436,0.1928149226029646,0.9100374674881948
F000144,0.39239267937684,0.9565326633165828,0.7916666666666667,0.3818813079129867,0.0,1.0,1.0,1.0,0.0,real,3,0.3701005025125628,0.9565326633165828,0.3608040201005025,0.18040201005025125,0.2518171258301558,0.8507391227494254
F000145,0.7188194722444669,0.9972361809045226,0.902777777777778,0.1734721666221776,0.0,1.0,1.0,1.0,0.0,real,3,0.3701005025125628,0.9972361809045226,0.07562814070351759,0.037814070351758794,0.19904525769551273,0.9735216282417111
F000146,0.0,0.3472361809045226,0.4166666666666667,0.2886751345948129,0.0,1.0,1.0,1.0,0.0,real,3,0.3701005025125628,0.3472361809045226,0.22688442211055276,0.11344221105527638,0.22703527057397543,0.34982996010201756
F000147,0.0,0.3472361809045226,0.375,0.25,0.0,1.0,1.0,1.0,0.0,real,3,0.3701005025125628,0.3472361809045226,0.13618090452261306,0.06809045226130653,0.2102505618544986,0.348793022903462
F000148,0.0219364186574703,0.7055276381909548,0.6527777777777778,0.5672382737961704,0.25,1.0,1.0,1.0,0.25,real,3,0.8304020100502513,0.7055276381909548,0.6540201005025126,0.3270100502512563,0.6867508080604026,0.7463628128077574
F000149,0.0,0.3472361809045226,0.0,0.0,0.0,1.0,1.0,1.0,0.0,real,3,0.3701005025125628,0.3472361809045226,0.00628140703517588,0.00314070351758794,0.1862126272063837,0.3473079909598242
F000150,0.0,0.3472361809045226,0.2222222222222222,0.0962250448649376,0.25,1.0,1.0,1.0,0.25,real,3,0.8304020100502513,0.3472361809045226,0.022110552763819097,0.011055276381909548,0.4243813287543244,0.3525777126840231
F000151,0.0,0.3472361809045226,0.2638888888888888,0.4110735718596873,0.0,1.0,1.0,1.0,0.0,real,3,0.3701005025125628,0.3472361809045226,0.42135678391959797,0.21067839195979898,0.2630224299891417,0.3520531994141562
F000152,0.1020902318637188,0.7766331658291458,0.7083333333333334,0.6291528696058958,0.0,1.0,1.0,1.0,0.0,real,3,0.3701005025125628,0.7766331658291458,0.7339195979899498,0.3669597989949749,0.3208622572662307,0.6274520214136007
F000153,0.0,0.3472361809045226,0.1666666666666666,0.5773502691896258,0.0,1.0,1.0,1.0,0.0,real,3,0.3701005025125628,0.3472361809045226,0.6758793969849246,0.3379396984924623,0.3101219034872857,0.3549629428549784
F000154,0.0,0.3472361809045226,0.5138888888888888,0.4589642122738418,0.0,1.0,1.0,1.0,0.0,real,3,0.3701005025125628,0.3472361809045226,0.47412060301507536,0.23706030150753768,0.27278638797000077,0.3526564038786899
F000155,0.0,0.3472361809045226,0.3194444444444444,0.6254627916220946,0.0,1.0,1.0,1.0,0.0,real,3,0.3701005025125628,0.3472361809045226,0.714824120603015,0.3574120603015075,0.31732863437791975,0.3554081651978485
F000156,0.0,0.3472361809045226,0.6527777777777778,0.6684005230842202,0.0,1.0,1.0,1.0,0.0,real,3,0.3701005025125628,0.3472361809045226,0.7989949748743719,0.39949748743718594,0.3329044721092902,0.3563704199388904
F000157,0.0219364186574703,0.7055276381909548,0.6527777777777778,0.5672382737961704,0.0,1.0,1.0,1.0,0.0,real,3,0.3701005025125628,0.7055276381909548,0.6540201005025126,0.3270100502512563,0.30607683518092976,0.5958395936971288
F000158,0.3231250834000667,0.941708542713568,0.7916666666666667,0.5204164998665333,0.5,1.0,1.0,1.0,0.5,real,3,0.9587939698492463,0.941708542713568,0.6309045226130653,0.31545226130653264,0.7818507108406354,0.9470981793389057
F000159,0.0,0.3472361809045226,0.2222222222222222,0.5091750772173156,0.25,1.0,1.0,1.0,0.25,real,3,0.8304020100502513,0.3472361809045226,0.592462311557789,0.2962311557788945,0.6611919522234287,0.49036495290522963
F000160,0.1020902318637188,0.7766331658291458,0.7083333333333334,0.6291528696058958,0.0,1.0,1.0,1.0,0.0,real,3,0.3701005025125628,0.7766331658291458,0.7339195979899498,0.3669597989949749,0.3208622572662307,0.6274520214136007
F000161,0.0,0.3472361809045226,0.2083333333333333,0.5204164998665333,0.0,1.0,1.0,1.0,0.0,real,3,0.3701005025125628,0.3472361809045226,0.6309045226130653,0.31545226130653264,0.30179929168455344,0.35444878285901865
F000162,0.1020902318637188,0.7766331658291458,0.7083333333333334,0.6291528696058958,0.0,1.0,1.0,1.0,0.0,real,3,0.3701005025125628,0.7766331658291458,0.7339195979899498,0.3669597989949749,0.3208622572662307,0.6274520214136007
F000163,0.1485783278408043,0.8120603015075377,0.7361111111111112,0.6472877887628358,0.0,1.0,1.0,1.0,0.0,real,3,0.3701005025125628,0.8120603015075377,0.771105527638191,0.3855527638190955,0.3277435228908361,0.6416614795080933
F000164,0.3779915320718537,0.9507537688442212,0.8333333333333333,0.5773502691896258,0.25,1.0,1.0,1.0,0.25,real,3,0.8304020100502513,0.9507537688442212,0.6758793969849246,0.3379396984924623,0.6958268099290422,0.9100821317643495
F000165,0.1889957660359268,0.8582914572864322,0.6666666666666666,0.2886751345948129,0.0,1.0,1.0,1.0,0.0,real,3,0.3701005025125628,0.8582914572864322,0.22688442211055276,0.11344221105527638,0.22703527057397543,0.802909995959698
F000166,0.0,0.3472361809045226,0.5,0.0,0.25,1.0,1.0,1.0,0.25,real,3,0.8304020100502513,0.3472361809045226,0.00628140703517588,0.00314070351758794,0.4178090515391026,0.34875366152369885
F000167,0.0,0.3472361809045226,0.3472222222222222,0.5672382737961704,0.0,1.0,1.0,1.0,0.0,real,3,0.3701005025125628,0.3472361809045226,0.6540201005025126,0.3270100502512563,0.30607683518092976,0.35471304386252867
F000168,0.0,0.3472361809045226,0.2916666666666666,0.8036375634160796,0.0,1.0,1.0,1.0,0.0,real,3,0.3701005025125628,0.3472361809045226,0.9057788944723618,0.4528894472361809,0.35266486326102875,0.35759119087901825
F000169,0.0,0.3472361809045226,0.4305555555555555,0.4738533919231106,0.0,1.0,1.0,1.0,0.0,real,3,0.3701005025125628,0.3472361809045226,0.48391959798994977,0.24195979899497488,0.2745996944521603,0.3527684275649604
F000170,0.0,0.3472361809045226,0.625,0.6614378277661477,0.0,1.0,1.0,1.0,0.0,real,3,0.3701005025125628,0.3472361809045226,0.7871859296482412,0.3935929648241206,0.3307192053230979,0.35623541703492334
F000171,0.0,0.3472361809045226,0.0833333333333333,0.2886751345948128,0.0,1.0,1.0,1.0,0.0,real,3,0.3701005025125628,0.3472361809045226,0.20376884422110553,0.10188442211055276,0.22275772707759908,0.34956569909850754
F000172,0.0,0.3472361809045226,0.4583333333333333,0.1443375672974064,0.0,1.0,1.0,1.0,0.0,real,3,0.3701005025125628,0.3472361809045226,0.06155778894472362,0.03077889447236181,0.19644153556728366,0.34793991944647856
F000173,0.0,0.3472361809045226,0.6111111111111112,0.4811252243246882,0.0,1.0,1.0,1.0,0.0,real,3,0.3701005025125628,0.3472361809045226,0.4979899497487437,0.24899497487437186,0.2772034165803894,0.3529292820888361
F000174,0.0,0.3472361809045226,0.3888888888888889,0.4811252243246881,0.0,1.0,1.0,1.0,0.0,real,3,0.3701005025125628,0.3472361809045226,0.49271356783919595,0.24635678391959798,0.27622702078230343,0.35286896164238274
F000175,0.0,0.3472361809045226,0.4722222222222222,0.9179284245476838,0.25,1.0,1.0,1.0,0.25,real,3,0.8304020100502513,0.3472361809045226,0.9510050251256281,0.47550251256281406,0.8100592472412312,0.5769827466478119
F000176,0.0,0.3472361809045226,0.4861111111111111,0.2926570486903539,0.0,1.0,1.0,1.0,0.0,real,3,0.3701005025125628,0.3472361809045226,0.2608040201005025,0.13040201005025126,0.23331210070452765,0.3502177344006464
F000177,0.0,0.3472361809045226,0.6388888888888888,0.7515416254704823,0.0,1.0,1.0,1.0,0.0,real,3,0.3701005025125628,0.3472361809045226,0.8610552763819096,0.4305276381909548,0.34438874649630064,0.3570799032852705
F000178,0.0,0.3472361809045226,0.1944444444444444,0.3469443332443554,0.25,1.0,1.0,1.0,0.25,real,3,0.8304020100502513,0.3472361809045226,0.2914572864321608,0.1457286432160804,0.5362143632736547,0.4176472816343021
F000179,0.0,0.3472361809045226,0.3194444444444444,0.6254627916220946,0.0,1.0,1.0,1.0,0.0,real,3,0.3701005025125628,0.3472361809045226,0.714824120603015,0.3574120603015075,0.31732863437791975,0.3554081651978485
F000180,0.3009680169468978,0.9314070351758794,0.7777777777777778,0.5091750772173156,0.25,1.0,1.0,1.0,0.25,real,3,0.8304020100502513,0.9314070351758794,0.592462311557789,0.2962311557788945,0.6611919522234287,0.9014861998434383
F000181,0.3231250834000667,0.941708542713568,0.7916666666666667,0.5204164998665333,0.0,1.0,1.0,1.0,0.0,real,3,0.3701005025125628,0.941708542713568,0.6309045226130653,0.31545226130653264,0.30179929168455344,0.7613934938511655
F000182,0.0,0.3472361809045226,0.375,0.6614378277661477,0.0,1.0,1.0,1.0,0.0,real,3,0.3701005025125628,0.3472361809045226,0.7871859296482412,0.3935929648241206,0.3307192053230979,0.35623541703492334
F000183,0.0,0.3472361809045226,0.4027777777777777,0.6364688465216445,0.0,1.0,1.0,1.0,0.0,real,3,0.3701005025125628,0.3472361809045226,0.7613065326633166,0.3806532663316583,0.3259302164086766,0.35593955960708057
F000184,0.1077083611333555,0.7869346733668342,0.5972222222222222,0.1734721666221776,0.25,1.0,1.0,1.0,0.25,real,3,0.8304020100502513,0.7869346733668342,0.07562814070351759,0.037814070351758794,0.44660188505340775,0.7885783502941845
F000185,0.0,0.3472361809045226,0.5694444444444444,0.5548606765399494,0.0,1.0,1.0,1.0,0.0,real,3,0.3701005025125628,0.3472361809045226,0.650251256281407,0.3251256281407035,0.30537940961086846,0.3546699578293477
F000186,0.0,0.3472361809045226,0.5,0.0,0.25,1.0,1.0,1.0,0.25,real,3,0.8304020100502513,0.3472361809045226,0.00628140703517588,0.00314070351758794,0.4178090515391026,0.34875366152369885
F000187,0.0,0.3472361809045226,0.1666666666666666,0.5773502691896258,0.0,1.0,1.0,1.0,0.0,real,3,0.3701005025125628,0.3472361809045226,0.6758793969849246,0.3379396984924623,0.3101219034872857,0.3549629428549784
F000188,0.0,0.3472361809045226,0.2083333333333333,0.5204164998665333,0.0,1.0,1.0,1.0,0.0,real,3,0.3701005025125628,0.3472361809045226,0.6309045226130653,0.31545226130653264,0.30179929168455344,0.35444878285901865
F000189,0.0,0.3472361809045226,0.5694444444444444,0.4738533919231106,0.0,1.0,1.0,1.0,0.0,real,3,0.3701005025125628,0.3472361809045226,0.48391959798994977,0.24195979899497488,0.2745996944521603,0.3527684275649604
F000190,0.3673634106212396,0.9442211055276382,0.7361111111111112,0.2097176232019653,0.0,1.0,1.0,1.0,0.0,real,3,0.3701005025125628,0.9442211055276382,0.11809045226130653,0.059045226130653265,0.20690291911820408,0.910322024696346
F000191,0.3009680169468978,0.9314070351758794,0.7777777777777778,0.5091750772173156,0.25,1.0,1.0,1.0,0.25,real,3,0.8304020100502513,0.9314070351758794,0.592462311557789,0.2962311557788945,0.6611919522234287,0.9014861998434383
F000192,0.1504840084734488,0.8301507537688442,0.6388888888888888,0.2545875386086578,0.0,1.0,1.0,1.0,0.0,real,3,0.3701005025125628,0.8301507537688442,0.17336683417085427,0.08668341708542714,0.21713182747910406,0.7902720259589404
F000193,0.2154167222667111,0.879145728643216,0.6944444444444444,0.3469443332443555,0.0,1.0,1.0,1.0,0.0,real,3,0.3701005025125628,0.879145728643216,0.3135678391959799,0.15678391959798996,0.24307605868538676,0.7993356228378071
F000194,0.0219364186574703,0.7055276381909548,0.6527777777777778,0.5672382737961704,0.0,1.0,1.0,1.0,0.0,real,3,0.3701005025125628,0.7055276381909548,0.6540201005025126,0.3270100502512563,0.30607683518092976,0.5958395936971288
F000195,0.0,0.3472361809045226,0.6944444444444444,0.787635937708768,0.0,1.0,1.0,1.0,0.0,real,3,0.3701005025125628,0.3472361809045226,0.8944723618090452,0.4472361809045226,0.3505725865508447,0.35746193277947524
F000196,0.0,0.3472361809045226,0.2361111111111111,0.2097176232019652,0.0,1.0,1.0,1.0,0.0,real,3,0.3701005025125628,0.3472361809045226,0.10854271356783919,0.054271356783919596,0.20513610767404863,0.3484770586601348
F000197,0.0,0.3472361809045226,0.1388888888888888,0.2545875386086578,0.25,1.0,1.0,1.0,0.25,real,3,0.8304020100502513,0.3472361809045226,0.17336683417085427,0.08668341708542714,0.4871830888108886,0.389118645993788
F000198,0.0,0.3472361809045226,0.6527777777777778,0.6988747569671736,0.0,1.0,1.0,1.0,0.0,real,3,0.3701005025125628,0.3472361809045226,0.8361809045226131,0.41809045226130653,0.3397857377338956,0.35679553546627607
F000199,0.0,0.3472361809045226,0.3472222222222222,0.6684005230842202,0.0,1.0,1.0,1.0,0.0,real,3,0.3701005025125628,0.3472361809045226,0.7989949748743719,0.39949748743718594,0.3329044721092902,0.3563704199388904
F000200,0.0,0.3472361809045226,0.5694444444444444,0.7469072033193752,0.5,1.0,1.0,1.0,0.5,real,3,0.9587939698492463,0.3472361809045226,0.8560301507537689,0.42801507537688444,0.8897752582005505,0.6089921340370192
F000201,0.0,0.3472361809045226,0.6111111111111112,0.4811252243246882,0.0,1.0,1.0,1.0,0.0,real,3,0.3701005025125628,0.3472361809045226,0.4979899497487437,0.24899497487437186,0.2772034165803894,0.3529292820888361
F000202,0.1898569058357866,0.8683417085427135,0.7222222222222222,0.5091750772173156,0.25,1.0,1.0,1.0,0.25,real,3,0.8304020100502513,0.8683417085427135,0.592462311557789,0.2962311557788945,0.6611919522234287,0.8571027878083887
F000203,0.0,0.3472361809045226,0.2777777777777778,0.5091750772173156,0.0,1.0,1.0,1.0,0.0,real,3,0.3701005025125628,0.3472361809045226,0.592462311557789,0.2962311557788945,0.29468555086992754,0.35400930532057273
F000204,0.0,0.3472361809045226,0.5138888888888888,0.2926570486903538,0.0,1.0,1.0,1.0,0.0,real,3,0.3701005025125628,0.3472361809045226,0.24949748743718592,0.12474874371859296,0.2312198239943436,0.35008847630110346
F000205,0.1898569058357866,0.8683417085427135,0.7222222222222222,0.5091750772173156,0.0,1.0,1.0,1.0,0.0,real,3,0.3701005025125628,0.8683417085427135,0.592462311557789,0.2962311557788945,0.29468555086992754,0.7207471402237318
F000206,0.0,0.3472361809045226,0.2916666666666666,0.5204164998665332,0.0,1.0,1.0,1.0,0.0,real,3,0.3701005025125628,0.3472361809045226,0.6203517587939699,0.31017587939698493,0.2998465000883816,0.35432814196611195
F000207,0.1504840084734488,0.8301507537688442,0.6388888888888888,0.2545875386086578,0.0,1.0,1.0,1.0,0.0,real,3,0.3701005025125628,0.8301507537688442,0.17336683417085427,0.08668341708542714,0.21713182747910406,0.7902720259589404
F000208,0.0,0.3472361809045226,0.2916666666666666,0.6291528696058958,0.5,1.0,0.5,0.5,0.5,real,3,0.9587939698492463,0.3472361809045226,0.7339195979899498,0.18347989949748744,0.41561791368904827,0.4594447425570061
F000209,0.0,0.3472361809045226,0.3055555555555556,0.3469443332443555,0.0,1.0,1.0,1.0,0.0,real,3,0.3701005025125628,0.3472361809045226,0.3135678391959799,0.15678391959798996,0.24307605868538676,0.3508209388651801
F000210,0.0219364186574703,0.7055276381909548,0.6527777777777778,0.5672382737961704,0.0,1.0,1.0,1.0,0.0,real,3,0.3701005025125628,0.7055276381909548,0.6540201005025126,0.3270100502512563,0.30607683518092976,0.5958395936971288
F000211,0.0,0.3472361809045226,0.0416666666666666,0.1443375672974064,0.0,1.0,1.0,1.0,0.0,real,3,0.3701005025125628,0.3472361809045226,0.06155778894472362,0.03077889447236181,0.19644153556728366,0.34793991944647856
F000212,0.1898569058357866,0.8683417085427135,0.7222222222222222,0.5091750772173156,0.0,1.0,1.0,1.0,0.0,real,3,0.3701005025125628,0.8683417085427135,0.592462311557789,0.2962311557788945,0.29468555086992754,0.7207471402237318
F000213,0.0,0.3472361809045226,0.5416666666666666,0.3818813079129867,0.25,1.0,1.0,1.0,0.25,real,3,0.8304020100502513,0.3472361809045226,0.3608040201005025,0.18040201005025125,0.5650071967879599,0.4344002676700083
F000214,0.0,0.3472361809045226,0.6388888888888888,0.8552669065744807,0.5,1.0,1.0,1.0,0.5,real,3,0.9587939698492463,0.3472361809045226,0.9228643216080402,0.4614321608040201,0.9218153581980254,0.6294286129138154
F000215,0.4510034825212683,0.9756281407035176,0.8194444444444444,0.3757708127352412,0.0,1.0,1.0,1.0,0.0,real,3,0.3701005025125628,0.9756281407035176,0.3394472361809045,0.16972361809045225,0.24786504759980807,0.8728557990959824
F000216,0.0,0.3472361809045226,0.5138888888888888,0.2926570486903538,0.25,1.0,1.0,1.0,0.25,real,3,0.8304020100502513,0.3472361809045226,0.24949748743718592,0.12474874371859296,0.518792612560289,0.4075105110982046
F000217,0.0,0.3472361809045226,0.3333333333333333,0.5773502691896258,0.0,1.0,1.0,1.0,0.0,real,3,0.3701005025125628,0.3472361809045226,0.6758793969849246,0.3379396984924623,0.3101219034872857,0.3549629428549784
F000218,0.0,0.3472361809045226,0.1944444444444444,0.3469443332443554,0.0,1.0,1.0,1.0,0.0,real,3,0.3701005025125628,0.3472361809045226,0.2914572864321608,0.1457286432160804,0.23898449534102673,0.3505681674705184
F000219,0.0,0.3472361809045226,0.4027777777777778,0.8832285053102581,0.0,1.0,1.0,1.0,0.0,real,3,0.3701005025125628,0.3472361809045226,0.9417085427135679,0.4708542713567839,0.35931365369561374,0.35800194439534355
F000220,0.0,0.3472361809045226,0.4583333333333333,0.3818813079129867,0.25,1.0,1.0,1.0,0.25,real,3,0.8304020100502513,0.3472361809045226,0.3608040201005025,0.18040201005025125,0.5650071967879599,0.4344002676700083
F000221,0.4229189661767951,0.9630653266331658,0.7638888888888888,0.2097176232019653,0.25,1.0,1.0,1.0,0.25,real,3,0.8304020100502513,0.9630653266331658,0.11809045226130653,0.059045226130653265,0.4642322794878917,0.9552321911062852
F000222,0.0,0.3472361809045226,0.3611111111111111,0.2545875386086578,0.75,1.0,1.0,1.0,0.75,real,3,0.9987437185929648,0.3472361809045226,0.17336683417085427,0.08668341708542714,0.5859463776167269,0.40371108052826943
F000223,0.0,0.3472361809045226,0.1666666666666666,0.5773502691896258,0.0,1.0,1.0,1.0,0.0,real,3,0.3701005025125628,0.3472361809045226,0.6758793969849246,0.3379396984924623,0.3101219034872857,0.3549629428549784
F000224,0.0,0.3472361809045226,0.3055555555555556,0.3469443332443555,0.0,1.0,1.0,1.0,0.0,real,3,0.3701005025125628,0.3472361809045226,0.3135678391959799,0.15678391959798996,0.24307605868538676,0.3508209388651801
F000225,0.0,0.3472361809045226,0.6944444444444444,0.787635937708768,0.0,1.0,1.0,1.0,0.0,real,3,0.3701005025125628,0.3472361809045226,0.8944723618090452,0.4472361809045226,0.3505725865508447,0.35746193277947524
F000226,0.0223290993692601,0.7115577889447237,0.5833333333333334,0.2886751345948129,0.25,1.0,1.0,1.0,0.25,real,3,0.8304020100502513,0.7115577889447237,0.22688442211055276,0.11344221105527638,0.509403645109972,0.7250397401580768
F000227,0.0,0.3472361809045226,0.1388888888888888,0.2545875386086578,0.0,1.0,1.0,1.0,0.0,real,3,0.3701005025125628,0.3472361809045226,0.17336683417085427,0.08668341708542714,0.21713182747910406,0.34921813843084765
F000228,0.0,0.3472361809045226,0.4444444444444444,1.0183501544346312,0.0,1.0,1.0,1.0,0.0,real,3,0.3701005025125628,0.3472361809045226,0.971356783919598,0.485678391959799,0.36480006818009647,0.35834088785636725
F000229,0.0,0.3472361809045226,0.4583333333333333,0.8036375634160796,0.0,1.0,1.0,1.0,0.0,real,3,0.3701005025125628,0.3472361809045226,0.9057788944723618,0.4528894472361809,0.35266486326102875,0.35759119087901825
F000230,0.0,0.3472361809045226,0.2777777777777778,0.5091750772173156,0.0,1.0,1.0,1.0,0.0,real,3,0.3701005025125628,0.3472361809045226,0.592462311557789,0.2962311557788945,0.29468555086992754,0.35400930532057273
F000231,0.1504840084734488,0.8301507537688442,0.6388888888888888,0.2545875386086578,0.0,1.0,1.0,1.0,0.0,real,3,0.3701005025125628,0.8301507537688442,0.17336683417085427,0.08668341708542714,0.21713182747910406,0.7902720259589404
F000232,0.0,0.3472361809045226,0.3611111111111111,0.2545875386086578,0.0,1.0,1.0,1.0,0.0,real,3,0.3701005025125628,0.3472361809045226,0.17336683417085427,0.08668341708542714,0.21713182747910406,0.34921813843084765
F000233,0.0,0.3472361809045226,0.4583333333333333,0.1443375672974064,0.0,1.0,1.0,1.0,0.0,real,3,0.3701005025125628,0.3472361809045226,0.06155778894472362,0.03077889447236181,0.19644153556728366,0.34793991944647856
F000234,0.0,0.3472361809045226,0.2916666666666666,0.3818813079129866,0.0,1.0,1.0,1.0,0.0,real,3,0.3701005025125628,0.3472361809045226,0.34723618090452263,0.17361809045226131,0.2493063937779349,0.35120584076159694
F000235,0.4376389444889332,0.9698492462311558,0.8055555555555556,0.3469443332443555,0.0,1.0,1.0,1.0,0.0,real,3,0.3701005025125628,0.9698492462311558,0.3135678391959799,0.15678391959798996,0.24307605868538676,0.8758182874169844
F000236,0.1485783278408043,0.8120603015075377,0.7361111111111112,0.6472877887628358,0.25,1.0,1.0,1.0,0.25,real,3,0.8304020100502513,0.8120603015075377,0.771105527638191,0.3855527638190955,0.7353647950809322,0.8191319979293453
F000237,0.0,0.3472361809045226,0.375,0.25,0.0,1.0,1.0,1.0,0.0,real,3,0.3701005025125628,0.3472361809045226,0.13618090452261306,0.06809045226130653,0.2102505618544986,0.348793022903462
F000238,0.0,0.3472361809045226,0.6111111111111112,0.4811252243246882,0.0,1.0,1.0,1.0,0.0,real,3,0.3701005025125628,0.3472361809045226,0.4979899497487437,0.24899497487437186,0.2772034165803894,0.3529292820888361
F000239,0.0,0.3472361809045226,0.1666666666666666,0.5773502691896258,0.25,1.0,1.0,1.0,0.25,real,3,0.8304020100502513,0.3472361809045226,0.6758793969849246,0.3379396984924623,0.6958268099290422,0.5105170955278907
F000240,0.0,0.3472361809045226,0.3055555555555556,0.7876359377087682,0.0,1.0,1.0,1.0,0.0,real,3,0.3701005025125628,0.3472361809045226,0.9,0.45,0.35159547738693464,0.3575251256281407
F000241,0.0,0.3472361809045226,0.4583333333333333,0.1443375672974064,0.0,1.0,1.0,1.0,0.0,real,3,0.3701005025125628,0.3472361809045226,0.06155778894472362,0.03077889447236181,0.19644153556728366,0.34793991944647856
F000242,0.0,0.3472361809045226,0.4305555555555555,0.4276334532872403,0.0,1.0,1.0,1.0,0.0,real,3,0.3701005025125628,0.3472361809045226,0.4505025125628141,0.22525125628140705,0.2684158543976162,0.3523863980707558
F000243,0.1485783278408043,0.8120603015075377,0.7361111111111112,0.6472877887628358,0.0,1.0,1.0,1.0,0.0,real,3,0.3701005025125628,0.8120603015075377,0.771105527638191,0.3855527638190955,0.3277435228908361,0.6416614795080933
F000244,0.0,0.3472361809045226,0.5,0.5,0.5,1.0,1.0,1.0,0.5,real,3,0.9587939698492463,0.3472361809045226,0.5492462311557789,0.27462311557788943,0.7427039721219161,0.515184086260448
F000245,0.2257260127101733,0.8974874371859296,0.7083333333333334,0.3818813079129866,0.0,1.0,1.0,1.0,0.0,real,3,0.3701005025125628,0.8974874371859296,0.34723618090452263,0.17361809045226131,0.2493063937779349,0.8059235246584682
F000246,0.1889957660359268,0.8582914572864322,0.6666666666666666,0.2886751345948129,0.0,1.0,1.0,1.0,0.0,real,3,0.3701005025125628,0.8582914572864322,0.22688442211055276,0.11344221105527638,0.22703527057397543,0.802909995959698
F000247,0.0483797153000638,0.7306532663316583,0.6805555555555556,0.6254627916220946,0.0,1.0,1.0,1.0,0.0,real,3,0.3701005025125628,0.7306532663316583,0.714824120603015,0.3574120603015075,0.31732863437791975,0.6017873601676725
F000248,0.0,0.3472361809045226,0.6388888888888888,0.8552669065744807,0.0,1.0,1.0,1.0,0.0,real,3,0.3701005025125628,0.3472361809045226,0.9228643216080402,0.4614321608040201,0.355826525845307,0.35778651422943863
F000249,0.0,0.3472361809045226,0.5416666666666666,0.3818813079129867,0.0,1.0,1.0,1.0,0.0,real,3,0.3701005025125628,0.3472361809045226,0.3608040201005025,0.18040201005025125,0.2518171258301558,0.35136095048104843
F000250,0.061411169010459,0.7545226130653266,0.6527777777777778,0.488288773090193,0.0,1.0,1.0,1.0,0.0,real,3,0.3701005025125628,0.7545226130653266,0.514070351758794,0.257035175879397,0.2801790990126512,0.655712608267468
F000251,0.0,0.3472361809045226,0.5555555555555556,0.5357583756107197,0.5,1.0,1.0,1.0,0.5,real,3,0.9587939698492463,0.3472361809045226,0.6384422110552764,0.3192211055276382,0.7854642559531325,0.5424583343854953
F000252,0.1178513660507478,0.7894472361809045,0.736111111111111,0.7087417123429486,0.0,1.0,1.0,1.0,0.0,real,3,0.3701005025125628,0.7894472361809045,0.8402010050251256,0.4201005025125628,0.3405296583419611,0.6132794626398324
F000253,0.3222409918479341,0.9381909547738694,0.7638888888888888,0.4110735718596873,0.0,1.0,1.0,1.0,0.0,real,3,0.3701005025125628,0.9381909547738694,0.42135678391959797,0.21067839195979898,0.2630224299891417,0.8185065718037423
F000254,0.0,0.3472361809045226,0.2222222222222222,0.0962250448649376,0.0,1.0,1.0,1.0,0.0,real,3,0.3701005025125628,0.3472361809045226,0.022110552763819097,0.011055276381909548,0.1891418146006414,0.34748895229918436
F000255,0.0,0.3472361809045226,0.375,0.6614378277661477,0.0,1.0,1.0,1.0,0.0,real,3,0.3701005025125628,0.3472361809045226,0.7871859296482412,0.3935929648241206,0.3307192053230979,0.35623541703492334
F000256,0.4229189661767951,0.9630653266331658,0.7638888888888888,0.2097176232019653,0.0,1.0,1.0,1.0,0.0,real,3,0.3701005025125628,0.9630653266331658,0.11809045226130653,0.059045226130653265,0.20690291911820408,0.9280535845054417
F000257,0.0,0.3472361809045226,0.6111111111111112,0.4811252243246882,0.0,1.0,1.0,1.0,0.0,real,3,0.3701005025125628,0.3472361809045226,0.4979899497487437,0.24899497487437186,0.2772034165803894,0.3529292820888361
F000258,0.0,0.3472361809045226,0.1666666666666666,0.5773502691896258,0.25,1.0,1.0,1.0,0.25,real,3,0.8304020100502513,0.3472361809045226,0.6758793969849246,0.3379396984924623,0.6958268099290422,0.5105170955278907
F000259,0.0,0.3472361809045226,0.4166666666666667,0.2886751345948129,0.0,1.0,1.0,1.0,0.0,real,3,0.3701005025125628,0.3472361809045226,0.22688442211055276,0.11344221105527638,0.22703527057397543,0.34982996010201756
F000260,0.0,0.3472361809045226,0.1944444444444444,0.3469443332443554,0.5,1.0,1.0,1.0,0.5,real,3,0.9587939698492463,0.3472361809045226,0.2914572864321608,0.1457286432160804,0.6191207292745132,0.4363576677356632
F000261,0.0148860662461734,0.7022613065326633,0.5555555555555556,0.1924500897298752,0.0,1.0,1.0,1.0,0.0,real,3,0.3701005025125628,0.7022613065326633,0.09321608040201006,0.04660804020100503,0.2022999103557991,0.6867799424256963
F000262,0.4376389444889332,0.9698492462311558,0.8055555555555556,0.3469443332443555,0.0,1.0,1.0,1.0,0.0,real,3,0.3701005025125628,0.9698492462311558,0.3135678391959799,0.15678391959798996,0.24307605868538676,0.8758182874169844
F000263,0.0,0.3472361809045226,0.3333333333333333,0.5773502691896258,0.5,1.0,1.0,1.0,0.5,real,3,0.9587939698492463,0.3472361809045226,0.6758793969849246,0.3379396984924623,0.8034115300118684,0.5539058357112194
F000264,0.0,0.3472361809045226,0.2916666666666666,0.3818813079129866,0.0,1.0,1.0,1.0,0.0,real,3,0.3701005025125628,0.3472361809045226,0.34723618090452263,0.17361809045226131,0.2493063937779349,0.35120584076159694
F000265,0.1485783278408043,0.8120603015075377,0.7361111111111112,0.6472877887628358,0.5,1.0,1.0,1.0,0.5,real,3,0.9587939698492463,0.8120603015075377,0.771105527638191,0.3855527638190955,0.8490626499330824,0.868633872881998
F000266,0.5949284529178934,0.992211055276382,0.8611111111111112,0.2545875386086578,0.0,1.0,1.0,1.0,0.0,real,3,0.3701005025125628,0.992211055276382,0.17336683417085427,0.08668341708542714,0.21713182747910406,0.9382843867579103
F000267,0.0,0.3472361809045226,0.25,0.5,0.0,1.0,1.0,1.0,0.0,real,3,0.3701005025125628,0.3472361809045226,0.5492462311557789,0.27462311557788943,0.2866884043332239,0.3535152521400975
F000268,0.1706553760958049,0.849748743718593,0.7777777777777777,0.769800358919501,0.0,1.0,1.0,1.0,0.0,real,3,0.3701005025125628,0.849748743718593,0.8879396984924623,0.4439698492462312,0.3493637155627383,0.6367993863791318
F000269,0.3009680169468978,0.9314070351758794,0.7777777777777778,0.5091750772173156,0.0,1.0,1.0,1.0,0.0,real,3,0.3701005025125628,0.9314070351758794,0.592462311557789,0.2962311557788945,0.29468555086992754,0.7651305522587813
F000270,0.0,0.3472361809045226,0.4583333333333333,0.8036375634160796,0.0,1.0,1.0,1.0,0.0,real,3,0.3701005025125628,0.3472361809045226,0.9057788944723618,0.4528894472361809,0.35266486326102875,0.35759119087901825
F000271,0.0,0.3472361809045226,0.25,0.5,0.0,1.0,1.0,1.0,0.0,real,3,0.3701005025125628,0.3472361809045226,0.5492462311557789,0.27462311557788943,0.2866884043332239,0.3535152521400975
F000272,0.3222409918479341,0.9381909547738694,0.7638888888888888,0.4110735718596873,0.0,1.0,1.0,1.0,0.0,real,3,0.3701005025125628,0.9381909547738694,0.42135678391959797,0.21067839195979898,0.2630224299891417,0.8185065718037423
F000273,0.0,0.3472361809045226,0.5416666666666666,0.6291528696058959,0.0,1.0,1.0,1.0,0.0,real,3,0.3701005025125628,0.3472361809045226,0.7454773869346734,0.3727386934673367,0.32300102901441885,0.3557585982677205
F000274,0.0219364186574703,0.7055276381909548,0.6527777777777778,0.5672382737961704,0.0,1.0,1.0,1.0,0.0,real,3,0.3701005025125628,0.7055276381909548,0.6540201005025126,0.3270100502512563,0.30607683518092976,0.5958395936971288
F000275,0.0,0.3472361809045226,0.1805555555555555,0.1272937693043289,0.0,1.0,1.0,1.0,0.0,real,3,0.3701005025125628,0.3472361809045226,0.04195979899497487,0.020979899497487436,0.1928149226029646,0.3477158720739375
F000276,0.1020902318637188,0.7766331658291458,0.7083333333333334,0.6291528696058958,0.0,1.0,1.0,1.0,0.0,real,3,0.3701005025125628,0.7766331658291458,0.7339195979899498,0.3669597989949749,0.3208622572662307,0.6274520214136007
F000277,0.0,0.3472361809045226,0.3333333333333333,0.2886751345948129,0.0,1.0,1.0,1.0,0.0,real,3,0.3701005025125628,0.3472361809045226,0.22688442211055276,0.11344221105527638,0.22703527057397543,0.34982996010201756
F000278,0.01116454968463,0.6977386934673366,0.5416666666666666,0.1443375672974064,0.25,1.0,1.0,1.0,0.25,real,3,0.8304020100502513,0.6977386934673366,0.06155778894472362,0.03077889447236181,0.44075986086209945,0.7018219236887957
F000279,0.3779915320718537,0.9507537688442212,0.8333333333333333,0.5773502691896258,0.0,1.0,1.0,1.0,0.0,real,3,0.3701005025125628,0.9507537688442212,0.6758793969849246,0.3379396984924623,0.3101219034872857,0.7545279790914372
F000280,0.0,0.3472361809045226,0.5972222222222222,0.393817968854384,0.0,1.0,1.0,1.0,0.0,real,3,0.3701005025125628,0.3472361809045226,0.40251256281407033,0.20125628140703516,0.25953530213883486,0.3518377692482513
F000281,0.061411169010459,0.7545226130653266,0.6527777777777778,0.488288773090193,0.0,1.0,1.0,1.0,0.0,real,3,0.3701005025125628,0.7545226130653266,0.514070351758794,0.257035175879397,0.2801790990126512,0.655712608267468
F000282,0.0,0.3472361809045226,0.6111111111111112,0.693888666488711,0.0,1.0,1.0,1.0,0.0,real,3,0.3701005025125628,0.3472361809045226,0.828894472361809,0.4144472361809045,0.338437381631777,0.3567122358021262
F000283,0.0,0.3472361809045226,0.4444444444444445,0.8388704928078611,0.0,1.0,1.0,1.0,0.0,real,3,0.3701005025125628,0.3472361809045226,0.9178391959798995,0.45891959798994975,0.3548966250852251,0.3577290661851973
F000284,0.0,0.3472361809045226,0.6388888888888888,0.7515416254704823,0.0,1.0,1.0,1.0,0.0,real,3,0.3701005025125628,0.3472361809045226,0.8610552763819096,0.4305276381909548,0.34438874649630064,0.3570799032852705
F000285,0.0,0.3472361809045226,0.4583333333333333,0.1443375672974064,0.25,1.0,1.0,1.0,0.25,real,3,0.8304020100502513,0.3472361809045226,0.06155778894472362,0.03077889447236181,0.44075986086209945,0.36210749097245015
F000286,0.0,0.3472361809045226,0.4583333333333333,0.6291528696058959,0.0,1.0,1.0,1.0,0.0,real,3,0.3701005025125628,0.3472361809045226,0.7454773869346734,0.3727386934673367,0.32300102901441885,0.3557585982677205
F000287,0.5949284529178934,0.992211055276382,0.8611111111111112,0.2545875386086578,0.0,1.0,1.0,1.0,0.0,real,3,0.3701005025125628,0.992211055276382,0.17336683417085427,0.08668341708542714,0.21713182747910406,0.9382843867579103
F000288,0.0,0.3472361809045226,0.3472222222222222,0.488288773090193,0.0,1.0,1.0,1.0,0.0,real,3,0.3701005025125628,0.3472361809045226,0.514070351758794,0.257035175879397,0.2801790990126512,0.35311311583040833
F000289,0.0,0.3472361809045226,0.5555555555555556,0.5357583756107197,0.0,1.0,1.0,1.0,0.0,real,3,0.3701005025125628,0.3472361809045226,0.6384422110552764,0.3192211055276382,0.30319414282467616,0.3545349549253807
F000290,0.0521012318616071,0.742713567839196,0.6944444444444444,0.6735753140545634,0.0,1.0,1.0,1.0,0.0,real,3,0.3701005025125628,0.742713567839196,0.8133165829145729,0.40665829145728644,0.3355546892755234,0.591187375318805
F000291,0.0,0.3472361809045226,0.3472222222222222,0.488288773090193,0.0,1.0,1.0,1.0,0.0,real,3,0.3701005025125628,0.3472361809045226,0.514070351758794,0.257035175879397,0.2801790990126512,0.35311311583040833
F000292,0.0,0.3472361809045226,0.2777777777777778,0.5091750772173156,0.0,1.0,1.0,1.0,0.0,real,3,0.3701005025125628,0.3472361809045226,0.592462311557789,0.2962311557788945,0.29468555086992754,0.35400930532057273
F000293,0.0,0.3472361809045226,0.25,0.5,0.0,1.0,1.0,1.0,0.0,real,3,0.3701005025125628,0.3472361809045226,0.5492462311557789,0.27462311557788943,0.2866884043332239,0.3535152521400975
F000294,0.0,0.3472361809045226,0.3055555555555556,0.7876359377087682,0.25,1.0,1.0,1.0,0.25,real,3,0.8304020100502513,0.3472361809045226,0.9,0.45,0.7888819095477386,0.5646608040201005
F000295,0.0,0.3472361809045226,0.2361111111111111,0.2097176232019652,0.25,1.0,1.0,1.0,0.25,real,3,0.8304020100502513,0.3472361809045226,0.10854271356783919,0.054271356783919596,0.4602680487866468,0.3734582460038887
F000296,0.0,0.3472361809045226,0.4722222222222222,0.4194352464039305,0.0,1.0,1.0,1.0,0.0,real,3,0.3701005025125628,0.3472361809045226,0.43366834170854274,0.21683417085427137,0.26530068685134217,0.35219394712254737
F000297,0.0,0.3472361809045226,0.3333333333333333,0.5773502691896258,0.25,1.0,1.0,1.0,0.25,real,3,0.8304020100502513,0.3472361809045226,0.6758793969849246,0.3379396984924623,0.6958268099290422,0.5105170955278907
F000298,0.0,0.3472361809045226,0.5694444444444444,0.4276334532872403,0.0,1.0,1.0,1.0,0.0,real,3,0.3701005025125628,0.3472361809045226,0.4505025125628141,0.22525125628140705,0.2684158543976162,0.3523863980707558
F000299,0.0,0.3472361809045226,0.1944444444444444,0.3469443332443554,0.0,1.0,1.0,1.0,0.0,real,3,0.3701005025125628,0.3472361809045226,0.2914572864321608,0.1457286432160804,0.23898449534102673,0.3505681674705184
F000300,0.0,0.3472361809045226,0.5694444444444444,0.4276334532872403,0.0,1.0,1.0,1.0,0.0,real,3,0.3701005025125628,0.3472361809045226,0.4505025125628141,0.22525125628140705,0.2684158543976162,0.3523863980707558
F000301,0.0,0.3472361809045226,0.4722222222222222,0.9179284245476838,0.0,1.0,1.0,1.0,0.0,real,3,0.3701005025125628,0.3472361809045226,0.9510050251256281,0.47550251256281406,0.36103397010176513,0.35810822327718994
F000302,0.0,0.3472361809045226,0.4722222222222222,0.4194352464039305,0.0,1.0,1.0,1.0,0.0,real,3,0.3701005025125628,0.3472361809045226,0.43366834170854274,0.21683417085427137,0.26530068685134217,0.35219394712254737
F000303,0.0,0.3472361809045226,0.4861111111111111,0.2926570486903539,0.25,1.0,1.0,1.0,0.25,real,3,0.8304020100502513,0.3472361809045226,0.2608040201005025,0.13040201005025126,0.5234870962854473,0.41024197621272185
F000304,0.0,0.3472361809045226,0.4861111111111111,0.2926570486903539,0.0,1.0,1.0,1.0,0.0,real,3,0.3701005025125628,0.3472361809045226,0.2608040201005025,0.13040201005025126,0.23331210070452765,0.3502177344006464
F000305,0.0,0.3472361809045226,0.3194444444444444,0.6254627916220946,0.25,1.0,1.0,1.0,0.25,real,3,0.8304020100502513,0.3472361809045226,0.714824120603015,0.3574120603015075,0.7119966983156991,0.5199254753667837
F000306,0.0297721324923469,0.7155778894472362,0.6111111111111112,0.3849001794597506,0.0,1.0,1.0,1.0,0.0,real,3,0.3701005025125628,0.7155778894472362,0.385929648241206,0.192964824120603,0.2564666296305649,0.6489129062397415
F000307,0.2257260127101733,0.8974874371859296,0.7083333333333334,0.3818813079129866,0.25,1.0,1.0,1.0,0.25,real,3,0.8304020100502513,0.8974874371859296,0.34723618090452263,0.17361809045226131,0.5593738163177697,0.8858401934294589
F000308,0.1178513660507478,0.7894472361809045,0.736111111111111,0.7087417123429486,0.5,1.0,1.0,1.0,0.5,real,3,0.9587939698492463,0.7894472361809045,0.8402010050251256,0.4201005025125628,0.8821868134643065,0.860589884093836
F000309,0.0,0.3472361809045226,0.5138888888888888,0.2926570486903538,0.0,1.0,1.0,1.0,0.0,real,3,0.3701005025125628,0.3472361809045226,0.24949748743718592,0.12474874371859296,0.2312198239943436,0.35008847630110346
F000310,0.0,0.3472361809045226,0.3333333333333333,0.5773502691896258,0.0,1.0,1.0,1.0,0.0,real,3,0.3701005025125628,0.3472361809045226,0.6758793969849246,0.3379396984924623,0.3101219034872857,0.3549629428549784
F000311,0.2974642264589466,0.9216080402010052,0.6805555555555556,0.1272937693043289,0.25,1.0,1.0,1.0,0.25,real,3,0.8304020100502513,0.9216080402010052,0.04195979899497487,0.020979899497487436,0.43262275573849146,0.9196945468548775
F000312,0.0,0.3472361809045226,0.3888888888888889,0.693888666488711,0.0,1.0,1.0,1.0,0.0,real,3,0.3701005025125628,0.3472361809045226,0.828894472361809,0.4144472361809045,0.338437381631777,0.3567122358021262
F000313,0.0,0.3472361809045226,0.4583333333333333,0.1443375672974064,0.25,1.0,1.0,1.0,0.25,real,3,0.8304020100502513,0.3472361809045226,0.06155778894472362,0.03077889447236181,0.44075986086209945,0.36210749097245015
F000314,0.0,0.3472361809045226,0.4166666666666667,1.0408329997330663,0.25,1.0,1.0,1.0,0.25,real,3,0.8304020100502513,0.3472361809045226,0.978140703517588,0.489070351758794,0.8213260081816116,0.5835382629226535
F000315,0.0,0.3472361809045226,0.4305555555555555,0.4276334532872403,0.0,1.0,1.0,1.0,0.0,real,3,0.3701005025125628,0.3472361809045226,0.4505025125628141,0.22525125628140705,0.2684158543976162,0.3523863980707558
F000316,0.3009680169468978,0.9314070351758794,0.7777777777777778,0.5091750772173156,0.0,1.0,1.0,1.0,0.0,real,3,0.3701005025125628,0.9314070351758794,0.592462311557789,0.2962311557788945,0.29468555086992754,0.7651305522587813
F000317,0.0,0.3472361809045226,0.4444444444444444,0.1924500897298753,0.25,1.0,1.0,1.0,0.25,real,3,0.8304020100502513,0.3472361809045226,0.10150753768844221,0.05075376884422111,0.4573470366909927,0.37175866771041133
F000318,0.0,0.3472361809045226,0.6111111111111112,0.4811252243246882,0.0,1.0,1.0,1.0,0.0,real,3,0.3701005025125628,0.3472361809045226,0.4979899497487437,0.24899497487437186,0.2772034165803894,0.3529292820888361
F000319,0.0669872981077807,0.7638190954773869,0.75,0.8660254037844386,0.0,1.0,1.0,1.0,0.0,real,3,0.3701005025125628,0.7638190954773869,0.9336683417085427,0.46683417085427137,0.35782581247948286,0.5800178025807429
F000320,0.0,0.3472361809045226,0.375,0.6614378277661477,0.0,1.0,1.0,1.0,0.0,real,3,0.3701005025125628,0.3472361809045226,0.7871859296482412,0.3935929648241206,0.3307192053230979,0.35623541703492334
F000321,0.0,0.3472361809045226,0.4305555555555555,0.4738533919231106,0.0,1.0,1.0,1.0,0.0,real,3,0.3701005025125628,0.3472361809045226,0.48391959798994977,0.24195979899497488,0.2745996944521603,0.3527684275649604
F000322,0.0669872981077807,0.7638190954773869,0.75,0.8660254037844386,0.0,1.0,1.0,1.0,0.0,real,3,0.3701005025125628,0.7638190954773869,0.9336683417085427,0.46683417085427137,0.35782581247948286,0.5800178025807429
F000323,0.0,0.3472361809045226,0.4027777777777778,0.393817968854384,0.0,1.0,1.0,1.0,0.0,real,3,0.3701005025125628,0.3472361809045226,0.40251256281407033,0.20125628140703516,0.25953530213883486,0.3518377692482513
F000324,0.0,0.3472361809045226,0.3472222222222222,0.488288773090193,0.25,1.0,1.0,1.0,0.25,real,3,0.8304020100502513,0.3472361809045226,0.514070351758794,0.257035175879397,0.6286435317289967,0.4714267947779096
F000325,0.125,0.7962311557788945,0.625,0.25,0.0,1.0,1.0,1.0,0.0,real,3,0.3701005025125628,0.7962311557788945,0.13618090452261306,0.06809045226130653,0.2102505618544986,0.767215726875584
F000326,0.0,0.3472361809045226,0.3472222222222222,0.488288773090193,0.0,1.0,1.0,1.0,0.0,real,3,0.3701005025125628,0.3472361809045226,0.514070351758794,0.257035175879397,0.2801790990126512,0.35311311583040833
F000327,0.0,0.3472361809045226,0.6527777777777778,0.6988747569671736,0.0,1.0,1.0,1.0,0.0,real,3,0.3701005025125628,0.3472361809045226,0.8361809045226131,0.41809045226130653,0.3397857377338956,0.35679553546627607
F000328,0.0,0.3472361809045226,0.5138888888888888,0.2926570486903538,0.0,1.0,1.0,1.0,0.0,real,3,0.3701005025125628,0.3472361809045226,0.24949748743718592,0.12474874371859296,0.2312198239943436,0.35008847630110346
F000329,0.0446581987385203,0.7221105527638191,0.6666666666666666,0.5773502691896258,0.0,1.0,1.0,1.0,0.0,real,3,0.3701005025125628,0.7221105527638191,0.6758793969849246,0.3379396984924623,0.3101219034872857,0.603152382515593
F000330,0.0,0.3472361809045226,0.2638888888888888,0.6472877887628358,0.25,1.0,1.0,1.0,0.25,real,3,0.8304020100502513,0.3472361809045226,0.771105527638191,0.3855527638190955,0.7353647950809322,0.5335221017146032
F000331,0.0,0.3472361809045226,0.3472222222222222,0.488288773090193,0.0,1.0,1.0,1.0,0.0,real,3,0.3701005025125628,0.3472361809045226,0.514070351758794,0.257035175879397,0.2801790990126512,0.35311311583040833
F000332,0.0,0.3472361809045226,0.4861111111111111,0.2926570486903539,0.0,1.0,1.0,1.0,0.0,real,3,0.3701005025125628,0.3472361809045226,0.2608040201005025,0.13040201005025126,0.23331210070452765,0.3502177344006464
F000333,0.3779915320718537,0.9507537688442212,0.8333333333333333,0.5773502691896258,0.0,1.0,1.0,1.0,0.0,real,3,0.3701005025125628,0.9507537688442212,0.6758793969849246,0.3379396984924623,0.3101219034872857,0.7545279790914372
F000334,0.0223290993692601,0.7115577889447237,0.5833333333333334,0.2886751345948129,0.0,1.0,1.0,1.0,0.0,real,3,0.3701005025125628,0.7115577889447237,0.22688442211055276,0.11344221105527638,0.22703527057397543,0.6728221193909245
F000335,0.0,0.3472361809045226,0.3611111111111111,0.2545875386086578,0.0,1.0,1.0,1.0,0.0,real,3,0.3701005025125628,0.3472361809045226,0.17336683417085427,0.08668341708542714,0.21713182747910406,0.34921813843084765
F000336,0.3779915320718537,0.9507537688442212,0.8333333333333333,0.5773502691896258,0.5,1.0,1.0,1.0,0.5,real,3,0.9587939698492463,0.9507537688442212,0.6758793969849246,0.3379396984924623,0.8034115300118684,0.9534708719476782
F000337,0.0,0.3472361809045226,0.375,1.0897247358851685,0.0,1.0,1.0,1.0,0.0,real,3,0.3701005025125628,0.3472361809045226,0.9899497487437185,0.4949748743718593,0.3682407009923992,0.3585534456200601
F000338,0.2974642264589466,0.9216080402010052,0.6805555555555556,0.1272937693043289,0.0,1.0,1.0,1.0,0.0,real,3,0.3701005025125628,0.9216080402010052,0.04195979899497487,0.020979899497487436,0.1928149226029646,0.9100374674881948
F000339,0.0,0.3472361809045226,0.1944444444444444,0.3469443332443554,0.5,1.0,1.0,1.0,0.5,real,3,0.9587939698492463,0.3472361809045226,0.2914572864321608,0.1457286432160804,0.6191207292745132,0.4363576677356632
F000340,0.0,0.3472361809045226,0.375,0.25,0.0,1.0,1.0,1.0,0.0,real,3,0.3701005025125628,0.3472361809045226,0.13618090452261306,0.06809045226130653,0.2102505618544986,0.348793022903462
F000341,0.0669872981077807,0.7638190954773869,0.75,0.8660254037844386,0.0,1.0,1.0,1.0,0.0,real,3,0.3701005025125628,0.7638190954773869,0.9336683417085427,0.46683417085427137,0.35782581247948286,0.5800178025807429
F000342,0.0,0.3472361809045226,0.625,0.6614378277661477,0.25,1.0,1.0,1.0,0.25,real,3,0.8304020100502513,0.3472361809045226,0.7871859296482412,0.3935929648241206,0.7420413941567132,0.5374068520996944
F000343,0.0,0.3472361809045226,0.4027777777777778,0.393817968854384,0.25,1.0,1.0,1.0,0.25,real,3,0.8304020100502513,0.3472361809045226,0.40251256281407033,0.20125628140703516,0.5823246256407666,0.4444763389813388
F000344,0.0,0.3472361809045226,0.6388888888888888,0.7515416254704823,0.0,1.0,1.0,1.0,0.0,real,3,0.3701005025125628,0.3472361809045226,0.8610552763819096,0.4305276381909548,0.34438874649630064,0.3570799032852705
F000345,0.0,0.3472361809045226,0.4722222222222222,0.4194352464039305,0.0,1.0,1.0,1.0,0.0,real,3,0.3701005025125628,0.3472361809045226,0.43366834170854274,0.21683417085427137,0.26530068685134217,0.35219394712254737
F000346,0.0,0.3472361809045226,0.5416666666666666,0.3818813079129867,0.25,1.0,1.0,1.0,0.25,real,3,0.8304020100502513,0.3472361809045226,0.3608040201005025,0.18040201005025125,0.5650071967879599,0.4344002676700083
F000347,0.0,0.3472361809045226,0.2638888888888888,0.4110735718596873,0.0,1.0,1.0,1.0,0.0,real,3,0.3701005025125628,0.3472361809045226,0.42135678391959797,0.21067839195979898,0.2630224299891417,0.3520531994141562
F000348,0.0,0.3472361809045226,0.125,0.25,0.0,1.0,1.0,1.0,0.0,real,3,0.3701005025125628,0.3472361809045226,0.13618090452261306,0.06809045226130653,0.2102505618544986,0.348793022903462
F000349,0.0,0.3472361809045226,0.375,0.6614378277661477,0.0,1.0,1.0,1.0,0.0,real,3,0.3701005025125628,0.3472361809045226,0.7871859296482412,0.3935929648241206,0.3307192053230979,0.35623541703492334
F000350,0.0,0.3472361809045226,0.375,0.4330127018922193,0.25,1.0,1.0,1.0,0.25,real,3,0.8304020100502513,0.3472361809045226,0.4663316582914573,0.23316582914572864,0.6088223782227721,0.45989394207216994
F000351,0.3779915320718537,0.9507537688442212,0.8333333333333333,0.5773502691896258,0.0,1.0,1.0,1.0,0.0,real,3,0.3701005025125628,0.9507537688442212,0.6758793969849246,0.3379396984924623,0.3101219034872857,0.7545279790914372
F000352,0.0,0.3472361809045226,0.4166666666666667,0.2886751345948129,0.0,1.0,1.0,1.0,0.0,real,3,0.3701005025125628,0.3472361809045226,0.22688442211055276,0.11344221105527638,0.22703527057397543,0.34982996010201756
F000353,0.3009680169468978,0.9314070351758794,0.7777777777777778,0.5091750772173156,0.25,1.0,1.0,1.0,0.25,real,3,0.8304020100502513,0.9314070351758794,0.592462311557789,0.2962311557788945,0.6611919522234287,0.9014861998434383
F000354,0.0,0.3472361809045226,0.6944444444444444,0.787635937708768,0.0,1.0,1.0,1.0,0.0,real,3,0.3701005025125628,0.3472361809045226,0.8944723618090452,0.4472361809045226,0.3505725865508447,0.35746193277947524
F000355,0.0,0.3472361809045226,0.3888888888888889,1.0715167512214396,0.5,1.0,1.0,1.0,0.5,real,3,0.9587939698492463,0.3472361809045226,0.9834170854271357,0.49170854271356784,0.9508441706017525,0.6479443700916643
F000356,0.1564584167334001,0.8437185929648241,0.7083333333333334,0.5204164998665332,0.0,1.0,1.0,1.0,0.0,real,3,0.3701005025125628,0.8437185929648241,0.6203517587939699,0.31017587939698493,0.2998465000883816,0.6968136852604732
F000357,0.0,0.3472361809045226,0.1527777777777777,0.3367876570272816,0.0,1.0,1.0,1.0,0.0,real,3,0.3701005025125628,0.3472361809045226,0.2698492462311558,0.1349246231155779,0.23498592207267494,0.3503211408802808
F000358,0.0,0.3472361809045226,0.6944444444444444,0.787635937708768,0.0,1.0,1.0,1.0,0.0,real,3,0.3701005025125628,0.3472361809045226,0.8944723618090452,0.4472361809045226,0.3505725865508447,0.35746193277947524
F000359,0.0,0.3472361809045226,0.3472222222222222,0.6988747569671736,0.0,1.0,1.0,1.0,0.0,real,3,0.3701005025125628,0.3472361809045226,0.8361809045226131,0.41809045226130653,0.3397857377338956,0.35679553546627607
F000360,0.0,0.3472361809045226,0.4722222222222222,0.4194352464039305,0.0,1.0,1.0,1.0,0.0,real,3,0.3701005025125628,0.3472361809045226,0.43366834170854274,0.21683417085427137,0.26530068685134217,0.35219394712254737
F000361,0.0,0.3472361809045226,0.375,0.25,0.5,1.0,1.0,1.0,0.5,real,3,0.9587939698492463,0.3472361809045226,0.13618090452261306,0.06809045226130653,0.5446816999570717,0.3888774273376935
F000362,0.0,0.3472361809045226,0.4305555555555555,0.4738533919231106,0.0,1.0,1.0,1.0,0.0,real,3,0.3701005025125628,0.3472361809045226,0.48391959798994977,0.24195979899497488,0.2745996944521603,0.3527684275649604
F000363,0.0521012318616071,0.742713567839196,0.6944444444444444,0.6735753140545634,0.0,1.0,1.0,1.0,0.0,real,3,0.3701005025125628,0.742713567839196,0.8133165829145729,0.40665829145728644,0.3355546892755234,0.591187375318805
F000364,0.0,0.3472361809045226,0.2916666666666666,0.6291528696058958,0.0,1.0,1.0,1.0,0.0,real,3,0.3701005025125628,0.3472361809045226,0.7339195979899498,0.3669597989949749,0.3208622572662307,0.3556264677659655
F000365,0.0,0.3472361809045226,0.5416666666666666,0.3818813079129867,0.0,1.0,1.0,1.0,0.0,real,3,0.3701005025125628,0.3472361809045226,0.3608040201005025,0.18040201005025125,0.2518171258301558,0.35136095048104843
F000366,0.0,0.3472361809045226,0.3472222222222222,0.488288773090193,0.0,1.0,1.0,1.0,0.0,real,3,0.3701005025125628,0.3472361809045226,0.514070351758794,0.257035175879397,0.2801790990126512,0.35311311583040833
F000367,0.1485783278408043,0.8120603015075377,0.7361111111111112,0.6472877887628358,0.25,1.0,1.0,1.0,0.25,real,3,0.8304020100502513,0.8120603015075377,0.771105527638191,0.3855527638190955,0.7353647950809322,0.8191319979293453
F000368,0.3009680169468978,0.9314070351758794,0.7777777777777778,0.5091750772173156,0.0,1.0,1.0,1.0,0.0,real,3,0.3701005025125628,0.9314070351758794,0.592462311557789,0.2962311557788945,0.29468555086992754,0.7651305522587813
F000369,0.0,0.3472361809045226,0.5416666666666666,0.3818813079129867,0.25,1.0,1.0,1.0,0.25,real,3,0.8304020100502513,0.3472361809045226,0.3608040201005025,0.18040201005025125,0.5650071967879599,0.4344002676700083
F000370,0.0,0.3472361809045226,0.25,0.5,0.0,1.0,1.0,1.0,0.0,real,3,0.3701005025125628,0.3472361809045226,0.5492462311557789,0.27462311557788943,0.2866884043332239,0.3535152521400975
F000371,0.1706553760958049,0.849748743718593,0.7777777777777777,0.769800358919501,0.0,1.0,1.0,1.0,0.0,real,3,0.3701005025125628,0.849748743718593,0.8879396984924623,0.4439698492462312,0.3493637155627383,0.6367993863791318
F000372,0.0,0.3472361809045226,0.125,0.25,0.0,1.0,1.0,1.0,0.0,real,3,0.3701005025125628,0.3472361809045226,0.13618090452261306,0.06809045226130653,0.2102505618544986,0.348793022903462
F000373,0.0,0.3472361809045226,0.5138888888888888,0.2926570486903538,0.0,1.0,1.0,1.0,0.0,real,3,0.3701005025125628,0.3472361809045226,0.24949748743718592,0.12474874371859296,0.2312198239943436,0.35008847630110346
F000374,0.0,0.3472361809045226,0.4166666666666667,0.2886751345948129,0.0,1.0,1.0,1.0,0.0,real,3,0.3701005025125628,0.3472361809045226,0.22688442211055276,0.11344221105527638,0.22703527057397543,0.34982996010201756
F000375,0.1732257047434905,0.8535175879396985,0.6805555555555556,0.3757708127352412,0.0,1.0,1.0,1.0,0.0,real,3,0.3701005025125628,0.8535175879396985,0.3394472361809045,0.16972361809045225,0.24786504759980807,0.7714702911542638
F000376,0.0,0.3472361809045226,0.4166666666666667,0.2886751345948129,0.25,1.0,1.0,1.0,0.25,real,3,0.8304020100502513,0.3472361809045226,0.22688442211055276,0.11344221105527638,0.509403645109972,0.4020475808691699
F000377,0.0,0.3472361809045226,0.2638888888888888,0.2097176232019653,0.0,1.0,1.0,1.0,0.0,real,3,0.3701005025125628,0.3472361809045226,0.11809045226130653,0.059045226130653265,0.20690291911820408,0.3485862099441933
F000378,0.0,0.3472361809045226,0.625,0.6614378277661477,0.0,1.0,1.0,1.0,0.0,real,3,0.3701005025125628,0.3472361809045226,0.7871859296482412,0.3935929648241206,0.3307192053230979,0.35623541703492334
F000379,0.2974642264589466,0.9216080402010052,0.6805555555555556,0.1272937693043289,0.0,1.0,1.0,1.0,0.0,real,3,0.3701005025125628,0.9216080402010052,0.04195979899497487,0.020979899497487436,0.1928149226029646,0.9100374674881948
F000380,0.0,0.3472361809045226,0.1666666666666666,0.5773502691896258,0.0,1.0,1.0,1.0,0.0,real,3,0.3701005025125628,0.3472361809045226,0.6758793969849246,0.3379396984924623,0.3101219034872857,0.3549629428549784
F000381,0.0,0.3472361809045226,0.4444444444444444,0.5357583756107198,0.0,1.0,1.0,1.0,0.0,real,3,0.3701005025125628,0.3472361809045226,0.6459798994974875,0.32298994974874373,0.3045889939647989,0.35462112699174264
F000382,0.1564584167334001,0.8437185929648241,0.7083333333333334,0.5204164998665332,0.25,1.0,1.0,1.0,0.25,real,3,0.8304020100502513,0.8437185929648241,0.6203517587939699,0.31017587939698493,0.6727716787454862,0.8395881101487337
F000383,0.1706553760958049,0.849748743718593,0.7777777777777777,0.769800358919501,0.0,1.0,1.0,1.0,0.0,real,3,0.3701005025125628,0.849748743718593,0.8879396984924623,0.4439698492462312,0.3493637155627383,0.6367993863791318
F000384,0.0,0.3472361809045226,0.4166666666666667,0.2886751345948129,0.0,1.0,1.0,1.0,0.0,real,3,0.3701005025125628,0.3472361809045226,0.22688442211055276,0.11344221105527638,0.22703527057397543,0.34982996010201756
F000385,0.0,0.3472361809045226,0.1944444444444444,0.3469443332443554,0.0,1.0,1.0,1.0,0.0,real,3,0.3701005025125628,0.3472361809045226,0.2914572864321608,0.1457286432160804,0.23898449534102673,0.3505681674705184
F000386,0.0,0.3472361809045226,0.375,0.6614378277661477,0.0,1.0,1.0,1.0,0.0,real,3,0.3701005025125628,0.3472361809045226,0.7871859296482412,0.3935929648241206,0.3307192053230979,0.35623541703492334
F000387,0.0,0.3472361809045226,0.0833333333333333,0.2886751345948128,0.0,1.0,1.0,1.0,0.0,real,3,0.3701005025125628,0.3472361809045226,0.20376884422110553,0.10188442211055276,0.22275772707759908,0.34956569909850754
F000388,0.3673634106212396,0.9442211055276382,0.7361111111111112,0.2097176232019653,0.0,1.0,1.0,1.0,0.0,real,3,0.3701005025125628,0.9442211055276382,0.11809045226130653,0.059045226130653265,0.20690291911820408,0.910322024696346
F000389,0.0,0.3472361809045226,0.4027777777777778,0.393817968854384,0.25,1.0,1.0,1.0,0.25,real,3,0.8304020100502513,0.3472361809045226,0.40251256281407033,0.20125628140703516,0.5823246256407666,0.4444763389813388
F000390,0.7926638440239513,0.9989949748743718,0.9444444444444444,0.1924500897298752,0.25,1.0,1.0,1.0,0.25,real,3,0.8304020100502513,0.9989949748743718,0.09321608040201006,0.04660804020100503,0.45390441529254316,0.9911371871922426
F000391,0.0,0.3472361809045226,0.2916666666666666,0.5204164998665332,0.0,1.0,1.0,1.0,0.0,real,3,0.3701005025125628,0.3472361809045226,0.6203517587939699,0.31017587939698493,0.2998465000883816,0.35432814196611195
F000392,0.0,0.3472361809045226,0.625,0.6614378277661477,0.0,1.0,1.0,1.0,0.0,real,3,0.3701005025125628,0.3472361809045226,0.7871859296482412,0.3935929648241206,0.3307192053230979,0.35623541703492334
F000393,0.0,0.3472361809045226,0.4722222222222222,0.4194352464039305,0.0,1.0,1.0,1.0,0.0,real,3,0.3701005025125628,0.3472361809045226,0.43366834170854274,0.21683417085427137,0.26530068685134217,0.35219394712254737
F000394,0.0,0.3472361809045226,0.3472222222222222,0.488288773090193,0.25,1.0,1.0,1.0,0.25,real,3,0.8304020100502513,0.3472361809045226,0.514070351758794,0.257035175879397,0.6286435317289967,0.4714267947779096
F000395,0.0,0.3472361809045226,0.3888888888888889,0.4811252243246881,0.0,1.0,1.0,1.0,0.0,real,3,0.3701005025125628,0.3472361809045226,0.49271356783919595,0.24635678391959798,0.27622702078230343,0.35286896164238274
F000396,0.0,0.3472361809045226,0.3888888888888889,1.0715167512214396,0.0,1.0,1.0,1.0,0.0,real,3,0.3701005025125628,0.3472361809045226,0.9834170854271357,0.49170854271356784,0.36703183000429285,0.35847876316254634
F000397,0.25,0.907286432160804,0.75,0.5,0.0,1.0,1.0,1.0,0.0,real,3,0.3701005025125628,0.907286432160804,0.5492462311557789,0.27462311557788943,0.2866884043332239,0.759762758516199
F000398,0.0,0.3472361809045226,0.6388888888888888,0.8552669065744807,0.0,1.0,1.0,1.0,0.0,real,3,0.3701005025125628,0.3472361809045226,0.9228643216080402,0.4614321608040201,0.355826525845307,0.35778651422943863
F000399,0.1504840084734488,0.8301507537688442,0.6388888888888888,0.2545875386086578,0.0,1.0,1.0,1.0,0.0,real,3,0.3701005025125628,0.8301507537688442,0.17336683417085427,0.08668341708542714,0.21713182747910406,0.7902720259589404
F000400,0.0,0.3472361809045226,0.3055555555555556,0.7876359377087682,0.0,1.0,1.0,1.0,0.0,real,3,0.3701005025125628,0.3472361809045226,0.9,0.45,0.35159547738693464,0.3575251256281407
F000401,0.0,0.3472361809045226,0.5416666666666666,0.3818813079129867,0.0,1.0,1.0,1.0,0.0,real,3,0.3701005025125628,0.3472361809045226,0.3608040201005025,0.18040201005025125,0.2518171258301558,0.35136095048104843
F000402,0.0,0.3472361809045226,0.3472222222222222,0.488288773090193,0.25,1.0,1.0,1.0,0.25,real,3,0.8304020100502513,0.3472361809045226,0.514070351758794,0.257035175879397,0.6286435317289967,0.4714267947779096
F000403,0.0,0.3472361809045226,0.4861111111111111,0.2926570486903539,0.5,1.0,1.0,1.0,0.5,real,3,0.9587939698492463,0.3472361809045226,0.2608040201005025,0.13040201005025126,0.6044256458170247,0.4269845458448019
F000404,0.0,0.3472361809045226,0.2777777777777778,0.0962250448649376,0.0,1.0,1.0,1.0,0.0,real,3,0.3701005025125628,0.3472361809045226,0.022110552763819097,0.011055276381909548,0.1891418146006414,0.34748895229918436
F000405,0.0,0.3472361809045226,0.2916666666666666,0.5204164998665332,0.0,1.0,1.0,1.0,0.0,real,3,0.3701005025125628,0.3472361809045226,0.6203517587939699,0.31017587939698493,0.2998465000883816,0.35432814196611195
F000406,0.0,0.3472361809045226,0.1388888888888888,0.2545875386086578,0.0,1.0,1.0,1.0,0.0,real,3,0.3701005025125628,0.3472361809045226,0.17336683417085427,0.08668341708542714,0.21713182747910406,0.34921813843084765
F000407,0.0,0.3472361809045226,0.375,1.0897247358851685,0.0,1.0,1.0,1.0,0.0,real,3,0.3701005025125628,0.3472361809045226,0.9899497487437185,0.4949748743718593,0.3682407009923992,0.3585534456200601
F000408,0.0,0.3472361809045226,0.6666666666666666,0.7637626158259733,0.0,1.0,1.0,1.0,0.0,real,3,0.3701005025125628,0.3472361809045226,0.8768844221105527,0.43844221105527637,0.3473179338905583,0.3572608646246307
F000409,0.0,0.3472361809045226,0.4583333333333333,0.1443375672974064,0.0,1.0,1.0,1.0,0.0,real,3,0.3701005025125628,0.3472361809045226,0.06155778894472362,0.03077889447236181,0.19644153556728366,0.34793991944647856
F000410,0.2224894150898172,0.8891959798994975,0.7916666666666667,0.7216878364870323,0.0,1.0,1.0,1.0,0.0,real,3,0.3701005025125628,0.8891959798994975,0.8472361809045226,0.4236180904522613,0.3418315194060756,0.6692977450064392
F000411,0.0,0.3472361809045226,0.5694444444444444,0.4738533919231106,0.0,1.0,1.0,1.0,0.0,real,3,0.3701005025125628,0.3472361809045226,0.48391959798994977,0.24195979899497488,0.2745996944521603,0.3527684275649604
F000412,0.0,0.3472361809045226,0.5833333333333334,0.7637626158259733,0.0,1.0,1.0,1.0,0.0,real,3,0.3701005025125628,0.3472361809045226,0.8768844221105527,0.43844221105527637,0.3473179338905583,0.3572608646246307
F000413,0.2224894150898172,0.8891959798994975,0.7916666666666667,0.7216878364870323,0.0,1.0,1.0,1.0,0.0,real,3,0.3701005025125628,0.8891959798994975,0.8472361809045226,0.4236180904522613,0.3418315194060756,0.6692977450064392
F000414,0.125,0.7962311557788945,0.625,0.25,0.0,1.0,1.0,1.0,0.0,real,3,0.3701005025125628,0.7962311557788945,0.13618090452261306,0.06809045226130653,0.2102505618544986,0.767215726875584
F000415,0.0,0.3472361809045226,0.2916666666666666,0.8036375634160796,0.25,1.0,1.0,1.0,0.25,real,3,0.8304020100502513,0.3472361809045226,0.9057788944723618,0.4528894472361809,0.7912813123405974,0.5660568861897427
F000416,0.0,0.3472361809045226,0.4027777777777778,0.1734721666221777,0.0,1.0,1.0,1.0,0.0,real,3,0.3701005025125628,0.3472361809045226,0.08417085427135679,0.042085427135678394,0.20062608898765183,0.34819843564556446
F000417,0.0,0.3472361809045226,0.5555555555555556,0.6735753140545634,0.25,1.0,1.0,1.0,0.25,real,3,0.8304020100502513,0.3472361809045226,0.8133165829145729,0.40665829145728644,0.7528908676548572,0.5437195714754678
F000418,0.0,0.3472361809045226,0.3333333333333333,0.5773502691896258,0.0,1.0,1.0,1.0,0.0,real,3,0.3701005025125628,0.3472361809045226,0.6758793969849246,0.3379396984924623,0.3101219034872857,0.3549629428549784
F000419,0.0,0.3472361809045226,0.0972222222222221,0.1734721666221776,0.0,1.0,1.0,1.0,0.0,real,3,0.3701005025125628,0.3472361809045226,0.07562814070351759,0.037814070351758794,0.19904525769551273,0.34810077397035427
F000420,0.0,0.3472361809045226,0.375,0.25,0.0,1.0,1.0,1.0,0.0,real,3,0.3701005025125628,0.3472361809045226,0.13618090452261306,0.06809045226130653,0.2102505618544986,0.348793022903462
F000421,0.25,0.907286432160804,0.75,0.5,0.0,1.0,1.0,1.0,0.0,real,3,0.3701005025125628,0.907286432160804,0.5492462311557789,0.27462311557788943,0.2866884043332239,0.759762758516199
F000422,0.0,0.3472361809045226,0.4027777777777778,0.393817968854384,0.0,1.0,1.0,1.0,0.0,real,3,0.3701005025125628,0.3472361809045226,0.40251256281407033,0.20125628140703516,0.25953530213883486,0.3518377692482513
F000423,0.1898569058357866,0.8683417085427135,0.7222222222222222,0.5091750772173156,0.0,1.0,1.0,1.0,0.0,real,3,0.3701005025125628,0.8683417085427135,0.592462311557789,0.2962311557788945,0.29468555086992754,0.7207471402237318
F000424,0.0,0.3472361809045226,0.5694444444444444,0.4276334532872403,0.0,1.0,1.0,1.0,0.0,real,3,0.3701005025125628,0.3472361809045226,0.4505025125628141,0.22525125628140705,0.2684158543976162,0.3523863980707558
F000425,0.0,0.3472361809045226,0.4583333333333333,0.3818813079129867,0.0,1.0,1.0,1.0,0.0,real,3,0.3701005025125628,0.3472361809045226,0.3608040201005025,0.18040201005025125,0.2518171258301558,0.35136095048104843
F000426,0.1020902318637188,0.7766331658291458,0.7083333333333334,0.6291528696058958,0.0,1.0,1.0,1.0,0.0,real,3,0.3701005025125628,0.7766331658291458,0.7339195979899498,0.3669597989949749,0.3208622572662307,0.6274520214136007
F000427,0.0,0.3472361809045226,0.4166666666666667,1.0408329997330663,0.0,1.0,1.0,1.0,0.0,real,3,0.3701005025125628,0.3472361809045226,0.978140703517588,0.489070351758794,0.36605543420620695,0.358418442716093
F000428,0.0,0.3472361809045226,0.375,1.0897247358851685,0.0,1.0,1.0,1.0,0.0,real,3,0.3701005025125628,0.3472361809045226,0.9899497487437185,0.4949748743718593,0.3682407009923992,0.3585534456200601
F000429,0.1485783278408043,0.8120603015075377,0.7361111111111112,0.6472877887628358,0.0,1.0,1.0,1.0,0.0,real,3,0.3701005025125628,0.8120603015075377,0.771105527638191,0.3855527638190955,0.3277435228908361,0.6416614795080933
F000430,0.0,0.3472361809045226,0.3472222222222222,0.488288773090193,0.5,1.0,0.5,0.5,0.5,real,3,0.9587939698492463,0.3472361809045226,0.514070351758794,0.1285175879396985,0.36292038079846467,0.42583211282543365
F000431,0.4229189661767951,0.9630653266331658,0.7638888888888888,0.2097176232019653,0.0,1.0,1.0,1.0,0.0,real,3,0.3701005025125628,0.9630653266331658,0.11809045226130653,0.059045226130653265,0.20690291911820408,0.9280535845054417
F000432,0.0,0.3472361809045226,0.4166666666666667,0.7637626158259734,0.25,1.0,1.0,1.0,0.25,real,3,0.8304020100502513,0.3472361809045226,0.8836683417085427,0.44183417085427135,0.7821009886113988,0.5607153544102421
F000433,0.0,0.3472361809045226,0.4722222222222222,0.9179284245476838,0.0,1.0,1.0,1.0,0.0,real,3,0.3701005025125628,0.3472361809045226,0.9510050251256281,0.47550251256281406,0.36103397010176513,0.35810822327718994
F000434,0.0,0.3472361809045226,0.6666666666666666,0.7637626158259733,0.0,1.0,1.0,1.0,0.0,real,3,0.3701005025125628,0.3472361809045226,0.8768844221105527,0.43844221105527637,0.3473179338905583,0.3572608646246307
F000435,0.0,0.3472361809045226,0.5,0.5,0.0,1.0,1.0,1.0,0.0,real,3,0.3701005025125628,0.3472361809045226,0.5492462311557789,0.27462311557788943,0.2866884043332239,0.3535152521400975
F000436,0.0,0.3472361809045226,0.375,1.0897247358851685,0.0,1.0,1.0,1.0,0.0,real,3,0.3701005025125628,0.3472361809045226,0.9899497487437185,0.4949748743718593,0.3682407009923992,0.3585534456200601
F000437,0.1020902318637188,0.7766331658291458,0.7083333333333334,0.6291528696058958,0.0,1.0,1.0,1.0,0.0,real,3,0.3701005025125628,0.7766331658291458,0.7339195979899498,0.3669597989949749,0.3208622572662307,0.6274520214136007
F000438,0.0,0.3472361809045226,0.4583333333333333,0.1443375672974064,0.0,1.0,1.0,1.0,0.0,real,3,0.3701005025125628,0.3472361809045226,0.06155778894472362,0.03077889447236181,0.19644153556728366,0.34793991944647856
F000439,0.3779915320718537,0.9507537688442212,0.8333333333333333,0.5773502691896258,0.0,1.0,1.0,1.0,0.0,real,3,0.3701005025125628,0.9507537688442212,0.6758793969849246,0.3379396984924623,0.3101219034872857,0.7545279790914372
F000440,0.0,0.3472361809045226,0.1388888888888888,0.2545875386086578,0.0,1.0,1.0,1.0,0.0,real,3,0.3701005025125628,0.3472361809045226,0.17336683417085427,0.08668341708542714,0.21713182747910406,0.34921813843084765
F000441,0.0,0.3472361809045226,0.125,0.25,0.0,1.0,1.0,1.0,0.0,real,3,0.3701005025125628,0.3472361809045226,0.13618090452261306,0.06809045226130653,0.2102505618544986,0.348793022903462
F000442,0.0669872981077807,0.7638190954773869,0.75,0.8660254037844386,0.0,1.0,1.0,1.0,0.0,real,3,0.3701005025125628,0.7638190954773869,0.9336683417085427,0.46683417085427137,0.35782581247948286,0.5800178025807429
F000443,0.0,0.3472361809045226,0.6944444444444444,0.787635937708768,0.5,1.0,1.0,1.0,0.5,real,3,0.9587939698492463,0.3472361809045226,0.8944723618090452,0.4472361809045226,0.908204338274286,0.6207469508345749
F000444,0.3222409918479341,0.9381909547738694,0.7638888888888888,0.4110735718596873,0.0,1.0,1.0,1.0,0.0,real,3,0.3701005025125628,0.9381909547738694,0.42135678391959797,0.21067839195979898,0.2630224299891417,0.8185065718037423
F000445,0.0,0.3472361809045226,0.6944444444444444,0.787635937708768,0.0,1.0,1.0,1.0,0.0,real,3,0.3701005025125628,0.3472361809045226,0.8944723618090452,0.4472361809045226,0.3505725865508447,0.35746193277947524
F000446,0.0,0.3472361809045226,0.6388888888888888,0.8552669065744807,0.0,1.0,1.0,1.0,0.0,real,3,0.3701005025125628,0.3472361809045226,0.9228643216080402,0.4614321608040201,0.355826525845307,0.35778651422943863
F000447,0.0,0.3472361809045226,0.3194444444444444,0.6254627916220946,0.5,1.0,1.0,1.0,0.5,real,3,0.9587939698492463,0.3472361809045226,0.714824120603015,0.3574120603015075,0.8220815130931037,0.5658143102446908
F000448,0.0,0.3472361809045226,0.1805555555555555,0.1272937693043289,0.0,1.0,1.0,1.0,0.0,real,3,0.3701005025125628,0.3472361809045226,0.04195979899497487,0.020979899497487436,0.1928149226029646,0.3477158720739375
F000449,0.1898569058357866,0.8683417085427135,0.7222222222222222,0.5091750772173156,0.25,1.0,1.0,1.0,0.25,real,3,0.8304020100502513,0.8683417085427135,0.592462311557789,0.2962311557788945,0.6611919522234287,0.8571027878083887
F000450,0.0,0.3472361809045226,0.5694444444444444,0.4738533919231106,0.0,1.0,1.0,1.0,0.0,real,3,0.3701005025125628,0.3472361809045226,0.48391959798994977,0.24195979899497488,0.2745996944521603,0.3527684275649604
F000451,0.0,0.3472361809045226,0.361111111111111,0.7515416254704824,0.0,1.0,1.0,1.0,0.0,real,3,0.3701005025125628,0.3472361809045226,0.8670854271356784,0.4335427135678392,0.34550462740839877,0.3571488409383602
F000452,0.0,0.3472361809045226,0.3888888888888889,0.4811252243246881,0.25,1.0,1.0,1.0,0.25,real,3,0.8304020100502513,0.3472361809045226,0.49271356783919595,0.24635678391959798,0.6197761735814752,0.46626736067271024
F000453,0.3779915320718537,0.9507537688442212,0.8333333333333333,0.5773502691896258,0.0,1.0,1.0,1.0,0.0,real,3,0.3701005025125628,0.9507537688442212,0.6758793969849246,0.3379396984924623,0.3101219034872857,0.7545279790914372
F000454,0.0,0.3472361809045226,0.3194444444444444,0.1272937693043289,0.25,1.0,1.0,1.0,0.25,real,3,0.8304020100502513,0.3472361809045226,0.04195979899497487,0.020979899497487436,0.43262275573849146,0.35737295144062015
F000455,0.5853276880479024,0.9879396984924624,0.8888888888888888,0.3849001794597506,0.0,1.0,1.0,1.0,0.0,real,3,0.3701005025125628,0.9879396984924624,0.385929648241206,0.192964824120603,0.2564666296305649,0.8687184667053863
F000456,0.0,0.3472361809045226,0.5,0.5,0.5,1.0,1.0,1.0,0.5,real,3,0.9587939698492463,0.3472361809045226,0.5492462311557789,0.27462311557788943,0.7427039721219161,0.515184086260448
F000457,0.25,0.907286432160804,0.75,0.5,0.25,1.0,1.0,1.0,0.25,real,3,0.8304020100502513,0.907286432160804,0.5492462311557789,0.27462311557788943,0.6432485922072675,0.8861721926213983
F000458,0.3963319220119756,0.9587939698492464,0.7222222222222222,0.0962250448649376,0.0,1.0,1.0,1.0,0.0,real,3,0.3701005025125628,0.9587939698492464,0.022110552763819097,0.011055276381909548,0.1891418146006414,0.9522858008636147
F000459,0.1077083611333555,0.7869346733668342,0.5972222222222222,0.1734721666221776,0.0,1.0,1.0,1.0,0.0,real,3,0.3701005025125628,0.7869346733668342,0.07562814070351759,0.037814070351758794,0.19904525769551273,0.7711724767051338
F000460,0.0,0.3472361809045226,0.2083333333333333,0.5204164998665333,0.0,1.0,1.0,1.0,0.0,real,3,0.3701005025125628,0.3472361809045226,0.6309045226130653,0.31545226130653264,0.30179929168455344,0.35444878285901865
F000461,0.1732257047434905,0.8535175879396985,0.6805555555555556,0.3757708127352412,0.0,1.0,1.0,1.0,0.0,real,3,0.3701005025125628,0.8535175879396985,0.3394472361809045,0.16972361809045225,0.24786504759980807,0.7714702911542638
F000462,0.0,0.3472361809045226,0.4861111111111111,0.2926570486903539,0.25,1.0,1.0,1.0,0.25,real,3,0.8304020100502513,0.3472361809045226,0.2608040201005025,0.13040201005025126,0.5234870962854473,0.41024197621272185
F000463,0.2224894150898172,0.8891959798994975,0.7916666666666667,0.7216878364870323,0.0,1.0,1.0,1.0,0.0,real,3,0.3701005025125628,0.8891959798994975,0.8472361809045226,0.4236180904522613,0.3418315194060756,0.6692977450064392
F000464,0.0,0.3472361809045226,0.25,0.5,0.25,1.0,1.0,1.0,0.25,real,3,0.8304020100502513,0.3472361809045226,0.5492462311557789,0.27462311557788943,0.6432485922072675,0.4799246862452968
F000465,0.0,0.3472361809045226,0.3194444444444444,0.6254627916220946,0.0,1.0,1.0,1.0,0.0,real,3,0.3701005025125628,0.3472361809045226,0.714824120603015,0.3574120603015075,0.31732863437791975,0.3554081651978485
F000466,0.0,0.3472361809045226,0.3194444444444444,0.6254627916220946,0.0,1.0,1.0,1.0,0.0,real,3,0.3701005025125628,0.3472361809045226,0.714824120603015,0.3574120603015075,0.31732863437791975,0.3554081651978485
F000467,0.0,0.3472361809045226,0.1944444444444444,0.3469443332443554,0.0,1.0,1.0,1.0,0.0,real,3,0.3701005025125628,0.3472361809045226,0.2914572864321608,0.1457286432160804,0.23898449534102673,0.3505681674705184
F000468,0.0,0.3472361809045226,0.4861111111111111,0.2926570486903539,0.0,1.0,1.0,1.0,0.0,real,3,0.3701005025125628,0.3472361809045226,0.2608040201005025,0.13040201005025126,0.23331210070452765,0.3502177344006464
F000469,0.0,0.3472361809045226,0.375,0.4330127018922193,0.5,1.0,1.0,1.0,0.5,real,3,0.9587939698492463,0.3472361809045226,0.4663316582914573,0.23316582914572864,0.7029549758844473,0.48983055983434765
F000470,0.0,0.3472361809045226,0.6111111111111112,0.6309898162000305,0.25,1.0,1.0,1.0,0.25,real,3,0.8304020100502513,0.3472361809045226,0.7530150753768844,0.3765075376884422,0.7278536211206788,0.5291517575313754
F000471,0.0,0.3472361809045226,0.6388888888888888,0.8552669065744807,0.25,1.0,1.0,1.0,0.25,real,3,0.8304020100502513,0.3472361809045226,0.9228643216080402,0.4614321608040201,0.7983751988586147,0.5701844334739021
F000472,0.3009680169468978,0.9314070351758794,0.7777777777777778,0.5091750772173156,0.0,1.0,1.0,1.0,0.0,real,3,0.3701005025125628,0.9314070351758794,0.592462311557789,0.2962311557788945,0.29468555086992754,0.7651305522587813
F000473,0.4376389444889332,0.9698492462311558,0.8055555555555556,0.3469443332443555,0.0,1.0,1.0,1.0,0.0,real,3,0.3701005025125628,0.9698492462311558,0.3135678391959799,0.15678391959798996,0.24307605868538676,0.8758182874169844
F000474,0.0,0.3472361809045226,0.6111111111111112,0.4811252243246882,0.0,1.0,1.0,1.0,0.0,real,3,0.3701005025125628,0.3472361809045226,0.4979899497487437,0.24899497487437186,0.2772034165803894,0.3529292820888361
F000475,0.0,0.3472361809045226,0.4305555555555555,0.4276334532872403,0.0,1.0,1.0,1.0,0.0,real,3,0.3701005025125628,0.3472361809045226,0.4505025125628141,0.22525125628140705,0.2684158543976162,0.3523863980707558
F000476,0.0669872981077807,0.7638190954773869,0.75,0.8660254037844386,0.0,1.0,1.0,1.0,0.0,real,3,0.3701005025125628,0.7638190954773869,0.9336683417085427,0.46683417085427137,0.35782581247948286,0.5800178025807429
F000477,0.0,0.3472361809045226,0.6111111111111112,0.6309898162000305,0.5,1.0,1.0,1.0,0.5,real,3,0.9587939698492463,0.3472361809045226,0.7530150753768844,0.3765075376884422,0.8403901416630892,0.5774922981742885
F000478,0.0,0.3472361809045226,0.2638888888888888,0.4110735718596873,0.0,1.0,1.0,1.0,0.0,real,3,0.3701005025125628,0.3472361809045226,0.42135678391959797,0.21067839195979898,0.2630224299891417,0.3520531994141562
F000479,0.2974642264589466,0.9216080402010052,0.6805555555555556,0.1272937693043289,0.5,1.0,1.0,1.0,0.5,real,3,0.9587939698492463,0.9216080402010052,0.04195979899497487,0.020979899497487436,0.49951238605085735,0.9223881972677459
F000480,0.0,0.3472361809045226,0.4444444444444444,1.0183501544346312,0.25,1.0,1.0,1.0,0.25,real,3,0.8304020100502513,0.3472361809045226,0.971356783919598,0.485678391959799,0.8185093179465165,0.5818993838539431
F000481,0.1504840084734488,0.8301507537688442,0.6388888888888888,0.2545875386086578,0.0,1.0,1.0,1.0,0.0,real,3,0.3701005025125628,0.8301507537688442,0.17336683417085427,0.08668341708542714,0.21713182747910406,0.7902720259589404
F000482,0.0,0.3472361809045226,0.25,0.8660254037844386,0.0,1.0,1.0,1.0,0.0,real,3,0.3701005025125628,0.3472361809045226,0.9336683417085427,0.46683417085427137,0.35782581247948286,0.3579100275245575
F000483,0.0,0.3472361809045226,0.5972222222222222,0.393817968854384,0.0,1.0,1.0,1.0,0.0,real,3,0.3701005025125628,0.3472361809045226,0.40251256281407033,0.20125628140703516,0.25953530213883486,0.3518377692482513
F000484,0.4510034825212683,0.9756281407035176,0.8194444444444444,0.3757708127352412,0.0,1.0,1.0,1.0,0.0,real,3,0.3701005025125628,0.9756281407035176,0.3394472361809045,0.16972361809045225,0.24786504759980807,0.8728557990959824
F000485,0.1485783278408043,0.8120603015075377,0.7361111111111112,0.6472877887628358,0.5,1.0,1.0,1.0,0.5,real,3,0.9587939698492463,0.8120603015075377,0.771105527638191,0.3855527638190955,0.8490626499330824,0.868633872881998
F000486,0.1889957660359268,0.8582914572864322,0.6666666666666666,0.2886751345948129,0.0,1.0,1.0,1.0,0.0,real,3,0.3701005025125628,0.8582914572864322,0.22688442211055276,0.11344221105527638,0.22703527057397543,0.802909995959698
F000487,0.0,0.3472361809045226,0.5694444444444444,0.4276334532872403,0.0,1.0,1.0,1.0,0.0,real,3,0.3701005025125628,0.3472361809045226,0.4505025125628141,0.22525125628140705,0.2684158543976162,0.3523863980707558
F000488,0.0,0.3472361809045226,0.4305555555555555,0.7469072033193751,0.25,1.0,1.0,1.0,0.25,real,3,0.8304020100502513,0.3472361809045226,0.8542713567839196,0.4271356783919598,0.7698953309259867,0.5536135451124972
F000489,0.0,0.3472361809045226,0.25,0.8660254037844386,0.0,1.0,1.0,1.0,0.0,real,3,0.3701005025125628,0.3472361809045226,0.9336683417085427,0.46683417085427137,0.35782581247948286,0.3579100275245575
F000490,0.2224894150898172,0.8891959798994975,0.7916666666666667,0.7216878364870323,0.0,1.0,1.0,1.0,0.0,real,3,0.3701005025125628,0.8891959798994975,0.8472361809045226,0.4236180904522613,0.3418315194060756,0.6692977450064392
F000491,0.4376389444889332,0.9698492462311558,0.8055555555555556,0.3469443332443555,0.0,1.0,1.0,1.0,0.0,real,3,0.3701005025125628,0.9698492462311558,0.3135678391959799,0.15678391959798996,0.24307605868538676,0.8758182874169844
F000492,0.0,0.3472361809045226,0.1388888888888888,0.2545875386086578,0.0,1.0,1.0,1.0,0.0,real,3,0.3701005025125628,0.3472361809045226,0.17336683417085427,0.08668341708542714,0.21713182747910406,0.34921813843084765
F000493,0.0,0.3472361809045226,0.25,0.8660254037844386,0.0,1.0,1.0,1.0,0.0,real,3,0.3701005025125628,0.3472361809045226,0.9336683417085427,0.46683417085427137,0.35782581247948286,0.3579100275245575
F000494,0.2154167222667111,0.879145728643216,0.6944444444444444,0.3469443332443555,0.0,1.0,1.0,1.0,0.0,real,3,0.3701005025125628,0.879145728643216,0.3135678391959799,0.15678391959798996,0.24307605868538676,0.7993356228378071
F000495,0.2666854362923786,0.9155778894472362,0.7361111111111112,0.4110735718596873,0.5,1.0,1.0,1.0,0.5,real,3,0.9587939698492463,0.9155778894472362,0.42135678391959797,0.21067839195979898,0.6813941567132143,0.9246825837731371
F000496,0.0,0.3472361809045226,0.4027777777777778,0.8832285053102581,0.0,1.0,1.0,1.0,0.0,real,3,0.3701005025125628,0.3472361809045226,0.9417085427135679,0.4708542713567839,0.35931365369561374,0.35800194439534355
F000497,0.0,0.3472361809045226,0.4583333333333333,1.0103629710818451,0.0,1.0,1.0,1.0,0.0,real,3,0.3701005025125628,0.3472361809045226,0.9660804020100503,0.48304020100502515,0.3638236723820106,0.3582805674099139
F000498,0.0,0.3472361809045226,0.4027777777777778,0.1734721666221777,0.0,1.0,1.0,1.0,0.0,real,3,0.3701005025125628,0.3472361809045226,0.08417085427135679,0.042085427135678394,0.20062608898765183,0.34819843564556446
F000499,0.1020902318637188,0.7766331658291458,0.7083333333333334,0.6291528696058958,0.0,1.0,1.0,1.0,0.0,real,3,0.3701005025125628,0.7766331658291458,0.7339195979899498,0.3669597989949749,0.3208622572662307,0.6274520214136007
F000500,0.0223290993692601,0.7115577889447237,0.5833333333333334,0.2886751345948129,0.0,1.0,1.0,1.0,0.0,real,3,0.3701005025125628,0.7115577889447237,0.22688442211055276,0.11344221105527638,0.22703527057397543,0.6728221193909245
F000501,0.0,0.3472361809045226,0.3611111111111111,0.2545875386086578,0.25,1.0,1.0,1.0,0.25,real,3,0.8304020100502513,0.3472361809045226,0.17336683417085427,0.08668341708542714,0.4871830888108886,0.389118645993788
F000502,0.0,0.3472361809045226,0.3888888888888889,0.4811252243246881,0.0,1.0,1.0,1.0,0.0,real,3,0.3701005025125628,0.3472361809045226,0.49271356783919595,0.24635678391959798,0.27622702078230343,0.35286896164238274
F000503,0.0483797153000638,0.7306532663316583,0.6805555555555556,0.6254627916220946,0.0,1.0,1.0,1.0,0.0,real,3,0.3701005025125628,0.7306532663316583,0.714824120603015,0.3574120603015075,0.31732863437791975,0.6017873601676725
F000504,0.25,0.907286432160804,0.75,0.5,0.25,1.0,1.0,1.0,0.25,real,3,0.8304020100502513,0.907286432160804,0.5492462311557789,0.27462311557788943,0.6432485922072675,0.8861721926213983
F000505,0.0,0.3472361809045226,0.4722222222222222,0.4194352464039305,0.0,1.0,1.0,1.0,0.0,real,3,0.3701005025125628,0.3472361809045226,0.43366834170854274,0.21683417085427137,0.26530068685134217,0.35219394712254737
F000506,0.25,0.907286432160804,0.75,0.5,0.0,1.0,1.0,1.0,0.0,real,3,0.3701005025125628,0.907286432160804,0.5492462311557789,0.27462311557788943,0.2866884043332239,0.759762758516199
F000507,0.0,0.3472361809045226,0.4444444444444444,1.0183501544346312,0.5,1.0,1.0,1.0,0.5,real,3,0.9587939698492463,0.3472361809045226,0.971356783919598,0.485678391959799,0.945062498421757,0.6442565844296861
F000508,0.0483797153000638,0.7306532663316583,0.6805555555555556,0.6254627916220946,0.25,1.0,1.0,1.0,0.25,real,3,0.8304020100502513,0.7306532663316583,0.714824120603015,0.3574120603015075,0.7119966983156991,0.7663046703366077
F000509,0.0,0.3472361809045226,0.4583333333333333,1.0103629710818451,0.0,1.0,1.0,1.0,0.0,real,3,0.3701005025125628,0.3472361809045226,0.9660804020100503,0.48304020100502515,0.3638236723820106,0.3582805674099139
F000510,0.0,0.3472361809045226,0.0,0.0,0.0,1.0,1.0,1.0,0.0,real,3,0.3701005025125628,0.3472361809045226,0.00628140703517588,0.00314070351758794,0.1862126272063837,0.3473079909598242
F000511,0.1504840084734488,0.8301507537688442,0.6388888888888888,0.2545875386086578,0.0,1.0,1.0,1.0,0.0,real,3,0.3701005025125628,0.8301507537688442,0.17336683417085427,0.08668341708542714,0.21713182747910406,0.7902720259589404
F000512,0.0,0.3472361809045226,0.5972222222222222,0.393817968854384,0.0,1.0,1.0,1.0,0.0,real,3,0.3701005025125628,0.3472361809045226,0.40251256281407033,0.20125628140703516,0.25953530213883486,0.3518377692482513
F000513,0.0,0.3472361809045226,0.4305555555555555,0.4738533919231106,0.0,1.0,1.0,1.0,0.0,real,3,0.3701005025125628,0.3472361809045226,0.48391959798994977,0.24195979899497488,0.2745996944521603,0.3527684275649604
F000514,0.0,0.3472361809045226,0.5138888888888888,0.2926570486903538,0.0,1.0,1.0,1.0,0.0,real,3,0.3701005025125628,0.3472361809045226,0.24949748743718592,0.12474874371859296,0.2312198239943436,0.35008847630110346
F000515,0.0,0.3472361809045226,0.0555555555555555,0.1924500897298752,0.0,1.0,1.0,1.0,0.0,real,3,0.3701005025125628,0.3472361809045226,0.09321608040201006,0.04660804020100503,0.2022999103557991,0.3483018421251988
F000516,0.0,0.3472361809045226,0.2916666666666666,0.8036375634160796,0.0,1.0,1.0,1.0,0.0,real,3,0.3701005025125628,0.3472361809045226,0.9057788944723618,0.4528894472361809,0.35266486326102875,0.35759119087901825
F000517,0.0,0.3472361809045226,0.5416666666666666,0.3818813079129867,0.0,1.0,1.0,1.0,0.0,real,3,0.3701005025125628,0.3472361809045226,0.3608040201005025,0.18040201005025125,0.2518171258301558,0.35136095048104843
F000518,0.1504840084734488,0.8301507537688442,0.6388888888888888,0.2545875386086578,0.25,1.0,1.0,1.0,0.25,real,3,0.8304020100502513,0.8301507537688442,0.17336683417085427,0.08668341708542714,0.4871830888108886,0.8301725335218807
F000519,0.0,0.3472361809045226,0.4583333333333333,0.1443375672974064,0.0,1.0,1.0,1.0,0.0,real,3,0.3701005025125628,0.3472361809045226,0.06155778894472362,0.03077889447236181,0.19644153556728366,0.34793991944647856
F000520,0.0,0.3472361809045226,0.5277777777777778,0.4194352464039305,0.0,1.0,1.0,1.0,0.0,real,3,0.3701005025125628,0.3472361809045226,0.43366834170854274,0.21683417085427137,0.26530068685134217,0.35219394712254737
F000521,0.0,0.3472361809045226,0.375,1.0897247358851685,0.5,1.0,1.0,1.0,0.5,real,3,0.9587939698492463,0.3472361809045226,0.9899497487437185,0.4949748743718593,0.9539759096992501,0.6499419206585691
F000522,0.0,0.3472361809045226,0.3472222222222222,0.488288773090193,0.0,1.0,1.0,1.0,0.0,real,3,0.3701005025125628,0.3472361809045226,0.514070351758794,0.257035175879397,0.2801790990126512,0.35311311583040833
F000523,0.0,0.3472361809045226,0.1805555555555555,0.1272937693043289,0.0,1.0,1.0,1.0,0.0,real,3,0.3701005025125628,0.3472361809045226,0.04195979899497487,0.020979899497487436,0.1928149226029646,0.3477158720739375
F000524,0.0,0.3472361809045226,0.4722222222222222,0.4194352464039305,0.0,1.0,1.0,1.0,0.0,real,3,0.3701005025125628,0.3472361809045226,0.43366834170854274,0.21683417085427137,0.26530068685134217,0.35219394712254737
F000525,0.0,0.3472361809045226,0.4444444444444444,0.1924500897298753,0.0,1.0,1.0,1.0,0.0,real,3,0.3701005025125628,0.3472361809045226,0.10150753768844221,0.05075376884422111,0.2038342466099341,0.348396631398197
F000526,0.0,0.3472361809045226,0.3055555555555556,0.7876359377087682,0.0,1.0,1.0,1.0,0.0,real,3,0.3701005025125628,0.3472361809045226,0.9,0.45,0.35159547738693464,0.3575251256281407
F000527,0.0,0.3472361809045226,0.4583333333333333,0.1443375672974064,0.25,1.0,1.0,1.0,0.25,real,3,0.8304020100502513,0.3472361809045226,0.06155778894472362,0.03077889447236181,0.44075986086209945,0.36210749097245015
F000528,0.0483797153000638,0.7306532663316583,0.6805555555555556,0.6254627916220946,0.0,1.0,1.0,1.0,0.0,real,3,0.3701005025125628,0.7306532663316583,0.714824120603015,0.3574120603015075,0.31732863437791975,0.6017873601676725
F000529,0.0521012318616071,0.742713567839196,0.6944444444444444,0.6735753140545634,0.0,1.0,1.0,1.0,0.0,real,3,0.3701005025125628,0.742713567839196,0.8133165829145729,0.40665829145728644,0.3355546892755234,0.591187375318805
F000530,0.0,0.3472361809045226,0.2361111111111111,0.2097176232019652,0.0,1.0,1.0,1.0,0.0,real,3,0.3701005025125628,0.3472361809045226,0.10854271356783919,0.054271356783919596,0.20513610767404863,0.3484770586601348
F000531,0.0,0.3472361809045226,0.3333333333333333,0.5773502691896258,0.0,1.0,1.0,1.0,0.0,real,3,0.3701005025125628,0.3472361809045226,0.6758793969849246,0.3379396984924623,0.3101219034872857,0.3549629428549784
F000532,0.0,0.3472361809045226,0.6666666666666666,0.7637626158259733,0.5,1.0,1.0,1.0,0.5,real,3,0.9587939698492463,0.3472361809045226,0.8768844221105527,0.43844221105527637,0.8997727330117926,0.6153689300775232
F000533,0.061411169010459,0.7545226130653266,0.6527777777777778,0.488288773090193,0.25,1.0,1.0,1.0,0.25,real,3,0.8304020100502513,0.7545226130653266,0.514070351758794,0.257035175879397,0.6286435317289967,0.7740262872149694
F000534,0.0,0.3472361809045226,0.25,0.5,0.0,1.0,1.0,1.0,0.0,real,3,0.3701005025125628,0.3472361809045226,0.5492462311557789,0.27462311557788943,0.2866884043332239,0.3535152521400975
F000535,0.1077083611333555,0.7869346733668342,0.5972222222222222,0.1734721666221776,0.0,1.0,1.0,1.0,0.0,real,3,0.3701005025125628,0.7869346733668342,0.07562814070351759,0.037814070351758794,0.19904525769551273,0.7711724767051338
F000536,0.0,0.3472361809045226,0.7083333333333334,1.0103629710818451,0.0,1.0,1.0,1.0,0.0,real,3,0.3701005025125628,0.3472361809045226,0.9660804020100503,0.48304020100502515,0.3638236723820106,0.3582805674099139
F000537,0.0,0.3472361809045226,0.5972222222222222,0.393817968854384,0.0,1.0,1.0,1.0,0.0,real,3,0.3701005025125628,0.3472361809045226,0.40251256281407033,0.20125628140703516,0.25953530213883486,0.3518377692482513
F000538,0.0,0.3472361809045226,0.2916666666666666,0.6291528696058958,0.5,1.0,1.0,1.0,0.5,real,3,0.9587939698492463,0.3472361809045226,0.7339195979899498,0.3669597989949749,0.8312358273780965,0.5716533042094897
F000539,0.2224894150898172,0.8891959798994975,0.7916666666666667,0.7216878364870323,0.0,1.0,1.0,1.0,0.0,real,3,0.3701005025125628,0.8891959798994975,0.8472361809045226,0.4236180904522613,0.3418315194060756,0.6692977450064392
F000540,0.5949284529178934,0.992211055276382,0.8611111111111112,0.2545875386086578,0.0,1.0,1.0,1.0,0.0,real,3,0.3701005025125628,0.992211055276382,0.17336683417085427,0.08668341708542714,0.21713182747910406,0.9382843867579103
F000541,0.25,0.907286432160804,0.75,0.5,0.0,1.0,1.0,1.0,0.0,real,3,0.3701005025125628,0.907286432160804,0.5492462311557789,0.27462311557788943,0.2866884043332239,0.759762758516199
F000542,0.0,0.3472361809045226,0.6111111111111112,0.693888666488711,0.0,1.0,1.0,1.0,0.0,real,3,0.3701005025125628,0.3472361809045226,0.828894472361809,0.4144472361809045,0.338437381631777,0.3567122358021262
F000543,0.0,0.3472361809045226,0.375,0.25,0.5,1.0,1.0,1.0,0.5,real,3,0.9587939698492463,0.3472361809045226,0.13618090452261306,0.06809045226130653,0.5446816999570717,0.3888774273376935
F000544,0.0,0.3472361809045226,0.5694444444444444,0.4276334532872403,0.25,1.0,1.0,1.0,0.25,real,3,0.8304020100502513,0.3472361809045226,0.4505025125628141,0.22525125628140705,0.6022501010075504,0.45606989091184563
F000545,0.0,0.3472361809045226,0.4305555555555555,0.9871864246620478,0.0,1.0,1.0,1.0,0.0,real,3,0.3701005025125628,0.3472361809045226,0.9590452261306532,0.4795226130653266,0.362521811317896,0.3582001401479761
F000546,0.0,0.3472361809045226,0.5277777777777778,0.8221471437193746,0.0,1.0,1.0,1.0,0.0,real,3,0.3701005025125628,0.3472361809045226,0.9118090452261306,0.4559045226130653,0.35378074417312694,0.3576601285321077
F000547,0.0,0.3472361809045226,0.5138888888888888,0.2926570486903538,0.0,1.0,1.0,1.0,0.0,real,3,0.3701005025125628,0.3472361809045226,0.24949748743718592,0.12474874371859296,0.2312198239943436,0.35008847630110346
F000548,0.0,0.3472361809045226,0.4583333333333333,1.0103629710818451,0.0,1.0,1.0,1.0,0.0,real,3,0.3701005025125628,0.3472361809045226,0.9660804020100503,0.48304020100502515,0.3638236723820106,0.3582805674099139
F000549,0.0,0.3472361809045226,0.5972222222222222,0.393817968854384,0.0,1.0,1.0,1.0,0.0,real,3,0.3701005025125628,0.3472361809045226,0.40251256281407033,0.20125628140703516,0.25953530213883486,0.3518377692482513
F000550,0.0,0.3472361809045226,0.3611111111111111,0.2545875386086578,0.0,1.0,1.0,1.0,0.0,real,3,0.3701005025125628,0.3472361809045226,0.17336683417085427,0.08668341708542714,0.21713182747910406,0.34921813843084765
F000551,0.0,0.3472361809045226,0.6111111111111112,1.0715167512214396,0.0,1.0,1.0,1.0,0.0,real,3,0.3701005025125628,0.3472361809045226,0.9834170854271357,0.49170854271356784,0.36703183000429285,0.35847876316254634
F000552,0.0,0.3472361809045226,0.125,0.25,0.0,1.0,1.0,1.0,0.0,real,3,0.3701005025125628,0.3472361809045226,0.13618090452261306,0.06809045226130653,0.2102505618544986,0.348793022903462
F000553,0.25,0.907286432160804,0.75,0.5,0.0,1.0,1.0,1.0,0.0,real,3,0.3701005025125628,0.907286432160804,0.5492462311557789,0.27462311557788943,0.2866884043332239,0.759762758516199
F000554,0.0,0.3472361809045226,0.4444444444444445,0.6735753140545634,0.0,1.0,1.0,1.0,0.0,real,3,0.3701005025125628,0.3472361809045226,0.8133165829145729,0.40665829145728644,0.3355546892755234,0.3565341468649781
F000555,0.0,0.3472361809045226,0.5694444444444444,0.4276334532872403,0.0,1.0,1.0,1.0,0.0,real,3,0.3701005025125628,0.3472361809045226,0.4505025125628141,0.22525125628140705,0.2684158543976162,0.3523863980707558
F000556,0.0,0.3472361809045226,0.1666666666666666,0.2886751345948128,0.25,1.0,1.0,1.0,0.25,real,3,0.8304020100502513,0.3472361809045226,0.20376884422110553,0.10188442211055276,0.49980603393853695,0.3964632521906012
F000557,0.0446581987385203,0.7221105527638191,0.6666666666666666,0.5773502691896258,0.0,1.0,1.0,1.0,0.0,real,3,0.3701005025125628,0.7221105527638191,0.6758793969849246,0.3379396984924623,0.3101219034872857,0.603152382515593
F000558,0.0,0.3472361809045226,0.4722222222222222,0.4194352464039305,0.25,1.0,1.0,1.0,0.25,real,3,0.8304020100502513,0.3472361809045226,0.43366834170854274,0.21683417085427137,0.5952605363500922,0.4520030428524532
F000559,0.2224894150898172,0.8891959798994975,0.7916666666666667,0.7216878364870323,0.0,1.0,1.0,1.0,0.0,real,3,0.3701005025125628,0.8891959798994975,0.8472361809045226,0.4236180904522613,0.3418315194060756,0.6692977450064392
F000560,0.0,0.3472361809045226,0.3333333333333333,0.5773502691896258,0.0,1.0,1.0,1.0,0.0,real,3,0.3701005025125628,0.3472361809045226,0.6758793969849246,0.3379396984924623,0.3101219034872857,0.3549629428549784
F000561,0.0,0.3472361809045226,0.375,0.4330127018922193,0.0,1.0,1.0,1.0,0.0,real,3,0.3701005025125628,0.3472361809045226,0.4663316582914573,0.23316582914572864,0.2713450417918739,0.3525673594101159
F000562,0.25,0.907286432160804,0.75,0.5,0.0,1.0,1.0,1.0,0.0,real,3,0.3701005025125628,0.907286432160804,0.5492462311557789,0.27462311557788943,0.2866884043332239,0.759762758516199
F000563,0.0,0.3472361809045226,0.4444444444444444,0.1924500897298753,0.0,1.0,1.0,1.0,0.0,real,3,0.3701005025125628,0.3472361809045226,0.10150753768844221,0.05075376884422111,0.2038342466099341,0.348396631398197
F000564,0.0,0.3472361809045226,0.1111111111111111,0.3849001794597505,0.0,1.0,1.0,1.0,0.0,real,3,0.3701005025125628,0.3472361809045226,0.3763819095477387,0.18819095477386935,0.25469981818640947,0.3515390394181965
F000565,0.061411169010459,0.7545226130653266,0.6527777777777778,0.488288773090193,0.0,1.0,1.0,1.0,0.0,real,3,0.3701005025125628,0.7545226130653266,0.514070351758794,0.257035175879397,0.2801790990126512,0.655712608267468
F000566,0.0,0.3472361809045226,0.4027777777777778,0.393817968854384,0.0,1.0,1.0,1.0,0.0,real,3,0.3701005025125628,0.3472361809045226,0.40251256281407033,0.20125628140703516,0.25953530213883486,0.3518377692482513
F000567,0.0,0.3472361809045226,0.2222222222222222,0.5091750772173156,0.25,1.0,1.0,1.0,0.25,real,3,0.8304020100502513,0.3472361809045226,0.592462311557789,0.2962311557788945,0.6611919522234287,0.49036495290522963
F000568,0.0,0.3472361809045226,0.2222222222222222,0.0962250448649376,0.5,1.0,1.0,1.0,0.5,real,3,0.9587939698492463,0.3472361809045226,0.022110552763819097,0.011055276381909548,0.48999671725461474,0.35399712128481603
F000569,0.0,0.3472361809045226,0.4027777777777778,0.1734721666221777,0.0,1.0,1.0,1.0,0.0,real,3,0.3701005025125628,0.3472361809045226,0.08417085427135679,0.042085427135678394,0.20062608898765183,0.34819843564556446
F000570,0.0,0.3472361809045226,0.2916666666666666,0.6291528696058958,0.25,1.0,1.0,1.0,0.25,real,3,0.8304020100502513,0.3472361809045226,0.7339195979899498,0.3669597989949749,0.7199251597181889,0.5245386164490795
F000571,0.0,0.3472361809045226,0.3194444444444444,0.3757708127352411,0.0,1.0,1.0,1.0,0.0,real,3,0.3701005025125628,0.3472361809045226,0.3314070351758794,0.1657035175879397,0.24637720638367716,0.3510248794222368
F000572,0.01116454968463,0.6977386934673366,0.5416666666666666,0.1443375672974064,0.0,1.0,1.0,1.0,0.0,real,3,0.3701005025125628,0.6977386934673366,0.06155778894472362,0.03077889447236181,0.19644153556728366,0.6876543521628241
F000573,0.2224894150898172,0.8891959798994975,0.7916666666666667,0.7216878364870323,0.0,1.0,1.0,1.0,0.0,real,3,0.3701005025125628,0.8891959798994975,0.8472361809045226,0.4236180904522613,0.3418315194060756,0.6692977450064392
F000574,0.0,0.3472361809045226,0.3333333333333333,1.1547005383792517,0.0,1.0,1.0,1.0,0.0,real,3,0.3701005025125628,0.3472361809045226,0.9977386934673367,0.49886934673366834,0.369682047170526,0.35864249008863414
F000575,0.1504840084734488,0.8301507537688442,0.6388888888888888,0.2545875386086578,0.0,1.0,1.0,1.0,0.0,real,3,0.3701005025125628,0.8301507537688442,0.17336683417085427,0.08668341708542714,0.21713182747910406,0.7902720259589404
F000576,0.0,0.3472361809045226,0.2777777777777778,0.0962250448649376,0.5,1.0,1.0,1.0,0.5,real,3,0.9587939698492463,0.3472361809045226,0.022110552763819097,0.011055276381909548,0.48999671725461474,0.35399712128481603
F000577,0.0521012318616071,0.742713567839196,0.6944444444444444,0.6735753140545634,0.0,1.0,1.0,1.0,0.0,real,3,0.3701005025125628,0.742713567839196,0.8133165829145729,0.40665829145728644,0.3355546892755234,0.591187375318805
F000578,0.25,0.907286432160804,0.75,0.5,0.25,1.0,1.0,1.0,0.25,real,3,0.8304020100502513,0.907286432160804,0.5492462311557789,0.27462311557788943,0.6432485922072675,0.8861721926213983
F000579,0.0223290993692601,0.7115577889447237,0.5833333333333334,0.2886751345948129,0.0,1.0,1.0,1.0,0.0,real,3,0.3701005025125628,0.7115577889447237,0.22688442211055276,0.11344221105527638,0.22703527057397543,0.6728221193909245
F000580,0.0,0.3472361809045226,0.3888888888888889,0.693888666488711,0.25,1.0,1.0,1.0,0.25,real,3,0.8304020100502513,0.3472361809045226,0.828894472361809,0.4144472361809045,0.75935882300952,0.547482923411025
F000581,0.0,0.3472361809045226,0.6111111111111112,0.693888666488711,0.0,1.0,1.0,1.0,0.0,real,3,0.3701005025125628,0.3472361809045226,0.828894472361809,0.4144472361809045,0.338437381631777,0.3567122358021262
F000582,0.1485783278408043,0.8120603015075377,0.7361111111111112,0.6472877887628358,0.0,1.0,1.0,1.0,0.0,real,3,0.3701005025125628,0.8120603015075377,0.771105527638191,0.3855527638190955,0.3277435228908361,0.6416614795080933
F000583,0.0,0.3472361809045226,0.625,0.6614378277661477,0.0,1.0,1.0,1.0,0.0,real,3,0.3701005025125628,0.3472361809045226,0.7871859296482412,0.3935929648241206,0.3307192053230979,0.35623541703492334
F000584,0.0,0.3472361809045226,0.7083333333333334,1.0103629710818451,0.0,1.0,1.0,1.0,0.0,real,3,0.3701005025125628,0.3472361809045226,0.9660804020100503,0.48304020100502515,0.3638236723820106,0.3582805674099139
F000585,0.0,0.3472361809045226,0.5694444444444444,0.4276334532872403,0.0,1.0,1.0,1.0,0.0,real,3,0.3701005025125628,0.3472361809045226,0.4505025125628141,0.22525125628140705,0.2684158543976162,0.3523863980707558
F000586,0.0521012318616071,0.742713567839196,0.6944444444444444,0.6735753140545634,0.0,1.0,1.0,1.0,0.0,real,3,0.3701005025125628,0.742713567839196,0.8133165829145729,0.40665829145728644,0.3355546892755234,0.591187375318805
F000587,0.0,0.3472361809045226,0.2638888888888888,0.4110735718596873,0.0,1.0,1.0,1.0,0.0,real,3,0.3701005025125628,0.3472361809045226,0.42135678391959797,0.21067839195979898,0.2630224299891417,0.3520531994141562
F000588,0.0,0.3472361809045226,0.6111111111111112,0.4811252243246882,0.0,1.0,1.0,1.0,0.0,real,3,0.3701005025125628,0.3472361809045226,0.4979899497487437,0.24899497487437186,0.2772034165803894,0.3529292820888361
F000589,0.0,0.3472361809045226,0.3888888888888889,0.6309898162000305,0.0,1.0,1.0,1.0,0.0,real,3,0.3701005025125628,0.3472361809045226,0.7530150753768844,0.3765075376884422,0.3243958801545415,0.35584477033408246
F000590,0.0,0.3472361809045226,0.3888888888888889,0.3849001794597506,0.0,1.0,1.0,1.0,0.0,real,3,0.3701005025125628,0.3472361809045226,0.385929648241206,0.192964824120603,0.2564666296305649,0.351648190702255
F000591,0.0,0.3472361809045226,0.6805555555555556,0.8988160937424132,0.0,1.0,1.0,1.0,0.0,real,3,0.3701005025125628,0.3472361809045226,0.9434673366834171,0.47173366834170855,0.3596391189616424,0.358022051210828
F000592,0.0,0.3472361809045226,0.2916666666666666,0.6291528696058958,0.0,1.0,1.0,1.0,0.0,real,3,0.3701005025125628,0.3472361809045226,0.7339195979899498,0.3669597989949749,0.3208622572662307,0.3556264677659655
F000593,0.0,0.3472361809045226,0.5138888888888888,0.2926570486903538,0.0,1.0,1.0,1.0,0.0,real,3,0.3701005025125628,0.3472361809045226,0.24949748743718592,0.12474874371859296,0.2312198239943436,0.35008847630110346
F000594,0.0,0.3472361809045226,0.5694444444444444,0.4738533919231106,0.0,1.0,1.0,1.0,0.0,real,3,0.3701005025125628,0.3472361809045226,0.48391959798994977,0.24195979899497488,0.2745996944521603,0.3527684275649604
F000595,0.0,0.3472361809045226,0.3888888888888889,0.6309898162000305,0.25,1.0,1.0,1.0,0.25,real,3,0.8304020100502513,0.3472361809045226,0.7530150753768844,0.3765075376884422,0.7278536211206788,0.5291517575313754
F000596,0.0,0.3472361809045226,0.4583333333333333,0.1443375672974064,0.25,1.0,1.0,1.0,0.25,real,3,0.8304020100502513,0.3472361809045226,0.06155778894472362,0.03077889447236181,0.44075986086209945,0.36210749097245015
F000597,0.0,0.3472361809045226,0.3055555555555556,0.7876359377087682,0.0,1.0,1.0,1.0,0.0,real,3,0.3701005025125628,0.3472361809045226,0.9,0.45,0.35159547738693464,0.3575251256281407
F000598,0.0,0.3472361809045226,0.1666666666666666,0.2886751345948128,0.0,1.0,1.0,1.0,0.0,real,3,0.3701005025125628,0.3472361809045226,0.20376884422110553,0.10188442211055276,0.22275772707759908,0.34956569909850754
F000599,0.1020902318637188,0.7766331658291458,0.7083333333333334,0.6291528696058958,0.0,1.0,1.0,1.0,0.0,real,3,0.3701005025125628,0.7766331658291458,0.7339195979899498,0.3669597989949749,0.3208622572662307,0.6274520214136007
F000600,0.1020902318637188,0.7766331658291458,0.7083333333333334,0.6291528696058958,0.0,1.0,1.0,1.0,0.0,real,3,0.3701005025125628,0.7766331658291458,0.7339195979899498,0.3669597989949749,0.3208622572662307,0.6274520214136007
F000601,0.0,0.3472361809045226,0.5277777777777778,0.5853140973807078,0.5,1.0,1.0,1.0,0.5,real,3,0.9587939698492463,0.3472361809045226,0.6964824120603015,0.34824120603015074,0.8132885533193607,0.5602058028837655
F000602,0.0,0.3472361809045226,0.25,0.5,0.0,1.0,1.0,1.0,0.0,real,3,0.3701005025125628,0.3472361809045226,0.5492462311557789,0.27462311557788943,0.2866884043332239,0.3535152521400975
F000603,0.01116454968463,0.6977386934673366,0.5416666666666666,0.1443375672974064,0.0,1.0,1.0,1.0,0.0,real,3,0.3701005025125628,0.6977386934673366,0.06155778894472362,0.03077889447236181,0.19644153556728366,0.6876543521628241
F000604,0.0,0.3472361809045226,0.4166666666666667,0.2886751345948129,0.0,1.0,1.0,1.0,0.0,real,3,0.3701005025125628,0.3472361809045226,0.22688442211055276,0.11344221105527638,0.22703527057397543,0.34982996010201756
F000605,0.1889957660359268,0.8582914572864322,0.6666666666666666,0.2886751345948129,0.0,1.0,1.0,1.0,0.0,real,3,0.3701005025125628,0.8582914572864322,0.22688442211055276,0.11344221105527638,0.22703527057397543,0.802909995959698
F000606,0.0,0.3472361809045226,0.1527777777777777,0.3367876570272816,0.0,1.0,1.0,1.0,0.0,real,3,0.3701005025125628,0.3472361809045226,0.2698492462311558,0.1349246231155779,0.23498592207267494,0.3503211408802808
F000607,0.0,0.3472361809045226,0.5277777777777778,0.8221471437193746,0.0,1.0,1.0,1.0,0.0,real,3,0.3701005025125628,0.3472361809045226,0.9118090452261306,0.4559045226130653,0.35378074417312694,0.3576601285321077
F000608,0.25,0.907286432160804,0.75,0.5,0.0,1.0,1.0,1.0,0.0,real,3,0.3701005025125628,0.907286432160804,0.5492462311557789,0.27462311557788943,0.2866884043332239,0.759762758516199
F000609,0.25,0.907286432160804,0.75,0.5,0.0,1.0,1.0,1.0,0.0,real,3,0.3701005025125628,0.907286432160804,0.5492462311557789,0.27462311557788943,0.2866884043332239,0.759762758516199
F000610,0.5853276880479024,0.9879396984924624,0.8888888888888888,0.3849001794597506,0.0,1.0,1.0,1.0,0.0,real,3,0.3701005025125628,0.9879396984924624,0.385929648241206,0.192964824120603,0.2564666296305649,0.8687184667053863
F000611,0.061411169010459,0.7545226130653266,0.6527777777777778,0.488288773090193,0.0,1.0,1.0,1.0,0.0,real,3,0.3701005025125628,0.7545226130653266,0.514070351758794,0.257035175879397,0.2801790990126512,0.655712608267468
F000612,0.061411169010459,0.7545226130653266,0.6527777777777778,0.488288773090193,0.0,1.0,1.0,1.0,0.0,real,3,0.3701005025125628,0.7545226130653266,0.514070351758794,0.257035175879397,0.2801790990126512,0.655712608267468
F000613,0.1889957660359268,0.8582914572864322,0.6666666666666666,0.2886751345948129,0.25,1.0,1.0,1.0,0.25,real,3,0.8304020100502513,0.8582914572864322,0.22688442211055276,0.11344221105527638,0.509403645109972,0.8551276167268503
F000614,0.0,0.3472361809045226,0.5138888888888888,0.2926570486903538,0.0,1.0,1.0,1.0,0.0,real,3,0.3701005025125628,0.3472361809045226,0.24949748743718592,0.12474874371859296,0.2312198239943436,0.35008847630110346
F000615,0.0,0.3472361809045226,0.3333333333333333,0.5773502691896258,0.0,1.0,1.0,1.0,0.0,real,3,0.3701005025125628,0.3472361809045226,0.6758793969849246,0.3379396984924623,0.3101219034872857,0.3549629428549784
F000616,0.4229189661767951,0.9630653266331658,0.7638888888888888,0.2097176232019653,0.0,1.0,1.0,1.0,0.0,real,3,0.3701005025125628,0.9630653266331658,0.11809045226130653,0.059045226130653265,0.20690291911820408,0.9280535845054417
F000617,0.0,0.3472361809045226,0.4444444444444444,0.1924500897298753,0.0,1.0,1.0,1.0,0.0,real,3,0.3701005025125628,0.3472361809045226,0.10150753768844221,0.05075376884422111,0.2038342466099341,0.348396631398197
F000618,0.2974642264589466,0.9216080402010052,0.6805555555555556,0.1272937693043289,0.0,1.0,1.0,1.0,0.0,real,3,0.3701005025125628,0.9216080402010052,0.04195979899497487,0.020979899497487436,0.1928149226029646,0.9100374674881948
F000619,0.061411169010459,0.7545226130653266,0.6527777777777778,0.488288773090193,0.0,1.0,1.0,1.0,0.0,real,3,0.3701005025125628,0.7545226130653266,0.514070351758794,0.257035175879397,0.2801790990126512,0.655712608267468
F000620,0.0,0.3472361809045226,0.1527777777777777,0.3367876570272816,0.0,1.0,1.0,1.0,0.0,real,3,0.3701005025125628,0.3472361809045226,0.2698492462311558,0.1349246231155779,0.23498592207267494,0.3503211408802808
F000621,0.125,0.7962311557788945,0.625,0.25,0.0,1.0,1.0,1.0,0.0,real,3,0.3701005025125628,0.7962311557788945,0.13618090452261306,0.06809045226130653,0.2102505618544986,0.767215726875584
F000622,0.0,0.3472361809045226,0.5694444444444444,0.4738533919231106,0.0,1.0,1.0,1.0,0.0,real,3,0.3701005025125628,0.3472361809045226,0.48391959798994977,0.24195979899497488,0.2745996944521603,0.3527684275649604
F000623,0.3779915320718537,0.9507537688442212,0.8333333333333333,0.5773502691896258,0.0,1.0,1.0,1.0,0.0,real,3,0.3701005025125628,0.9507537688442212,0.6758793969849246,0.3379396984924623,0.3101219034872857,0.7545279790914372
F000624,0.0446581987385203,0.7221105527638191,0.6666666666666666,0.5773502691896258,0.0,1.0,1.0,1.0,0.0,real,3,0.3701005025125628,0.7221105527638191,0.6758793969849246,0.3379396984924623,0.3101219034872857,0.603152382515593
F000625,0.4376389444889332,0.9698492462311558,0.8055555555555556,0.3469443332443555,0.0,1.0,1.0,1.0,0.0,real,3,0.3701005025125628,0.9698492462311558,0.3135678391959799,0.15678391959798996,0.24307605868538676,0.8758182874169844
F000626,0.0,0.3472361809045226,0.2777777777777778,0.5091750772173156,0.5,1.0,1.0,1.0,0.5,real,3,0.9587939698492463,0.3472361809045226,0.592462311557789,0.2962311557788945,0.7634216307668998,0.5283986515492033
F000627,0.0,0.3472361809045226,0.1944444444444444,0.3469443332443554,0.5,1.0,1.0,1.0,0.5,real,3,0.9587939698492463,0.3472361809045226,0.2914572864321608,0.1457286432160804,0.6191207292745132,0.4363576677356632
F000628,0.1020902318637188,0.7766331658291458,0.7083333333333334,0.6291528696058958,0.25,1.0,1.0,1.0,0.25,real,3,0.8304020100502513,0.7766331658291458,0.7339195979899498,0.3669597989949749,0.7199251597181889,0.7963641700967148
F000629,0.0,0.3472361809045226,0.5,0.0,0.0,1.0,1.0,1.0,0.0,real,3,0.3701005025125628,0.3472361809045226,0.00628140703517588,0.00314070351758794,0.1862126272063837,0.3473079909598242
F000630,0.0,0.3472361809045226,0.2916666666666666,0.3818813079129866,0.0,1.0,1.0,1.0,0.0,real,3,0.3701005025125628,0.3472361809045226,0.34723618090452263,0.17361809045226131,0.2493063937779349,0.35120584076159694
F000631,0.0,0.3472361809045226,0.4166666666666667,0.2886751345948129,0.5,1.0,1.0,1.0,0.5,real,3,0.9587939698492463,0.3472361809045226,0.22688442211055276,0.11344221105527638,0.5881646928107876,0.4166126486704881
F000632,0.0,0.3472361809045226,0.3333333333333333,0.5773502691896258,0.0,1.0,1.0,1.0,0.0,real,3,0.3701005025125628,0.3472361809045226,0.6758793969849246,0.3379396984924623,0.3101219034872857,0.3549629428549784
F000633,0.0,0.3472361809045226,0.5972222222222222,0.393817968854384,0.5,1.0,1.0,1.0,0.5,real,3,0.9587939698492463,0.3472361809045226,0.40251256281407033,0.20125628140703516,0.6723602939319714,0.4703160273730461
F000634,0.0,0.3472361809045226,0.4722222222222222,0.5853140973807078,0.0,1.0,1.0,1.0,0.0,real,3,0.3701005025125628,0.3472361809045226,0.6964824120603015,0.34824120603015074,0.3139344966036211,0.35519847983636776
F000635,0.0483797153000638,0.7306532663316583,0.6805555555555556,0.6254627916220946,0.25,1.0,1.0,1.0,0.25,real,3,0.8304020100502513,0.7306532663316583,0.714824120603015,0.3574120603015075,0.7119966983156991,0.7663046703366077
F000636,0.0,0.3472361809045226,0.5972222222222222,0.393817968854384,0.0,1.0,1.0,1.0,0.0,real,3,0.3701005025125628,0.3472361809045226,0.40251256281407033,0.20125628140703516,0.25953530213883486,0.3518377692482513
F000637,0.0,0.3472361809045226,0.4722222222222222,0.5853140973807078,0.0,1.0,1.0,1.0,0.0,real,3,0.3701005025125628,0.3472361809045226,0.6964824120603015,0.34824120603015074,0.3139344966036211,0.35519847983636776
F000638,0.0,0.3472361809045226,0.5694444444444444,0.4738533919231106,0.0,1.0,1.0,1.0,0.0,real,3,0.3701005025125628,0.3472361809045226,0.48391959798994977,0.24195979899497488,0.2745996944521603,0.3527684275649604
F000639,0.0,0.3472361809045226,0.4166666666666667,0.2886751345948129,0.0,1.0,1.0,1.0,0.0,real,3,0.3701005025125628,0.3472361809045226,0.22688442211055276,0.11344221105527638,0.22703527057397543,0.34982996010201756
F000640,0.0,0.3472361809045226,0.4861111111111111,0.2926570486903539,0.0,1.0,1.0,1.0,0.0,real,3,0.3701005025125628,0.3472361809045226,0.2608040201005025,0.13040201005025126,0.23331210070452765,0.3502177344006464
F000641,0.1898569058357866,0.8683417085427135,0.7222222222222222,0.5091750772173156,0.0,1.0,1.0,1.0,0.0,real,3,0.3701005025125628,0.8683417085427135,0.592462311557789,0.2962311557788945,0.29468555086992754,0.7207471402237318
F000642,0.0,0.3472361809045226,0.6111111111111112,0.6309898162000305,0.0,1.0,1.0,1.0,0.0,real,3,0.3701005025125628,0.3472361809045226,0.7530150753768844,0.3765075376884422,0.3243958801545415,0.35584477033408246
F000643,0.0,0.3472361809045226,0.6666666666666666,1.1547005383792517,0.0,1.0,1.0,1.0,0.0,real,3,0.3701005025125628,0.3472361809045226,0.9977386934673367,0.49886934673366834,0.369682047170526,0.35864249008863414
F000644,0.5752420042367246,0.985678391959799,0.8194444444444444,0.1272937693043289,0.0,1.0,1.0,1.0,0.0,real,3,0.3701005025125628,0.985678391959799,0.04195979899497487,0.020979899497487436,0.1928149226029646,0.9727636297063205
F000645,0.0,0.3472361809045226,0.5,1.0,0.25,1.0,1.0,1.0,0.25,real,3,0.8304020100502513,0.3472361809045226,0.9625628140703517,0.48128140703517586,0.8148580528269488,0.5797749109870962
F000646,0.061411169010459,0.7545226130653266,0.6527777777777778,0.488288773090193,0.0,1.0,1.0,1.0,0.0,real,3,0.3701005025125628,0.7545226130653266,0.514070351758794,0.257035175879397,0.2801790990126512,0.655712608267468
F000647,0.0,0.3472361809045226,0.5,0.5,0.0,1.0,1.0,1.0,0.0,real,3,0.3701005025125628,0.3472361809045226,0.5492462311557789,0.27462311557788943,0.2866884043332239,0.3535152521400975
F000648,0.0,0.3472361809045226,0.0,0.0,0.0,1.0,1.0,1.0,0.0,real,3,0.3701005025125628,0.3472361809045226,0.00628140703517588,0.00314070351758794,0.1862126272063837,0.3473079909598242
F000649,0.0,0.3472361809045226,0.1111111111111111,0.3849001794597505,0.0,1.0,1.0,1.0,0.0,real,3,0.3701005025125628,0.3472361809045226,0.3763819095477387,0.18819095477386935,0.25469981818640947,0.3515390394181965
F000650,0.0,0.3472361809045226,0.4583333333333333,0.1443375672974064,0.25,1.0,1.0,1.0,0.25,real,3,0.8304020100502513,0.3472361809045226,0.06155778894472362,0.03077889447236181,0.44075986086209945,0.36210749097245015
F000651,0.0,0.3472361809045226,0.3888888888888889,0.693888666488711,0.0,1.0,1.0,1.0,0.0,real,3,0.3701005025125628,0.3472361809045226,0.828894472361809,0.4144472361809045,0.338437381631777,0.3567122358021262
F000652,0.25,0.907286432160804,0.75,0.5,0.0,1.0,1.0,1.0,0.0,real,3,0.3701005025125628,0.907286432160804,0.5492462311557789,0.27462311557788943,0.2866884043332239,0.759762758516199
F000653,0.0,0.3472361809045226,0.3888888888888889,1.0715167512214396,0.5,1.0,1.0,1.0,0.5,real,3,0.9587939698492463,0.3472361809045226,0.9834170854271357,0.49170854271356784,0.9508441706017525,0.6479443700916643
F000654,0.1485783278408043,0.8120603015075377,0.7361111111111112,0.6472877887628358,0.0,1.0,1.0,1.0,0.0,real,3,0.3701005025125628,0.8120603015075377,0.771105527638191,0.3855527638190955,0.3277435228908361,0.6416614795080933
F000655,0.0,0.3472361809045226,0.3611111111111111,0.2545875386086578,0.0,1.0,1.0,1.0,0.0,real,3,0.3701005025125628,0.3472361809045226,0.17336683417085427,0.08668341708542714,0.21713182747910406,0.34921813843084765
F000656,0.0,0.3472361809045226,0.4305555555555555,0.4276334532872403,0.0,1.0,1.0,1.0,0.0,real,3,0.3701005025125628,0.3472361809045226,0.4505025125628141,0.22525125628140705,0.2684158543976162,0.3523863980707558
F000657,0.0,0.3472361809045226,0.2083333333333333,0.5204164998665333,0.0,1.0,1.0,1.0,0.0,real,3,0.3701005025125628,0.3472361809045226,0.6309045226130653,0.31545226130653264,0.30179929168455344,0.35444878285901865
F000658,0.0,0.3472361809045226,0.3055555555555556,0.3469443332443555,0.0,1.0,1.0,1.0,0.0,real,3,0.3701005025125628,0.3472361809045226,0.3135678391959799,0.15678391959798996,0.24307605868538676,0.3508209388651801
F000659,0.0,0.3472361809045226,0.3333333333333333,0.2886751345948129,0.0,1.0,1.0,1.0,0.0,real,3,0.3701005025125628,0.3472361809045226,0.22688442211055276,0.11344221105527638,0.22703527057397543,0.34982996010201756
F000660,0.0,0.3472361809045226,0.2083333333333333,0.5204164998665333,0.25,1.0,1.0,1.0,0.25,real,3,0.8304020100502513,0.3472361809045226,0.6309045226130653,0.31545226130653264,0.6771531968889675,0.4996519342945885
F000661,0.0,0.3472361809045226,0.3194444444444444,0.8988160937424132,0.0,1.0,1.0,1.0,0.0,real,3,0.3701005025125628,0.3472361809045226,0.9434673366834171,0.47173366834170855,0.3596391189616424,0.358022051210828
F000662,0.0,0.3472361809045226,0.5694444444444444,0.4738533919231106,0.5,1.0,1.0,1.0,0.5,real,3,0.9587939698492463,0.3472361809045226,0.48391959798994977,0.24195979899497488,0.7113865811469408,0.49520858059139916
F000663,0.0223290993692601,0.7115577889447237,0.5833333333333334,0.2886751345948129,0.25,1.0,1.0,1.0,0.25,real,3,0.8304020100502513,0.7115577889447237,0.22688442211055276,0.11344221105527638,0.509403645109972,0.7250397401580768
F000664,0.0,0.3472361809045226,0.5694444444444444,0.4276334532872403,0.0,1.0,1.0,1.0,0.0,real,3,0.3701005025125628,0.3472361809045226,0.4505025125628141,0.22525125628140705,0.2684158543976162,0.3523863980707558
F000665,0.5334936490538904,0.984422110552764,0.875,0.4330127018922193,0.0,1.0,1.0,1.0,0.0,real,3,0.3701005025125628,0.984422110552764,0.4663316582914573,0.23316582914572864,0.2713450417918739,0.8411833034519332
F000666,0.0,0.3472361809045226,0.4305555555555555,0.9871864246620478,0.0,1.0,1.0,1.0,0.0,real,3,0.3701005025125628,0.3472361809045226,0.9590452261306532,0.4795226130653266,0.362521811317896,0.3582001401479761
F000667,0.0,0.3472361809045226,0.5,0.5,0.5,1.0,1.0,1.0,0.5,real,3,0.9587939698492463,0.3472361809045226,0.5492462311557789,0.27462311557788943,0.7427039721219161,0.515184086260448
F000668,0.0669872981077807,0.7638190954773869,0.75,0.8660254037844386,0.0,1.0,1.0,1.0,0.0,real,3,0.3701005025125628,0.7638190954773869,0.9336683417085427,0.46683417085427137,0.35782581247948286,0.5800178025807429
F000669,0.0,0.3472361809045226,0.1111111111111111,0.3849001794597505,0.0,1.0,1.0,1.0,0.0,real,3,0.3701005025125628,0.3472361809045226,0.3763819095477387,0.18819095477386935,0.25469981818640947,0.3515390394181965
F000670,0.0,0.3472361809045226,0.5,0.0,0.0,1.0,1.0,1.0,0.0,real,3,0.3701005025125628,0.3472361809045226,0.00628140703517588,0.00314070351758794,0.1862126272063837,0.3473079909598242
F000671,0.0,0.3472361809045226,0.3194444444444444,0.6254627916220946,0.0,1.0,1.0,1.0,0.0,real,3,0.3701005025125628,0.3472361809045226,0.714824120603015,0.3574120603015075,0.31732863437791975,0.3554081651978485
F000672,0.0,0.3472361809045226,0.6111111111111112,0.693888666488711,0.0,1.0,1.0,1.0,0.0,real,3,0.3701005025125628,0.3472361809045226,0.828894472361809,0.4144472361809045,0.338437381631777,0.3567122358021262
F000673,0.0,0.3472361809045226,0.4305555555555555,0.4738533919231106,0.0,1.0,1.0,1.0,0.0,real,3,0.3701005025125628,0.3472361809045226,0.48391959798994977,0.24195979899497488,0.2745996944521603,0.3527684275649604
F000674,0.25,0.907286432160804,0.75,0.5,0.0,1.0,1.0,1.0,0.0,real,3,0.3701005025125628,0.907286432160804,0.5492462311557789,0.27462311557788943,0.2866884043332239,0.759762758516199
F000675,0.0,0.3472361809045226,0.5277777777777778,0.4194352464039305,0.0,1.0,1.0,1.0,0.0,real,3,0.3701005025125628,0.3472361809045226,0.43366834170854274,0.21683417085427137,0.26530068685134217,0.35219394712254737
F000676,0.0,0.3472361809045226,0.375,0.4330127018922193,0.25,1.0,1.0,1.0,0.25,real,3,0.8304020100502513,0.3472361809045226,0.4663316582914573,0.23316582914572864,0.6088223782227721,0.45989394207216994
F000677,0.5260506159308034,0.9814070351758792,0.8472222222222221,0.3367876570272817,0.0,1.0,1.0,1.0,0.0,real,3,0.3701005025125628,0.9814070351758792,0.2778894472361809,0.13894472361809046,0.23647376328880587,0.8964692179490414
F000678,0.0,0.3472361809045226,0.4305555555555555,0.4738533919231106,0.0,1.0,1.0,1.0,0.0,real,3,0.3701005025125628,0.3472361809045226,0.48391959798994977,0.24195979899497488,0.2745996944521603,0.3527684275649604
F000679,0.1485783278408043,0.8120603015075377,0.7361111111111112,0.6472877887628358,0.0,1.0,1.0,1.0,0.0,real,3,0.3701005025125628,0.8120603015075377,0.771105527638191,0.3855527638190955,0.3277435228908361,0.6416614795080933
F000680,0.0,0.3472361809045226,0.5138888888888888,0.4589642122738418,0.0,1.0,1.0,1.0,0.0,real,3,0.3701005025125628,0.3472361809045226,0.47412060301507536,0.23706030150753768,0.27278638797000077,0.3526564038786899
F000681,0.0,0.3472361809045226,0.625,0.6614378277661477,0.25,1.0,1.0,1.0,0.25,real,3,0.8304020100502513,0.3472361809045226,0.7871859296482412,0.3935929648241206,0.7420413941567132,0.5374068520996944
F000682,0.0521012318616071,0.742713567839196,0.6944444444444444,0.6735753140545634,0.0,1.0,1.0,1.0,0.0,real,3,0.3701005025125628,0.742713567839196,0.8133165829145729,0.40665829145728644,0.3355546892755234,0.591187375318805
F000683,0.0,0.3472361809045226,0.375,0.25,0.0,1.0,1.0,1.0,0.0,real,3,0.3701005025125628,0.3472361809045226,0.13618090452261306,0.06809045226130653,0.2102505618544986,0.348793022903462
F000684,0.0,0.3472361809045226,0.3333333333333333,0.5773502691896258,0.0,1.0,1.0,1.0,0.0,real,3,0.3701005025125628,0.3472361809045226,0.6758793969849246,0.3379396984924623,0.3101219034872857,0.3549629428549784
F000685,0.0,0.3472361809045226,0.3888888888888889,0.6309898162000305,0.0,1.0,1.0,1.0,0.0,real,3,0.3701005025125628,0.3472361809045226,0.7530150753768844,0.3765075376884422,0.3243958801545415,0.35584477033408246
F000686,0.0521012318616071,0.742713567839196,0.6944444444444444,0.6735753140545634,0.0,1.0,1.0,1.0,0.0,real,3,0.3701005025125628,0.742713567839196,0.8133165829145729,0.40665829145728644,0.3355546892755234,0.591187375318805
F000687,0.3779915320718537,0.9507537688442212,0.8333333333333333,0.5773502691896258,0.25,1.0,1.0,1.0,0.25,real,3,0.8304020100502513,0.9507537688442212,0.6758793969849246,0.3379396984924623,0.6958268099290422,0.9100821317643495
F000688,0.0,0.3472361809045226,0.1388888888888888,0.2545875386086578,0.0,1.0,1.0,1.0,0.0,real,3,0.3701005025125628,0.3472361809045226,0.17336683417085427,0.08668341708542714,0.21713182747910406,0.34921813843084765
F000689,0.3779915320718537,0.9507537688442212,0.8333333333333333,0.5773502691896258,0.0,1.0,1.0,1.0,0.0,real,3,0.3701005025125628,0.9507537688442212,0.6758793969849246,0.3379396984924623,0.3101219034872857,0.7545279790914372
F000690,0.0,0.3472361809045226,0.4166666666666667,0.2886751345948129,0.0,1.0,1.0,1.0,0.0,real,3,0.3701005025125628,0.3472361809045226,0.22688442211055276,0.11344221105527638,0.22703527057397543,0.34982996010201756
F000691,0.0,0.3472361809045226,0.6388888888888888,0.7515416254704823,0.0,1.0,1.0,1.0,0.0,real,3,0.3701005025125628,0.3472361809045226,0.8610552763819096,0.4305276381909548,0.34438874649630064,0.3570799032852705
F000692,0.1020902318637188,0.7766331658291458,0.7083333333333334,0.6291528696058958,0.0,1.0,1.0,1.0,0.0,real,3,0.3701005025125628,0.7766331658291458,0.7339195979899498,0.3669597989949749,0.3208622572662307,0.6274520214136007
F000693,0.0,0.3472361809045226,0.4722222222222222,0.5853140973807078,0.0,1.0,1.0,1.0,0.0,real,3,0.3701005025125628,0.3472361809045226,0.6964824120603015,0.34824120603015074,0.3139344966036211,0.35519847983636776
F000694,0.0,0.3472361809045226,0.4583333333333333,0.3818813079129867,0.25,1.0,1.0,1.0,0.25,real,3,0.8304020100502513,0.3472361809045226,0.3608040201005025,0.18040201005025125,0.5650071967879599,0.4344002676700083
F000695,0.0,0.3472361809045226,0.5555555555555556,0.8388704928078611,0.5,1.0,1.0,1.0,0.5,real,3,0.9587939698492463,0.3472361809045226,0.9178391959798995,0.45891959798994975,0.9194063281230272,0.6278920355546577
F000696,0.1706553760958049,0.849748743718593,0.7777777777777777,0.769800358919501,0.0,1.0,1.0,1.0,0.0,real,3,0.3701005025125628,0.849748743718593,0.8879396984924623,0.4439698492462312,0.3493637155627383,0.6367993863791318
F000697,0.0,0.3472361809045226,0.4722222222222222,0.9179284245476838,0.0,1.0,1.0,1.0,0.0,real,3,0.3701005025125628,0.3472361809045226,0.9510050251256281,0.47550251256281406,0.36103397010176513,0.35810822327718994
F000698,0.0,0.3472361809045226,0.375,0.25,0.0,1.0,1.0,1.0,0.0,real,3,0.3701005025125628,0.3472361809045226,0.13618090452261306,0.06809045226130653,0.2102505618544986,0.348793022903462
F000699,0.0,0.3472361809045226,0.4583333333333333,0.1443375672974064,0.0,1.0,1.0,1.0,0.0,real,3,0.3701005025125628,0.3472361809045226,0.06155778894472362,0.03077889447236181,0.19644153556728366,0.34793991944647856
F000700,0.1371617270419147,0.8030150753768844,0.6527777777777778,0.3367876570272817,0.0,1.0,1.0,1.0,0.0,real,3,0.3701005025125628,0.8030150753768844,0.2778894472361809,0.13894472361809046,0.23647376328880587,0.7428638797000076
F000701,0.0,0.3472361809045226,0.25,0.5,0.0,1.0,1.0,1.0,0.0,real,3,0.3701005025125628,0.3472361809045226,0.5492462311557789,0.27462311557788943,0.2866884043332239,0.3535152521400975
F000702,0.0,0.3472361809045226,0.3194444444444444,0.1272937693043289,0.25,1.0,1.0,1.0,0.25,real,3,0.8304020100502513,0.3472361809045226,0.04195979899497487,0.020979899497487436,0.43262275573849146,0.35737295144062015
F000703,0.0,0.3472361809045226,0.375,0.25,0.0,1.0,1.0,1.0,0.0,real,3,0.3701005025125628,0.3472361809045226,0.13618090452261306,0.06809045226130653,0.2102505618544986,0.348793022903462
F000704,0.6889957660359269,0.9954773869346734,0.9166666666666669,0.2886751345948128,0.0,1.0,1.0,1.0,0.0,real,3,0.3701005025125628,0.9954773869346734,0.20376884422110553,0.10188442211055276,0.22275772707759908,0.9317612244640286
F000705,0.0,0.3472361809045226,0.4305555555555555,0.4276334532872403,0.0,1.0,1.0,1.0,0.0,real,3,0.3701005025125628,0.3472361809045226,0.4505025125628141,0.22525125628140705,0.2684158543976162,0.3523863980707558
F000706,0.0446581987385203,0.7221105527638191,0.6666666666666666,0.5773502691896258,0.0,1.0,1.0,1.0,0.0,real,3,0.3701005025125628,0.7221105527638191,0.6758793969849246,0.3379396984924623,0.3101219034872857,0.603152382515593
F000707,0.0,0.3472361809045226,0.5972222222222222,0.7561476438231223,0.25,1.0,1.0,1.0,0.25,real,3,0.8304020100502513,0.3472361809045226,0.8706030150753769,0.4353015075376884,0.7766762518623268,0.5575589947223554
F000708,0.0,0.3472361809045226,0.375,0.6614378277661477,0.0,1.0,1.0,1.0,0.0,real,3,0.3701005025125628,0.3472361809045226,0.7871859296482412,0.3935929648241206,0.3307192053230979,0.35623541703492334
F000709,0.1020902318637188,0.7766331658291458,0.7083333333333334,0.6291528696058958,0.0,1.0,1.0,1.0,0.0,real,3,0.3701005025125628,0.7766331658291458,0.7339195979899498,0.3669597989949749,0.3208622572662307,0.6274520214136007
F000710,0.0,0.3472361809045226,0.5694444444444444,0.5912165737164656,0.0,1.0,1.0,1.0,0.0,real,3,0.3701005025125628,0.3472361809045226,0.7,0.35,0.3145854271356784,0.35523869346733666
F000711,0.0,0.3472361809045226,0.5138888888888888,0.2926570486903538,0.25,1.0,1.0,1.0,0.25,real,3,0.8304020100502513,0.3472361809045226,0.24949748743718592,0.12474874371859296,0.518792612560289,0.4075105110982046
F000712,0.0,0.3472361809045226,0.2222222222222222,0.0962250448649376,0.0,1.0,1.0,1.0,0.0,real,3,0.3701005025125628,0.3472361809045226,0.022110552763819097,0.011055276381909548,0.1891418146006414,0.34748895229918436
F000713,0.0,0.3472361809045226,0.375,0.4330127018922193,0.0,1.0,1.0,1.0,0.0,real,3,0.3701005025125628,0.3472361809045226,0.4663316582914573,0.23316582914572864,0.2713450417918739,0.3525673594101159
F000714,0.1504840084734488,0.8301507537688442,0.6388888888888888,0.2545875386086578,0.0,1.0,1.0,1.0,0.0,real,3,0.3701005025125628,0.8301507537688442,0.17336683417085427,0.08668341708542714,0.21713182747910406,0.7902720259589404
F000715,0.1898569058357866,0.8683417085427135,0.7222222222222222,0.5091750772173156,0.0,1.0,1.0,1.0,0.0,real,3,0.3701005025125628,0.8683417085427135,0.592462311557789,0.2962311557788945,0.29468555086992754,0.7207471402237318
F000716,0.0334936490538903,0.7173366834170855,0.625,0.4330127018922193,0.0,1.0,1.0,1.0,0.0,real,3,0.3701005025125628,0.7173366834170855,0.4663316582914573,0.23316582914572864,0.2713450417918739,0.6363730713870862
F000717,0.0,0.3472361809045226,0.4166666666666667,0.2886751345948129,0.5,1.0,1.0,1.0,0.5,real,3,0.9587939698492463,0.3472361809045226,0.22688442211055276,0.11344221105527638,0.5881646928107876,0.4166126486704881
F000718,0.0,0.3472361809045226,0.2777777777777778,0.0962250448649376,0.0,1.0,1.0,1.0,0.0,real,3,0.3701005025125628,0.3472361809045226,0.022110552763819097,0.011055276381909548,0.1891418146006414,0.34748895229918436
F000719,0.1020902318637188,0.7766331658291458,0.7083333333333334,0.6291528696058958,0.0,1.0,1.0,1.0,0.0,real,3,0.3701005025125628,0.7766331658291458,0.7339195979899498,0.3669597989949749,0.3208622572662307,0.6274520214136007
F000720,0.0,0.3472361809045226,0.5694444444444444,0.4738533919231106,0.0,1.0,1.0,1.0,0.0,real,3,0.3701005025125628,0.3472361809045226,0.48391959798994977,0.24195979899497488,0.2745996944521603,0.3527684275649604
F000721,0.0,0.3472361809045226,0.1805555555555555,0.1272937693043289,0.0,1.0,1.0,1.0,0.0,real,3,0.3701005025125628,0.3472361809045226,0.04195979899497487,0.020979899497487436,0.1928149226029646,0.3477158720739375
F000722,0.0,0.3472361809045226,0.5138888888888888,0.6142595663193329,0.0,1.0,1.0,1.0,0.0,real,3,0.3701005025125628,0.3472361809045226,0.7040201005025125,0.35201005025125626,0.3153293477437438,0.35528465190272973
F000723,0.3779915320718537,0.9507537688442212,0.8333333333333333,0.5773502691896258,0.0,1.0,1.0,1.0,0.0,real,3,0.3701005025125628,0.9507537688442212,0.6758793969849246,0.3379396984924623,0.3101219034872857,0.7545279790914372
F000724,0.5949284529178934,0.992211055276382,0.8611111111111112,0.2545875386086578,0.0,1.0,1.0,1.0,0.0,real,3,0.3701005025125628,0.992211055276382,0.17336683417085427,0.08668341708542714,0.21713182747910406,0.9382843867579103
F000725,0.0,0.3472361809045226,0.2222222222222222,0.0962250448649376,0.5,1.0,1.0,1.0,0.5,real,3,0.9587939698492463,0.3472361809045226,0.022110552763819097,0.011055276381909548,0.48999671725461474,0.35399712128481603
F000726,0.0,0.3472361809045226,0.2777777777777778,0.0962250448649376,0.5,1.0,1.0,1.0,0.5,real,3,0.9587939698492463,0.3472361809045226,0.022110552763819097,0.011055276381909548,0.48999671725461474,0.35399712128481603
F000727,0.0,0.3472361809045226,0.6111111111111112,0.693888666488711,0.0,1.0,1.0,1.0,0.0,real,3,0.3701005025125628,0.3472361809045226,0.828894472361809,0.4144472361809045,0.338437381631777,0.3567122358021262
F000728,0.0,0.3472361809045226,0.5694444444444444,0.7469072033193752,0.5,1.0,1.0,1.0,0.5,real,3,0.9587939698492463,0.3472361809045226,0.8560301507537689,0.42801507537688444,0.8897752582005505,0.6089921340370192
F000729,0.0,0.3472361809045226,0.5,0.0,0.0,1.0,1.0,1.0,0.0,real,3,0.3701005025125628,0.3472361809045226,0.00628140703517588,0.00314070351758794,0.1862126272063837,0.3473079909598242
F000730,0.0,0.3472361809045226,0.375,1.0897247358851685,0.0,1.0,1.0,1.0,0.0,real,3,0.3701005025125628,0.3472361809045226,0.9899497487437185,0.4949748743718593,0.3682407009923992,0.3585534456200601
F000731,0.0,0.3472361809045226,0.4166666666666667,1.0408329997330663,0.0,1.0,1.0,1.0,0.0,real,3,0.3701005025125628,0.3472361809045226,0.978140703517588,0.489070351758794,0.36605543420620695,0.358418442716093
F000732,0.0,0.3472361809045226,0.5,0.5,0.0,1.0,1.0,1.0,0.0,real,3,0.3701005025125628,0.3472361809045226,0.5492462311557789,0.27462311557788943,0.2866884043332239,0.3535152521400975
F000733,0.01116454968463,0.6977386934673366,0.5416666666666666,0.1443375672974064,0.0,1.0,1.0,1.0,0.0,real,3,0.3701005025125628,0.6977386934673366,0.06155778894472362,0.03077889447236181,0.19644153556728366,0.6876543521628241
F000734,0.0,0.3472361809045226,0.2916666666666666,0.6291528696058958,0.0,1.0,1.0,1.0,0.0,real,3,0.3701005025125628,0.3472361809045226,0.7339195979899498,0.3669597989949749,0.3208622572662307,0.3556264677659655
F000735,0.0,0.3472361809045226,0.2777777777777778,0.0962250448649376,0.25,1.0,1.0,1.0,0.25,real,3,0.8304020100502513,0.3472361809045226,0.022110552763819097,0.011055276381909548,0.4243813287543244,0.3525777126840231
F000736,0.0,0.3472361809045226,0.4305555555555555,0.4276334532872403,0.0,1.0,1.0,1.0,0.0,real,3,0.3701005025125628,0.3472361809045226,0.4505025125628141,0.22525125628140705,0.2684158543976162,0.3523863980707558
F000737,0.0,0.3472361809045226,0.3611111111111111,0.8552669065744807,0.0,1.0,1.0,1.0,0.0,real,3,0.3701005025125628,0.3472361809045226,0.9228643216080402,0.4614321608040201,0.355826525845307,0.35778651422943863
F000738,0.0,0.3472361809045226,0.2361111111111111,0.2097176232019652,0.25,1.0,1.0,1.0,0.25,real,3,0.8304020100502513,0.3472361809045226,0.10854271356783919,0.054271356783919596,0.4602680487866468,0.3734582460038887
F000739,0.0,0.3472361809045226,0.2361111111111111,0.2097176232019652,0.0,1.0,1.0,1.0,0.0,real,3,0.3701005025125628,0.3472361809045226,0.10854271356783919,0.054271356783919596,0.20513610767404863,0.3484770586601348
F000740,0.0,0.3472361809045226,0.2916666666666666,0.3818813079129866,0.0,1.0,1.0,1.0,0.0,real,3,0.3701005025125628,0.3472361809045226,0.34723618090452263,0.17361809045226131,0.2493063937779349,0.35120584076159694
F000741,0.0,0.3472361809045226,0.2777777777777778,0.0962250448649376,0.5,1.0,1.0,1.0,0.5,real,3,0.9587939698492463,0.3472361809045226,0.022110552763819097,0.011055276381909548,0.48999671725461474,0.35399712128481603
F000742,0.0,0.3472361809045226,0.6388888888888888,0.8552669065744807,0.25,1.0,1.0,1.0,0.25,real,3,0.8304020100502513,0.3472361809045226,0.9228643216080402,0.4614321608040201,0.7983751988586147,0.5701844334739021
F000743,0.0446581987385203,0.7221105527638191,0.6666666666666666,0.5773502691896258,0.25,1.0,1.0,1.0,0.25,real,3,0.8304020100502513,0.7221105527638191,0.6758793969849246,0.3379396984924623,0.6958268099290422,0.7587065351885054
F000744,0.0,0.3472361809045226,0.5416666666666666,0.3818813079129867,0.0,1.0,1.0,1.0,0.0,real,3,0.3701005025125628,0.3472361809045226,0.3608040201005025,0.18040201005025125,0.2518171258301558,0.35136095048104843
F000745,0.0,0.3472361809045226,0.4305555555555555,0.4276334532872403,0.0,1.0,1.0,1.0,0.0,real,3,0.3701005025125628,0.3472361809045226,0.4505025125628141,0.22525125628140705,0.2684158543976162,0.3523863980707558
F000746,0.0,0.3472361809045226,0.5972222222222222,0.393817968854384,0.25,1.0,1.0,1.0,0.25,real,3,0.8304020100502513,0.3472361809045226,0.40251256281407033,0.20125628140703516,0.5823246256407666,0.4444763389813388
F000747,0.25,0.907286432160804,0.75,0.5,0.0,1.0,1.0,1.0,0.0,real,3,0.3701005025125628,0.907286432160804,0.5492462311557789,0.27462311557788943,0.2866884043332239,0.759762758516199
F000748,0.0,0.3472361809045226,0.2222222222222222,0.769800358919501,0.0,1.0,1.0,1.0,0.0,real,3,0.3701005025125628,0.3472361809045226,0.8879396984924623,0.4439698492462312,0.3493637155627383,0.3573872503219615
F000749,0.0,0.3472361809045226,0.6944444444444444,0.787635937708768,0.0,1.0,1.0,1.0,0.0,real,3,0.3701005025125628,0.3472361809045226,0.8944723618090452,0.4472361809045226,0.3505725865508447,0.35746193277947524
F000750,0.0,0.3472361809045226,0.1388888888888888,0.2545875386086578,0.0,1.0,1.0,1.0,0.0,real,3,0.3701005025125628,0.3472361809045226,0.17336683417085427,0.08668341708542714,0.21713182747910406,0.34921813843084765
F000751,0.0,0.3472361809045226,0.1527777777777777,0.3367876570272816,0.25,1.0,1.0,1.0,0.25,real,3,0.8304020100502513,0.3472361809045226,0.2698492462311558,0.1349246231155779,0.5272426832655741,0.41242714830433574
F000752,0.061411169010459,0.7545226130653266,0.6527777777777778,0.488288773090193,0.0,1.0,1.0,1.0,0.0,real,3,0.3701005025125628,0.7545226130653266,0.514070351758794,0.257035175879397,0.2801790990126512,0.655712608267468
F000753,0.061411169010459,0.7545226130653266,0.6527777777777778,0.488288773090193,0.0,1.0,1.0,1.0,0.0,real,3,0.3701005025125628,0.7545226130653266,0.514070351758794,0.257035175879397,0.2801790990126512,0.655712608267468
F000754,0.0,0.3472361809045226,0.4027777777777778,0.1734721666221777,0.0,1.0,1.0,1.0,0.0,real,3,0.3701005025125628,0.3472361809045226,0.08417085427135679,0.042085427135678394,0.20062608898765183,0.34819843564556446
F000755,0.0,0.3472361809045226,0.3611111111111111,0.2545875386086578,0.0,1.0,1.0,1.0,0.0,real,3,0.3701005025125628,0.3472361809045226,0.17336683417085427,0.08668341708542714,0.21713182747910406,0.34921813843084765
F000756,0.0,0.3472361809045226,0.2083333333333333,0.5204164998665333,0.25,1.0,1.0,1.0,0.25,real,3,0.8304020100502513,0.3472361809045226,0.6309045226130653,0.31545226130653264,0.6771531968889675,0.4996519342945885
F000757,0.2224894150898172,0.8891959798994975,0.7916666666666667,0.7216878364870323,0.0,1.0,1.0,1.0,0.0,real,3,0.3701005025125628,0.8891959798994975,0.8472361809045226,0.4236180904522613,0.3418315194060756,0.6692977450064392
F000758,0.0,0.3472361809045226,0.6111111111111112,0.693888666488711,0.5,1.0,1.0,1.0,0.5,real,3,0.9587939698492463,0.3472361809045226,0.828894472361809,0.4144472361809045,0.8767664957955608,0.6006946162975682
F000759,0.0,0.3472361809045226,0.5138888888888888,0.4589642122738418,0.0,1.0,1.0,1.0,0.0,real,3,0.3701005025125628,0.3472361809045226,0.47412060301507536,0.23706030150753768,0.27278638797000077,0.3526564038786899
F000760,0.0,0.3472361809045226,0.0972222222222221,0.1734721666221776,0.0,1.0,1.0,1.0,0.0,real,3,0.3701005025125628,0.3472361809045226,0.07562814070351759,0.037814070351758794,0.19904525769551273,0.34810077397035427
F000761,0.25,0.907286432160804,0.75,0.5,0.25,1.0,1.0,1.0,0.25,real,3,0.8304020100502513,0.907286432160804,0.5492462311557789,0.27462311557788943,0.6432485922072675,0.8861721926213983
F000762,0.3779915320718537,0.9507537688442212,0.8333333333333333,0.5773502691896258,0.5,1.0,1.0,1.0,0.5,real,3,0.9587939698492463,0.9507537688442212,0.6758793969849246,0.3379396984924623,0.8034115300118684,0.9534708719476782
F000763,0.0,0.3472361809045226,0.5694444444444444,0.4738533919231106,0.25,1.0,1.0,1.0,0.25,real,3,0.8304020100502513,0.3472361809045226,0.48391959798994977,0.24195979899497488,0.6161249084619076,0.46414288780586344
F000764,0.1020902318637188,0.7766331658291458,0.7083333333333334,0.6291528696058958,0.0,1.0,1.0,1.0,0.0,real,3,0.3701005025125628,0.7766331658291458,0.7339195979899498,0.3669597989949749,0.3208622572662307,0.6274520214136007
F000765,0.1485783278408043,0.8120603015075377,0.7361111111111112,0.6472877887628358,0.0,1.0,1.0,1.0,0.0,real,3,0.3701005025125628,0.8120603015075377,0.771105527638191,0.3855527638190955,0.3277435228908361,0.6416614795080933
F000766,0.0521012318616071,0.742713567839196,0.6944444444444444,0.6735753140545634,0.0,1.0,1.0,1.0,0.0,real,3,0.3701005025125628,0.742713567839196,0.8133165829145729,0.40665829145728644,0.3355546892755234,0.591187375318805
F000767,0.0446581987385203,0.7221105527638191,0.6666666666666666,0.5773502691896258,0.0,1.0,1.0,1.0,0.0,real,3,0.3701005025125628,0.7221105527638191,0.6758793969849246,0.3379396984924623,0.3101219034872857,0.603152382515593
F000768,0.0,0.3472361809045226,0.3055555555555556,0.3469443332443555,0.25,1.0,1.0,1.0,0.25,real,3,0.8304020100502513,0.3472361809045226,0.3135678391959799,0.15678391959798996,0.5453946870028535,0.4229888134138026
F000769,0.0,0.3472361809045226,0.0833333333333333,0.2886751345948128,0.0,1.0,1.0,1.0,0.0,real,3,0.3701005025125628,0.3472361809045226,0.20376884422110553,0.10188442211055276,0.22275772707759908,0.34956569909850754
F000770,0.0,0.3472361809045226,0.5694444444444444,0.4276334532872403,0.0,1.0,1.0,1.0,0.0,real,3,0.3701005025125628,0.3472361809045226,0.4505025125628141,0.22525125628140705,0.2684158543976162,0.3523863980707558
F000771,0.0,0.3472361809045226,0.3194444444444444,0.6254627916220946,0.0,1.0,1.0,1.0,0.0,real,3,0.3701005025125628,0.3472361809045226,0.714824120603015,0.3574120603015075,0.31732863437791975,0.3554081651978485
F000772,0.0,0.3472361809045226,0.5555555555555556,0.6735753140545634,0.0,1.0,1.0,1.0,0.0,real,3,0.3701005025125628,0.3472361809045226,0.8133165829145729,0.40665829145728644,0.3355546892755234,0.3565341468649781
F000773,0.0446581987385203,0.7221105527638191,0.6666666666666666,0.5773502691896258,0.0,1.0,1.0,1.0,0.0,real,3,0.3701005025125628,0.7221105527638191,0.6758793969849246,0.3379396984924623,0.3101219034872857,0.603152382515593
F000774,0.5752420042367246,0.985678391959799,0.8194444444444444,0.1272937693043289,0.0,1.0,1.0,1.0,0.0,real,3,0.3701005025125628,0.985678391959799,0.04195979899497487,0.020979899497487436,0.1928149226029646,0.9727636297063205
F000775,0.0,0.3472361809045226,0.1388888888888888,0.2545875386086578,0.0,1.0,1.0,1.0,0.0,real,3,0.3701005025125628,0.3472361809045226,0.17336683417085427,0.08668341708542714,0.21713182747910406,0.34921813843084765
F000776,0.0,0.3472361809045226,0.2361111111111111,0.2097176232019652,0.25,1.0,1.0,1.0,0.25,real,3,0.8304020100502513,0.3472361809045226,0.10854271356783919,0.054271356783919596,0.4602680487866468,0.3734582460038887
F000777,0.0,0.3472361809045226,0.3055555555555556,0.3469443332443555,0.0,1.0,1.0,1.0,0.0,real,3,0.3701005025125628,0.3472361809045226,0.3135678391959799,0.15678391959798996,0.24307605868538676,0.3508209388651801
F000778,0.0,0.3472361809045226,0.375,0.25,0.25,1.0,1.0,1.0,0.25,real,3,0.8304020100502513,0.3472361809045226,0.13618090452261306,0.06809045226130653,0.4717434534481452,0.38013516072826437
F000779,0.3222409918479341,0.9381909547738694,0.7638888888888888,0.4110735718596873,0.0,1.0,1.0,1.0,0.0,real,3,0.3701005025125628,0.9381909547738694,0.42135678391959797,0.21067839195979898,0.2630224299891417,0.8185065718037423
F000780,0.0,0.3472361809045226,0.2777777777777778,0.0962250448649376,0.0,1.0,1.0,1.0,0.0,real,3,0.3701005025125628,0.3472361809045226,0.022110552763819097,0.011055276381909548,0.1891418146006414,0.34748895229918436
F000781,0.1898569058357866,0.8683417085427135,0.7222222222222222,0.5091750772173156,0.0,1.0,1.0,1.0,0.0,real,3,0.3701005025125628,0.8683417085427135,0.592462311557789,0.2962311557788945,0.29468555086992754,0.7207471402237318
F000782,0.0,0.3472361809045226,0.3333333333333333,0.5773502691896258,0.5,1.0,1.0,1.0,0.5,real,3,0.9587939698492463,0.3472361809045226,0.6758793969849246,0.3379396984924623,0.8034115300118684,0.5539058357112194
F000783,0.0,0.3472361809045226,0.3611111111111111,0.7515416254704824,0.0,1.0,1.0,1.0,0.0,real,3,0.3701005025125628,0.3472361809045226,0.8670854271356784,0.4335427135678392,0.34550462740839877,0.3571488409383602
F000784,0.0,0.3472361809045226,0.1111111111111111,0.3849001794597505,0.0,1.0,1.0,1.0,0.0,real,3,0.3701005025125628,0.3472361809045226,0.3763819095477387,0.18819095477386935,0.25469981818640947,0.3515390394181965
F000785,0.0,0.3472361809045226,0.4444444444444444,0.1924500897298753,0.0,1.0,1.0,1.0,0.0,real,3,0.3701005025125628,0.3472361809045226,0.10150753768844221,0.05075376884422111,0.2038342466099341,0.348396631398197
F000786,0.2974642264589466,0.9216080402010052,0.6805555555555556,0.1272937693043289,0.5,1.0,1.0,1.0,0.5,real,3,0.9587939698492463,0.9216080402010052,0.04195979899497487,0.020979899497487436,0.49951238605085735,0.9223881972677459
F000787,0.0669872981077807,0.7638190954773869,0.75,0.8660254037844386,0.0,1.0,1.0,1.0,0.0,real,3,0.3701005025125628,0.7638190954773869,0.9336683417085427,0.46683417085427137,0.35782581247948286,0.5800178025807429
F000788,0.0,0.3472361809045226,0.2361111111111111,0.2097176232019652,0.0,1.0,1.0,1.0,0.0,real,3,0.3701005025125628,0.3472361809045226,0.10854271356783919,0.054271356783919596,0.20513610767404863,0.3484770586601348
F000789,0.0223290993692601,0.7115577889447237,0.5833333333333334,0.2886751345948129,0.0,1.0,1.0,1.0,0.0,real,3,0.3701005025125628,0.7115577889447237,0.22688442211055276,0.11344221105527638,0.22703527057397543,0.6728221193909245
F000790,0.0,0.3472361809045226,0.6805555555555556,0.8988160937424132,0.0,1.0,1.0,1.0,0.0,real,3,0.3701005025125628,0.3472361809045226,0.9434673366834171,0.47173366834170855,0.3596391189616424,0.358022051210828
F000791,0.0,0.3472361809045226,0.3888888888888889,0.693888666488711,0.0,1.0,1.0,1.0,0.0,real,3,0.3701005025125628,0.3472361809045226,0.828894472361809,0.4144472361809045,0.338437381631777,0.3567122358021262
F000792,0.0,0.3472361809045226,0.3888888888888889,0.4811252243246881,0.0,1.0,1.0,1.0,0.0,real,3,0.3701005025125628,0.3472361809045226,0.49271356783919595,0.24635678391959798,0.27622702078230343,0.35286896164238274
F000793,0.0,0.3472361809045226,0.5,0.0,0.5,1.0,1.0,1.0,0.5,real,3,0.9587939698492463,0.3472361809045226,0.00628140703517588,0.00314070351758794,0.4824082725183708,0.34915690260346954
F000794,0.1485783278408043,0.8120603015075377,0.7361111111111112,0.6472877887628358,0.0,1.0,1.0,1.0,0.0,real,3,0.3701005025125628,0.8120603015075377,0.771105527638191,0.3855527638190955,0.3277435228908361,0.6416614795080933
F000795,0.5949284529178934,0.992211055276382,0.8611111111111112,0.2545875386086578,0.0,1.0,1.0,1.0,0.0,real,3,0.3701005025125628,0.992211055276382,0.17336683417085427,0.08668341708542714,0.21713182747910406,0.9382843867579103
F000796,0.0,0.3472361809045226,0.3472222222222222,0.6684005230842202,0.0,1.0,1.0,1.0,0.0,real,3,0.3701005025125628,0.3472361809045226,0.7989949748743719,0.39949748743718594,0.3329044721092902,0.3563704199388904
F000797,0.0669872981077807,0.7638190954773869,0.75,0.8660254037844386,0.0,1.0,1.0,1.0,0.0,real,3,0.3701005025125628,0.7638190954773869,0.9336683417085427,0.46683417085427137,0.35782581247948286,0.5800178025807429
F000798,0.0,0.3472361809045226,0.4583333333333333,0.3818813079129867,0.75,1.0,1.0,1.0,0.75,real,3,0.9987437185929648,0.3472361809045226,0.3608040201005025,0.18040201005025125,0.6795472336557158,0.46476945026640737
F000799,0.0,0.3472361809045226,0.5555555555555556,0.5357583756107197,0.0,1.0,1.0,1.0,0.0,real,3,0.3701005025125628,0.3472361809045226,0.6384422110552764,0.3192211055276382,0.30319414282467616,0.3545349549253807
F000800,0.2224894150898172,0.8891959798994975,0.7916666666666667,0.7216878364870323,0.0,1.0,1.0,1.0,0.0,real,3,0.3701005025125628,0.8891959798994975,0.8472361809045226,0.4236180904522613,0.3418315194060756,0.6692977450064392
F000801,0.1485783278408043,0.8120603015075377,0.7361111111111112,0.6472877887628358,0.25,1.0,1.0,1.0,0.25,real,3,0.8304020100502513,0.8120603015075377,0.771105527638191,0.3855527638190955,0.7353647950809322,0.8191319979293453
F000802,0.125,0.7962311557788945,0.625,0.25,0.0,1.0,1.0,1.0,0.0,real,3,0.3701005025125628,0.7962311557788945,0.13618090452261306,0.06809045226130653,0.2102505618544986,0.767215726875584
F000803,0.0669872981077807,0.7638190954773869,0.75,0.8660254037844386,0.0,1.0,1.0,1.0,0.0,real,3,0.3701005025125628,0.7638190954773869,0.9336683417085427,0.46683417085427137,0.35782581247948286,0.5800178025807429
F000804,0.1020902318637188,0.7766331658291458,0.7083333333333334,0.6291528696058958,0.25,1.0,1.0,1.0,0.25,real,3,0.8304020100502513,0.7766331658291458,0.7339195979899498,0.3669597989949749,0.7199251597181889,0.7963641700967148
F000805,0.0,0.3472361809045226,0.3611111111111111,0.2545875386086578,0.0,1.0,1.0,1.0,0.0,real,3,0.3701005025125628,0.3472361809045226,0.17336683417085427,0.08668341708542714,0.21713182747910406,0.34921813843084765
F000806,0.0,0.3472361809045226,0.4444444444444444,0.5357583756107198,0.0,1.0,1.0,1.0,0.0,real,3,0.3701005025125628,0.3472361809045226,0.6459798994974875,0.32298994974874373,0.3045889939647989,0.35462112699174264
F000807,0.0,0.3472361809045226,0.5972222222222222,0.393817968854384,0.25,1.0,1.0,1.0,0.25,real,3,0.8304020100502513,0.3472361809045226,0.40251256281407033,0.20125628140703516,0.5823246256407666,0.4444763389813388
F000808,0.1898569058357866,0.8683417085427135,0.7222222222222222,0.5091750772173156,0.0,1.0,1.0,1.0,0.0,real,3,0.3701005025125628,0.8683417085427135,0.592462311557789,0.2962311557788945,0.29468555086992754,0.7207471402237318
F000809,0.0,0.3472361809045226,0.4861111111111111,0.2926570486903539,0.0,1.0,1.0,1.0,0.0,real,3,0.3701005025125628,0.3472361809045226,0.2608040201005025,0.13040201005025126,0.23331210070452765,0.3502177344006464
F000810,0.0,0.3472361809045226,0.5,1.0,0.0,1.0,1.0,1.0,0.0,real,3,0.3701005025125628,0.3472361809045226,0.9625628140703517,0.48128140703517586,0.3631727418499533,0.358240353778945
F000811,0.0,0.3472361809045226,0.3333333333333333,0.7637626158259733,0.0,1.0,1.0,1.0,0.0,real,3,0.3701005025125628,0.3472361809045226,0.8768844221105527,0.43844221105527637,0.3473179338905583,0.3572608646246307
F000812,0.0,0.3472361809045226,0.25,0.5,0.0,1.0,1.0,1.0,0.0,real,3,0.3701005025125628,0.3472361809045226,0.5492462311557789,0.27462311557788943,0.2866884043332239,0.3535152521400975
F000813,0.0,0.3472361809045226,0.1805555555555555,0.3757708127352412,0.0,1.0,1.0,1.0,0.0,real,3,0.3701005025125628,0.3472361809045226,0.3394472361809045,0.16972361809045225,0.24786504759980807,0.35111679629302284
F000814,0.0,0.3472361809045226,0.375,1.0897247358851685,0.0,1.0,1.0,1.0,0.0,real,3,0.3701005025125628,0.3472361809045226,0.9899497487437185,0.4949748743718593,0.3682407009923992,0.3585534456200601
F000815,0.0,0.3472361809045226,0.6944444444444444,0.787635937708768,0.0,1.0,1.0,1.0,0.0,real,3,0.3701005025125628,0.3472361809045226,0.8944723618090452,0.4472361809045226,0.3505725865508447,0.35746193277947524
F000816,0.0,0.3472361809045226,0.6944444444444444,0.787635937708768,0.25,1.0,1.0,1.0,0.25,real,3,0.8304020100502513,0.3472361809045226,0.8944723618090452,0.4472361809045226,0.786586828615439,0.5633254210752253
F000817,0.3779915320718537,0.9507537688442212,0.8333333333333333,0.5773502691896258,0.0,1.0,1.0,1.0,0.0,real,3,0.3701005025125628,0.9507537688442212,0.6758793969849246,0.3379396984924623,0.3101219034872857,0.7545279790914372
F000818,0.0,0.3472361809045226,0.4444444444444444,0.5357583756107198,0.0,1.0,1.0,1.0,0.0,real,3,0.3701005025125628,0.3472361809045226,0.6459798994974875,0.32298994974874373,0.3045889939647989,0.35462112699174264
F000819,0.2154167222667111,0.879145728643216,0.6944444444444444,0.3469443332443555,0.0,1.0,1.0,1.0,0.0,real,3,0.3701005025125628,0.879145728643216,0.3135678391959799,0.15678391959798996,0.24307605868538676,0.7993356228378071
F000820,0.0,0.3472361809045226,0.25,0.5,0.0,1.0,1.0,1.0,0.0,real,3,0.3701005025125628,0.3472361809045226,0.5492462311557789,0.27462311557788943,0.2866884043332239,0.3535152521400975
F000821,0.1504840084734488,0.8301507537688442,0.6388888888888888,0.2545875386086578,0.0,1.0,1.0,1.0,0.0,real,3,0.3701005025125628,0.8301507537688442,0.17336683417085427,0.08668341708542714,0.21713182747910406,0.7902720259589404
F000822,0.0,0.3472361809045226,0.1111111111111111,0.3849001794597505,0.0,1.0,1.0,1.0,0.0,real,3,0.3701005025125628,0.3472361809045226,0.3763819095477387,0.18819095477386935,0.25469981818640947,0.3515390394181965
F000823,0.0,0.3472361809045226,0.0555555555555555,0.1924500897298752,0.0,1.0,1.0,1.0,0.0,real,3,0.3701005025125628,0.3472361809045226,0.09321608040201006,0.04660804020100503,0.2022999103557991,0.3483018421251988
F000824,0.0,0.3472361809045226,0.5416666666666666,0.8036375634160796,0.0,1.0,1.0,1.0,0.0,real,3,0.3701005025125628,0.3472361809045226,0.9057788944723618,0.4528894472361809,0.35266486326102875,0.35759119087901825
F000825,0.0,0.3472361809045226,0.375,0.4330127018922193,0.0,1.0,1.0,1.0,0.0,real,3,0.3701005025125628,0.3472361809045226,0.4663316582914573,0.23316582914572864,0.2713450417918739,0.3525673594101159
F000826,0.0,0.3472361809045226,0.4861111111111111,0.2926570486903539,0.0,1.0,1.0,1.0,0.0,real,3,0.3701005025125628,0.3472361809045226,0.2608040201005025,0.13040201005025126,0.23331210070452765,0.3502177344006464
F000827,0.0,0.3472361809045226,0.1666666666666666,0.5773502691896258,0.25,1.0,1.0,1.0,0.25,real,3,0.8304020100502513,0.3472361809045226,0.6758793969849246,0.3379396984924623,0.6958268099290422,0.5105170955278907
F000828,0.0,0.3472361809045226,0.3055555555555556,0.3469443332443555,0.0,1.0,1.0,1.0,0.0,real,3,0.3701005025125628,0.3472361809045226,0.3135678391959799,0.15678391959798996,0.24307605868538676,0.3508209388651801
F000829,0.0,0.3472361809045226,0.4722222222222222,0.4194352464039305,0.0,1.0,1.0,1.0,0.0,real,3,0.3701005025125628,0.3472361809045226,0.43366834170854274,0.21683417085427137,0.26530068685134217,0.35219394712254737
F000830,0.0,0.3472361809045226,0.2916666666666666,0.5204164998665332,0.0,1.0,1.0,1.0,0.0,real,3,0.3701005025125628,0.3472361809045226,0.6203517587939699,0.31017587939698493,0.2998465000883816,0.35432814196611195
F000831,0.1889957660359268,0.8582914572864322,0.6666666666666666,0.2886751345948129,0.25,1.0,1.0,1.0,0.25,real,3,0.8304020100502513,0.8582914572864322,0.22688442211055276,0.11344221105527638,0.509403645109972,0.8551276167268503
F000832,0.0,0.3472361809045226,0.2083333333333333,0.3818813079129867,0.0,1.0,1.0,1.0,0.0,real,3,0.3701005025125628,0.3472361809045226,0.3608040201005025,0.18040201005025125,0.2518171258301558,0.35136095048104843
F000833,0.0,0.3472361809045226,0.2916666666666666,0.5204164998665332,0.25,1.0,1.0,1.0,0.25,real,3,0.8304020100502513,0.3472361809045226,0.6203517587939699,0.31017587939698493,0.6727716787454862,0.4971025668543724
F000834,0.0,0.3472361809045226,0.5277777777777778,0.4194352464039305,0.0,1.0,1.0,1.0,0.0,real,3,0.3701005025125628,0.3472361809045226,0.43366834170854274,0.21683417085427137,0.26530068685134217,0.35219394712254737
F000835,0.0,0.3472361809045226,0.5694444444444444,0.5912165737164656,0.5,1.0,1.0,1.0,0.5,real,3,0.9587939698492463,0.3472361809045226,0.7,0.35,0.8149748743718593,0.5612814070351758
F000836,0.0,0.3472361809045226,0.4166666666666667,0.2886751345948129,0.0,1.0,1.0,1.0,0.0,real,3,0.3701005025125628,0.3472361809045226,0.22688442211055276,0.11344221105527638,0.22703527057397543,0.34982996010201756
F000837,0.0,0.3472361809045226,0.6388888888888888,0.7515416254704823,0.25,1.0,1.0,1.0,0.25,real,3,0.8304020100502513,0.3472361809045226,0.8610552763819096,0.4305276381909548,0.7727120211610818,0.5552524241812076
F000838,0.0,0.3472361809045226,0.5277777777777778,0.4194352464039305,0.0,1.0,1.0,1.0,0.0,real,3,0.3701005025125628,0.3472361809045226,0.43366834170854274,0.21683417085427137,0.26530068685134217,0.35219394712254737
F000839,0.0,0.3472361809045226,0.5833333333333334,0.7637626158259734,0.5,1.0,1.0,1.0,0.5,real,3,0.9587939698492463,0.3472361809045226,0.8836683417085427,0.44183417085427135,0.9030249236130401,0.617443309512386
F000840,0.0,0.3472361809045226,0.3472222222222222,0.488288773090193,0.0,1.0,1.0,1.0,0.0,real,3,0.3701005025125628,0.3472361809045226,0.514070351758794,0.257035175879397,0.2801790990126512,0.35311311583040833
F000841,0.0,0.3472361809045226,0.3472222222222222,0.488288773090193,0.0,1.0,1.0,1.0,0.0,real,3,0.3701005025125628,0.3472361809045226,0.514070351758794,0.257035175879397,0.2801790990126512,0.35311311583040833
F000842,0.0,0.3472361809045226,0.5972222222222222,0.393817968854384,0.0,1.0,1.0,1.0,0.0,real,3,0.3701005025125628,0.3472361809045226,0.40251256281407033,0.20125628140703516,0.25953530213883486,0.3518377692482513
F000843,0.0,0.3472361809045226,0.3194444444444444,0.1272937693043289,0.0,1.0,1.0,1.0,0.0,real,3,0.3701005025125628,0.3472361809045226,0.04195979899497487,0.020979899497487436,0.1928149226029646,0.3477158720739375
F000844,0.0,0.3472361809045226,0.4583333333333333,0.6291528696058959,0.0,1.0,1.0,1.0,0.0,real,3,0.3701005025125628,0.3472361809045226,0.7454773869346734,0.3727386934673367,0.32300102901441885,0.3557585982677205
F000845,0.0,0.3472361809045226,0.2361111111111111,0.2097176232019652,0.0,1.0,1.0,1.0,0.0,real,3,0.3701005025125628,0.3472361809045226,0.10854271356783919,0.054271356783919596,0.20513610767404863,0.3484770586601348
F000846,0.0,0.3472361809045226,0.4583333333333333,0.1443375672974064,0.25,1.0,1.0,1.0,0.25,real,3,0.8304020100502513,0.3472361809045226,0.06155778894472362,0.03077889447236181,0.44075986086209945,0.36210749097245015
F000847,0.0,0.3472361809045226,0.1805555555555555,0.1272937693043289,0.25,1.0,1.0,1.0,0.25,real,3,0.8304020100502513,0.3472361809045226,0.04195979899497487,0.020979899497487436,0.43262275573849146,0.35737295144062015
F000848,0.0,0.3472361809045226,0.6111111111111112,0.6309898162000305,0.0,1.0,1.0,1.0,0.0,real,3,0.3701005025125628,0.3472361809045226,0.7530150753768844,0.3765075376884422,0.3243958801545415,0.35584477033408246
F000849,0.0,0.3472361809045226,0.3472222222222222,0.3367876570272817,0.0,1.0,1.0,1.0,0.0,real,3,0.3701005025125628,0.3472361809045226,0.2778894472361809,0.13894472361809046,0.23647376328880587,0.35041305775106685
F000850,0.0,0.3472361809045226,0.4305555555555555,0.4276334532872403,0.0,1.0,1.0,1.0,0.0,real,3,0.3701005025125628,0.3472361809045226,0.4505025125628141,0.22525125628140705,0.2684158543976162,0.3523863980707558
F000851,0.2224894150898172,0.8891959798994975,0.7916666666666667,0.7216878364870323,0.0,1.0,1.0,1.0,0.0,real,3,0.3701005025125628,0.8891959798994975,0.8472361809045226,0.4236180904522613,0.3418315194060756,0.6692977450064392
F000852,0.0,0.3472361809045226,0.4305555555555555,0.5912165737164656,0.0,1.0,1.0,1.0,0.0,real,3,0.3701005025125628,0.3472361809045226,0.7,0.35,0.3145854271356784,0.35523869346733666
F000853,0.0,0.3472361809045226,0.3194444444444444,0.1272937693043289,0.0,1.0,1.0,1.0,0.0,real,3,0.3701005025125628,0.3472361809045226,0.04195979899497487,0.020979899497487436,0.1928149226029646,0.3477158720739375
F000854,0.1564584167334001,0.8437185929648241,0.7083333333333334,0.5204164998665332,0.25,1.0,1.0,1.0,0.25,real,3,0.8304020100502513,0.8437185929648241,0.6203517587939699,0.31017587939698493,0.6727716787454862,0.8395881101487337
F000855,0.0,0.3472361809045226,0.6666666666666666,0.7637626158259733,0.0,1.0,1.0,1.0,0.0,real,3,0.3701005025125628,0.3472361809045226,0.8768844221105527,0.43844221105527637,0.3473179338905583,0.3572608646246307
F000856,0.0,0.3472361809045226,0.3333333333333333,0.5773502691896258,0.0,1.0,1.0,1.0,0.0,real,3,0.3701005025125628,0.3472361809045226,0.6758793969849246,0.3379396984924623,0.3101219034872857,0.3549629428549784
F000857,0.2224894150898172,0.8891959798994975,0.7916666666666667,0.7216878364870323,0.5,1.0,1.0,1.0,0.5,real,3,0.9587939698492463,0.8891959798994975,0.8472361809045226,0.4236180904522613,0.8855594555693038,0.9186789475013257
F000858,0.0,0.3472361809045226,0.2777777777777778,0.0962250448649376,0.25,1.0,1.0,1.0,0.25,real,3,0.8304020100502513,0.3472361809045226,0.022110552763819097,0.011055276381909548,0.4243813287543244,0.3525777126840231
F000859,0.0,0.3472361809045226,0.125,0.4330127018922193,0.0,1.0,1.0,1.0,0.0,real,3,0.3701005025125628,0.3472361809045226,0.4663316582914573,0.23316582914572864,0.2713450417918739,0.3525673594101159
F000860,0.2154167222667111,0.879145728643216,0.6944444444444444,0.3469443332443555,0.25,1.0,1.0,1.0,0.25,real,3,0.8304020100502513,0.879145728643216,0.3135678391959799,0.15678391959798996,0.5453946870028535,0.8715034973864296
F000861,0.0,0.3472361809045226,0.3194444444444444,0.6254627916220946,0.25,1.0,1.0,1.0,0.25,real,3,0.8304020100502513,0.3472361809045226,0.714824120603015,0.3574120603015075,0.7119966983156991,0.5199254753667837
F000862,0.061411169010459,0.7545226130653266,0.6527777777777778,0.488288773090193,0.5,1.0,1.0,1.0,0.5,real,3,0.9587939698492463,0.7545226130653266,0.514070351758794,0.257035175879397,0.7258407615969293,0.8070275371834046
F000863,0.0,0.3472361809045226,0.0,0.0,0.25,1.0,1.0,1.0,0.25,real,3,0.8304020100502513,0.3472361809045226,0.00628140703517588,0.00314070351758794,0.4178090515391026,0.34875366152369885
F000864,0.0,0.3472361809045226,0.5138888888888888,0.4589642122738418,0.0,1.0,1.0,1.0,0.0,real,3,0.3701005025125628,0.3472361809045226,0.47412060301507536,0.23706030150753768,0.27278638797000077,0.3526564038786899
F000865,0.0,0.3472361809045226,0.4027777777777778,0.393817968854384,0.0,1.0,1.0,1.0,0.0,real,3,0.3701005025125628,0.3472361809045226,0.40251256281407033,0.20125628140703516,0.25953530213883486,0.3518377692482513
F000866,0.0,0.3472361809045226,0.4444444444444444,0.1924500897298753,0.0,1.0,1.0,1.0,0.0,real,3,0.3701005025125628,0.3472361809045226,0.10150753768844221,0.05075376884422111,0.2038342466099341,0.348396631398197
F000867,0.0,0.3472361809045226,0.1944444444444444,0.3469443332443554,0.5,1.0,1.0,1.0,0.5,real,3,0.9587939698492463,0.3472361809045226,0.2914572864321608,0.1457286432160804,0.6191207292745132,0.4363576677356632
F000868,0.0,0.3472361809045226,0.3055555555555556,0.6735753140545634,0.0,1.0,1.0,1.0,0.0,real,3,0.3701005025125628,0.3472361809045226,0.8133165829145729,0.40665829145728644,0.3355546892755234,0.3565341468649781
F000869,0.0223290993692601,0.7115577889447237,0.5833333333333334,0.2886751345948129,0.5,1.0,1.0,1.0,0.5,real,3,0.9587939698492463,0.7115577889447237,0.22688442211055276,0.11344221105527638,0.5881646928107876,0.739604807959395
F000870,0.0521012318616071,0.742713567839196,0.6944444444444444,0.6735753140545634,0.5,1.0,1.0,1.0,0.5,real,3,0.9587939698492463,0.742713567839196,0.8133165829145729,0.40665829145728644,0.8692985025630666,0.8305844549380066
F000871,0.0,0.3472361809045226,0.5138888888888888,0.2926570486903538,0.0,1.0,1.0,1.0,0.0,real,3,0.3701005025125628,0.3472361809045226,0.24949748743718592,0.12474874371859296,0.2312198239943436,0.35008847630110346
F000872,0.0,0.3472361809045226,0.3611111111111111,0.2545875386086578,0.0,1.0,1.0,1.0,0.0,real,3,0.3701005025125628,0.3472361809045226,0.17336683417085427,0.08668341708542714,0.21713182747910406,0.34921813843084765
F000873,0.1504840084734488,0.8301507537688442,0.6388888888888888,0.2545875386086578,0.0,1.0,1.0,1.0,0.0,real,3,0.3701005025125628,0.8301507537688442,0.17336683417085427,0.08668341708542714,0.21713182747910406,0.7902720259589404
F000874,0.0,0.3472361809045226,0.5972222222222222,0.393817968854384,0.0,1.0,1.0,1.0,0.0,real,3,0.3701005025125628,0.3472361809045226,0.40251256281407033,0.20125628140703516,0.25953530213883486,0.3518377692482513
F000875,0.0483797153000638,0.7306532663316583,0.6805555555555556,0.6254627916220946,0.0,1.0,1.0,1.0,0.0,real,3,0.3701005025125628,0.7306532663316583,0.714824120603015,0.3574120603015075,0.31732863437791975,0.6017873601676725
F000876,0.0223290993692601,0.7115577889447237,0.5833333333333334,0.2886751345948129,0.0,1.0,1.0,1.0,0.0,real,3,0.3701005025125628,0.7115577889447237,0.22688442211055276,0.11344221105527638,0.22703527057397543,0.6728221193909245
F000877,0.1485783278408043,0.8120603015075377,0.7361111111111112,0.6472877887628358,0.0,1.0,1.0,1.0,0.0,real,3,0.3701005025125628,0.8120603015075377,0.771105527638191,0.3855527638190955,0.3277435228908361,0.6416614795080933
F000878,0.0,0.3472361809045226,0.5694444444444444,0.4276334532872403,0.0,1.0,1.0,1.0,0.0,real,3,0.3701005025125628,0.3472361809045226,0.4505025125628141,0.22525125628140705,0.2684158543976162,0.3523863980707558
F000879,0.0,0.3472361809045226,0.2777777777777778,0.5091750772173156,0.0,1.0,1.0,1.0,0.0,real,3,0.3701005025125628,0.3472361809045226,0.592462311557789,0.2962311557788945,0.29468555086992754,0.35400930532057273
F000880,0.0,0.3472361809045226,0.2222222222222222,0.0962250448649376,0.0,1.0,1.0,1.0,0.0,real,3,0.3701005025125628,0.3472361809045226,0.022110552763819097,0.011055276381909548,0.1891418146006414,0.34748895229918436
F000881,0.0,0.3472361809045226,0.1388888888888888,0.2545875386086578,0.25,1.0,1.0,1.0,0.25,real,3,0.8304020100502513,0.3472361809045226,0.17336683417085427,0.08668341708542714,0.4871830888108886,0.389118645993788
F000882,0.0,0.3472361809045226,0.375,0.25,0.0,1.0,1.0,1.0,0.0,real,3,0.3701005025125628,0.3472361809045226,0.13618090452261306,0.06809045226130653,0.2102505618544986,0.348793022903462
F000883,0.0,0.3472361809045226,0.1944444444444444,0.3469443332443554,0.0,1.0,1.0,1.0,0.0,real,3,0.3701005025125628,0.3472361809045226,0.2914572864321608,0.1457286432160804,0.23898449534102673,0.3505681674705184
F000884,0.0,0.3472361809045226,0.5416666666666666,0.3818813079129867,0.25,1.0,1.0,1.0,0.25,real,3,0.8304020100502513,0.3472361809045226,0.3608040201005025,0.18040201005025125,0.5650071967879599,0.4344002676700083
F000885,0.1898569058357866,0.8683417085427135,0.7222222222222222,0.5091750772173156,0.0,1.0,1.0,1.0,0.0,real,3,0.3701005025125628,0.8683417085427135,0.592462311557789,0.2962311557788945,0.29468555086992754,0.7207471402237318
F000886,0.0,0.3472361809045226,0.25,0.5,0.25,1.0,1.0,1.0,0.25,real,3,0.8304020100502513,0.3472361809045226,0.5492462311557789,0.27462311557788943,0.6432485922072675,0.4799246862452968
F000887,0.125,0.7962311557788945,0.625,0.25,0.0,1.0,1.0,1.0,0.0,real,3,0.3701005025125628,0.7962311557788945,0.13618090452261306,0.06809045226130653,0.2102505618544986,0.767215726875584
F000888,0.0,0.3472361809045226,0.0833333333333333,0.2886751345948128,0.0,1.0,1.0,1.0,0.0,real,3,0.3701005025125628,0.3472361809045226,0.20376884422110553,0.10188442211055276,0.22275772707759908,0.34956569909850754
F000889,0.0,0.3472361809045226,0.4583333333333333,0.3818813079129867,0.25,1.0,1.0,1.0,0.25,real,3,0.8304020100502513,0.3472361809045226,0.3608040201005025,0.18040201005025125,0.5650071967879599,0.4344002676700083
F000890,0.0,0.3472361809045226,0.3055555555555556,0.3469443332443555,0.0,1.0,1.0,1.0,0.0,real,3,0.3701005025125628,0.3472361809045226,0.3135678391959799,0.15678391959798996,0.24307605868538676,0.3508209388651801
F000891,0.0,0.3472361809045226,0.5138888888888888,0.6142595663193329,0.25,1.0,1.0,1.0,0.25,real,3,0.8304020100502513,0.3472361809045226,0.7040201005025125,0.35201005025125626,0.7075108583116587,0.5173154087018004
F000892,0.0,0.3472361809045226,0.4722222222222222,0.4194352464039305,0.0,1.0,1.0,1.0,0.0,real,3,0.3701005025125628,0.3472361809045226,0.43366834170854274,0.21683417085427137,0.26530068685134217,0.35219394712254737
F000893,0.0,0.3472361809045226,0.3333333333333333,0.7637626158259733,0.0,1.0,1.0,1.0,0.0,real,3,0.3701005025125628,0.3472361809045226,0.8768844221105527,0.43844221105527637,0.3473179338905583,0.3572608646246307
F000894,0.0,0.3472361809045226,0.4027777777777778,0.1734721666221777,0.25,1.0,1.0,1.0,0.25,real,3,0.8304020100502513,0.3472361809045226,0.08417085427135679,0.042085427135678394,0.45014882831241637,0.36757042120148475
F000895,0.0,0.3472361809045226,0.5277777777777778,0.9179284245476838,0.0,1.0,1.0,1.0,0.0,real,3,0.3701005025125628,0.3472361809045226,0.9510050251256281,0.47550251256281406,0.36103397010176513,0.35810822327718994
F000896,0.2974642264589466,0.9216080402010052,0.6805555555555556,0.1272937693043289,0.0,1.0,1.0,1.0,0.0,real,3,0.3701005025125628,0.9216080402010052,0.04195979899497487,0.020979899497487436,0.1928149226029646,0.9100374674881948
F000897,0.3963319220119756,0.9587939698492464,0.7222222222222222,0.0962250448649376,0.0,1.0,1.0,1.0,0.0,real,3,0.3701005025125628,0.9587939698492464,0.022110552763819097,0.011055276381909548,0.1891418146006414,0.9522858008636147
F000898,0.0669872981077807,0.7638190954773869,0.75,0.8660254037844386,0.25,1.0,1.0,1.0,0.25,real,3,0.8304020100502513,0.7638190954773869,0.9336683417085427,0.46683417085427137,0.802861038862655,0.7949022751950708
F000899,0.0,0.3472361809045226,0.5555555555555556,1.0183501544346312,0.0,1.0,1.0,1.0,0.0,real,3,0.3701005025125628,0.3472361809045226,0.971356783919598,0.485678391959799,0.36480006818009647,0.35834088785636725
F000900,0.1077083611333555,0.7869346733668342,0.5972222222222222,0.1734721666221776,0.0,1.0,1.0,1.0,0.0,real,3,0.3701005025125628,0.7869346733668342,0.07562814070351759,0.037814070351758794,0.19904525769551273,0.7711724767051338
F000901,0.0,0.3472361809045226,0.2916666666666666,0.5204164998665332,0.0,1.0,1.0,1.0,0.0,real,3,0.3701005025125628,0.3472361809045226,0.6203517587939699,0.31017587939698493,0.2998465000883816,0.35432814196611195
F000902,0.0,0.3472361809045226,0.25,0.5,0.0,1.0,1.0,1.0,0.0,real,3,0.3701005025125628,0.3472361809045226,0.5492462311557789,0.27462311557788943,0.2866884043332239,0.3535152521400975
F000903,0.0,0.3472361809045226,0.0833333333333333,0.2886751345948128,0.0,1.0,1.0,1.0,0.0,real,3,0.3701005025125628,0.3472361809045226,0.20376884422110553,0.10188442211055276,0.22275772707759908,0.34956569909850754
F000904,0.0521012318616071,0.742713567839196,0.6944444444444444,0.6735753140545634,0.25,1.0,1.0,1.0,0.25,real,3,0.8304020100502513,0.742713567839196,0.8133165829145729,0.40665829145728644,0.7528908676548572,0.7783727999292946
F000905,0.0,0.3472361809045226,0.4583333333333333,0.1443375672974064,0.25,1.0,1.0,1.0,0.25,real,3,0.8304020100502513,0.3472361809045226,0.06155778894472362,0.03077889447236181,0.44075986086209945,0.36210749097245015
F000906,0.0,0.3472361809045226,0.5694444444444444,0.4276334532872403,0.0,1.0,1.0,1.0,0.0,real,3,0.3701005025125628,0.3472361809045226,0.4505025125628141,0.22525125628140705,0.2684158543976162,0.3523863980707558
F000907,0.0,0.3472361809045226,0.4027777777777778,0.8347210667398177,0.0,1.0,1.0,1.0,0.0,real,3,0.3701005025125628,0.3472361809045226,0.9155778894472362,0.4577889447236181,0.3544781697431883,0.35770321456528875
F000908,0.0,0.3472361809045226,0.2916666666666666,0.6291528696058958,0.0,1.0,1.0,1.0,0.0,real,3,0.3701005025125628,0.3472361809045226,0.7339195979899498,0.3669597989949749,0.3208622572662307,0.3556264677659655
F000909,0.0,0.3472361809045226,0.5555555555555556,0.8388704928078611,0.0,1.0,1.0,1.0,0.0,real,3,0.3701005025125628,0.3472361809045226,0.9178391959798995,0.45891959798994975,0.3548966250852251,0.3577290661851973
F000910,0.0,0.3472361809045226,0.5694444444444444,0.4276334532872403,0.25,1.0,1.0,1.0,0.25,real,3,0.8304020100502513,0.3472361809045226,0.4505025125628141,0.22525125628140705,0.6022501010075504,0.45606989091184563
F000911,0.0,0.3472361809045226,0.4305555555555555,0.7469072033193751,0.0,1.0,1.0,1.0,0.0,real,3,0.3701005025125628,0.3472361809045226,0.8542713567839196,0.4271356783919598,0.34313338047019015,0.3570023484255448
F000912,0.1020902318637188,0.7766331658291458,0.7083333333333334,0.6291528696058958,0.0,1.0,1.0,1.0,0.0,real,3,0.3701005025125628,0.7766331658291458,0.7339195979899498,0.3669597989949749,0.3208622572662307,0.6274520214136007
F000913,0.0,0.3472361809045226,0.1944444444444444,0.3469443332443554,0.0,1.0,1.0,1.0,0.0,real,3,0.3701005025125628,0.3472361809045226,0.2914572864321608,0.1457286432160804,0.23898449534102673,0.3505681674705184
F000914,0.0,0.3472361809045226,0.3472222222222222,0.488288773090193,0.5,1.0,1.0,1.0,0.5,real,3,0.9587939698492463,0.3472361809045226,0.514070351758794,0.257035175879397,0.7258407615969293,0.5044280447463447
F000915,0.0,0.3472361809045226,0.5972222222222222,0.6364688465216444,0.5,1.0,1.0,1.0,0.5,real,3,0.9587939698492463,0.3472361809045226,0.7600502512562815,0.3800251256281407,0.8437627837680867,0.5796435064771092
F000916,0.0,0.3472361809045226,0.375,0.25,0.25,1.0,1.0,1.0,0.25,real,3,0.8304020100502513,0.3472361809045226,0.13618090452261306,0.06809045226130653,0.4717434534481452,0.38013516072826437
F000917,0.1020902318637188,0.7766331658291458,0.7083333333333334,0.6291528696058958,0.0,1.0,1.0,1.0,0.0,real,3,0.3701005025125628,0.7766331658291458,0.7339195979899498,0.3669597989949749,0.3208622572662307,0.6274520214136007
F000918,0.0,0.3472361809045226,0.1388888888888888,0.2545875386086578,0.25,1.0,1.0,1.0,0.25,real,3,0.8304020100502513,0.3472361809045226,0.17336683417085427,0.08668341708542714,0.4871830888108886,0.389118645993788
F000919,0.0,0.3472361809045226,0.25,0.5,0.0,1.0,1.0,1.0,0.0,real,3,0.3701005025125628,0.3472361809045226,0.5492462311557789,0.27462311557788943,0.2866884043332239,0.3535152521400975
F000920,0.0,0.3472361809045226,0.1944444444444444,0.3469443332443554,0.25,1.0,1.0,1.0,0.25,real,3,0.8304020100502513,0.3472361809045226,0.2914572864321608,0.1457286432160804,0.5362143632736547,0.4176472816343021
F000921,0.1077083611333555,0.7869346733668342,0.5972222222222222,0.1734721666221776,0.25,1.0,1.0,1.0,0.25,real,3,0.8304020100502513,0.7869346733668342,0.07562814070351759,0.037814070351758794,0.44660188505340775,0.7885783502941845
F000922,0.0,0.3472361809045226,0.1388888888888888,0.2545875386086578,0.5,1.0,1.0,1.0,0.5,real,3,0.9587939698492463,0.3472361809045226,0.17336683417085427,0.08668341708542714,0.5625085225120579,0.40024809979545967
F000923,0.0483797153000638,0.7306532663316583,0.6805555555555556,0.6254627916220946,0.25,1.0,1.0,1.0,0.25,real,3,0.8304020100502513,0.7306532663316583,0.714824120603015,0.3574120603015075,0.7119966983156991,0.7663046703366077
F000924,0.0,0.3472361809045226,0.5694444444444444,0.4738533919231106,0.0,1.0,1.0,1.0,0.0,real,3,0.3701005025125628,0.3472361809045226,0.48391959798994977,0.24195979899497488,0.2745996944521603,0.3527684275649604
F000925,0.0,0.3472361809045226,0.6666666666666666,0.7637626158259733,0.0,1.0,1.0,1.0,0.0,real,3,0.3701005025125628,0.3472361809045226,0.8768844221105527,0.43844221105527637,0.3473179338905583,0.3572608646246307
F000926,0.0,0.3472361809045226,0.4722222222222222,0.4194352464039305,0.0,1.0,1.0,1.0,0.0,real,3,0.3701005025125628,0.3472361809045226,0.43366834170854274,0.21683417085427137,0.26530068685134217,0.35219394712254737
F000927,0.1898569058357866,0.8683417085427135,0.7222222222222222,0.5091750772173156,0.0,1.0,1.0,1.0,0.0,real,3,0.3701005025125628,0.8683417085427135,0.592462311557789,0.2962311557788945,0.29468555086992754,0.7207471402237318
F000928,0.1020902318637188,0.7766331658291458,0.7083333333333334,0.6291528696058958,0.0,1.0,1.0,1.0,0.0,real,3,0.3701005025125628,0.7766331658291458,0.7339195979899498,0.3669597989949749,0.3208622572662307,0.6274520214136007
F000929,0.0,0.3472361809045226,0.3611111111111111,0.2545875386086578,0.0,1.0,1.0,1.0,0.0,real,3,0.3701005025125628,0.3472361809045226,0.17336683417085427,0.08668341708542714,0.21713182747910406,0.34921813843084765
F000930,0.0,0.3472361809045226,0.1111111111111111,0.3849001794597505,0.0,1.0,1.0,1.0,0.0,real,3,0.3701005025125628,0.3472361809045226,0.3763819095477387,0.18819095477386935,0.25469981818640947,0.3515390394181965
F000931,0.0,0.3472361809045226,0.6111111111111112,0.6309898162000305,0.0,1.0,1.0,1.0,0.0,real,3,0.3701005025125628,0.3472361809045226,0.7530150753768844,0.3765075376884422,0.3243958801545415,0.35584477033408246
F000932,0.5334936490538904,0.984422110552764,0.875,0.4330127018922193,0.25,1.0,1.0,1.0,0.25,real,3,0.8304020100502513,0.984422110552764,0.4663316582914573,0.23316582914572864,0.6088223782227721,0.9485098861139871
F000933,0.0,0.3472361809045226,0.375,0.25,0.25,1.0,1.0,1.0,0.25,real,3,0.8304020100502513,0.3472361809045226,0.13618090452261306,0.06809045226130653,0.4717434534481452,0.38013516072826437
F000934,0.0,0.3472361809045226,0.4305555555555555,0.7742977702647974,0.0,1.0,1.0,1.0,0.0,real,3,0.3701005025125628,0.3472361809045226,0.8909547738693467,0.44547738693467337,0.3499216560187874,0.35742171914850634
F000935,0.1020902318637188,0.7766331658291458,0.7083333333333334,0.6291528696058958,0.0,1.0,1.0,1.0,0.0,real,3,0.3701005025125628,0.7766331658291458,0.7339195979899498,0.3669597989949749,0.3208622572662307,0.6274520214136007
F000936,0.0,0.3472361809045226,0.3888888888888889,0.6309898162000305,0.0,1.0,1.0,1.0,0.0,real,3,0.3701005025125628,0.3472361809045226,0.7530150753768844,0.3765075376884422,0.3243958801545415,0.35584477033408246
F000937,0.39239267937684,0.9565326633165828,0.7916666666666667,0.3818813079129867,0.25,1.0,1.0,1.0,0.25,real,3,0.8304020100502513,0.9565326633165828,0.3608040201005025,0.18040201005025125,0.5650071967879599,0.9337784399383853
F000938,0.0,0.3472361809045226,0.375,1.0897247358851685,0.0,1.0,1.0,1.0,0.0,real,3,0.3701005025125628,0.3472361809045226,0.9899497487437185,0.4949748743718593,0.3682407009923992,0.3585534456200601
F000939,0.0,0.3472361809045226,0.5,0.0,0.0,1.0,1.0,1.0,0.0,real,3,0.3701005025125628,0.3472361809045226,0.00628140703517588,0.00314070351758794,0.1862126272063837,0.3473079909598242
F000940,0.0,0.3472361809045226,0.4305555555555555,0.4276334532872403,0.0,1.0,1.0,1.0,0.0,real,3,0.3701005025125628,0.3472361809045226,0.4505025125628141,0.22525125628140705,0.2684158543976162,0.3523863980707558
F000941,0.0,0.3472361809045226,0.5,0.0,0.0,1.0,1.0,1.0,0.0,real,3,0.3701005025125628,0.3472361809045226,0.00628140703517588,0.00314070351758794,0.1862126272063837,0.3473079909598242
F000942,0.0,0.3472361809045226,0.4027777777777778,0.8347210667398177,0.0,1.0,1.0,1.0,0.0,real,3,0.3701005025125628,0.3472361809045226,0.9155778894472362,0.4577889447236181,0.3544781697431883,0.35770321456528875
F000943,0.0,0.3472361809045226,0.3472222222222222,0.3367876570272817,0.0,1.0,1.0,1.0,0.0,real,3,0.3701005025125628,0.3472361809045226,0.2778894472361809,0.13894472361809046,0.23647376328880587,0.35041305775106685
F000944,0.0,0.3472361809045226,0.3472222222222222,0.6684005230842202,0.0,1.0,1.0,1.0,0.0,real,3,0.3701005025125628,0.3472361809045226,0.7989949748743719,0.39949748743718594,0.3329044721092902,0.3563704199388904
F000945,0.0,0.3472361809045226,0.0972222222222221,0.1734721666221776,0.25,1.0,1.0,1.0,0.25,real,3,0.8304020100502513,0.3472361809045226,0.07562814070351759,0.037814070351758794,0.44660188505340775,0.36550664755940504
F000946,0.0,0.3472361809045226,0.4027777777777778,0.393817968854384,0.0,1.0,1.0,1.0,0.0,real,3,0.3701005025125628,0.3472361809045226,0.40251256281407033,0.20125628140703516,0.25953530213883486,0.3518377692482513
F000947,0.0,0.3472361809045226,0.1111111111111111,0.3849001794597505,0.0,1.0,1.0,1.0,0.0,real,3,0.3701005025125628,0.3472361809045226,0.3763819095477387,0.18819095477386935,0.25469981818640947,0.3515390394181965
F000948,0.2974642264589466,0.9216080402010052,0.6805555555555556,0.1272937693043289,0.0,1.0,1.0,1.0,0.0,real,3,0.3701005025125628,0.9216080402010052,0.04195979899497487,0.020979899497487436,0.1928149226029646,0.9100374674881948
F000949,0.6889957660359269,0.9954773869346734,0.9166666666666669,0.2886751345948128,0.0,1.0,1.0,1.0,0.0,real,3,0.3701005025125628,0.9954773869346734,0.20376884422110553,0.10188442211055276,0.22275772707759908,0.9317612244640286
F000950,0.1898569058357866,0.8683417085427135,0.7222222222222222,0.5091750772173156,0.0,1.0,1.0,1.0,0.0,real,3,0.3701005025125628,0.8683417085427135,0.592462311557789,0.2962311557788945,0.29468555086992754,0.7207471402237318
F000951,0.0,0.3472361809045226,0.4722222222222222,0.4194352464039305,0.0,1.0,1.0,1.0,0.0,real,3,0.3701005025125628,0.3472361809045226,0.43366834170854274,0.21683417085427137,0.26530068685134217,0.35219394712254737
F000952,0.0223290993692601,0.7115577889447237,0.5833333333333334,0.2886751345948129,0.0,1.0,1.0,1.0,0.0,real,3,0.3701005025125628,0.7115577889447237,0.22688442211055276,0.11344221105527638,0.22703527057397543,0.6728221193909245
F000953,0.0,0.3472361809045226,0.4166666666666667,0.2886751345948129,0.0,1.0,1.0,1.0,0.0,real,3,0.3701005025125628,0.3472361809045226,0.22688442211055276,0.11344221105527638,0.22703527057397543,0.34982996010201756
F000954,0.0,0.3472361809045226,0.25,0.5,0.0,1.0,1.0,1.0,0.0,real,3,0.3701005025125628,0.3472361809045226,0.5492462311557789,0.27462311557788943,0.2866884043332239,0.3535152521400975
F000955,0.0,0.3472361809045226,0.375,0.4330127018922193,0.0,1.0,1.0,1.0,0.0,real,3,0.3701005025125628,0.3472361809045226,0.4663316582914573,0.23316582914572864,0.2713450417918739,0.3525673594101159
F000956,0.2257260127101733,0.8974874371859296,0.7083333333333334,0.3818813079129866,0.0,1.0,1.0,1.0,0.0,real,3,0.3701005025125628,0.8974874371859296,0.34723618090452263,0.17361809045226131,0.2493063937779349,0.8059235246584682
F000957,0.0,0.3472361809045226,0.5555555555555556,0.5357583756107197,0.25,1.0,1.0,1.0,0.25,real,3,0.8304020100502513,0.3472361809045226,0.6384422110552764,0.3192211055276382,0.6802828527057397,0.5014729110376
F000958,0.1485783278408043,0.8120603015075377,0.7361111111111112,0.6472877887628358,0.0,1.0,1.0,1.0,0.0,real,3,0.3701005025125628,0.8120603015075377,0.771105527638191,0.3855527638190955,0.3277435228908361,0.6416614795080933
F000959,0.0,0.3472361809045226,0.2638888888888888,0.2097176232019653,0.0,1.0,1.0,1.0,0.0,real,3,0.3701005025125628,0.3472361809045226,0.11809045226130653,0.059045226130653265,0.20690291911820408,0.3485862099441933
F000960,0.0,0.3472361809045226,0.2361111111111111,0.2097176232019652,0.0,1.0,1.0,1.0,0.0,real,3,0.3701005025125628,0.3472361809045226,0.10854271356783919,0.054271356783919596,0.20513610767404863,0.3484770586601348
F000961,0.0,0.3472361809045226,0.5694444444444444,0.5912165737164656,0.0,1.0,1.0,1.0,0.0,real,3,0.3701005025125628,0.3472361809045226,0.7,0.35,0.3145854271356784,0.35523869346733666
F000962,0.0,0.3472361809045226,0.2916666666666666,0.8036375634160796,0.0,1.0,1.0,1.0,0.0,real,3,0.3701005025125628,0.3472361809045226,0.9057788944723618,0.4528894472361809,0.35266486326102875,0.35759119087901825
F000963,0.2224894150898172,0.8891959798994975,0.7916666666666667,0.7216878364870323,0.0,1.0,1.0,1.0,0.0,real,3,0.3701005025125628,0.8891959798994975,0.8472361809045226,0.4236180904522613,0.3418315194060756,0.6692977450064392
F000964,0.25,0.907286432160804,0.75,0.5,0.0,1.0,1.0,1.0,0.0,real,3,0.3701005025125628,0.907286432160804,0.5492462311557789,0.27462311557788943,0.2866884043332239,0.759762758516199
F000965,0.0,0.3472361809045226,0.3472222222222222,0.5672382737961704,0.0,1.0,1.0,1.0,0.0,real,3,0.3701005025125628,0.3472361809045226,0.6540201005025126,0.3270100502512563,0.30607683518092976,0.35471304386252867
F000966,0.0,0.3472361809045226,0.3611111111111111,0.2545875386086578,0.0,1.0,1.0,1.0,0.0,real,3,0.3701005025125628,0.3472361809045226,0.17336683417085427,0.08668341708542714,0.21713182747910406,0.34921813843084765
F000967,0.0,0.3472361809045226,0.5138888888888888,0.2926570486903538,0.0,1.0,1.0,1.0,0.0,real,3,0.3701005025125628,0.3472361809045226,0.24949748743718592,0.12474874371859296,0.2312198239943436,0.35008847630110346
F000968,0.0,0.3472361809045226,0.3472222222222222,0.6684005230842202,0.5,1.0,1.0,1.0,0.5,real,3,0.9587939698492463,0.3472361809045226,0.7989949748743719,0.39949748743718594,0.862432766849322,0.5915519810105805
F000969,0.0,0.3472361809045226,0.6388888888888888,0.7515416254704823,0.5,1.0,1.0,1.0,0.5,real,3,0.9587939698492463,0.3472361809045226,0.8610552763819096,0.4305276381909548,0.8921842882755487,0.6105287113961768
F000970,0.0,0.3472361809045226,0.3055555555555556,0.3469443332443555,0.0,1.0,1.0,1.0,0.0,real,3,0.3701005025125628,0.3472361809045226,0.3135678391959799,0.15678391959798996,0.24307605868538676,0.3508209388651801
F000971,0.0,0.3472361809045226,0.6527777777777778,0.6684005230842202,0.0,1.0,1.0,1.0,0.0,real,3,0.3701005025125628,0.3472361809045226,0.7989949748743719,0.39949748743718594,0.3329044721092902,0.3563704199388904
F000972,0.0,0.3472361809045226,0.1111111111111111,0.3849001794597505,0.0,1.0,1.0,1.0,0.0,real,3,0.3701005025125628,0.3472361809045226,0.3763819095477387,0.18819095477386935,0.25469981818640947,0.3515390394181965
F000973,0.1504840084734488,0.8301507537688442,0.6388888888888888,0.2545875386086578,0.25,1.0,1.0,1.0,0.25,real,3,0.8304020100502513,0.8301507537688442,0.17336683417085427,0.08668341708542714,0.4871830888108886,0.8301725335218807
F000974,0.0,0.3472361809045226,0.2777777777777778,0.5091750772173156,0.0,1.0,1.0,1.0,0.0,real,3,0.3701005025125628,0.3472361809045226,0.592462311557789,0.2962311557788945,0.29468555086992754,0.35400930532057273
F000975,0.0,0.3472361809045226,0.375,0.6614378277661477,0.0,1.0,1.0,1.0,0.0,real,3,0.3701005025125628,0.3472361809045226,0.7871859296482412,0.3935929648241206,0.3307192053230979,0.35623541703492334
F000976,0.0,0.3472361809045226,0.1666666666666666,0.5773502691896258,0.0,1.0,1.0,1.0,0.0,real,3,0.3701005025125628,0.3472361809045226,0.6758793969849246,0.3379396984924623,0.3101219034872857,0.3549629428549784
F000977,0.0,0.3472361809045226,0.25,0.8660254037844386,0.0,1.0,1.0,1.0,0.0,real,3,0.3701005025125628,0.3472361809045226,0.9336683417085427,0.46683417085427137,0.35782581247948286,0.3579100275245575
F000978,0.0,0.3472361809045226,0.3333333333333333,0.2886751345948129,0.5,1.0,1.0,1.0,0.5,real,3,0.9587939698492463,0.3472361809045226,0.22688442211055276,0.11344221105527638,0.5881646928107876,0.4166126486704881
F000979,0.0,0.3472361809045226,0.4444444444444444,0.1924500897298753,0.0,1.0,1.0,1.0,0.0,real,3,0.3701005025125628,0.3472361809045226,0.10150753768844221,0.05075376884422111,0.2038342466099341,0.348396631398197
F000980,0.0334936490538903,0.7173366834170855,0.625,0.4330127018922193,0.0,1.0,1.0,1.0,0.0,real,3,0.3701005025125628,0.7173366834170855,0.4663316582914573,0.23316582914572864,0.2713450417918739,0.6363730713870862
F000981,0.125,0.7962311557788945,0.625,0.25,0.25,1.0,1.0,1.0,0.25,real,3,0.8304020100502513,0.7962311557788945,0.13618090452261306,0.06809045226130653,0.4717434534481452,0.7985578647003864
F000982,0.0,0.3472361809045226,0.4444444444444444,0.5357583756107198,0.25,1.0,1.0,1.0,0.25,real,3,0.8304020100502513,0.3472361809045226,0.6459798994974875,0.32298994974874373,0.6834125085225121,0.5032938877806116
F000983,0.0,0.3472361809045226,0.5555555555555556,0.5357583756107197,0.0,1.0,1.0,1.0,0.0,real,3,0.3701005025125628,0.3472361809045226,0.6384422110552764,0.3192211055276382,0.30319414282467616,0.3545349549253807
F000984,0.0,0.3472361809045226,0.3333333333333333,1.1547005383792517,0.0,1.0,1.0,1.0,0.0,real,3,0.3701005025125628,0.3472361809045226,0.9977386934673367,0.49886934673366834,0.369682047170526,0.35864249008863414
F000985,0.5260506159308034,0.9814070351758792,0.8472222222222221,0.3367876570272817,0.0,1.0,1.0,1.0,0.0,real,3,0.3701005025125628,0.9814070351758792,0.2778894472361809,0.13894472361809046,0.23647376328880587,0.8964692179490414
F000986,0.0483797153000638,0.7306532663316583,0.6805555555555556,0.6254627916220946,0.0,1.0,1.0,1.0,0.0,real,3,0.3701005025125628,0.7306532663316583,0.714824120603015,0.3574120603015075,0.31732863437791975,0.6017873601676725
F000987,0.0,0.3472361809045226,0.6944444444444444,0.787635937708768,0.25,1.0,1.0,1.0,0.25,real,3,0.8304020100502513,0.3472361809045226,0.8944723618090452,0.4472361809045226,0.786586828615439,0.5633254210752253
F000988,0.0,0.3472361809045226,0.5555555555555556,1.0183501544346312,0.0,1.0,1.0,1.0,0.0,real,3,0.3701005025125628,0.3472361809045226,0.971356783919598,0.485678391959799,0.36480006818009647,0.35834088785636725
F000989,0.0,0.3472361809045226,0.4027777777777778,0.1734721666221777,0.0,1.0,1.0,1.0,0.0,real,3,0.3701005025125628,0.3472361809045226,0.08417085427135679,0.042085427135678394,0.20062608898765183,0.34819843564556446
F000990,0.1020902318637188,0.7766331658291458,0.7083333333333334,0.6291528696058958,0.0,1.0,1.0,1.0,0.0,real,3,0.3701005025125628,0.7766331658291458,0.7339195979899498,0.3669597989949749,0.3208622572662307,0.6274520214136007
F000991,0.0669872981077807,0.7638190954773869,0.75,0.8660254037844386,0.0,1.0,1.0,1.0,0.0,real,3,0.3701005025125628,0.7638190954773869,0.9336683417085427,0.46683417085427137,0.35782581247948286,0.5800178025807429
F000992,0.0,0.3472361809045226,0.3472222222222222,0.6684005230842202,0.0,1.0,1.0,1.0,0.0,real,3,0.3701005025125628,0.3472361809045226,0.7989949748743719,0.39949748743718594,0.3329044721092902,0.3563704199388904
F000993,0.0,0.3472361809045226,0.5138888888888888,0.4589642122738418,0.0,1.0,1.0,1.0,0.0,real,3,0.3701005025125628,0.3472361809045226,0.47412060301507536,0.23706030150753768,0.27278638797000077,0.3526564038786899
F000994,0.0483797153000638,0.7306532663316583,0.6805555555555556,0.6254627916220946,0.0,1.0,1.0,1.0,0.0,real,3,0.3701005025125628,0.7306532663316583,0.714824120603015,0.3574120603015075,0.31732863437791975,0.6017873601676725
F000995,0.0,0.3472361809045226,0.0555555555555555,0.1924500897298752,0.0,1.0,1.0,1.0,0.0,real,3,0.3701005025125628,0.3472361809045226,0.09321608040201006,0.04660804020100503,0.2022999103557991,0.3483018421251988
F000996,0.25,0.907286432160804,0.75,0.5,0.0,1.0,1.0,1.0,0.0,real,3,0.3701005025125628,0.907286432160804,0.5492462311557789,0.27462311557788943,0.2866884043332239,0.759762758516199
F000997,0.0,0.3472361809045226,0.2777777777777778,0.0962250448649376,0.0,1.0,1.0,1.0,0.0,real,3,0.3701005025125628,0.3472361809045226,0.022110552763819097,0.011055276381909548,0.1891418146006414,0.34748895229918436
F000998,0.0,0.3472361809045226,0.25,0.5,0.25,1.0,1.0,1.0,0.25,real,3,0.8304020100502513,0.3472361809045226,0.5492462311557789,0.27462311557788943,0.6432485922072675,0.4799246862452968
F000999,0.0,0.3472361809045226,0.1944444444444444,0.3469443332443554,0.0,1.0,1.0,1.0,0.0,real,3,0.3701005025125628,0.3472361809045226,0.2914572864321608,0.1457286432160804,0.23898449534102673,0.3505681674705184
F001000,0.0,0.3472361809045226,0.4166666666666667,0.2886751345948129,0.25,1.0,1.0,1.0,0.25,real,3,0.8304020100502513,0.3472361809045226,0.22688442211055276,0.11344221105527638,0.509403645109972,0.4020475808691699
F001001,0.0,0.3472361809045226,0.4583333333333333,0.3818813079129867,0.0,1.0,1.0,1.0,0.0,real,3,0.3701005025125628,0.3472361809045226,0.3608040201005025,0.18040201005025125,0.2518171258301558,0.35136095048104843
F001002,0.0,0.3472361809045226,0.5555555555555556,0.5357583756107197,0.0,1.0,1.0,1.0,0.0,real,3,0.3701005025125628,0.3472361809045226,0.6384422110552764,0.3192211055276382,0.30319414282467616,0.3545349549253807
F001003,0.0,0.3472361809045226,0.6666666666666666,0.7637626158259733,0.0,1.0,1.0,1.0,0.0,real,3,0.3701005025125628,0.3472361809045226,0.8768844221105527,0.43844221105527637,0.3473179338905583,0.3572608646246307
F001004,0.0,0.3472361809045226,0.1111111111111111,0.3849001794597505,0.0,1.0,1.0,1.0,0.0,real,3,0.3701005025125628,0.3472361809045226,0.3763819095477387,0.18819095477386935,0.25469981818640947,0.3515390394181965
F001005,0.4376389444889332,0.9698492462311558,0.8055555555555556,0.3469443332443555,0.0,1.0,1.0,1.0,0.0,real,3,0.3701005025125628,0.9698492462311558,0.3135678391959799,0.15678391959798996,0.24307605868538676,0.8758182874169844
F001006,0.0,0.3472361809045226,0.5694444444444444,0.4276334532872403,0.0,1.0,1.0,1.0,0.0,real,3,0.3701005025125628,0.3472361809045226,0.4505025125628141,0.22525125628140705,0.2684158543976162,0.3523863980707558
F001007,0.25,0.907286432160804,0.75,0.5,0.0,1.0,1.0,1.0,0.0,real,3,0.3701005025125628,0.907286432160804,0.5492462311557789,0.27462311557788943,0.2866884043332239,0.759762758516199
F001008,0.125,0.7962311557788945,0.625,0.25,0.25,1.0,1.0,1.0,0.25,real,3,0.8304020100502513,0.7962311557788945,0.13618090452261306,0.06809045226130653,0.4717434534481452,0.7985578647003864
F001009,0.0,0.3472361809045226,0.5138888888888888,0.2926570486903538,0.5,1.0,1.0,1.0,0.5,real,3,0.9587939698492463,0.3472361809045226,0.24949748743718592,0.12474874371859296,0.5990053281482791,0.4235272467866973
F001010,0.0,0.3472361809045226,0.5277777777777778,0.4194352464039305,0.0,1.0,1.0,1.0,0.0,real,3,0.3701005025125628,0.3472361809045226,0.43366834170854274,0.21683417085427137,0.26530068685134217,0.35219394712254737
F001011,0.0,0.3472361809045226,0.4583333333333333,0.1443375672974064,0.25,1.0,1.0,1.0,0.25,real,3,0.8304020100502513,0.3472361809045226,0.06155778894472362,0.03077889447236181,0.44075986086209945,0.36210749097245015
F001012,0.0,0.3472361809045226,0.4583333333333333,0.3818813079129867,0.0,1.0,1.0,1.0,0.0,real,3,0.3701005025125628,0.3472361809045226,0.3608040201005025,0.18040201005025125,0.2518171258301558,0.35136095048104843
F001013,0.0,0.3472361809045226,0.4583333333333333,0.3818813079129867,0.0,1.0,1.0,1.0,0.0,real,3,0.3701005025125628,0.3472361809045226,0.3608040201005025,0.18040201005025125,0.2518171258301558,0.35136095048104843
F001014,0.0,0.3472361809045226,0.4166666666666667,0.7637626158259734,0.0,1.0,1.0,1.0,0.0,real,3,0.3701005025125628,0.3472361809045226,0.8836683417085427,0.44183417085427135,0.3485732999166688,0.3573384194843564
F001015,0.0,0.3472361809045226,0.625,1.0897247358851685,0.0,1.0,1.0,1.0,0.0,real,3,0.3701005025125628,0.3472361809045226,0.9899497487437185,0.4949748743718593,0.3682407009923992,0.3585534456200601
F001016,0.0,0.3472361809045226,0.4027777777777777,0.6364688465216445,0.0,1.0,1.0,1.0,0.0,real,3,0.3701005025125628,0.3472361809045226,0.7613065326633166,0.3806532663316583,0.3259302164086766,0.35593955960708057
F001017,0.0,0.3472361809045226,0.3333333333333333,0.5773502691896258,0.0,1.0,1.0,1.0,0.0,real,3,0.3701005025125628,0.3472361809045226,0.6758793969849246,0.3379396984924623,0.3101219034872857,0.3549629428549784
F001018,0.0,0.3472361809045226,0.5416666666666666,0.3818813079129867,0.5,1.0,1.0,1.0,0.5,real,3,0.9587939698492463,0.3472361809045226,0.3608040201005025,0.18040201005025125,0.6523653443094871,0.457562435292038
F001019,0.0,0.3472361809045226,0.4722222222222222,0.9179284245476838,0.0,1.0,1.0,1.0,0.0,real,3,0.3701005025125628,0.3472361809045226,0.9510050251256281,0.47550251256281406,0.36103397010176513,0.35810822327718994
F001020,0.0,0.3472361809045226,0.0555555555555555,0.1924500897298752,0.25,1.0,1.0,1.0,0.25,real,3,0.8304020100502513,0.3472361809045226,0.09321608040201006,0.04660804020100503,0.45390441529254316,0.3697555932930986
F001021,0.0,0.3472361809045226,0.2222222222222222,0.5091750772173156,0.0,1.0,1.0,1.0,0.0,real,3,0.3701005025125628,0.3472361809045226,0.592462311557789,0.2962311557788945,0.29468555086992754,0.35400930532057273
F001022,0.0,0.3472361809045226,0.1111111111111111,0.3849001794597505,0.25,1.0,1.0,1.0,0.25,real,3,0.8304020100502513,0.3472361809045226,0.3763819095477387,0.18819095477386935,0.5714751521426227,0.4381636196055655
F001023,0.0,0.3472361809045226,0.25,0.5,0.0,1.0,1.0,1.0,0.0,real,3,0.3701005025125628,0.3472361809045226,0.5492462311557789,0.27462311557788943,0.2866884043332239,0.3535152521400975
F001024,0.0,0.3472361809045226,0.25,0.8660254037844386,0.0,1.0,1.0,1.0,0.0,real,3,0.3701005025125628,0.3472361809045226,0.9336683417085427,0.46683417085427137,0.35782581247948286,0.3579100275245575
F001025,0.0,0.3472361809045226,0.5138888888888888,0.2926570486903538,0.0,1.0,1.0,1.0,0.0,real,3,0.3701005025125628,0.3472361809045226,0.24949748743718592,0.12474874371859296,0.2312198239943436,0.35008847630110346
F001026,0.0,0.3472361809045226,0.5555555555555556,1.0183501544346312,0.0,1.0,1.0,1.0,0.0,real,3,0.3701005025125628,0.3472361809045226,0.971356783919598,0.485678391959799,0.36480006818009647,0.35834088785636725
F001027,0.0,0.3472361809045226,0.2222222222222222,0.0962250448649376,0.0,1.0,1.0,1.0,0.0,real,3,0.3701005025125628,0.3472361809045226,0.022110552763819097,0.011055276381909548,0.1891418146006414,0.34748895229918436
F001028,0.0,0.3472361809045226,0.5694444444444444,0.4276334532872403,0.0,1.0,1.0,1.0,0.0,real,3,0.3701005025125628,0.3472361809045226,0.4505025125628141,0.22525125628140705,0.2684158543976162,0.3523863980707558
F001029,0.0,0.3472361809045226,0.4166666666666667,1.0408329997330663,0.25,1.0,1.0,1.0,0.25,real,3,0.8304020100502513,0.3472361809045226,0.978140703517588,0.489070351758794,0.8213260081816116,0.5835382629226535
F001030,0.25,0.907286432160804,0.75,0.5,0.0,1.0,1.0,1.0,0.0,real,3,0.3701005025125628,0.907286432160804,0.5492462311557789,0.27462311557788943,0.2866884043332239,0.759762758516199
F001031,0.0,0.3472361809045226,0.4027777777777778,0.393817968854384,0.25,1.0,1.0,1.0,0.25,real,3,0.8304020100502513,0.3472361809045226,0.40251256281407033,0.20125628140703516,0.5823246256407666,0.4444763389813388
F001032,0.3009680169468978,0.9314070351758794,0.7777777777777778,0.5091750772173156,0.0,1.0,1.0,1.0,0.0,real,3,0.3701005025125628,0.9314070351758794,0.592462311557789,0.2962311557788945,0.29468555086992754,0.7651305522587813
F001033,0.6889957660359269,0.9954773869346734,0.9166666666666669,0.2886751345948128,0.0,1.0,1.0,1.0,0.0,real,3,0.3701005025125628,0.9954773869346734,0.20376884422110553,0.10188442211055276,0.22275772707759908,0.9317612244640286
F001034,0.0,0.3472361809045226,0.3194444444444444,0.1272937693043289,0.25,1.0,1.0,1.0,0.25,real,3,0.8304020100502513,0.3472361809045226,0.04195979899497487,0.020979899497487436,0.43262275573849146,0.35737295144062015
F001035,0.0,0.3472361809045226,0.4027777777777778,0.393817968854384,0.25,1.0,1.0,1.0,0.25,real,3,0.8304020100502513,0.3472361809045226,0.40251256281407033,0.20125628140703516,0.5823246256407666,0.4444763389813388
F001036,0.0,0.3472361809045226,0.25,0.5,0.0,1.0,1.0,1.0,0.0,real,3,0.3701005025125628,0.3472361809045226,0.5492462311557789,0.27462311557788943,0.2866884043332239,0.3535152521400975
F001037,0.1889957660359268,0.8582914572864322,0.6666666666666666,0.2886751345948129,0.0,1.0,1.0,1.0,0.0,real,3,0.3701005025125628,0.8582914572864322,0.22688442211055276,0.11344221105527638,0.22703527057397543,0.802909995959698
F001038,0.0,0.3472361809045226,0.4027777777777778,0.393817968854384,0.0,1.0,1.0,1.0,0.0,real,3,0.3701005025125628,0.3472361809045226,0.40251256281407033,0.20125628140703516,0.25953530213883486,0.3518377692482513
F001039,0.0,0.3472361809045226,0.3333333333333333,0.5773502691896258,0.0,1.0,1.0,1.0,0.0,real,3,0.3701005025125628,0.3472361809045226,0.6758793969849246,0.3379396984924623,0.3101219034872857,0.3549629428549784
F001040,0.0,0.3472361809045226,0.25,0.5,0.0,1.0,1.0,1.0,0.0,real,3,0.3701005025125628,0.3472361809045226,0.5492462311557789,0.27462311557788943,0.2866884043332239,0.3535152521400975
F001041,0.0,0.3472361809045226,0.0833333333333333,0.2886751345948128,0.5,1.0,1.0,1.0,0.5,real,3,0.9587939698492463,0.3472361809045226,0.20376884422110553,0.10188442211055276,0.5770831544657964,0.40954439281836313
F001042,0.0,0.3472361809045226,0.5694444444444444,0.7469072033193752,0.5,1.0,1.0,1.0,0.5,real,3,0.9587939698492463,0.3472361809045226,0.8560301507537689,0.42801507537688444,0.8897752582005505,0.6089921340370192
F001043,0.2974642264589466,0.9216080402010052,0.6805555555555556,0.1272937693043289,0.0,1.0,1.0,1.0,0.0,real,3,0.3701005025125628,0.9216080402010052,0.04195979899497487,0.020979899497487436,0.1928149226029646,0.9100374674881948
F001044,0.0223290993692601,0.7115577889447237,0.5833333333333334,0.2886751345948129,0.0,1.0,1.0,1.0,0.0,real,3,0.3701005025125628,0.7115577889447237,0.22688442211055276,0.11344221105527638,0.22703527057397543,0.6728221193909245
F001045,0.061411169010459,0.7545226130653266,0.6527777777777778,0.488288773090193,0.0,1.0,1.0,1.0,0.0,real,3,0.3701005025125628,0.7545226130653266,0.514070351758794,0.257035175879397,0.2801790990126512,0.655712608267468
F001046,0.1020902318637188,0.7766331658291458,0.7083333333333334,0.6291528696058958,0.25,1.0,1.0,1.0,0.25,real,3,0.8304020100502513,0.7766331658291458,0.7339195979899498,0.3669597989949749,0.7199251597181889,0.7963641700967148
F001047,0.1020902318637188,0.7766331658291458,0.7083333333333334,0.6291528696058958,0.25,1.0,1.0,1.0,0.25,real,3,0.8304020100502513,0.7766331658291458,0.7339195979899498,0.3669597989949749,0.7199251597181889,0.7963641700967148
F001048,0.0,0.3472361809045226,0.2222222222222222,0.5091750772173156,0.25,1.0,1.0,1.0,0.25,real,3,0.8304020100502513,0.3472361809045226,0.592462311557789,0.2962311557788945,0.6611919522234287,0.49036495290522963
F001049,0.0,0.3472361809045226,0.1666666666666666,0.5773502691896258,0.0,1.0,1.0,1.0,0.0,real,3,0.3701005025125628,0.3472361809045226,0.6758793969849246,0.3379396984924623,0.3101219034872857,0.3549629428549784
F001050,0.1898569058357866,0.8683417085427135,0.7222222222222222,0.5091750772173156,0.0,1.0,1.0,1.0,0.0,real,3,0.3701005025125628,0.8683417085427135,0.592462311557789,0.2962311557788945,0.29468555086992754,0.7207471402237318
F001051,0.1889957660359268,0.8582914572864322,0.6666666666666666,0.2886751345948129,0.0,1.0,1.0,1.0,0.0,real,3,0.3701005025125628,0.8582914572864322,0.22688442211055276,0.11344221105527638,0.22703527057397543,0.802909995959698
F001052,0.0,0.3472361809045226,0.4305555555555555,0.4276334532872403,0.0,1.0,1.0,1.0,0.0,real,3,0.3701005025125628,0.3472361809045226,0.4505025125628141,0.22525125628140705,0.2684158543976162,0.3523863980707558
F001053,0.0,0.3472361809045226,0.1944444444444444,0.3469443332443554,0.0,1.0,1.0,1.0,0.0,real,3,0.3701005025125628,0.3472361809045226,0.2914572864321608,0.1457286432160804,0.23898449534102673,0.3505681674705184
F001054,0.1732257047434905,0.8535175879396985,0.6805555555555556,0.3757708127352412,0.25,1.0,1.0,1.0,0.25,real,3,0.8304020100502513,0.8535175879396985,0.3394472361809045,0.16972361809045225,0.5561398386404384,0.8495943284260499
F001055,0.0,0.3472361809045226,0.3333333333333333,0.5773502691896258,0.0,1.0,1.0,1.0,0.0,real,3,0.3701005025125628,0.3472361809045226,0.6758793969849246,0.3379396984924623,0.3101219034872857,0.3549629428549784
F001056,0.0,0.3472361809045226,0.5,0.0,0.5,1.0,1.0,1.0,0.5,real,3,0.9587939698492463,0.3472361809045226,0.00628140703517588,0.00314070351758794,0.4824082725183708,0.34915690260346954
F001057,0.0,0.3472361809045226,0.25,0.5,0.0,1.0,1.0,1.0,0.0,real,3,0.3701005025125628,0.3472361809045226,0.5492462311557789,0.27462311557788943,0.2866884043332239,0.3535152521400975
F001058,0.5853276880479024,0.9879396984924624,0.8888888888888888,0.3849001794597506,0.0,1.0,1.0,1.0,0.0,real,3,0.3701005025125628,0.9879396984924624,0.385929648241206,0.192964824120603,0.2564666296305649,0.8687184667053863
F001059,0.1504840084734488,0.8301507537688442,0.6388888888888888,0.2545875386086578,0.0,1.0,1.0,1.0,0.0,real,3,0.3701005025125628,0.8301507537688442,0.17336683417085427,0.08668341708542714,0.21713182747910406,0.7902720259589404
F001060,0.0,0.3472361809045226,0.1527777777777777,0.3367876570272816,0.0,1.0,1.0,1.0,0.0,real,3,0.3701005025125628,0.3472361809045226,0.2698492462311558,0.1349246231155779,0.23498592207267494,0.3503211408802808
F001061,0.0,0.3472361809045226,0.375,1.0897247358851685,0.0,1.0,1.0,1.0,0.0,real,3,0.3701005025125628,0.3472361809045226,0.9899497487437185,0.4949748743718593,0.3682407009923992,0.3585534456200601
F001062,0.2154167222667111,0.879145728643216,0.6944444444444444,0.3469443332443555,0.0,1.0,1.0,1.0,0.0,real,3,0.3701005025125628,0.879145728643216,0.3135678391959799,0.15678391959798996,0.24307605868538676,0.7993356228378071
F001063,0.0,0.3472361809045226,0.5833333333333334,0.7637626158259733,0.0,1.0,1.0,1.0,0.0,real,3,0.3701005025125628,0.3472361809045226,0.8768844221105527,0.43844221105527637,0.3473179338905583,0.3572608646246307
F001064,0.0,0.3472361809045226,0.375,0.6614378277661477,0.0,1.0,1.0,1.0,0.0,real,3,0.3701005025125628,0.3472361809045226,0.7871859296482412,0.3935929648241206,0.3307192053230979,0.35623541703492334
F001065,0.0334936490538903,0.7173366834170855,0.625,0.4330127018922193,0.0,1.0,1.0,1.0,0.0,real,3,0.3701005025125628,0.7173366834170855,0.4663316582914573,0.23316582914572864,0.2713450417918739,0.6363730713870862
F001066,0.0521012318616071,0.742713567839196,0.6944444444444444,0.6735753140545634,0.0,1.0,1.0,1.0,0.0,real,3,0.3701005025125628,0.742713567839196,0.8133165829145729,0.40665829145728644,0.3355546892755234,0.591187375318805
F001067,0.0,0.3472361809045226,0.5277777777777778,0.4194352464039305,0.0,1.0,1.0,1.0,0.0,real,3,0.3701005025125628,0.3472361809045226,0.43366834170854274,0.21683417085427137,0.26530068685134217,0.35219394712254737
F001068,0.0,0.3472361809045226,0.4513888888888889,0.9504506728292014,0.0,1.0,1.0,1.0,0.0,real,3,0.3701005025125628,0.3472361809045226,0.9552763819095478,0.4776381909547739,0.36182438574783465,0.35815705411479504
F001069,0.0,0.3472361809045226,0.1388888888888888,0.2545875386086578,0.0,1.0,1.0,1.0,0.0,real,3,0.3701005025125628,0.3472361809045226,0.17336683417085427,0.08668341708542714,0.21713182747910406,0.34921813843084765
F001070,0.0,0.3472361809045226,0.2916666666666666,0.3818813079129866,0.0,1.0,1.0,1.0,0.0,real,3,0.3701005025125628,0.3472361809045226,0.34723618090452263,0.17361809045226131,0.2493063937779349,0.35120584076159694
F001071,0.0,0.3472361809045226,0.0972222222222221,0.1734721666221776,0.25,1.0,1.0,1.0,0.25,real,3,0.8304020100502513,0.3472361809045226,0.07562814070351759,0.037814070351758794,0.44660188505340775,0.36550664755940504
F001072,0.0,0.3472361809045226,0.3611111111111111,0.2545875386086578,0.0,1.0,1.0,1.0,0.0,real,3,0.3701005025125628,0.3472361809045226,0.17336683417085427,0.08668341708542714,0.21713182747910406,0.34921813843084765
F001073,0.1504840084734488,0.8301507537688442,0.6388888888888888,0.2545875386086578,0.0,1.0,1.0,1.0,0.0,real,3,0.3701005025125628,0.8301507537688442,0.17336683417085427,0.08668341708542714,0.21713182747910406,0.7902720259589404
F001074,0.1898569058357866,0.8683417085427135,0.7222222222222222,0.5091750772173156,0.25,1.0,1.0,1.0,0.25,real,3,0.8304020100502513,0.8683417085427135,0.592462311557789,0.2962311557788945,0.6611919522234287,0.8571027878083887
F001075,0.0,0.3472361809045226,0.4166666666666667,1.0408329997330663,0.0,1.0,1.0,1.0,0.0,real,3,0.3701005025125628,0.3472361809045226,0.978140703517588,0.489070351758794,0.36605543420620695,0.358418442716093
F001076,0.0,0.3472361809045226,0.1944444444444444,0.3469443332443554,0.25,1.0,1.0,1.0,0.25,real,3,0.8304020100502513,0.3472361809045226,0.2914572864321608,0.1457286432160804,0.5362143632736547,0.4176472816343021
F001077,0.0,0.3472361809045226,0.5,0.0,0.0,1.0,1.0,1.0,0.0,real,3,0.3701005025125628,0.3472361809045226,0.00628140703517588,0.00314070351758794,0.1862126272063837,0.3473079909598242
F001078,0.2154167222667111,0.879145728643216,0.6944444444444444,0.3469443332443555,0.0,1.0,1.0,1.0,0.0,real,3,0.3701005025125628,0.879145728643216,0.3135678391959799,0.15678391959798996,0.24307605868538676,0.7993356228378071
F001079,0.0,0.3472361809045226,0.2222222222222222,0.0962250448649376,0.0,1.0,1.0,1.0,0.0,real,3,0.3701005025125628,0.3472361809045226,0.022110552763819097,0.011055276381909548,0.1891418146006414,0.34748895229918436
F001080,0.1504840084734488,0.8301507537688442,0.6388888888888888,0.2545875386086578,0.0,1.0,1.0,1.0,0.0,real,3,0.3701005025125628,0.8301507537688442,0.17336683417085427,0.08668341708542714,0.21713182747910406,0.7902720259589404
F001081,0.0483797153000638,0.7306532663316583,0.6805555555555556,0.6254627916220946,0.5,1.0,1.0,1.0,0.5,real,3,0.9587939698492463,0.7306532663316583,0.714824120603015,0.3574120603015075,0.8220815130931037,0.8121935052145148
F001082,0.0,0.3472361809045226,0.5972222222222222,0.393817968854384,0.5,1.0,1.0,1.0,0.5,real,3,0.9587939698492463,0.3472361809045226,0.40251256281407033,0.20125628140703516,0.6723602939319714,0.4703160273730461
F001083,0.0,0.3472361809045226,0.6111111111111112,0.4811252243246882,0.0,1.0,1.0,1.0,0.0,real,3,0.3701005025125628,0.3472361809045226,0.4979899497487437,0.24899497487437186,0.2772034165803894,0.3529292820888361
F001084,0.0,0.3472361809045226,0.4166666666666667,1.0408329997330663,0.0,1.0,1.0,1.0,0.0,real,3,0.3701005025125628,0.3472361809045226,0.978140703517588,0.489070351758794,0.36605543420620695,0.358418442716093
F001085,0.5074430331230867,0.977638190954774,0.7777777777777778,0.0962250448649376,0.0,1.0,1.0,1.0,0.0,real,3,0.3701005025125628,0.977638190954774,0.022110552763819097,0.011055276381909548,0.1891418146006414,0.970921693896619
F001086,0.0,0.3472361809045226,0.5,0.0,0.0,1.0,1.0,1.0,0.0,real,3,0.3701005025125628,0.3472361809045226,0.00628140703517588,0.00314070351758794,0.1862126272063837,0.3473079909598242
F001087,0.0,0.3472361809045226,0.4444444444444444,0.5357583756107198,0.25,1.0,1.0,1.0,0.25,real,3,0.8304020100502513,0.3472361809045226,0.6459798994974875,0.32298994974874373,0.6834125085225121,0.5032938877806116
F001088,0.3779915320718537,0.9507537688442212,0.8333333333333333,0.5773502691896258,0.0,1.0,1.0,1.0,0.0,real,3,0.3701005025125628,0.9507537688442212,0.6758793969849246,0.3379396984924623,0.3101219034872857,0.7545279790914372
F001089,0.0521012318616071,0.742713567839196,0.6944444444444444,0.6735753140545634,0.0,1.0,1.0,1.0,0.0,real,3,0.3701005025125628,0.742713567839196,0.8133165829145729,0.40665829145728644,0.3355546892755234,0.591187375318805
F001090,0.0,0.3472361809045226,0.375,0.25,0.5,1.0,1.0,1.0,0.5,real,3,0.9587939698492463,0.3472361809045226,0.13618090452261306,0.06809045226130653,0.5446816999570717,0.3888774273376935
F001091,0.0,0.3472361809045226,0.4027777777777778,0.1734721666221777,0.0,1.0,1.0,1.0,0.0,real,3,0.3701005025125628,0.3472361809045226,0.08417085427135679,0.042085427135678394,0.20062608898765183,0.34819843564556446
F001092,0.0,0.3472361809045226,0.5138888888888888,0.9141379262169074,0.0,1.0,1.0,1.0,0.0,real,3,0.3701005025125628,0.3472361809045226,0.9457286432160804,0.4728643216080402,0.3600575743036792,0.3580479028307366
F001093,0.0,0.3472361809045226,0.375,0.25,0.0,1.0,1.0,1.0,0.0,real,3,0.3701005025125628,0.3472361809045226,0.13618090452261306,0.06809045226130653,0.2102505618544986,0.348793022903462
F001094,0.0223290993692601,0.7115577889447237,0.5833333333333334,0.2886751345948129,0.0,1.0,1.0,1.0,0.0,real,3,0.3701005025125628,0.7115577889447237,0.22688442211055276,0.11344221105527638,0.22703527057397543,0.6728221193909245
F001095,0.4376389444889332,0.9698492462311558,0.8055555555555556,0.3469443332443555,0.0,1.0,1.0,1.0,0.0,real,3,0.3701005025125628,0.9698492462311558,0.3135678391959799,0.15678391959798996,0.24307605868538676,0.8758182874169844
F001096,0.0,0.3472361809045226,0.3611111111111111,0.7515416254704824,0.0,1.0,1.0,1.0,0.0,real,3,0.3701005025125628,0.3472361809045226,0.8670854271356784,0.4335427135678392,0.34550462740839877,0.3571488409383602
F001097,0.0,0.3472361809045226,0.5555555555555556,0.5357583756107197,0.0,1.0,1.0,1.0,0.0,real,3,0.3701005025125628,0.3472361809045226,0.6384422110552764,0.3192211055276382,0.30319414282467616,0.3545349549253807
F001098,0.01116454968463,0.6977386934673366,0.5416666666666666,0.1443375672974064,0.25,1.0,1.0,1.0,0.25,real,3,0.8304020100502513,0.6977386934673366,0.06155778894472362,0.03077889447236181,0.44075986086209945,0.7018219236887957
F001099,0.1898569058357866,0.8683417085427135,0.7222222222222222,0.5091750772173156,0.0,1.0,1.0,1.0,0.0,real,3,0.3701005025125628,0.8683417085427135,0.592462311557789,0.2962311557788945,0.29468555086992754,0.7207471402237318
F001100,0.0,0.3472361809045226,0.5555555555555556,0.5357583756107197,0.0,1.0,1.0,1.0,0.0,real,3,0.3701005025125628,0.3472361809045226,0.6384422110552764,0.3192211055276382,0.30319414282467616,0.3545349549253807
F001101,0.4229189661767951,0.9630653266331658,0.7638888888888888,0.2097176232019653,0.0,1.0,1.0,1.0,0.0,real,3,0.3701005025125628,0.9630653266331658,0.11809045226130653,0.059045226130653265,0.20690291911820408,0.9280535845054417
F001102,0.0,0.3472361809045226,0.375,1.0897247358851685,0.25,1.0,1.0,1.0,0.25,real,3,0.8304020100502513,0.3472361809045226,0.9899497487437185,0.4949748743718593,0.8262291356278881,0.5863911264867049
F001103,0.0,0.3472361809045226,0.6388888888888888,0.7515416254704823,0.0,1.0,1.0,1.0,0.0,real,3,0.3701005025125628,0.3472361809045226,0.8610552763819096,0.4305276381909548,0.34438874649630064,0.3570799032852705
F001104,0.0,0.3472361809045226,0.5,1.0,0.0,1.0,1.0,1.0,0.0,real,3,0.3701005025125628,0.3472361809045226,0.9625628140703517,0.48128140703517586,0.3631727418499533,0.358240353778945
F001105,0.0,0.3472361809045226,0.0555555555555555,0.1924500897298752,0.25,1.0,1.0,1.0,0.25,real,3,0.8304020100502513,0.3472361809045226,0.09321608040201006,0.04660804020100503,0.45390441529254316,0.3697555932930986
F001106,0.0,0.3472361809045226,0.4166666666666667,0.2886751345948129,0.0,1.0,1.0,1.0,0.0,real,3,0.3701005025125628,0.3472361809045226,0.22688442211055276,0.11344221105527638,0.22703527057397543,0.34982996010201756
F001107,0.0,0.3472361809045226,0.125,0.4330127018922193,0.0,1.0,1.0,1.0,0.0,real,3,0.3701005025125628,0.3472361809045226,0.4663316582914573,0.23316582914572864,0.2713450417918739,0.3525673594101159
F001108,0.0,0.3472361809045226,0.3472222222222222,0.488288773090193,0.0,1.0,1.0,1.0,0.0,real,3,0.3701005025125628,0.3472361809045226,0.514070351758794,0.257035175879397,0.2801790990126512,0.35311311583040833
F001109,0.0,0.3472361809045226,0.3333333333333333,0.5773502691896258,0.0,1.0,1.0,1.0,0.0,real,3,0.3701005025125628,0.3472361809045226,0.6758793969849246,0.3379396984924623,0.3101219034872857,0.3549629428549784
F001110,0.2257260127101733,0.8974874371859296,0.7083333333333334,0.3818813079129866,0.0,1.0,1.0,1.0,0.0,real,3,0.3701005025125628,0.8974874371859296,0.34723618090452263,0.17361809045226131,0.2493063937779349,0.8059235246584682
F001111,0.0,0.3472361809045226,0.5277777777777778,0.4194352464039305,0.0,1.0,1.0,1.0,0.0,real,3,0.3701005025125628,0.3472361809045226,0.43366834170854274,0.21683417085427137,0.26530068685134217,0.35219394712254737
F001112,0.1485783278408043,0.8120603015075377,0.7361111111111112,0.6472877887628358,0.0,1.0,1.0,1.0,0.0,real,3,0.3701005025125628,0.8120603015075377,0.771105527638191,0.3855527638190955,0.3277435228908361,0.6416614795080933
F001113,0.0,0.3472361809045226,0.5972222222222222,0.393817968854384,0.25,1.0,1.0,1.0,0.25,real,3,0.8304020100502513,0.3472361809045226,0.40251256281407033,0.20125628140703516,0.5823246256407666,0.4444763389813388
F001114,0.0,0.3472361809045226,0.4027777777777778,0.393817968854384,0.25,1.0,1.0,1.0,0.25,real,3,0.8304020100502513,0.3472361809045226,0.40251256281407033,0.20125628140703516,0.5823246256407666,0.4444763389813388
F001115,0.1504840084734488,0.8301507537688442,0.6388888888888888,0.2545875386086578,0.0,1.0,1.0,1.0,0.0,real,3,0.3701005025125628,0.8301507537688442,0.17336683417085427,0.08668341708542714,0.21713182747910406,0.7902720259589404
F001116,0.0,0.3472361809045226,0.2777777777777778,0.0962250448649376,0.0,1.0,1.0,1.0,0.0,real,3,0.3701005025125628,0.3472361809045226,0.022110552763819097,0.011055276381909548,0.1891418146006414,0.34748895229918436
F001117,0.3963319220119756,0.9587939698492464,0.7222222222222222,0.0962250448649376,0.25,1.0,1.0,1.0,0.25,real,3,0.8304020100502513,0.9587939698492464,0.022110552763819097,0.011055276381909548,0.4243813287543244,0.9573745612484534
F001118,0.0,0.3472361809045226,0.5694444444444444,0.4276334532872403,0.0,1.0,1.0,1.0,0.0,real,3,0.3701005025125628,0.3472361809045226,0.4505025125628141,0.22525125628140705,0.2684158543976162,0.3523863980707558
F001119,0.0,0.3472361809045226,0.3333333333333333,0.5773502691896258,0.25,1.0,1.0,1.0,0.25,real,3,0.8304020100502513,0.3472361809045226,0.6758793969849246,0.3379396984924623,0.6958268099290422,0.5105170955278907
F001120,0.0,0.3472361809045226,0.1944444444444444,0.3469443332443554,0.0,1.0,1.0,1.0,0.0,real,3,0.3701005025125628,0.3472361809045226,0.2914572864321608,0.1457286432160804,0.23898449534102673,0.3505681674705184
F001121,0.0223290993692601,0.7115577889447237,0.5833333333333334,0.2886751345948129,0.0,1.0,1.0,1.0,0.0,real,3,0.3701005025125628,0.7115577889447237,0.22688442211055276,0.11344221105527638,0.22703527057397543,0.6728221193909245
F001122,0.1485783278408043,0.8120603015075377,0.7361111111111112,0.6472877887628358,0.25,1.0,1.0,1.0,0.25,real,3,0.8304020100502513,0.8120603015075377,0.771105527638191,0.3855527638190955,0.7353647950809322,0.8191319979293453
F001123,0.0,0.3472361809045226,0.2361111111111111,0.2097176232019652,0.5,1.0,1.0,1.0,0.5,real,3,0.9587939698492463,0.3472361809045226,0.10854271356783919,0.054271356783919596,0.5314320345445822,0.38042625186232665
F001124,0.0,0.3472361809045226,0.4027777777777778,0.8347210667398177,0.0,1.0,1.0,1.0,0.0,real,3,0.3701005025125628,0.3472361809045226,0.9155778894472362,0.4577889447236181,0.3544781697431883,0.35770321456528875
F001125,0.0521012318616071,0.742713567839196,0.6944444444444444,0.6735753140545634,0.0,1.0,1.0,1.0,0.0,real,3,0.3701005025125628,0.742713567839196,0.8133165829145729,0.40665829145728644,0.3355546892755234,0.591187375318805
F001126,0.0,0.3472361809045226,0.5416666666666666,0.3818813079129867,0.0,1.0,1.0,1.0,0.0,real,3,0.3701005025125628,0.3472361809045226,0.3608040201005025,0.18040201005025125,0.2518171258301558,0.35136095048104843
F001127,0.0,0.3472361809045226,0.5416666666666666,0.3818813079129867,0.0,1.0,1.0,1.0,0.0,real,3,0.3701005025125628,0.3472361809045226,0.3608040201005025,0.18040201005025125,0.2518171258301558,0.35136095048104843
F001128,0.0,0.3472361809045226,0.6388888888888888,0.7515416254704823,0.0,1.0,1.0,1.0,0.0,real,3,0.3701005025125628,0.3472361809045226,0.8610552763819096,0.4305276381909548,0.34438874649630064,0.3570799032852705
F001129,0.2154167222667111,0.879145728643216,0.6944444444444444,0.3469443332443555,0.0,1.0,1.0,1.0,0.0,real,3,0.3701005025125628,0.879145728643216,0.3135678391959799,0.15678391959798996,0.24307605868538676,0.7993356228378071
F001130,0.0,0.3472361809045226,0.1666666666666666,0.2886751345948128,0.0,1.0,1.0,1.0,0.0,real,3,0.3701005025125628,0.3472361809045226,0.20376884422110553,0.10188442211055276,0.22275772707759908,0.34956569909850754
F001131,0.0,0.3472361809045226,0.4305555555555555,0.4276334532872403,0.0,1.0,1.0,1.0,0.0,real,3,0.3701005025125628,0.3472361809045226,0.4505025125628141,0.22525125628140705,0.2684158543976162,0.3523863980707558
F001132,0.1485783278408043,0.8120603015075377,0.7361111111111112,0.6472877887628358,0.25,1.0,1.0,1.0,0.25,real,3,0.8304020100502513,0.8120603015075377,0.771105527638191,0.3855527638190955,0.7353647950809322,0.8191319979293453
F001133,0.0,0.3472361809045226,0.4027777777777778,0.8347210667398177,0.25,1.0,1.0,1.0,0.25,real,3,0.8304020100502513,0.3472361809045226,0.9155778894472362,0.4577889447236181,0.7953498649024014,0.5684241559556577
F001134,0.0,0.3472361809045226,0.2083333333333333,0.5204164998665333,0.5,1.0,0.5,0.5,0.5,real,3,0.9587939698492463,0.3472361809045226,0.6309045226130653,0.15772613065326632,0.3909253554203177,0.4436948246256407
F001135,0.0,0.3472361809045226,0.2916666666666666,0.5204164998665332,0.0,1.0,1.0,1.0,0.0,real,3,0.3701005025125628,0.3472361809045226,0.6203517587939699,0.31017587939698493,0.2998465000883816,0.35432814196611195
F001136,0.0,0.3472361809045226,0.4583333333333333,0.3818813079129867,0.25,1.0,1.0,1.0,0.25,real,3,0.8304020100502513,0.3472361809045226,0.3608040201005025,0.18040201005025125,0.5650071967879599,0.4344002676700083
F001137,0.0446581987385203,0.7221105527638191,0.6666666666666666,0.5773502691896258,0.0,1.0,1.0,1.0,0.0,real,3,0.3701005025125628,0.7221105527638191,0.6758793969849246,0.3379396984924623,0.3101219034872857,0.603152382515593
F001138,0.0,0.3472361809045226,0.2777777777777778,0.5091750772173156,0.5,1.0,1.0,1.0,0.5,real,3,0.9587939698492463,0.3472361809045226,0.592462311557789,0.2962311557788945,0.7634216307668998,0.5283986515492033
F001139,0.061411169010459,0.7545226130653266,0.6527777777777778,0.488288773090193,0.0,1.0,1.0,1.0,0.0,real,3,0.3701005025125628,0.7545226130653266,0.514070351758794,0.257035175879397,0.2801790990126512,0.655712608267468
F001140,0.0,0.3472361809045226,0.5138888888888888,0.2926570486903538,0.0,1.0,1.0,1.0,0.0,real,3,0.3701005025125628,0.3472361809045226,0.24949748743718592,0.12474874371859296,0.2312198239943436,0.35008847630110346
F001141,0.0669872981077807,0.7638190954773869,0.75,0.8660254037844386,0.5,1.0,1.0,1.0,0.5,real,3,0.9587939698492463,0.7638190954773869,0.9336683417085427,0.46683417085427137,0.9269947728592712,0.8548400292921896
F001142,0.0,0.3472361809045226,0.6944444444444444,0.787635937708768,0.25,1.0,1.0,1.0,0.25,real,3,0.8304020100502513,0.3472361809045226,0.8944723618090452,0.4472361809045226,0.786586828615439,0.5633254210752253
F001143,0.0,0.3472361809045226,0.3055555555555556,0.3469443332443555,0.0,1.0,1.0,1.0,0.0,real,3,0.3701005025125628,0.3472361809045226,0.3135678391959799,0.15678391959798996,0.24307605868538676,0.3508209388651801
F001144,0.2974642264589466,0.9216080402010052,0.6805555555555556,0.1272937693043289,0.0,1.0,1.0,1.0,0.0,real,3,0.3701005025125628,0.9216080402010052,0.04195979899497487,0.020979899497487436,0.1928149226029646,0.9100374674881948
F001145,0.0,0.3472361809045226,0.5416666666666666,1.0103629710818451,0.5,1.0,1.0,1.0,0.5,real,3,0.9587939698492463,0.3472361809045226,0.9660804020100503,0.48304020100502515,0.9425330168430092,0.6426431782025706
F001146,0.1020902318637188,0.7766331658291458,0.7083333333333334,0.6291528696058958,0.0,1.0,1.0,1.0,0.0,real,3,0.3701005025125628,0.7766331658291458,0.7339195979899498,0.3669597989949749,0.3208622572662307,0.6274520214136007
F001147,0.0,0.3472361809045226,0.4166666666666667,0.2886751345948129,0.5,1.0,1.0,1.0,0.5,real,3,0.9587939698492463,0.3472361809045226,0.22688442211055276,0.11344221105527638,0.5881646928107876,0.4166126486704881
F001148,0.0,0.3472361809045226,0.2916666666666666,0.3818813079129866,0.0,1.0,1.0,1.0,0.0,real,3,0.3701005025125628,0.3472361809045226,0.34723618090452263,0.17361809045226131,0.2493063937779349,0.35120584076159694
F001149,0.0,0.3472361809045226,0.5138888888888888,0.2926570486903538,0.0,1.0,1.0,1.0,0.0,real,3,0.3701005025125628,0.3472361809045226,0.24949748743718592,0.12474874371859296,0.2312198239943436,0.35008847630110346
F001150,0.0,0.3472361809045226,0.1527777777777777,0.3367876570272816,0.0,1.0,1.0,1.0,0.0,real,3,0.3701005025125628,0.3472361809045226,0.2698492462311558,0.1349246231155779,0.23498592207267494,0.3503211408802808
F001151,0.0,0.3472361809045226,0.3194444444444444,0.3757708127352411,0.0,1.0,1.0,1.0,0.0,real,3,0.3701005025125628,0.3472361809045226,0.3314070351758794,0.1657035175879397,0.24637720638367716,0.3510248794222368
F001152,0.0,0.3472361809045226,0.375,1.0897247358851685,0.0,1.0,1.0,1.0,0.0,real,3,0.3701005025125628,0.3472361809045226,0.9899497487437185,0.4949748743718593,0.3682407009923992,0.3585534456200601
F001153,0.1898569058357866,0.8683417085427135,0.7222222222222222,0.5091750772173156,0.0,1.0,1.0,1.0,0.0,real,3,0.3701005025125628,0.8683417085427135,0.592462311557789,0.2962311557788945,0.29468555086992754,0.7207471402237318
F001154,0.0,0.3472361809045226,0.4166666666666667,1.0408329997330663,0.0,1.0,1.0,1.0,0.0,real,3,0.3701005025125628,0.3472361809045226,0.978140703517588,0.489070351758794,0.36605543420620695,0.358418442716093
F001155,0.0,0.3472361809045226,0.25,0.5,0.0,1.0,1.0,1.0,0.0,real,3,0.3701005025125628,0.3472361809045226,0.5492462311557789,0.27462311557788943,0.2866884043332239,0.3535152521400975
F001156,0.3779915320718537,0.9507537688442212,0.8333333333333333,0.5773502691896258,0.0,1.0,1.0,1.0,0.0,real,3,0.3701005025125628,0.9507537688442212,0.6758793969849246,0.3379396984924623,0.3101219034872857,0.7545279790914372
F001157,0.0,0.3472361809045226,0.4861111111111111,0.6787106512705898,0.0,1.0,1.0,1.0,0.0,real,3,0.3701005025125628,0.3472361809045226,0.8233668341708543,0.41168341708542716,0.33741449079568697,0.3566490429534608
F001158,0.0,0.3472361809045226,0.2777777777777778,0.0962250448649376,0.0,1.0,1.0,1.0,0.0,real,3,0.3701005025125628,0.3472361809045226,0.022110552763819097,0.011055276381909548,0.1891418146006414,0.34748895229918436
F001159,0.0,0.3472361809045226,0.375,0.4330127018922193,0.0,1.0,1.0,1.0,0.0,real,3,0.3701005025125628,0.3472361809045226,0.4663316582914573,0.23316582914572864,0.2713450417918739,0.3525673594101159
F001160,0.1504840084734488,0.8301507537688442,0.6388888888888888,0.2545875386086578,0.0,1.0,1.0,1.0,0.0,real,3,0.3701005025125628,0.8301507537688442,0.17336683417085427,0.08668341708542714,0.21713182747910406,0.7902720259589404
F001161,0.0,0.3472361809045226,0.3472222222222222,0.3367876570272817,0.0,1.0,1.0,1.0,0.0,real,3,0.3701005025125628,0.3472361809045226,0.2778894472361809,0.13894472361809046,0.23647376328880587,0.35041305775106685
F001162,0.0,0.3472361809045226,0.3055555555555556,0.3469443332443555,0.5,1.0,1.0,1.0,0.5,real,3,0.9587939698492463,0.3472361809045226,0.3135678391959799,0.15678391959798996,0.629720461604505,0.4431186081159566
F001163,0.0,0.3472361809045226,0.5555555555555556,0.5357583756107197,0.25,1.0,1.0,1.0,0.25,real,3,0.8304020100502513,0.3472361809045226,0.6384422110552764,0.3192211055276382,0.6802828527057397,0.5014729110376
F001164,0.0,0.3472361809045226,0.4166666666666667,1.0408329997330663,0.25,1.0,1.0,1.0,0.25,real,3,0.8304020100502513,0.3472361809045226,0.978140703517588,0.489070351758794,0.8213260081816116,0.5835382629226535
F001165,0.125,0.7962311557788945,0.625,0.25,0.0,1.0,1.0,1.0,0.0,real,3,0.3701005025125628,0.7962311557788945,0.13618090452261306,0.06809045226130653,0.2102505618544986,0.767215726875584
F001166,0.1485783278408043,0.8120603015075377,0.7361111111111112,0.6472877887628358,0.0,1.0,1.0,1.0,0.0,real,3,0.3701005025125628,0.8120603015075377,0.771105527638191,0.3855527638190955,0.3277435228908361,0.6416614795080933
F001167,0.2154167222667111,0.879145728643216,0.6944444444444444,0.3469443332443555,0.0,1.0,1.0,1.0,0.0,real,3,0.3701005025125628,0.879145728643216,0.3135678391959799,0.15678391959798996,0.24307605868538676,0.7993356228378071
F001168,0.0,0.3472361809045226,0.2777777777777778,0.5091750772173156,0.0,1.0,1.0,1.0,0.0,real,3,0.3701005025125628,0.3472361809045226,0.592462311557789,0.2962311557788945,0.29468555086992754,0.35400930532057273
F001169,0.0,0.3472361809045226,0.361111111111111,0.7515416254704824,0.25,1.0,1.0,1.0,0.25,real,3,0.8304020100502513,0.3472361809045226,0.8670854271356784,0.4335427135678392,0.7752157458144996,0.5567092055756168
F001170,0.0,0.3472361809045226,0.3472222222222222,0.488288773090193,0.25,1.0,1.0,1.0,0.25,real,3,0.8304020100502513,0.3472361809045226,0.514070351758794,0.257035175879397,0.6286435317289967,0.4714267947779096
F001171,0.0521012318616071,0.742713567839196,0.6944444444444444,0.6735753140545634,0.0,1.0,1.0,1.0,0.0,real,3,0.3701005025125628,0.742713567839196,0.8133165829145729,0.40665829145728644,0.3355546892755234,0.591187375318805
F001172,0.0223290993692601,0.7115577889447237,0.5833333333333334,0.2886751345948129,0.0,1.0,1.0,1.0,0.0,real,3,0.3701005025125628,0.7115577889447237,0.22688442211055276,0.11344221105527638,0.22703527057397543,0.6728221193909245
F001173,0.0,0.3472361809045226,0.3194444444444444,0.3757708127352411,0.0,1.0,1.0,1.0,0.0,real,3,0.3701005025125628,0.3472361809045226,0.3314070351758794,0.1657035175879397,0.24637720638367716,0.3510248794222368
F001174,0.0,0.3472361809045226,0.4444444444444444,0.5357583756107198,0.5,1.0,1.0,1.0,0.5,real,3,0.9587939698492463,0.3472361809045226,0.6459798994974875,0.32298994974874373,0.7890778010656296,0.5447632004242318
F001175,0.0,0.3472361809045226,0.5277777777777778,0.4194352464039305,0.0,1.0,1.0,1.0,0.0,real,3,0.3701005025125628,0.3472361809045226,0.43366834170854274,0.21683417085427137,0.26530068685134217,0.35219394712254737
F001176,0.0,0.3472361809045226,0.25,0.5,0.0,1.0,1.0,1.0,0.0,real,3,0.3701005025125628,0.3472361809045226,0.5492462311557789,0.27462311557788943,0.2866884043332239,0.3535152521400975
F001177,0.0,0.3472361809045226,0.2777777777777778,0.0962250448649376,0.0,1.0,1.0,1.0,0.0,real,3,0.3701005025125628,0.3472361809045226,0.022110552763819097,0.011055276381909548,0.1891418146006414,0.34748895229918436
F001178,0.0521012318616071,0.742713567839196,0.6944444444444444,0.6735753140545634,0.0,1.0,1.0,1.0,0.0,real,3,0.3701005025125628,0.742713567839196,0.8133165829145729,0.40665829145728644,0.3355546892755234,0.591187375318805
F001179,0.0,0.3472361809045226,0.375,0.25,0.0,1.0,1.0,1.0,0.0,real,3,0.3701005025125628,0.3472361809045226,0.13618090452261306,0.06809045226130653,0.2102505618544986,0.348793022903462
F001180,0.01116454968463,0.6977386934673366,0.5416666666666666,0.1443375672974064,0.0,1.0,1.0,1.0,0.0,real,3,0.3701005025125628,0.6977386934673366,0.06155778894472362,0.03077889447236181,0.19644153556728366,0.6876543521628241
F001181,0.0,0.3472361809045226,0.6388888888888888,0.7515416254704823,0.0,1.0,1.0,1.0,0.0,real,3,0.3701005025125628,0.3472361809045226,0.8610552763819096,0.4305276381909548,0.34438874649630064,0.3570799032852705
F001182,0.0,0.3472361809045226,0.3472222222222222,0.6684005230842202,0.0,1.0,1.0,1.0,0.0,real,3,0.3701005025125628,0.3472361809045226,0.7989949748743719,0.39949748743718594,0.3329044721092902,0.3563704199388904
F001183,0.0,0.3472361809045226,0.5277777777777778,0.8221471437193746,0.0,1.0,1.0,1.0,0.0,real,3,0.3701005025125628,0.3472361809045226,0.9118090452261306,0.4559045226130653,0.35378074417312694,0.3576601285321077
F001184,0.0,0.3472361809045226,0.4444444444444444,0.5357583756107198,0.0,1.0,1.0,1.0,0.0,real,3,0.3701005025125628,0.3472361809045226,0.6459798994974875,0.32298994974874373,0.3045889939647989,0.35462112699174264
F001185,0.125,0.7962311557788945,0.625,0.25,0.0,1.0,1.0,1.0,0.0,real,3,0.3701005025125628,0.7962311557788945,0.13618090452261306,0.06809045226130653,0.2102505618544986,0.767215726875584
F001186,0.0,0.3472361809045226,0.3472222222222222,0.488288773090193,0.0,1.0,1.0,1.0,0.0,real,3,0.3701005025125628,0.3472361809045226,0.514070351758794,0.257035175879397,0.2801790990126512,0.35311311583040833
F001187,0.0,0.3472361809045226,0.375,0.6614378277661477,0.0,1.0,1.0,1.0,0.0,real,3,0.3701005025125628,0.3472361809045226,0.7871859296482412,0.3935929648241206,0.3307192053230979,0.35623541703492334
F001188,0.0,0.3472361809045226,0.5694444444444444,0.4276334532872403,0.0,1.0,1.0,1.0,0.0,real,3,0.3701005025125628,0.3472361809045226,0.4505025125628141,0.22525125628140705,0.2684158543976162,0.3523863980707558
F001189,0.0,0.3472361809045226,0.5138888888888888,0.2926570486903538,0.0,1.0,1.0,1.0,0.0,real,3,0.3701005025125628,0.3472361809045226,0.24949748743718592,0.12474874371859296,0.2312198239943436,0.35008847630110346
F001190,0.0,0.3472361809045226,0.3333333333333333,0.2886751345948129,0.0,1.0,1.0,1.0,0.0,real,3,0.3701005025125628,0.3472361809045226,0.22688442211055276,0.11344221105527638,0.22703527057397543,0.34982996010201756
F001191,0.0219364186574703,0.7055276381909548,0.6527777777777778,0.5672382737961704,0.0,1.0,1.0,1.0,0.0,real,3,0.3701005025125628,0.7055276381909548,0.6540201005025126,0.3270100502512563,0.30607683518092976,0.5958395936971288
F001192,0.0,0.3472361809045226,0.625,0.9013878188659972,0.0,1.0,1.0,1.0,0.0,real,3,0.3701005025125628,0.3472361809045226,0.9449748743718593,0.47248743718592967,0.35991808918966695,0.35803928562410037
F001193,0.0,0.3472361809045226,0.5,0.5,0.25,1.0,1.0,1.0,0.25,real,3,0.8304020100502513,0.3472361809045226,0.5492462311557789,0.27462311557788943,0.6432485922072675,0.4799246862452968
F001194,0.0521012318616071,0.742713567839196,0.6944444444444444,0.6735753140545634,0.0,1.0,1.0,1.0,0.0,real,3,0.3701005025125628,0.742713567839196,0.8133165829145729,0.40665829145728644,0.3355546892755234,0.591187375318805
F001195,0.0,0.3472361809045226,0.5138888888888888,0.2926570486903538,0.0,1.0,1.0,1.0,0.0,real,3,0.3701005025125628,0.3472361809045226,0.24949748743718592,0.12474874371859296,0.2312198239943436,0.35008847630110346
F001196,0.0,0.3472361809045226,0.1527777777777777,0.3367876570272816,0.0,1.0,1.0,1.0,0.0,real,3,0.3701005025125628,0.3472361809045226,0.2698492462311558,0.1349246231155779,0.23498592207267494,0.3503211408802808
F001197,0.0,0.3472361809045226,0.4305555555555555,0.4276334532872403,0.25,1.0,1.0,1.0,0.25,real,3,0.8304020100502513,0.3472361809045226,0.4505025125628141,0.22525125628140705,0.6022501010075504,0.45606989091184563
F001198,0.0,0.3472361809045226,0.2222222222222222,0.5091750772173156,0.0,1.0,1.0,1.0,0.0,real,3,0.3701005025125628,0.3472361809045226,0.592462311557789,0.2962311557788945,0.29468555086992754,0.35400930532057273
F001199,0.25,0.907286432160804,0.75,0.5,0.0,1.0,1.0,1.0,0.0,real,3,0.3701005025125628,0.907286432160804,0.5492462311557789,0.27462311557788943,0.2866884043332239,0.759762758516199
F001200,0.25,0.907286432160804,0.75,0.5,0.0,1.0,1.0,1.0,0.0,real,3,0.3701005025125628,0.907286432160804,0.5492462311557789,0.27462311557788943,0.2866884043332239,0.759762758516199
F001201,0.0,0.3472361809045226,0.3888888888888889,0.4811252243246881,0.0,1.0,1.0,1.0,0.0,real,3,0.3701005025125628,0.3472361809045226,0.49271356783919595,0.24635678391959798,0.27622702078230343,0.35286896164238274
F001202,0.0,0.3472361809045226,0.2916666666666666,0.8036375634160796,0.0,1.0,1.0,1.0,0.0,real,3,0.3701005025125628,0.3472361809045226,0.9057788944723618,0.4528894472361809,0.35266486326102875,0.35759119087901825
F001203,0.0,0.3472361809045226,0.4861111111111111,0.9141379262169076,0.0,1.0,1.0,1.0,0.0,real,3,0.3701005025125628,0.3472361809045226,0.9469849246231156,0.4734924623115578,0.36029004949369964,0.35806226484179693
F001204,0.0,0.3472361809045226,0.4583333333333333,0.1443375672974064,0.25,1.0,1.0,1.0,0.25,real,3,0.8304020100502513,0.3472361809045226,0.06155778894472362,0.03077889447236181,0.44075986086209945,0.36210749097245015
F001205,0.0483797153000638,0.7306532663316583,0.6805555555555556,0.6254627916220946,0.5,1.0,1.0,1.0,0.5,real,3,0.9587939698492463,0.7306532663316583,0.714824120603015,0.3574120603015075,0.8220815130931037,0.8121935052145148
F001206,0.0,0.3472361809045226,0.6527777777777778,0.6684005230842202,0.0,1.0,1.0,1.0,0.0,real,3,0.3701005025125628,0.3472361809045226,0.7989949748743719,0.39949748743718594,0.3329044721092902,0.3563704199388904
F001207,0.1889957660359268,0.8582914572864322,0.6666666666666666,0.2886751345948129,0.0,1.0,1.0,1.0,0.0,real,3,0.3701005025125628,0.8582914572864322,0.22688442211055276,0.11344221105527638,0.22703527057397543,0.802909995959698
F001208,0.1564584167334001,0.8437185929648241,0.7083333333333334,0.5204164998665332,0.0,1.0,1.0,1.0,0.0,real,3,0.3701005025125628,0.8437185929648241,0.6203517587939699,0.31017587939698493,0.2998465000883816,0.6968136852604732
F001209,0.0,0.3472361809045226,0.5555555555555556,0.6735753140545634,0.0,1.0,1.0,1.0,0.0,real,3,0.3701005025125628,0.3472361809045226,0.8133165829145729,0.40665829145728644,0.3355546892755234,0.3565341468649781
F001210,0.0,0.3472361809045226,0.5972222222222222,0.393817968854384,0.25,1.0,1.0,1.0,0.25,real,3,0.8304020100502513,0.3472361809045226,0.40251256281407033,0.20125628140703516,0.5823246256407666,0.4444763389813388
F001211,0.0,0.3472361809045226,0.3472222222222222,0.488288773090193,0.0,1.0,1.0,1.0,0.0,real,3,0.3701005025125628,0.3472361809045226,0.514070351758794,0.257035175879397,0.2801790990126512,0.35311311583040833
F001212,0.0,0.3472361809045226,0.6388888888888888,0.8552669065744807,0.0,1.0,1.0,1.0,0.0,real,3,0.3701005025125628,0.3472361809045226,0.9228643216080402,0.4614321608040201,0.355826525845307,0.35778651422943863
F001213,0.0,0.3472361809045226,0.2916666666666666,0.5204164998665332,0.0,1.0,1.0,1.0,0.0,real,3,0.3701005025125628,0.3472361809045226,0.6203517587939699,0.31017587939698493,0.2998465000883816,0.35432814196611195
F001214,0.0,0.3472361809045226,0.2361111111111111,0.2097176232019652,0.0,1.0,1.0,1.0,0.0,real,3,0.3701005025125628,0.3472361809045226,0.10854271356783919,0.054271356783919596,0.20513610767404863,0.3484770586601348
F001215,0.0,0.3472361809045226,0.1944444444444444,0.3469443332443554,0.0,1.0,1.0,1.0,0.0,real,3,0.3701005025125628,0.3472361809045226,0.2914572864321608,0.1457286432160804,0.23898449534102673,0.3505681674705184
F001216,0.0,0.3472361809045226,0.2916666666666666,0.8036375634160796,0.0,1.0,1.0,1.0,0.0,real,3,0.3701005025125628,0.3472361809045226,0.9057788944723618,0.4528894472361809,0.35266486326102875,0.35759119087901825
F001217,0.2257260127101733,0.8974874371859296,0.7083333333333334,0.3818813079129866,0.25,1.0,1.0,1.0,0.25,real,3,0.8304020100502513,0.8974874371859296,0.34723618090452263,0.17361809045226131,0.5593738163177697,0.8858401934294589
F001218,0.3222409918479341,0.9381909547738694,0.7638888888888888,0.4110735718596873,0.0,1.0,1.0,1.0,0.0,real,3,0.3701005025125628,0.9381909547738694,0.42135678391959797,0.21067839195979898,0.2630224299891417,0.8185065718037423
F001219,0.0,0.3472361809045226,0.4305555555555555,0.4276334532872403,0.5,1.0,1.0,1.0,0.5,real,3,0.9587939698492463,0.3472361809045226,0.4505025125628141,0.22525125628140705,0.6953665311482033,0.48499034115300116
F001220,0.0,0.3472361809045226,0.3472222222222222,0.3367876570272817,0.0,1.0,1.0,1.0,0.0,real,3,0.3701005025125628,0.3472361809045226,0.2778894472361809,0.13894472361809046,0.23647376328880587,0.35041305775106685
F001221,0.1485783278408043,0.8120603015075377,0.7361111111111112,0.6472877887628358,0.5,1.0,1.0,1.0,0.5,real,3,0.9587939698492463,0.8120603015075377,0.771105527638191,0.3855527638190955,0.8490626499330824,0.868633872881998
F001222,0.0,0.3472361809045226,0.7083333333333334,1.0103629710818451,0.0,1.0,1.0,1.0,0.0,real,3,0.3701005025125628,0.3472361809045226,0.9660804020100503,0.48304020100502515,0.3638236723820106,0.3582805674099139
F001223,0.0148478849586268,0.7010050251256281,0.7083333333333334,0.8036375634160796,0.25,1.0,1.0,1.0,0.25,real,3,0.8304020100502513,0.7010050251256281,0.9057788944723618,0.4528894472361809,0.7912813123405974,0.7596075541021692
F001224,0.2154167222667111,0.879145728643216,0.6944444444444444,0.3469443332443555,0.0,1.0,1.0,1.0,0.0,real,3,0.3701005025125628,0.879145728643216,0.3135678391959799,0.15678391959798996,0.24307605868538676,0.7993356228378071
F001225,0.0,0.3472361809045226,0.4305555555555555,0.4276334532872403,0.0,1.0,1.0,1.0,0.0,real,3,0.3701005025125628,0.3472361809045226,0.4505025125628141,0.22525125628140705,0.2684158543976162,0.3523863980707558
F001226,0.0,0.3472361809045226,0.5138888888888888,0.2926570486903538,0.5,1.0,1.0,1.0,0.5,real,3,0.9587939698492463,0.3472361809045226,0.24949748743718592,0.12474874371859296,0.5990053281482791,0.4235272467866973
F001227,0.0,0.3472361809045226,0.0833333333333333,0.2886751345948128,0.0,1.0,1.0,1.0,0.0,real,3,0.3701005025125628,0.3472361809045226,0.20376884422110553,0.10188442211055276,0.22275772707759908,0.34956569909850754
F001228,0.0,0.3472361809045226,0.6388888888888888,0.7515416254704823,0.0,1.0,1.0,1.0,0.0,real,3,0.3701005025125628,0.3472361809045226,0.8610552763819096,0.4305276381909548,0.34438874649630064,0.3570799032852705
F001229,0.0,0.3472361809045226,0.4027777777777778,0.1734721666221777,0.25,1.0,1.0,1.0,0.25,real,3,0.8304020100502513,0.3472361809045226,0.08417085427135679,0.042085427135678394,0.45014882831241637,0.36757042120148475
F001230,0.0,0.3472361809045226,0.5555555555555556,0.5357583756107197,0.0,1.0,1.0,1.0,0.0,real,3,0.3701005025125628,0.3472361809045226,0.6384422110552764,0.3192211055276382,0.30319414282467616,0.3545349549253807
F001231,0.2154167222667111,0.879145728643216,0.6944444444444444,0.3469443332443555,0.0,1.0,1.0,1.0,0.0,real,3,0.3701005025125628,0.879145728643216,0.3135678391959799,0.15678391959798996,0.24307605868538676,0.7993356228378071
F001232,0.0,0.3472361809045226,0.4861111111111111,0.2926570486903539,0.0,1.0,1.0,1.0,0.0,real,3,0.3701005025125628,0.3472361809045226,0.2608040201005025,0.13040201005025126,0.23331210070452765,0.3502177344006464
F001233,0.0,0.3472361809045226,0.3472222222222222,0.488288773090193,0.0,1.0,1.0,1.0,0.0,real,3,0.3701005025125628,0.3472361809045226,0.514070351758794,0.257035175879397,0.2801790990126512,0.35311311583040833
F001234,0.061411169010459,0.7545226130653266,0.6527777777777778,0.488288773090193,0.0,1.0,1.0,1.0,0.0,real,3,0.3701005025125628,0.7545226130653266,0.514070351758794,0.257035175879397,0.2801790990126512,0.655712608267468
F001235,0.3779915320718537,0.9507537688442212,0.8333333333333333,0.5773502691896258,0.0,1.0,1.0,1.0,0.0,real,3,0.3701005025125628,0.9507537688442212,0.6758793969849246,0.3379396984924623,0.3101219034872857,0.7545279790914372
F001236,0.0,0.3472361809045226,0.3611111111111111,0.2545875386086578,0.0,1.0,1.0,1.0,0.0,real,3,0.3701005025125628,0.3472361809045226,0.17336683417085427,0.08668341708542714,0.21713182747910406,0.34921813843084765
F001237,0.0,0.3472361809045226,0.25,0.5,0.0,1.0,1.0,1.0,0.0,real,3,0.3701005025125628,0.3472361809045226,0.5492462311557789,0.27462311557788943,0.2866884043332239,0.3535152521400975
F001238,0.0,0.3472361809045226,0.4166666666666667,1.0408329997330663,0.5,1.0,1.0,1.0,0.5,real,3,0.9587939698492463,0.3472361809045226,0.978140703517588,0.489070351758794,0.9483146890230045,0.6463309638645489
F001239,0.2154167222667111,0.879145728643216,0.6944444444444444,0.3469443332443555,0.25,1.0,1.0,1.0,0.25,real,3,0.8304020100502513,0.879145728643216,0.3135678391959799,0.15678391959798996,0.5453946870028535,0.8715034973864296
F001240,0.0,0.3472361809045226,0.375,0.25,0.5,1.0,1.0,1.0,0.5,real,3,0.9587939698492463,0.3472361809045226,0.13618090452261306,0.06809045226130653,0.5446816999570717,0.3888774273376935
F001241,0.0148860662461734,0.7022613065326633,0.5555555555555556,0.1924500897298752,0.0,1.0,1.0,1.0,0.0,real,3,0.3701005025125628,0.7022613065326633,0.09321608040201006,0.04660804020100503,0.2022999103557991,0.6867799424256963
F001242,0.0,0.3472361809045226,0.4583333333333333,0.1443375672974064,0.25,1.0,1.0,1.0,0.25,real,3,0.8304020100502513,0.3472361809045226,0.06155778894472362,0.03077889447236181,0.44075986086209945,0.36210749097245015
F001243,0.0,0.3472361809045226,0.4722222222222222,0.9179284245476838,0.0,1.0,1.0,1.0,0.0,real,3,0.3701005025125628,0.3472361809045226,0.9510050251256281,0.47550251256281406,0.36103397010176513,0.35810822327718994
F001244,0.2224894150898172,0.8891959798994975,0.7916666666666667,0.7216878364870323,0.0,1.0,1.0,1.0,0.0,real,3,0.3701005025125628,0.8891959798994975,0.8472361809045226,0.4236180904522613,0.3418315194060756,0.6692977450064392
F001245,0.0,0.3472361809045226,0.375,1.0897247358851685,0.0,1.0,1.0,1.0,0.0,real,3,0.3701005025125628,0.3472361809045226,0.9899497487437185,0.4949748743718593,0.3682407009923992,0.3585534456200601
F001246,0.4229189661767951,0.9630653266331658,0.7638888888888888,0.2097176232019653,0.0,1.0,1.0,1.0,0.0,real,3,0.3701005025125628,0.9630653266331658,0.11809045226130653,0.059045226130653265,0.20690291911820408,0.9280535845054417
F001247,0.125,0.7962311557788945,0.625,0.25,0.0,1.0,1.0,1.0,0.0,real,3,0.3701005025125628,0.7962311557788945,0.13618090452261306,0.06809045226130653,0.2102505618544986,0.767215726875584
F001248,0.1504840084734488,0.8301507537688442,0.6388888888888888,0.2545875386086578,0.25,1.0,1.0,1.0,0.25,real,3,0.8304020100502513,0.8301507537688442,0.17336683417085427,0.08668341708542714,0.4871830888108886,0.8301725335218807
F001249,0.0,0.3472361809045226,0.2222222222222222,0.5091750772173156,0.0,1.0,1.0,1.0,0.0,real,3,0.3701005025125628,0.3472361809045226,0.592462311557789,0.2962311557788945,0.29468555086992754,0.35400930532057273
F001250,0.0,0.3472361809045226,0.5555555555555556,0.5357583756107197,0.0,1.0,1.0,1.0,0.0,real,3,0.3701005025125628,0.3472361809045226,0.6384422110552764,0.3192211055276382,0.30319414282467616,0.3545349549253807
F001251,0.25,0.907286432160804,0.75,0.5,0.5,1.0,1.0,1.0,0.5,real,3,0.9587939698492463,0.907286432160804,0.5492462311557789,0.27462311557788943,0.7427039721219161,0.9214315926365495
F001252,0.0,0.3472361809045226,0.25,0.8660254037844386,0.25,1.0,1.0,1.0,0.25,real,3,0.8304020100502513,0.3472361809045226,0.9336683417085427,0.46683417085427137,0.802861038862655,0.5727945001388854
F001253,0.0,0.3472361809045226,0.25,0.5,0.5,1.0,1.0,1.0,0.5,real,3,0.9587939698492463,0.3472361809045226,0.5492462311557789,0.27462311557788943,0.7427039721219161,0.515184086260448
F001254,0.1889957660359268,0.8582914572864322,0.6666666666666666,0.2886751345948129,0.0,1.0,1.0,1.0,0.0,real,3,0.3701005025125628,0.8582914572864322,0.22688442211055276,0.11344221105527638,0.22703527057397543,0.802909995959698
F001255,0.0,0.3472361809045226,0.5694444444444444,0.4738533919231106,0.0,1.0,1.0,1.0,0.0,real,3,0.3701005025125628,0.3472361809045226,0.48391959798994977,0.24195979899497488,0.2745996944521603,0.3527684275649604
F001256,0.0,0.3472361809045226,0.6111111111111112,0.693888666488711,0.0,1.0,1.0,1.0,0.0,real,3,0.3701005025125628,0.3472361809045226,0.828894472361809,0.4144472361809045,0.338437381631777,0.3567122358021262
F001257,0.0,0.3472361809045226,0.4444444444444445,0.6735753140545634,0.25,1.0,1.0,1.0,0.25,real,3,0.8304020100502513,0.3472361809045226,0.8133165829145729,0.40665829145728644,0.7528908676548572,0.5437195714754678
F001258,0.0,0.3472361809045226,0.25,0.5,0.0,1.0,1.0,1.0,0.0,real,3,0.3701005025125628,0.3472361809045226,0.5492462311557789,0.27462311557788943,0.2866884043332239,0.3535152521400975
F001259,0.0148860662461734,0.7022613065326633,0.5555555555555556,0.1924500897298752,0.0,1.0,1.0,1.0,0.0,real,3,0.3701005025125628,0.7022613065326633,0.09321608040201006,0.04660804020100503,0.2022999103557991,0.6867799424256963
F001260,0.1504840084734488,0.8301507537688442,0.6388888888888888,0.2545875386086578,0.0,1.0,1.0,1.0,0.0,real,3,0.3701005025125628,0.8301507537688442,0.17336683417085427,0.08668341708542714,0.21713182747910406,0.7902720259589404
F001261,0.0,0.3472361809045226,0.3194444444444444,0.6254627916220946,0.0,1.0,1.0,1.0,0.0,real,3,0.3701005025125628,0.3472361809045226,0.714824120603015,0.3574120603015075,0.31732863437791975,0.3554081651978485
F001262,0.0,0.3472361809045226,0.3888888888888889,0.4811252243246881,0.25,1.0,1.0,1.0,0.25,real,3,0.8304020100502513,0.3472361809045226,0.49271356783919595,0.24635678391959798,0.6197761735814752,0.46626736067271024
F001263,0.0,0.3472361809045226,0.1111111111111111,0.3849001794597505,0.25,1.0,1.0,1.0,0.25,real,3,0.8304020100502513,0.3472361809045226,0.3763819095477387,0.18819095477386935,0.5714751521426227,0.4381636196055655
F001264,0.0,0.3472361809045226,0.4444444444444444,0.5357583756107198,0.0,1.0,1.0,1.0,0.0,real,3,0.3701005025125628,0.3472361809045226,0.6459798994974875,0.32298994974874373,0.3045889939647989,0.35462112699174264
F001265,0.0,0.3472361809045226,0.1388888888888888,0.2545875386086578,0.0,1.0,1.0,1.0,0.0,real,3,0.3701005025125628,0.3472361809045226,0.17336683417085427,0.08668341708542714,0.21713182747910406,0.34921813843084765
F001266,0.1485783278408043,0.8120603015075377,0.7361111111111112,0.6472877887628358,0.5,1.0,1.0,1.0,0.5,real,3,0.9587939698492463,0.8120603015075377,0.771105527638191,0.3855527638190955,0.8490626499330824,0.868633872881998
F001267,0.1898569058357866,0.8683417085427135,0.7222222222222222,0.5091750772173156,0.0,1.0,1.0,1.0,0.0,real,3,0.3701005025125628,0.8683417085427135,0.592462311557789,0.2962311557788945,0.29468555086992754,0.7207471402237318
F001268,0.1020902318637188,0.7766331658291458,0.7083333333333334,0.6291528696058958,0.25,1.0,1.0,1.0,0.25,real,3,0.8304020100502513,0.7766331658291458,0.7339195979899498,0.3669597989949749,0.7199251597181889,0.7963641700967148
F001269,0.0,0.3472361809045226,0.3055555555555556,0.7876359377087682,0.25,1.0,1.0,1.0,0.25,real,3,0.8304020100502513,0.3472361809045226,0.9,0.45,0.7888819095477386,0.5646608040201005
F001270,0.2974642264589466,0.9216080402010052,0.6805555555555556,0.1272937693043289,0.25,1.0,1.0,1.0,0.25,real,3,0.8304020100502513,0.9216080402010052,0.04195979899497487,0.020979899497487436,0.43262275573849146,0.9196945468548775
F001271,0.0,0.3472361809045226,0.4444444444444444,0.5357583756107198,0.0,1.0,1.0,1.0,0.0,real,3,0.3701005025125628,0.3472361809045226,0.6459798994974875,0.32298994974874373,0.3045889939647989,0.35462112699174264
F001272,0.0,0.3472361809045226,0.625,1.0897247358851685,0.25,1.0,1.0,1.0,0.25,real,3,0.8304020100502513,0.3472361809045226,0.9899497487437185,0.4949748743718593,0.8262291356278881,0.5863911264867049
F001273,0.0,0.3472361809045226,0.3472222222222222,0.6684005230842202,0.5,1.0,1.0,1.0,0.5,real,3,0.9587939698492463,0.3472361809045226,0.7989949748743719,0.39949748743718594,0.862432766849322,0.5915519810105805
F001274,0.0,0.3472361809045226,0.3472222222222222,0.6988747569671736,0.0,1.0,1.0,1.0,0.0,real,3,0.3701005025125628,0.3472361809045226,0.8361809045226131,0.41809045226130653,0.3397857377338956,0.35679553546627607
F001275,0.0,0.3472361809045226,0.2361111111111111,0.2097176232019652,0.25,1.0,1.0,1.0,0.25,real,3,0.8304020100502513,0.3472361809045226,0.10854271356783919,0.054271356783919596,0.4602680487866468,0.3734582460038887
F001276,0.0,0.3472361809045226,0.5694444444444444,0.7469072033193752,0.0,1.0,1.0,1.0,0.0,real,3,0.3701005025125628,0.3472361809045226,0.8560301507537689,0.42801507537688444,0.3434588457362188,0.35702245524102927
F001277,0.0,0.3472361809045226,0.25,0.5,0.0,1.0,1.0,1.0,0.0,real,3,0.3701005025125628,0.3472361809045226,0.5492462311557789,0.27462311557788943,0.2866884043332239,0.3535152521400975
F001278,0.0,0.3472361809045226,0.5972222222222222,0.393817968854384,0.0,1.0,1.0,1.0,0.0,real,3,0.3701005025125628,0.3472361809045226,0.40251256281407033,0.20125628140703516,0.25953530213883486,0.3518377692482513
F001279,0.0,0.3472361809045226,0.5138888888888888,0.2926570486903538,0.5,1.0,1.0,1.0,0.5,real,3,0.9587939698492463,0.3472361809045226,0.24949748743718592,0.12474874371859296,0.5990053281482791,0.4235272467866973
F001280,0.0483797153000638,0.7306532663316583,0.6805555555555556,0.6254627916220946,0.0,1.0,1.0,1.0,0.0,real,3,0.3701005025125628,0.7306532663316583,0.714824120603015,0.3574120603015075,0.31732863437791975,0.6017873601676725
F001281,0.0,0.3472361809045226,0.2361111111111111,0.2097176232019652,0.0,1.0,1.0,1.0,0.0,real,3,0.3701005025125628,0.3472361809045226,0.10854271356783919,0.054271356783919596,0.20513610767404863,0.3484770586601348
F001282,0.0223290993692601,0.7115577889447237,0.5833333333333334,0.2886751345948129,0.25,1.0,1.0,1.0,0.25,real,3,0.8304020100502513,0.7115577889447237,0.22688442211055276,0.11344221105527638,0.509403645109972,0.7250397401580768
F001283,0.0,0.3472361809045226,0.25,0.5,0.0,1.0,1.0,1.0,0.0,real,3,0.3701005025125628,0.3472361809045226,0.5492462311557789,0.27462311557788943,0.2866884043332239,0.3535152521400975
F001284,0.3963319220119756,0.9587939698492464,0.7222222222222222,0.0962250448649376,0.0,1.0,1.0,1.0,0.0,real,3,0.3701005025125628,0.9587939698492464,0.022110552763819097,0.011055276381909548,0.1891418146006414,0.9522858008636147
F001285,0.0,0.3472361809045226,0.5138888888888888,0.2926570486903538,0.0,1.0,1.0,1.0,0.0,real,3,0.3701005025125628,0.3472361809045226,0.24949748743718592,0.12474874371859296,0.2312198239943436,0.35008847630110346
F001286,0.0483797153000638,0.7306532663316583,0.6805555555555556,0.6254627916220946,0.25,1.0,1.0,1.0,0.25,real,3,0.8304020100502513,0.7306532663316583,0.714824120603015,0.3574120603015075,0.7119966983156991,0.7663046703366077
F001287,0.2154167222667111,0.879145728643216,0.6944444444444444,0.3469443332443555,0.25,1.0,1.0,1.0,0.25,real,3,0.8304020100502513,0.879145728643216,0.3135678391959799,0.15678391959798996,0.5453946870028535,0.8715034973864296
F001288,0.5949284529178934,0.992211055276382,0.8611111111111112,0.2545875386086578,0.0,1.0,1.0,1.0,0.0,real,3,0.3701005025125628,0.992211055276382,0.17336683417085427,0.08668341708542714,0.21713182747910406,0.9382843867579103
F001289,0.0,0.3472361809045226,0.375,0.4330127018922193,0.25,1.0,1.0,1.0,0.25,real,3,0.8304020100502513,0.3472361809045226,0.4663316582914573,0.23316582914572864,0.6088223782227721,0.45989394207216994
F001290,0.0,0.3472361809045226,0.4027777777777778,0.7561476438231223,0.0,1.0,1.0,1.0,0.0,real,3,0.3701005025125628,0.3472361809045226,0.8706030150753769,0.4353015075376884,0.34615555794045605,0.35718905456932903
F001291,0.0,0.3472361809045226,0.5416666666666666,0.3818813079129867,0.0,1.0,1.0,1.0,0.0,real,3,0.3701005025125628,0.3472361809045226,0.3608040201005025,0.18040201005025125,0.2518171258301558,0.35136095048104843
F001292,0.0,0.3472361809045226,0.5277777777777778,0.9179284245476838,0.0,1.0,1.0,1.0,0.0,real,3,0.3701005025125628,0.3472361809045226,0.9510050251256281,0.47550251256281406,0.36103397010176513,0.35810822327718994
F001293,0.125,0.7962311557788945,0.625,0.25,0.25,1.0,1.0,1.0,0.25,real,3,0.8304020100502513,0.7962311557788945,0.13618090452261306,0.06809045226130653,0.4717434534481452,0.7985578647003864
F001294,0.0,0.3472361809045226,0.2777777777777778,0.5091750772173156,0.25,1.0,1.0,1.0,0.25,real,3,0.8304020100502513,0.3472361809045226,0.592462311557789,0.2962311557788945,0.6611919522234287,0.49036495290522963
F001295,0.0,0.3472361809045226,0.6944444444444444,0.7876359377087682,0.0,1.0,1.0,1.0,0.0,real,3,0.3701005025125628,0.3472361809045226,0.9,0.45,0.35159547738693464,0.3575251256281407
F001296,0.1564584167334001,0.8437185929648241,0.7083333333333334,0.5204164998665332,0.0,1.0,1.0,1.0,0.0,real,3,0.3701005025125628,0.8437185929648241,0.6203517587939699,0.31017587939698493,0.2998465000883816,0.6968136852604732
F001297,0.0,0.3472361809045226,0.1805555555555555,0.1272937693043289,0.25,1.0,1.0,1.0,0.25,real,3,0.8304020100502513,0.3472361809045226,0.04195979899497487,0.020979899497487436,0.43262275573849146,0.35737295144062015
F001298,0.01116454968463,0.6977386934673366,0.5416666666666666,0.1443375672974064,0.0,1.0,1.0,1.0,0.0,real,3,0.3701005025125628,0.6977386934673366,0.06155778894472362,0.03077889447236181,0.19644153556728366,0.6876543521628241
F001299,0.0,0.3472361809045226,0.5833333333333334,0.7637626158259734,0.25,1.0,1.0,1.0,0.25,real,3,0.8304020100502513,0.3472361809045226,0.8836683417085427,0.44183417085427135,0.7821009886113988,0.5607153544102421
F001300,0.125,0.7962311557788945,0.625,0.25,0.25,1.0,1.0,1.0,0.25,real,3,0.8304020100502513,0.7962311557788945,0.13618090452261306,0.06809045226130653,0.4717434534481452,0.7985578647003864
F001301,0.0483797153000638,0.7306532663316583,0.6805555555555556,0.6254627916220946,0.0,1.0,1.0,1.0,0.0,real,3,0.3701005025125628,0.7306532663316583,0.714824120603015,0.3574120603015075,0.31732863437791975,0.6017873601676725
F001302,0.0,0.3472361809045226,0.2638888888888888,0.6472877887628358,0.25,1.0,1.0,1.0,0.25,real,3,0.8304020100502513,0.3472361809045226,0.771105527638191,0.3855527638190955,0.7353647950809322,0.5335221017146032
F001303,0.0,0.3472361809045226,0.5138888888888888,0.4589642122738418,0.25,1.0,1.0,1.0,0.25,real,3,0.8304020100502513,0.3472361809045226,0.47412060301507536,0.23706030150753768,0.6120563559001035,0.4617756180399485
F001304,0.25,0.907286432160804,0.75,0.5,0.0,1.0,1.0,1.0,0.0,real,3,0.3701005025125628,0.907286432160804,0.5492462311557789,0.27462311557788943,0.2866884043332239,0.759762758516199
F001305,0.0,0.3472361809045226,0.5694444444444444,0.5548606765399494,0.0,1.0,1.0,1.0,0.0,real,3,0.3701005025125628,0.3472361809045226,0.650251256281407,0.3251256281407035,0.30537940961086846,0.3546699578293477
F001306,0.0,0.3472361809045226,0.4305555555555555,0.4276334532872403,0.5,1.0,1.0,1.0,0.5,real,3,0.9587939698492463,0.3472361809045226,0.4505025125628141,0.22525125628140705,0.6953665311482033,0.48499034115300116
F001307,0.0,0.3472361809045226,0.6111111111111112,0.6309898162000305,0.0,1.0,1.0,1.0,0.0,real,3,0.3701005025125628,0.3472361809045226,0.7530150753768844,0.3765075376884422,0.3243958801545415,0.35584477033408246
F001308,0.0,0.3472361809045226,0.1805555555555555,0.1272937693043289,0.0,1.0,1.0,1.0,0.0,real,3,0.3701005025125628,0.3472361809045226,0.04195979899497487,0.020979899497487436,0.1928149226029646,0.3477158720739375
F001309,0.0334936490538903,0.7173366834170855,0.625,0.4330127018922193,0.0,1.0,1.0,1.0,0.0,real,3,0.3701005025125628,0.7173366834170855,0.4663316582914573,0.23316582914572864,0.2713450417918739,0.6363730713870862
F001310,0.125,0.7962311557788945,0.625,0.25,0.0,1.0,1.0,1.0,0.0,real,3,0.3701005025125628,0.7962311557788945,0.13618090452261306,0.06809045226130653,0.2102505618544986,0.767215726875584
F001311,0.0,0.3472361809045226,0.4861111111111111,0.4589642122738419,0.0,1.0,1.0,1.0,0.0,real,3,0.3701005025125628,0.3472361809045226,0.4766331658291457,0.23831658291457286,0.2732513383500417,0.3526851279008105
F001312,0.0,0.3472361809045226,0.6111111111111112,0.693888666488711,0.0,1.0,1.0,1.0,0.0,real,3,0.3701005025125628,0.3472361809045226,0.828894472361809,0.4144472361809045,0.338437381631777,0.3567122358021262
F001313,0.0,0.3472361809045226,0.4305555555555555,0.7469072033193751,0.25,1.0,1.0,1.0,0.25,real,3,0.8304020100502513,0.3472361809045226,0.8542713567839196,0.4271356783919598,0.7698953309259867,0.5536135451124972
F001314,0.1504840084734488,0.8301507537688442,0.6388888888888888,0.2545875386086578,0.0,1.0,1.0,1.0,0.0,real,3,0.3701005025125628,0.8301507537688442,0.17336683417085427,0.08668341708542714,0.21713182747910406,0.7902720259589404
F001315,0.0,0.3472361809045226,0.4166666666666667,0.2886751345948129,0.5,1.0,1.0,1.0,0.5,real,3,0.9587939698492463,0.3472361809045226,0.22688442211055276,0.11344221105527638,0.5881646928107876,0.4166126486704881
F001316,0.0,0.3472361809045226,0.6527777777777778,0.6988747569671736,0.0,1.0,1.0,1.0,0.0,real,3,0.3701005025125628,0.3472361809045226,0.8361809045226131,0.41809045226130653,0.3397857377338956,0.35679553546627607
F001317,0.2224894150898172,0.8891959798994975,0.7916666666666667,0.7216878364870323,0.0,1.0,1.0,1.0,0.0,real,3,0.3701005025125628,0.8891959798994975,0.8472361809045226,0.4236180904522613,0.3418315194060756,0.6692977450064392
F001318,0.0148860662461734,0.7022613065326633,0.5555555555555556,0.1924500897298752,0.0,1.0,1.0,1.0,0.0,real,3,0.3701005025125628,0.7022613065326633,0.09321608040201006,0.04660804020100503,0.2022999103557991,0.6867799424256963
F001319,0.0521012318616071,0.742713567839196,0.6944444444444444,0.6735753140545634,0.0,1.0,1.0,1.0,0.0,real,3,0.3701005025125628,0.742713567839196,0.8133165829145729,0.40665829145728644,0.3355546892755234,0.591187375318805
F001320,0.0,0.3472361809045226,0.5416666666666666,0.3818813079129867,0.0,1.0,1.0,1.0,0.0,real,3,0.3701005025125628,0.3472361809045226,0.3608040201005025,0.18040201005025125,0.2518171258301558,0.35136095048104843
F001321,0.0,0.3472361809045226,0.5694444444444444,0.4276334532872403,0.0,1.0,1.0,1.0,0.0,real,3,0.3701005025125628,0.3472361809045226,0.4505025125628141,0.22525125628140705,0.2684158543976162,0.3523863980707558
F001322,0.0,0.3472361809045226,0.0,0.0,0.25,1.0,1.0,1.0,0.25,real,3,0.8304020100502513,0.3472361809045226,0.00628140703517588,0.00314070351758794,0.4178090515391026,0.34875366152369885
F001323,0.0,0.3472361809045226,0.0555555555555555,0.1924500897298752,0.0,1.0,1.0,1.0,0.0,real,3,0.3701005025125628,0.3472361809045226,0.09321608040201006,0.04660804020100503,0.2022999103557991,0.3483018421251988
F001324,0.0,0.3472361809045226,0.3472222222222222,0.3367876570272817,0.0,1.0,1.0,1.0,0.0,real,3,0.3701005025125628,0.3472361809045226,0.2778894472361809,0.13894472361809046,0.23647376328880587,0.35041305775106685
F001325,0.4376389444889332,0.9698492462311558,0.8055555555555556,0.3469443332443555,0.0,1.0,1.0,1.0,0.0,real,3,0.3701005025125628,0.9698492462311558,0.3135678391959799,0.15678391959798996,0.24307605868538676,0.8758182874169844
F001326,0.0223290993692601,0.7115577889447237,0.5833333333333334,0.2886751345948129,0.25,1.0,1.0,1.0,0.25,real,3,0.8304020100502513,0.7115577889447237,0.22688442211055276,0.11344221105527638,0.509403645109972,0.7250397401580768
F001327,0.1485783278408043,0.8120603015075377,0.7361111111111112,0.6472877887628358,0.0,1.0,1.0,1.0,0.0,real,3,0.3701005025125628,0.8120603015075377,0.771105527638191,0.3855527638190955,0.3277435228908361,0.6416614795080933
F001328,0.1732257047434905,0.8535175879396985,0.6805555555555556,0.3757708127352412,0.0,1.0,1.0,1.0,0.0,real,3,0.3701005025125628,0.8535175879396985,0.3394472361809045,0.16972361809045225,0.24786504759980807,0.7714702911542638
F001329,0.0,0.3472361809045226,0.3611111111111111,0.2545875386086578,0.25,1.0,1.0,1.0,0.25,real,3,0.8304020100502513,0.3472361809045226,0.17336683417085427,0.08668341708542714,0.4871830888108886,0.389118645993788
F001330,0.1706553760958049,0.849748743718593,0.7777777777777777,0.769800358919501,0.0,1.0,1.0,1.0,0.0,real,3,0.3701005025125628,0.849748743718593,0.8879396984924623,0.4439698492462312,0.3493637155627383,0.6367993863791318
F001331,0.0,0.3472361809045226,0.5138888888888888,0.6142595663193329,0.0,1.0,1.0,1.0,0.0,real,3,0.3701005025125628,0.3472361809045226,0.7040201005025125,0.35201005025125626,0.3153293477437438,0.35528465190272973
F001332,0.0,0.3472361809045226,0.25,0.8660254037844386,0.0,1.0,1.0,1.0,0.0,real,3,0.3701005025125628,0.3472361809045226,0.9336683417085427,0.46683417085427137,0.35782581247948286,0.3579100275245575
F001333,0.0,0.3472361809045226,0.2222222222222222,0.5091750772173156,0.0,1.0,1.0,1.0,0.0,real,3,0.3701005025125628,0.3472361809045226,0.592462311557789,0.2962311557788945,0.29468555086992754,0.35400930532057273
F001334,0.0,0.3472361809045226,0.5972222222222222,0.393817968854384,0.5,1.0,1.0,1.0,0.5,real,3,0.9587939698492463,0.3472361809045226,0.40251256281407033,0.20125628140703516,0.6723602939319714,0.4703160273730461
F001335,0.0,0.3472361809045226,0.5277777777777778,0.4194352464039305,0.25,1.0,1.0,1.0,0.25,real,3,0.8304020100502513,0.3472361809045226,0.43366834170854274,0.21683417085427137,0.5952605363500922,0.4520030428524532
F001336,0.0,0.3472361809045226,0.1944444444444444,0.3469443332443554,0.0,1.0,1.0,1.0,0.0,real,3,0.3701005025125628,0.3472361809045226,0.2914572864321608,0.1457286432160804,0.23898449534102673,0.3505681674705184
F001337,0.5853276880479024,0.9879396984924624,0.8888888888888888,0.3849001794597506,0.0,1.0,1.0,1.0,0.0,real,3,0.3701005025125628,0.9879396984924624,0.385929648241206,0.192964824120603,0.2564666296305649,0.8687184667053863
F001338,0.0446581987385203,0.7221105527638191,0.6666666666666666,0.5773502691896258,0.0,1.0,1.0,1.0,0.0,real,3,0.3701005025125628,0.7221105527638191,0.6758793969849246,0.3379396984924623,0.3101219034872857,0.603152382515593
F001339,0.1485783278408043,0.8120603015075377,0.7361111111111112,0.6472877887628358,0.0,1.0,1.0,1.0,0.0,real,3,0.3701005025125628,0.8120603015075377,0.771105527638191,0.3855527638190955,0.3277435228908361,0.6416614795080933
F001340,0.0,0.3472361809045226,0.6527777777777778,0.6684005230842202,0.25,1.0,1.0,1.0,0.25,real,3,0.8304020100502513,0.3472361809045226,0.7989949748743719,0.39949748743718594,0.7469445216029899,0.5402597156637459
F001341,0.0,0.3472361809045226,0.3333333333333333,0.5773502691896258,0.0,1.0,1.0,1.0,0.0,real,3,0.3701005025125628,0.3472361809045226,0.6758793969849246,0.3379396984924623,0.3101219034872857,0.3549629428549784
F001342,0.0,0.3472361809045226,0.2777777777777778,0.0962250448649376,0.25,1.0,1.0,1.0,0.25,real,3,0.8304020100502513,0.3472361809045226,0.022110552763819097,0.011055276381909548,0.4243813287543244,0.3525777126840231
F001343,0.0,0.3472361809045226,0.6388888888888888,0.8552669065744807,0.0,1.0,1.0,1.0,0.0,real,3,0.3701005025125628,0.3472361809045226,0.9228643216080402,0.4614321608040201,0.355826525845307,0.35778651422943863
F001344,0.0,0.3472361809045226,0.3194444444444444,0.3757708127352411,0.5,1.0,1.0,1.0,0.5,real,3,0.9587939698492463,0.3472361809045226,0.3314070351758794,0.1657035175879397,0.6382725183707482,0.44857345774096613
F001345,0.0,0.3472361809045226,0.3333333333333333,0.7637626158259733,0.0,1.0,1.0,1.0,0.0,real,3,0.3701005025125628,0.3472361809045226,0.8768844221105527,0.43844221105527637,0.3473179338905583,0.3572608646246307
F001346,0.0,0.3472361809045226,0.4861111111111111,0.6142595663193329,0.0,1.0,1.0,1.0,0.0,real,3,0.3701005025125628,0.3472361809045226,0.7040201005025125,0.35201005025125626,0.3153293477437438,0.35528465190272973
F001347,0.0,0.3472361809045226,0.4861111111111111,0.6142595663193329,0.0,1.0,1.0,1.0,0.0,real,3,0.3701005025125628,0.3472361809045226,0.7040201005025125,0.35201005025125626,0.3153293477437438,0.35528465190272973
F001348,0.0,0.3472361809045226,0.5,1.0,0.0,1.0,1.0,1.0,0.0,real,3,0.3701005025125628,0.3472361809045226,0.9625628140703517,0.48128140703517586,0.3631727418499533,0.358240353778945
F001349,0.0521012318616071,0.742713567839196,0.6944444444444444,0.6735753140545634,0.5,1.0,1.0,1.0,0.5,real,3,0.9587939698492463,0.742713567839196,0.8133165829145729,0.40665829145728644,0.8692985025630666,0.8305844549380066
F001350,0.0,0.3472361809045226,0.0833333333333333,0.2886751345948128,0.0,1.0,1.0,1.0,0.0,real,3,0.3701005025125628,0.3472361809045226,0.20376884422110553,0.10188442211055276,0.22275772707759908,0.34956569909850754
F001351,0.0,0.3472361809045226,0.6111111111111112,0.693888666488711,0.0,1.0,1.0,1.0,0.0,real,3,0.3701005025125628,0.3472361809045226,0.828894472361809,0.4144472361809045,0.338437381631777,0.3567122358021262
F001352,0.061411169010459,0.7545226130653266,0.6527777777777778,0.488288773090193,0.5,1.0,1.0,1.0,0.5,real,3,0.9587939698492463,0.7545226130653266,0.514070351758794,0.257035175879397,0.7258407615969293,0.8070275371834046
F001353,0.2974642264589466,0.9216080402010052,0.6805555555555556,0.1272937693043289,0.0,1.0,1.0,1.0,0.0,real,3,0.3701005025125628,0.9216080402010052,0.04195979899497487,0.020979899497487436,0.1928149226029646,0.9100374674881948
F001354,0.0,0.3472361809045226,0.4305555555555555,0.9871864246620478,0.25,1.0,1.0,1.0,0.25,real,3,0.8304020100502513,0.3472361809045226,0.9590452261306532,0.4795226130653266,0.8133975467791218,0.5789251218403575
F001355,0.0,0.3472361809045226,0.375,1.0897247358851685,0.25,1.0,1.0,1.0,0.25,real,3,0.8304020100502513,0.3472361809045226,0.9899497487437185,0.4949748743718593,0.8262291356278881,0.5863911264867049
F001356,0.3009680169468978,0.9314070351758794,0.7777777777777778,0.5091750772173156,0.25,1.0,1.0,1.0,0.25,real,3,0.8304020100502513,0.9314070351758794,0.592462311557789,0.2962311557788945,0.6611919522234287,0.9014861998434383
F001357,0.1504840084734488,0.8301507537688442,0.6388888888888888,0.2545875386086578,0.0,1.0,1.0,1.0,0.0,real,3,0.3701005025125628,0.8301507537688442,0.17336683417085427,0.08668341708542714,0.21713182747910406,0.7902720259589404
F001358,0.0,0.3472361809045226,0.6388888888888888,0.8552669065744807,0.0,1.0,1.0,1.0,0.0,real,3,0.3701005025125628,0.3472361809045226,0.9228643216080402,0.4614321608040201,0.355826525845307,0.35778651422943863
F001359,0.0,0.3472361809045226,0.3888888888888889,0.6309898162000305,0.0,1.0,1.0,1.0,0.0,real,3,0.3701005025125628,0.3472361809045226,0.7530150753768844,0.3765075376884422,0.3243958801545415,0.35584477033408246
F001360,0.0,0.3472361809045226,0.3472222222222222,0.6684005230842202,0.0,1.0,1.0,1.0,0.0,real,3,0.3701005025125628,0.3472361809045226,0.7989949748743719,0.39949748743718594,0.3329044721092902,0.3563704199388904
F001361,0.0,0.3472361809045226,0.3194444444444444,0.3757708127352411,0.0,1.0,1.0,1.0,0.0,real,3,0.3701005025125628,0.3472361809045226,0.3314070351758794,0.1657035175879397,0.24637720638367716,0.3510248794222368
F001362,0.1020902318637188,0.7766331658291458,0.7083333333333334,0.6291528696058958,0.25,1.0,1.0,1.0,0.25,real,3,0.8304020100502513,0.7766331658291458,0.7339195979899498,0.3669597989949749,0.7199251597181889,0.7963641700967148
F001363,0.1898569058357866,0.8683417085427135,0.7222222222222222,0.5091750772173156,0.5,1.0,1.0,1.0,0.5,real,3,0.9587939698492463,0.8683417085427135,0.592462311557789,0.2962311557788945,0.7634216307668998,0.8951364864523623
F001364,0.0,0.3472361809045226,0.3472222222222222,0.6988747569671736,0.0,1.0,1.0,1.0,0.0,real,3,0.3701005025125628,0.3472361809045226,0.8361809045226131,0.41809045226130653,0.3397857377338956,0.35679553546627607
F001365,0.0,0.3472361809045226,0.0555555555555555,0.1924500897298752,0.0,1.0,1.0,1.0,0.0,real,3,0.3701005025125628,0.3472361809045226,0.09321608040201006,0.04660804020100503,0.2022999103557991,0.3483018421251988
F001366,0.0,0.3472361809045226,0.1388888888888888,0.2545875386086578,0.0,1.0,1.0,1.0,0.0,real,3,0.3701005025125628,0.3472361809045226,0.17336683417085427,0.08668341708542714,0.21713182747910406,0.34921813843084765
F001367,0.01116454968463,0.6977386934673366,0.5416666666666666,0.1443375672974064,0.0,1.0,1.0,1.0,0.0,real,3,0.3701005025125628,0.6977386934673366,0.06155778894472362,0.03077889447236181,0.19644153556728366,0.6876543521628241
F001368,0.5949284529178934,0.992211055276382,0.8611111111111112,0.2545875386086578,0.0,1.0,1.0,1.0,0.0,real,3,0.3701005025125628,0.992211055276382,0.17336683417085427,0.08668341708542714,0.21713182747910406,0.9382843867579103
F001369,0.0,0.3472361809045226,0.2361111111111111,0.4110735718596873,0.0,1.0,1.0,1.0,0.0,real,3,0.3701005025125628,0.3472361809045226,0.42135678391959797,0.21067839195979898,0.2630224299891417,0.3520531994141562
F001370,0.1504840084734488,0.8301507537688442,0.6388888888888888,0.2545875386086578,0.0,1.0,1.0,1.0,0.0,real,3,0.3701005025125628,0.8301507537688442,0.17336683417085427,0.08668341708542714,0.21713182747910406,0.7902720259589404
F001371,0.0,0.3472361809045226,0.2916666666666666,0.5204164998665332,0.5,1.0,1.0,1.0,0.5,real,3,0.9587939698492463,0.3472361809045226,0.6203517587939699,0.31017587939698493,0.7767917476831393,0.536926655892528
F001372,0.0,0.3472361809045226,0.6527777777777778,0.6684005230842202,0.0,1.0,1.0,1.0,0.0,real,3,0.3701005025125628,0.3472361809045226,0.7989949748743719,0.39949748743718594,0.3329044721092902,0.3563704199388904
F001373,0.0,0.3472361809045226,0.4861111111111111,0.2926570486903539,0.0,1.0,1.0,1.0,0.0,real,3,0.3701005025125628,0.3472361809045226,0.2608040201005025,0.13040201005025126,0.23331210070452765,0.3502177344006464
F001374,0.0,0.3472361809045226,0.1111111111111111,0.3849001794597505,0.0,1.0,1.0,1.0,0.0,real,3,0.3701005025125628,0.3472361809045226,0.3763819095477387,0.18819095477386935,0.25469981818640947,0.3515390394181965
F001375,0.0,0.3472361809045226,0.3055555555555556,0.6735753140545634,0.0,1.0,1.0,1.0,0.0,real,3,0.3701005025125628,0.3472361809045226,0.8133165829145729,0.40665829145728644,0.3355546892755234,0.3565341468649781
F001376,0.0,0.3472361809045226,0.1805555555555555,0.3757708127352412,0.0,1.0,1.0,1.0,0.0,real,3,0.3701005025125628,0.3472361809045226,0.3394472361809045,0.16972361809045225,0.24786504759980807,0.35111679629302284
F001377,0.061411169010459,0.7545226130653266,0.6527777777777778,0.488288773090193,0.25,1.0,1.0,1.0,0.25,real,3,0.8304020100502513,0.7545226130653266,0.514070351758794,0.257035175879397,0.6286435317289967,0.7740262872149694
F001378,0.0,0.3472361809045226,0.1527777777777777,0.3367876570272816,0.5,1.0,1.0,1.0,0.5,real,3,0.9587939698492463,0.3472361809045226,0.2698492462311558,0.1349246231155779,0.6087618999520213,0.4297503850912856
F001379,0.0521012318616071,0.742713567839196,0.6944444444444444,0.6735753140545634,0.0,1.0,1.0,1.0,0.0,real,3,0.3701005025125628,0.742713567839196,0.8133165829145729,0.40665829145728644,0.3355546892755234,0.591187375318805
F001380,0.0,0.3472361809045226,0.4166666666666667,0.2886751345948129,0.0,1.0,1.0,1.0,0.0,real,3,0.3701005025125628,0.3472361809045226,0.22688442211055276,0.11344221105527638,0.22703527057397543,0.34982996010201756
F001381,0.0,0.3472361809045226,0.4861111111111111,0.2926570486903539,0.25,1.0,1.0,1.0,0.25,real,3,0.8304020100502513,0.3472361809045226,0.2608040201005025,0.13040201005025126,0.5234870962854473,0.41024197621272185
F001382,0.0,0.3472361809045226,0.4027777777777778,0.393817968854384,0.25,1.0,1.0,1.0,0.25,real,3,0.8304020100502513,0.3472361809045226,0.40251256281407033,0.20125628140703516,0.5823246256407666,0.4444763389813388
F001383,0.01116454968463,0.6977386934673366,0.5416666666666666,0.1443375672974064,0.0,1.0,1.0,1.0,0.0,real,3,0.3701005025125628,0.6977386934673366,0.06155778894472362,0.03077889447236181,0.19644153556728366,0.6876543521628241
F001384,0.0,0.3472361809045226,0.5,0.5,0.0,1.0,1.0,1.0,0.0,real,3,0.3701005025125628,0.3472361809045226,0.5492462311557789,0.27462311557788943,0.2866884043332239,0.3535152521400975
F001385,0.0,0.3472361809045226,0.4444444444444444,0.1924500897298753,0.0,1.0,1.0,1.0,0.0,real,3,0.3701005025125628,0.3472361809045226,0.10150753768844221,0.05075376884422111,0.2038342466099341,0.348396631398197
F001386,0.0,0.3472361809045226,0.6111111111111112,0.4811252243246882,0.0,1.0,1.0,1.0,0.0,real,3,0.3701005025125628,0.3472361809045226,0.4979899497487437,0.24899497487437186,0.2772034165803894,0.3529292820888361
F001387,0.0,0.3472361809045226,0.0,0.0,0.0,1.0,1.0,1.0,0.0,real,3,0.3701005025125628,0.3472361809045226,0.00628140703517588,0.00314070351758794,0.1862126272063837,0.3473079909598242
F001388,0.0,0.3472361809045226,0.1388888888888888,0.2545875386086578,0.0,1.0,1.0,1.0,0.0,real,3,0.3701005025125628,0.3472361809045226,0.17336683417085427,0.08668341708542714,0.21713182747910406,0.34921813843084765
F001389,0.0,0.3472361809045226,0.3333333333333333,0.5773502691896258,0.0,1.0,1.0,1.0,0.0,real,3,0.3701005025125628,0.3472361809045226,0.6758793969849246,0.3379396984924623,0.3101219034872857,0.3549629428549784
F001390,0.1485783278408043,0.8120603015075377,0.7361111111111112,0.6472877887628358,0.0,1.0,1.0,1.0,0.0,real,3,0.3701005025125628,0.8120603015075377,0.771105527638191,0.3855527638190955,0.3277435228908361,0.6416614795080933
F001391,0.25,0.907286432160804,0.75,0.5,0.5,1.0,1.0,1.0,0.5,real,3,0.9587939698492463,0.907286432160804,0.5492462311557789,0.27462311557788943,0.7427039721219161,0.9214315926365495
F001392,0.0,0.3472361809045226,0.5694444444444444,0.4738533919231106,0.0,1.0,1.0,1.0,0.0,real,3,0.3701005025125628,0.3472361809045226,0.48391959798994977,0.24195979899497488,0.2745996944521603,0.3527684275649604
F001393,0.0,0.3472361809045226,0.4027777777777778,0.393817968854384,0.5,1.0,1.0,1.0,0.5,real,3,0.9587939698492463,0.3472361809045226,0.40251256281407033,0.20125628140703516,0.6723602939319714,0.4703160273730461
F001394,0.1485783278408043,0.8120603015075377,0.7361111111111112,0.6472877887628358,0.25,1.0,1.0,1.0,0.25,real,3,0.8304020100502513,0.8120603015075377,0.771105527638191,0.3855527638190955,0.7353647950809322,0.8191319979293453
F001395,0.0,0.3472361809045226,0.625,0.6614378277661477,0.0,1.0,1.0,1.0,0.0,real,3,0.3701005025125628,0.3472361809045226,0.7871859296482412,0.3935929648241206,0.3307192053230979,0.35623541703492334
F001396,0.0,0.3472361809045226,0.3194444444444444,0.3757708127352411,0.25,1.0,1.0,1.0,0.25,real,3,0.8304020100502513,0.3472361809045226,0.3314070351758794,0.1657035175879397,0.5528015391025479,0.4272984583722633
F001397,0.0,0.3472361809045226,0.3333333333333333,0.5773502691896258,0.0,1.0,1.0,1.0,0.0,real,3,0.3701005025125628,0.3472361809045226,0.6758793969849246,0.3379396984924623,0.3101219034872857,0.3549629428549784
F001398,0.0,0.3472361809045226,0.1527777777777777,0.3367876570272816,0.5,1.0,1.0,1.0,0.5,real,3,0.9587939698492463,0.3472361809045226,0.2698492462311558,0.1349246231155779,0.6087618999520213,0.4297503850912856
F001399,0.0,0.3472361809045226,0.0555555555555555,0.1924500897298752,0.0,1.0,1.0,1.0,0.0,real,3,0.3701005025125628,0.3472361809045226,0.09321608040201006,0.04660804020100503,0.2022999103557991,0.3483018421251988
F001400,0.1077083611333555,0.7869346733668342,0.5972222222222222,0.1734721666221776,0.0,1.0,1.0,1.0,0.0,real,3,0.3701005025125628,0.7869346733668342,0.07562814070351759,0.037814070351758794,0.19904525769551273,0.7711724767051338
F001401,0.125,0.7962311557788945,0.625,0.25,0.0,1.0,1.0,1.0,0.0,real,3,0.3701005025125628,0.7962311557788945,0.13618090452261306,0.06809045226130653,0.2102505618544986,0.767215726875584
F001402,0.4510034825212683,0.9756281407035176,0.8194444444444444,0.3757708127352412,0.0,1.0,1.0,1.0,0.0,real,3,0.3701005025125628,0.9756281407035176,0.3394472361809045,0.16972361809045225,0.24786504759980807,0.8728557990959824
F001403,0.0,0.3472361809045226,0.4027777777777777,0.6364688465216445,0.25,1.0,1.0,1.0,0.25,real,3,0.8304020100502513,0.3472361809045226,0.7613065326633166,0.3806532663316583,0.7312962425191283,0.5311548319486882
F001404,0.0,0.3472361809045226,0.5694444444444444,0.4738533919231106,0.0,1.0,1.0,1.0,0.0,real,3,0.3701005025125628,0.3472361809045226,0.48391959798994977,0.24195979899497488,0.2745996944521603,0.3527684275649604
F001405,0.0,0.3472361809045226,0.4166666666666667,0.2886751345948129,0.0,1.0,1.0,1.0,0.0,real,3,0.3701005025125628,0.3472361809045226,0.22688442211055276,0.11344221105527638,0.22703527057397543,0.34982996010201756
F001406,0.1020902318637188,0.7766331658291458,0.7083333333333334,0.6291528696058958,0.0,1.0,1.0,1.0,0.0,real,3,0.3701005025125628,0.7766331658291458,0.7339195979899498,0.3669597989949749,0.3208622572662307,0.6274520214136007
F001407,0.0,0.3472361809045226,0.2916666666666666,0.8036375634160796,0.0,1.0,1.0,1.0,0.0,real,3,0.3701005025125628,0.3472361809045226,0.9057788944723618,0.4528894472361809,0.35266486326102875,0.35759119087901825
F001408,0.0,0.3472361809045226,0.1944444444444444,0.3469443332443554,0.25,1.0,1.0,1.0,0.25,real,3,0.8304020100502513,0.3472361809045226,0.2914572864321608,0.1457286432160804,0.5362143632736547,0.4176472816343021
F001409,0.0,0.3472361809045226,0.4861111111111111,0.6787106512705898,0.0,1.0,1.0,1.0,0.0,real,3,0.3701005025125628,0.3472361809045226,0.8233668341708543,0.41168341708542716,0.33741449079568697,0.3566490429534608
F001410,0.0446581987385203,0.7221105527638191,0.6666666666666666,0.5773502691896258,0.0,1.0,1.0,1.0,0.0,real,3,0.3701005025125628,0.7221105527638191,0.6758793969849246,0.3379396984924623,0.3101219034872857,0.603152382515593
F001411,0.0,0.3472361809045226,0.3472222222222222,0.6988747569671736,0.0,1.0,1.0,1.0,0.0,real,3,0.3701005025125628,0.3472361809045226,0.8361809045226131,0.41809045226130653,0.3397857377338956,0.35679553546627607
F001412,0.0,0.3472361809045226,0.4166666666666667,1.0408329997330663,0.0,1.0,1.0,1.0,0.0,real,3,0.3701005025125628,0.3472361809045226,0.978140703517588,0.489070351758794,0.36605543420620695,0.358418442716093
F001413,0.0,0.3472361809045226,0.2638888888888888,0.2097176232019653,0.0,1.0,1.0,1.0,0.0,real,3,0.3701005025125628,0.3472361809045226,0.11809045226130653,0.059045226130653265,0.20690291911820408,0.3485862099441933
F001414,0.0,0.3472361809045226,0.5555555555555556,0.8388704928078611,0.5,1.0,1.0,1.0,0.5,real,3,0.9587939698492463,0.3472361809045226,0.9178391959798995,0.45891959798994975,0.9194063281230272,0.6278920355546577
F001415,0.0,0.3472361809045226,0.4305555555555555,0.9871864246620478,0.25,1.0,1.0,1.0,0.25,real,3,0.8304020100502513,0.3472361809045226,0.9590452261306532,0.4795226130653266,0.8133975467791218,0.5789251218403575
F001416,0.0,0.3472361809045226,0.7222222222222222,0.9622504486493764,0.0,1.0,1.0,1.0,0.0,real,3,0.3701005025125628,0.3472361809045226,0.9560301507537688,0.4780150753768844,0.3619638708618469,0.3581656713214313
F001417,0.0,0.3472361809045226,0.6111111111111112,0.693888666488711,0.0,1.0,1.0,1.0,0.0,real,3,0.3701005025125628,0.3472361809045226,0.828894472361809,0.4144472361809045,0.338437381631777,0.3567122358021262
F001418,0.125,0.7962311557788945,0.625,0.25,0.0,1.0,1.0,1.0,0.0,real,3,0.3701005025125628,0.7962311557788945,0.13618090452261306,0.06809045226130653,0.2102505618544986,0.767215726875584
F001419,0.0,0.3472361809045226,0.2638888888888888,0.7087417123429485,0.0,1.0,1.0,1.0,0.0,real,3,0.3701005025125628,0.3472361809045226,0.8389447236180905,0.41947236180904524,0.34029718315194063,0.3568271318906088
F001420,0.0,0.3472361809045226,0.4166666666666667,0.2886751345948129,0.25,1.0,1.0,1.0,0.25,real,3,0.8304020100502513,0.3472361809045226,0.22688442211055276,0.11344221105527638,0.509403645109972,0.4020475808691699
F001421,0.0,0.3472361809045226,0.5972222222222222,0.393817968854384,0.0,1.0,1.0,1.0,0.0,real,3,0.3701005025125628,0.3472361809045226,0.40251256281407033,0.20125628140703516,0.25953530213883486,0.3518377692482513
F001422,0.0,0.3472361809045226,0.1666666666666666,0.5773502691896258,0.0,1.0,1.0,1.0,0.0,real,3,0.3701005025125628,0.3472361809045226,0.6758793969849246,0.3379396984924623,0.3101219034872857,0.3549629428549784
F001423,0.0,0.3472361809045226,0.25,0.5,0.25,1.0,1.0,1.0,0.25,real,3,0.8304020100502513,0.3472361809045226,0.5492462311557789,0.27462311557788943,0.6432485922072675,0.4799246862452968
F001424,0.0,0.3472361809045226,0.1527777777777777,0.3367876570272816,0.0,1.0,1.0,1.0,0.0,real,3,0.3701005025125628,0.3472361809045226,0.2698492462311558,0.1349246231155779,0.23498592207267494,0.3503211408802808
F001425,0.0,0.3472361809045226,0.3472222222222222,0.6684005230842202,0.0,1.0,1.0,1.0,0.0,real,3,0.3701005025125628,0.3472361809045226,0.7989949748743719,0.39949748743718594,0.3329044721092902,0.3563704199388904
F001426,0.0,0.3472361809045226,0.5555555555555556,0.5357583756107197,0.0,1.0,1.0,1.0,0.0,real,3,0.3701005025125628,0.3472361809045226,0.6384422110552764,0.3192211055276382,0.30319414282467616,0.3545349549253807
F001427,0.0,0.3472361809045226,0.6388888888888888,0.8552669065744807,0.0,1.0,1.0,1.0,0.0,real,3,0.3701005025125628,0.3472361809045226,0.9228643216080402,0.4614321608040201,0.355826525845307,0.35778651422943863
F001428,0.7926638440239513,0.9989949748743718,0.9444444444444444,0.1924500897298752,0.0,1.0,1.0,1.0,0.0,real,3,0.3701005025125628,0.9989949748743718,0.09321608040201006,0.04660804020100503,0.2022999103557991,0.9696834360243428
F001429,0.0,0.3472361809045226,0.5277777777777778,0.8221471437193746,0.25,1.0,1.0,1.0,0.25,real,3,0.8304020100502513,0.3472361809045226,0.9118090452261306,0.4559045226130653,0.7937850369940154,0.5675136675841519
F001430,0.0,0.3472361809045226,0.3055555555555556,0.3469443332443555,0.0,1.0,1.0,1.0,0.0,real,3,0.3701005025125628,0.3472361809045226,0.3135678391959799,0.15678391959798996,0.24307605868538676,0.3508209388651801
F001431,0.0,0.3472361809045226,0.5416666666666666,0.6291528696058959,0.75,1.0,1.0,1.0,0.75,real,3,0.9987437185929648,0.3472361809045226,0.7454773869346734,0.3727386934673367,0.8716422880735335,0.5900782492866341
F001432,0.0,0.3472361809045226,0.3611111111111111,0.2545875386086578,0.0,1.0,1.0,1.0,0.0,real,3,0.3701005025125628,0.3472361809045226,0.17336683417085427,0.08668341708542714,0.21713182747910406,0.34921813843084765
F001433,0.0,0.3472361809045226,0.3333333333333333,0.5773502691896258,0.0,1.0,1.0,1.0,0.0,real,3,0.3701005025125628,0.3472361809045226,0.6758793969849246,0.3379396984924623,0.3101219034872857,0.3549629428549784
F001434,0.0,0.3472361809045226,0.0833333333333333,0.2886751345948128,0.0,1.0,1.0,1.0,0.0,real,3,0.3701005025125628,0.3472361809045226,0.20376884422110553,0.10188442211055276,0.22275772707759908,0.34956569909850754
F001435,0.0,0.3472361809045226,0.4722222222222222,0.5853140973807078,0.25,1.0,1.0,1.0,0.25,real,3,0.8304020100502513,0.3472361809045226,0.6964824120603015,0.34824120603015074,0.7043812024948864,0.5154944319587889
F001436,0.0,0.3472361809045226,0.361111111111111,0.7515416254704824,0.0,1.0,1.0,1.0,0.0,real,3,0.3701005025125628,0.3472361809045226,0.8670854271356784,0.4335427135678392,0.34550462740839877,0.3571488409383602
F001437,0.0,0.3472361809045226,0.3472222222222222,0.488288773090193,0.5,1.0,1.0,1.0,0.5,real,3,0.9587939698492463,0.3472361809045226,0.514070351758794,0.257035175879397,0.7258407615969293,0.5044280447463447
F001438,0.5260506159308034,0.9814070351758792,0.8472222222222221,0.3367876570272817,0.0,1.0,1.0,1.0,0.0,real,3,0.3701005025125628,0.9814070351758792,0.2778894472361809,0.13894472361809046,0.23647376328880587,0.8964692179490414
F001439,0.0,0.3472361809045226,0.4583333333333333,0.1443375672974064,0.0,1.0,1.0,1.0,0.0,real,3,0.3701005025125628,0.3472361809045226,0.06155778894472362,0.03077889447236181,0.19644153556728366,0.34793991944647856
F001440,0.0,0.3472361809045226,0.2777777777777778,0.0962250448649376,0.0,1.0,1.0,1.0,0.0,real,3,0.3701005025125628,0.3472361809045226,0.022110552763819097,0.011055276381909548,0.1891418146006414,0.34748895229918436
F001441,0.0334936490538903,0.7173366834170855,0.625,0.4330127018922193,0.25,1.0,1.0,1.0,0.25,real,3,0.8304020100502513,0.7173366834170855,0.4663316582914573,0.23316582914572864,0.6088223782227721,0.7436996540491402
F001442,0.0,0.3472361809045226,0.7083333333333334,1.0103629710818451,0.25,1.0,1.0,1.0,0.25,real,3,0.8304020100502513,0.3472361809045226,0.9660804020100503,0.48304020100502515,0.816318558874776,0.5806247001338349
F001443,0.0,0.3472361809045226,0.3611111111111111,0.2545875386086578,0.0,1.0,1.0,1.0,0.0,real,3,0.3701005025125628,0.3472361809045226,0.17336683417085427,0.08668341708542714,0.21713182747910406,0.34921813843084765
F001444,0.1371617270419147,0.8030150753768844,0.6527777777777778,0.3367876570272817,0.25,1.0,1.0,1.0,0.25,real,3,0.8304020100502513,0.8030150753768844,0.2778894472361809,0.13894472361809046,0.5305809828034647,0.806820345445822
F001445,0.0,0.3472361809045226,0.3888888888888889,0.3849001794597506,0.0,1.0,1.0,1.0,0.0,real,3,0.3701005025125628,0.3472361809045226,0.385929648241206,0.192964824120603,0.2564666296305649,0.351648190702255
F001446,0.0,0.3472361809045226,0.3194444444444444,0.1272937693043289,0.0,1.0,1.0,1.0,0.0,real,3,0.3701005025125628,0.3472361809045226,0.04195979899497487,0.020979899497487436,0.1928149226029646,0.3477158720739375
F001447,0.0,0.3472361809045226,0.0972222222222221,0.1734721666221776,0.5,1.0,1.0,1.0,0.5,real,3,0.9587939698492463,0.3472361809045226,0.07562814070351759,0.037814070351758794,0.5156528875533446,0.37036167015984445
F001448,0.0,0.3472361809045226,0.25,0.5,0.0,1.0,1.0,1.0,0.0,real,3,0.3701005025125628,0.3472361809045226,0.5492462311557789,0.27462311557788943,0.2866884043332239,0.3535152521400975
F001449,0.1504840084734488,0.8301507537688442,0.6388888888888888,0.2545875386086578,0.0,1.0,1.0,1.0,0.0,real,3,0.3701005025125628,0.8301507537688442,0.17336683417085427,0.08668341708542714,0.21713182747910406,0.7902720259589404
F001450,0.0,0.3472361809045226,0.25,0.5,0.0,1.0,1.0,1.0,0.0,real,3,0.3701005025125628,0.3472361809045226,0.5492462311557789,0.27462311557788943,0.2866884043332239,0.3535152521400975
F001451,0.0,0.3472361809045226,0.25,0.8660254037844386,0.0,1.0,1.0,1.0,0.0,real,3,0.3701005025125628,0.3472361809045226,0.9336683417085427,0.46683417085427137,0.35782581247948286,0.3579100275245575
F001452,0.1020902318637188,0.7766331658291458,0.7083333333333334,0.6291528696058958,0.0,1.0,1.0,1.0,0.0,real,3,0.3701005025125628,0.7766331658291458,0.7339195979899498,0.3669597989949749,0.3208622572662307,0.6274520214136007
F001453,0.2224894150898172,0.8891959798994975,0.7916666666666667,0.7216878364870323,0.0,1.0,1.0,1.0,0.0,real,3,0.3701005025125628,0.8891959798994975,0.8472361809045226,0.4236180904522613,0.3418315194060756,0.6692977450064392
F001454,0.0,0.3472361809045226,0.6111111111111112,0.693888666488711,0.0,1.0,1.0,1.0,0.0,real,3,0.3701005025125628,0.3472361809045226,0.828894472361809,0.4144472361809045,0.338437381631777,0.3567122358021262
F001455,0.125,0.7962311557788945,0.625,0.25,0.5,1.0,1.0,1.0,0.5,real,3,0.9587939698492463,0.7962311557788945,0.13618090452261306,0.06809045226130653,0.5446816999570717,0.8073001313098155
F001456,0.0,0.3472361809045226,0.2777777777777778,0.5091750772173156,0.25,1.0,1.0,1.0,0.25,real,3,0.8304020100502513,0.3472361809045226,0.592462311557789,0.2962311557788945,0.6611919522234287,0.49036495290522963
F001457,0.4376389444889332,0.9698492462311558,0.8055555555555556,0.3469443332443555,0.0,1.0,1.0,1.0,0.0,real,3,0.3701005025125628,0.9698492462311558,0.3135678391959799,0.15678391959798996,0.24307605868538676,0.8758182874169844
F001458,0.0,0.3472361809045226,0.2222222222222222,0.0962250448649376,0.0,1.0,1.0,1.0,0.0,real,3,0.3701005025125628,0.3472361809045226,0.022110552763819097,0.011055276381909548,0.1891418146006414,0.34748895229918436
F001459,0.0,0.3472361809045226,0.3194444444444444,0.3757708127352411,0.25,1.0,1.0,1.0,0.25,real,3,0.8304020100502513,0.3472361809045226,0.3314070351758794,0.1657035175879397,0.5528015391025479,0.4272984583722633
F001460,0.0,0.3472361809045226,0.6388888888888888,0.8552669065744807,0.0,1.0,1.0,1.0,0.0,real,3,0.3701005025125628,0.3472361809045226,0.9228643216080402,0.4614321608040201,0.355826525845307,0.35778651422943863
F001461,0.4376389444889332,0.9698492462311558,0.8055555555555556,0.3469443332443555,0.0,1.0,1.0,1.0,0.0,real,3,0.3701005025125628,0.9698492462311558,0.3135678391959799,0.15678391959798996,0.24307605868538676,0.8758182874169844
F001462,0.0,0.3472361809045226,0.0555555555555555,0.1924500897298752,0.25,1.0,1.0,1.0,0.25,real,3,0.8304020100502513,0.3472361809045226,0.09321608040201006,0.04660804020100503,0.45390441529254316,0.3697555932930986
F001463,0.0446581987385203,0.7221105527638191,0.6666666666666666,0.5773502691896258,0.25,1.0,1.0,1.0,0.25,real,3,0.8304020100502513,0.7221105527638191,0.6758793969849246,0.3379396984924623,0.6958268099290422,0.7587065351885054
F001464,0.0669872981077807,0.7638190954773869,0.75,0.8660254037844386,0.0,1.0,1.0,1.0,0.0,real,3,0.3701005025125628,0.7638190954773869,0.9336683417085427,0.46683417085427137,0.35782581247948286,0.5800178025807429
F001465,0.0,0.3472361809045226,0.0555555555555555,0.1924500897298752,0.0,1.0,1.0,1.0,0.0,real,3,0.3701005025125628,0.3472361809045226,0.09321608040201006,0.04660804020100503,0.2022999103557991,0.3483018421251988
F001466,0.0,0.3472361809045226,0.3055555555555556,0.6735753140545634,0.0,1.0,1.0,1.0,0.0,real,3,0.3701005025125628,0.3472361809045226,0.8133165829145729,0.40665829145728644,0.3355546892755234,0.3565341468649781
F001467,0.0,0.3472361809045226,0.1805555555555555,0.1272937693043289,0.0,1.0,1.0,1.0,0.0,real,3,0.3701005025125628,0.3472361809045226,0.04195979899497487,0.020979899497487436,0.1928149226029646,0.3477158720739375
F001468,0.0,0.3472361809045226,0.25,0.5,0.0,1.0,1.0,1.0,0.0,real,3,0.3701005025125628,0.3472361809045226,0.5492462311557789,0.27462311557788943,0.2866884043332239,0.3535152521400975
F001469,0.0,0.3472361809045226,0.2222222222222222,0.0962250448649376,0.0,1.0,1.0,1.0,0.0,real,3,0.3701005025125628,0.3472361809045226,0.022110552763819097,0.011055276381909548,0.1891418146006414,0.34748895229918436
F001470,0.1020902318637188,0.7766331658291458,0.7083333333333334,0.6291528696058958,0.0,1.0,1.0,1.0,0.0,real,3,0.3701005025125628,0.7766331658291458,0.7339195979899498,0.3669597989949749,0.3208622572662307,0.6274520214136007
F001471,0.0,0.3472361809045226,0.5277777777777778,0.4194352464039305,0.25,1.0,1.0,1.0,0.25,real,3,0.8304020100502513,0.3472361809045226,0.43366834170854274,0.21683417085427137,0.5952605363500922,0.4520030428524532
F001472,0.0,0.3472361809045226,0.1944444444444444,0.3469443332443554,0.0,1.0,1.0,1.0,0.0,real,3,0.3701005025125628,0.3472361809045226,0.2914572864321608,0.1457286432160804,0.23898449534102673,0.3505681674705184
F001473,0.0,0.3472361809045226,0.4861111111111111,0.4589642122738419,0.0,1.0,1.0,1.0,0.0,real,3,0.3701005025125628,0.3472361809045226,0.4766331658291457,0.23831658291457286,0.2732513383500417,0.3526851279008105
F001474,0.1504840084734488,0.8301507537688442,0.6388888888888888,0.2545875386086578,0.0,1.0,1.0,1.0,0.0,real,3,0.3701005025125628,0.8301507537688442,0.17336683417085427,0.08668341708542714,0.21713182747910406,0.7902720259589404
F001475,0.0483797153000638,0.7306532663316583,0.6805555555555556,0.6254627916220946,0.25,1.0,1.0,1.0,0.25,real,3,0.8304020100502513,0.7306532663316583,0.714824120603015,0.3574120603015075,0.7119966983156991,0.7663046703366077
F001476,0.0,0.3472361809045226,0.5694444444444444,0.4276334532872403,0.5,1.0,1.0,1.0,0.5,real,3,0.9587939698492463,0.3472361809045226,0.4505025125628141,0.22525125628140705,0.6953665311482033,0.48499034115300116
F001477,0.0,0.3472361809045226,0.0555555555555555,0.1924500897298752,0.0,1.0,1.0,1.0,0.0,real,3,0.3701005025125628,0.3472361809045226,0.09321608040201006,0.04660804020100503,0.2022999103557991,0.3483018421251988
F001478,0.3009680169468978,0.9314070351758794,0.7777777777777778,0.5091750772173156,0.25,1.0,1.0,1.0,0.25,real,3,0.8304020100502513,0.9314070351758794,0.592462311557789,0.2962311557788945,0.6611919522234287,0.9014861998434383
F001479,0.0,0.3472361809045226,0.0833333333333333,0.2886751345948128,0.25,1.0,1.0,1.0,0.25,real,3,0.8304020100502513,0.3472361809045226,0.20376884422110553,0.10188442211055276,0.49980603393853695,0.3964632521906012
F001480,0.25,0.907286432160804,0.75,0.5,0.0,1.0,1.0,1.0,0.0,real,3,0.3701005025125628,0.907286432160804,0.5492462311557789,0.27462311557788943,0.2866884043332239,0.759762758516199
F001481,0.0483797153000638,0.7306532663316583,0.6805555555555556,0.6254627916220946,0.5,1.0,0.5,0.5,0.5,real,3,0.9587939698492463,0.7306532663316583,0.714824120603015,0.17870603015075376,0.41104075654655187,0.7714233857730866
F001482,0.0,0.3472361809045226,0.1111111111111111,0.3849001794597505,0.0,1.0,1.0,1.0,0.0,real,3,0.3701005025125628,0.3472361809045226,0.3763819095477387,0.18819095477386935,0.25469981818640947,0.3515390394181965
F001483,0.0,0.3472361809045226,0.4027777777777778,0.1734721666221777,0.0,1.0,1.0,1.0,0.0,real,3,0.3701005025125628,0.3472361809045226,0.08417085427135679,0.042085427135678394,0.20062608898765183,0.34819843564556446
F001484,0.0,0.3472361809045226,0.3611111111111111,0.7515416254704824,0.5,1.0,0.5,0.5,0.5,real,3,0.9587939698492463,0.3472361809045226,0.8670854271356784,0.2167713567839196,0.44753756218277313,0.4798043925658443
F001485,0.0,0.3472361809045226,0.4722222222222222,0.9179284245476838,0.25,1.0,1.0,1.0,0.25,real,3,0.8304020100502513,0.3472361809045226,0.9510050251256281,0.47550251256281406,0.8100592472412312,0.5769827466478119
F001486,0.0,0.3472361809045226,0.5,0.0,0.0,1.0,1.0,1.0,0.0,real,3,0.3701005025125628,0.3472361809045226,0.00628140703517588,0.00314070351758794,0.1862126272063837,0.3473079909598242
F001487,0.3779915320718537,0.9507537688442212,0.8333333333333333,0.5773502691896258,0.0,1.0,1.0,1.0,0.0,real,3,0.3701005025125628,0.9507537688442212,0.6758793969849246,0.3379396984924623,0.3101219034872857,0.7545279790914372
F001488,0.0,0.3472361809045226,0.4583333333333333,0.1443375672974064,0.0,1.0,1.0,1.0,0.0,real,3,0.3701005025125628,0.3472361809045226,0.06155778894472362,0.03077889447236181,0.19644153556728366,0.34793991944647856
F001489,0.0,0.3472361809045226,0.4583333333333333,0.1443375672974064,0.5,1.0,1.0,1.0,0.5,real,3,0.9587939698492463,0.3472361809045226,0.06155778894472362,0.03077889447236181,0.50890760334335,0.36605925355420316
F001490,0.3673634106212396,0.9442211055276382,0.7361111111111112,0.2097176232019653,0.25,1.0,1.0,1.0,0.25,real,3,0.8304020100502513,0.9442211055276382,0.11809045226130653,0.059045226130653265,0.4642322794878917,0.9375006312971895
F001491,0.0,0.3472361809045226,0.5277777777777778,0.8221471437193746,0.25,1.0,1.0,1.0,0.25,real,3,0.8304020100502513,0.3472361809045226,0.9118090452261306,0.4559045226130653,0.7937850369940154,0.5675136675841519
F001492,0.1485783278408043,0.8120603015075377,0.7361111111111112,0.6472877887628358,0.0,1.0,1.0,1.0,0.0,real,3,0.3701005025125628,0.8120603015075377,0.771105527638191,0.3855527638190955,0.3277435228908361,0.6416614795080933
F001493,0.061411169010459,0.7545226130653266,0.6527777777777778,0.488288773090193,0.0,1.0,1.0,1.0,0.0,real,3,0.3701005025125628,0.7545226130653266,0.514070351758794,0.257035175879397,0.2801790990126512,0.655712608267468
F001494,0.0,0.3472361809045226,0.3472222222222222,0.3367876570272817,0.0,1.0,1.0,1.0,0.0,real,3,0.3701005025125628,0.3472361809045226,0.2778894472361809,0.13894472361809046,0.23647376328880587,0.35041305775106685
F001495,0.3009680169468978,0.9314070351758794,0.7777777777777778,0.5091750772173156,0.0,1.0,1.0,1.0,0.0,real,3,0.3701005025125628,0.9314070351758794,0.592462311557789,0.2962311557788945,0.29468555086992754,0.7651305522587813
F001496,0.0,0.3472361809045226,0.3055555555555556,0.7876359377087682,0.0,1.0,1.0,1.0,0.0,real,3,0.3701005025125628,0.3472361809045226,0.9,0.45,0.35159547738693464,0.3575251256281407
F001497,0.0,0.3472361809045226,0.3333333333333333,0.7637626158259733,0.0,1.0,1.0,1.0,0.0,real,3,0.3701005025125628,0.3472361809045226,0.8768844221105527,0.43844221105527637,0.3473179338905583,0.3572608646246307
F001498,0.0,0.3472361809045226,0.3611111111111111,0.2545875386086578,0.5,1.0,1.0,1.0,0.5,real,3,0.9587939698492463,0.3472361809045226,0.17336683417085427,0.08668341708542714,0.5625085225120579,0.40024809979545967
F001499,0.0,0.3472361809045226,0.3333333333333333,0.5773502691896258,0.25,1.0,1.0,1.0,0.25,real,3,0.8304020100502513,0.3472361809045226,0.6758793969849246,0.3379396984924623,0.6958268099290422,0.5105170955278907
F001500,0.0,0.3472361809045226,0.2777777777777778,0.0962250448649376,0.25,1.0,1.0,1.0,0.25,real,3,0.8304020100502513,0.3472361809045226,0.022110552763819097,0.011055276381909548,0.4243813287543244,0.3525777126840231
F001501,0.1564584167334001,0.8437185929648241,0.7083333333333334,0.5204164998665332,0.0,1.0,1.0,1.0,0.0,real,3,0.3701005025125628,0.8437185929648241,0.6203517587939699,0.31017587939698493,0.2998465000883816,0.6968136852604732
F001502,0.0,0.3472361809045226,0.3194444444444444,0.3757708127352411,0.0,1.0,1.0,1.0,0.0,real,3,0.3701005025125628,0.3472361809045226,0.3314070351758794,0.1657035175879397,0.24637720638367716,0.3510248794222368
F001503,0.0,0.3472361809045226,0.25,0.5,0.0,1.0,1.0,1.0,0.0,real,3,0.3701005025125628,0.3472361809045226,0.5492462311557789,0.27462311557788943,0.2866884043332239,0.3535152521400975
F001504,0.0,0.3472361809045226,0.625,0.6614378277661477,0.0,1.0,1.0,1.0,0.0,real,3,0.3701005025125628,0.3472361809045226,0.7871859296482412,0.3935929648241206,0.3307192053230979,0.35623541703492334
F001505,0.1564584167334001,0.8437185929648241,0.7083333333333334,0.5204164998665332,0.0,1.0,1.0,1.0,0.0,real,3,0.3701005025125628,0.8437185929648241,0.6203517587939699,0.31017587939698493,0.2998465000883816,0.6968136852604732
F001506,0.2974642264589466,0.9216080402010052,0.6805555555555556,0.1272937693043289,0.25,1.0,1.0,1.0,0.25,real,3,0.8304020100502513,0.9216080402010052,0.04195979899497487,0.020979899497487436,0.43262275573849146,0.9196945468548775
F001507,0.0,0.3472361809045226,0.1111111111111111,0.3849001794597505,0.0,1.0,1.0,1.0,0.0,real,3,0.3701005025125628,0.3472361809045226,0.3763819095477387,0.18819095477386935,0.25469981818640947,0.3515390394181965
F001508,0.0,0.3472361809045226,0.5972222222222222,0.393817968854384,0.25,1.0,1.0,1.0,0.25,real,3,0.8304020100502513,0.3472361809045226,0.40251256281407033,0.20125628140703516,0.5823246256407666,0.4444763389813388
F001509,0.0,0.3472361809045226,0.2916666666666666,0.8036375634160796,0.0,1.0,1.0,1.0,0.0,real,3,0.3701005025125628,0.3472361809045226,0.9057788944723618,0.4528894472361809,0.35266486326102875,0.35759119087901825
F001510,0.0,0.3472361809045226,0.3888888888888889,0.6309898162000305,0.25,1.0,1.0,1.0,0.25,real,3,0.8304020100502513,0.3472361809045226,0.7530150753768844,0.3765075376884422,0.7278536211206788,0.5291517575313754
F001511,0.0,0.3472361809045226,0.3055555555555556,0.3469443332443555,0.0,1.0,1.0,1.0,0.0,real,3,0.3701005025125628,0.3472361809045226,0.3135678391959799,0.15678391959798996,0.24307605868538676,0.3508209388651801
F001512,0.0,0.3472361809045226,0.25,0.5,0.0,1.0,1.0,1.0,0.0,real,3,0.3701005025125628,0.3472361809045226,0.5492462311557789,0.27462311557788943,0.2866884043332239,0.3535152521400975
F001513,0.0,0.3472361809045226,0.3333333333333333,1.1547005383792517,0.25,1.0,1.0,1.0,0.25,real,3,0.8304020100502513,0.3472361809045226,0.9977386934673367,0.49886934673366834,0.8294631133052196,0.5882728024544834
F001514,0.0,0.3472361809045226,0.2222222222222222,0.5091750772173156,0.0,1.0,1.0,1.0,0.0,real,3,0.3701005025125628,0.3472361809045226,0.592462311557789,0.2962311557788945,0.29468555086992754,0.35400930532057273
F001515,0.125,0.7962311557788945,0.625,0.25,0.0,1.0,1.0,1.0,0.0,real,3,0.3701005025125628,0.7962311557788945,0.13618090452261306,0.06809045226130653,0.2102505618544986,0.767215726875584
F001516,0.0,0.3472361809045226,0.5972222222222222,0.393817968854384,0.25,1.0,1.0,1.0,0.25,real,3,0.8304020100502513,0.3472361809045226,0.40251256281407033,0.20125628140703516,0.5823246256407666,0.4444763389813388
F001517,0.0,0.3472361809045226,0.3472222222222222,0.488288773090193,0.0,1.0,1.0,1.0,0.0,real,3,0.3701005025125628,0.3472361809045226,0.514070351758794,0.257035175879397,0.2801790990126512,0.35311311583040833
F001518,0.0,0.3472361809045226,0.2083333333333333,0.3818813079129867,0.0,1.0,1.0,1.0,0.0,real,3,0.3701005025125628,0.3472361809045226,0.3608040201005025,0.18040201005025125,0.2518171258301558,0.35136095048104843
F001519,0.0,0.3472361809045226,0.6111111111111112,0.6309898162000305,0.25,1.0,1.0,1.0,0.25,real,3,0.8304020100502513,0.3472361809045226,0.7530150753768844,0.3765075376884422,0.7278536211206788,0.5291517575313754
F001520,0.0,0.3472361809045226,0.3611111111111111,0.7515416254704824,0.0,1.0,1.0,1.0,0.0,real,3,0.3701005025125628,0.3472361809045226,0.8670854271356784,0.4335427135678392,0.34550462740839877,0.3571488409383602
F001521,0.0,0.3472361809045226,0.5694444444444444,0.4738533919231106,0.25,1.0,1.0,1.0,0.25,real,3,0.8304020100502513,0.3472361809045226,0.48391959798994977,0.24195979899497488,0.6161249084619076,0.46414288780586344
F001522,0.0,0.3472361809045226,0.4444444444444444,1.0183501544346312,0.25,1.0,1.0,1.0,0.25,real,3,0.8304020100502513,0.3472361809045226,0.971356783919598,0.485678391959799,0.8185093179465165,0.5818993838539431
F001523,0.0,0.3472361809045226,0.1944444444444444,0.3469443332443554,0.0,1.0,1.0,1.0,0.0,real,3,0.3701005025125628,0.3472361809045226,0.2914572864321608,0.1457286432160804,0.23898449534102673,0.3505681674705184
F001524,0.0,0.3472361809045226,0.2916666666666666,0.5204164998665332,0.0,1.0,1.0,1.0,0.0,real,3,0.3701005025125628,0.3472361809045226,0.6203517587939699,0.31017587939698493,0.2998465000883816,0.35432814196611195
F001525,0.0,0.3472361809045226,0.5277777777777778,0.5853140973807078,0.0,1.0,1.0,1.0,0.0,real,3,0.3701005025125628,0.3472361809045226,0.6964824120603015,0.34824120603015074,0.3139344966036211,0.35519847983636776
F001526,0.0,0.3472361809045226,0.4305555555555555,0.9871864246620478,0.0,1.0,1.0,1.0,0.0,real,3,0.3701005025125628,0.3472361809045226,0.9590452261306532,0.4795226130653266,0.362521811317896,0.3582001401479761
F001527,0.0,0.3472361809045226,0.3333333333333333,1.1547005383792517,0.0,1.0,1.0,1.0,0.0,real,3,0.3701005025125628,0.3472361809045226,0.9977386934673367,0.49886934673366834,0.369682047170526,0.35864249008863414
F001528,0.0,0.3472361809045226,0.5,0.5,0.0,1.0,1.0,1.0,0.0,real,3,0.3701005025125628,0.3472361809045226,0.5492462311557789,0.27462311557788943,0.2866884043332239,0.3535152521400975
F001529,0.0,0.3472361809045226,0.2222222222222222,0.5091750772173156,0.0,1.0,1.0,1.0,0.0,real,3,0.3701005025125628,0.3472361809045226,0.592462311557789,0.2962311557788945,0.29468555086992754,0.35400930532057273
F001530,0.0,0.3472361809045226,0.3333333333333333,0.5773502691896258,0.0,1.0,1.0,1.0,0.0,real,3,0.3701005025125628,0.3472361809045226,0.6758793969849246,0.3379396984924623,0.3101219034872857,0.3549629428549784
F001531,0.0483797153000638,0.7306532663316583,0.6805555555555556,0.6254627916220946,0.25,1.0,1.0,1.0,0.25,real,3,0.8304020100502513,0.7306532663316583,0.714824120603015,0.3574120603015075,0.7119966983156991,0.7663046703366077
F001532,0.0,0.3472361809045226,0.4027777777777778,0.393817968854384,0.0,1.0,1.0,1.0,0.0,real,3,0.3701005025125628,0.3472361809045226,0.40251256281407033,0.20125628140703516,0.25953530213883486,0.3518377692482513
F001533,0.1898569058357866,0.8683417085427135,0.7222222222222222,0.5091750772173156,0.0,1.0,1.0,1.0,0.0,real,3,0.3701005025125628,0.8683417085427135,0.592462311557789,0.2962311557788945,0.29468555086992754,0.7207471402237318
F001534,0.0,0.3472361809045226,0.5,0.0,0.5,1.0,1.0,1.0,0.5,real,3,0.9587939698492463,0.3472361809045226,0.00628140703517588,0.00314070351758794,0.4824082725183708,0.34915690260346954
F001535,0.1898569058357866,0.8683417085427135,0.7222222222222222,0.5091750772173156,0.0,1.0,1.0,1.0,0.0,real,3,0.3701005025125628,0.8683417085427135,0.592462311557789,0.2962311557788945,0.29468555086992754,0.7207471402237318
F001536,0.0,0.3472361809045226,0.1944444444444444,0.3469443332443554,0.0,1.0,1.0,1.0,0.0,real,3,0.3701005025125628,0.3472361809045226,0.2914572864321608,0.1457286432160804,0.23898449534102673,0.3505681674705184
F001537,0.0,0.3472361809045226,0.3888888888888889,0.693888666488711,0.0,1.0,1.0,1.0,0.0,real,3,0.3701005025125628,0.3472361809045226,0.828894472361809,0.4144472361809045,0.338437381631777,0.3567122358021262
F001538,0.0,0.3472361809045226,0.6388888888888888,0.7515416254704823,0.0,1.0,1.0,1.0,0.0,real,3,0.3701005025125628,0.3472361809045226,0.8610552763819096,0.4305276381909548,0.34438874649630064,0.3570799032852705
F001539,0.7188194722444669,0.9972361809045226,0.902777777777778,0.1734721666221776,0.0,1.0,1.0,1.0,0.0,real,3,0.3701005025125628,0.9972361809045226,0.07562814070351759,0.037814070351758794,0.19904525769551273,0.9735216282417111
F001540,0.0446581987385203,0.7221105527638191,0.6666666666666666,0.5773502691896258,0.0,1.0,1.0,1.0,0.0,real,3,0.3701005025125628,0.7221105527638191,0.6758793969849246,0.3379396984924623,0.3101219034872857,0.603152382515593
F001541,0.0521012318616071,0.742713567839196,0.6944444444444444,0.6735753140545634,0.0,1.0,1.0,1.0,0.0,real,3,0.3701005025125628,0.742713567839196,0.8133165829145729,0.40665829145728644,0.3355546892755234,0.591187375318805
F001542,0.0,0.3472361809045226,0.25,0.5,0.0,1.0,1.0,1.0,0.0,real,3,0.3701005025125628,0.3472361809045226,0.5492462311557789,0.27462311557788943,0.2866884043332239,0.3535152521400975
F001543,0.0483797153000638,0.7306532663316583,0.6805555555555556,0.6254627916220946,0.5,1.0,1.0,1.0,0.5,real,3,0.9587939698492463,0.7306532663316583,0.714824120603015,0.3574120603015075,0.8220815130931037,0.8121935052145148
F001544,0.0,0.3472361809045226,0.3611111111111111,0.2545875386086578,0.0,1.0,1.0,1.0,0.0,real,3,0.3701005025125628,0.3472361809045226,0.17336683417085427,0.08668341708542714,0.21713182747910406,0.34921813843084765
F001545,0.0,0.3472361809045226,0.2083333333333333,0.7216878364870323,0.0,1.0,1.0,1.0,0.0,real,3,0.3701005025125628,0.3472361809045226,0.8472361809045226,0.4236180904522613,0.3418315194060756,0.356921921163607
F001546,0.1504840084734488,0.8301507537688442,0.6388888888888888,0.2545875386086578,0.0,1.0,1.0,1.0,0.0,real,3,0.3701005025125628,0.8301507537688442,0.17336683417085427,0.08668341708542714,0.21713182747910406,0.7902720259589404
F001547,0.0,0.3472361809045226,0.375,1.0897247358851685,0.0,1.0,1.0,1.0,0.0,real,3,0.3701005025125628,0.3472361809045226,0.9899497487437185,0.4949748743718593,0.3682407009923992,0.3585534456200601
F001548,0.1706553760958049,0.849748743718593,0.7777777777777777,0.769800358919501,0.0,1.0,1.0,1.0,0.0,real,3,0.3701005025125628,0.849748743718593,0.8879396984924623,0.4439698492462312,0.3493637155627383,0.6367993863791318
F001549,0.5260506159308034,0.9814070351758792,0.8472222222222221,0.3367876570272817,0.0,1.0,1.0,1.0,0.0,real,3,0.3701005025125628,0.9814070351758792,0.2778894472361809,0.13894472361809046,0.23647376328880587,0.8964692179490414
F001550,0.0,0.3472361809045226,0.4027777777777778,0.393817968854384,0.0,1.0,1.0,1.0,0.0,real,3,0.3701005025125628,0.3472361809045226,0.40251256281407033,0.20125628140703516,0.25953530213883486,0.3518377692482513
F001551,0.4510034825212683,0.9756281407035176,0.8194444444444444,0.3757708127352412,0.0,1.0,1.0,1.0,0.0,real,3,0.3701005025125628,0.9756281407035176,0.3394472361809045,0.16972361809045225,0.24786504759980807,0.8728557990959824
F001552,0.0483797153000638,0.7306532663316583,0.6805555555555556,0.6254627916220946,0.25,1.0,1.0,1.0,0.25,real,3,0.8304020100502513,0.7306532663316583,0.714824120603015,0.3574120603015075,0.7119966983156991,0.7663046703366077
F001553,0.4376389444889332,0.9698492462311558,0.8055555555555556,0.3469443332443555,0.0,1.0,1.0,1.0,0.0,real,3,0.3701005025125628,0.9698492462311558,0.3135678391959799,0.15678391959798996,0.24307605868538676,0.8758182874169844
F001554,0.125,0.7962311557788945,0.625,0.25,0.0,1.0,1.0,1.0,0.0,real,3,0.3701005025125628,0.7962311557788945,0.13618090452261306,0.06809045226130653,0.2102505618544986,0.767215726875584
F001555,0.0,0.3472361809045226,0.2361111111111111,0.2097176232019652,0.0,1.0,1.0,1.0,0.0,real,3,0.3701005025125628,0.3472361809045226,0.10854271356783919,0.054271356783919596,0.20513610767404863,0.3484770586601348
F001556,0.0,0.3472361809045226,0.375,0.25,0.0,1.0,1.0,1.0,0.0,real,3,0.3701005025125628,0.3472361809045226,0.13618090452261306,0.06809045226130653,0.2102505618544986,0.348793022903462
F001557,0.0,0.3472361809045226,0.2638888888888888,0.2097176232019653,0.0,1.0,1.0,1.0,0.0,real,3,0.3701005025125628,0.3472361809045226,0.11809045226130653,0.059045226130653265,0.20690291911820408,0.3485862099441933
F001558,0.0,0.3472361809045226,0.5555555555555556,0.5357583756107197,0.0,1.0,1.0,1.0,0.0,real,3,0.3701005025125628,0.3472361809045226,0.6384422110552764,0.3192211055276382,0.30319414282467616,0.3545349549253807
F001559,0.0,0.3472361809045226,0.6944444444444444,0.787635937708768,0.25,1.0,1.0,1.0,0.25,real,3,0.8304020100502513,0.3472361809045226,0.8944723618090452,0.4472361809045226,0.786586828615439,0.5633254210752253
F001560,0.0,0.3472361809045226,0.2222222222222222,0.5091750772173156,0.25,1.0,1.0,1.0,0.25,real,3,0.8304020100502513,0.3472361809045226,0.592462311557789,0.2962311557788945,0.6611919522234287,0.49036495290522963
F001561,0.0,0.3472361809045226,0.2222222222222222,0.5091750772173156,0.0,1.0,1.0,1.0,0.0,real,3,0.3701005025125628,0.3472361809045226,0.592462311557789,0.2962311557788945,0.29468555086992754,0.35400930532057273
F001562,0.0,0.3472361809045226,0.6111111111111112,0.693888666488711,0.25,1.0,1.0,1.0,0.25,real,3,0.8304020100502513,0.3472361809045226,0.828894472361809,0.4144472361809045,0.75935882300952,0.547482923411025
F001563,0.0,0.3472361809045226,0.3194444444444444,0.3757708127352411,0.0,1.0,1.0,1.0,0.0,real,3,0.3701005025125628,0.3472361809045226,0.3314070351758794,0.1657035175879397,0.24637720638367716,0.3510248794222368
F001564,0.0,0.3472361809045226,0.2083333333333333,0.5204164998665333,0.25,1.0,1.0,1.0,0.25,real,3,0.8304020100502513,0.3472361809045226,0.6309045226130653,0.31545226130653264,0.6771531968889675,0.4996519342945885
F001565,0.0,0.3472361809045226,0.5972222222222222,0.393817968854384,0.0,1.0,1.0,1.0,0.0,real,3,0.3701005025125628,0.3472361809045226,0.40251256281407033,0.20125628140703516,0.25953530213883486,0.3518377692482513
F001566,0.3222409918479341,0.9381909547738694,0.7638888888888888,0.4110735718596873,0.0,1.0,1.0,1.0,0.0,real,3,0.3701005025125628,0.9381909547738694,0.42135678391959797,0.21067839195979898,0.2630224299891417,0.8185065718037423
F001567,0.0,0.3472361809045226,0.3194444444444444,0.1272937693043289,0.0,1.0,1.0,1.0,0.0,real,3,0.3701005025125628,0.3472361809045226,0.04195979899497487,0.020979899497487436,0.1928149226029646,0.3477158720739375
F001568,0.1898569058357866,0.8683417085427135,0.7222222222222222,0.5091750772173156,0.0,1.0,1.0,1.0,0.0,real,3,0.3701005025125628,0.8683417085427135,0.592462311557789,0.2962311557788945,0.29468555086992754,0.7207471402237318
F001569,0.0,0.3472361809045226,0.4861111111111111,0.2926570486903539,0.0,1.0,1.0,1.0,0.0,real,3,0.3701005025125628,0.3472361809045226,0.2608040201005025,0.13040201005025126,0.23331210070452765,0.3502177344006464
F001570,0.3673634106212396,0.9442211055276382,0.7361111111111112,0.2097176232019653,0.5,1.0,1.0,1.0,0.5,real,3,0.9587939698492463,0.9442211055276382,0.11809045226130653,0.059045226130653265,0.5360091916870786,0.9450815635968789
F001571,0.0,0.3472361809045226,0.2083333333333333,0.5204164998665333,0.0,1.0,1.0,1.0,0.0,real,3,0.3701005025125628,0.3472361809045226,0.6309045226130653,0.31545226130653264,0.30179929168455344,0.35444878285901865
F001572,0.0,0.3472361809045226,0.4166666666666667,1.0408329997330663,0.0,1.0,1.0,1.0,0.0,real,3,0.3701005025125628,0.3472361809045226,0.978140703517588,0.489070351758794,0.36605543420620695,0.358418442716093
F001573,0.3963319220119756,0.9587939698492464,0.7222222222222222,0.0962250448649376,0.0,1.0,1.0,1.0,0.0,real,3,0.3701005025125628,0.9587939698492464,0.022110552763819097,0.011055276381909548,0.1891418146006414,0.9522858008636147
F001574,0.0,0.3472361809045226,0.2777777777777778,0.5091750772173156,0.0,1.0,1.0,1.0,0.0,real,3,0.3701005025125628,0.3472361809045226,0.592462311557789,0.2962311557788945,0.29468555086992754,0.35400930532057273
F001575,0.0,0.3472361809045226,0.3333333333333333,0.2886751345948129,0.5,1.0,1.0,1.0,0.5,real,3,0.9587939698492463,0.3472361809045226,0.22688442211055276,0.11344221105527638,0.5881646928107876,0.4166126486704881
F001576,0.0,0.3472361809045226,0.5555555555555556,1.0183501544346312,0.25,1.0,1.0,1.0,0.25,real,3,0.8304020100502513,0.3472361809045226,0.971356783919598,0.485678391959799,0.8185093179465165,0.5818993838539431
F001577,0.0,0.3472361809045226,0.125,0.25,0.0,1.0,1.0,1.0,0.0,real,3,0.3701005025125628,0.3472361809045226,0.13618090452261306,0.06809045226130653,0.2102505618544986,0.348793022903462
F001578,0.0,0.3472361809045226,0.3333333333333333,0.5773502691896258,0.0,1.0,1.0,1.0,0.0,real,3,0.3701005025125628,0.3472361809045226,0.6758793969849246,0.3379396984924623,0.3101219034872857,0.3549629428549784
F001579,0.0,0.3472361809045226,0.3194444444444444,0.6254627916220946,0.0,1.0,1.0,1.0,0.0,real,3,0.3701005025125628,0.3472361809045226,0.714824120603015,0.3574120603015075,0.31732863437791975,0.3554081651978485
F001580,0.0,0.3472361809045226,0.0972222222222221,0.1734721666221776,0.0,1.0,1.0,1.0,0.0,real,3,0.3701005025125628,0.3472361809045226,0.07562814070351759,0.037814070351758794,0.19904525769551273,0.34810077397035427
F001581,0.0,0.3472361809045226,0.3333333333333333,1.1547005383792517,0.0,1.0,1.0,1.0,0.0,real,3,0.3701005025125628,0.3472361809045226,0.9977386934673367,0.49886934673366834,0.369682047170526,0.35864249008863414
F001582,0.0,0.3472361809045226,0.2916666666666666,0.3818813079129866,0.0,1.0,1.0,1.0,0.0,real,3,0.3701005025125628,0.3472361809045226,0.34723618090452263,0.17361809045226131,0.2493063937779349,0.35120584076159694
F001583,0.0,0.3472361809045226,0.3333333333333333,0.5773502691896258,0.0,1.0,1.0,1.0,0.0,real,3,0.3701005025125628,0.3472361809045226,0.6758793969849246,0.3379396984924623,0.3101219034872857,0.3549629428549784
F001584,0.0,0.3472361809045226,0.1944444444444444,0.3469443332443554,0.0,1.0,1.0,1.0,0.0,real,3,0.3701005025125628,0.3472361809045226,0.2914572864321608,0.1457286432160804,0.23898449534102673,0.3505681674705184
F001585,0.1889957660359268,0.8582914572864322,0.6666666666666666,0.2886751345948129,0.0,1.0,1.0,1.0,0.0,real,3,0.3701005025125628,0.8582914572864322,0.22688442211055276,0.11344221105527638,0.22703527057397543,0.802909995959698
F001586,0.0,0.3472361809045226,0.125,0.4330127018922193,0.0,1.0,1.0,1.0,0.0,real,3,0.3701005025125628,0.3472361809045226,0.4663316582914573,0.23316582914572864,0.2713450417918739,0.3525673594101159
F001587,0.3009680169468978,0.9314070351758794,0.7777777777777778,0.5091750772173156,0.0,1.0,1.0,1.0,0.0,real,3,0.3701005025125628,0.9314070351758794,0.592462311557789,0.2962311557788945,0.29468555086992754,0.7651305522587813
F001588,0.0,0.3472361809045226,0.3472222222222222,0.5672382737961704,0.0,1.0,1.0,1.0,0.0,real,3,0.3701005025125628,0.3472361809045226,0.6540201005025126,0.3270100502512563,0.30607683518092976,0.35471304386252867
F001589,0.0,0.3472361809045226,0.3055555555555556,0.3469443332443555,0.0,1.0,1.0,1.0,0.0,real,3,0.3701005025125628,0.3472361809045226,0.3135678391959799,0.15678391959798996,0.24307605868538676,0.3508209388651801
F001590,0.1564584167334001,0.8437185929648241,0.7083333333333334,0.5204164998665332,0.25,1.0,1.0,1.0,0.25,real,3,0.8304020100502513,0.8437185929648241,0.6203517587939699,0.31017587939698493,0.6727716787454862,0.8395881101487337
F001591,0.3231250834000667,0.941708542713568,0.7916666666666667,0.5204164998665333,0.25,1.0,1.0,1.0,0.25,real,3,0.8304020100502513,0.941708542713568,0.6309045226130653,0.31545226130653264,0.6771531968889675,0.9065966452867353
F001592,0.0,0.3472361809045226,0.6111111111111112,0.6309898162000305,0.0,1.0,1.0,1.0,0.0,real,3,0.3701005025125628,0.3472361809045226,0.7530150753768844,0.3765075376884422,0.3243958801545415,0.35584477033408246
F001593,0.0,0.3472361809045226,0.4444444444444444,0.5357583756107198,0.5,1.0,1.0,1.0,0.5,real,3,0.9587939698492463,0.3472361809045226,0.6459798994974875,0.32298994974874373,0.7890778010656296,0.5447632004242318
F001594,0.0219364186574703,0.7055276381909548,0.6527777777777778,0.5672382737961704,0.0,1.0,1.0,1.0,0.0,real,3,0.3701005025125628,0.7055276381909548,0.6540201005025126,0.3270100502512563,0.30607683518092976,0.5958395936971288
F001595,0.0,0.3472361809045226,0.2777777777777778,0.5091750772173156,0.0,1.0,1.0,1.0,0.0,real,3,0.3701005025125628,0.3472361809045226,0.592462311557789,0.2962311557788945,0.29468555086992754,0.35400930532057273
F001596,0.4229189661767951,0.9630653266331658,0.7638888888888888,0.2097176232019653,0.25,1.0,1.0,1.0,0.25,real,3,0.8304020100502513,0.9630653266331658,0.11809045226130653,0.059045226130653265,0.4642322794878917,0.9552321911062852
F001597,0.0,0.3472361809045226,0.4305555555555555,0.4738533919231106,0.0,1.0,1.0,1.0,0.0,real,3,0.3701005025125628,0.3472361809045226,0.48391959798994977,0.24195979899497488,0.2745996944521603,0.3527684275649604
F001598,0.0,0.3472361809045226,0.1111111111111111,0.3849001794597505,0.0,1.0,1.0,1.0,0.0,real,3,0.3701005025125628,0.3472361809045226,0.3763819095477387,0.18819095477386935,0.25469981818640947,0.3515390394181965
F001599,0.2154167222667111,0.879145728643216,0.6944444444444444,0.3469443332443555,0.5,1.0,1.0,1.0,0.5,real,3,0.9587939698492463,0.879145728643216,0.3135678391959799,0.15678391959798996,0.629720461604505,0.8916332920885837
F001600,0.0,0.3472361809045226,0.2916666666666666,0.5204164998665332,0.0,1.0,1.0,1.0,0.0,real,3,0.3701005025125628,0.3472361809045226,0.6203517587939699,0.31017587939698493,0.2998465000883816,0.35432814196611195
F001601,0.0,0.3472361809045226,0.4027777777777778,0.1734721666221777,0.0,1.0,1.0,1.0,0.0,real,3,0.3701005025125628,0.3472361809045226,0.08417085427135679,0.042085427135678394,0.20062608898765183,0.34819843564556446
F001602,0.0,0.3472361809045226,0.4444444444444444,0.1924500897298753,0.0,1.0,1.0,1.0,0.0,real,3,0.3701005025125628,0.3472361809045226,0.10150753768844221,0.05075376884422111,0.2038342466099341,0.348396631398197
F001603,0.061411169010459,0.7545226130653266,0.6527777777777778,0.488288773090193,0.0,1.0,1.0,1.0,0.0,real,3,0.3701005025125628,0.7545226130653266,0.514070351758794,0.257035175879397,0.2801790990126512,0.655712608267468
F001604,0.0,0.3472361809045226,0.4027777777777778,0.393817968854384,0.0,1.0,1.0,1.0,0.0,real,3,0.3701005025125628,0.3472361809045226,0.40251256281407033,0.20125628140703516,0.25953530213883486,0.3518377692482513
F001605,0.5949284529178934,0.992211055276382,0.8611111111111112,0.2545875386086578,0.0,1.0,1.0,1.0,0.0,real,3,0.3701005025125628,0.992211055276382,0.17336683417085427,0.08668341708542714,0.21713182747910406,0.9382843867579103
F001606,0.0,0.3472361809045226,0.6111111111111112,0.6309898162000305,0.0,1.0,1.0,1.0,0.0,real,3,0.3701005025125628,0.3472361809045226,0.7530150753768844,0.3765075376884422,0.3243958801545415,0.35584477033408246
F001607,0.0,0.3472361809045226,0.3611111111111111,0.8552669065744807,0.0,1.0,1.0,1.0,0.0,real,3,0.3701005025125628,0.3472361809045226,0.9228643216080402,0.4614321608040201,0.355826525845307,0.35778651422943863
F001608,0.0,0.3472361809045226,0.5972222222222222,0.393817968854384,0.0,1.0,1.0,1.0,0.0,real,3,0.3701005025125628,0.3472361809045226,0.40251256281407033,0.20125628140703516,0.25953530213883486,0.3518377692482513
F001609,0.0,0.3472361809045226,0.375,0.25,0.0,1.0,1.0,1.0,0.0,real,3,0.3701005025125628,0.3472361809045226,0.13618090452261306,0.06809045226130653,0.2102505618544986,0.348793022903462
F001610,0.125,0.7962311557788945,0.625,0.25,0.0,1.0,1.0,1.0,0.0,real,3,0.3701005025125628,0.7962311557788945,0.13618090452261306,0.06809045226130653,0.2102505618544986,0.767215726875584
F001611,0.1485783278408043,0.8120603015075377,0.7361111111111112,0.6472877887628358,0.25,1.0,1.0,1.0,0.25,real,3,0.8304020100502513,0.8120603015075377,0.771105527638191,0.3855527638190955,0.7353647950809322,0.8191319979293453
F001612,0.1898569058357866,0.8683417085427135,0.7222222222222222,0.5091750772173156,0.0,1.0,1.0,1.0,0.0,real,3,0.3701005025125628,0.8683417085427135,0.592462311557789,0.2962311557788945,0.29468555086992754,0.7207471402237318
F001613,0.0,0.3472361809045226,0.3472222222222222,0.488288773090193,0.0,1.0,1.0,1.0,0.0,real,3,0.3701005025125628,0.3472361809045226,0.514070351758794,0.257035175879397,0.2801790990126512,0.35311311583040833
F001614,0.0,0.3472361809045226,0.3888888888888889,0.693888666488711,0.0,1.0,1.0,1.0,0.0,real,3,0.3701005025125628,0.3472361809045226,0.828894472361809,0.4144472361809045,0.338437381631777,0.3567122358021262
F001615,0.0,0.3472361809045226,0.3472222222222222,0.488288773090193,0.0,1.0,1.0,1.0,0.0,real,3,0.3701005025125628,0.3472361809045226,0.514070351758794,0.257035175879397,0.2801790990126512,0.35311311583040833
F001616,0.0,0.3472361809045226,0.5972222222222222,0.393817968854384,0.0,1.0,1.0,1.0,0.0,real,3,0.3701005025125628,0.3472361809045226,0.40251256281407033,0.20125628140703516,0.25953530213883486,0.3518377692482513
F001617,0.0,0.3472361809045226,0.4583333333333333,0.1443375672974064,0.0,1.0,1.0,1.0,0.0,real,3,0.3701005025125628,0.3472361809045226,0.06155778894472362,0.03077889447236181,0.19644153556728366,0.34793991944647856
F001618,0.0,0.3472361809045226,0.0555555555555555,0.1924500897298752,0.25,1.0,1.0,1.0,0.25,real,3,0.8304020100502513,0.3472361809045226,0.09321608040201006,0.04660804020100503,0.45390441529254316,0.3697555932930986
F001619,0.0,0.3472361809045226,0.375,0.25,0.5,1.0,1.0,1.0,0.5,real,3,0.9587939698492463,0.3472361809045226,0.13618090452261306,0.06809045226130653,0.5446816999570717,0.3888774273376935
F001620,0.0,0.3472361809045226,0.5972222222222222,0.6364688465216444,0.0,1.0,1.0,1.0,0.0,real,3,0.3701005025125628,0.3472361809045226,0.7600502512562815,0.3800251256281407,0.32569774121865613,0.35592519759602026
F001621,0.0,0.3472361809045226,0.3333333333333333,0.2886751345948129,0.0,1.0,1.0,1.0,0.0,real,3,0.3701005025125628,0.3472361809045226,0.22688442211055276,0.11344221105527638,0.22703527057397543,0.34982996010201756
F001622,0.0,0.3472361809045226,0.2777777777777778,0.5091750772173156,0.25,1.0,1.0,1.0,0.25,real,3,0.8304020100502513,0.3472361809045226,0.592462311557789,0.2962311557788945,0.6611919522234287,0.49036495290522963
F001623,0.0,0.3472361809045226,0.4583333333333333,0.3818813079129867,0.0,1.0,1.0,1.0,0.0,real,3,0.3701005025125628,0.3472361809045226,0.3608040201005025,0.18040201005025125,0.2518171258301558,0.35136095048104843
F001624,0.0,0.3472361809045226,0.5416666666666666,0.3818813079129867,0.0,1.0,1.0,1.0,0.0,real,3,0.3701005025125628,0.3472361809045226,0.3608040201005025,0.18040201005025125,0.2518171258301558,0.35136095048104843
F001625,0.0,0.3472361809045226,0.4166666666666667,0.7637626158259733,0.0,1.0,1.0,1.0,0.0,real,3,0.3701005025125628,0.3472361809045226,0.8768844221105527,0.43844221105527637,0.3473179338905583,0.3572608646246307
F001626,0.3009680169468978,0.9314070351758794,0.7777777777777778,0.5091750772173156,0.25,1.0,1.0,1.0,0.25,real,3,0.8304020100502513,0.9314070351758794,0.592462311557789,0.2962311557788945,0.6611919522234287,0.9014861998434383
F001627,0.0,0.3472361809045226,0.375,0.4330127018922193,0.0,1.0,1.0,1.0,0.0,real,3,0.3701005025125628,0.3472361809045226,0.4663316582914573,0.23316582914572864,0.2713450417918739,0.3525673594101159
F001628,0.3779915320718537,0.9507537688442212,0.8333333333333333,0.5773502691896258,0.0,1.0,1.0,1.0,0.0,real,3,0.3701005025125628,0.9507537688442212,0.6758793969849246,0.3379396984924623,0.3101219034872857,0.7545279790914372
F001629,0.0669872981077807,0.7638190954773869,0.75,0.8660254037844386,0.0,1.0,1.0,1.0,0.0,real,3,0.3701005025125628,0.7638190954773869,0.9336683417085427,0.46683417085427137,0.35782581247948286,0.5800178025807429
F001630,0.2224894150898172,0.8891959798994975,0.7916666666666667,0.7216878364870323,0.0,1.0,1.0,1.0,0.0,real,3,0.3701005025125628,0.8891959798994975,0.8472361809045226,0.4236180904522613,0.3418315194060756,0.6692977450064392
F001631,0.0,0.3472361809045226,0.5972222222222222,0.393817968854384,0.25,1.0,1.0,1.0,0.25,real,3,0.8304020100502513,0.3472361809045226,0.40251256281407033,0.20125628140703516,0.5823246256407666,0.4444763389813388
F001632,0.0,0.3472361809045226,0.3472222222222222,0.6988747569671736,0.25,1.0,1.0,1.0,0.25,real,3,0.8304020100502513,0.3472361809045226,0.8361809045226131,0.41809045226130653,0.7623841569657331,0.5492432009292695
F001633,0.1504840084734488,0.8301507537688442,0.6388888888888888,0.2545875386086578,0.25,1.0,1.0,1.0,0.25,real,3,0.8304020100502513,0.8301507537688442,0.17336683417085427,0.08668341708542714,0.4871830888108886,0.8301725335218807
F001634,0.0,0.3472361809045226,0.4583333333333333,0.1443375672974064,0.0,1.0,1.0,1.0,0.0,real,3,0.3701005025125628,0.3472361809045226,0.06155778894472362,0.03077889447236181,0.19644153556728366,0.34793991944647856
F001635,0.0,0.3472361809045226,0.5972222222222222,0.8832285053102581,0.0,1.0,1.0,1.0,0.0,real,3,0.3701005025125628,0.3472361809045226,0.9417085427135679,0.4708542713567839,0.35931365369561374,0.35800194439534355
F001636,0.0,0.3472361809045226,0.4166666666666667,0.2886751345948129,0.25,1.0,1.0,1.0,0.25,real,3,0.8304020100502513,0.3472361809045226,0.22688442211055276,0.11344221105527638,0.509403645109972,0.4020475808691699
F001637,0.0,0.3472361809045226,0.2361111111111111,0.2097176232019652,0.0,1.0,1.0,1.0,0.0,real,3,0.3701005025125628,0.3472361809045226,0.10854271356783919,0.054271356783919596,0.20513610767404863,0.3484770586601348
F001638,0.0,0.3472361809045226,0.1527777777777777,0.3367876570272816,0.0,1.0,1.0,1.0,0.0,real,3,0.3701005025125628,0.3472361809045226,0.2698492462311558,0.1349246231155779,0.23498592207267494,0.3503211408802808
F001639,0.25,0.907286432160804,0.75,0.5,0.0,1.0,1.0,1.0,0.0,real,3,0.3701005025125628,0.907286432160804,0.5492462311557789,0.27462311557788943,0.2866884043332239,0.759762758516199
F001640,0.1504840084734488,0.8301507537688442,0.6388888888888888,0.2545875386086578,0.5,1.0,0.5,0.5,0.5,real,3,0.9587939698492463,0.8301507537688442,0.17336683417085427,0.04334170854271357,0.2812542612560289,0.8357263705461984
F001641,0.0,0.3472361809045226,0.2777777777777778,0.5091750772173156,0.0,1.0,1.0,1.0,0.0,real,3,0.3701005025125628,0.3472361809045226,0.592462311557789,0.2962311557788945,0.29468555086992754,0.35400930532057273
F001642,0.0,0.3472361809045226,0.3194444444444444,0.3757708127352411,0.0,1.0,1.0,1.0,0.0,real,3,0.3701005025125628,0.3472361809045226,0.3314070351758794,0.1657035175879397,0.24637720638367716,0.3510248794222368
F001643,0.0,0.3472361809045226,0.1111111111111111,0.3849001794597505,0.0,1.0,1.0,1.0,0.0,real,3,0.3701005025125628,0.3472361809045226,0.3763819095477387,0.18819095477386935,0.25469981818640947,0.3515390394181965
F001644,0.0,0.3472361809045226,0.5694444444444444,0.9871864246620478,0.25,1.0,1.0,1.0,0.25,real,3,0.8304020100502513,0.3472361809045226,0.9590452261306532,0.4795226130653266,0.8133975467791218,0.5789251218403575
F001645,0.0,0.3472361809045226,0.3333333333333333,0.5773502691896258,0.0,1.0,1.0,1.0,0.0,real,3,0.3701005025125628,0.3472361809045226,0.6758793969849246,0.3379396984924623,0.3101219034872857,0.3549629428549784
F001646,0.0,0.3472361809045226,0.2777777777777778,0.5091750772173156,0.0,1.0,1.0,1.0,0.0,real,3,0.3701005025125628,0.3472361809045226,0.592462311557789,0.2962311557788945,0.29468555086992754,0.35400930532057273
F001647,0.0,0.3472361809045226,0.6666666666666666,0.7637626158259733,0.0,1.0,1.0,1.0,0.0,real,3,0.3701005025125628,0.3472361809045226,0.8768844221105527,0.43844221105527637,0.3473179338905583,0.3572608646246307
F001648,0.0,0.3472361809045226,0.25,0.5,0.0,1.0,1.0,1.0,0.0,real,3,0.3701005025125628,0.3472361809045226,0.5492462311557789,0.27462311557788943,0.2866884043332239,0.3535152521400975
F001649,0.3009680169468978,0.9314070351758794,0.7777777777777778,0.5091750772173156,0.0,1.0,1.0,1.0,0.0,real,3,0.3701005025125628,0.9314070351758794,0.592462311557789,0.2962311557788945,0.29468555086992754,0.7651305522587813
F001650,0.0,0.3472361809045226,0.5555555555555556,0.6735753140545634,0.0,1.0,1.0,1.0,0.0,real,3,0.3701005025125628,0.3472361809045226,0.8133165829145729,0.40665829145728644,0.3355546892755234,0.3565341468649781
F001651,0.1485783278408043,0.8120603015075377,0.7361111111111112,0.6472877887628358,0.0,1.0,1.0,1.0,0.0,real,3,0.3701005025125628,0.8120603015075377,0.771105527638191,0.3855527638190955,0.3277435228908361,0.6416614795080933
F001652,0.0,0.3472361809045226,0.2222222222222222,0.5091750772173156,0.0,1.0,1.0,1.0,0.0,real,3,0.3701005025125628,0.3472361809045226,0.592462311557789,0.2962311557788945,0.29468555086992754,0.35400930532057273
F001653,0.0,0.3472361809045226,0.3472222222222222,0.488288773090193,0.0,1.0,1.0,1.0,0.0,real,3,0.3701005025125628,0.3472361809045226,0.514070351758794,0.257035175879397,0.2801790990126512,0.35311311583040833
F001654,0.0,0.3472361809045226,0.3333333333333333,0.5773502691896258,0.0,1.0,1.0,1.0,0.0,real,3,0.3701005025125628,0.3472361809045226,0.6758793969849246,0.3379396984924623,0.3101219034872857,0.3549629428549784
F001655,0.0,0.3472361809045226,0.2777777777777778,0.5091750772173156,0.0,1.0,1.0,1.0,0.0,real,3,0.3701005025125628,0.3472361809045226,0.592462311557789,0.2962311557788945,0.29468555086992754,0.35400930532057273
F001656,0.0,0.3472361809045226,0.6111111111111112,0.6309898162000305,0.25,1.0,1.0,1.0,0.25,real,3,0.8304020100502513,0.3472361809045226,0.7530150753768844,0.3765075376884422,0.7278536211206788,0.5291517575313754
F001657,0.1504840084734488,0.8301507537688442,0.6388888888888888,0.2545875386086578,0.0,1.0,1.0,1.0,0.0,real,3,0.3701005025125628,0.8301507537688442,0.17336683417085427,0.08668341708542714,0.21713182747910406,0.7902720259589404
F001658,0.2666854362923786,0.9155778894472362,0.7361111111111112,0.4110735718596873,0.0,1.0,1.0,1.0,0.0,real,3,0.3701005025125628,0.9155778894472362,0.42135678391959797,0.21067839195979898,0.2630224299891417,0.800657590717406
F001659,0.7188194722444669,0.9972361809045226,0.902777777777778,0.1734721666221776,0.25,1.0,1.0,1.0,0.25,real,3,0.8304020100502513,0.9972361809045226,0.07562814070351759,0.037814070351758794,0.44660188505340775,0.9909275018307618
F001660,0.0,0.3472361809045226,0.25,0.8660254037844386,0.0,1.0,1.0,1.0,0.0,real,3,0.3701005025125628,0.3472361809045226,0.9336683417085427,0.46683417085427137,0.35782581247948286,0.3579100275245575
F001661,0.0,0.3472361809045226,0.1111111111111111,0.3849001794597505,0.0,1.0,1.0,1.0,0.0,real,3,0.3701005025125628,0.3472361809045226,0.3763819095477387,0.18819095477386935,0.25469981818640947,0.3515390394181965
F001662,0.5260506159308034,0.9814070351758792,0.8472222222222221,0.3367876570272817,0.0,1.0,1.0,1.0,0.0,real,3,0.3701005025125628,0.9814070351758792,0.2778894472361809,0.13894472361809046,0.23647376328880587,0.8964692179490414
F001663,0.0,0.3472361809045226,0.3194444444444444,0.6254627916220946,0.25,1.0,1.0,1.0,0.25,real,3,0.8304020100502513,0.3472361809045226,0.714824120603015,0.3574120603015075,0.7119966983156991,0.5199254753667837
F001664,0.0,0.3472361809045226,0.5138888888888888,0.2926570486903538,0.0,1.0,1.0,1.0,0.0,real,3,0.3701005025125628,0.3472361809045226,0.24949748743718592,0.12474874371859296,0.2312198239943436,0.35008847630110346
F001665,0.0,0.3472361809045226,0.6527777777777778,0.6684005230842202,0.0,1.0,1.0,1.0,0.0,real,3,0.3701005025125628,0.3472361809045226,0.7989949748743719,0.39949748743718594,0.3329044721092902,0.3563704199388904
F001666,0.1504840084734488,0.8301507537688442,0.6388888888888888,0.2545875386086578,0.0,1.0,1.0,1.0,0.0,real,3,0.3701005025125628,0.8301507537688442,0.17336683417085427,0.08668341708542714,0.21713182747910406,0.7902720259589404
F001667,0.0,0.3472361809045226,0.5277777777777778,0.9179284245476838,0.0,1.0,1.0,1.0,0.0,real,3,0.3701005025125628,0.3472361809045226,0.9510050251256281,0.47550251256281406,0.36103397010176513,0.35810822327718994
F001668,0.0,0.3472361809045226,0.2222222222222222,0.5091750772173156,0.0,1.0,1.0,1.0,0.0,real,3,0.3701005025125628,0.3472361809045226,0.592462311557789,0.2962311557788945,0.29468555086992754,0.35400930532057273
F001669,0.0,0.3472361809045226,0.2916666666666666,0.8036375634160796,0.0,1.0,1.0,1.0,0.0,real,3,0.3701005025125628,0.3472361809045226,0.9057788944723618,0.4528894472361809,0.35266486326102875,0.35759119087901825
F001670,0.1732257047434905,0.8535175879396985,0.6805555555555556,0.3757708127352412,0.0,1.0,1.0,1.0,0.0,real,3,0.3701005025125628,0.8535175879396985,0.3394472361809045,0.16972361809045225,0.24786504759980807,0.7714702911542638
F001671,0.125,0.7962311557788945,0.625,0.25,0.5,1.0,1.0,1.0,0.5,real,3,0.9587939698492463,0.7962311557788945,0.13618090452261306,0.06809045226130653,0.5446816999570717,0.8073001313098155
F001672,0.0,0.3472361809045226,0.625,0.6614378277661477,0.25,1.0,1.0,1.0,0.25,real,3,0.8304020100502513,0.3472361809045226,0.7871859296482412,0.3935929648241206,0.7420413941567132,0.5374068520996944
F001673,0.0,0.3472361809045226,0.4027777777777778,0.393817968854384,0.25,1.0,1.0,1.0,0.25,real,3,0.8304020100502513,0.3472361809045226,0.40251256281407033,0.20125628140703516,0.5823246256407666,0.4444763389813388
F001674,0.0,0.3472361809045226,0.1111111111111111,0.3849001794597505,0.0,1.0,1.0,1.0,0.0,real,3,0.3701005025125628,0.3472361809045226,0.3763819095477387,0.18819095477386935,0.25469981818640947,0.3515390394181965
F001675,0.1898569058357866,0.8683417085427135,0.7222222222222222,0.5091750772173156,0.0,1.0,1.0,1.0,0.0,real,3,0.3701005025125628,0.8683417085427135,0.592462311557789,0.2962311557788945,0.29468555086992754,0.7207471402237318
F001676,0.0,0.3472361809045226,0.6666666666666666,0.7637626158259733,0.0,1.0,1.0,1.0,0.0,real,3,0.3701005025125628,0.3472361809045226,0.8768844221105527,0.43844221105527637,0.3473179338905583,0.3572608646246307
F001677,0.0,0.3472361809045226,0.3472222222222222,0.3367876570272817,0.25,1.0,1.0,1.0,0.25,real,3,0.8304020100502513,0.3472361809045226,0.2778894472361809,0.13894472361809046,0.5305809828034647,0.4143695234968814
F001678,0.1504840084734488,0.8301507537688442,0.6388888888888888,0.2545875386086578,0.0,1.0,1.0,1.0,0.0,real,3,0.3701005025125628,0.8301507537688442,0.17336683417085427,0.08668341708542714,0.21713182747910406,0.7902720259589404
F001679,0.1504840084734488,0.8301507537688442,0.6388888888888888,0.2545875386086578,0.0,1.0,1.0,1.0,0.0,real,3,0.3701005025125628,0.8301507537688442,0.17336683417085427,0.08668341708542714,0.21713182747910406,0.7902720259589404
F001680,0.0,0.3472361809045226,0.4444444444444444,0.5357583756107198,0.0,1.0,1.0,1.0,0.0,real,3,0.3701005025125628,0.3472361809045226,0.6459798994974875,0.32298994974874373,0.3045889939647989,0.35462112699174264
F001681,0.0,0.3472361809045226,0.5555555555555556,0.5357583756107197,0.25,1.0,1.0,1.0,0.25,real,3,0.8304020100502513,0.3472361809045226,0.6384422110552764,0.3192211055276382,0.6802828527057397,0.5014729110376
F001682,0.0521012318616071,0.742713567839196,0.6944444444444444,0.6735753140545634,0.0,1.0,1.0,1.0,0.0,real,3,0.3701005025125628,0.742713567839196,0.8133165829145729,0.40665829145728644,0.3355546892755234,0.591187375318805
F001683,0.1504840084734488,0.8301507537688442,0.6388888888888888,0.2545875386086578,0.0,1.0,1.0,1.0,0.0,real,3,0.3701005025125628,0.8301507537688442,0.17336683417085427,0.08668341708542714,0.21713182747910406,0.7902720259589404
F001684,0.0,0.3472361809045226,0.0833333333333333,0.2886751345948128,0.0,1.0,1.0,1.0,0.0,real,3,0.3701005025125628,0.3472361809045226,0.20376884422110553,0.10188442211055276,0.22275772707759908,0.34956569909850754
F001685,0.0,0.3472361809045226,0.6666666666666666,0.7637626158259733,0.0,1.0,1.0,1.0,0.0,real,3,0.3701005025125628,0.3472361809045226,0.8768844221105527,0.43844221105527637,0.3473179338905583,0.3572608646246307
F001686,0.2974642264589466,0.9216080402010052,0.6805555555555556,0.1272937693043289,0.0,1.0,1.0,1.0,0.0,real,3,0.3701005025125628,0.9216080402010052,0.04195979899497487,0.020979899497487436,0.1928149226029646,0.9100374674881948
F001687,0.0,0.3472361809045226,0.2222222222222222,0.5091750772173156,0.0,1.0,1.0,1.0,0.0,real,3,0.3701005025125628,0.3472361809045226,0.592462311557789,0.2962311557788945,0.29468555086992754,0.35400930532057273
F001688,0.0,0.3472361809045226,0.4027777777777778,0.1734721666221777,0.0,1.0,1.0,1.0,0.0,real,3,0.3701005025125628,0.3472361809045226,0.08417085427135679,0.042085427135678394,0.20062608898765183,0.34819843564556446
F001689,0.0,0.3472361809045226,0.6388888888888888,0.7515416254704823,0.25,1.0,1.0,1.0,0.25,real,3,0.8304020100502513,0.3472361809045226,0.8610552763819096,0.4305276381909548,0.7727120211610818,0.5552524241812076
F001690,0.0,0.3472361809045226,0.3888888888888889,1.0715167512214396,0.0,1.0,1.0,1.0,0.0,real,3,0.3701005025125628,0.3472361809045226,0.9834170854271357,0.49170854271356784,0.36703183000429285,0.35847876316254634
F001691,0.0,0.3472361809045226,0.3194444444444444,0.3757708127352411,0.0,1.0,1.0,1.0,0.0,real,3,0.3701005025125628,0.3472361809045226,0.3314070351758794,0.1657035175879397,0.24637720638367716,0.3510248794222368
F001692,0.0,0.3472361809045226,0.1388888888888888,0.2545875386086578,0.0,1.0,1.0,1.0,0.0,real,3,0.3701005025125628,0.3472361809045226,0.17336683417085427,0.08668341708542714,0.21713182747910406,0.34921813843084765
F001693,0.0,0.3472361809045226,0.1388888888888888,0.2545875386086578,0.0,1.0,1.0,1.0,0.0,real,3,0.3701005025125628,0.3472361809045226,0.17336683417085427,0.08668341708542714,0.21713182747910406,0.34921813843084765
F001694,0.1504840084734488,0.8301507537688442,0.6388888888888888,0.2545875386086578,0.0,1.0,1.0,1.0,0.0,real,3,0.3701005025125628,0.8301507537688442,0.17336683417085427,0.08668341708542714,0.21713182747910406,0.7902720259589404
F001695,0.0,0.3472361809045226,0.4305555555555555,0.4276334532872403,0.0,1.0,1.0,1.0,0.0,real,3,0.3701005025125628,0.3472361809045226,0.4505025125628141,0.22525125628140705,0.2684158543976162,0.3523863980707558
F001696,0.0,0.3472361809045226,0.3333333333333333,0.2886751345948129,0.0,1.0,1.0,1.0,0.0,real,3,0.3701005025125628,0.3472361809045226,0.22688442211055276,0.11344221105527638,0.22703527057397543,0.34982996010201756
F001697,0.0,0.3472361809045226,0.0555555555555555,0.1924500897298752,0.0,1.0,1.0,1.0,0.0,real,3,0.3701005025125628,0.3472361809045226,0.09321608040201006,0.04660804020100503,0.2022999103557991,0.3483018421251988
F001698,0.0,0.3472361809045226,0.4305555555555555,0.9871864246620478,0.25,1.0,1.0,1.0,0.25,real,3,0.8304020100502513,0.3472361809045226,0.9590452261306532,0.4795226130653266,0.8133975467791218,0.5789251218403575
F001699,0.0,0.3472361809045226,0.5972222222222222,0.393817968854384,0.0,1.0,1.0,1.0,0.0,real,3,0.3701005025125628,0.3472361809045226,0.40251256281407033,0.20125628140703516,0.25953530213883486,0.3518377692482513
F001700,0.1485783278408043,0.8120603015075377,0.7361111111111112,0.6472877887628358,0.0,1.0,1.0,1.0,0.0,real,3,0.3701005025125628,0.8120603015075377,0.771105527638191,0.3855527638190955,0.3277435228908361,0.6416614795080933
F001701,0.2224894150898172,0.8891959798994975,0.7916666666666667,0.7216878364870323,0.0,1.0,1.0,1.0,0.0,real,3,0.3701005025125628,0.8891959798994975,0.8472361809045226,0.4236180904522613,0.3418315194060756,0.6692977450064392
F001702,0.0,0.3472361809045226,0.5555555555555556,1.0183501544346312,0.25,1.0,1.0,1.0,0.25,real,3,0.8304020100502513,0.3472361809045226,0.971356783919598,0.485678391959799,0.8185093179465165,0.5818993838539431
F001703,0.0,0.3472361809045226,0.6527777777777778,0.9292071490932072,0.25,1.0,1.0,1.0,0.25,real,3,0.8304020100502513,0.3472361809045226,0.9545226130653266,0.4772613065326633,0.8115197532890583,0.5778325357945506
F001704,0.25,0.907286432160804,0.75,0.5,0.0,1.0,1.0,1.0,0.0,real,3,0.3701005025125628,0.907286432160804,0.5492462311557789,0.27462311557788943,0.2866884043332239,0.759762758516199
F001705,0.0,0.3472361809045226,0.4861111111111111,0.2926570486903539,0.25,1.0,1.0,1.0,0.25,real,3,0.8304020100502513,0.3472361809045226,0.2608040201005025,0.13040201005025126,0.5234870962854473,0.41024197621272185
F001706,0.0,0.3472361809045226,0.625,0.6614378277661477,0.0,1.0,1.0,1.0,0.0,real,3,0.3701005025125628,0.3472361809045226,0.7871859296482412,0.3935929648241206,0.3307192053230979,0.35623541703492334
F001707,0.2224894150898172,0.8891959798994975,0.7916666666666667,0.7216878364870323,0.25,1.0,1.0,1.0,0.25,real,3,0.8304020100502513,0.8891959798994975,0.8472361809045226,0.4236180904522613,0.7669743188303325,0.864289790661852
F001708,0.1020902318637188,0.7766331658291458,0.7083333333333334,0.6291528696058958,0.0,1.0,1.0,1.0,0.0,real,3,0.3701005025125628,0.7766331658291458,0.7339195979899498,0.3669597989949749,0.3208622572662307,0.6274520214136007
F001709,0.0,0.3472361809045226,0.25,0.5,0.5,1.0,1.0,1.0,0.5,real,3,0.9587939698492463,0.3472361809045226,0.5492462311557789,0.27462311557788943,0.7427039721219161,0.515184086260448
F001710,0.0,0.3472361809045226,0.3888888888888889,0.6309898162000305,0.0,1.0,1.0,1.0,0.0,real,3,0.3701005025125628,0.3472361809045226,0.7530150753768844,0.3765075376884422,0.3243958801545415,0.35584477033408246
F001711,0.0,0.3472361809045226,0.625,0.6614378277661477,0.0,1.0,1.0,1.0,0.0,real,3,0.3701005025125628,0.3472361809045226,0.7871859296482412,0.3935929648241206,0.3307192053230979,0.35623541703492334
F001712,0.0,0.3472361809045226,0.2361111111111111,0.2097176232019652,0.0,1.0,1.0,1.0,0.0,real,3,0.3701005025125628,0.3472361809045226,0.10854271356783919,0.054271356783919596,0.20513610767404863,0.3484770586601348
F001713,0.0,0.3472361809045226,0.0555555555555555,0.1924500897298752,0.0,1.0,1.0,1.0,0.0,real,3,0.3701005025125628,0.3472361809045226,0.09321608040201006,0.04660804020100503,0.2022999103557991,0.3483018421251988
F001714,0.0,0.3472361809045226,0.3194444444444444,0.3757708127352411,0.0,1.0,1.0,1.0,0.0,real,3,0.3701005025125628,0.3472361809045226,0.3314070351758794,0.1657035175879397,0.24637720638367716,0.3510248794222368
F001715,0.0,0.3472361809045226,0.5694444444444444,0.4276334532872403,0.0,1.0,1.0,1.0,0.0,real,3,0.3701005025125628,0.3472361809045226,0.4505025125628141,0.22525125628140705,0.2684158543976162,0.3523863980707558
F001716,0.0,0.3472361809045226,0.5416666666666666,0.3818813079129867,0.25,1.0,1.0,1.0,0.25,real,3,0.8304020100502513,0.3472361809045226,0.3608040201005025,0.18040201005025125,0.5650071967879599,0.4344002676700083
F001717,0.0,0.3472361809045226,0.25,0.5,0.0,1.0,1.0,1.0,0.0,real,3,0.3701005025125628,0.3472361809045226,0.5492462311557789,0.27462311557788943,0.2866884043332239,0.3535152521400975
F001718,0.0,0.3472361809045226,0.2777777777777778,0.0962250448649376,0.0,1.0,1.0,1.0,0.0,real,3,0.3701005025125628,0.3472361809045226,0.022110552763819097,0.011055276381909548,0.1891418146006414,0.34748895229918436
F001719,0.0,0.3472361809045226,0.375,1.0897247358851685,0.0,1.0,1.0,1.0,0.0,real,3,0.3701005025125628,0.3472361809045226,0.9899497487437185,0.4949748743718593,0.3682407009923992,0.3585534456200601
F001720,0.0,0.3472361809045226,0.5694444444444444,0.4276334532872403,0.0,1.0,1.0,1.0,0.0,real,3,0.3701005025125628,0.3472361809045226,0.4505025125628141,0.22525125628140705,0.2684158543976162,0.3523863980707558
F001721,0.125,0.7962311557788945,0.625,0.25,0.25,1.0,1.0,1.0,0.25,real,3,0.8304020100502513,0.7962311557788945,0.13618090452261306,0.06809045226130653,0.4717434534481452,0.7985578647003864
F001722,0.0334936490538903,0.7173366834170855,0.625,0.4330127018922193,0.0,1.0,1.0,1.0,0.0,real,3,0.3701005025125628,0.7173366834170855,0.4663316582914573,0.23316582914572864,0.2713450417918739,0.6363730713870862
F001723,0.25,0.907286432160804,0.75,0.5,0.0,1.0,1.0,1.0,0.0,real,3,0.3701005025125628,0.907286432160804,0.5492462311557789,0.27462311557788943,0.2866884043332239,0.759762758516199
F001724,0.0,0.3472361809045226,0.3055555555555556,0.3469443332443555,0.25,1.0,1.0,1.0,0.25,real,3,0.8304020100502513,0.3472361809045226,0.3135678391959799,0.15678391959798996,0.5453946870028535,0.4229888134138026
F001725,0.0,0.3472361809045226,0.0555555555555555,0.1924500897298752,0.0,1.0,1.0,1.0,0.0,real,3,0.3701005025125628,0.3472361809045226,0.09321608040201006,0.04660804020100503,0.2022999103557991,0.3483018421251988
F001726,0.0,0.3472361809045226,0.1666666666666666,0.2886751345948128,0.0,1.0,1.0,1.0,0.0,real,3,0.3701005025125628,0.3472361809045226,0.20376884422110553,0.10188442211055276,0.22275772707759908,0.34956569909850754
F001727,0.0,0.3472361809045226,0.1111111111111111,0.3849001794597505,0.0,1.0,1.0,1.0,0.0,real,3,0.3701005025125628,0.3472361809045226,0.3763819095477387,0.18819095477386935,0.25469981818640947,0.3515390394181965
F001728,0.0,0.3472361809045226,0.4722222222222222,0.8221471437193746,0.0,1.0,1.0,1.0,0.0,real,3,0.3701005025125628,0.3472361809045226,0.9118090452261306,0.4559045226130653,0.35378074417312694,0.3576601285321077
F001729,0.0,0.3472361809045226,0.4444444444444444,0.1924500897298753,0.0,1.0,1.0,1.0,0.0,real,3,0.3701005025125628,0.3472361809045226,0.10150753768844221,0.05075376884422111,0.2038342466099341,0.348396631398197
F001730,0.0,0.3472361809045226,0.1944444444444444,0.3469443332443554,0.0,1.0,1.0,1.0,0.0,real,3,0.3701005025125628,0.3472361809045226,0.2914572864321608,0.1457286432160804,0.23898449534102673,0.3505681674705184
F001731,0.0,0.3472361809045226,0.5972222222222222,0.393817968854384,0.25,1.0,1.0,1.0,0.25,real,3,0.8304020100502513,0.3472361809045226,0.40251256281407033,0.20125628140703516,0.5823246256407666,0.4444763389813388
F001732,0.0,0.3472361809045226,0.3333333333333333,0.2886751345948129,0.0,1.0,1.0,1.0,0.0,real,3,0.3701005025125628,0.3472361809045226,0.22688442211055276,0.11344221105527638,0.22703527057397543,0.34982996010201756
F001733,0.0,0.3472361809045226,0.3333333333333333,0.7637626158259733,0.0,1.0,1.0,1.0,0.0,real,3,0.3701005025125628,0.3472361809045226,0.8768844221105527,0.43844221105527637,0.3473179338905583,0.3572608646246307
F001734,0.0,0.3472361809045226,0.4861111111111111,0.2926570486903539,0.0,1.0,1.0,1.0,0.0,real,3,0.3701005025125628,0.3472361809045226,0.2608040201005025,0.13040201005025126,0.23331210070452765,0.3502177344006464
F001735,0.0,0.3472361809045226,0.2638888888888888,0.2097176232019653,0.0,1.0,1.0,1.0,0.0,real,3,0.3701005025125628,0.3472361809045226,0.11809045226130653,0.059045226130653265,0.20690291911820408,0.3485862099441933
F001736,0.0,0.3472361809045226,0.3888888888888889,0.6309898162000305,0.0,1.0,1.0,1.0,0.0,real,3,0.3701005025125628,0.3472361809045226,0.7530150753768844,0.3765075376884422,0.3243958801545415,0.35584477033408246
F001737,0.0,0.3472361809045226,0.3194444444444444,0.3757708127352411,0.5,1.0,1.0,1.0,0.5,real,3,0.9587939698492463,0.3472361809045226,0.3314070351758794,0.1657035175879397,0.6382725183707482,0.44857345774096613
F001738,0.0,0.3472361809045226,0.3888888888888889,0.693888666488711,0.5,1.0,1.0,1.0,0.5,real,3,0.9587939698492463,0.3472361809045226,0.828894472361809,0.4144472361809045,0.8767664957955608,0.6006946162975682
F001739,0.0,0.3472361809045226,0.0972222222222221,0.1734721666221776,0.0,1.0,1.0,1.0,0.0,real,3,0.3701005025125628,0.3472361809045226,0.07562814070351759,0.037814070351758794,0.19904525769551273,0.34810077397035427
F001740,0.0,0.3472361809045226,0.1388888888888888,0.2545875386086578,0.0,1.0,1.0,1.0,0.0,real,3,0.3701005025125628,0.3472361809045226,0.17336683417085427,0.08668341708542714,0.21713182747910406,0.34921813843084765
F001741,0.0,0.3472361809045226,0.25,0.5,0.0,1.0,1.0,1.0,0.0,real,3,0.3701005025125628,0.3472361809045226,0.5492462311557789,0.27462311557788943,0.2866884043332239,0.3535152521400975
F001742,0.0,0.3472361809045226,0.3333333333333333,0.2886751345948129,0.0,1.0,1.0,1.0,0.0,real,3,0.3701005025125628,0.3472361809045226,0.22688442211055276,0.11344221105527638,0.22703527057397543,0.34982996010201756
F001743,0.0,0.3472361809045226,0.4861111111111111,0.9141379262169076,0.0,1.0,1.0,1.0,0.0,real,3,0.3701005025125628,0.3472361809045226,0.9469849246231156,0.4734924623115578,0.36029004949369964,0.35806226484179693
F001744,0.0,0.3472361809045226,0.625,0.6614378277661477,0.0,1.0,1.0,1.0,0.0,real,3,0.3701005025125628,0.3472361809045226,0.7871859296482412,0.3935929648241206,0.3307192053230979,0.35623541703492334
F001745,0.2974642264589466,0.9216080402010052,0.6805555555555556,0.1272937693043289,0.0,1.0,1.0,1.0,0.0,real,3,0.3701005025125628,0.9216080402010052,0.04195979899497487,0.020979899497487436,0.1928149226029646,0.9100374674881948
F001746,0.0219364186574703,0.7055276381909548,0.6527777777777778,0.5672382737961704,0.0,1.0,1.0,1.0,0.0,real,3,0.3701005025125628,0.7055276381909548,0.6540201005025126,0.3270100502512563,0.30607683518092976,0.5958395936971288
F001747,0.0,0.3472361809045226,0.3472222222222222,0.6988747569671736,0.25,1.0,1.0,1.0,0.25,real,3,0.8304020100502513,0.3472361809045226,0.8361809045226131,0.41809045226130653,0.7623841569657331,0.5492432009292695
F001748,0.0,0.3472361809045226,0.7083333333333334,1.0103629710818451,0.0,1.0,1.0,1.0,0.0,real,3,0.3701005025125628,0.3472361809045226,0.9660804020100503,0.48304020100502515,0.3638236723820106,0.3582805674099139
F001749,0.0,0.3472361809045226,0.1944444444444444,0.3469443332443554,0.0,1.0,1.0,1.0,0.0,real,3,0.3701005025125628,0.3472361809045226,0.2914572864321608,0.1457286432160804,0.23898449534102673,0.3505681674705184
F001750,0.3222409918479341,0.9381909547738694,0.7638888888888888,0.4110735718596873,0.0,1.0,1.0,1.0,0.0,real,3,0.3701005025125628,0.9381909547738694,0.42135678391959797,0.21067839195979898,0.2630224299891417,0.8185065718037423
F001751,0.0,0.3472361809045226,0.6388888888888888,0.8552669065744807,0.0,1.0,1.0,1.0,0.0,real,3,0.3701005025125628,0.3472361809045226,0.9228643216080402,0.4614321608040201,0.355826525845307,0.35778651422943863
F001752,0.0,0.3472361809045226,0.1111111111111111,0.3849001794597505,0.0,1.0,1.0,1.0,0.0,real,3,0.3701005025125628,0.3472361809045226,0.3763819095477387,0.18819095477386935,0.25469981818640947,0.3515390394181965
F001753,0.0,0.3472361809045226,0.4305555555555555,0.5912165737164656,0.0,1.0,1.0,1.0,0.0,real,3,0.3701005025125628,0.3472361809045226,0.7,0.35,0.3145854271356784,0.35523869346733666
F001754,0.0,0.3472361809045226,0.2638888888888888,0.6472877887628358,0.0,1.0,1.0,1.0,0.0,real,3,0.3701005025125628,0.3472361809045226,0.771105527638191,0.3855527638190955,0.3277435228908361,0.3560515832933512
F001755,0.0,0.3472361809045226,0.5694444444444444,0.4276334532872403,0.0,1.0,1.0,1.0,0.0,real,3,0.3701005025125628,0.3472361809045226,0.4505025125628141,0.22525125628140705,0.2684158543976162,0.3523863980707558
F001756,0.0,0.3472361809045226,0.0972222222222221,0.1734721666221776,0.5,1.0,1.0,1.0,0.5,real,3,0.9587939698492463,0.3472361809045226,0.07562814070351759,0.037814070351758794,0.5156528875533446,0.37036167015984445
F001757,0.0,0.3472361809045226,0.3194444444444444,0.1272937693043289,0.5,1.0,1.0,1.0,0.5,real,3,0.9587939698492463,0.3472361809045226,0.04195979899497487,0.020979899497487436,0.49951238605085735,0.3600666018534885
F001758,0.3009680169468978,0.9314070351758794,0.7777777777777778,0.5091750772173156,0.0,1.0,1.0,1.0,0.0,real,3,0.3701005025125628,0.9314070351758794,0.592462311557789,0.2962311557788945,0.29468555086992754,0.7651305522587813
F001759,0.0,0.3472361809045226,0.0833333333333333,0.2886751345948128,0.0,1.0,1.0,1.0,0.0,real,3,0.3701005025125628,0.3472361809045226,0.20376884422110553,0.10188442211055276,0.22275772707759908,0.34956569909850754
F001760,0.0,0.3472361809045226,0.4305555555555555,0.9871864246620478,0.0,1.0,1.0,1.0,0.0,real,3,0.3701005025125628,0.3472361809045226,0.9590452261306532,0.4795226130653266,0.362521811317896,0.3582001401479761
F001761,0.1077083611333555,0.7869346733668342,0.5972222222222222,0.1734721666221776,0.0,1.0,1.0,1.0,0.0,real,3,0.3701005025125628,0.7869346733668342,0.07562814070351759,0.037814070351758794,0.19904525769551273,0.7711724767051338
F001762,0.3779915320718537,0.9507537688442212,0.8333333333333333,0.5773502691896258,0.0,1.0,1.0,1.0,0.0,real,3,0.3701005025125628,0.9507537688442212,0.6758793969849246,0.3379396984924623,0.3101219034872857,0.7545279790914372
F001763,0.7926638440239513,0.9989949748743718,0.9444444444444444,0.1924500897298752,0.0,1.0,1.0,1.0,0.0,real,3,0.3701005025125628,0.9989949748743718,0.09321608040201006,0.04660804020100503,0.2022999103557991,0.9696834360243428
F001764,0.0,0.3472361809045226,0.4166666666666667,0.2886751345948129,0.0,1.0,1.0,1.0,0.0,real,3,0.3701005025125628,0.3472361809045226,0.22688442211055276,0.11344221105527638,0.22703527057397543,0.34982996010201756
F001765,0.1504840084734488,0.8301507537688442,0.6388888888888888,0.2545875386086578,0.0,1.0,1.0,1.0,0.0,real,3,0.3701005025125628,0.8301507537688442,0.17336683417085427,0.08668341708542714,0.21713182747910406,0.7902720259589404
F001766,0.5074430331230867,0.977638190954774,0.7777777777777778,0.0962250448649376,0.0,1.0,1.0,1.0,0.0,real,3,0.3701005025125628,0.977638190954774,0.022110552763819097,0.011055276381909548,0.1891418146006414,0.970921693896619
F001767,0.0,0.3472361809045226,0.5694444444444444,0.5548606765399494,0.0,1.0,1.0,1.0,0.0,real,3,0.3701005025125628,0.3472361809045226,0.650251256281407,0.3251256281407035,0.30537940961086846,0.3546699578293477
F001768,0.0,0.3472361809045226,0.25,0.5,0.0,1.0,1.0,1.0,0.0,real,3,0.3701005025125628,0.3472361809045226,0.5492462311557789,0.27462311557788943,0.2866884043332239,0.3535152521400975
F001769,0.0,0.3472361809045226,0.5,0.0,0.0,1.0,1.0,1.0,0.0,real,3,0.3701005025125628,0.3472361809045226,0.00628140703517588,0.00314070351758794,0.1862126272063837,0.3473079909598242
F001770,0.0,0.3472361809045226,0.4166666666666667,0.2886751345948129,0.0,1.0,1.0,1.0,0.0,real,3,0.3701005025125628,0.3472361809045226,0.22688442211055276,0.11344221105527638,0.22703527057397543,0.34982996010201756
F001771,0.2154167222667111,0.879145728643216,0.6944444444444444,0.3469443332443555,0.0,1.0,1.0,1.0,0.0,real,3,0.3701005025125628,0.879145728643216,0.3135678391959799,0.15678391959798996,0.24307605868538676,0.7993356228378071
F001772,0.0,0.3472361809045226,0.5138888888888888,0.6142595663193329,0.0,1.0,1.0,1.0,0.0,real,3,0.3701005025125628,0.3472361809045226,0.7040201005025125,0.35201005025125626,0.3153293477437438,0.35528465190272973
F001773,0.0,0.3472361809045226,0.3888888888888889,0.3849001794597506,0.0,1.0,1.0,1.0,0.0,real,3,0.3701005025125628,0.3472361809045226,0.385929648241206,0.192964824120603,0.2564666296305649,0.351648190702255
F001774,0.0,0.3472361809045226,0.2361111111111111,0.2097176232019652,0.0,1.0,1.0,1.0,0.0,real,3,0.3701005025125628,0.3472361809045226,0.10854271356783919,0.054271356783919596,0.20513610767404863,0.3484770586601348
F001775,0.0,0.3472361809045226,0.3611111111111111,0.2545875386086578,0.25,1.0,1.0,1.0,0.25,real,3,0.8304020100502513,0.3472361809045226,0.17336683417085427,0.08668341708542714,0.4871830888108886,0.389118645993788
F001776,0.2666854362923786,0.9155778894472362,0.7361111111111112,0.4110735718596873,0.0,1.0,1.0,1.0,0.0,real,3,0.3701005025125628,0.9155778894472362,0.42135678391959797,0.21067839195979898,0.2630224299891417,0.800657590717406
F001777,0.1564584167334001,0.8437185929648241,0.7083333333333334,0.5204164998665332,0.25,1.0,1.0,1.0,0.25,real,3,0.8304020100502513,0.8437185929648241,0.6203517587939699,0.31017587939698493,0.6727716787454862,0.8395881101487337
F001778,0.4229189661767951,0.9630653266331658,0.7638888888888888,0.2097176232019653,0.0,1.0,1.0,1.0,0.0,real,3,0.3701005025125628,0.9630653266331658,0.11809045226130653,0.059045226130653265,0.20690291911820408,0.9280535845054417
F001779,0.0,0.3472361809045226,0.7222222222222222,0.9622504486493764,0.0,1.0,1.0,1.0,0.0,real,3,0.3701005025125628,0.3472361809045226,0.9560301507537688,0.4780150753768844,0.3619638708618469,0.3581656713214313
F001780,0.0,0.3472361809045226,0.3888888888888889,0.3849001794597506,0.25,1.0,1.0,1.0,0.25,real,3,0.8304020100502513,0.3472361809045226,0.385929648241206,0.192964824120603,0.5754393828438675,0.44047019014671346
F001781,0.0,0.3472361809045226,0.2638888888888888,0.4110735718596873,0.0,1.0,1.0,1.0,0.0,real,3,0.3701005025125628,0.3472361809045226,0.42135678391959797,0.21067839195979898,0.2630224299891417,0.3520531994141562
F001782,0.0,0.3472361809045226,0.25,0.5,0.0,1.0,1.0,1.0,0.0,real,3,0.3701005025125628,0.3472361809045226,0.5492462311557789,0.27462311557788943,0.2866884043332239,0.3535152521400975
F001783,0.0,0.3472361809045226,0.4583333333333333,0.1443375672974064,0.0,1.0,1.0,1.0,0.0,real,3,0.3701005025125628,0.3472361809045226,0.06155778894472362,0.03077889447236181,0.19644153556728366,0.34793991944647856
F001784,0.0,0.3472361809045226,0.625,0.9013878188659972,0.25,1.0,1.0,1.0,0.25,real,3,0.8304020100502513,0.3472361809045226,0.9449748743718593,0.47248743718592967,0.8075555225878135,0.5755259652534027
F001785,0.0,0.3472361809045226,0.5,0.5,0.0,1.0,1.0,1.0,0.0,real,3,0.3701005025125628,0.3472361809045226,0.5492462311557789,0.27462311557788943,0.2866884043332239,0.3535152521400975
F001786,0.1564584167334001,0.8437185929648241,0.7083333333333334,0.5204164998665332,0.0,1.0,1.0,1.0,0.0,real,3,0.3701005025125628,0.8437185929648241,0.6203517587939699,0.31017587939698493,0.2998465000883816,0.6968136852604732
F001787,0.3673634106212396,0.9442211055276382,0.7361111111111112,0.2097176232019653,0.0,1.0,1.0,1.0,0.0,real,3,0.3701005025125628,0.9442211055276382,0.11809045226130653,0.059045226130653265,0.20690291911820408,0.910322024696346
F001788,0.0,0.3472361809045226,0.1944444444444444,0.3469443332443554,0.5,1.0,1.0,1.0,0.5,real,3,0.9587939698492463,0.3472361809045226,0.2914572864321608,0.1457286432160804,0.6191207292745132,0.4363576677356632
F001789,0.0,0.3472361809045226,0.4722222222222222,0.5853140973807078,0.5,1.0,0.5,0.5,0.5,real,3,0.9587939698492463,0.3472361809045226,0.6964824120603015,0.17412060301507537,0.40664427665968034,0.45372099189414405
F001790,0.0,0.3472361809045226,0.6111111111111112,0.6309898162000305,0.0,1.0,1.0,1.0,0.0,real,3,0.3701005025125628,0.3472361809045226,0.7530150753768844,0.3765075376884422,0.3243958801545415,0.35584477033408246
F001791,0.0,0.3472361809045226,0.3194444444444444,0.3757708127352411,0.25,1.0,1.0,1.0,0.25,real,3,0.8304020100502513,0.3472361809045226,0.3314070351758794,0.1657035175879397,0.5528015391025479,0.4272984583722633
F001792,0.0,0.3472361809045226,0.5416666666666666,0.3818813079129867,0.5,1.0,1.0,1.0,0.5,real,3,0.9587939698492463,0.3472361809045226,0.3608040201005025,0.18040201005025125,0.6523653443094871,0.457562435292038
F001793,0.0,0.3472361809045226,0.5694444444444444,0.4276334532872403,0.0,1.0,1.0,1.0,0.0,real,3,0.3701005025125628,0.3472361809045226,0.4505025125628141,0.22525125628140705,0.2684158543976162,0.3523863980707558
F001794,0.0,0.3472361809045226,0.4166666666666667,0.2886751345948129,0.0,1.0,1.0,1.0,0.0,real,3,0.3701005025125628,0.3472361809045226,0.22688442211055276,0.11344221105527638,0.22703527057397543,0.34982996010201756
F001795,0.0,0.3472361809045226,0.0833333333333333,0.2886751345948128,0.25,1.0,1.0,1.0,0.25,real,3,0.8304020100502513,0.3472361809045226,0.20376884422110553,0.10188442211055276,0.49980603393853695,0.3964632521906012
F001796,0.0,0.3472361809045226,0.4861111111111111,0.6142595663193329,0.0,1.0,1.0,1.0,0.0,real,3,0.3701005025125628,0.3472361809045226,0.7040201005025125,0.35201005025125626,0.3153293477437438,0.35528465190272973
F001797,0.0,0.3472361809045226,0.25,0.5,0.25,1.0,1.0,1.0,0.25,real,3,0.8304020100502513,0.3472361809045226,0.5492462311557789,0.27462311557788943,0.6432485922072675,0.4799246862452968
F001798,0.0,0.3472361809045226,0.4027777777777778,0.1734721666221777,0.0,1.0,1.0,1.0,0.0,real,3,0.3701005025125628,0.3472361809045226,0.08417085427135679,0.042085427135678394,0.20062608898765183,0.34819843564556446
F001799,0.0,0.3472361809045226,0.1944444444444444,0.3469443332443554,0.0,1.0,1.0,1.0,0.0,real,3,0.3701005025125628,0.3472361809045226,0.2914572864321608,0.1457286432160804,0.23898449534102673,0.3505681674705184
F001800,0.0,0.3472361809045226,0.5972222222222222,0.393817968854384,0.0,1.0,1.0,1.0,0.0,real,3,0.3701005025125628,0.3472361809045226,0.40251256281407033,0.20125628140703516,0.25953530213883486,0.3518377692482513
F001801,0.5223290993692602,0.978643216080402,0.8333333333333333,0.2886751345948128,0.25,1.0,1.0,1.0,0.25,real,3,0.8304020100502513,0.978643216080402,0.20376884422110553,0.10188442211055276,0.49980603393853695,0.9635397464710486
F001802,0.0,0.3472361809045226,0.1111111111111111,0.3849001794597505,0.5,1.0,1.0,1.0,0.5,real,3,0.9587939698492463,0.3472361809045226,0.3763819095477387,0.18819095477386935,0.6598333375419813,0.46232582510542664
F001803,0.0521012318616071,0.742713567839196,0.6944444444444444,0.6735753140545634,0.5,1.0,1.0,1.0,0.5,real,3,0.9587939698492463,0.742713567839196,0.8133165829145729,0.40665829145728644,0.8692985025630666,0.8305844549380066
F001804,0.2224894150898172,0.8891959798994975,0.7916666666666667,0.7216878364870323,0.0,1.0,1.0,1.0,0.0,real,3,0.3701005025125628,0.8891959798994975,0.8472361809045226,0.4236180904522613,0.3418315194060756,0.6692977450064392
F001805,0.0,0.3472361809045226,0.2638888888888888,0.2097176232019653,0.0,1.0,1.0,1.0,0.0,real,3,0.3701005025125628,0.3472361809045226,0.11809045226130653,0.059045226130653265,0.20690291911820408,0.3485862099441933
F001806,0.0,0.3472361809045226,0.4861111111111111,0.9141379262169076,0.0,1.0,1.0,1.0,0.0,real,3,0.3701005025125628,0.3472361809045226,0.9469849246231156,0.4734924623115578,0.36029004949369964,0.35806226484179693
F001807,0.0,0.3472361809045226,0.4166666666666667,1.0408329997330663,0.0,1.0,1.0,1.0,0.0,real,3,0.3701005025125628,0.3472361809045226,0.978140703517588,0.489070351758794,0.36605543420620695,0.358418442716093
F001808,0.0,0.3472361809045226,0.5,0.0,0.75,1.0,1.0,1.0,0.75,real,3,0.9987437185929648,0.3472361809045226,0.00628140703517588,0.00314070351758794,0.5025086172066363,0.3492823729198757
F001809,0.3222409918479341,0.9381909547738694,0.7638888888888888,0.4110735718596873,0.0,1.0,1.0,1.0,0.0,real,3,0.3701005025125628,0.9381909547738694,0.42135678391959797,0.21067839195979898,0.2630224299891417,0.8185065718037423
F001810,0.0,0.3472361809045226,0.3055555555555556,0.3469443332443555,0.0,1.0,1.0,1.0,0.0,real,3,0.3701005025125628,0.3472361809045226,0.3135678391959799,0.15678391959798996,0.24307605868538676,0.3508209388651801
F001811,0.2154167222667111,0.879145728643216,0.6944444444444444,0.3469443332443555,0.25,1.0,1.0,1.0,0.25,real,3,0.8304020100502513,0.879145728643216,0.3135678391959799,0.15678391959798996,0.5453946870028535,0.8715034973864296
F001812,0.0,0.3472361809045226,0.4166666666666667,1.0408329997330663,0.0,1.0,1.0,1.0,0.0,real,3,0.3701005025125628,0.3472361809045226,0.978140703517588,0.489070351758794,0.36605543420620695,0.358418442716093
F001813,0.0,0.3472361809045226,0.6111111111111112,0.4811252243246882,0.0,1.0,1.0,1.0,0.0,real,3,0.3701005025125628,0.3472361809045226,0.4979899497487437,0.24899497487437186,0.2772034165803894,0.3529292820888361
F001814,0.0,0.3472361809045226,0.4444444444444444,1.0183501544346312,0.0,1.0,1.0,1.0,0.0,real,3,0.3701005025125628,0.3472361809045226,0.971356783919598,0.485678391959799,0.36480006818009647,0.35834088785636725
F001815,0.0,0.3472361809045226,0.5972222222222222,0.393817968854384,0.5,1.0,1.0,1.0,0.5,real,3,0.9587939698492463,0.3472361809045226,0.40251256281407033,0.20125628140703516,0.6723602939319714,0.4703160273730461
F001816,0.0,0.3472361809045226,0.6388888888888888,0.7515416254704823,0.0,1.0,1.0,1.0,0.0,real,3,0.3701005025125628,0.3472361809045226,0.8610552763819096,0.4305276381909548,0.34438874649630064,0.3570799032852705
F001817,0.1564584167334001,0.8437185929648241,0.7083333333333334,0.5204164998665332,0.0,1.0,1.0,1.0,0.0,real,3,0.3701005025125628,0.8437185929648241,0.6203517587939699,0.31017587939698493,0.2998465000883816,0.6968136852604732
F001818,0.0,0.3472361809045226,0.3472222222222222,0.488288773090193,0.0,1.0,1.0,1.0,0.0,real,3,0.3701005025125628,0.3472361809045226,0.514070351758794,0.257035175879397,0.2801790990126512,0.35311311583040833
F001819,0.0,0.3472361809045226,0.4444444444444444,0.1924500897298753,0.0,1.0,1.0,1.0,0.0,real,3,0.3701005025125628,0.3472361809045226,0.10150753768844221,0.05075376884422111,0.2038342466099341,0.348396631398197
F001820,0.0,0.3472361809045226,0.625,0.6614378277661477,0.0,1.0,1.0,1.0,0.0,real,3,0.3701005025125628,0.3472361809045226,0.7871859296482412,0.3935929648241206,0.3307192053230979,0.35623541703492334
F001821,0.0,0.3472361809045226,0.1388888888888888,0.2545875386086578,0.25,1.0,1.0,1.0,0.25,real,3,0.8304020100502513,0.3472361809045226,0.17336683417085427,0.08668341708542714,0.4871830888108886,0.389118645993788
F001822,0.0,0.3472361809045226,0.1111111111111111,0.3849001794597505,0.0,1.0,1.0,1.0,0.0,real,3,0.3701005025125628,0.3472361809045226,0.3763819095477387,0.18819095477386935,0.25469981818640947,0.3515390394181965
F001823,0.0,0.3472361809045226,0.3611111111111111,0.2545875386086578,0.25,1.0,1.0,1.0,0.25,real,3,0.8304020100502513,0.3472361809045226,0.17336683417085427,0.08668341708542714,0.4871830888108886,0.389118645993788
F001824,0.0,0.3472361809045226,0.5972222222222222,0.7561476438231223,0.0,1.0,1.0,1.0,0.0,real,3,0.3701005025125628,0.3472361809045226,0.8706030150753769,0.4353015075376884,0.34615555794045605,0.35718905456932903
F001825,0.0,0.3472361809045226,0.0833333333333333,0.2886751345948128,0.0,1.0,1.0,1.0,0.0,real,3,0.3701005025125628,0.3472361809045226,0.20376884422110553,0.10188442211055276,0.22275772707759908,0.34956569909850754
F001826,0.0,0.3472361809045226,0.3333333333333333,1.1547005383792517,0.0,1.0,1.0,1.0,0.0,real,3,0.3701005025125628,0.3472361809045226,0.9977386934673367,0.49886934673366834,0.369682047170526,0.35864249008863414
F001827,0.0,0.3472361809045226,0.3194444444444444,0.6254627916220946,0.0,1.0,1.0,1.0,0.0,real,3,0.3701005025125628,0.3472361809045226,0.714824120603015,0.3574120603015075,0.31732863437791975,0.3554081651978485
F001828,0.0,0.3472361809045226,0.5694444444444444,0.5912165737164656,0.0,1.0,1.0,1.0,0.0,real,3,0.3701005025125628,0.3472361809045226,0.7,0.35,0.3145854271356784,0.35523869346733666
F001829,0.0,0.3472361809045226,0.3888888888888889,0.6309898162000305,0.0,1.0,1.0,1.0,0.0,real,3,0.3701005025125628,0.3472361809045226,0.7530150753768844,0.3765075376884422,0.3243958801545415,0.35584477033408246
F001830,0.0,0.3472361809045226,0.4166666666666667,0.2886751345948129,0.0,1.0,1.0,1.0,0.0,real,3,0.3701005025125628,0.3472361809045226,0.22688442211055276,0.11344221105527638,0.22703527057397543,0.34982996010201756
F001831,0.3009680169468978,0.9314070351758794,0.7777777777777778,0.5091750772173156,0.0,1.0,1.0,1.0,0.0,real,3,0.3701005025125628,0.9314070351758794,0.592462311557789,0.2962311557788945,0.29468555086992754,0.7651305522587813
F001832,0.2974642264589466,0.9216080402010052,0.6805555555555556,0.1272937693043289,0.0,1.0,1.0,1.0,0.0,real,3,0.3701005025125628,0.9216080402010052,0.04195979899497487,0.020979899497487436,0.1928149226029646,0.9100374674881948
F001833,0.0,0.3472361809045226,0.5138888888888888,0.4589642122738418,0.25,1.0,1.0,1.0,0.25,real,3,0.8304020100502513,0.3472361809045226,0.47412060301507536,0.23706030150753768,0.6120563559001035,0.4617756180399485
F001834,0.0669872981077807,0.7638190954773869,0.75,0.8660254037844386,0.0,1.0,1.0,1.0,0.0,real,3,0.3701005025125628,0.7638190954773869,0.9336683417085427,0.46683417085427137,0.35782581247948286,0.5800178025807429
F001835,0.0,0.3472361809045226,0.6111111111111112,0.6309898162000305,0.0,1.0,1.0,1.0,0.0,real,3,0.3701005025125628,0.3472361809045226,0.7530150753768844,0.3765075376884422,0.3243958801545415,0.35584477033408246
F001836,0.0,0.3472361809045226,0.3888888888888889,0.6309898162000305,0.0,1.0,1.0,1.0,0.0,real,3,0.3701005025125628,0.3472361809045226,0.7530150753768844,0.3765075376884422,0.3243958801545415,0.35584477033408246
F001837,0.0,0.3472361809045226,0.2916666666666666,0.5204164998665332,0.0,1.0,1.0,1.0,0.0,real,3,0.3701005025125628,0.3472361809045226,0.6203517587939699,0.31017587939698493,0.2998465000883816,0.35432814196611195
F001838,0.0,0.3472361809045226,0.0972222222222221,0.1734721666221776,0.25,1.0,1.0,1.0,0.25,real,3,0.8304020100502513,0.3472361809045226,0.07562814070351759,0.037814070351758794,0.44660188505340775,0.36550664755940504
F001839,0.0,0.3472361809045226,0.1388888888888888,0.2545875386086578,0.0,1.0,1.0,1.0,0.0,real,3,0.3701005025125628,0.3472361809045226,0.17336683417085427,0.08668341708542714,0.21713182747910406,0.34921813843084765
F001840,0.2224894150898172,0.8891959798994975,0.7916666666666667,0.7216878364870323,0.0,1.0,1.0,1.0,0.0,real,3,0.3701005025125628,0.8891959798994975,0.8472361809045226,0.4236180904522613,0.3418315194060756,0.6692977450064392
F001841,0.0,0.3472361809045226,0.3611111111111111,0.2545875386086578,0.0,1.0,1.0,1.0,0.0,real,3,0.3701005025125628,0.3472361809045226,0.17336683417085427,0.08668341708542714,0.21713182747910406,0.34921813843084765
F001842,0.0,0.3472361809045226,0.1944444444444444,0.3469443332443554,0.25,1.0,1.0,1.0,0.25,real,3,0.8304020100502513,0.3472361809045226,0.2914572864321608,0.1457286432160804,0.5362143632736547,0.4176472816343021
F001843,0.0,0.3472361809045226,0.4027777777777778,0.393817968854384,0.0,1.0,1.0,1.0,0.0,real,3,0.3701005025125628,0.3472361809045226,0.40251256281407033,0.20125628140703516,0.25953530213883486,0.3518377692482513
F001844,0.3963319220119756,0.9587939698492464,0.7222222222222222,0.0962250448649376,0.25,1.0,1.0,1.0,0.25,real,3,0.8304020100502513,0.9587939698492464,0.022110552763819097,0.011055276381909548,0.4243813287543244,0.9573745612484534
F001845,0.1020902318637188,0.7766331658291458,0.7083333333333334,0.6291528696058958,0.0,1.0,1.0,1.0,0.0,real,3,0.3701005025125628,0.7766331658291458,0.7339195979899498,0.3669597989949749,0.3208622572662307,0.6274520214136007
F001846,0.0,0.3472361809045226,0.4027777777777778,0.393817968854384,0.25,1.0,1.0,1.0,0.25,real,3,0.8304020100502513,0.3472361809045226,0.40251256281407033,0.20125628140703516,0.5823246256407666,0.4444763389813388
F001847,0.0,0.3472361809045226,0.1111111111111111,0.3849001794597505,0.25,1.0,1.0,1.0,0.25,real,3,0.8304020100502513,0.3472361809045226,0.3763819095477387,0.18819095477386935,0.5714751521426227,0.4381636196055655
F001848,0.0,0.3472361809045226,0.5694444444444444,0.9871864246620478,0.25,1.0,1.0,1.0,0.25,real,3,0.8304020100502513,0.3472361809045226,0.9590452261306532,0.4795226130653266,0.8133975467791218,0.5789251218403575
F001849,0.0,0.3472361809045226,0.2777777777777778,0.5091750772173156,0.0,1.0,1.0,1.0,0.0,real,3,0.3701005025125628,0.3472361809045226,0.592462311557789,0.2962311557788945,0.29468555086992754,0.35400930532057273
F001850,0.0,0.3472361809045226,0.2638888888888888,0.4110735718596873,0.0,1.0,1.0,1.0,0.0,real,3,0.3701005025125628,0.3472361809045226,0.42135678391959797,0.21067839195979898,0.2630224299891417,0.3520531994141562
F001851,0.0,0.3472361809045226,0.3055555555555556,0.3469443332443555,0.0,1.0,1.0,1.0,0.0,real,3,0.3701005025125628,0.3472361809045226,0.3135678391959799,0.15678391959798996,0.24307605868538676,0.3508209388651801
F001852,0.0,0.3472361809045226,0.2638888888888888,0.7087417123429485,0.0,1.0,1.0,1.0,0.0,real,3,0.3701005025125628,0.3472361809045226,0.8389447236180905,0.41947236180904524,0.34029718315194063,0.3568271318906088
F001853,0.0,0.3472361809045226,0.3333333333333333,1.1547005383792517,0.25,1.0,1.0,1.0,0.25,real,3,0.8304020100502513,0.3472361809045226,0.9977386934673367,0.49886934673366834,0.8294631133052196,0.5882728024544834
F001854,0.0,0.3472361809045226,0.6388888888888888,0.7515416254704823,0.5,1.0,1.0,1.0,0.5,real,3,0.9587939698492463,0.3472361809045226,0.8610552763819096,0.4305276381909548,0.8921842882755487,0.6105287113961768
F001855,0.0,0.3472361809045226,0.4861111111111111,0.2926570486903539,0.0,1.0,1.0,1.0,0.0,real,3,0.3701005025125628,0.3472361809045226,0.2608040201005025,0.13040201005025126,0.23331210070452765,0.3502177344006464
F001856,0.0,0.3472361809045226,0.1666666666666666,0.2886751345948128,0.0,1.0,1.0,1.0,0.0,real,3,0.3701005025125628,0.3472361809045226,0.20376884422110553,0.10188442211055276,0.22275772707759908,0.34956569909850754
F001857,0.125,0.7962311557788945,0.625,0.25,0.0,1.0,1.0,1.0,0.0,real,3,0.3701005025125628,0.7962311557788945,0.13618090452261306,0.06809045226130653,0.2102505618544986,0.767215726875584
F001858,0.1889957660359268,0.8582914572864322,0.6666666666666666,0.2886751345948129,0.0,1.0,1.0,1.0,0.0,real,3,0.3701005025125628,0.8582914572864322,0.22688442211055276,0.11344221105527638,0.22703527057397543,0.802909995959698
F001859,0.0,0.3472361809045226,0.2222222222222222,0.769800358919501,0.0,1.0,1.0,1.0,0.0,real,3,0.3701005025125628,0.3472361809045226,0.8879396984924623,0.4439698492462312,0.3493637155627383,0.3573872503219615
F001860,0.0,0.3472361809045226,0.3333333333333333,0.5773502691896258,0.0,1.0,1.0,1.0,0.0,real,3,0.3701005025125628,0.3472361809045226,0.6758793969849246,0.3379396984924623,0.3101219034872857,0.3549629428549784
F001861,0.0,0.3472361809045226,0.4305555555555555,0.4738533919231106,0.0,1.0,1.0,1.0,0.0,real,3,0.3701005025125628,0.3472361809045226,0.48391959798994977,0.24195979899497488,0.2745996944521603,0.3527684275649604
F001862,0.0,0.3472361809045226,0.3055555555555556,0.3469443332443555,0.5,1.0,1.0,1.0,0.5,real,3,0.9587939698492463,0.3472361809045226,0.3135678391959799,0.15678391959798996,0.629720461604505,0.4431186081159566
F001863,0.0,0.3472361809045226,0.5,0.5,0.5,1.0,1.0,1.0,0.5,real,3,0.9587939698492463,0.3472361809045226,0.5492462311557789,0.27462311557788943,0.7427039721219161,0.515184086260448
F001864,0.0,0.3472361809045226,0.3333333333333333,1.1547005383792517,0.5,1.0,1.0,1.0,0.5,real,3,0.9587939698492463,0.3472361809045226,0.9977386934673367,0.49886934673366834,0.9577099063154971,0.6523236155652635
F001865,0.0,0.3472361809045226,0.4166666666666667,0.7637626158259734,0.25,1.0,1.0,1.0,0.25,real,3,0.8304020100502513,0.3472361809045226,0.8836683417085427,0.44183417085427135,0.7821009886113988,0.5607153544102421
F001866,0.0,0.3472361809045226,0.4722222222222222,0.4194352464039305,0.0,1.0,1.0,1.0,0.0,real,3,0.3701005025125628,0.3472361809045226,0.43366834170854274,0.21683417085427137,0.26530068685134217,0.35219394712254737
F001867,0.0,0.3472361809045226,0.4166666666666667,0.2886751345948129,0.25,1.0,1.0,1.0,0.25,real,3,0.8304020100502513,0.3472361809045226,0.22688442211055276,0.11344221105527638,0.509403645109972,0.4020475808691699
F001868,0.0,0.3472361809045226,0.3333333333333333,1.1547005383792517,0.25,1.0,1.0,1.0,0.25,real,3,0.8304020100502513,0.3472361809045226,0.9977386934673367,0.49886934673366834,0.8294631133052196,0.5882728024544834
F001869,0.1485783278408043,0.8120603015075377,0.7361111111111112,0.6472877887628358,0.25,1.0,1.0,1.0,0.25,real,3,0.8304020100502513,0.8120603015075377,0.771105527638191,0.3855527638190955,0.7353647950809322,0.8191319979293453
F001870,0.0,0.3472361809045226,0.1666666666666666,0.5773502691896258,0.0,1.0,1.0,1.0,0.0,real,3,0.3701005025125628,0.3472361809045226,0.6758793969849246,0.3379396984924623,0.3101219034872857,0.3549629428549784
F001871,0.0,0.3472361809045226,0.1944444444444444,0.3469443332443554,0.0,1.0,1.0,1.0,0.0,real,3,0.3701005025125628,0.3472361809045226,0.2914572864321608,0.1457286432160804,0.23898449534102673,0.3505681674705184
F001872,0.1898569058357866,0.8683417085427135,0.7222222222222222,0.5091750772173156,0.0,1.0,1.0,1.0,0.0,real,3,0.3701005025125628,0.8683417085427135,0.592462311557789,0.2962311557788945,0.29468555086992754,0.7207471402237318
F001873,0.0,0.3472361809045226,0.5138888888888888,0.6142595663193329,0.0,1.0,1.0,1.0,0.0,real,3,0.3701005025125628,0.3472361809045226,0.7040201005025125,0.35201005025125626,0.3153293477437438,0.35528465190272973
F001874,0.0,0.3472361809045226,0.4861111111111111,0.2926570486903539,0.0,1.0,1.0,1.0,0.0,real,3,0.3701005025125628,0.3472361809045226,0.2608040201005025,0.13040201005025126,0.23331210070452765,0.3502177344006464
F001875,0.1898569058357866,0.8683417085427135,0.7222222222222222,0.5091750772173156,0.0,1.0,1.0,1.0,0.0,real,3,0.3701005025125628,0.8683417085427135,0.592462311557789,0.2962311557788945,0.29468555086992754,0.7207471402237318
F001876,0.0,0.3472361809045226,0.3055555555555556,0.3469443332443555,0.0,1.0,1.0,1.0,0.0,real,3,0.3701005025125628,0.3472361809045226,0.3135678391959799,0.15678391959798996,0.24307605868538676,0.3508209388651801
F001877,0.0,0.3472361809045226,0.2222222222222222,0.5091750772173156,0.25,1.0,1.0,1.0,0.25,real,3,0.8304020100502513,0.3472361809045226,0.592462311557789,0.2962311557788945,0.6611919522234287,0.49036495290522963
F001878,0.0,0.3472361809045226,0.3194444444444444,0.3757708127352411,0.25,1.0,1.0,1.0,0.25,real,3,0.8304020100502513,0.3472361809045226,0.3314070351758794,0.1657035175879397,0.5528015391025479,0.4272984583722633
F001879,0.0,0.3472361809045226,0.0,0.0,0.0,1.0,1.0,1.0,0.0,real,3,0.3701005025125628,0.3472361809045226,0.00628140703517588,0.00314070351758794,0.1862126272063837,0.3473079909598242
F001880,0.0,0.3472361809045226,0.2222222222222222,0.5091750772173156,0.0,1.0,1.0,1.0,0.0,real,3,0.3701005025125628,0.3472361809045226,0.592462311557789,0.2962311557788945,0.29468555086992754,0.35400930532057273
F001881,0.0,0.3472361809045226,0.3194444444444444,0.3757708127352411,0.5,1.0,1.0,1.0,0.5,real,3,0.9587939698492463,0.3472361809045226,0.3314070351758794,0.1657035175879397,0.6382725183707482,0.44857345774096613
F001882,0.0,0.3472361809045226,0.3611111111111111,0.7515416254704824,0.0,1.0,1.0,1.0,0.0,real,3,0.3701005025125628,0.3472361809045226,0.8670854271356784,0.4335427135678392,0.34550462740839877,0.3571488409383602
F001883,0.0,0.3472361809045226,0.5277777777777778,0.8221471437193746,0.0,1.0,1.0,1.0,0.0,real,3,0.3701005025125628,0.3472361809045226,0.9118090452261306,0.4559045226130653,0.35378074417312694,0.3576601285321077
F001884,0.0,0.3472361809045226,0.375,1.0897247358851685,0.5,1.0,1.0,1.0,0.5,real,3,0.9587939698492463,0.3472361809045226,0.9899497487437185,0.4949748743718593,0.9539759096992501,0.6499419206585691
F001885,0.2224894150898172,0.8891959798994975,0.7916666666666667,0.7216878364870323,0.0,1.0,1.0,1.0,0.0,real,3,0.3701005025125628,0.8891959798994975,0.8472361809045226,0.4236180904522613,0.3418315194060756,0.6692977450064392
F001886,0.0,0.3472361809045226,0.3611111111111111,0.2545875386086578,0.0,1.0,1.0,1.0,0.0,real,3,0.3701005025125628,0.3472361809045226,0.17336683417085427,0.08668341708542714,0.21713182747910406,0.34921813843084765
F001887,0.5260506159308034,0.9814070351758792,0.8472222222222221,0.3367876570272817,0.25,1.0,1.0,1.0,0.25,real,3,0.8304020100502513,0.9814070351758792,0.2778894472361809,0.13894472361809046,0.5305809828034647,0.960425683694856
F001888,0.0,0.3472361809045226,0.4166666666666667,1.0408329997330663,0.0,1.0,1.0,1.0,0.0,real,3,0.3701005025125628,0.3472361809045226,0.978140703517588,0.489070351758794,0.36605543420620695,0.358418442716093
F001889,0.1732257047434905,0.8535175879396985,0.6805555555555556,0.3757708127352412,0.5,1.0,1.0,1.0,0.5,real,3,0.9587939698492463,0.8535175879396985,0.3394472361809045,0.16972361809045225,0.6421269664907452,0.8713854763768591
F001890,0.2154167222667111,0.879145728643216,0.6944444444444444,0.3469443332443555,0.0,1.0,1.0,1.0,0.0,real,3,0.3701005025125628,0.879145728643216,0.3135678391959799,0.15678391959798996,0.24307605868538676,0.7993356228378071
F001891,0.2257260127101733,0.8974874371859296,0.7083333333333334,0.3818813079129866,0.25,1.0,1.0,1.0,0.25,real,3,0.8304020100502513,0.8974874371859296,0.34723618090452263,0.17361809045226131,0.5593738163177697,0.8858401934294589
F001892,0.0,0.3472361809045226,0.0,0.0,0.0,1.0,1.0,1.0,0.0,real,3,0.3701005025125628,0.3472361809045226,0.00628140703517588,0.00314070351758794,0.1862126272063837,0.3473079909598242
F001893,0.0,0.3472361809045226,0.3888888888888889,0.4811252243246881,0.0,1.0,1.0,1.0,0.0,real,3,0.3701005025125628,0.3472361809045226,0.49271356783919595,0.24635678391959798,0.27622702078230343,0.35286896164238274
F001894,0.0,0.3472361809045226,0.5694444444444444,0.4276334532872403,0.25,1.0,1.0,1.0,0.25,real,3,0.8304020100502513,0.3472361809045226,0.4505025125628141,0.22525125628140705,0.6022501010075504,0.45606989091184563
F001895,0.1504840084734488,0.8301507537688442,0.6388888888888888,0.2545875386086578,0.25,1.0,1.0,1.0,0.25,real,3,0.8304020100502513,0.8301507537688442,0.17336683417085427,0.08668341708542714,0.4871830888108886,0.8301725335218807
F001896,0.0,0.3472361809045226,0.3472222222222222,0.9292071490932072,0.0,1.0,1.0,1.0,0.0,real,3,0.3701005025125628,0.3472361809045226,0.9545226130653266,0.4772613065326633,0.36168490063382236,0.3581484369081589
F001897,0.0,0.3472361809045226,0.2916666666666666,0.3818813079129866,0.0,1.0,1.0,1.0,0.0,real,3,0.3701005025125628,0.3472361809045226,0.34723618090452263,0.17361809045226131,0.2493063937779349,0.35120584076159694
F001898,0.0,0.3472361809045226,0.4444444444444444,0.5357583756107198,0.0,1.0,1.0,1.0,0.0,real,3,0.3701005025125628,0.3472361809045226,0.6459798994974875,0.32298994974874373,0.3045889939647989,0.35462112699174264
F001899,0.0219364186574703,0.7055276381909548,0.6527777777777778,0.5672382737961704,0.0,1.0,1.0,1.0,0.0,real,3,0.3701005025125628,0.7055276381909548,0.6540201005025126,0.3270100502512563,0.30607683518092976,0.5958395936971288
F001900,0.0,0.3472361809045226,0.625,0.6614378277661477,0.0,1.0,1.0,1.0,0.0,real,3,0.3701005025125628,0.3472361809045226,0.7871859296482412,0.3935929648241206,0.3307192053230979,0.35623541703492334
F001901,0.0,0.3472361809045226,0.6666666666666666,0.7637626158259733,0.0,1.0,1.0,1.0,0.0,real,3,0.3701005025125628,0.3472361809045226,0.8768844221105527,0.43844221105527637,0.3473179338905583,0.3572608646246307
F001902,0.2257260127101733,0.8974874371859296,0.7083333333333334,0.3818813079129866,0.0,1.0,1.0,1.0,0.0,real,3,0.3701005025125628,0.8974874371859296,0.34723618090452263,0.17361809045226131,0.2493063937779349,0.8059235246584682
F001903,0.1178513660507478,0.7894472361809045,0.736111111111111,0.7087417123429486,0.0,1.0,1.0,1.0,0.0,real,3,0.3701005025125628,0.7894472361809045,0.8402010050251256,0.4201005025125628,0.3405296583419611,0.6132794626398324
F001904,0.0,0.3472361809045226,0.5416666666666666,0.3818813079129867,0.0,1.0,1.0,1.0,0.0,real,3,0.3701005025125628,0.3472361809045226,0.3608040201005025,0.18040201005025125,0.2518171258301558,0.35136095048104843
F001905,0.0,0.3472361809045226,0.3055555555555556,0.6735753140545634,0.0,1.0,1.0,1.0,0.0,real,3,0.3701005025125628,0.3472361809045226,0.8133165829145729,0.40665829145728644,0.3355546892755234,0.3565341468649781
F001906,0.0,0.3472361809045226,0.6388888888888888,0.8552669065744807,0.0,1.0,1.0,1.0,0.0,real,3,0.3701005025125628,0.3472361809045226,0.9228643216080402,0.4614321608040201,0.355826525845307,0.35778651422943863
F001907,0.125,0.7962311557788945,0.625,0.25,0.0,1.0,1.0,1.0,0.0,real,3,0.3701005025125628,0.7962311557788945,0.13618090452261306,0.06809045226130653,0.2102505618544986,0.767215726875584
F001908,0.0,0.3472361809045226,0.1944444444444444,0.3469443332443554,0.5,1.0,1.0,1.0,0.5,real,3,0.9587939698492463,0.3472361809045226,0.2914572864321608,0.1457286432160804,0.6191207292745132,0.4363576677356632
F001909,0.0,0.3472361809045226,0.1111111111111111,0.3849001794597505,0.25,1.0,1.0,1.0,0.25,real,3,0.8304020100502513,0.3472361809045226,0.3763819095477387,0.18819095477386935,0.5714751521426227,0.4381636196055655
F001910,0.0,0.3472361809045226,0.375,0.25,0.25,1.0,1.0,1.0,0.25,real,3,0.8304020100502513,0.3472361809045226,0.13618090452261306,0.06809045226130653,0.4717434534481452,0.38013516072826437
F001911,0.1504840084734488,0.8301507537688442,0.6388888888888888,0.2545875386086578,0.5,1.0,1.0,1.0,0.5,real,3,0.9587939698492463,0.8301507537688442,0.17336683417085427,0.08668341708542714,0.5625085225120579,0.8413019873235523
F001912,0.0,0.3472361809045226,0.5,0.5,0.25,1.0,1.0,1.0,0.25,real,3,0.8304020100502513,0.3472361809045226,0.5492462311557789,0.27462311557788943,0.6432485922072675,0.4799246862452968
F001913,0.0,0.3472361809045226,0.5972222222222222,0.393817968854384,0.0,1.0,1.0,1.0,0.0,real,3,0.3701005025125628,0.3472361809045226,0.40251256281407033,0.20125628140703516,0.25953530213883486,0.3518377692482513
F001914,0.1504840084734488,0.8301507537688442,0.6388888888888888,0.2545875386086578,0.0,1.0,1.0,1.0,0.0,real,3,0.3701005025125628,0.8301507537688442,0.17336683417085427,0.08668341708542714,0.21713182747910406,0.7902720259589404
F001915,0.0,0.3472361809045226,0.375,1.0897247358851685,0.0,1.0,1.0,1.0,0.0,real,3,0.3701005025125628,0.3472361809045226,0.9899497487437185,0.4949748743718593,0.3682407009923992,0.3585534456200601
F001916,0.2257260127101733,0.8974874371859296,0.7083333333333334,0.3818813079129866,0.0,1.0,1.0,1.0,0.0,real,3,0.3701005025125628,0.8974874371859296,0.34723618090452263,0.17361809045226131,0.2493063937779349,0.8059235246584682
F001917,0.5949284529178934,0.992211055276382,0.8611111111111112,0.2545875386086578,0.0,1.0,1.0,1.0,0.0,real,3,0.3701005025125628,0.992211055276382,0.17336683417085427,0.08668341708542714,0.21713182747910406,0.9382843867579103
F001918,0.0,0.3472361809045226,0.3888888888888889,0.6309898162000305,0.25,1.0,1.0,1.0,0.25,real,3,0.8304020100502513,0.3472361809045226,0.7530150753768844,0.3765075376884422,0.7278536211206788,0.5291517575313754
F001919,0.0,0.3472361809045226,0.4444444444444444,0.5357583756107198,0.0,1.0,1.0,1.0,0.0,real,3,0.3701005025125628,0.3472361809045226,0.6459798994974875,0.32298994974874373,0.3045889939647989,0.35462112699174264
F001920,0.0,0.3472361809045226,0.1388888888888888,0.2545875386086578,0.0,1.0,1.0,1.0,0.0,real,3,0.3701005025125628,0.3472361809045226,0.17336683417085427,0.08668341708542714,0.21713182747910406,0.34921813843084765
F001921,0.0,0.3472361809045226,0.3888888888888889,0.6309898162000305,0.0,1.0,1.0,1.0,0.0,real,3,0.3701005025125628,0.3472361809045226,0.7530150753768844,0.3765075376884422,0.3243958801545415,0.35584477033408246
F001922,0.0,0.3472361809045226,0.1944444444444444,0.3469443332443554,0.5,1.0,1.0,1.0,0.5,real,3,0.9587939698492463,0.3472361809045226,0.2914572864321608,0.1457286432160804,0.6191207292745132,0.4363576677356632
F001923,0.0,0.3472361809045226,0.5972222222222222,0.393817968854384,0.25,1.0,1.0,1.0,0.25,real,3,0.8304020100502513,0.3472361809045226,0.40251256281407033,0.20125628140703516,0.5823246256407666,0.4444763389813388
F001924,0.1371617270419147,0.8030150753768844,0.6527777777777778,0.3367876570272817,0.0,1.0,1.0,1.0,0.0,real,3,0.3701005025125628,0.8030150753768844,0.2778894472361809,0.13894472361809046,0.23647376328880587,0.7428638797000076
F001925,0.0,0.3472361809045226,0.5555555555555556,1.0183501544346312,0.25,1.0,1.0,1.0,0.25,real,3,0.8304020100502513,0.3472361809045226,0.971356783919598,0.485678391959799,0.8185093179465165,0.5818993838539431
F001926,0.4376389444889332,0.9698492462311558,0.8055555555555556,0.3469443332443555,0.5,1.0,1.0,1.0,0.5,real,3,0.9587939698492463,0.9698492462311558,0.3135678391959799,0.15678391959798996,0.629720461604505,0.9681159566677608
F001927,0.0,0.3472361809045226,0.2222222222222222,0.5091750772173156,0.0,1.0,1.0,1.0,0.0,real,3,0.3701005025125628,0.3472361809045226,0.592462311557789,0.2962311557788945,0.29468555086992754,0.35400930532057273
F001928,0.0,0.3472361809045226,0.5694444444444444,0.4276334532872403,0.0,1.0,1.0,1.0,0.0,real,3,0.3701005025125628,0.3472361809045226,0.4505025125628141,0.22525125628140705,0.2684158543976162,0.3523863980707558
F001929,0.0,0.3472361809045226,0.3611111111111111,0.2545875386086578,0.25,1.0,1.0,1.0,0.25,real,3,0.8304020100502513,0.3472361809045226,0.17336683417085427,0.08668341708542714,0.4871830888108886,0.389118645993788
F001930,0.0,0.3472361809045226,0.625,0.6614378277661477,0.0,1.0,1.0,1.0,0.0,real,3,0.3701005025125628,0.3472361809045226,0.7871859296482412,0.3935929648241206,0.3307192053230979,0.35623541703492334
F001931,0.0,0.3472361809045226,0.3888888888888889,0.6309898162000305,0.25,1.0,1.0,1.0,0.25,real,3,0.8304020100502513,0.3472361809045226,0.7530150753768844,0.3765075376884422,0.7278536211206788,0.5291517575313754
F001932,0.1898569058357866,0.8683417085427135,0.7222222222222222,0.5091750772173156,0.0,1.0,1.0,1.0,0.0,real,3,0.3701005025125628,0.8683417085427135,0.592462311557789,0.2962311557788945,0.29468555086992754,0.7207471402237318
F001933,0.4376389444889332,0.9698492462311558,0.8055555555555556,0.3469443332443555,0.0,1.0,1.0,1.0,0.0,real,3,0.3701005025125628,0.9698492462311558,0.3135678391959799,0.15678391959798996,0.24307605868538676,0.8758182874169844
F001934,0.0,0.3472361809045226,0.4166666666666667,0.2886751345948129,0.5,1.0,1.0,1.0,0.5,real,3,0.9587939698492463,0.3472361809045226,0.22688442211055276,0.11344221105527638,0.5881646928107876,0.4166126486704881
F001935,0.0,0.3472361809045226,0.3472222222222222,0.488288773090193,0.25,1.0,1.0,1.0,0.25,real,3,0.8304020100502513,0.3472361809045226,0.514070351758794,0.257035175879397,0.6286435317289967,0.4714267947779096
F001936,0.0,0.3472361809045226,0.625,0.6614378277661477,0.5,1.0,1.0,1.0,0.5,real,3,0.9587939698492463,0.3472361809045226,0.7871859296482412,0.3935929648241206,0.8567715461730764,0.5879410242165601
F001937,0.0,0.3472361809045226,0.4166666666666667,0.2886751345948129,0.0,1.0,1.0,1.0,0.0,real,3,0.3701005025125628,0.3472361809045226,0.22688442211055276,0.11344221105527638,0.22703527057397543,0.34982996010201756
F001938,0.0,0.3472361809045226,0.25,0.5,0.0,1.0,1.0,1.0,0.0,real,3,0.3701005025125628,0.3472361809045226,0.5492462311557789,0.27462311557788943,0.2866884043332239,0.3535152521400975
F001939,0.0,0.3472361809045226,0.3055555555555556,0.3469443332443555,0.25,1.0,1.0,1.0,0.25,real,3,0.8304020100502513,0.3472361809045226,0.3135678391959799,0.15678391959798996,0.5453946870028535,0.4229888134138026
F001940,0.0,0.3472361809045226,0.4027777777777778,0.393817968854384,0.0,1.0,1.0,1.0,0.0,real,3,0.3701005025125628,0.3472361809045226,0.40251256281407033,0.20125628140703516,0.25953530213883486,0.3518377692482513
F001941,0.0,0.3472361809045226,0.375,0.25,0.25,1.0,1.0,1.0,0.25,real,3,0.8304020100502513,0.3472361809045226,0.13618090452261306,0.06809045226130653,0.4717434534481452,0.38013516072826437
F001942,0.0,0.3472361809045226,0.3333333333333333,0.5773502691896258,0.25,1.0,1.0,1.0,0.25,real,3,0.8304020100502513,0.3472361809045226,0.6758793969849246,0.3379396984924623,0.6958268099290422,0.5105170955278907
F001943,0.0,0.3472361809045226,0.1527777777777777,0.3367876570272816,0.0,1.0,1.0,1.0,0.0,real,3,0.3701005025125628,0.3472361809045226,0.2698492462311558,0.1349246231155779,0.23498592207267494,0.3503211408802808
F001944,0.0,0.3472361809045226,0.25,0.5,0.25,1.0,1.0,1.0,0.25,real,3,0.8304020100502513,0.3472361809045226,0.5492462311557789,0.27462311557788943,0.6432485922072675,0.4799246862452968
F001945,0.0446581987385203,0.7221105527638191,0.6666666666666666,0.5773502691896258,0.25,1.0,1.0,1.0,0.25,real,3,0.8304020100502513,0.7221105527638191,0.6758793969849246,0.3379396984924623,0.6958268099290422,0.7587065351885054
F001946,0.061411169010459,0.7545226130653266,0.6527777777777778,0.488288773090193,0.0,1.0,1.0,1.0,0.0,real,3,0.3701005025125628,0.7545226130653266,0.514070351758794,0.257035175879397,0.2801790990126512,0.655712608267468
F001947,0.0,0.3472361809045226,0.4166666666666667,0.7637626158259734,0.25,1.0,1.0,1.0,0.25,real,3,0.8304020100502513,0.3472361809045226,0.8836683417085427,0.44183417085427135,0.7821009886113988,0.5607153544102421
F001948,0.0,0.3472361809045226,0.5277777777777778,0.8221471437193746,0.25,1.0,1.0,1.0,0.25,real,3,0.8304020100502513,0.3472361809045226,0.9118090452261306,0.4559045226130653,0.7937850369940154,0.5675136675841519
F001949,0.0,0.3472361809045226,0.4166666666666667,0.2886751345948129,0.0,1.0,1.0,1.0,0.0,real,3,0.3701005025125628,0.3472361809045226,0.22688442211055276,0.11344221105527638,0.22703527057397543,0.34982996010201756
F001950,0.0,0.3472361809045226,0.4722222222222222,0.4194352464039305,0.0,1.0,1.0,1.0,0.0,real,3,0.3701005025125628,0.3472361809045226,0.43366834170854274,0.21683417085427137,0.26530068685134217,0.35219394712254737
F001951,0.0,0.3472361809045226,0.3194444444444444,0.3757708127352411,0.0,1.0,1.0,1.0,0.0,real,3,0.3701005025125628,0.3472361809045226,0.3314070351758794,0.1657035175879397,0.24637720638367716,0.3510248794222368
F001952,0.0,0.3472361809045226,0.6388888888888888,0.8552669065744807,0.0,1.0,1.0,1.0,0.0,real,3,0.3701005025125628,0.3472361809045226,0.9228643216080402,0.4614321608040201,0.355826525845307,0.35778651422943863
F001953,0.0,0.3472361809045226,0.5277777777777778,0.8221471437193746,0.0,1.0,1.0,1.0,0.0,real,3,0.3701005025125628,0.3472361809045226,0.9118090452261306,0.4559045226130653,0.35378074417312694,0.3576601285321077
F001954,0.3231250834000667,0.941708542713568,0.7916666666666667,0.5204164998665333,0.0,1.0,1.0,1.0,0.0,real,3,0.3701005025125628,0.941708542713568,0.6309045226130653,0.31545226130653264,0.30179929168455344,0.7613934938511655
F001955,0.0,0.3472361809045226,0.625,0.6614378277661477,0.25,1.0,1.0,1.0,0.25,real,3,0.8304020100502513,0.3472361809045226,0.7871859296482412,0.3935929648241206,0.7420413941567132,0.5374068520996944
F001956,0.0,0.3472361809045226,0.4861111111111111,0.6142595663193329,0.0,1.0,1.0,1.0,0.0,real,3,0.3701005025125628,0.3472361809045226,0.7040201005025125,0.35201005025125626,0.3153293477437438,0.35528465190272973
F001957,0.0,0.3472361809045226,0.375,1.0897247358851685,0.0,1.0,1.0,1.0,0.0,real,3,0.3701005025125628,0.3472361809045226,0.9899497487437185,0.4949748743718593,0.3682407009923992,0.3585534456200601
F001958,0.0,0.3472361809045226,0.1944444444444444,0.3469443332443554,0.0,1.0,1.0,1.0,0.0,real,3,0.3701005025125628,0.3472361809045226,0.2914572864321608,0.1457286432160804,0.23898449534102673,0.3505681674705184
F001959,0.0,0.3472361809045226,0.0,0.0,0.0,1.0,1.0,1.0,0.0,real,3,0.3701005025125628,0.3472361809045226,0.00628140703517588,0.00314070351758794,0.1862126272063837,0.3473079909598242
F001960,0.0,0.3472361809045226,0.5555555555555556,0.5357583756107197,0.75,1.0,1.0,1.0,0.75,real,3,0.9987437185929648,0.3472361809045226,0.6384422110552764,0.3192211055276382,0.818191933284513,0.5552111373450166
F001961,0.0,0.3472361809045226,0.3472222222222222,0.6684005230842202,0.0,1.0,1.0,1.0,0.0,real,3,0.3701005025125628,0.3472361809045226,0.7989949748743719,0.39949748743718594,0.3329044721092902,0.3563704199388904
F001962,0.01116454968463,0.6977386934673366,0.5416666666666666,0.1443375672974064,0.25,1.0,1.0,1.0,0.25,real,3,0.8304020100502513,0.6977386934673366,0.06155778894472362,0.03077889447236181,0.44075986086209945,0.7018219236887957
F001963,0.2974642264589466,0.9216080402010052,0.6805555555555556,0.1272937693043289,0.0,1.0,1.0,1.0,0.0,real,3,0.3701005025125628,0.9216080402010052,0.04195979899497487,0.020979899497487436,0.1928149226029646,0.9100374674881948
F001964,0.3009680169468978,0.9314070351758794,0.7777777777777778,0.5091750772173156,0.5,1.0,1.0,1.0,0.5,real,3,0.9587939698492463,0.9314070351758794,0.592462311557789,0.2962311557788945,0.7634216307668998,0.9395198984874119
F001965,0.0,0.3472361809045226,0.4166666666666667,1.0408329997330663,0.0,1.0,1.0,1.0,0.0,real,3,0.3701005025125628,0.3472361809045226,0.978140703517588,0.489070351758794,0.36605543420620695,0.358418442716093
F001966,0.0,0.3472361809045226,0.6666666666666666,0.7637626158259733,0.25,1.0,1.0,1.0,0.25,real,3,0.8304020100502513,0.3472361809045226,0.8768844221105527,0.43844221105527637,0.7792842983763036,0.5590764753415318
F001967,0.0,0.3472361809045226,0.3611111111111111,0.2545875386086578,0.0,1.0,1.0,1.0,0.0,real,3,0.3701005025125628,0.3472361809045226,0.17336683417085427,0.08668341708542714,0.21713182747910406,0.34921813843084765
F001968,0.0,0.3472361809045226,0.5277777777777778,0.4194352464039305,0.0,1.0,1.0,1.0,0.0,real,3,0.3701005025125628,0.3472361809045226,0.43366834170854274,0.21683417085427137,0.26530068685134217,0.35219394712254737
F001969,0.25,0.907286432160804,0.75,0.5,0.0,1.0,1.0,1.0,0.0,real,3,0.3701005025125628,0.907286432160804,0.5492462311557789,0.27462311557788943,0.2866884043332239,0.759762758516199
F001970,0.0,0.3472361809045226,0.4583333333333333,0.3818813079129867,0.0,1.0,1.0,1.0,0.0,real,3,0.3701005025125628,0.3472361809045226,0.3608040201005025,0.18040201005025125,0.2518171258301558,0.35136095048104843
F001971,0.0,0.3472361809045226,0.2083333333333333,0.3818813079129867,0.0,1.0,1.0,1.0,0.0,real,3,0.3701005025125628,0.3472361809045226,0.3608040201005025,0.18040201005025125,0.2518171258301558,0.35136095048104843
F001972,0.0,0.3472361809045226,0.4722222222222222,0.9179284245476838,0.0,1.0,1.0,1.0,0.0,real,3,0.3701005025125628,0.3472361809045226,0.9510050251256281,0.47550251256281406,0.36103397010176513,0.35810822327718994
F001973,0.0,0.3472361809045226,0.2916666666666666,0.5204164998665332,0.0,1.0,1.0,1.0,0.0,real,3,0.3701005025125628,0.3472361809045226,0.6203517587939699,0.31017587939698493,0.2998465000883816,0.35432814196611195
F001974,0.0,0.3472361809045226,0.4166666666666667,0.7637626158259733,0.25,1.0,1.0,1.0,0.25,real,3,0.8304020100502513,0.3472361809045226,0.8768844221105527,0.43844221105527637,0.7792842983763036,0.5590764753415318
F001975,0.0,0.3472361809045226,0.3055555555555556,0.3469443332443555,0.5,1.0,1.0,1.0,0.5,real,3,0.9587939698492463,0.3472361809045226,0.3135678391959799,0.15678391959798996,0.629720461604505,0.4431186081159566
F001976,0.2224894150898172,0.8891959798994975,0.7916666666666667,0.7216878364870323,0.0,1.0,1.0,1.0,0.0,real,3,0.3701005025125628,0.8891959798994975,0.8472361809045226,0.4236180904522613,0.3418315194060756,0.6692977450064392
F001977,0.0,0.3472361809045226,0.5555555555555556,0.6735753140545634,0.25,1.0,1.0,1.0,0.25,real,3,0.8304020100502513,0.3472361809045226,0.8133165829145729,0.40665829145728644,0.7528908676548572,0.5437195714754678
F001978,0.0,0.3472361809045226,0.5416666666666666,0.8036375634160796,0.5,1.0,1.0,1.0,0.5,real,3,0.9587939698492463,0.3472361809045226,0.9057788944723618,0.4528894472361809,0.9136246559430317,0.6242042498926795
F001979,0.0,0.3472361809045226,0.1111111111111111,0.3849001794597505,0.0,1.0,1.0,1.0,0.0,real,3,0.3701005025125628,0.3472361809045226,0.3763819095477387,0.18819095477386935,0.25469981818640947,0.3515390394181965
F001980,0.0,0.3472361809045226,0.2083333333333333,0.3818813079129867,0.0,1.0,1.0,1.0,0.0,real,3,0.3701005025125628,0.3472361809045226,0.3608040201005025,0.18040201005025125,0.2518171258301558,0.35136095048104843
F001981,0.0,0.3472361809045226,0.375,0.75,0.75,1.0,1.0,1.0,0.75,real,3,0.9987437185929648,0.3472361809045226,0.857286432160804,0.428643216080402,0.9274765788742709,0.6265004671599201
F001982,0.0,0.3472361809045226,0.4027777777777778,0.1734721666221777,0.25,1.0,1.0,1.0,0.25,real,3,0.8304020100502513,0.3472361809045226,0.08417085427135679,0.042085427135678394,0.45014882831241637,0.36757042120148475
F001983,0.0,0.3472361809045226,0.2777777777777778,0.5091750772173156,0.0,1.0,1.0,1.0,0.0,real,3,0.3701005025125628,0.3472361809045226,0.592462311557789,0.2962311557788945,0.29468555086992754,0.35400930532057273
F001984,0.5853276880479024,0.9879396984924624,0.8888888888888888,0.3849001794597506,0.25,1.0,1.0,1.0,0.25,real,3,0.8304020100502513,0.9879396984924624,0.385929648241206,0.192964824120603,0.5754393828438675,0.9575404661498448
F001985,0.0,0.3472361809045226,0.2777777777777778,0.0962250448649376,0.0,1.0,1.0,1.0,0.0,real,3,0.3701005025125628,0.3472361809045226,0.022110552763819097,0.011055276381909548,0.1891418146006414,0.34748895229918436
F001986,0.0,0.3472361809045226,0.4861111111111111,0.2926570486903539,0.5,1.0,1.0,1.0,0.5,real,3,0.9587939698492463,0.3472361809045226,0.2608040201005025,0.13040201005025126,0.6044256458170247,0.4269845458448019
F001987,0.0,0.3472361809045226,0.6805555555555556,0.8988160937424132,0.5,1.0,1.0,1.0,0.5,real,3,0.9587939698492463,0.3472361809045226,0.9434673366834171,0.47173366834170855,0.9316923815055176,0.6357285800863615
F001988,0.0,0.3472361809045226,0.4861111111111111,0.9141379262169076,0.0,1.0,1.0,1.0,0.0,real,3,0.3701005025125628,0.3472361809045226,0.9469849246231156,0.4734924623115578,0.36029004949369964,0.35806226484179693
F001989,0.0483797153000638,0.7306532663316583,0.6805555555555556,0.6254627916220946,0.0,1.0,1.0,1.0,0.0,real,3,0.3701005025125628,0.7306532663316583,0.714824120603015,0.3574120603015075,0.31732863437791975,0.6017873601676725
F001990,0.0,0.3472361809045226,0.625,0.6614378277661477,0.0,1.0,1.0,1.0,0.0,real,3,0.3701005025125628,0.3472361809045226,0.7871859296482412,0.3935929648241206,0.3307192053230979,0.35623541703492334
F001991,0.5260506159308034,0.9814070351758792,0.8472222222222221,0.3367876570272817,0.0,1.0,1.0,1.0,0.0,real,3,0.3701005025125628,0.9814070351758792,0.2778894472361809,0.13894472361809046,0.23647376328880587,0.8964692179490414
