feature_id,data_score,data_rank,cv_mean_oriented_auc,cv_sd_oriented_effect,relevance_scaled,confidence_scaled,agreement,reliability,text_score,condition,llm_runs,text_rank,data_rank_for_hybrid,data_uncertainty_rank,adaptive_text_weight,text_priority,adaptive_consensus
F000001,0.0,0.3472361809045226,0.6111111111111112,0.4811252243246882,0.0,1.0,1.0,1.0,0.0,real,3,0.3701005025125628,0.3472361809045226,0.4979899497487437,0.3734924623115578,0.2772034165803894,0.3557758326809929
F000002,0.0,0.3472361809045226,0.3472222222222222,0.488288773090193,0.0,1.0,1.0,1.0,0.0,real,3,0.3701005025125628,0.3472361809045226,0.514070351758794,0.38555276381909553,0.2801790990126512,0.3560515832933512
F000003,0.0,0.3472361809045226,0.4305555555555555,0.4738533919231106,0.0,1.0,1.0,1.0,0.0,real,3,0.3701005025125628,0.3472361809045226,0.48391959798994977,0.3629396984924623,0.2745996944521603,0.3555345508951794
F000004,0.0,0.3472361809045226,0.6111111111111112,0.6309898162000305,0.0,1.0,1.0,1.0,0.0,real,3,0.3701005025125628,0.3472361809045226,0.7530150753768844,0.5647613065326633,0.3243958801545415,0.3601490650488624
F000005,0.4510034825212683,0.9756281407035176,0.8194444444444444,0.3757708127352412,0.0,1.0,1.0,1.0,0.0,real,3,0.3701005025125628,0.9756281407035176,0.3394472361809045,0.2545854271356784,0.24786504759980807,0.8214696282922148
F000006,0.0,0.3472361809045226,0.375,0.6614378277661477,0.0,1.0,1.0,1.0,0.0,real,3,0.3701005025125628,0.3472361809045226,0.7871859296482412,0.5903894472361809,0.3307192053230979,0.3607350351001237
F000007,0.0,0.3472361809045226,0.4305555555555555,0.4738533919231106,0.0,1.0,1.0,1.0,0.0,real,3,0.3701005025125628,0.3472361809045226,0.48391959798994977,0.3629396984924623,0.2745996944521603,0.3555345508951794
F000008,0.2974642264589466,0.9216080402010052,0.6805555555555556,0.1272937693043289,0.0,1.0,1.0,1.0,0.0,real,3,0.3701005025125628,0.9216080402010052,0.04195979899497487,0.031469849246231155,0.1928149226029646,0.9042521811317897
F000009,0.0,0.3472361809045226,0.5972222222222222,0.8347210667398177,0.0,1.0,1.0,1.0,0.0,real,3,0.3701005025125628,0.3472361809045226,0.9155778894472362,0.6866834170854271,0.3544781697431883,0.36293673139567184
F000010,0.0,0.3472361809045226,0.4861111111111111,0.2926570486903539,0.0,1.0,1.0,1.0,0.0,real,3,0.3701005025125628,0.3472361809045226,0.2608040201005025,0.1956030150753769,0.23331210070452765,0.3517085111487083
F000011,0.5853276880479024,0.9879396984924624,0.8888888888888888,0.3849001794597506,0.0,1.0,1.0,1.0,0.0,real,3,0.3701005025125628,0.9879396984924624,0.385929648241206,0.2894472361809045,0.2564666296305649,0.8091078508118482
F000012,0.0,0.3472361809045226,0.6527777777777778,0.6684005230842202,0.0,1.0,1.0,1.0,0.0,real,3,0.3701005025125628,0.3472361809045226,0.7989949748743719,0.5992462311557789,0.3329044721092902,0.3609375394560743
F000013,0.0,0.3472361809045226,0.3888888888888889,0.693888666488711,0.25,1.0,1.0,1.0,0.25,real,3,0.8304020100502513,0.3472361809045226,0.828894472361809,0.6216708542713567,0.75935882300952,0.647606294664276
F000014,0.0,0.3472361809045226,0.1944444444444444,0.3469443332443554,0.0,1.0,1.0,1.0,0.0,real,3,0.3701005025125628,0.3472361809045226,0.2914572864321608,0.2185929648241206,0.23898449534102673,0.3522341607535163
F000015,0.5853276880479024,0.9879396984924624,0.8888888888888888,0.3849001794597506,0.0,1.0,1.0,1.0,0.0,real,3,0.3701005025125628,0.9879396984924624,0.385929648241206,0.2894472361809045,0.2564666296305649,0.8091078508118482
F000016,0.1020902318637188,0.7766331658291458,0.7083333333333334,0.6291528696058958,0.0,1.0,1.0,1.0,0.0,real,3,0.3701005025125628,0.7766331658291458,0.7339195979899498,0.5504396984924623,0.3208622572662307,0.5528614492058281
F000017,0.0,0.3472361809045226,0.6111111111111112,0.4811252243246882,0.0,1.0,1.0,1.0,0.0,real,3,0.3701005025125628,0.3472361809045226,0.4979899497487437,0.3734924623115578,0.2772034165803894,0.3557758326809929
F000018,0.0,0.3472361809045226,0.2222222222222222,0.5091750772173156,0.0,1.0,1.0,1.0,0.0,real,3,0.3701005025125628,0.3472361809045226,0.592462311557789,0.4443467336683417,0.29468555086992754,0.35739586752859775
F000019,0.1504840084734488,0.8301507537688442,0.6388888888888888,0.2545875386086578,0.0,1.0,1.0,1.0,0.0,real,3,0.3701005025125628,0.8301507537688442,0.17336683417085427,0.1300251256281407,0.21713182747910406,0.7703326620539885
F000020,0.2974642264589466,0.9216080402010052,0.6805555555555556,0.1272937693043289,0.0,1.0,1.0,1.0,0.0,real,3,0.3701005025125628,0.9216080402010052,0.04195979899497487,0.031469849246231155,0.1928149226029646,0.9042521811317897
F000021,0.0,0.3472361809045226,0.5277777777777778,0.4194352464039305,0.0,1.0,1.0,1.0,0.0,real,3,0.3701005025125628,0.3472361809045226,0.43366834170854274,0.32525125628140705,0.26530068685134217,0.35467283023155977
F000022,0.0,0.3472361809045226,0.4166666666666667,0.2886751345948129,0.25,1.0,1.0,1.0,0.25,real,3,0.8304020100502513,0.3472361809045226,0.22688442211055276,0.17016331658291456,0.509403645109972,0.4294532808514936
F000023,0.1898569058357866,0.8683417085427135,0.7222222222222222,0.5091750772173156,0.0,1.0,1.0,1.0,0.0,real,3,0.3701005025125628,0.8683417085427135,0.592462311557789,0.4443467336683417,0.29468555086992754,0.6469498560642407
F000024,0.0,0.3472361809045226,0.4305555555555555,0.4738533919231106,0.0,1.0,1.0,1.0,0.0,real,3,0.3701005025125628,0.3472361809045226,0.48391959798994977,0.3629396984924623,0.2745996944521603,0.3555345508951794
F000025,0.0,0.3472361809045226,0.5138888888888888,0.4589642122738418,0.0,1.0,1.0,1.0,0.0,real,3,0.3701005025125628,0.3472361809045226,0.47412060301507536,0.35559045226130653,0.27278638797000077,0.35536651536577357
F000026,0.5949284529178934,0.992211055276382,0.8611111111111112,0.2545875386086578,0.0,1.0,1.0,1.0,0.0,real,3,0.3701005025125628,0.992211055276382,0.17336683417085427,0.1300251256281407,0.21713182747910406,0.9113210524986743
F000027,0.0521012318616071,0.742713567839196,0.6944444444444444,0.6735753140545634,0.0,1.0,1.0,1.0,0.0,real,3,0.3701005025125628,0.742713567839196,0.8133165829145729,0.6099874371859296,0.3355546892755234,0.5154242790586097
F000028,0.1706553760958049,0.849748743718593,0.7777777777777777,0.769800358919501,0.0,1.0,1.0,1.0,0.0,real,3,0.3701005025125628,0.849748743718593,0.8879396984924623,0.6659547738693468,0.3493637155627383,0.5303247077094013
F000029,0.0,0.3472361809045226,0.4166666666666667,0.7637626158259733,0.0,1.0,1.0,1.0,0.0,real,3,0.3701005025125628,0.3472361809045226,0.8768844221105527,0.6576633165829145,0.3473179338905583,0.36227320648468475
F000030,0.0,0.3472361809045226,0.2777777777777778,0.5091750772173156,0.25,1.0,1.0,1.0,0.25,real,3,0.8304020100502513,0.3472361809045226,0.592462311557789,0.4443467336683417,0.6611919522234287,0.5619293389055832
F000031,0.3009680169468978,0.9314070351758794,0.7777777777777778,0.5091750772173156,0.0,1.0,1.0,1.0,0.0,real,3,0.3701005025125628,0.9314070351758794,0.592462311557789,0.4443467336683417,0.29468555086992754,0.6819923108002323
F000032,0.0,0.3472361809045226,0.4722222222222222,0.8221471437193746,0.0,1.0,1.0,1.0,0.0,real,3,0.3701005025125628,0.3472361809045226,0.9118090452261306,0.6838567839195979,0.35378074417312694,0.3628721023459004
F000033,0.0,0.3472361809045226,0.4305555555555555,0.4738533919231106,0.0,1.0,1.0,1.0,0.0,real,3,0.3701005025125628,0.3472361809045226,0.48391959798994977,0.3629396984924623,0.2745996944521603,0.3555345508951794
F000034,0.125,0.7962311557788945,0.625,0.25,0.0,1.0,1.0,1.0,0.0,real,3,0.3701005025125628,0.7962311557788945,0.13618090452261306,0.10213567839195979,0.2102505618544986,0.7527080124239286
F000035,0.0,0.3472361809045226,0.4444444444444444,0.5357583756107198,0.0,1.0,1.0,1.0,0.0,real,3,0.3701005025125628,0.3472361809045226,0.6459798994974875,0.4844849246231156,0.3045889939647989,0.3583136000353526
F000036,0.2974642264589466,0.9216080402010052,0.6805555555555556,0.1272937693043289,0.0,1.0,1.0,1.0,0.0,real,3,0.3701005025125628,0.9216080402010052,0.04195979899497487,0.031469849246231155,0.1928149226029646,0.9042521811317897
F000037,0.1564584167334001,0.8437185929648241,0.7083333333333334,0.5204164998665332,0.0,1.0,1.0,1.0,0.0,real,3,0.3701005025125628,0.8437185929648241,0.6203517587939699,0.4652638190954774,0.2998465000883816,0.6233612314082977
F000038,0.0,0.3472361809045226,0.3472222222222222,0.488288773090193,0.0,1.0,1.0,1.0,0.0,real,3,0.3701005025125628,0.3472361809045226,0.514070351758794,0.38555276381909553,0.2801790990126512,0.3560515832933512
F000039,0.0669872981077807,0.7638190954773869,0.75,0.8660254037844386,0.0,1.0,1.0,1.0,0.0,real,3,0.3701005025125628,0.7638190954773869,0.9336683417085427,0.700251256281407,0.35782581247948286,0.4881171561324209
F000040,0.7188194722444669,0.9972361809045226,0.902777777777778,0.1734721666221776,0.0,1.0,1.0,1.0,0.0,real,3,0.3701005025125628,0.9972361809045226,0.07562814070351759,0.05672110552763819,0.19904525769551273,0.9616643519103053
F000041,0.0,0.3472361809045226,0.3194444444444444,0.1272937693043289,0.0,1.0,1.0,1.0,0.0,real,3,0.3701005025125628,0.3472361809045226,0.04195979899497487,0.031469849246231155,0.1928149226029646,0.3479557176586449
F000042,0.1485783278408043,0.8120603015075377,0.7361111111111112,0.6472877887628358,0.0,1.0,1.0,1.0,0.0,real,3,0.3701005025125628,0.8120603015075377,0.771105527638191,0.5783291457286432,0.3277435228908361,0.556462068508371
F000043,0.3963319220119756,0.9587939698492464,0.7222222222222222,0.0962250448649376,0.0,1.0,1.0,1.0,0.0,real,3,0.3701005025125628,0.9587939698492464,0.022110552763819097,0.016582914572864323,0.1891418146006414,0.9490317163707989
F000044,1.0,1.0,1.0,0.0,0.0,1.0,1.0,1.0,0.0,real,3,0.3701005025125628,1.0,0.00628140703517588,0.00471105527638191,0.1862126272063837,0.9970325086487715
F000045,0.0,0.3472361809045226,0.4027777777777778,0.7561476438231223,0.0,1.0,1.0,1.0,0.0,real,3,0.3701005025125628,0.3472361809045226,0.8706030150753769,0.6529522613065326,0.34615555794045605,0.36216549140173226
F000046,0.0,0.3472361809045226,0.2361111111111111,0.4110735718596873,0.0,1.0,1.0,1.0,0.0,real,3,0.3701005025125628,0.3472361809045226,0.42135678391959797,0.3160175879396985,0.2630224299891417,0.354461708668973
F000047,0.0,0.3472361809045226,0.4305555555555555,0.5912165737164656,0.0,1.0,1.0,1.0,0.0,real,3,0.3701005025125628,0.3472361809045226,0.7,0.5249999999999999,0.3145854271356784,0.35923994974874374
F000048,0.1889957660359268,0.8582914572864322,0.6666666666666666,0.2886751345948129,0.0,1.0,1.0,1.0,0.0,real,3,0.3701005025125628,0.8582914572864322,0.22688442211055276,0.17016331658291456,0.22703527057397543,0.7752192652963309
F000049,0.0,0.3472361809045226,0.4027777777777778,0.393817968854384,0.0,1.0,1.0,1.0,0.0,real,3,0.3701005025125628,0.3472361809045226,0.40251256281407033,0.3018844221105528,0.25953530213883486,0.3541385634201156
F000050,0.0,0.3472361809045226,0.1666666666666666,0.5773502691896258,0.0,1.0,1.0,1.0,0.0,real,3,0.3701005025125628,0.3472361809045226,0.6758793969849246,0.5069095477386935,0.3101219034872857,0.3588263238302063
F000051,0.0,0.3472361809045226,0.4583333333333333,0.3818813079129867,0.0,1.0,1.0,1.0,0.0,real,3,0.3701005025125628,0.3472361809045226,0.3608040201005025,0.2706030150753769,0.2518171258301558,0.35342333526931136
F000052,0.0,0.3472361809045226,0.4027777777777778,0.1734721666221777,0.0,1.0,1.0,1.0,0.0,real,3,0.3701005025125628,0.3472361809045226,0.08417085427135679,0.06312814070351759,0.20062608898765183,0.34867956301608544
F000053,0.0,0.3472361809045226,0.1944444444444444,0.3469443332443554,0.0,1.0,1.0,1.0,0.0,real,3,0.3701005025125628,0.3472361809045226,0.2914572864321608,0.2185929648241206,0.23898449534102673,0.3522341607535163
F000054,0.5260506159308034,0.9814070351758792,0.8472222222222221,0.3367876570272817,0.0,1.0,1.0,1.0,0.0,real,3,0.3701005025125628,0.9814070351758792,0.2778894472361809,0.2084170854271357,0.23647376328880587,0.8540003093356228
F000055,0.0,0.3472361809045226,0.3472222222222222,0.488288773090193,0.0,1.0,1.0,1.0,0.0,real,3,0.3701005025125628,0.3472361809045226,0.514070351758794,0.38555276381909553,0.2801790990126512,0.3560515832933512
F000056,0.4229189661767951,0.9630653266331658,0.7638888888888888,0.2097176232019653,0.0,1.0,1.0,1.0,0.0,real,3,0.3701005025125628,0.9630653266331658,0.11809045226130653,0.0885678391959799,0.20690291911820408,0.9105477134415798
F000057,0.0,0.3472361809045226,0.5,0.5,0.0,1.0,1.0,1.0,0.0,real,3,0.3701005025125628,0.3472361809045226,0.5492462311557789,0.41193467336683415,0.2866884043332239,0.3566547877578849
F000058,0.0,0.3472361809045226,0.3333333333333333,0.2886751345948129,0.5,1.0,1.0,1.0,0.5,real,3,0.9587939698492463,0.3472361809045226,0.22688442211055276,0.17016331658291456,0.5881646928107876,0.45130088255347084
F000059,0.061411169010459,0.7545226130653266,0.6527777777777778,0.488288773090193,0.0,1.0,1.0,1.0,0.0,real,3,0.3701005025125628,0.7545226130653266,0.514070351758794,0.38555276381909553,0.2801790990126512,0.6063076058685386
F000060,0.0,0.3472361809045226,0.1388888888888888,0.2545875386086578,0.0,1.0,1.0,1.0,0.0,real,3,0.3701005025125628,0.3472361809045226,0.17336683417085427,0.1300251256281407,0.21713182747910406,0.3502091171940102
F000061,0.0,0.3472361809045226,0.5138888888888888,0.8673608331108886,0.0,1.0,1.0,1.0,0.0,real,3,0.3701005025125628,0.3472361809045226,0.9407035175879397,0.7055276381909548,0.35912767354359737,0.3633675917274816
F000062,0.0,0.3472361809045226,0.4861111111111111,0.2926570486903539,0.0,1.0,1.0,1.0,0.0,real,3,0.3701005025125628,0.3472361809045226,0.2608040201005025,0.1956030150753769,0.23331210070452765,0.3517085111487083
F000063,0.0,0.3472361809045226,0.25,0.5,0.0,1.0,1.0,1.0,0.0,real,3,0.3701005025125628,0.3472361809045226,0.5492462311557789,0.41193467336683415,0.2866884043332239,0.3566547877578849
F000064,0.0,0.3472361809045226,0.2361111111111111,0.4110735718596873,0.0,1.0,1.0,1.0,0.0,real,3,0.3701005025125628,0.3472361809045226,0.42135678391959797,0.3160175879396985,0.2630224299891417,0.354461708668973
F000065,0.0,0.3472361809045226,0.5,0.5,0.25,1.0,1.0,1.0,0.25,real,3,0.8304020100502513,0.3472361809045226,0.5492462311557789,0.41193467336683415,0.6432485922072675,0.546268938915684
F000066,0.1706553760958049,0.849748743718593,0.7777777777777777,0.769800358919501,0.0,1.0,1.0,1.0,0.0,real,3,0.3701005025125628,0.849748743718593,0.8879396984924623,0.6659547738693468,0.3493637155627383,0.5303247077094013
F000067,0.0,0.3472361809045226,0.3611111111111111,0.2545875386086578,0.0,1.0,1.0,1.0,0.0,real,3,0.3701005025125628,0.3472361809045226,0.17336683417085427,0.1300251256281407,0.21713182747910406,0.3502091171940102
F000068,0.0521012318616071,0.742713567839196,0.6944444444444444,0.6735753140545634,0.0,1.0,1.0,1.0,0.0,real,3,0.3701005025125628,0.742713567839196,0.8133165829145729,0.6099874371859296,0.3355546892755234,0.5154242790586097
F000069,0.1504840084734488,0.8301507537688442,0.6388888888888888,0.2545875386086578,0.0,1.0,1.0,1.0,0.0,real,3,0.3701005025125628,0.8301507537688442,0.17336683417085427,0.1300251256281407,0.21713182747910406,0.7703326620539885
F000070,0.0,0.3472361809045226,0.3472222222222222,0.488288773090193,0.0,1.0,1.0,1.0,0.0,real,3,0.3701005025125628,0.3472361809045226,0.514070351758794,0.38555276381909553,0.2801790990126512,0.3560515832933512
F000071,0.0,0.3472361809045226,0.6111111111111112,0.4811252243246882,0.0,1.0,1.0,1.0,0.0,real,3,0.3701005025125628,0.3472361809045226,0.4979899497487437,0.3734924623115578,0.2772034165803894,0.3557758326809929
F000072,0.1020902318637188,0.7766331658291458,0.7083333333333334,0.6291528696058958,0.0,1.0,1.0,1.0,0.0,real,3,0.3701005025125628,0.7766331658291458,0.7339195979899498,0.5504396984924623,0.3208622572662307,0.5528614492058281
F000073,0.0,0.3472361809045226,0.375,0.4330127018922193,0.0,1.0,1.0,1.0,0.0,real,3,0.3701005025125628,0.3472361809045226,0.4663316582914573,0.349748743718593,0.2713450417918739,0.35523294866291255
F000074,0.0483797153000638,0.7306532663316583,0.6805555555555556,0.6254627916220946,0.25,1.0,1.0,1.0,0.25,real,3,0.8304020100502513,0.7306532663316583,0.714824120603015,0.5361180904522613,0.7119966983156991,0.7841303723390824
F000075,0.0,0.3472361809045226,0.2777777777777778,0.0962250448649376,0.0,1.0,1.0,1.0,0.0,real,3,0.3701005025125628,0.3472361809045226,0.022110552763819097,0.016582914572864323,0.1891418146006414,0.34761533799651523
F000076,0.0,0.3472361809045226,0.25,0.5,0.0,1.0,1.0,1.0,0.0,real,3,0.3701005025125628,0.3472361809045226,0.5492462311557789,0.41193467336683415,0.2866884043332239,0.3566547877578849
F000077,0.0521012318616071,0.742713567839196,0.6944444444444444,0.6735753140545634,0.0,1.0,1.0,1.0,0.0,real,3,0.3701005025125628,0.742713567839196,0.8133165829145729,0.6099874371859296,0.3355546892755234,0.5154242790586097
F000078,0.0,0.3472361809045226,0.5972222222222222,0.393817968854384,0.0,1.0,1.0,1.0,0.0,real,3,0.3701005025125628,0.3472361809045226,0.40251256281407033,0.3018844221105528,0.25953530213883486,0.3541385634201156
F000079,0.0,0.3472361809045226,0.4861111111111111,0.2926570486903539,0.0,1.0,1.0,1.0,0.0,real,3,0.3701005025125628,0.3472361809045226,0.2608040201005025,0.1956030150753769,0.23331210070452765,0.3517085111487083
F000080,0.3231250834000667,0.941708542713568,0.7916666666666667,0.5204164998665333,0.0,1.0,1.0,1.0,0.0,real,3,0.3701005025125628,0.941708542713568,0.6309045226130653,0.47317839195979894,0.30179929168455344,0.6712359694199642
F000081,0.0,0.3472361809045226,0.4861111111111111,0.2926570486903539,0.5,1.0,1.0,1.0,0.5,real,3,0.9587939698492463,0.3472361809045226,0.2608040201005025,0.1956030150753769,0.6044256458170247,0.4668587283149415
F000082,0.3779915320718537,0.9507537688442212,0.8333333333333333,0.5773502691896258,0.0,1.0,1.0,1.0,0.0,real,3,0.3701005025125628,0.9507537688442212,0.6758793969849246,0.5069095477386935,0.3101219034872857,0.6564150842150451
F000083,0.0669872981077807,0.7638190954773869,0.75,0.8660254037844386,0.0,1.0,1.0,1.0,0.0,real,3,0.3701005025125628,0.7638190954773869,0.9336683417085427,0.700251256281407,0.35782581247948286,0.4881171561324209
F000084,0.1020902318637188,0.7766331658291458,0.7083333333333334,0.6291528696058958,0.0,1.0,1.0,1.0,0.0,real,3,0.3701005025125628,0.7766331658291458,0.7339195979899498,0.5504396984924623,0.3208622572662307,0.5528614492058281
F000085,0.4376389444889332,0.9698492462311558,0.8055555555555556,0.3469443332443555,0.0,1.0,1.0,1.0,0.0,real,3,0.3701005025125628,0.9698492462311558,0.3135678391959799,0.23517587939698492,0.24307605868538676,0.8288028080098988
F000086,0.0,0.3472361809045226,0.4583333333333333,0.3818813079129867,0.0,1.0,1.0,1.0,0.0,real,3,0.3701005025125628,0.3472361809045226,0.3608040201005025,0.2706030150753769,0.2518171258301558,0.35342333526931136
F000087,0.0,0.3472361809045226,0.1944444444444444,0.3469443332443554,0.0,1.0,1.0,1.0,0.0,real,3,0.3701005025125628,0.3472361809045226,0.2914572864321608,0.2185929648241206,0.23898449534102673,0.3522341607535163
F000088,0.0,0.3472361809045226,0.4027777777777778,0.393817968854384,0.25,1.0,1.0,1.0,0.25,real,3,0.8304020100502513,0.3472361809045226,0.40251256281407033,0.3018844221105528,0.5823246256407666,0.4930964180197469
F000089,0.0,0.3472361809045226,0.4305555555555555,0.9871864246620478,0.0,1.0,1.0,1.0,0.0,real,3,0.3701005025125628,0.3472361809045226,0.9590452261306532,0.7192839195979899,0.362521811317896,0.36368211976970277
F000090,0.5334936490538904,0.984422110552764,0.875,0.4330127018922193,0.0,1.0,1.0,1.0,0.0,real,3,0.3701005025125628,0.984422110552764,0.4663316582914573,0.349748743718593,0.2713450417918739,0.7695638999015177
F000091,0.3222409918479341,0.9381909547738694,0.7638888888888888,0.4110735718596873,0.0,1.0,1.0,1.0,0.0,real,3,0.3701005025125628,0.9381909547738694,0.42135678391959797,0.3160175879396985,0.2630224299891417,0.7586643803186789
F000092,0.01116454968463,0.6977386934673366,0.5416666666666666,0.1443375672974064,0.0,1.0,1.0,1.0,0.0,real,3,0.3701005025125628,0.6977386934673366,0.06155778894472362,0.04616834170854271,0.19644153556728366,0.6826121815105679
F000093,0.0,0.3472361809045226,0.1527777777777777,0.3367876570272816,0.0,1.0,1.0,1.0,0.0,real,3,0.3701005025125628,0.3472361809045226,0.2698492462311558,0.20238693467336685,0.23498592207267494,0.35186362086815987
F000094,0.5223290993692602,0.978643216080402,0.8333333333333333,0.2886751345948128,0.0,1.0,1.0,1.0,0.0,real,3,0.3701005025125628,0.978643216080402,0.20376884422110553,0.15282663316582915,0.22275772707759908,0.8856416820282316
F000095,0.0,0.3472361809045226,0.3888888888888889,0.3849001794597506,0.0,1.0,1.0,1.0,0.0,real,3,0.3701005025125628,0.3472361809045226,0.385929648241206,0.2894472361809045,0.2564666296305649,0.3538541956011212
F000096,0.01116454968463,0.6977386934673366,0.5416666666666666,0.1443375672974064,0.0,1.0,1.0,1.0,0.0,real,3,0.3701005025125628,0.6977386934673366,0.06155778894472362,0.04616834170854271,0.19644153556728366,0.6826121815105679
F000097,0.0,0.3472361809045226,0.2777777777777778,0.5091750772173156,0.0,1.0,1.0,1.0,0.0,real,3,0.3701005025125628,0.3472361809045226,0.592462311557789,0.4443467336683417,0.29468555086992754,0.35739586752859775
F000098,0.0,0.3472361809045226,0.3194444444444444,0.3757708127352411,0.25,1.0,1.0,1.0,0.25,real,3,0.8304020100502513,0.3472361809045226,0.3314070351758794,0.24855527638190955,0.5528015391025479,0.46732959710613364
F000099,0.0,0.3472361809045226,0.4305555555555555,0.4738533919231106,0.0,1.0,1.0,1.0,0.0,real,3,0.3701005025125628,0.3472361809045226,0.48391959798994977,0.3629396984924623,0.2745996944521603,0.3555345508951794
F000100,0.1564584167334001,0.8437185929648241,0.7083333333333334,0.5204164998665332,0.0,1.0,1.0,1.0,0.0,real,3,0.3701005025125628,0.8437185929648241,0.6203517587939699,0.4652638190954774,0.2998465000883816,0.6233612314082977
F000101,0.4376389444889332,0.9698492462311558,0.8055555555555556,0.3469443332443555,0.0,1.0,1.0,1.0,0.0,real,3,0.3701005025125628,0.9698492462311558,0.3135678391959799,0.23517587939698492,0.24307605868538676,0.8288028080098988
F000102,0.0,0.3472361809045226,0.5555555555555556,0.5357583756107197,0.0,1.0,1.0,1.0,0.0,real,3,0.3701005025125628,0.3472361809045226,0.6384422110552764,0.47883165829145735,0.30319414282467616,0.3581843419358097
F000103,0.0,0.3472361809045226,0.3472222222222222,0.488288773090193,0.0,1.0,1.0,1.0,0.0,real,3,0.3701005025125628,0.3472361809045226,0.514070351758794,0.38555276381909553,0.2801790990126512,0.3560515832933512
F000104,0.2224894150898172,0.8891959798994975,0.7916666666666667,0.7216878364870323,0.0,1.0,1.0,1.0,0.0,real,3,0.3701005025125628,0.8891959798994975,0.8472361809045226,0.6354271356783919,0.3418315194060756,0.5593486275599101
F000105,0.0,0.3472361809045226,0.4722222222222222,0.9179284245476838,0.0,1.0,1.0,1.0,0.0,real,3,0.3701005025125628,0.3472361809045226,0.9510050251256281,0.7132537688442211,0.36103397010176513,0.3635442444635236
F000106,0.1020902318637188,0.7766331658291458,0.7083333333333334,0.6291528696058958,0.5,1.0,1.0,1.0,0.5,real,3,0.9587939698492463,0.7766331658291458,0.7339195979899498,0.5504396984924623,0.8312358273780965,0.8769017038711144
F000107,0.0,0.3472361809045226,0.361111111111111,0.7515416254704824,0.25,1.0,1.0,1.0,0.25,real,3,0.8304020100502513,0.3472361809045226,0.8670854271356784,0.6503140703517588,0.7752157458144996,0.6614457179111639
F000108,0.0521012318616071,0.742713567839196,0.6944444444444444,0.6735753140545634,0.0,1.0,1.0,1.0,0.0,real,3,0.3701005025125628,0.742713567839196,0.8133165829145729,0.6099874371859296,0.3355546892755234,0.5154242790586097
F000109,0.0,0.3472361809045226,0.3472222222222222,0.6684005230842202,0.25,1.0,1.0,1.0,0.25,real,3,0.8304020100502513,0.3472361809045226,0.7989949748743719,0.5992462311557789,0.7469445216029899,0.6367714830433575
F000110,0.0,0.3472361809045226,0.3055555555555556,0.7876359377087682,0.0,1.0,1.0,1.0,0.0,real,3,0.3701005025125628,0.3472361809045226,0.9,0.675,0.35159547738693464,0.36266959798994974
F000111,0.0,0.3472361809045226,0.4166666666666667,1.0408329997330663,0.25,1.0,1.0,1.0,0.25,real,3,0.8304020100502513,0.3472361809045226,0.978140703517588,0.733605527638191,0.8213260081816116,0.7016893039317189
F000112,0.4229189661767951,0.9630653266331658,0.7638888888888888,0.2097176232019653,0.0,1.0,1.0,1.0,0.0,real,3,0.3701005025125628,0.9630653266331658,0.11809045226130653,0.0885678391959799,0.20690291911820408,0.9105477134415798
F000113,0.0,0.3472361809045226,0.3194444444444444,0.1272937693043289,0.0,1.0,1.0,1.0,0.0,real,3,0.3701005025125628,0.3472361809045226,0.04195979899497487,0.031469849246231155,0.1928149226029646,0.3479557176586449
F000114,0.0,0.3472361809045226,0.6944444444444444,0.787635937708768,0.0,1.0,1.0,1.0,0.0,real,3,0.3701005025125628,0.3472361809045226,0.8944723618090452,0.6708542713567839,0.3505725865508447,0.3625748087169516
F000115,0.1485783278408043,0.8120603015075377,0.7361111111111112,0.6472877887628358,0.0,1.0,1.0,1.0,0.0,real,3,0.3701005025125628,0.8120603015075377,0.771105527638191,0.5783291457286432,0.3277435228908361,0.556462068508371
F000116,0.2224894150898172,0.8891959798994975,0.7916666666666667,0.7216878364870323,0.0,1.0,1.0,1.0,0.0,real,3,0.3701005025125628,0.8891959798994975,0.8472361809045226,0.6354271356783919,0.3418315194060756,0.5593486275599101
F000117,0.1485783278408043,0.8120603015075377,0.7361111111111112,0.6472877887628358,0.5,1.0,1.0,1.0,0.5,real,3,0.9587939698492463,0.8120603015075377,0.771105527638191,0.5783291457286432,0.8490626499330824,0.896920658569228
F000118,0.0,0.3472361809045226,0.2361111111111111,0.4110735718596873,0.0,1.0,1.0,1.0,0.0,real,3,0.3701005025125628,0.3472361809045226,0.42135678391959797,0.3160175879396985,0.2630224299891417,0.354461708668973
F000119,0.0,0.3472361809045226,0.25,0.5,0.0,1.0,1.0,1.0,0.0,real,3,0.3701005025125628,0.3472361809045226,0.5492462311557789,0.41193467336683415,0.2866884043332239,0.3566547877578849
F000120,0.0,0.3472361809045226,0.3472222222222222,0.488288773090193,0.0,1.0,1.0,1.0,0.0,real,3,0.3701005025125628,0.3472361809045226,0.514070351758794,0.38555276381909553,0.2801790990126512,0.3560515832933512
F000121,0.5260506159308034,0.9814070351758792,0.8472222222222221,0.3367876570272817,0.0,1.0,1.0,1.0,0.0,real,3,0.3701005025125628,0.9814070351758792,0.2778894472361809,0.2084170854271357,0.23647376328880587,0.8540003093356228
F000122,0.1706553760958049,0.849748743718593,0.7777777777777777,0.769800358919501,0.0,1.0,1.0,1.0,0.0,real,3,0.3701005025125628,0.849748743718593,0.8879396984924623,0.6659547738693468,0.3493637155627383,0.5303247077094013
F000123,0.0521012318616071,0.742713567839196,0.6944444444444444,0.6735753140545634,0.0,1.0,1.0,1.0,0.0,real,3,0.3701005025125628,0.742713567839196,0.8133165829145729,0.6099874371859296,0.3355546892755234,0.5154242790586097
F000124,0.1564584167334001,0.8437185929648241,0.7083333333333334,0.5204164998665332,0.0,1.0,1.0,1.0,0.0,real,3,0.3701005025125628,0.8437185929648241,0.6203517587939699,0.4652638190954774,0.2998465000883816,0.6233612314082977
F000125,0.0,0.3472361809045226,0.7083333333333334,1.0103629710818451,0.0,1.0,1.0,1.0,0.0,real,3,0.3701005025125628,0.3472361809045226,0.9660804020100503,0.7245603015075377,0.3638236723820106,0.3638027606626095
F000126,0.25,0.907286432160804,0.75,0.5,0.0,1.0,1.0,1.0,0.0,real,3,0.3701005025125628,0.907286432160804,0.5492462311557789,0.41193467336683415,0.2866884043332239,0.6860009216938967
F000127,0.0,0.3472361809045226,0.5,0.0,0.0,1.0,1.0,1.0,0.0,real,3,0.3701005025125628,0.3472361809045226,0.00628140703517588,0.00471105527638191,0.1862126272063837,0.347343895987475
F000128,0.0,0.3472361809045226,0.375,1.0897247358851685,0.0,1.0,1.0,1.0,0.0,real,3,0.3701005025125628,0.3472361809045226,0.9899497487437185,0.7424623115577889,0.3682407009923992,0.36421207797782884
F000129,0.0,0.3472361809045226,0.3611111111111111,0.2545875386086578,0.25,1.0,1.0,1.0,0.25,real,3,0.8304020100502513,0.3472361809045226,0.17336683417085427,0.1300251256281407,0.4871830888108886,0.4100598785384207
F000130,0.2257260127101733,0.8974874371859296,0.7083333333333334,0.3818813079129866,0.0,1.0,1.0,1.0,0.0,real,3,0.3701005025125628,0.8974874371859296,0.34723618090452263,0.260427135678392,0.2493063937779349,0.7601415683947375
F000131,0.4510034825212683,0.9756281407035176,0.8194444444444444,0.3757708127352412,0.25,1.0,1.0,1.0,0.25,real,3,0.8304020100502513,0.9756281407035176,0.3394472361809045,0.2545854271356784,0.5561398386404384,0.9386556841998939
F000132,0.4376389444889332,0.9698492462311558,0.8055555555555556,0.3469443332443555,0.0,1.0,1.0,1.0,0.0,real,3,0.3701005025125628,0.9698492462311558,0.3135678391959799,0.23517587939698492,0.24307605868538676,0.8288028080098988
F000133,0.4376389444889332,0.9698492462311558,0.8055555555555556,0.3469443332443555,0.0,1.0,1.0,1.0,0.0,real,3,0.3701005025125628,0.9698492462311558,0.3135678391959799,0.23517587939698492,0.24307605868538676,0.8288028080098988
F000134,0.0,0.3472361809045226,0.4027777777777778,0.393817968854384,0.0,1.0,1.0,1.0,0.0,real,3,0.3701005025125628,0.3472361809045226,0.40251256281407033,0.3018844221105528,0.25953530213883486,0.3541385634201156
F000135,0.0,0.3472361809045226,0.6527777777777778,0.6684005230842202,0.25,1.0,1.0,1.0,0.25,real,3,0.8304020100502513,0.3472361809045226,0.7989949748743719,0.5992462311557789,0.7469445216029899,0.6367714830433575
F000136,0.0,0.3472361809045226,0.361111111111111,0.7515416254704824,0.25,1.0,1.0,1.0,0.25,real,3,0.8304020100502513,0.3472361809045226,0.8670854271356784,0.6503140703517588,0.7752157458144996,0.6614457179111639
F000137,0.1564584167334001,0.8437185929648241,0.7083333333333334,0.5204164998665332,0.0,1.0,1.0,1.0,0.0,real,3,0.3701005025125628,0.8437185929648241,0.6203517587939699,0.4652638190954774,0.2998465000883816,0.6233612314082977
F000138,0.0,0.3472361809045226,0.1805555555555555,0.1272937693043289,0.25,1.0,1.0,1.0,0.25,real,3,0.8304020100502513,0.3472361809045226,0.04195979899497487,0.031469849246231155,0.43262275573849146,0.3624413367086689
F000139,0.0,0.3472361809045226,0.25,0.8660254037844386,0.0,1.0,1.0,1.0,0.0,real,3,0.3701005025125628,0.3472361809045226,0.9336683417085427,0.700251256281407,0.35782581247948286,0.36324695083457487
F000140,0.0,0.3472361809045226,0.5277777777777778,0.4194352464039305,0.25,1.0,1.0,1.0,0.25,real,3,0.8304020100502513,0.3472361809045226,0.43366834170854274,0.32525125628140705,0.5952605363500922,0.5043864738264185
F000141,0.3779915320718537,0.9507537688442212,0.8333333333333333,0.5773502691896258,0.0,1.0,1.0,1.0,0.0,real,3,0.3701005025125628,0.9507537688442212,0.6758793969849246,0.5069095477386935,0.3101219034872857,0.6564150842150451
F000142,0.0,0.3472361809045226,0.2916666666666666,0.6291528696058958,0.25,1.0,1.0,1.0,0.25,real,3,0.8304020100502513,0.3472361809045226,0.7339195979899498,0.5504396984924623,0.7199251597181889,0.613189834221358
F000143,0.2974642264589466,0.9216080402010052,0.6805555555555556,0.1272937693043289,0.0,1.0,1.0,1.0,0.0,real,3,0.3701005025125628,0.9216080402010052,0.04195979899497487,0.031469849246231155,0.1928149226029646,0.9042521811317897
F000144,0.39239267937684,0.9565326633165828,0.7916666666666667,0.3818813079129867,0.0,1.0,1.0,1.0,0.0,real,3,0.3701005025125628,0.9565326633165828,0.3608040201005025,0.2706030150753769,0.2518171258301558,0.7978423524658468
F000145,0.7188194722444669,0.9972361809045226,0.902777777777778,0.1734721666221776,0.0,1.0,1.0,1.0,0.0,real,3,0.3701005025125628,0.9972361809045226,0.07562814070351759,0.05672110552763819,0.19904525769551273,0.9616643519103053
F000146,0.0,0.3472361809045226,0.4166666666666667,0.2886751345948129,0.0,1.0,1.0,1.0,0.0,real,3,0.3701005025125628,0.3472361809045226,0.22688442211055276,0.17016331658291456,0.22703527057397543,0.35112684970076513
F000147,0.0,0.3472361809045226,0.375,0.25,0.0,1.0,1.0,1.0,0.0,real,3,0.3701005025125628,0.3472361809045226,0.13618090452261306,0.10213567839195979,0.2102505618544986,0.3495714439029317
F000148,0.0219364186574703,0.7055276381909548,0.6527777777777778,0.5672382737961704,0.25,1.0,1.0,1.0,0.25,real,3,0.8304020100502513,0.7055276381909548,0.6540201005025126,0.49051507537688444,0.6867508080604026,0.7667804001161587
F000149,0.0,0.3472361809045226,0.0,0.0,0.0,1.0,1.0,1.0,0.0,real,3,0.3701005025125628,0.3472361809045226,0.00628140703517588,0.00471105527638191,0.1862126272063837,0.347343895987475
F000150,0.0,0.3472361809045226,0.2222222222222222,0.0962250448649376,0.25,1.0,1.0,1.0,0.25,real,3,0.8304020100502513,0.3472361809045226,0.022110552763819097,0.016582914572864323,0.4243813287543244,0.35524847857377334
F000151,0.0,0.3472361809045226,0.2638888888888888,0.4110735718596873,0.0,1.0,1.0,1.0,0.0,real,3,0.3701005025125628,0.3472361809045226,0.42135678391959797,0.3160175879396985,0.2630224299891417,0.354461708668973
F000152,0.1020902318637188,0.7766331658291458,0.7083333333333334,0.6291528696058958,0.0,1.0,1.0,1.0,0.0,real,3,0.3701005025125628,0.7766331658291458,0.7339195979899498,0.5504396984924623,0.3208622572662307,0.5528614492058281
F000153,0.0,0.3472361809045226,0.1666666666666666,0.5773502691896258,0.0,1.0,1.0,1.0,0.0,real,3,0.3701005025125628,0.3472361809045226,0.6758793969849246,0.5069095477386935,0.3101219034872857,0.3588263238302063
F000154,0.0,0.3472361809045226,0.5138888888888888,0.4589642122738418,0.0,1.0,1.0,1.0,0.0,real,3,0.3701005025125628,0.3472361809045226,0.47412060301507536,0.35559045226130653,0.27278638797000077,0.35536651536577357
F000155,0.0,0.3472361809045226,0.3194444444444444,0.6254627916220946,0.0,1.0,1.0,1.0,0.0,real,3,0.3701005025125628,0.3472361809045226,0.714824120603015,0.5361180904522613,0.31732863437791975,0.3594941573445115
F000156,0.0,0.3472361809045226,0.6527777777777778,0.6684005230842202,0.0,1.0,1.0,1.0,0.0,real,3,0.3701005025125628,0.3472361809045226,0.7989949748743719,0.5992462311557789,0.3329044721092902,0.3609375394560743
F000157,0.0219364186574703,0.7055276381909548,0.6527777777777778,0.5672382737961704,0.0,1.0,1.0,1.0,0.0,real,3,0.3701005025125628,0.7055276381909548,0.6540201005025126,0.49051507537688444,0.30607683518092976,0.5409955714502159
F000158,0.3231250834000667,0.941708542713568,0.7916666666666667,0.5204164998665333,0.5,1.0,1.0,1.0,0.5,real,3,0.9587939698492463,0.941708542713568,0.6309045226130653,0.47317839195979894,0.7818507108406354,0.9497929976515745
F000159,0.0,0.3472361809045226,0.2222222222222222,0.5091750772173156,0.25,1.0,1.0,1.0,0.25,real,3,0.8304020100502513,0.3472361809045226,0.592462311557789,0.4443467336683417,0.6611919522234287,0.5619293389055832
F000160,0.1020902318637188,0.7766331658291458,0.7083333333333334,0.6291528696058958,0.0,1.0,1.0,1.0,0.0,real,3,0.3701005025125628,0.7766331658291458,0.7339195979899498,0.5504396984924623,0.3208622572662307,0.5528614492058281
F000161,0.0,0.3472361809045226,0.2083333333333333,0.5204164998665333,0.0,1.0,1.0,1.0,0.0,real,3,0.3701005025125628,0.3472361809045226,0.6309045226130653,0.47317839195979894,0.30179929168455344,0.3580550838362667
F000162,0.1020902318637188,0.7766331658291458,0.7083333333333334,0.6291528696058958,0.0,1.0,1.0,1.0,0.0,real,3,0.3701005025125628,0.7766331658291458,0.7339195979899498,0.5504396984924623,0.3208622572662307,0.5528614492058281
F000163,0.1485783278408043,0.8120603015075377,0.7361111111111112,0.6472877887628358,0.0,1.0,1.0,1.0,0.0,real,3,0.3701005025125628,0.8120603015075377,0.771105527638191,0.5783291457286432,0.3277435228908361,0.556462068508371
F000164,0.3779915320718537,0.9507537688442212,0.8333333333333333,0.5773502691896258,0.25,1.0,1.0,1.0,0.25,real,3,0.8304020100502513,0.9507537688442212,0.6758793969849246,0.5069095477386935,0.6958268099290422,0.8897463132244137
F000165,0.1889957660359268,0.8582914572864322,0.6666666666666666,0.2886751345948129,0.0,1.0,1.0,1.0,0.0,real,3,0.3701005025125628,0.8582914572864322,0.22688442211055276,0.17016331658291456,0.22703527057397543,0.7752192652963309
F000166,0.0,0.3472361809045226,0.5,0.0,0.25,1.0,1.0,1.0,0.25,real,3,0.8304020100502513,0.3472361809045226,0.00628140703517588,0.00471105527638191,0.4178090515391026,0.34951240183328697
F000167,0.0,0.3472361809045226,0.3472222222222222,0.5672382737961704,0.0,1.0,1.0,1.0,0.0,real,3,0.3701005025125628,0.3472361809045226,0.6540201005025126,0.49051507537688444,0.30607683518092976,0.35845147534153177
F000168,0.0,0.3472361809045226,0.2916666666666666,0.8036375634160796,0.0,1.0,1.0,1.0,0.0,real,3,0.3701005025125628,0.3472361809045226,0.9057788944723618,0.6793341708542714,0.35266486326102875,0.362768695866266
F000169,0.0,0.3472361809045226,0.4305555555555555,0.4738533919231106,0.0,1.0,1.0,1.0,0.0,real,3,0.3701005025125628,0.3472361809045226,0.48391959798994977,0.3629396984924623,0.2745996944521603,0.3555345508951794
F000170,0.0,0.3472361809045226,0.625,0.6614378277661477,0.0,1.0,1.0,1.0,0.0,real,3,0.3701005025125628,0.3472361809045226,0.7871859296482412,0.5903894472361809,0.3307192053230979,0.3607350351001237
F000171,0.0,0.3472361809045226,0.0833333333333333,0.2886751345948128,0.0,1.0,1.0,1.0,0.0,real,3,0.3701005025125628,0.3472361809045226,0.20376884422110553,0.15282663316582915,0.22275772707759908,0.3507304581955001
F000172,0.0,0.3472361809045226,0.4583333333333333,0.1443375672974064,0.0,1.0,1.0,1.0,0.0,real,3,0.3701005025125628,0.3472361809045226,0.06155778894472362,0.04616834170854271,0.19644153556728366,0.34829178871745664
F000173,0.0,0.3472361809045226,0.6111111111111112,0.4811252243246882,0.0,1.0,1.0,1.0,0.0,real,3,0.3701005025125628,0.3472361809045226,0.4979899497487437,0.3734924623115578,0.2772034165803894,0.3557758326809929
F000174,0.0,0.3472361809045226,0.3888888888888889,0.4811252243246881,0.0,1.0,1.0,1.0,0.0,real,3,0.3701005025125628,0.3472361809045226,0.49271356783919595,0.369535175879397,0.27622702078230343,0.3556853520113128
F000175,0.0,0.3472361809045226,0.4722222222222222,0.9179284245476838,0.25,1.0,1.0,1.0,0.25,real,3,0.8304020100502513,0.3472361809045226,0.9510050251256281,0.7132537688442211,0.8100592472412312,0.6918560295194566
F000176,0.0,0.3472361809045226,0.4861111111111111,0.2926570486903539,0.0,1.0,1.0,1.0,0.0,real,3,0.3701005025125628,0.3472361809045226,0.2608040201005025,0.1956030150753769,0.23331210070452765,0.3517085111487083
F000177,0.0,0.3472361809045226,0.6388888888888888,0.7515416254704823,0.0,1.0,1.0,1.0,0.0,real,3,0.3701005025125628,0.3472361809045226,0.8610552763819096,0.6457914572864322,0.34438874649630064,0.3620017644756445
F000178,0.0,0.3472361809045226,0.1944444444444444,0.3469443332443554,0.25,1.0,1.0,1.0,0.25,real,3,0.8304020100502513,0.3472361809045226,0.2914572864321608,0.2185929648241206,0.5362143632736547,0.4528528319991919
F000179,0.0,0.3472361809045226,0.3194444444444444,0.6254627916220946,0.0,1.0,1.0,1.0,0.0,real,3,0.3701005025125628,0.3472361809045226,0.714824120603015,0.5361180904522613,0.31732863437791975,0.3594941573445115
F000180,0.3009680169468978,0.9314070351758794,0.7777777777777778,0.5091750772173156,0.25,1.0,1.0,1.0,0.25,real,3,0.8304020100502513,0.9314070351758794,0.592462311557789,0.4443467336683417,0.6611919522234287,0.8865257821772177
F000181,0.3231250834000667,0.941708542713568,0.7916666666666667,0.5204164998665333,0.0,1.0,1.0,1.0,0.0,real,3,0.3701005025125628,0.941708542713568,0.6309045226130653,0.47317839195979894,0.30179929168455344,0.6712359694199642
F000182,0.0,0.3472361809045226,0.375,0.6614378277661477,0.0,1.0,1.0,1.0,0.0,real,3,0.3701005025125628,0.3472361809045226,0.7871859296482412,0.5903894472361809,0.3307192053230979,0.3607350351001237
F000183,0.0,0.3472361809045226,0.4027777777777777,0.6364688465216445,0.0,1.0,1.0,1.0,0.0,real,3,0.3701005025125628,0.3472361809045226,0.7613065326633166,0.5709798994974875,0.3259302164086766,0.3602912489583596
F000184,0.1077083611333555,0.7869346733668342,0.5972222222222222,0.1734721666221776,0.25,1.0,1.0,1.0,0.25,real,3,0.8304020100502513,0.7869346733668342,0.07562814070351759,0.05672110552763819,0.44660188505340775,0.7894001887578597
F000185,0.0,0.3472361809045226,0.5694444444444444,0.5548606765399494,0.0,1.0,1.0,1.0,0.0,real,3,0.3701005025125628,0.3472361809045226,0.650251256281407,0.48768844221105523,0.30537940961086846,0.3583868462917603
F000186,0.0,0.3472361809045226,0.5,0.0,0.25,1.0,1.0,1.0,0.25,real,3,0.8304020100502513,0.3472361809045226,0.00628140703517588,0.00471105527638191,0.4178090515391026,0.34951240183328697
F000187,0.0,0.3472361809045226,0.1666666666666666,0.5773502691896258,0.0,1.0,1.0,1.0,0.0,real,3,0.3701005025125628,0.3472361809045226,0.6758793969849246,0.5069095477386935,0.3101219034872857,0.3588263238302063
F000188,0.0,0.3472361809045226,0.2083333333333333,0.5204164998665333,0.0,1.0,1.0,1.0,0.0,real,3,0.3701005025125628,0.3472361809045226,0.6309045226130653,0.47317839195979894,0.30179929168455344,0.3580550838362667
F000189,0.0,0.3472361809045226,0.5694444444444444,0.4738533919231106,0.0,1.0,1.0,1.0,0.0,real,3,0.3701005025125628,0.3472361809045226,0.48391959798994977,0.3629396984924623,0.2745996944521603,0.3555345508951794
F000190,0.3673634106212396,0.9442211055276382,0.7361111111111112,0.2097176232019653,0.0,1.0,1.0,1.0,0.0,real,3,0.3701005025125628,0.9442211055276382,0.11809045226130653,0.0885678391959799,0.20690291911820408,0.8933724842807
F000191,0.3009680169468978,0.9314070351758794,0.7777777777777778,0.5091750772173156,0.25,1.0,1.0,1.0,0.25,real,3,0.8304020100502513,0.9314070351758794,0.592462311557789,0.4443467336683417,0.6611919522234287,0.8865257821772177
F000192,0.1504840084734488,0.8301507537688442,0.6388888888888888,0.2545875386086578,0.0,1.0,1.0,1.0,0.0,real,3,0.3701005025125628,0.8301507537688442,0.17336683417085427,0.1300251256281407,0.21713182747910406,0.7703326620539885
F000193,0.2154167222667111,0.879145728643216,0.6944444444444444,0.3469443332443555,0.0,1.0,1.0,1.0,0.0,real,3,0.3701005025125628,0.879145728643216,0.3135678391959799,0.23517587939698492,0.24307605868538676,0.7594305699351026
F000194,0.0219364186574703,0.7055276381909548,0.6527777777777778,0.5672382737961704,0.0,1.0,1.0,1.0,0.0,real,3,0.3701005025125628,0.7055276381909548,0.6540201005025126,0.49051507537688444,0.30607683518092976,0.5409955714502159
F000195,0.0,0.3472361809045226,0.6944444444444444,0.787635937708768,0.0,1.0,1.0,1.0,0.0,real,3,0.3701005025125628,0.3472361809045226,0.8944723618090452,0.6708542713567839,0.3505725865508447,0.3625748087169516
F000196,0.0,0.3472361809045226,0.2361111111111111,0.2097176232019652,0.0,1.0,1.0,1.0,0.0,real,3,0.3701005025125628,0.3472361809045226,0.10854271356783919,0.0814070351758794,0.20513610767404863,0.34909749753794095
F000197,0.0,0.3472361809045226,0.1388888888888888,0.2545875386086578,0.25,1.0,1.0,1.0,0.25,real,3,0.8304020100502513,0.3472361809045226,0.17336683417085427,0.1300251256281407,0.4871830888108886,0.4100598785384207
F000198,0.0,0.3472361809045226,0.6527777777777778,0.6988747569671736,0.0,1.0,1.0,1.0,0.0,real,3,0.3701005025125628,0.3472361809045226,0.8361809045226131,0.6271356783919598,0.3397857377338956,0.3615752127471528
F000199,0.0,0.3472361809045226,0.3472222222222222,0.6684005230842202,0.0,1.0,1.0,1.0,0.0,real,3,0.3701005025125628,0.3472361809045226,0.7989949748743719,0.5992462311557789,0.3329044721092902,0.3609375394560743
F000200,0.0,0.3472361809045226,0.5694444444444444,0.7469072033193752,0.5,1.0,1.0,1.0,0.5,real,3,0.9587939698492463,0.3472361809045226,0.8560301507537689,0.6420226130653266,0.8897752582005505,0.7398701106032676
F000201,0.0,0.3472361809045226,0.6111111111111112,0.4811252243246882,0.0,1.0,1.0,1.0,0.0,real,3,0.3701005025125628,0.3472361809045226,0.4979899497487437,0.3734924623115578,0.2772034165803894,0.3557758326809929
F000202,0.1898569058357866,0.8683417085427135,0.7222222222222222,0.5091750772173156,0.25,1.0,1.0,1.0,0.25,real,3,0.8304020100502513,0.8683417085427135,0.592462311557789,0.4443467336683417,0.6611919522234287,0.8514833274412261
F000203,0.0,0.3472361809045226,0.2777777777777778,0.5091750772173156,0.0,1.0,1.0,1.0,0.0,real,3,0.3701005025125628,0.3472361809045226,0.592462311557789,0.4443467336683417,0.29468555086992754,0.35739586752859775
F000204,0.0,0.3472361809045226,0.5138888888888888,0.2926570486903538,0.0,1.0,1.0,1.0,0.0,real,3,0.3701005025125628,0.3472361809045226,0.24949748743718592,0.18712311557788944,0.2312198239943436,0.3515146239993939
F000205,0.1898569058357866,0.8683417085427135,0.7222222222222222,0.5091750772173156,0.0,1.0,1.0,1.0,0.0,real,3,0.3701005025125628,0.8683417085427135,0.592462311557789,0.4443467336683417,0.29468555086992754,0.6469498560642407
F000206,0.0,0.3472361809045226,0.2916666666666666,0.5204164998665332,0.0,1.0,1.0,1.0,0.0,real,3,0.3701005025125628,0.3472361809045226,0.6203517587939699,0.4652638190954774,0.2998465000883816,0.35787412249690664
F000207,0.1504840084734488,0.8301507537688442,0.6388888888888888,0.2545875386086578,0.0,1.0,1.0,1.0,0.0,real,3,0.3701005025125628,0.8301507537688442,0.17336683417085427,0.1300251256281407,0.21713182747910406,0.7703326620539885
F000208,0.0,0.3472361809045226,0.2916666666666666,0.6291528696058958,0.5,1.0,0.5,0.5,0.5,real,3,0.9587939698492463,0.3472361809045226,0.7339195979899498,0.27521984924623116,0.41561791368904827,0.5155490233832478
F000209,0.0,0.3472361809045226,0.3055555555555556,0.3469443332443555,0.0,1.0,1.0,1.0,0.0,real,3,0.3701005025125628,0.3472361809045226,0.3135678391959799,0.23517587939698492,0.24307605868538676,0.352613317845509
F000210,0.0219364186574703,0.7055276381909548,0.6527777777777778,0.5672382737961704,0.0,1.0,1.0,1.0,0.0,real,3,0.3701005025125628,0.7055276381909548,0.6540201005025126,0.49051507537688444,0.30607683518092976,0.5409955714502159
F000211,0.0,0.3472361809045226,0.0416666666666666,0.1443375672974064,0.0,1.0,1.0,1.0,0.0,real,3,0.3701005025125628,0.3472361809045226,0.06155778894472362,0.04616834170854271,0.19644153556728366,0.34829178871745664
F000212,0.1898569058357866,0.8683417085427135,0.7222222222222222,0.5091750772173156,0.0,1.0,1.0,1.0,0.0,real,3,0.3701005025125628,0.8683417085427135,0.592462311557789,0.4443467336683417,0.29468555086992754,0.6469498560642407
F000213,0.0,0.3472361809045226,0.5416666666666666,0.3818813079129867,0.25,1.0,1.0,1.0,0.25,real,3,0.8304020100502513,0.3472361809045226,0.3608040201005025,0.2706030150753769,0.5650071967879599,0.4779823110527512
F000214,0.0,0.3472361809045226,0.6388888888888888,0.8552669065744807,0.5,1.0,1.0,1.0,0.5,real,3,0.9587939698492463,0.3472361809045226,0.9228643216080402,0.6921482412060301,0.9218153581980254,0.7705248289184616
F000215,0.4510034825212683,0.9756281407035176,0.8194444444444444,0.3757708127352412,0.0,1.0,1.0,1.0,0.0,real,3,0.3701005025125628,0.9756281407035176,0.3394472361809045,0.2545854271356784,0.24786504759980807,0.8214696282922148
F000216,0.0,0.3472361809045226,0.5138888888888888,0.2926570486903538,0.25,1.0,1.0,1.0,0.25,real,3,0.8304020100502513,0.3472361809045226,0.24949748743718592,0.18712311557788944,0.518792612560289,0.4376476761950455
F000217,0.0,0.3472361809045226,0.3333333333333333,0.5773502691896258,0.0,1.0,1.0,1.0,0.0,real,3,0.3701005025125628,0.3472361809045226,0.6758793969849246,0.5069095477386935,0.3101219034872857,0.3588263238302063
F000218,0.0,0.3472361809045226,0.1944444444444444,0.3469443332443554,0.0,1.0,1.0,1.0,0.0,real,3,0.3701005025125628,0.3472361809045226,0.2914572864321608,0.2185929648241206,0.23898449534102673,0.3522341607535163
F000219,0.0,0.3472361809045226,0.4027777777777778,0.8832285053102581,0.0,1.0,1.0,1.0,0.0,real,3,0.3701005025125628,0.3472361809045226,0.9417085427135679,0.706281407035176,0.35931365369561374,0.363384826140754
F000220,0.0,0.3472361809045226,0.4583333333333333,0.3818813079129867,0.25,1.0,1.0,1.0,0.25,real,3,0.8304020100502513,0.3472361809045226,0.3608040201005025,0.2706030150753769,0.5650071967879599,0.4779823110527512
F000221,0.4229189661767951,0.9630653266331658,0.7638888888888888,0.2097176232019653,0.25,1.0,1.0,1.0,0.25,real,3,0.8304020100502513,0.9630653266331658,0.11809045226130653,0.0885678391959799,0.4642322794878917,0.9513156233428449
F000222,0.0,0.3472361809045226,0.3611111111111111,0.2545875386086578,0.75,1.0,1.0,1.0,0.75,real,3,0.9987437185929648,0.3472361809045226,0.17336683417085427,0.1300251256281407,0.5859463776167269,0.43194853034014286
F000223,0.0,0.3472361809045226,0.1666666666666666,0.5773502691896258,0.0,1.0,1.0,1.0,0.0,real,3,0.3701005025125628,0.3472361809045226,0.6758793969849246,0.5069095477386935,0.3101219034872857,0.3588263238302063
F000224,0.0,0.3472361809045226,0.3055555555555556,0.3469443332443555,0.0,1.0,1.0,1.0,0.0,real,3,0.3701005025125628,0.3472361809045226,0.3135678391959799,0.23517587939698492,0.24307605868538676,0.352613317845509
F000225,0.0,0.3472361809045226,0.6944444444444444,0.787635937708768,0.0,1.0,1.0,1.0,0.0,real,3,0.3701005025125628,0.3472361809045226,0.8944723618090452,0.6708542713567839,0.3505725865508447,0.3625748087169516
F000226,0.0223290993692601,0.7115577889447237,0.5833333333333334,0.2886751345948129,0.25,1.0,1.0,1.0,0.25,real,3,0.8304020100502513,0.7115577889447237,0.22688442211055276,0.17016331658291456,0.509403645109972,0.7317807157647535
F000227,0.0,0.3472361809045226,0.1388888888888888,0.2545875386086578,0.0,1.0,1.0,1.0,0.0,real,3,0.3701005025125628,0.3472361809045226,0.17336683417085427,0.1300251256281407,0.21713182747910406,0.3502091171940102
F000228,0.0,0.3472361809045226,0.4444444444444444,1.0183501544346312,0.0,1.0,1.0,1.0,0.0,real,3,0.3701005025125628,0.3472361809045226,0.971356783919598,0.7285175879396986,0.36480006818009647,0.3638932413322896
F000229,0.0,0.3472361809045226,0.4583333333333333,0.8036375634160796,0.0,1.0,1.0,1.0,0.0,real,3,0.3701005025125628,0.3472361809045226,0.9057788944723618,0.6793341708542714,0.35266486326102875,0.362768695866266
F000230,0.0,0.3472361809045226,0.2777777777777778,0.5091750772173156,0.0,1.0,1.0,1.0,0.0,real,3,0.3701005025125628,0.3472361809045226,0.592462311557789,0.4443467336683417,0.29468555086992754,0.35739586752859775
F000231,0.1504840084734488,0.8301507537688442,0.6388888888888888,0.2545875386086578,0.0,1.0,1.0,1.0,0.0,real,3,0.3701005025125628,0.8301507537688442,0.17336683417085427,0.1300251256281407,0.21713182747910406,0.7703326620539885
F000232,0.0,0.3472361809045226,0.3611111111111111,0.2545875386086578,0.0,1.0,1.0,1.0,0.0,real,3,0.3701005025125628,0.3472361809045226,0.17336683417085427,0.1300251256281407,0.21713182747910406,0.3502091171940102
F000233,0.0,0.3472361809045226,0.4583333333333333,0.1443375672974064,0.0,1.0,1.0,1.0,0.0,real,3,0.3701005025125628,0.3472361809045226,0.06155778894472362,0.04616834170854271,0.19644153556728366,0.34829178871745664
F000234,0.0,0.3472361809045226,0.2916666666666666,0.3818813079129866,0.0,1.0,1.0,1.0,0.0,real,3,0.3701005025125628,0.3472361809045226,0.34723618090452263,0.260427135678392,0.2493063937779349,0.35319067069013405
F000235,0.4376389444889332,0.9698492462311558,0.8055555555555556,0.3469443332443555,0.0,1.0,1.0,1.0,0.0,real,3,0.3701005025125628,0.9698492462311558,0.3135678391959799,0.23517587939698492,0.24307605868538676,0.8288028080098988
F000236,0.1485783278408043,0.8120603015075377,0.7361111111111112,0.6472877887628358,0.25,1.0,1.0,1.0,0.25,real,3,0.8304020100502513,0.8120603015075377,0.771105527638191,0.5783291457286432,0.7353647950809322,0.822667846140249
F000237,0.0,0.3472361809045226,0.375,0.25,0.0,1.0,1.0,1.0,0.0,real,3,0.3701005025125628,0.3472361809045226,0.13618090452261306,0.10213567839195979,0.2102505618544986,0.3495714439029317
F000238,0.0,0.3472361809045226,0.6111111111111112,0.4811252243246882,0.0,1.0,1.0,1.0,0.0,real,3,0.3701005025125628,0.3472361809045226,0.4979899497487437,0.3734924623115578,0.2772034165803894,0.3557758326809929
F000239,0.0,0.3472361809045226,0.1666666666666666,0.5773502691896258,0.25,1.0,1.0,1.0,0.25,real,3,0.8304020100502513,0.3472361809045226,0.6758793969849246,0.5069095477386935,0.6958268099290422,0.5921575528395747
F000240,0.0,0.3472361809045226,0.3055555555555556,0.7876359377087682,0.0,1.0,1.0,1.0,0.0,real,3,0.3701005025125628,0.3472361809045226,0.9,0.675,0.35159547738693464,0.36266959798994974
F000241,0.0,0.3472361809045226,0.4583333333333333,0.1443375672974064,0.0,1.0,1.0,1.0,0.0,real,3,0.3701005025125628,0.3472361809045226,0.06155778894472362,0.04616834170854271,0.19644153556728366,0.34829178871745664
F000242,0.0,0.3472361809045226,0.4305555555555555,0.4276334532872403,0.0,1.0,1.0,1.0,0.0,real,3,0.3701005025125628,0.3472361809045226,0.4505025125628141,0.33787688442211056,0.2684158543976162,0.3549615066538724
F000243,0.1485783278408043,0.8120603015075377,0.7361111111111112,0.6472877887628358,0.0,1.0,1.0,1.0,0.0,real,3,0.3701005025125628,0.8120603015075377,0.771105527638191,0.5783291457286432,0.3277435228908361,0.556462068508371
F000244,0.0,0.3472361809045226,0.5,0.5,0.5,1.0,1.0,1.0,0.5,real,3,0.9587939698492463,0.3472361809045226,0.5492462311557789,0.41193467336683415,0.7427039721219161,0.5991580389384106
F000245,0.2257260127101733,0.8974874371859296,0.7083333333333334,0.3818813079129866,0.0,1.0,1.0,1.0,0.0,real,3,0.3701005025125628,0.8974874371859296,0.34723618090452263,0.260427135678392,0.2493063937779349,0.7601415683947375
F000246,0.1889957660359268,0.8582914572864322,0.6666666666666666,0.2886751345948129,0.0,1.0,1.0,1.0,0.0,real,3,0.3701005025125628,0.8582914572864322,0.22688442211055276,0.17016331658291456,0.22703527057397543,0.7752192652963309
F000247,0.0483797153000638,0.7306532663316583,0.6805555555555556,0.6254627916220946,0.0,1.0,1.0,1.0,0.0,real,3,0.3701005025125628,0.7306532663316583,0.714824120603015,0.5361180904522613,0.31732863437791975,0.5373544070856797
F000248,0.0,0.3472361809045226,0.6388888888888888,0.8552669065744807,0.0,1.0,1.0,1.0,0.0,real,3,0.3701005025125628,0.3472361809045226,0.9228643216080402,0.6921482412060301,0.355826525845307,0.36306168089189667
F000249,0.0,0.3472361809045226,0.5416666666666666,0.3818813079129867,0.0,1.0,1.0,1.0,0.0,real,3,0.3701005025125628,0.3472361809045226,0.3608040201005025,0.2706030150753769,0.2518171258301558,0.35342333526931136
F000250,0.061411169010459,0.7545226130653266,0.6527777777777778,0.488288773090193,0.0,1.0,1.0,1.0,0.0,real,3,0.3701005025125628,0.7545226130653266,0.514070351758794,0.38555276381909553,0.2801790990126512,0.6063076058685386
F000251,0.0,0.3472361809045226,0.5555555555555556,0.5357583756107197,0.5,1.0,1.0,1.0,0.5,real,3,0.9587939698492463,0.3472361809045226,0.6384422110552764,0.47883165829145735,0.7854642559531325,0.6400694111259817
F000252,0.1178513660507478,0.7894472361809045,0.736111111111111,0.7087417123429486,0.0,1.0,1.0,1.0,0.0,real,3,0.3701005025125628,0.7894472361809045,0.8402010050251256,0.6301507537688442,0.3405296583419611,0.5251955758692962
F000253,0.3222409918479341,0.9381909547738694,0.7638888888888888,0.4110735718596873,0.0,1.0,1.0,1.0,0.0,real,3,0.3701005025125628,0.9381909547738694,0.42135678391959797,0.3160175879396985,0.2630224299891417,0.7586643803186789
F000254,0.0,0.3472361809045226,0.2222222222222222,0.0962250448649376,0.0,1.0,1.0,1.0,0.0,real,3,0.3701005025125628,0.3472361809045226,0.022110552763819097,0.016582914572864323,0.1891418146006414,0.34761533799651523
F000255,0.0,0.3472361809045226,0.375,0.6614378277661477,0.0,1.0,1.0,1.0,0.0,real,3,0.3701005025125628,0.3472361809045226,0.7871859296482412,0.5903894472361809,0.3307192053230979,0.3607350351001237
F000256,0.4229189661767951,0.9630653266331658,0.7638888888888888,0.2097176232019653,0.0,1.0,1.0,1.0,0.0,real,3,0.3701005025125628,0.9630653266331658,0.11809045226130653,0.0885678391959799,0.20690291911820408,0.9105477134415798
F000257,0.0,0.3472361809045226,0.6111111111111112,0.4811252243246882,0.0,1.0,1.0,1.0,0.0,real,3,0.3701005025125628,0.3472361809045226,0.4979899497487437,0.3734924623115578,0.2772034165803894,0.3557758326809929
F000258,0.0,0.3472361809045226,0.1666666666666666,0.5773502691896258,0.25,1.0,1.0,1.0,0.25,real,3,0.8304020100502513,0.3472361809045226,0.6758793969849246,0.5069095477386935,0.6958268099290422,0.5921575528395747
F000259,0.0,0.3472361809045226,0.4166666666666667,0.2886751345948129,0.0,1.0,1.0,1.0,0.0,real,3,0.3701005025125628,0.3472361809045226,0.22688442211055276,0.17016331658291456,0.22703527057397543,0.35112684970076513
F000260,0.0,0.3472361809045226,0.1944444444444444,0.3469443332443554,0.5,1.0,1.0,1.0,0.5,real,3,0.9587939698492463,0.3472361809045226,0.2914572864321608,0.2185929648241206,0.6191207292745132,0.48091841115123357
F000261,0.0148860662461734,0.7022613065326633,0.5555555555555556,0.1924500897298752,0.0,1.0,1.0,1.0,0.0,real,3,0.3701005025125628,0.7022613065326633,0.09321608040201006,0.06991206030150754,0.2022999103557991,0.6790392603722128
F000262,0.4376389444889332,0.9698492462311558,0.8055555555555556,0.3469443332443555,0.0,1.0,1.0,1.0,0.0,real,3,0.3701005025125628,0.9698492462311558,0.3135678391959799,0.23517587939698492,0.24307605868538676,0.8288028080098988
F000263,0.0,0.3472361809045226,0.3333333333333333,0.5773502691896258,0.5,1.0,1.0,1.0,0.5,real,3,0.9587939698492463,0.3472361809045226,0.6758793969849246,0.5069095477386935,0.8034115300118684,0.6572406631145677
F000264,0.0,0.3472361809045226,0.2916666666666666,0.3818813079129866,0.0,1.0,1.0,1.0,0.0,real,3,0.3701005025125628,0.3472361809045226,0.34723618090452263,0.260427135678392,0.2493063937779349,0.35319067069013405
F000265,0.1485783278408043,0.8120603015075377,0.7361111111111112,0.6472877887628358,0.5,1.0,1.0,1.0,0.5,real,3,0.9587939698492463,0.8120603015075377,0.771105527638191,0.5783291457286432,0.8490626499330824,0.896920658569228
F000266,0.5949284529178934,0.992211055276382,0.8611111111111112,0.2545875386086578,0.0,1.0,1.0,1.0,0.0,real,3,0.3701005025125628,0.992211055276382,0.17336683417085427,0.1300251256281407,0.21713182747910406,0.9113210524986743
F000267,0.0,0.3472361809045226,0.25,0.5,0.0,1.0,1.0,1.0,0.0,real,3,0.3701005025125628,0.3472361809045226,0.5492462311557789,0.41193467336683415,0.2866884043332239,0.3566547877578849
F000268,0.1706553760958049,0.849748743718593,0.7777777777777777,0.769800358919501,0.0,1.0,1.0,1.0,0.0,real,3,0.3701005025125628,0.849748743718593,0.8879396984924623,0.6659547738693468,0.3493637155627383,0.5303247077094013
F000269,0.3009680169468978,0.9314070351758794,0.7777777777777778,0.5091750772173156,0.0,1.0,1.0,1.0,0.0,real,3,0.3701005025125628,0.9314070351758794,0.592462311557789,0.4443467336683417,0.29468555086992754,0.6819923108002323
F000270,0.0,0.3472361809045226,0.4583333333333333,0.8036375634160796,0.0,1.0,1.0,1.0,0.0,real,3,0.3701005025125628,0.3472361809045226,0.9057788944723618,0.6793341708542714,0.35266486326102875,0.362768695866266
F000271,0.0,0.3472361809045226,0.25,0.5,0.0,1.0,1.0,1.0,0.0,real,3,0.3701005025125628,0.3472361809045226,0.5492462311557789,0.41193467336683415,0.2866884043332239,0.3566547877578849
F000272,0.3222409918479341,0.9381909547738694,0.7638888888888888,0.4110735718596873,0.0,1.0,1.0,1.0,0.0,real,3,0.3701005025125628,0.9381909547738694,0.42135678391959797,0.3160175879396985,0.2630224299891417,0.7586643803186789
F000273,0.0,0.3472361809045226,0.5416666666666666,0.6291528696058959,0.0,1.0,1.0,1.0,0.0,real,3,0.3701005025125628,0.3472361809045226,0.7454773869346734,0.559108040201005,0.32300102901441885,0.36001980694931945
F000274,0.0219364186574703,0.7055276381909548,0.6527777777777778,0.5672382737961704,0.0,1.0,1.0,1.0,0.0,real,3,0.3701005025125628,0.7055276381909548,0.6540201005025126,0.49051507537688444,0.30607683518092976,0.5409955714502159
F000275,0.0,0.3472361809045226,0.1805555555555555,0.1272937693043289,0.0,1.0,1.0,1.0,0.0,real,3,0.3701005025125628,0.3472361809045226,0.04195979899497487,0.031469849246231155,0.1928149226029646,0.3479557176586449
F000276,0.1020902318637188,0.7766331658291458,0.7083333333333334,0.6291528696058958,0.0,1.0,1.0,1.0,0.0,real,3,0.3701005025125628,0.7766331658291458,0.7339195979899498,0.5504396984924623,0.3208622572662307,0.5528614492058281
F000277,0.0,0.3472361809045226,0.3333333333333333,0.2886751345948129,0.0,1.0,1.0,1.0,0.0,real,3,0.3701005025125628,0.3472361809045226,0.22688442211055276,0.17016331658291456,0.22703527057397543,0.35112684970076513
F000278,0.01116454968463,0.6977386934673366,0.5416666666666666,0.1443375672974064,0.25,1.0,1.0,1.0,0.25,real,3,0.8304020100502513,0.6977386934673366,0.06155778894472362,0.04616834170854271,0.44075986086209945,0.7038635387995253
F000279,0.3779915320718537,0.9507537688442212,0.8333333333333333,0.5773502691896258,0.0,1.0,1.0,1.0,0.0,real,3,0.3701005025125628,0.9507537688442212,0.6758793969849246,0.5069095477386935,0.3101219034872857,0.6564150842150451
F000280,0.0,0.3472361809045226,0.5972222222222222,0.393817968854384,0.0,1.0,1.0,1.0,0.0,real,3,0.3701005025125628,0.3472361809045226,0.40251256281407033,0.3018844221105528,0.25953530213883486,0.3541385634201156
F000281,0.061411169010459,0.7545226130653266,0.6527777777777778,0.488288773090193,0.0,1.0,1.0,1.0,0.0,real,3,0.3701005025125628,0.7545226130653266,0.514070351758794,0.38555276381909553,0.2801790990126512,0.6063076058685386
F000282,0.0,0.3472361809045226,0.6111111111111112,0.693888666488711,0.0,1.0,1.0,1.0,0.0,real,3,0.3701005025125628,0.3472361809045226,0.828894472361809,0.6216708542713567,0.338437381631777,0.361450263250928
F000283,0.0,0.3472361809045226,0.4444444444444445,0.8388704928078611,0.0,1.0,1.0,1.0,0.0,real,3,0.3701005025125628,0.3472361809045226,0.9178391959798995,0.6883793969849246,0.3548966250852251,0.3629755088255347
F000284,0.0,0.3472361809045226,0.6388888888888888,0.7515416254704823,0.0,1.0,1.0,1.0,0.0,real,3,0.3701005025125628,0.3472361809045226,0.8610552763819096,0.6457914572864322,0.34438874649630064,0.3620017644756445
F000285,0.0,0.3472361809045226,0.4583333333333333,0.1443375672974064,0.25,1.0,1.0,1.0,0.25,real,3,0.8304020100502513,0.3472361809045226,0.06155778894472362,0.04616834170854271,0.44075986086209945,0.36954314600641397
F000286,0.0,0.3472361809045226,0.4583333333333333,0.6291528696058959,0.0,1.0,1.0,1.0,0.0,real,3,0.3701005025125628,0.3472361809045226,0.7454773869346734,0.559108040201005,0.32300102901441885,0.36001980694931945
F000287,0.5949284529178934,0.992211055276382,0.8611111111111112,0.2545875386086578,0.0,1.0,1.0,1.0,0.0,real,3,0.3701005025125628,0.992211055276382,0.17336683417085427,0.1300251256281407,0.21713182747910406,0.9113210524986743
F000288,0.0,0.3472361809045226,0.3472222222222222,0.488288773090193,0.0,1.0,1.0,1.0,0.0,real,3,0.3701005025125628,0.3472361809045226,0.514070351758794,0.38555276381909553,0.2801790990126512,0.3560515832933512
F000289,0.0,0.3472361809045226,0.5555555555555556,0.5357583756107197,0.0,1.0,1.0,1.0,0.0,real,3,0.3701005025125628,0.3472361809045226,0.6384422110552764,0.47883165829145735,0.30319414282467616,0.3581843419358097
F000290,0.0521012318616071,0.742713567839196,0.6944444444444444,0.6735753140545634,0.0,1.0,1.0,1.0,0.0,real,3,0.3701005025125628,0.742713567839196,0.8133165829145729,0.6099874371859296,0.3355546892755234,0.5154242790586097
F000291,0.0,0.3472361809045226,0.3472222222222222,0.488288773090193,0.0,1.0,1.0,1.0,0.0,real,3,0.3701005025125628,0.3472361809045226,0.514070351758794,0.38555276381909553,0.2801790990126512,0.3560515832933512
F000292,0.0,0.3472361809045226,0.2777777777777778,0.5091750772173156,0.0,1.0,1.0,1.0,0.0,real,3,0.3701005025125628,0.3472361809045226,0.592462311557789,0.4443467336683417,0.29468555086992754,0.35739586752859775
F000293,0.0,0.3472361809045226,0.25,0.5,0.0,1.0,1.0,1.0,0.0,real,3,0.3701005025125628,0.3472361809045226,0.5492462311557789,0.41193467336683415,0.2866884043332239,0.3566547877578849
F000294,0.0,0.3472361809045226,0.3055555555555556,0.7876359377087682,0.25,1.0,1.0,1.0,0.25,real,3,0.8304020100502513,0.3472361809045226,0.9,0.675,0.7888819095477386,0.6733731155778895
F000295,0.0,0.3472361809045226,0.2361111111111111,0.2097176232019652,0.25,1.0,1.0,1.0,0.25,real,3,0.8304020100502513,0.3472361809045226,0.10854271356783919,0.0814070351758794,0.4602680487866468,0.3865692785535718
F000296,0.0,0.3472361809045226,0.4722222222222222,0.4194352464039305,0.0,1.0,1.0,1.0,0.0,real,3,0.3701005025125628,0.3472361809045226,0.43366834170854274,0.32525125628140705,0.26530068685134217,0.35467283023155977
F000297,0.0,0.3472361809045226,0.3333333333333333,0.5773502691896258,0.25,1.0,1.0,1.0,0.25,real,3,0.8304020100502513,0.3472361809045226,0.6758793969849246,0.5069095477386935,0.6958268099290422,0.5921575528395747
F000298,0.0,0.3472361809045226,0.5694444444444444,0.4276334532872403,0.0,1.0,1.0,1.0,0.0,real,3,0.3701005025125628,0.3472361809045226,0.4505025125628141,0.33787688442211056,0.2684158543976162,0.3549615066538724
F000299,0.0,0.3472361809045226,0.1944444444444444,0.3469443332443554,0.0,1.0,1.0,1.0,0.0,real,3,0.3701005025125628,0.3472361809045226,0.2914572864321608,0.2185929648241206,0.23898449534102673,0.3522341607535163
F000300,0.0,0.3472361809045226,0.5694444444444444,0.4276334532872403,0.0,1.0,1.0,1.0,0.0,real,3,0.3701005025125628,0.3472361809045226,0.4505025125628141,0.33787688442211056,0.2684158543976162,0.3549615066538724
F000301,0.0,0.3472361809045226,0.4722222222222222,0.9179284245476838,0.0,1.0,1.0,1.0,0.0,real,3,0.3701005025125628,0.3472361809045226,0.9510050251256281,0.7132537688442211,0.36103397010176513,0.3635442444635236
F000302,0.0,0.3472361809045226,0.4722222222222222,0.4194352464039305,0.0,1.0,1.0,1.0,0.0,real,3,0.3701005025125628,0.3472361809045226,0.43366834170854274,0.32525125628140705,0.26530068685134217,0.35467283023155977
F000303,0.0,0.3472361809045226,0.4861111111111111,0.2926570486903539,0.25,1.0,1.0,1.0,0.25,real,3,0.8304020100502513,0.3472361809045226,0.2608040201005025,0.1956030150753769,0.5234870962854473,0.4417448738668215
F000304,0.0,0.3472361809045226,0.4861111111111111,0.2926570486903539,0.0,1.0,1.0,1.0,0.0,real,3,0.3701005025125628,0.3472361809045226,0.2608040201005025,0.1956030150753769,0.23331210070452765,0.3517085111487083
F000305,0.0,0.3472361809045226,0.3194444444444444,0.6254627916220946,0.25,1.0,1.0,1.0,0.25,real,3,0.8304020100502513,0.3472361809045226,0.714824120603015,0.5361180904522613,0.7119966983156991,0.6062701225979142
F000306,0.0297721324923469,0.7155778894472362,0.6111111111111112,0.3849001794597506,0.0,1.0,1.0,1.0,0.0,real,3,0.3701005025125628,0.7155778894472362,0.385929648241206,0.2894472361809045,0.2564666296305649,0.615580414635994
F000307,0.2257260127101733,0.8974874371859296,0.7083333333333334,0.3818813079129866,0.25,1.0,1.0,1.0,0.25,real,3,0.8304020100502513,0.8974874371859296,0.34723618090452263,0.260427135678392,0.5593738163177697,0.8800165715512234
F000308,0.1178513660507478,0.7894472361809045,0.736111111111111,0.7087417123429486,0.5,1.0,1.0,1.0,0.5,real,3,0.9587939698492463,0.7894472361809045,0.8402010050251256,0.6301507537688442,0.8821868134643065,0.8961612080503019
F000309,0.0,0.3472361809045226,0.5138888888888888,0.2926570486903538,0.0,1.0,1.0,1.0,0.0,real,3,0.3701005025125628,0.3472361809045226,0.24949748743718592,0.18712311557788944,0.2312198239943436,0.3515146239993939
F000310,0.0,0.3472361809045226,0.3333333333333333,0.5773502691896258,0.0,1.0,1.0,1.0,0.0,real,3,0.3701005025125628,0.3472361809045226,0.6758793969849246,0.5069095477386935,0.3101219034872857,0.3588263238302063
F000311,0.2974642264589466,0.9216080402010052,0.6805555555555556,0.1272937693043289,0.25,1.0,1.0,1.0,0.25,real,3,0.8304020100502513,0.9216080402010052,0.04195979899497487,0.031469849246231155,0.43262275573849146,0.9187378001818137
F000312,0.0,0.3472361809045226,0.3888888888888889,0.693888666488711,0.0,1.0,1.0,1.0,0.0,real,3,0.3701005025125628,0.3472361809045226,0.828894472361809,0.6216708542713567,0.338437381631777,0.361450263250928
F000313,0.0,0.3472361809045226,0.4583333333333333,0.1443375672974064,0.25,1.0,1.0,1.0,0.25,real,3,0.8304020100502513,0.3472361809045226,0.06155778894472362,0.04616834170854271,0.44075986086209945,0.36954314600641397
F000314,0.0,0.3472361809045226,0.4166666666666667,1.0408329997330663,0.25,1.0,1.0,1.0,0.25,real,3,0.8304020100502513,0.3472361809045226,0.978140703517588,0.733605527638191,0.8213260081816116,0.7016893039317189
F000315,0.0,0.3472361809045226,0.4305555555555555,0.4276334532872403,0.0,1.0,1.0,1.0,0.0,real,3,0.3701005025125628,0.3472361809045226,0.4505025125628141,0.33787688442211056,0.2684158543976162,0.3549615066538724
F000316,0.3009680169468978,0.9314070351758794,0.7777777777777778,0.5091750772173156,0.0,1.0,1.0,1.0,0.0,real,3,0.3701005025125628,0.9314070351758794,0.592462311557789,0.4443467336683417,0.29468555086992754,0.6819923108002323
F000317,0.0,0.3472361809045226,0.4444444444444444,0.1924500897298753,0.25,1.0,1.0,1.0,0.25,real,3,0.8304020100502513,0.3472361809045226,0.10150753768844221,0.07613065326633166,0.4573470366909927,0.3840199111133557
F000318,0.0,0.3472361809045226,0.6111111111111112,0.4811252243246882,0.0,1.0,1.0,1.0,0.0,real,3,0.3701005025125628,0.3472361809045226,0.4979899497487437,0.3734924623115578,0.2772034165803894,0.3557758326809929
F000319,0.0669872981077807,0.7638190954773869,0.75,0.8660254037844386,0.0,1.0,1.0,1.0,0.0,real,3,0.3701005025125628,0.7638190954773869,0.9336683417085427,0.700251256281407,0.35782581247948286,0.4881171561324209
F000320,0.0,0.3472361809045226,0.375,0.6614378277661477,0.0,1.0,1.0,1.0,0.0,real,3,0.3701005025125628,0.3472361809045226,0.7871859296482412,0.5903894472361809,0.3307192053230979,0.3607350351001237
F000321,0.0,0.3472361809045226,0.4305555555555555,0.4738533919231106,0.0,1.0,1.0,1.0,0.0,real,3,0.3701005025125628,0.3472361809045226,0.48391959798994977,0.3629396984924623,0.2745996944521603,0.3555345508951794
F000322,0.0669872981077807,0.7638190954773869,0.75,0.8660254037844386,0.0,1.0,1.0,1.0,0.0,real,3,0.3701005025125628,0.7638190954773869,0.9336683417085427,0.700251256281407,0.35782581247948286,0.4881171561324209
F000323,0.0,0.3472361809045226,0.4027777777777778,0.393817968854384,0.0,1.0,1.0,1.0,0.0,real,3,0.3701005025125628,0.3472361809045226,0.40251256281407033,0.3018844221105528,0.25953530213883486,0.3541385634201156
F000324,0.0,0.3472361809045226,0.3472222222222222,0.488288773090193,0.25,1.0,1.0,1.0,0.25,real,3,0.8304020100502513,0.3472361809045226,0.514070351758794,0.38555276381909553,0.6286435317289967,0.5335221017146032
F000325,0.125,0.7962311557788945,0.625,0.25,0.0,1.0,1.0,1.0,0.0,real,3,0.3701005025125628,0.7962311557788945,0.13618090452261306,0.10213567839195979,0.2102505618544986,0.7527080124239286
F000326,0.0,0.3472361809045226,0.3472222222222222,0.488288773090193,0.0,1.0,1.0,1.0,0.0,real,3,0.3701005025125628,0.3472361809045226,0.514070351758794,0.38555276381909553,0.2801790990126512,0.3560515832933512
F000327,0.0,0.3472361809045226,0.6527777777777778,0.6988747569671736,0.0,1.0,1.0,1.0,0.0,real,3,0.3701005025125628,0.3472361809045226,0.8361809045226131,0.6271356783919598,0.3397857377338956,0.3615752127471528
F000328,0.0,0.3472361809045226,0.5138888888888888,0.2926570486903538,0.0,1.0,1.0,1.0,0.0,real,3,0.3701005025125628,0.3472361809045226,0.24949748743718592,0.18712311557788944,0.2312198239943436,0.3515146239993939
F000329,0.0446581987385203,0.7221105527638191,0.6666666666666666,0.5773502691896258,0.0,1.0,1.0,1.0,0.0,real,3,0.3701005025125628,0.7221105527638191,0.6758793969849246,0.5069095477386935,0.3101219034872857,0.54367329739148
F000330,0.0,0.3472361809045226,0.2638888888888888,0.6472877887628358,0.25,1.0,1.0,1.0,0.25,real,3,0.8304020100502513,0.3472361809045226,0.771105527638191,0.5783291457286432,0.7353647950809322,0.6266650621196435
F000331,0.0,0.3472361809045226,0.3472222222222222,0.488288773090193,0.0,1.0,1.0,1.0,0.0,real,3,0.3701005025125628,0.3472361809045226,0.514070351758794,0.38555276381909553,0.2801790990126512,0.3560515832933512
F000332,0.0,0.3472361809045226,0.4861111111111111,0.2926570486903539,0.0,1.0,1.0,1.0,0.0,real,3,0.3701005025125628,0.3472361809045226,0.2608040201005025,0.1956030150753769,0.23331210070452765,0.3517085111487083
F000333,0.3779915320718537,0.9507537688442212,0.8333333333333333,0.5773502691896258,0.0,1.0,1.0,1.0,0.0,real,3,0.3701005025125628,0.9507537688442212,0.6758793969849246,0.5069095477386935,0.3101219034872857,0.6564150842150451
F000334,0.0223290993692601,0.7115577889447237,0.5833333333333334,0.2886751345948129,0.0,1.0,1.0,1.0,0.0,real,3,0.3701005025125628,0.7115577889447237,0.22688442211055276,0.17016331658291456,0.22703527057397543,0.6534542846140249
F000335,0.0,0.3472361809045226,0.3611111111111111,0.2545875386086578,0.0,1.0,1.0,1.0,0.0,real,3,0.3701005025125628,0.3472361809045226,0.17336683417085427,0.1300251256281407,0.21713182747910406,0.3502091171940102
F000336,0.3779915320718537,0.9507537688442212,0.8333333333333333,0.5773502691896258,0.5,1.0,1.0,1.0,0.5,real,3,0.9587939698492463,0.9507537688442212,0.6758793969849246,0.5069095477386935,0.8034115300118684,0.9548294234994066
F000337,0.0,0.3472361809045226,0.375,1.0897247358851685,0.0,1.0,1.0,1.0,0.0,real,3,0.3701005025125628,0.3472361809045226,0.9899497487437185,0.7424623115577889,0.3682407009923992,0.36421207797782884
F000338,0.2974642264589466,0.9216080402010052,0.6805555555555556,0.1272937693043289,0.0,1.0,1.0,1.0,0.0,real,3,0.3701005025125628,0.9216080402010052,0.04195979899497487,0.031469849246231155,0.1928149226029646,0.9042521811317897
F000339,0.0,0.3472361809045226,0.1944444444444444,0.3469443332443554,0.5,1.0,1.0,1.0,0.5,real,3,0.9587939698492463,0.3472361809045226,0.2914572864321608,0.2185929648241206,0.6191207292745132,0.48091841115123357
F000340,0.0,0.3472361809045226,0.375,0.25,0.0,1.0,1.0,1.0,0.0,real,3,0.3701005025125628,0.3472361809045226,0.13618090452261306,0.10213567839195979,0.2102505618544986,0.3495714439029317
F000341,0.0669872981077807,0.7638190954773869,0.75,0.8660254037844386,0.0,1.0,1.0,1.0,0.0,real,3,0.3701005025125628,0.7638190954773869,0.9336683417085427,0.700251256281407,0.35782581247948286,0.4881171561324209
F000342,0.0,0.3472361809045226,0.625,0.6614378277661477,0.25,1.0,1.0,1.0,0.25,real,3,0.8304020100502513,0.3472361809045226,0.7871859296482412,0.5903894472361809,0.7420413941567132,0.6324921876972804
F000343,0.0,0.3472361809045226,0.4027777777777778,0.393817968854384,0.25,1.0,1.0,1.0,0.25,real,3,0.8304020100502513,0.3472361809045226,0.40251256281407033,0.3018844221105528,0.5823246256407666,0.4930964180197469
F000344,0.0,0.3472361809045226,0.6388888888888888,0.7515416254704823,0.0,1.0,1.0,1.0,0.0,real,3,0.3701005025125628,0.3472361809045226,0.8610552763819096,0.6457914572864322,0.34438874649630064,0.3620017644756445
F000345,0.0,0.3472361809045226,0.4722222222222222,0.4194352464039305,0.0,1.0,1.0,1.0,0.0,real,3,0.3701005025125628,0.3472361809045226,0.43366834170854274,0.32525125628140705,0.26530068685134217,0.35467283023155977
F000346,0.0,0.3472361809045226,0.5416666666666666,0.3818813079129867,0.25,1.0,1.0,1.0,0.25,real,3,0.8304020100502513,0.3472361809045226,0.3608040201005025,0.2706030150753769,0.5650071967879599,0.4779823110527512
F000347,0.0,0.3472361809045226,0.2638888888888888,0.4110735718596873,0.0,1.0,1.0,1.0,0.0,real,3,0.3701005025125628,0.3472361809045226,0.42135678391959797,0.3160175879396985,0.2630224299891417,0.354461708668973
F000348,0.0,0.3472361809045226,0.125,0.25,0.0,1.0,1.0,1.0,0.0,real,3,0.3701005025125628,0.3472361809045226,0.13618090452261306,0.10213567839195979,0.2102505618544986,0.3495714439029317
F000349,0.0,0.3472361809045226,0.375,0.6614378277661477,0.0,1.0,1.0,1.0,0.0,real,3,0.3701005025125628,0.3472361809045226,0.7871859296482412,0.5903894472361809,0.3307192053230979,0.3607350351001237
F000350,0.0,0.3472361809045226,0.375,0.4330127018922193,0.25,1.0,1.0,1.0,0.25,real,3,0.8304020100502513,0.3472361809045226,0.4663316582914573,0.349748743718593,0.6088223782227721,0.5162228226559935
F000351,0.3779915320718537,0.9507537688442212,0.8333333333333333,0.5773502691896258,0.0,1.0,1.0,1.0,0.0,real,3,0.3701005025125628,0.9507537688442212,0.6758793969849246,0.5069095477386935,0.3101219034872857,0.6564150842150451
F000352,0.0,0.3472361809045226,0.4166666666666667,0.2886751345948129,0.0,1.0,1.0,1.0,0.0,real,3,0.3701005025125628,0.3472361809045226,0.22688442211055276,0.17016331658291456,0.22703527057397543,0.35112684970076513
F000353,0.3009680169468978,0.9314070351758794,0.7777777777777778,0.5091750772173156,0.25,1.0,1.0,1.0,0.25,real,3,0.8304020100502513,0.9314070351758794,0.592462311557789,0.4443467336683417,0.6611919522234287,0.8865257821772177
F000354,0.0,0.3472361809045226,0.6944444444444444,0.787635937708768,0.0,1.0,1.0,1.0,0.0,real,3,0.3701005025125628,0.3472361809045226,0.8944723618090452,0.6708542713567839,0.3505725865508447,0.3625748087169516
F000355,0.0,0.3472361809045226,0.3888888888888889,1.0715167512214396,0.5,1.0,1.0,1.0,0.5,real,3,0.9587939698492463,0.3472361809045226,0.9834170854271357,0.7375628140703517,0.9508441706017525,0.7982984646852351
F000356,0.1564584167334001,0.8437185929648241,0.7083333333333334,0.5204164998665332,0.0,1.0,1.0,1.0,0.0,real,3,0.3701005025125628,0.8437185929648241,0.6203517587939699,0.4652638190954774,0.2998465000883816,0.6233612314082977
F000357,0.0,0.3472361809045226,0.1527777777777777,0.3367876570272816,0.0,1.0,1.0,1.0,0.0,real,3,0.3701005025125628,0.3472361809045226,0.2698492462311558,0.20238693467336685,0.23498592207267494,0.35186362086815987
F000358,0.0,0.3472361809045226,0.6944444444444444,0.787635937708768,0.0,1.0,1.0,1.0,0.0,real,3,0.3701005025125628,0.3472361809045226,0.8944723618090452,0.6708542713567839,0.3505725865508447,0.3625748087169516
F000359,0.0,0.3472361809045226,0.3472222222222222,0.6988747569671736,0.0,1.0,1.0,1.0,0.0,real,3,0.3701005025125628,0.3472361809045226,0.8361809045226131,0.6271356783919598,0.3397857377338956,0.3615752127471528
F000360,0.0,0.3472361809045226,0.4722222222222222,0.4194352464039305,0.0,1.0,1.0,1.0,0.0,real,3,0.3701005025125628,0.3472361809045226,0.43366834170854274,0.32525125628140705,0.26530068685134217,0.35467283023155977
F000361,0.0,0.3472361809045226,0.375,0.25,0.5,1.0,1.0,1.0,0.5,real,3,0.9587939698492463,0.3472361809045226,0.13618090452261306,0.10213567839195979,0.5446816999570717,0.4096980505542789
F000362,0.0,0.3472361809045226,0.4305555555555555,0.4738533919231106,0.0,1.0,1.0,1.0,0.0,real,3,0.3701005025125628,0.3472361809045226,0.48391959798994977,0.3629396984924623,0.2745996944521603,0.3555345508951794
F000363,0.0521012318616071,0.742713567839196,0.6944444444444444,0.6735753140545634,0.0,1.0,1.0,1.0,0.0,real,3,0.3701005025125628,0.742713567839196,0.8133165829145729,0.6099874371859296,0.3355546892755234,0.5154242790586097
F000364,0.0,0.3472361809045226,0.2916666666666666,0.6291528696058958,0.0,1.0,1.0,1.0,0.0,real,3,0.3701005025125628,0.3472361809045226,0.7339195979899498,0.5504396984924623,0.3208622572662307,0.35982161119668693
F000365,0.0,0.3472361809045226,0.5416666666666666,0.3818813079129867,0.0,1.0,1.0,1.0,0.0,real,3,0.3701005025125628,0.3472361809045226,0.3608040201005025,0.2706030150753769,0.2518171258301558,0.35342333526931136
F000366,0.0,0.3472361809045226,0.3472222222222222,0.488288773090193,0.0,1.0,1.0,1.0,0.0,real,3,0.3701005025125628,0.3472361809045226,0.514070351758794,0.38555276381909553,0.2801790990126512,0.3560515832933512
F000367,0.1485783278408043,0.8120603015075377,0.7361111111111112,0.6472877887628358,0.25,1.0,1.0,1.0,0.25,real,3,0.8304020100502513,0.8120603015075377,0.771105527638191,0.5783291457286432,0.7353647950809322,0.822667846140249
F000368,0.3009680169468978,0.9314070351758794,0.7777777777777778,0.5091750772173156,0.0,1.0,1.0,1.0,0.0,real,3,0.3701005025125628,0.9314070351758794,0.592462311557789,0.4443467336683417,0.29468555086992754,0.6819923108002323
F000369,0.0,0.3472361809045226,0.5416666666666666,0.3818813079129867,0.25,1.0,1.0,1.0,0.25,real,3,0.8304020100502513,0.3472361809045226,0.3608040201005025,0.2706030150753769,0.5650071967879599,0.4779823110527512
F000370,0.0,0.3472361809045226,0.25,0.5,0.0,1.0,1.0,1.0,0.0,real,3,0.3701005025125628,0.3472361809045226,0.5492462311557789,0.41193467336683415,0.2866884043332239,0.3566547877578849
F000371,0.1706553760958049,0.849748743718593,0.7777777777777777,0.769800358919501,0.0,1.0,1.0,1.0,0.0,real,3,0.3701005025125628,0.849748743718593,0.8879396984924623,0.6659547738693468,0.3493637155627383,0.5303247077094013
F000372,0.0,0.3472361809045226,0.125,0.25,0.0,1.0,1.0,1.0,0.0,real,3,0.3701005025125628,0.3472361809045226,0.13618090452261306,0.10213567839195979,0.2102505618544986,0.3495714439029317
F000373,0.0,0.3472361809045226,0.5138888888888888,0.2926570486903538,0.0,1.0,1.0,1.0,0.0,real,3,0.3701005025125628,0.3472361809045226,0.24949748743718592,0.18712311557788944,0.2312198239943436,0.3515146239993939
F000374,0.0,0.3472361809045226,0.4166666666666667,0.2886751345948129,0.0,1.0,1.0,1.0,0.0,real,3,0.3701005025125628,0.3472361809045226,0.22688442211055276,0.17016331658291456,0.22703527057397543,0.35112684970076513
F000375,0.1732257047434905,0.8535175879396985,0.6805555555555556,0.3757708127352412,0.0,1.0,1.0,1.0,0.0,real,3,0.3701005025125628,0.8535175879396985,0.3394472361809045,0.2545854271356784,0.24786504759980807,0.7304466427615464
F000376,0.0,0.3472361809045226,0.4166666666666667,0.2886751345948129,0.25,1.0,1.0,1.0,0.25,real,3,0.8304020100502513,0.3472361809045226,0.22688442211055276,0.17016331658291456,0.509403645109972,0.4294532808514936
F000377,0.0,0.3472361809045226,0.2638888888888888,0.2097176232019653,0.0,1.0,1.0,1.0,0.0,real,3,0.3701005025125628,0.3472361809045226,0.11809045226130653,0.0885678391959799,0.20690291911820408,0.34926122446402863
F000378,0.0,0.3472361809045226,0.625,0.6614378277661477,0.0,1.0,1.0,1.0,0.0,real,3,0.3701005025125628,0.3472361809045226,0.7871859296482412,0.5903894472361809,0.3307192053230979,0.3607350351001237
F000379,0.2974642264589466,0.9216080402010052,0.6805555555555556,0.1272937693043289,0.0,1.0,1.0,1.0,0.0,real,3,0.3701005025125628,0.9216080402010052,0.04195979899497487,0.031469849246231155,0.1928149226029646,0.9042521811317897
F000380,0.0,0.3472361809045226,0.1666666666666666,0.5773502691896258,0.0,1.0,1.0,1.0,0.0,real,3,0.3701005025125628,0.3472361809045226,0.6758793969849246,0.5069095477386935,0.3101219034872857,0.3588263238302063
F000381,0.0,0.3472361809045226,0.4444444444444444,0.5357583756107198,0.0,1.0,1.0,1.0,0.0,real,3,0.3701005025125628,0.3472361809045226,0.6459798994974875,0.4844849246231156,0.3045889939647989,0.3583136000353526
F000382,0.1564584167334001,0.8437185929648241,0.7083333333333334,0.5204164998665332,0.25,1.0,1.0,1.0,0.25,real,3,0.8304020100502513,0.8437185929648241,0.6203517587939699,0.4652638190954774,0.6727716787454862,0.8375228687406884
F000383,0.1706553760958049,0.849748743718593,0.7777777777777777,0.769800358919501,0.0,1.0,1.0,1.0,0.0,real,3,0.3701005025125628,0.849748743718593,0.8879396984924623,0.6659547738693468,0.3493637155627383,0.5303247077094013
F000384,0.0,0.3472361809045226,0.4166666666666667,0.2886751345948129,0.0,1.0,1.0,1.0,0.0,real,3,0.3701005025125628,0.3472361809045226,0.22688442211055276,0.17016331658291456,0.22703527057397543,0.35112684970076513
F000385,0.0,0.3472361809045226,0.1944444444444444,0.3469443332443554,0.0,1.0,1.0,1.0,0.0,real,3,0.3701005025125628,0.3472361809045226,0.2914572864321608,0.2185929648241206,0.23898449534102673,0.3522341607535163
F000386,0.0,0.3472361809045226,0.375,0.6614378277661477,0.0,1.0,1.0,1.0,0.0,real,3,0.3701005025125628,0.3472361809045226,0.7871859296482412,0.5903894472361809,0.3307192053230979,0.3607350351001237
F000387,0.0,0.3472361809045226,0.0833333333333333,0.2886751345948128,0.0,1.0,1.0,1.0,0.0,real,3,0.3701005025125628,0.3472361809045226,0.20376884422110553,0.15282663316582915,0.22275772707759908,0.3507304581955001
F000388,0.3673634106212396,0.9442211055276382,0.7361111111111112,0.2097176232019653,0.0,1.0,1.0,1.0,0.0,real,3,0.3701005025125628,0.9442211055276382,0.11809045226130653,0.0885678391959799,0.20690291911820408,0.8933724842807
F000389,0.0,0.3472361809045226,0.4027777777777778,0.393817968854384,0.25,1.0,1.0,1.0,0.25,real,3,0.8304020100502513,0.3472361809045226,0.40251256281407033,0.3018844221105528,0.5823246256407666,0.4930964180197469
F000390,0.7926638440239513,0.9989949748743718,0.9444444444444444,0.1924500897298752,0.25,1.0,1.0,1.0,0.25,real,3,0.8304020100502513,0.9989949748743718,0.09321608040201006,0.06991206030150754,0.45390441529254316,0.9872082933511779
F000391,0.0,0.3472361809045226,0.2916666666666666,0.5204164998665332,0.0,1.0,1.0,1.0,0.0,real,3,0.3701005025125628,0.3472361809045226,0.6203517587939699,0.4652638190954774,0.2998465000883816,0.35787412249690664
F000392,0.0,0.3472361809045226,0.625,0.6614378277661477,0.0,1.0,1.0,1.0,0.0,real,3,0.3701005025125628,0.3472361809045226,0.7871859296482412,0.5903894472361809,0.3307192053230979,0.3607350351001237
F000393,0.0,0.3472361809045226,0.4722222222222222,0.4194352464039305,0.0,1.0,1.0,1.0,0.0,real,3,0.3701005025125628,0.3472361809045226,0.43366834170854274,0.32525125628140705,0.26530068685134217,0.35467283023155977
F000394,0.0,0.3472361809045226,0.3472222222222222,0.488288773090193,0.25,1.0,1.0,1.0,0.25,real,3,0.8304020100502513,0.3472361809045226,0.514070351758794,0.38555276381909553,0.6286435317289967,0.5335221017146032
F000395,0.0,0.3472361809045226,0.3888888888888889,0.4811252243246881,0.0,1.0,1.0,1.0,0.0,real,3,0.3701005025125628,0.3472361809045226,0.49271356783919595,0.369535175879397,0.27622702078230343,0.3556853520113128
F000396,0.0,0.3472361809045226,0.3888888888888889,1.0715167512214396,0.0,1.0,1.0,1.0,0.0,real,3,0.3701005025125628,0.3472361809045226,0.9834170854271357,0.7375628140703517,0.36703183000429285,0.36410005429155834
F000397,0.25,0.907286432160804,0.75,0.5,0.0,1.0,1.0,1.0,0.0,real,3,0.3701005025125628,0.907286432160804,0.5492462311557789,0.41193467336683415,0.2866884043332239,0.6860009216938967
F000398,0.0,0.3472361809045226,0.6388888888888888,0.8552669065744807,0.0,1.0,1.0,1.0,0.0,real,3,0.3701005025125628,0.3472361809045226,0.9228643216080402,0.6921482412060301,0.355826525845307,0.36306168089189667
F000399,0.1504840084734488,0.8301507537688442,0.6388888888888888,0.2545875386086578,0.0,1.0,1.0,1.0,0.0,real,3,0.3701005025125628,0.8301507537688442,0.17336683417085427,0.1300251256281407,0.21713182747910406,0.7703326620539885
F000400,0.0,0.3472361809045226,0.3055555555555556,0.7876359377087682,0.0,1.0,1.0,1.0,0.0,real,3,0.3701005025125628,0.3472361809045226,0.9,0.675,0.35159547738693464,0.36266959798994974
F000401,0.0,0.3472361809045226,0.5416666666666666,0.3818813079129867,0.0,1.0,1.0,1.0,0.0,real,3,0.3701005025125628,0.3472361809045226,0.3608040201005025,0.2706030150753769,0.2518171258301558,0.35342333526931136
F000402,0.0,0.3472361809045226,0.3472222222222222,0.488288773090193,0.25,1.0,1.0,1.0,0.25,real,3,0.8304020100502513,0.3472361809045226,0.514070351758794,0.38555276381909553,0.6286435317289967,0.5335221017146032
F000403,0.0,0.3472361809045226,0.4861111111111111,0.2926570486903539,0.5,1.0,1.0,1.0,0.5,real,3,0.9587939698492463,0.3472361809045226,0.2608040201005025,0.1956030150753769,0.6044256458170247,0.4668587283149415
F000404,0.0,0.3472361809045226,0.2777777777777778,0.0962250448649376,0.0,1.0,1.0,1.0,0.0,real,3,0.3701005025125628,0.3472361809045226,0.022110552763819097,0.016582914572864323,0.1891418146006414,0.34761533799651523
F000405,0.0,0.3472361809045226,0.2916666666666666,0.5204164998665332,0.0,1.0,1.0,1.0,0.0,real,3,0.3701005025125628,0.3472361809045226,0.6203517587939699,0.4652638190954774,0.2998465000883816,0.35787412249690664
F000406,0.0,0.3472361809045226,0.1388888888888888,0.2545875386086578,0.0,1.0,1.0,1.0,0.0,real,3,0.3701005025125628,0.3472361809045226,0.17336683417085427,0.1300251256281407,0.21713182747910406,0.3502091171940102
F000407,0.0,0.3472361809045226,0.375,1.0897247358851685,0.0,1.0,1.0,1.0,0.0,real,3,0.3701005025125628,0.3472361809045226,0.9899497487437185,0.7424623115577889,0.3682407009923992,0.36421207797782884
F000408,0.0,0.3472361809045226,0.6666666666666666,0.7637626158259733,0.0,1.0,1.0,1.0,0.0,real,3,0.3701005025125628,0.3472361809045226,0.8768844221105527,0.6576633165829145,0.3473179338905583,0.36227320648468475
F000409,0.0,0.3472361809045226,0.4583333333333333,0.1443375672974064,0.0,1.0,1.0,1.0,0.0,real,3,0.3701005025125628,0.3472361809045226,0.06155778894472362,0.04616834170854271,0.19644153556728366,0.34829178871745664
F000410,0.2224894150898172,0.8891959798994975,0.7916666666666667,0.7216878364870323,0.0,1.0,1.0,1.0,0.0,real,3,0.3701005025125628,0.8891959798994975,0.8472361809045226,0.6354271356783919,0.3418315194060756,0.5593486275599101
F000411,0.0,0.3472361809045226,0.5694444444444444,0.4738533919231106,0.0,1.0,1.0,1.0,0.0,real,3,0.3701005025125628,0.3472361809045226,0.48391959798994977,0.3629396984924623,0.2745996944521603,0.3555345508951794
F000412,0.0,0.3472361809045226,0.5833333333333334,0.7637626158259733,0.0,1.0,1.0,1.0,0.0,real,3,0.3701005025125628,0.3472361809045226,0.8768844221105527,0.6576633165829145,0.3473179338905583,0.36227320648468475
F000413,0.2224894150898172,0.8891959798994975,0.7916666666666667,0.7216878364870323,0.0,1.0,1.0,1.0,0.0,real,3,0.3701005025125628,0.8891959798994975,0.8472361809045226,0.6354271356783919,0.3418315194060756,0.5593486275599101
F000414,0.125,0.7962311557788945,0.625,0.25,0.0,1.0,1.0,1.0,0.0,real,3,0.3701005025125628,0.7962311557788945,0.13618090452261306,0.10213567839195979,0.2102505618544986,0.7527080124239286
F000415,0.0,0.3472361809045226,0.2916666666666666,0.8036375634160796,0.25,1.0,1.0,1.0,0.25,real,3,0.8304020100502513,0.3472361809045226,0.9057788944723618,0.6793341708542714,0.7912813123405974,0.6754672388323527
F000416,0.0,0.3472361809045226,0.4027777777777778,0.1734721666221777,0.0,1.0,1.0,1.0,0.0,real,3,0.3701005025125628,0.3472361809045226,0.08417085427135679,0.06312814070351759,0.20062608898765183,0.34867956301608544
F000417,0.0,0.3472361809045226,0.5555555555555556,0.6735753140545634,0.25,1.0,1.0,1.0,0.25,real,3,0.8304020100502513,0.3472361809045226,0.8133165829145729,0.6099874371859296,0.7528908676548572,0.6419612667609403
F000418,0.0,0.3472361809045226,0.3333333333333333,0.5773502691896258,0.0,1.0,1.0,1.0,0.0,real,3,0.3701005025125628,0.3472361809045226,0.6758793969849246,0.5069095477386935,0.3101219034872857,0.3588263238302063
F000419,0.0,0.3472361809045226,0.0972222222222221,0.1734721666221776,0.0,1.0,1.0,1.0,0.0,real,3,0.3701005025125628,0.3472361809045226,0.07562814070351759,0.05672110552763819,0.19904525769551273,0.3485330705032701
F000420,0.0,0.3472361809045226,0.375,0.25,0.0,1.0,1.0,1.0,0.0,real,3,0.3701005025125628,0.3472361809045226,0.13618090452261306,0.10213567839195979,0.2102505618544986,0.3495714439029317
F000421,0.25,0.907286432160804,0.75,0.5,0.0,1.0,1.0,1.0,0.0,real,3,0.3701005025125628,0.907286432160804,0.5492462311557789,0.41193467336683415,0.2866884043332239,0.6860009216938967
F000422,0.0,0.3472361809045226,0.4027777777777778,0.393817968854384,0.0,1.0,1.0,1.0,0.0,real,3,0.3701005025125628,0.3472361809045226,0.40251256281407033,0.3018844221105528,0.25953530213883486,0.3541385634201156
F000423,0.1898569058357866,0.8683417085427135,0.7222222222222222,0.5091750772173156,0.0,1.0,1.0,1.0,0.0,real,3,0.3701005025125628,0.8683417085427135,0.592462311557789,0.4443467336683417,0.29468555086992754,0.6469498560642407
F000424,0.0,0.3472361809045226,0.5694444444444444,0.4276334532872403,0.0,1.0,1.0,1.0,0.0,real,3,0.3701005025125628,0.3472361809045226,0.4505025125628141,0.33787688442211056,0.2684158543976162,0.3549615066538724
F000425,0.0,0.3472361809045226,0.4583333333333333,0.3818813079129867,0.0,1.0,1.0,1.0,0.0,real,3,0.3701005025125628,0.3472361809045226,0.3608040201005025,0.2706030150753769,0.2518171258301558,0.35342333526931136
F000426,0.1020902318637188,0.7766331658291458,0.7083333333333334,0.6291528696058958,0.0,1.0,1.0,1.0,0.0,real,3,0.3701005025125628,0.7766331658291458,0.7339195979899498,0.5504396984924623,0.3208622572662307,0.5528614492058281
F000427,0.0,0.3472361809045226,0.4166666666666667,1.0408329997330663,0.0,1.0,1.0,1.0,0.0,real,3,0.3701005025125628,0.3472361809045226,0.978140703517588,0.733605527638191,0.36605543420620695,0.36400957362187825
F000428,0.0,0.3472361809045226,0.375,1.0897247358851685,0.0,1.0,1.0,1.0,0.0,real,3,0.3701005025125628,0.3472361809045226,0.9899497487437185,0.7424623115577889,0.3682407009923992,0.36421207797782884
F000429,0.1485783278408043,0.8120603015075377,0.7361111111111112,0.6472877887628358,0.0,1.0,1.0,1.0,0.0,real,3,0.3701005025125628,0.8120603015075377,0.771105527638191,0.5783291457286432,0.3277435228908361,0.556462068508371
F000430,0.0,0.3472361809045226,0.3472222222222222,0.488288773090193,0.5,1.0,0.5,0.5,0.5,real,3,0.9587939698492463,0.3472361809045226,0.514070351758794,0.19277638190954777,0.36292038079846467,0.4651300787858892
F000431,0.4229189661767951,0.9630653266331658,0.7638888888888888,0.2097176232019653,0.0,1.0,1.0,1.0,0.0,real,3,0.3701005025125628,0.9630653266331658,0.11809045226130653,0.0885678391959799,0.20690291911820408,0.9105477134415798
F000432,0.0,0.3472361809045226,0.4166666666666667,0.7637626158259734,0.25,1.0,1.0,1.0,0.25,real,3,0.8304020100502513,0.3472361809045226,0.8836683417085427,0.6627512562814071,0.7821009886113988,0.667454941163102
F000433,0.0,0.3472361809045226,0.4722222222222222,0.9179284245476838,0.0,1.0,1.0,1.0,0.0,real,3,0.3701005025125628,0.3472361809045226,0.9510050251256281,0.7132537688442211,0.36103397010176513,0.3635442444635236
F000434,0.0,0.3472361809045226,0.6666666666666666,0.7637626158259733,0.0,1.0,1.0,1.0,0.0,real,3,0.3701005025125628,0.3472361809045226,0.8768844221105527,0.6576633165829145,0.3473179338905583,0.36227320648468475
F000435,0.0,0.3472361809045226,0.5,0.5,0.0,1.0,1.0,1.0,0.0,real,3,0.3701005025125628,0.3472361809045226,0.5492462311557789,0.41193467336683415,0.2866884043332239,0.3566547877578849
F000436,0.0,0.3472361809045226,0.375,1.0897247358851685,0.0,1.0,1.0,1.0,0.0,real,3,0.3701005025125628,0.3472361809045226,0.9899497487437185,0.7424623115577889,0.3682407009923992,0.36421207797782884
F000437,0.1020902318637188,0.7766331658291458,0.7083333333333334,0.6291528696058958,0.0,1.0,1.0,1.0,0.0,real,3,0.3701005025125628,0.7766331658291458,0.7339195979899498,0.5504396984924623,0.3208622572662307,0.5528614492058281
F000438,0.0,0.3472361809045226,0.4583333333333333,0.1443375672974064,0.0,1.0,1.0,1.0,0.0,real,3,0.3701005025125628,0.3472361809045226,0.06155778894472362,0.04616834170854271,0.19644153556728366,0.34829178871745664
F000439,0.3779915320718537,0.9507537688442212,0.8333333333333333,0.5773502691896258,0.0,1.0,1.0,1.0,0.0,real,3,0.3701005025125628,0.9507537688442212,0.6758793969849246,0.5069095477386935,0.3101219034872857,0.6564150842150451
F000440,0.0,0.3472361809045226,0.1388888888888888,0.2545875386086578,0.0,1.0,1.0,1.0,0.0,real,3,0.3701005025125628,0.3472361809045226,0.17336683417085427,0.1300251256281407,0.21713182747910406,0.3502091171940102
F000441,0.0,0.3472361809045226,0.125,0.25,0.0,1.0,1.0,1.0,0.0,real,3,0.3701005025125628,0.3472361809045226,0.13618090452261306,0.10213567839195979,0.2102505618544986,0.3495714439029317
F000442,0.0669872981077807,0.7638190954773869,0.75,0.8660254037844386,0.0,1.0,1.0,1.0,0.0,real,3,0.3701005025125628,0.7638190954773869,0.9336683417085427,0.700251256281407,0.35782581247948286,0.4881171561324209
F000443,0.0,0.3472361809045226,0.6944444444444444,0.787635937708768,0.5,1.0,1.0,1.0,0.5,real,3,0.9587939698492463,0.3472361809045226,0.8944723618090452,0.6708542713567839,0.908204338274286,0.757502335799601
F000444,0.3222409918479341,0.9381909547738694,0.7638888888888888,0.4110735718596873,0.0,1.0,1.0,1.0,0.0,real,3,0.3701005025125628,0.9381909547738694,0.42135678391959797,0.3160175879396985,0.2630224299891417,0.7586643803186789
F000445,0.0,0.3472361809045226,0.6944444444444444,0.787635937708768,0.0,1.0,1.0,1.0,0.0,real,3,0.3701005025125628,0.3472361809045226,0.8944723618090452,0.6708542713567839,0.3505725865508447,0.3625748087169516
F000446,0.0,0.3472361809045226,0.6388888888888888,0.8552669065744807,0.0,1.0,1.0,1.0,0.0,real,3,0.3701005025125628,0.3472361809045226,0.9228643216080402,0.6921482412060301,0.355826525845307,0.36306168089189667
F000447,0.0,0.3472361809045226,0.3194444444444444,0.6254627916220946,0.5,1.0,1.0,1.0,0.5,real,3,0.9587939698492463,0.3472361809045226,0.714824120603015,0.5361180904522613,0.8220815130931037,0.6751033749147749
F000448,0.0,0.3472361809045226,0.1805555555555555,0.1272937693043289,0.0,1.0,1.0,1.0,0.0,real,3,0.3701005025125628,0.3472361809045226,0.04195979899497487,0.031469849246231155,0.1928149226029646,0.3479557176586449
F000449,0.1898569058357866,0.8683417085427135,0.7222222222222222,0.5091750772173156,0.25,1.0,1.0,1.0,0.25,real,3,0.8304020100502513,0.8683417085427135,0.592462311557789,0.4443467336683417,0.6611919522234287,0.8514833274412261
F000450,0.0,0.3472361809045226,0.5694444444444444,0.4738533919231106,0.0,1.0,1.0,1.0,0.0,real,3,0.3701005025125628,0.3472361809045226,0.48391959798994977,0.3629396984924623,0.2745996944521603,0.3555345508951794
F000451,0.0,0.3472361809045226,0.361111111111111,0.7515416254704824,0.0,1.0,1.0,1.0,0.0,real,3,0.3701005025125628,0.3472361809045226,0.8670854271356784,0.6503140703517588,0.34550462740839877,0.3621051709552789
F000452,0.0,0.3472361809045226,0.3888888888888889,0.4811252243246881,0.25,1.0,1.0,1.0,0.25,real,3,0.8304020100502513,0.3472361809045226,0.49271356783919595,0.369535175879397,0.6197761735814752,0.5257829505568041
F000453,0.3779915320718537,0.9507537688442212,0.8333333333333333,0.5773502691896258,0.0,1.0,1.0,1.0,0.0,real,3,0.3701005025125628,0.9507537688442212,0.6758793969849246,0.5069095477386935,0.3101219034872857,0.6564150842150451
F000454,0.0,0.3472361809045226,0.3194444444444444,0.1272937693043289,0.25,1.0,1.0,1.0,0.25,real,3,0.8304020100502513,0.3472361809045226,0.04195979899497487,0.031469849246231155,0.43262275573849146,0.3624413367086689
F000455,0.5853276880479024,0.9879396984924624,0.8888888888888888,0.3849001794597506,0.0,1.0,1.0,1.0,0.0,real,3,0.3701005025125628,0.9879396984924624,0.385929648241206,0.2894472361809045,0.2564666296305649,0.8091078508118482
F000456,0.0,0.3472361809045226,0.5,0.5,0.5,1.0,1.0,1.0,0.5,real,3,0.9587939698492463,0.3472361809045226,0.5492462311557789,0.41193467336683415,0.7427039721219161,0.5991580389384106
F000457,0.25,0.907286432160804,0.75,0.5,0.25,1.0,1.0,1.0,0.25,real,3,0.8304020100502513,0.907286432160804,0.5492462311557789,0.41193467336683415,0.6432485922072675,0.8756150728516958
F000458,0.3963319220119756,0.9587939698492464,0.7222222222222222,0.0962250448649376,0.0,1.0,1.0,1.0,0.0,real,3,0.3701005025125628,0.9587939698492464,0.022110552763819097,0.016582914572864323,0.1891418146006414,0.9490317163707989
F000459,0.1077083611333555,0.7869346733668342,0.5972222222222222,0.1734721666221776,0.0,1.0,1.0,1.0,0.0,real,3,0.3701005025125628,0.7869346733668342,0.07562814070351759,0.05672110552763819,0.19904525769551273,0.7632913783742835
F000460,0.0,0.3472361809045226,0.2083333333333333,0.5204164998665333,0.0,1.0,1.0,1.0,0.0,real,3,0.3701005025125628,0.3472361809045226,0.6309045226130653,0.47317839195979894,0.30179929168455344,0.3580550838362667
F000461,0.1732257047434905,0.8535175879396985,0.6805555555555556,0.3757708127352412,0.0,1.0,1.0,1.0,0.0,real,3,0.3701005025125628,0.8535175879396985,0.3394472361809045,0.2545854271356784,0.24786504759980807,0.7304466427615464
F000462,0.0,0.3472361809045226,0.4861111111111111,0.2926570486903539,0.25,1.0,1.0,1.0,0.25,real,3,0.8304020100502513,0.3472361809045226,0.2608040201005025,0.1956030150753769,0.5234870962854473,0.4417448738668215
F000463,0.2224894150898172,0.8891959798994975,0.7916666666666667,0.7216878364870323,0.0,1.0,1.0,1.0,0.0,real,3,0.3701005025125628,0.8891959798994975,0.8472361809045226,0.6354271356783919,0.3418315194060756,0.5593486275599101
F000464,0.0,0.3472361809045226,0.25,0.5,0.25,1.0,1.0,1.0,0.25,real,3,0.8304020100502513,0.3472361809045226,0.5492462311557789,0.41193467336683415,0.6432485922072675,0.546268938915684
F000465,0.0,0.3472361809045226,0.3194444444444444,0.6254627916220946,0.0,1.0,1.0,1.0,0.0,real,3,0.3701005025125628,0.3472361809045226,0.714824120603015,0.5361180904522613,0.31732863437791975,0.3594941573445115
F000466,0.0,0.3472361809045226,0.3194444444444444,0.6254627916220946,0.0,1.0,1.0,1.0,0.0,real,3,0.3701005025125628,0.3472361809045226,0.714824120603015,0.5361180904522613,0.31732863437791975,0.3594941573445115
F000467,0.0,0.3472361809045226,0.1944444444444444,0.3469443332443554,0.0,1.0,1.0,1.0,0.0,real,3,0.3701005025125628,0.3472361809045226,0.2914572864321608,0.2185929648241206,0.23898449534102673,0.3522341607535163
F000468,0.0,0.3472361809045226,0.4861111111111111,0.2926570486903539,0.0,1.0,1.0,1.0,0.0,real,3,0.3701005025125628,0.3472361809045226,0.2608040201005025,0.1956030150753769,0.23331210070452765,0.3517085111487083
F000469,0.0,0.3472361809045226,0.375,0.4330127018922193,0.5,1.0,1.0,1.0,0.5,real,3,0.9587939698492463,0.3472361809045226,0.4663316582914573,0.349748743718593,0.7029549758844473,0.5611277492992601
F000470,0.0,0.3472361809045226,0.6111111111111112,0.6309898162000305,0.25,1.0,1.0,1.0,0.25,real,3,0.8304020100502513,0.3472361809045226,0.7530150753768844,0.5647613065326633,0.7278536211206788,0.6201095458448018
F000471,0.0,0.3472361809045226,0.6388888888888888,0.8552669065744807,0.25,1.0,1.0,1.0,0.25,real,3,0.8304020100502513,0.3472361809045226,0.9228643216080402,0.6921482412060301,0.7983751988586147,0.6816585597585919
F000472,0.3009680169468978,0.9314070351758794,0.7777777777777778,0.5091750772173156,0.0,1.0,1.0,1.0,0.0,real,3,0.3701005025125628,0.9314070351758794,0.592462311557789,0.4443467336683417,0.29468555086992754,0.6819923108002323
F000473,0.4376389444889332,0.9698492462311558,0.8055555555555556,0.3469443332443555,0.0,1.0,1.0,1.0,0.0,real,3,0.3701005025125628,0.9698492462311558,0.3135678391959799,0.23517587939698492,0.24307605868538676,0.8288028080098988
F000474,0.0,0.3472361809045226,0.6111111111111112,0.4811252243246882,0.0,1.0,1.0,1.0,0.0,real,3,0.3701005025125628,0.3472361809045226,0.4979899497487437,0.3734924623115578,0.2772034165803894,0.3557758326809929
F000475,0.0,0.3472361809045226,0.4305555555555555,0.4276334532872403,0.0,1.0,1.0,1.0,0.0,real,3,0.3701005025125628,0.3472361809045226,0.4505025125628141,0.33787688442211056,0.2684158543976162,0.3549615066538724
F000476,0.0669872981077807,0.7638190954773869,0.75,0.8660254037844386,0.0,1.0,1.0,1.0,0.0,real,3,0.3701005025125628,0.7638190954773869,0.9336683417085427,0.700251256281407,0.35782581247948286,0.4881171561324209
F000477,0.0,0.3472361809045226,0.6111111111111112,0.6309898162000305,0.5,1.0,1.0,1.0,0.5,real,3,0.9587939698492463,0.3472361809045226,0.7530150753768844,0.5647613065326633,0.8403901416630892,0.6926203568091714
F000478,0.0,0.3472361809045226,0.2638888888888888,0.4110735718596873,0.0,1.0,1.0,1.0,0.0,real,3,0.3701005025125628,0.3472361809045226,0.42135678391959797,0.3160175879396985,0.2630224299891417,0.354461708668973
F000479,0.2974642264589466,0.9216080402010052,0.6805555555555556,0.1272937693043289,0.5,1.0,1.0,1.0,0.5,real,3,0.9587939698492463,0.9216080402010052,0.04195979899497487,0.031469849246231155,0.49951238605085735,0.9227782758011163
F000480,0.0,0.3472361809045226,0.4444444444444444,1.0183501544346312,0.25,1.0,1.0,1.0,0.25,real,3,0.8304020100502513,0.3472361809045226,0.971356783919598,0.7285175879396986,0.8185093179465165,0.6992309853286534
F000481,0.1504840084734488,0.8301507537688442,0.6388888888888888,0.2545875386086578,0.0,1.0,1.0,1.0,0.0,real,3,0.3701005025125628,0.8301507537688442,0.17336683417085427,0.1300251256281407,0.21713182747910406,0.7703326620539885
F000482,0.0,0.3472361809045226,0.25,0.8660254037844386,0.0,1.0,1.0,1.0,0.0,real,3,0.3701005025125628,0.3472361809045226,0.9336683417085427,0.700251256281407,0.35782581247948286,0.36324695083457487
F000483,0.0,0.3472361809045226,0.5972222222222222,0.393817968854384,0.0,1.0,1.0,1.0,0.0,real,3,0.3701005025125628,0.3472361809045226,0.40251256281407033,0.3018844221105528,0.25953530213883486,0.3541385634201156
F000484,0.4510034825212683,0.9756281407035176,0.8194444444444444,0.3757708127352412,0.0,1.0,1.0,1.0,0.0,real,3,0.3701005025125628,0.9756281407035176,0.3394472361809045,0.2545854271356784,0.24786504759980807,0.8214696282922148
F000485,0.1485783278408043,0.8120603015075377,0.7361111111111112,0.6472877887628358,0.5,1.0,1.0,1.0,0.5,real,3,0.9587939698492463,0.8120603015075377,0.771105527638191,0.5783291457286432,0.8490626499330824,0.896920658569228
F000486,0.1889957660359268,0.8582914572864322,0.6666666666666666,0.2886751345948129,0.0,1.0,1.0,1.0,0.0,real,3,0.3701005025125628,0.8582914572864322,0.22688442211055276,0.17016331658291456,0.22703527057397543,0.7752192652963309
F000487,0.0,0.3472361809045226,0.5694444444444444,0.4276334532872403,0.0,1.0,1.0,1.0,0.0,real,3,0.3701005025125628,0.3472361809045226,0.4505025125628141,0.33787688442211056,0.2684158543976162,0.3549615066538724
F000488,0.0,0.3472361809045226,0.4305555555555555,0.7469072033193751,0.25,1.0,1.0,1.0,0.25,real,3,0.8304020100502513,0.3472361809045226,0.8542713567839196,0.6407035175879398,0.7698953309259867,0.6568022272164844
F000489,0.0,0.3472361809045226,0.25,0.8660254037844386,0.0,1.0,1.0,1.0,0.0,real,3,0.3701005025125628,0.3472361809045226,0.9336683417085427,0.700251256281407,0.35782581247948286,0.36324695083457487
F000490,0.2224894150898172,0.8891959798994975,0.7916666666666667,0.7216878364870323,0.0,1.0,1.0,1.0,0.0,real,3,0.3701005025125628,0.8891959798994975,0.8472361809045226,0.6354271356783919,0.3418315194060756,0.5593486275599101
F000491,0.4376389444889332,0.9698492462311558,0.8055555555555556,0.3469443332443555,0.0,1.0,1.0,1.0,0.0,real,3,0.3701005025125628,0.9698492462311558,0.3135678391959799,0.23517587939698492,0.24307605868538676,0.8288028080098988
F000492,0.0,0.3472361809045226,0.1388888888888888,0.2545875386086578,0.0,1.0,1.0,1.0,0.0,real,3,0.3701005025125628,0.3472361809045226,0.17336683417085427,0.1300251256281407,0.21713182747910406,0.3502091171940102
F000493,0.0,0.3472361809045226,0.25,0.8660254037844386,0.0,1.0,1.0,1.0,0.0,real,3,0.3701005025125628,0.3472361809045226,0.9336683417085427,0.700251256281407,0.35782581247948286,0.36324695083457487
F000494,0.2154167222667111,0.879145728643216,0.6944444444444444,0.3469443332443555,0.0,1.0,1.0,1.0,0.0,real,3,0.3701005025125628,0.879145728643216,0.3135678391959799,0.23517587939698492,0.24307605868538676,0.7594305699351026
F000495,0.2666854362923786,0.9155778894472362,0.7361111111111112,0.4110735718596873,0.5,1.0,1.0,1.0,0.5,real,3,0.9587939698492463,0.9155778894472362,0.42135678391959797,0.3160175879396985,0.6813941567132143,0.9292349309360874
F000496,0.0,0.3472361809045226,0.4027777777777778,0.8832285053102581,0.0,1.0,1.0,1.0,0.0,real,3,0.3701005025125628,0.3472361809045226,0.9417085427135679,0.706281407035176,0.35931365369561374,0.363384826140754
F000497,0.0,0.3472361809045226,0.4583333333333333,1.0103629710818451,0.0,1.0,1.0,1.0,0.0,real,3,0.3701005025125628,0.3472361809045226,0.9660804020100503,0.7245603015075377,0.3638236723820106,0.3638027606626095
F000498,0.0,0.3472361809045226,0.4027777777777778,0.1734721666221777,0.0,1.0,1.0,1.0,0.0,real,3,0.3701005025125628,0.3472361809045226,0.08417085427135679,0.06312814070351759,0.20062608898765183,0.34867956301608544
F000499,0.1020902318637188,0.7766331658291458,0.7083333333333334,0.6291528696058958,0.0,1.0,1.0,1.0,0.0,real,3,0.3701005025125628,0.7766331658291458,0.7339195979899498,0.5504396984924623,0.3208622572662307,0.5528614492058281
F000500,0.0223290993692601,0.7115577889447237,0.5833333333333334,0.2886751345948129,0.0,1.0,1.0,1.0,0.0,real,3,0.3701005025125628,0.7115577889447237,0.22688442211055276,0.17016331658291456,0.22703527057397543,0.6534542846140249
F000501,0.0,0.3472361809045226,0.3611111111111111,0.2545875386086578,0.25,1.0,1.0,1.0,0.25,real,3,0.8304020100502513,0.3472361809045226,0.17336683417085427,0.1300251256281407,0.4871830888108886,0.4100598785384207
F000502,0.0,0.3472361809045226,0.3888888888888889,0.4811252243246881,0.0,1.0,1.0,1.0,0.0,real,3,0.3701005025125628,0.3472361809045226,0.49271356783919595,0.369535175879397,0.27622702078230343,0.3556853520113128
F000503,0.0483797153000638,0.7306532663316583,0.6805555555555556,0.6254627916220946,0.0,1.0,1.0,1.0,0.0,real,3,0.3701005025125628,0.7306532663316583,0.714824120603015,0.5361180904522613,0.31732863437791975,0.5373544070856797
F000504,0.25,0.907286432160804,0.75,0.5,0.25,1.0,1.0,1.0,0.25,real,3,0.8304020100502513,0.907286432160804,0.5492462311557789,0.41193467336683415,0.6432485922072675,0.8756150728516958
F000505,0.0,0.3472361809045226,0.4722222222222222,0.4194352464039305,0.0,1.0,1.0,1.0,0.0,real,3,0.3701005025125628,0.3472361809045226,0.43366834170854274,0.32525125628140705,0.26530068685134217,0.35467283023155977
F000506,0.25,0.907286432160804,0.75,0.5,0.0,1.0,1.0,1.0,0.0,real,3,0.3701005025125628,0.907286432160804,0.5492462311557789,0.41193467336683415,0.2866884043332239,0.6860009216938967
F000507,0.0,0.3472361809045226,0.4444444444444444,1.0183501544346312,0.5,1.0,1.0,1.0,0.5,real,3,0.9587939698492463,0.3472361809045226,0.971356783919598,0.7285175879396986,0.945062498421757,0.7927667861922679
F000508,0.0483797153000638,0.7306532663316583,0.6805555555555556,0.6254627916220946,0.25,1.0,1.0,1.0,0.25,real,3,0.8304020100502513,0.7306532663316583,0.714824120603015,0.5361180904522613,0.7119966983156991,0.7841303723390824
F000509,0.0,0.3472361809045226,0.4583333333333333,1.0103629710818451,0.0,1.0,1.0,1.0,0.0,real,3,0.3701005025125628,0.3472361809045226,0.9660804020100503,0.7245603015075377,0.3638236723820106,0.3638027606626095
F000510,0.0,0.3472361809045226,0.0,0.0,0.0,1.0,1.0,1.0,0.0,real,3,0.3701005025125628,0.3472361809045226,0.00628140703517588,0.00471105527638191,0.1862126272063837,0.347343895987475
F000511,0.1504840084734488,0.8301507537688442,0.6388888888888888,0.2545875386086578,0.0,1.0,1.0,1.0,0.0,real,3,0.3701005025125628,0.8301507537688442,0.17336683417085427,0.1300251256281407,0.21713182747910406,0.7703326620539885
F000512,0.0,0.3472361809045226,0.5972222222222222,0.393817968854384,0.0,1.0,1.0,1.0,0.0,real,3,0.3701005025125628,0.3472361809045226,0.40251256281407033,0.3018844221105528,0.25953530213883486,0.3541385634201156
F000513,0.0,0.3472361809045226,0.4305555555555555,0.4738533919231106,0.0,1.0,1.0,1.0,0.0,real,3,0.3701005025125628,0.3472361809045226,0.48391959798994977,0.3629396984924623,0.2745996944521603,0.3555345508951794
F000514,0.0,0.3472361809045226,0.5138888888888888,0.2926570486903538,0.0,1.0,1.0,1.0,0.0,real,3,0.3701005025125628,0.3472361809045226,0.24949748743718592,0.18712311557788944,0.2312198239943436,0.3515146239993939
F000515,0.0,0.3472361809045226,0.0555555555555555,0.1924500897298752,0.0,1.0,1.0,1.0,0.0,real,3,0.3701005025125628,0.3472361809045226,0.09321608040201006,0.06991206030150754,0.2022999103557991,0.348834672735537
F000516,0.0,0.3472361809045226,0.2916666666666666,0.8036375634160796,0.0,1.0,1.0,1.0,0.0,real,3,0.3701005025125628,0.3472361809045226,0.9057788944723618,0.6793341708542714,0.35266486326102875,0.362768695866266
F000517,0.0,0.3472361809045226,0.5416666666666666,0.3818813079129867,0.0,1.0,1.0,1.0,0.0,real,3,0.3701005025125628,0.3472361809045226,0.3608040201005025,0.2706030150753769,0.2518171258301558,0.35342333526931136
F000518,0.1504840084734488,0.8301507537688442,0.6388888888888888,0.2545875386086578,0.25,1.0,1.0,1.0,0.25,real,3,0.8304020100502513,0.8301507537688442,0.17336683417085427,0.1300251256281407,0.4871830888108886,0.830183423398399
F000519,0.0,0.3472361809045226,0.4583333333333333,0.1443375672974064,0.0,1.0,1.0,1.0,0.0,real,3,0.3701005025125628,0.3472361809045226,0.06155778894472362,0.04616834170854271,0.19644153556728366,0.34829178871745664
F000520,0.0,0.3472361809045226,0.5277777777777778,0.4194352464039305,0.0,1.0,1.0,1.0,0.0,real,3,0.3701005025125628,0.3472361809045226,0.43366834170854274,0.32525125628140705,0.26530068685134217,0.35467283023155977
F000521,0.0,0.3472361809045226,0.375,1.0897247358851685,0.5,1.0,1.0,1.0,0.5,real,3,0.9587939698492463,0.3472361809045226,0.9899497487437185,0.7424623115577889,0.9539759096992501,0.8012947905355925
F000522,0.0,0.3472361809045226,0.3472222222222222,0.488288773090193,0.0,1.0,1.0,1.0,0.0,real,3,0.3701005025125628,0.3472361809045226,0.514070351758794,0.38555276381909553,0.2801790990126512,0.3560515832933512
F000523,0.0,0.3472361809045226,0.1805555555555555,0.1272937693043289,0.0,1.0,1.0,1.0,0.0,real,3,0.3701005025125628,0.3472361809045226,0.04195979899497487,0.031469849246231155,0.1928149226029646,0.3479557176586449
F000524,0.0,0.3472361809045226,0.4722222222222222,0.4194352464039305,0.0,1.0,1.0,1.0,0.0,real,3,0.3701005025125628,0.3472361809045226,0.43366834170854274,0.32525125628140705,0.26530068685134217,0.35467283023155977
F000525,0.0,0.3472361809045226,0.4444444444444444,0.1924500897298753,0.0,1.0,1.0,1.0,0.0,real,3,0.3701005025125628,0.3472361809045226,0.10150753768844221,0.07613065326633166,0.2038342466099341,0.3489768566450342
F000526,0.0,0.3472361809045226,0.3055555555555556,0.7876359377087682,0.0,1.0,1.0,1.0,0.0,real,3,0.3701005025125628,0.3472361809045226,0.9,0.675,0.35159547738693464,0.36266959798994974
F000527,0.0,0.3472361809045226,0.4583333333333333,0.1443375672974064,0.25,1.0,1.0,1.0,0.25,real,3,0.8304020100502513,0.3472361809045226,0.06155778894472362,0.04616834170854271,0.44075986086209945,0.36954314600641397
F000528,0.0483797153000638,0.7306532663316583,0.6805555555555556,0.6254627916220946,0.0,1.0,1.0,1.0,0.0,real,3,0.3701005025125628,0.7306532663316583,0.714824120603015,0.5361180904522613,0.31732863437791975,0.5373544070856797
F000529,0.0521012318616071,0.742713567839196,0.6944444444444444,0.6735753140545634,0.0,1.0,1.0,1.0,0.0,real,3,0.3701005025125628,0.742713567839196,0.8133165829145729,0.6099874371859296,0.3355546892755234,0.5154242790586097
F000530,0.0,0.3472361809045226,0.2361111111111111,0.2097176232019652,0.0,1.0,1.0,1.0,0.0,real,3,0.3701005025125628,0.3472361809045226,0.10854271356783919,0.0814070351758794,0.20513610767404863,0.34909749753794095
F000531,0.0,0.3472361809045226,0.3333333333333333,0.5773502691896258,0.0,1.0,1.0,1.0,0.0,real,3,0.3701005025125628,0.3472361809045226,0.6758793969849246,0.5069095477386935,0.3101219034872857,0.3588263238302063
F000532,0.0,0.3472361809045226,0.6666666666666666,0.7637626158259733,0.5,1.0,1.0,1.0,0.5,real,3,0.9587939698492463,0.3472361809045226,0.8768844221105527,0.6576633165829145,0.8997727330117926,0.7494353046640236
F000533,0.061411169010459,0.7545226130653266,0.6527777777777778,0.488288773090193,0.25,1.0,1.0,1.0,0.25,real,3,0.8304020100502513,0.7545226130653266,0.514070351758794,0.38555276381909553,0.6286435317289967,0.7837781242897908
F000534,0.0,0.3472361809045226,0.25,0.5,0.0,1.0,1.0,1.0,0.0,real,3,0.3701005025125628,0.3472361809045226,0.5492462311557789,0.41193467336683415,0.2866884043332239,0.3566547877578849
F000535,0.1077083611333555,0.7869346733668342,0.5972222222222222,0.1734721666221776,0.0,1.0,1.0,1.0,0.0,real,3,0.3701005025125628,0.7869346733668342,0.07562814070351759,0.05672110552763819,0.19904525769551273,0.7632913783742835
F000536,0.0,0.3472361809045226,0.7083333333333334,1.0103629710818451,0.0,1.0,1.0,1.0,0.0,real,3,0.3701005025125628,0.3472361809045226,0.9660804020100503,0.7245603015075377,0.3638236723820106,0.3638027606626095
F000537,0.0,0.3472361809045226,0.5972222222222222,0.393817968854384,0.0,1.0,1.0,1.0,0.0,real,3,0.3701005025125628,0.3472361809045226,0.40251256281407033,0.3018844221105528,0.25953530213883486,0.3541385634201156
F000538,0.0,0.3472361809045226,0.2916666666666666,0.6291528696058958,0.5,1.0,1.0,1.0,0.5,real,3,0.9587939698492463,0.3472361809045226,0.7339195979899498,0.5504396984924623,0.8312358273780965,0.6838618658619733
F000539,0.2224894150898172,0.8891959798994975,0.7916666666666667,0.7216878364870323,0.0,1.0,1.0,1.0,0.0,real,3,0.3701005025125628,0.8891959798994975,0.8472361809045226,0.6354271356783919,0.3418315194060756,0.5593486275599101
F000540,0.5949284529178934,0.992211055276382,0.8611111111111112,0.2545875386086578,0.0,1.0,1.0,1.0,0.0,real,3,0.3701005025125628,0.992211055276382,0.17336683417085427,0.1300251256281407,0.21713182747910406,0.9113210524986743
F000541,0.25,0.907286432160804,0.75,0.5,0.0,1.0,1.0,1.0,0.0,real,3,0.3701005025125628,0.907286432160804,0.5492462311557789,0.41193467336683415,0.2866884043332239,0.6860009216938967
F000542,0.0,0.3472361809045226,0.6111111111111112,0.693888666488711,0.0,1.0,1.0,1.0,0.0,real,3,0.3701005025125628,0.3472361809045226,0.828894472361809,0.6216708542713567,0.338437381631777,0.361450263250928
F000543,0.0,0.3472361809045226,0.375,0.25,0.5,1.0,1.0,1.0,0.5,real,3,0.9587939698492463,0.3472361809045226,0.13618090452261306,0.10213567839195979,0.5446816999570717,0.4096980505542789
F000544,0.0,0.3472361809045226,0.5694444444444444,0.4276334532872403,0.25,1.0,1.0,1.0,0.25,real,3,0.8304020100502513,0.3472361809045226,0.4505025125628141,0.33787688442211056,0.6022501010075504,0.5104867459155071
F000545,0.0,0.3472361809045226,0.4305555555555555,0.9871864246620478,0.0,1.0,1.0,1.0,0.0,real,3,0.3701005025125628,0.3472361809045226,0.9590452261306532,0.7192839195979899,0.362521811317896,0.36368211976970277
F000546,0.0,0.3472361809045226,0.5277777777777778,0.8221471437193746,0.0,1.0,1.0,1.0,0.0,real,3,0.3701005025125628,0.3472361809045226,0.9118090452261306,0.6838567839195979,0.35378074417312694,0.3628721023459004
F000547,0.0,0.3472361809045226,0.5138888888888888,0.2926570486903538,0.0,1.0,1.0,1.0,0.0,real,3,0.3701005025125628,0.3472361809045226,0.24949748743718592,0.18712311557788944,0.2312198239943436,0.3515146239993939
F000548,0.0,0.3472361809045226,0.4583333333333333,1.0103629710818451,0.0,1.0,1.0,1.0,0.0,real,3,0.3701005025125628,0.3472361809045226,0.9660804020100503,0.7245603015075377,0.3638236723820106,0.3638027606626095
F000549,0.0,0.3472361809045226,0.5972222222222222,0.393817968854384,0.0,1.0,1.0,1.0,0.0,real,3,0.3701005025125628,0.3472361809045226,0.40251256281407033,0.3018844221105528,0.25953530213883486,0.3541385634201156
F000550,0.0,0.3472361809045226,0.3611111111111111,0.2545875386086578,0.0,1.0,1.0,1.0,0.0,real,3,0.3701005025125628,0.3472361809045226,0.17336683417085427,0.1300251256281407,0.21713182747910406,0.3502091171940102
F000551,0.0,0.3472361809045226,0.6111111111111112,1.0715167512214396,0.0,1.0,1.0,1.0,0.0,real,3,0.3701005025125628,0.3472361809045226,0.9834170854271357,0.7375628140703517,0.36703183000429285,0.36410005429155834
F000552,0.0,0.3472361809045226,0.125,0.25,0.0,1.0,1.0,1.0,0.0,real,3,0.3701005025125628,0.3472361809045226,0.13618090452261306,0.10213567839195979,0.2102505618544986,0.3495714439029317
F000553,0.25,0.907286432160804,0.75,0.5,0.0,1.0,1.0,1.0,0.0,real,3,0.3701005025125628,0.907286432160804,0.5492462311557789,0.41193467336683415,0.2866884043332239,0.6860009216938967
F000554,0.0,0.3472361809045226,0.4444444444444445,0.6735753140545634,0.0,1.0,1.0,1.0,0.0,real,3,0.3701005025125628,0.3472361809045226,0.8133165829145729,0.6099874371859296,0.3355546892755234,0.36118312984520595
F000555,0.0,0.3472361809045226,0.5694444444444444,0.4276334532872403,0.0,1.0,1.0,1.0,0.0,real,3,0.3701005025125628,0.3472361809045226,0.4505025125628141,0.33787688442211056,0.2684158543976162,0.3549615066538724
F000556,0.0,0.3472361809045226,0.1666666666666666,0.2886751345948128,0.25,1.0,1.0,1.0,0.25,real,3,0.8304020100502513,0.3472361809045226,0.20376884422110553,0.15282663316582915,0.49980603393853695,0.42107678783364055
F000557,0.0446581987385203,0.7221105527638191,0.6666666666666666,0.5773502691896258,0.0,1.0,1.0,1.0,0.0,real,3,0.3701005025125628,0.7221105527638191,0.6758793969849246,0.5069095477386935,0.3101219034872857,0.54367329739148
F000558,0.0,0.3472361809045226,0.4722222222222222,0.4194352464039305,0.25,1.0,1.0,1.0,0.25,real,3,0.8304020100502513,0.3472361809045226,0.43366834170854274,0.32525125628140705,0.5952605363500922,0.5043864738264185
F000559,0.2224894150898172,0.8891959798994975,0.7916666666666667,0.7216878364870323,0.0,1.0,1.0,1.0,0.0,real,3,0.3701005025125628,0.8891959798994975,0.8472361809045226,0.6354271356783919,0.3418315194060756,0.5593486275599101
F000560,0.0,0.3472361809045226,0.3333333333333333,0.5773502691896258,0.0,1.0,1.0,1.0,0.0,real,3,0.3701005025125628,0.3472361809045226,0.6758793969849246,0.5069095477386935,0.3101219034872857,0.3588263238302063
F000561,0.0,0.3472361809045226,0.375,0.4330127018922193,0.0,1.0,1.0,1.0,0.0,real,3,0.3701005025125628,0.3472361809045226,0.4663316582914573,0.349748743718593,0.2713450417918739,0.35523294866291255
F000562,0.25,0.907286432160804,0.75,0.5,0.0,1.0,1.0,1.0,0.0,real,3,0.3701005025125628,0.907286432160804,0.5492462311557789,0.41193467336683415,0.2866884043332239,0.6860009216938967
F000563,0.0,0.3472361809045226,0.4444444444444444,0.1924500897298753,0.0,1.0,1.0,1.0,0.0,real,3,0.3701005025125628,0.3472361809045226,0.10150753768844221,0.07613065326633166,0.2038342466099341,0.3489768566450342
F000564,0.0,0.3472361809045226,0.1111111111111111,0.3849001794597505,0.0,1.0,1.0,1.0,0.0,real,3,0.3701005025125628,0.3472361809045226,0.3763819095477387,0.282286432160804,0.25469981818640947,0.3536904686750334
F000565,0.061411169010459,0.7545226130653266,0.6527777777777778,0.488288773090193,0.0,1.0,1.0,1.0,0.0,real,3,0.3701005025125628,0.7545226130653266,0.514070351758794,0.38555276381909553,0.2801790990126512,0.6063076058685386
F000566,0.0,0.3472361809045226,0.4027777777777778,0.393817968854384,0.0,1.0,1.0,1.0,0.0,real,3,0.3701005025125628,0.3472361809045226,0.40251256281407033,0.3018844221105528,0.25953530213883486,0.3541385634201156
F000567,0.0,0.3472361809045226,0.2222222222222222,0.5091750772173156,0.25,1.0,1.0,1.0,0.25,real,3,0.8304020100502513,0.3472361809045226,0.592462311557789,0.4443467336683417,0.6611919522234287,0.5619293389055832
F000568,0.0,0.3472361809045226,0.2222222222222222,0.0962250448649376,0.5,1.0,1.0,1.0,0.5,real,3,0.9587939698492463,0.3472361809045226,0.022110552763819097,0.016582914572864323,0.48999671725461474,0.35737759147496273
F000569,0.0,0.3472361809045226,0.4027777777777778,0.1734721666221777,0.0,1.0,1.0,1.0,0.0,real,3,0.3701005025125628,0.3472361809045226,0.08417085427135679,0.06312814070351759,0.20062608898765183,0.34867956301608544
F000570,0.0,0.3472361809045226,0.2916666666666666,0.6291528696058958,0.25,1.0,1.0,1.0,0.25,real,3,0.8304020100502513,0.3472361809045226,0.7339195979899498,0.5504396984924623,0.7199251597181889,0.613189834221358
F000571,0.0,0.3472361809045226,0.3194444444444444,0.3757708127352411,0.0,1.0,1.0,1.0,0.0,real,3,0.3701005025125628,0.3472361809045226,0.3314070351758794,0.24855527638190955,0.24637720638367716,0.35291922868109393
F000572,0.01116454968463,0.6977386934673366,0.5416666666666666,0.1443375672974064,0.0,1.0,1.0,1.0,0.0,real,3,0.3701005025125628,0.6977386934673366,0.06155778894472362,0.04616834170854271,0.19644153556728366,0.6826121815105679
F000573,0.2224894150898172,0.8891959798994975,0.7916666666666667,0.7216878364870323,0.0,1.0,1.0,1.0,0.0,real,3,0.3701005025125628,0.8891959798994975,0.8472361809045226,0.6354271356783919,0.3418315194060756,0.5593486275599101
F000574,0.0,0.3472361809045226,0.3333333333333333,1.1547005383792517,0.0,1.0,1.0,1.0,0.0,real,3,0.3701005025125628,0.3472361809045226,0.9977386934673367,0.7483040201005025,0.369682047170526,0.36434564468068986
F000575,0.1504840084734488,0.8301507537688442,0.6388888888888888,0.2545875386086578,0.0,1.0,1.0,1.0,0.0,real,3,0.3701005025125628,0.8301507537688442,0.17336683417085427,0.1300251256281407,0.21713182747910406,0.7703326620539885
F000576,0.0,0.3472361809045226,0.2777777777777778,0.0962250448649376,0.5,1.0,1.0,1.0,0.5,real,3,0.9587939698492463,0.3472361809045226,0.022110552763819097,0.016582914572864323,0.48999671725461474,0.35737759147496273
F000577,0.0521012318616071,0.742713567839196,0.6944444444444444,0.6735753140545634,0.0,1.0,1.0,1.0,0.0,real,3,0.3701005025125628,0.742713567839196,0.8133165829145729,0.6099874371859296,0.3355546892755234,0.5154242790586097
F000578,0.25,0.907286432160804,0.75,0.5,0.25,1.0,1.0,1.0,0.25,real,3,0.8304020100502513,0.907286432160804,0.5492462311557789,0.41193467336683415,0.6432485922072675,0.8756150728516958
F000579,0.0223290993692601,0.7115577889447237,0.5833333333333334,0.2886751345948129,0.0,1.0,1.0,1.0,0.0,real,3,0.3701005025125628,0.7115577889447237,0.22688442211055276,0.17016331658291456,0.22703527057397543,0.6534542846140249
F000580,0.0,0.3472361809045226,0.3888888888888889,0.693888666488711,0.25,1.0,1.0,1.0,0.25,real,3,0.8304020100502513,0.3472361809045226,0.828894472361809,0.6216708542713567,0.75935882300952,0.647606294664276
F000581,0.0,0.3472361809045226,0.6111111111111112,0.693888666488711,0.0,1.0,1.0,1.0,0.0,real,3,0.3701005025125628,0.3472361809045226,0.828894472361809,0.6216708542713567,0.338437381631777,0.361450263250928
F000582,0.1485783278408043,0.8120603015075377,0.7361111111111112,0.6472877887628358,0.0,1.0,1.0,1.0,0.0,real,3,0.3701005025125628,0.8120603015075377,0.771105527638191,0.5783291457286432,0.3277435228908361,0.556462068508371
F000583,0.0,0.3472361809045226,0.625,0.6614378277661477,0.0,1.0,1.0,1.0,0.0,real,3,0.3701005025125628,0.3472361809045226,0.7871859296482412,0.5903894472361809,0.3307192053230979,0.3607350351001237
F000584,0.0,0.3472361809045226,0.7083333333333334,1.0103629710818451,0.0,1.0,1.0,1.0,0.0,real,3,0.3701005025125628,0.3472361809045226,0.9660804020100503,0.7245603015075377,0.3638236723820106,0.3638027606626095
F000585,0.0,0.3472361809045226,0.5694444444444444,0.4276334532872403,0.0,1.0,1.0,1.0,0.0,real,3,0.3701005025125628,0.3472361809045226,0.4505025125628141,0.33787688442211056,0.2684158543976162,0.3549615066538724
F000586,0.0521012318616071,0.742713567839196,0.6944444444444444,0.6735753140545634,0.0,1.0,1.0,1.0,0.0,real,3,0.3701005025125628,0.742713567839196,0.8133165829145729,0.6099874371859296,0.3355546892755234,0.5154242790586097
F000587,0.0,0.3472361809045226,0.2638888888888888,0.4110735718596873,0.0,1.0,1.0,1.0,0.0,real,3,0.3701005025125628,0.3472361809045226,0.42135678391959797,0.3160175879396985,0.2630224299891417,0.354461708668973
F000588,0.0,0.3472361809045226,0.6111111111111112,0.4811252243246882,0.0,1.0,1.0,1.0,0.0,real,3,0.3701005025125628,0.3472361809045226,0.4979899497487437,0.3734924623115578,0.2772034165803894,0.3557758326809929
F000589,0.0,0.3472361809045226,0.3888888888888889,0.6309898162000305,0.0,1.0,1.0,1.0,0.0,real,3,0.3701005025125628,0.3472361809045226,0.7530150753768844,0.5647613065326633,0.3243958801545415,0.3601490650488624
F000590,0.0,0.3472361809045226,0.3888888888888889,0.3849001794597506,0.0,1.0,1.0,1.0,0.0,real,3,0.3701005025125628,0.3472361809045226,0.385929648241206,0.2894472361809045,0.2564666296305649,0.3538541956011212
F000591,0.0,0.3472361809045226,0.6805555555555556,0.8988160937424132,0.0,1.0,1.0,1.0,0.0,real,3,0.3701005025125628,0.3472361809045226,0.9434673366834171,0.7076005025125628,0.3596391189616424,0.36341498636398073
F000592,0.0,0.3472361809045226,0.2916666666666666,0.6291528696058958,0.0,1.0,1.0,1.0,0.0,real,3,0.3701005025125628,0.3472361809045226,0.7339195979899498,0.5504396984924623,0.3208622572662307,0.35982161119668693
F000593,0.0,0.3472361809045226,0.5138888888888888,0.2926570486903538,0.0,1.0,1.0,1.0,0.0,real,3,0.3701005025125628,0.3472361809045226,0.24949748743718592,0.18712311557788944,0.2312198239943436,0.3515146239993939
F000594,0.0,0.3472361809045226,0.5694444444444444,0.4738533919231106,0.0,1.0,1.0,1.0,0.0,real,3,0.3701005025125628,0.3472361809045226,0.48391959798994977,0.3629396984924623,0.2745996944521603,0.3555345508951794
F000595,0.0,0.3472361809045226,0.3888888888888889,0.6309898162000305,0.25,1.0,1.0,1.0,0.25,real,3,0.8304020100502513,0.3472361809045226,0.7530150753768844,0.5647613065326633,0.7278536211206788,0.6201095458448018
F000596,0.0,0.3472361809045226,0.4583333333333333,0.1443375672974064,0.25,1.0,1.0,1.0,0.25,real,3,0.8304020100502513,0.3472361809045226,0.06155778894472362,0.04616834170854271,0.44075986086209945,0.36954314600641397
F000597,0.0,0.3472361809045226,0.3055555555555556,0.7876359377087682,0.0,1.0,1.0,1.0,0.0,real,3,0.3701005025125628,0.3472361809045226,0.9,0.675,0.35159547738693464,0.36266959798994974
F000598,0.0,0.3472361809045226,0.1666666666666666,0.2886751345948128,0.0,1.0,1.0,1.0,0.0,real,3,0.3701005025125628,0.3472361809045226,0.20376884422110553,0.15282663316582915,0.22275772707759908,0.3507304581955001
F000599,0.1020902318637188,0.7766331658291458,0.7083333333333334,0.6291528696058958,0.0,1.0,1.0,1.0,0.0,real,3,0.3701005025125628,0.7766331658291458,0.7339195979899498,0.5504396984924623,0.3208622572662307,0.5528614492058281
F000600,0.1020902318637188,0.7766331658291458,0.7083333333333334,0.6291528696058958,0.0,1.0,1.0,1.0,0.0,real,3,0.3701005025125628,0.7766331658291458,0.7339195979899498,0.5504396984924623,0.3208622572662307,0.5528614492058281
F000601,0.0,0.3472361809045226,0.5277777777777778,0.5853140973807078,0.5,1.0,1.0,1.0,0.5,real,3,0.9587939698492463,0.3472361809045226,0.6964824120603015,0.5223618090452261,0.8132885533193607,0.666690613873387
F000602,0.0,0.3472361809045226,0.25,0.5,0.0,1.0,1.0,1.0,0.0,real,3,0.3701005025125628,0.3472361809045226,0.5492462311557789,0.41193467336683415,0.2866884043332239,0.3566547877578849
F000603,0.01116454968463,0.6977386934673366,0.5416666666666666,0.1443375672974064,0.0,1.0,1.0,1.0,0.0,real,3,0.3701005025125628,0.6977386934673366,0.06155778894472362,0.04616834170854271,0.19644153556728366,0.6826121815105679
F000604,0.0,0.3472361809045226,0.4166666666666667,0.2886751345948129,0.0,1.0,1.0,1.0,0.0,real,3,0.3701005025125628,0.3472361809045226,0.22688442211055276,0.17016331658291456,0.22703527057397543,0.35112684970076513
F000605,0.1889957660359268,0.8582914572864322,0.6666666666666666,0.2886751345948129,0.0,1.0,1.0,1.0,0.0,real,3,0.3701005025125628,0.8582914572864322,0.22688442211055276,0.17016331658291456,0.22703527057397543,0.7752192652963309
F000606,0.0,0.3472361809045226,0.1527777777777777,0.3367876570272816,0.0,1.0,1.0,1.0,0.0,real,3,0.3701005025125628,0.3472361809045226,0.2698492462311558,0.20238693467336685,0.23498592207267494,0.35186362086815987
F000607,0.0,0.3472361809045226,0.5277777777777778,0.8221471437193746,0.0,1.0,1.0,1.0,0.0,real,3,0.3701005025125628,0.3472361809045226,0.9118090452261306,0.6838567839195979,0.35378074417312694,0.3628721023459004
F000608,0.25,0.907286432160804,0.75,0.5,0.0,1.0,1.0,1.0,0.0,real,3,0.3701005025125628,0.907286432160804,0.5492462311557789,0.41193467336683415,0.2866884043332239,0.6860009216938967
F000609,0.25,0.907286432160804,0.75,0.5,0.0,1.0,1.0,1.0,0.0,real,3,0.3701005025125628,0.907286432160804,0.5492462311557789,0.41193467336683415,0.2866884043332239,0.6860009216938967
F000610,0.5853276880479024,0.9879396984924624,0.8888888888888888,0.3849001794597506,0.0,1.0,1.0,1.0,0.0,real,3,0.3701005025125628,0.9879396984924624,0.385929648241206,0.2894472361809045,0.2564666296305649,0.8091078508118482
F000611,0.061411169010459,0.7545226130653266,0.6527777777777778,0.488288773090193,0.0,1.0,1.0,1.0,0.0,real,3,0.3701005025125628,0.7545226130653266,0.514070351758794,0.38555276381909553,0.2801790990126512,0.6063076058685386
F000612,0.061411169010459,0.7545226130653266,0.6527777777777778,0.488288773090193,0.0,1.0,1.0,1.0,0.0,real,3,0.3701005025125628,0.7545226130653266,0.514070351758794,0.38555276381909553,0.2801790990126512,0.6063076058685386
F000613,0.1889957660359268,0.8582914572864322,0.6666666666666666,0.2886751345948129,0.25,1.0,1.0,1.0,0.25,real,3,0.8304020100502513,0.8582914572864322,0.22688442211055276,0.17016331658291456,0.509403645109972,0.8535456964470595
F000614,0.0,0.3472361809045226,0.5138888888888888,0.2926570486903538,0.0,1.0,1.0,1.0,0.0,real,3,0.3701005025125628,0.3472361809045226,0.24949748743718592,0.18712311557788944,0.2312198239943436,0.3515146239993939
F000615,0.0,0.3472361809045226,0.3333333333333333,0.5773502691896258,0.0,1.0,1.0,1.0,0.0,real,3,0.3701005025125628,0.3472361809045226,0.6758793969849246,0.5069095477386935,0.3101219034872857,0.3588263238302063
F000616,0.4229189661767951,0.9630653266331658,0.7638888888888888,0.2097176232019653,0.0,1.0,1.0,1.0,0.0,real,3,0.3701005025125628,0.9630653266331658,0.11809045226130653,0.0885678391959799,0.20690291911820408,0.9105477134415798
F000617,0.0,0.3472361809045226,0.4444444444444444,0.1924500897298753,0.0,1.0,1.0,1.0,0.0,real,3,0.3701005025125628,0.3472361809045226,0.10150753768844221,0.07613065326633166,0.2038342466099341,0.3489768566450342
F000618,0.2974642264589466,0.9216080402010052,0.6805555555555556,0.1272937693043289,0.0,1.0,1.0,1.0,0.0,real,3,0.3701005025125628,0.9216080402010052,0.04195979899497487,0.031469849246231155,0.1928149226029646,0.9042521811317897
F000619,0.061411169010459,0.7545226130653266,0.6527777777777778,0.488288773090193,0.0,1.0,1.0,1.0,0.0,real,3,0.3701005025125628,0.7545226130653266,0.514070351758794,0.38555276381909553,0.2801790990126512,0.6063076058685386
F000620,0.0,0.3472361809045226,0.1527777777777777,0.3367876570272816,0.0,1.0,1.0,1.0,0.0,real,3,0.3701005025125628,0.3472361809045226,0.2698492462311558,0.20238693467336685,0.23498592207267494,0.35186362086815987
F000621,0.125,0.7962311557788945,0.625,0.25,0.0,1.0,1.0,1.0,0.0,real,3,0.3701005025125628,0.7962311557788945,0.13618090452261306,0.10213567839195979,0.2102505618544986,0.7527080124239286
F000622,0.0,0.3472361809045226,0.5694444444444444,0.4738533919231106,0.0,1.0,1.0,1.0,0.0,real,3,0.3701005025125628,0.3472361809045226,0.48391959798994977,0.3629396984924623,0.2745996944521603,0.3555345508951794
F000623,0.3779915320718537,0.9507537688442212,0.8333333333333333,0.5773502691896258,0.0,1.0,1.0,1.0,0.0,real,3,0.3701005025125628,0.9507537688442212,0.6758793969849246,0.5069095477386935,0.3101219034872857,0.6564150842150451
F000624,0.0446581987385203,0.7221105527638191,0.6666666666666666,0.5773502691896258,0.0,1.0,1.0,1.0,0.0,real,3,0.3701005025125628,0.7221105527638191,0.6758793969849246,0.5069095477386935,0.3101219034872857,0.54367329739148
F000625,0.4376389444889332,0.9698492462311558,0.8055555555555556,0.3469443332443555,0.0,1.0,1.0,1.0,0.0,real,3,0.3701005025125628,0.9698492462311558,0.3135678391959799,0.23517587939698492,0.24307605868538676,0.8288028080098988
F000626,0.0,0.3472361809045226,0.2777777777777778,0.5091750772173156,0.5,1.0,1.0,1.0,0.5,real,3,0.9587939698492463,0.3472361809045226,0.592462311557789,0.4443467336683417,0.7634216307668998,0.6189798868715436
F000627,0.0,0.3472361809045226,0.1944444444444444,0.3469443332443554,0.5,1.0,1.0,1.0,0.5,real,3,0.9587939698492463,0.3472361809045226,0.2914572864321608,0.2185929648241206,0.6191207292745132,0.48091841115123357
F000628,0.1020902318637188,0.7766331658291458,0.7083333333333334,0.6291528696058958,0.25,1.0,1.0,1.0,0.25,real,3,0.8304020100502513,0.7766331658291458,0.7339195979899498,0.5504396984924623,0.7199251597181889,0.8062296722304992
F000629,0.0,0.3472361809045226,0.5,0.0,0.0,1.0,1.0,1.0,0.0,real,3,0.3701005025125628,0.3472361809045226,0.00628140703517588,0.00471105527638191,0.1862126272063837,0.347343895987475
F000630,0.0,0.3472361809045226,0.2916666666666666,0.3818813079129866,0.0,1.0,1.0,1.0,0.0,real,3,0.3701005025125628,0.3472361809045226,0.34723618090452263,0.260427135678392,0.2493063937779349,0.35319067069013405
F000631,0.0,0.3472361809045226,0.4166666666666667,0.2886751345948129,0.5,1.0,1.0,1.0,0.5,real,3,0.9587939698492463,0.3472361809045226,0.22688442211055276,0.17016331658291456,0.5881646928107876,0.45130088255347084
F000632,0.0,0.3472361809045226,0.3333333333333333,0.5773502691896258,0.0,1.0,1.0,1.0,0.0,real,3,0.3701005025125628,0.3472361809045226,0.6758793969849246,0.5069095477386935,0.3101219034872857,0.3588263238302063
F000633,0.0,0.3472361809045226,0.5972222222222222,0.393817968854384,0.5,1.0,1.0,1.0,0.5,real,3,0.9587939698492463,0.3472361809045226,0.40251256281407033,0.3018844221105528,0.6723602939319714,0.5318559506073078
F000634,0.0,0.3472361809045226,0.4722222222222222,0.5853140973807078,0.0,1.0,1.0,1.0,0.0,real,3,0.3701005025125628,0.3472361809045226,0.6964824120603015,0.5223618090452261,0.3139344966036211,0.3591796293022903
F000635,0.0483797153000638,0.7306532663316583,0.6805555555555556,0.6254627916220946,0.25,1.0,1.0,1.0,0.25,real,3,0.8304020100502513,0.7306532663316583,0.714824120603015,0.5361180904522613,0.7119966983156991,0.7841303723390824
F000636,0.0,0.3472361809045226,0.5972222222222222,0.393817968854384,0.0,1.0,1.0,1.0,0.0,real,3,0.3701005025125628,0.3472361809045226,0.40251256281407033,0.3018844221105528,0.25953530213883486,0.3541385634201156
F000637,0.0,0.3472361809045226,0.4722222222222222,0.5853140973807078,0.0,1.0,1.0,1.0,0.0,real,3,0.3701005025125628,0.3472361809045226,0.6964824120603015,0.5223618090452261,0.3139344966036211,0.3591796293022903
F000638,0.0,0.3472361809045226,0.5694444444444444,0.4738533919231106,0.0,1.0,1.0,1.0,0.0,real,3,0.3701005025125628,0.3472361809045226,0.48391959798994977,0.3629396984924623,0.2745996944521603,0.3555345508951794
F000639,0.0,0.3472361809045226,0.4166666666666667,0.2886751345948129,0.0,1.0,1.0,1.0,0.0,real,3,0.3701005025125628,0.3472361809045226,0.22688442211055276,0.17016331658291456,0.22703527057397543,0.35112684970076513
F000640,0.0,0.3472361809045226,0.4861111111111111,0.2926570486903539,0.0,1.0,1.0,1.0,0.0,real,3,0.3701005025125628,0.3472361809045226,0.2608040201005025,0.1956030150753769,0.23331210070452765,0.3517085111487083
F000641,0.1898569058357866,0.8683417085427135,0.7222222222222222,0.5091750772173156,0.0,1.0,1.0,1.0,0.0,real,3,0.3701005025125628,0.8683417085427135,0.592462311557789,0.4443467336683417,0.29468555086992754,0.6469498560642407
F000642,0.0,0.3472361809045226,0.6111111111111112,0.6309898162000305,0.0,1.0,1.0,1.0,0.0,real,3,0.3701005025125628,0.3472361809045226,0.7530150753768844,0.5647613065326633,0.3243958801545415,0.3601490650488624
F000643,0.0,0.3472361809045226,0.6666666666666666,1.1547005383792517,0.0,1.0,1.0,1.0,0.0,real,3,0.3701005025125628,0.3472361809045226,0.9977386934673367,0.7483040201005025,0.369682047170526,0.36434564468068986
F000644,0.5752420042367246,0.985678391959799,0.8194444444444444,0.1272937693043289,0.0,1.0,1.0,1.0,0.0,real,3,0.3701005025125628,0.985678391959799,0.04195979899497487,0.031469849246231155,0.1928149226029646,0.9663062485795813
F000645,0.0,0.3472361809045226,0.5,1.0,0.25,1.0,1.0,1.0,0.25,real,3,0.8304020100502513,0.3472361809045226,0.9625628140703517,0.7219221105527638,0.8148580528269488,0.6960442760283831
F000646,0.061411169010459,0.7545226130653266,0.6527777777777778,0.488288773090193,0.0,1.0,1.0,1.0,0.0,real,3,0.3701005025125628,0.7545226130653266,0.514070351758794,0.38555276381909553,0.2801790990126512,0.6063076058685386
F000647,0.0,0.3472361809045226,0.5,0.5,0.0,1.0,1.0,1.0,0.0,real,3,0.3701005025125628,0.3472361809045226,0.5492462311557789,0.41193467336683415,0.2866884043332239,0.3566547877578849
F000648,0.0,0.3472361809045226,0.0,0.0,0.0,1.0,1.0,1.0,0.0,real,3,0.3701005025125628,0.3472361809045226,0.00628140703517588,0.00471105527638191,0.1862126272063837,0.347343895987475
F000649,0.0,0.3472361809045226,0.1111111111111111,0.3849001794597505,0.0,1.0,1.0,1.0,0.0,real,3,0.3701005025125628,0.3472361809045226,0.3763819095477387,0.282286432160804,0.25469981818640947,0.3536904686750334
F000650,0.0,0.3472361809045226,0.4583333333333333,0.1443375672974064,0.25,1.0,1.0,1.0,0.25,real,3,0.8304020100502513,0.3472361809045226,0.06155778894472362,0.04616834170854271,0.44075986086209945,0.36954314600641397
F000651,0.0,0.3472361809045226,0.3888888888888889,0.693888666488711,0.0,1.0,1.0,1.0,0.0,real,3,0.3701005025125628,0.3472361809045226,0.828894472361809,0.6216708542713567,0.338437381631777,0.361450263250928
F000652,0.25,0.907286432160804,0.75,0.5,0.0,1.0,1.0,1.0,0.0,real,3,0.3701005025125628,0.907286432160804,0.5492462311557789,0.41193467336683415,0.2866884043332239,0.6860009216938967
F000653,0.0,0.3472361809045226,0.3888888888888889,1.0715167512214396,0.5,1.0,1.0,1.0,0.5,real,3,0.9587939698492463,0.3472361809045226,0.9834170854271357,0.7375628140703517,0.9508441706017525,0.7982984646852351
F000654,0.1485783278408043,0.8120603015075377,0.7361111111111112,0.6472877887628358,0.0,1.0,1.0,1.0,0.0,real,3,0.3701005025125628,0.8120603015075377,0.771105527638191,0.5783291457286432,0.3277435228908361,0.556462068508371
F000655,0.0,0.3472361809045226,0.3611111111111111,0.2545875386086578,0.0,1.0,1.0,1.0,0.0,real,3,0.3701005025125628,0.3472361809045226,0.17336683417085427,0.1300251256281407,0.21713182747910406,0.3502091171940102
F000656,0.0,0.3472361809045226,0.4305555555555555,0.4276334532872403,0.0,1.0,1.0,1.0,0.0,real,3,0.3701005025125628,0.3472361809045226,0.4505025125628141,0.33787688442211056,0.2684158543976162,0.3549615066538724
F000657,0.0,0.3472361809045226,0.2083333333333333,0.5204164998665333,0.0,1.0,1.0,1.0,0.0,real,3,0.3701005025125628,0.3472361809045226,0.6309045226130653,0.47317839195979894,0.30179929168455344,0.3580550838362667
F000658,0.0,0.3472361809045226,0.3055555555555556,0.3469443332443555,0.0,1.0,1.0,1.0,0.0,real,3,0.3701005025125628,0.3472361809045226,0.3135678391959799,0.23517587939698492,0.24307605868538676,0.352613317845509
F000659,0.0,0.3472361809045226,0.3333333333333333,0.2886751345948129,0.0,1.0,1.0,1.0,0.0,real,3,0.3701005025125628,0.3472361809045226,0.22688442211055276,0.17016331658291456,0.22703527057397543,0.35112684970076513
F000660,0.0,0.3472361809045226,0.2083333333333333,0.5204164998665333,0.25,1.0,1.0,1.0,0.25,real,3,0.8304020100502513,0.3472361809045226,0.6309045226130653,0.47317839195979894,0.6771531968889675,0.5758598109896215
F000661,0.0,0.3472361809045226,0.3194444444444444,0.8988160937424132,0.0,1.0,1.0,1.0,0.0,real,3,0.3701005025125628,0.3472361809045226,0.9434673366834171,0.7076005025125628,0.3596391189616424,0.36341498636398073
F000662,0.0,0.3472361809045226,0.5694444444444444,0.4738533919231106,0.5,1.0,1.0,1.0,0.5,real,3,0.9587939698492463,0.3472361809045226,0.48391959798994977,0.3629396984924623,0.7113865811469408,0.5691947804348375
F000663,0.0223290993692601,0.7115577889447237,0.5833333333333334,0.2886751345948129,0.25,1.0,1.0,1.0,0.25,real,3,0.8304020100502513,0.7115577889447237,0.22688442211055276,0.17016331658291456,0.509403645109972,0.7317807157647535
F000664,0.0,0.3472361809045226,0.5694444444444444,0.4276334532872403,0.0,1.0,1.0,1.0,0.0,real,3,0.3701005025125628,0.3472361809045226,0.4505025125628141,0.33787688442211056,0.2684158543976162,0.3549615066538724
F000665,0.5334936490538904,0.984422110552764,0.875,0.4330127018922193,0.0,1.0,1.0,1.0,0.0,real,3,0.3701005025125628,0.984422110552764,0.4663316582914573,0.349748743718593,0.2713450417918739,0.7695638999015177
F000666,0.0,0.3472361809045226,0.4305555555555555,0.9871864246620478,0.0,1.0,1.0,1.0,0.0,real,3,0.3701005025125628,0.3472361809045226,0.9590452261306532,0.7192839195979899,0.362521811317896,0.36368211976970277
F000667,0.0,0.3472361809045226,0.5,0.5,0.5,1.0,1.0,1.0,0.5,real,3,0.9587939698492463,0.3472361809045226,0.5492462311557789,0.41193467336683415,0.7427039721219161,0.5991580389384106
F000668,0.0669872981077807,0.7638190954773869,0.75,0.8660254037844386,0.0,1.0,1.0,1.0,0.0,real,3,0.3701005025125628,0.7638190954773869,0.9336683417085427,0.700251256281407,0.35782581247948286,0.4881171561324209
F000669,0.0,0.3472361809045226,0.1111111111111111,0.3849001794597505,0.0,1.0,1.0,1.0,0.0,real,3,0.3701005025125628,0.3472361809045226,0.3763819095477387,0.282286432160804,0.25469981818640947,0.3536904686750334
F000670,0.0,0.3472361809045226,0.5,0.0,0.0,1.0,1.0,1.0,0.0,real,3,0.3701005025125628,0.3472361809045226,0.00628140703517588,0.00471105527638191,0.1862126272063837,0.347343895987475
F000671,0.0,0.3472361809045226,0.3194444444444444,0.6254627916220946,0.0,1.0,1.0,1.0,0.0,real,3,0.3701005025125628,0.3472361809045226,0.714824120603015,0.5361180904522613,0.31732863437791975,0.3594941573445115
F000672,0.0,0.3472361809045226,0.6111111111111112,0.693888666488711,0.0,1.0,1.0,1.0,0.0,real,3,0.3701005025125628,0.3472361809045226,0.828894472361809,0.6216708542713567,0.338437381631777,0.361450263250928
F000673,0.0,0.3472361809045226,0.4305555555555555,0.4738533919231106,0.0,1.0,1.0,1.0,0.0,real,3,0.3701005025125628,0.3472361809045226,0.48391959798994977,0.3629396984924623,0.2745996944521603,0.3555345508951794
F000674,0.25,0.907286432160804,0.75,0.5,0.0,1.0,1.0,1.0,0.0,real,3,0.3701005025125628,0.907286432160804,0.5492462311557789,0.41193467336683415,0.2866884043332239,0.6860009216938967
F000675,0.0,0.3472361809045226,0.5277777777777778,0.4194352464039305,0.0,1.0,1.0,1.0,0.0,real,3,0.3701005025125628,0.3472361809045226,0.43366834170854274,0.32525125628140705,0.26530068685134217,0.35467283023155977
F000676,0.0,0.3472361809045226,0.375,0.4330127018922193,0.25,1.0,1.0,1.0,0.25,real,3,0.8304020100502513,0.3472361809045226,0.4663316582914573,0.349748743718593,0.6088223782227721,0.5162228226559935
F000677,0.5260506159308034,0.9814070351758792,0.8472222222222221,0.3367876570272817,0.0,1.0,1.0,1.0,0.0,real,3,0.3701005025125628,0.9814070351758792,0.2778894472361809,0.2084170854271357,0.23647376328880587,0.8540003093356228
F000678,0.0,0.3472361809045226,0.4305555555555555,0.4738533919231106,0.0,1.0,1.0,1.0,0.0,real,3,0.3701005025125628,0.3472361809045226,0.48391959798994977,0.3629396984924623,0.2745996944521603,0.3555345508951794
F000679,0.1485783278408043,0.8120603015075377,0.7361111111111112,0.6472877887628358,0.0,1.0,1.0,1.0,0.0,real,3,0.3701005025125628,0.8120603015075377,0.771105527638191,0.5783291457286432,0.3277435228908361,0.556462068508371
F000680,0.0,0.3472361809045226,0.5138888888888888,0.4589642122738418,0.0,1.0,1.0,1.0,0.0,real,3,0.3701005025125628,0.3472361809045226,0.47412060301507536,0.35559045226130653,0.27278638797000077,0.35536651536577357
F000681,0.0,0.3472361809045226,0.625,0.6614378277661477,0.25,1.0,1.0,1.0,0.25,real,3,0.8304020100502513,0.3472361809045226,0.7871859296482412,0.5903894472361809,0.7420413941567132,0.6324921876972804
F000682,0.0521012318616071,0.742713567839196,0.6944444444444444,0.6735753140545634,0.0,1.0,1.0,1.0,0.0,real,3,0.3701005025125628,0.742713567839196,0.8133165829145729,0.6099874371859296,0.3355546892755234,0.5154242790586097
F000683,0.0,0.3472361809045226,0.375,0.25,0.0,1.0,1.0,1.0,0.0,real,3,0.3701005025125628,0.3472361809045226,0.13618090452261306,0.10213567839195979,0.2102505618544986,0.3495714439029317
F000684,0.0,0.3472361809045226,0.3333333333333333,0.5773502691896258,0.0,1.0,1.0,1.0,0.0,real,3,0.3701005025125628,0.3472361809045226,0.6758793969849246,0.5069095477386935,0.3101219034872857,0.3588263238302063
F000685,0.0,0.3472361809045226,0.3888888888888889,0.6309898162000305,0.0,1.0,1.0,1.0,0.0,real,3,0.3701005025125628,0.3472361809045226,0.7530150753768844,0.5647613065326633,0.3243958801545415,0.3601490650488624
F000686,0.0521012318616071,0.742713567839196,0.6944444444444444,0.6735753140545634,0.0,1.0,1.0,1.0,0.0,real,3,0.3701005025125628,0.742713567839196,0.8133165829145729,0.6099874371859296,0.3355546892755234,0.5154242790586097
F000687,0.3779915320718537,0.9507537688442212,0.8333333333333333,0.5773502691896258,0.25,1.0,1.0,1.0,0.25,real,3,0.8304020100502513,0.9507537688442212,0.6758793969849246,0.5069095477386935,0.6958268099290422,0.8897463132244137
F000688,0.0,0.3472361809045226,0.1388888888888888,0.2545875386086578,0.0,1.0,1.0,1.0,0.0,real,3,0.3701005025125628,0.3472361809045226,0.17336683417085427,0.1300251256281407,0.21713182747910406,0.3502091171940102
F000689,0.3779915320718537,0.9507537688442212,0.8333333333333333,0.5773502691896258,0.0,1.0,1.0,1.0,0.0,real,3,0.3701005025125628,0.9507537688442212,0.6758793969849246,0.5069095477386935,0.3101219034872857,0.6564150842150451
F000690,0.0,0.3472361809045226,0.4166666666666667,0.2886751345948129,0.0,1.0,1.0,1.0,0.0,real,3,0.3701005025125628,0.3472361809045226,0.22688442211055276,0.17016331658291456,0.22703527057397543,0.35112684970076513
F000691,0.0,0.3472361809045226,0.6388888888888888,0.7515416254704823,0.0,1.0,1.0,1.0,0.0,real,3,0.3701005025125628,0.3472361809045226,0.8610552763819096,0.6457914572864322,0.34438874649630064,0.3620017644756445
F000692,0.1020902318637188,0.7766331658291458,0.7083333333333334,0.6291528696058958,0.0,1.0,1.0,1.0,0.0,real,3,0.3701005025125628,0.7766331658291458,0.7339195979899498,0.5504396984924623,0.3208622572662307,0.5528614492058281
F000693,0.0,0.3472361809045226,0.4722222222222222,0.5853140973807078,0.0,1.0,1.0,1.0,0.0,real,3,0.3701005025125628,0.3472361809045226,0.6964824120603015,0.5223618090452261,0.3139344966036211,0.3591796293022903
F000694,0.0,0.3472361809045226,0.4583333333333333,0.3818813079129867,0.25,1.0,1.0,1.0,0.25,real,3,0.8304020100502513,0.3472361809045226,0.3608040201005025,0.2706030150753769,0.5650071967879599,0.4779823110527512
F000695,0.0,0.3472361809045226,0.5555555555555556,0.8388704928078611,0.5,1.0,1.0,1.0,0.5,real,3,0.9587939698492463,0.3472361809045226,0.9178391959798995,0.6883793969849246,0.9194063281230272,0.7682199628797253
F000696,0.1706553760958049,0.849748743718593,0.7777777777777777,0.769800358919501,0.0,1.0,1.0,1.0,0.0,real,3,0.3701005025125628,0.849748743718593,0.8879396984924623,0.6659547738693468,0.3493637155627383,0.5303247077094013
F000697,0.0,0.3472361809045226,0.4722222222222222,0.9179284245476838,0.0,1.0,1.0,1.0,0.0,real,3,0.3701005025125628,0.3472361809045226,0.9510050251256281,0.7132537688442211,0.36103397010176513,0.3635442444635236
F000698,0.0,0.3472361809045226,0.375,0.25,0.0,1.0,1.0,1.0,0.0,real,3,0.3701005025125628,0.3472361809045226,0.13618090452261306,0.10213567839195979,0.2102505618544986,0.3495714439029317
F000699,0.0,0.3472361809045226,0.4583333333333333,0.1443375672974064,0.0,1.0,1.0,1.0,0.0,real,3,0.3701005025125628,0.3472361809045226,0.06155778894472362,0.04616834170854271,0.19644153556728366,0.34829178871745664
F000700,0.1371617270419147,0.8030150753768844,0.6527777777777778,0.3367876570272817,0.0,1.0,1.0,1.0,0.0,real,3,0.3701005025125628,0.8030150753768844,0.2778894472361809,0.2084170854271357,0.23647376328880587,0.7127882818615692
F000701,0.0,0.3472361809045226,0.25,0.5,0.0,1.0,1.0,1.0,0.0,real,3,0.3701005025125628,0.3472361809045226,0.5492462311557789,0.41193467336683415,0.2866884043332239,0.3566547877578849
F000702,0.0,0.3472361809045226,0.3194444444444444,0.1272937693043289,0.25,1.0,1.0,1.0,0.25,real,3,0.8304020100502513,0.3472361809045226,0.04195979899497487,0.031469849246231155,0.43262275573849146,0.3624413367086689
F000703,0.0,0.3472361809045226,0.375,0.25,0.0,1.0,1.0,1.0,0.0,real,3,0.3701005025125628,0.3472361809045226,0.13618090452261306,0.10213567839195979,0.2102505618544986,0.3495714439029317
F000704,0.6889957660359269,0.9954773869346734,0.9166666666666669,0.2886751345948128,0.0,1.0,1.0,1.0,0.0,real,3,0.3701005025125628,0.9954773869346734,0.20376884422110553,0.15282663316582915,0.22275772707759908,0.8999031432287063
F000705,0.0,0.3472361809045226,0.4305555555555555,0.4276334532872403,0.0,1.0,1.0,1.0,0.0,real,3,0.3701005025125628,0.3472361809045226,0.4505025125628141,0.33787688442211056,0.2684158543976162,0.3549615066538724
F000706,0.0446581987385203,0.7221105527638191,0.6666666666666666,0.5773502691896258,0.0,1.0,1.0,1.0,0.0,real,3,0.3701005025125628,0.7221105527638191,0.6758793969849246,0.5069095477386935,0.3101219034872857,0.54367329739148
F000707,0.0,0.3472361809045226,0.5972222222222222,0.7561476438231223,0.25,1.0,1.0,1.0,0.25,real,3,0.8304020100502513,0.3472361809045226,0.8706030150753769,0.6529522613065326,0.7766762518623268,0.6627204016312719
F000708,0.0,0.3472361809045226,0.375,0.6614378277661477,0.0,1.0,1.0,1.0,0.0,real,3,0.3701005025125628,0.3472361809045226,0.7871859296482412,0.5903894472361809,0.3307192053230979,0.3607350351001237
F000709,0.1020902318637188,0.7766331658291458,0.7083333333333334,0.6291528696058958,0.0,1.0,1.0,1.0,0.0,real,3,0.3701005025125628,0.7766331658291458,0.7339195979899498,0.5504396984924623,0.3208622572662307,0.5528614492058281
F000710,0.0,0.3472361809045226,0.5694444444444444,0.5912165737164656,0.0,1.0,1.0,1.0,0.0,real,3,0.3701005025125628,0.3472361809045226,0.7,0.5249999999999999,0.3145854271356784,0.35923994974874374
F000711,0.0,0.3472361809045226,0.5138888888888888,0.2926570486903538,0.25,1.0,1.0,1.0,0.25,real,3,0.8304020100502513,0.3472361809045226,0.24949748743718592,0.18712311557788944,0.518792612560289,0.4376476761950455
F000712,0.0,0.3472361809045226,0.2222222222222222,0.0962250448649376,0.0,1.0,1.0,1.0,0.0,real,3,0.3701005025125628,0.3472361809045226,0.022110552763819097,0.016582914572864323,0.1891418146006414,0.34761533799651523
F000713,0.0,0.3472361809045226,0.375,0.4330127018922193,0.0,1.0,1.0,1.0,0.0,real,3,0.3701005025125628,0.3472361809045226,0.4663316582914573,0.349748743718593,0.2713450417918739,0.35523294866291255
F000714,0.1504840084734488,0.8301507537688442,0.6388888888888888,0.2545875386086578,0.0,1.0,1.0,1.0,0.0,real,3,0.3701005025125628,0.8301507537688442,0.17336683417085427,0.1300251256281407,0.21713182747910406,0.7703326620539885
F000715,0.1898569058357866,0.8683417085427135,0.7222222222222222,0.5091750772173156,0.0,1.0,1.0,1.0,0.0,real,3,0.3701005025125628,0.8683417085427135,0.592462311557789,0.4443467336683417,0.29468555086992754,0.6469498560642407
F000716,0.0334936490538903,0.7173366834170855,0.625,0.4330127018922193,0.0,1.0,1.0,1.0,0.0,real,3,0.3701005025125628,0.7173366834170855,0.4663316582914573,0.349748743718593,0.2713450417918739,0.5958912653720866
F000717,0.0,0.3472361809045226,0.4166666666666667,0.2886751345948129,0.5,1.0,1.0,1.0,0.5,real,3,0.9587939698492463,0.3472361809045226,0.22688442211055276,0.17016331658291456,0.5881646928107876,0.45130088255347084
F000718,0.0,0.3472361809045226,0.2777777777777778,0.0962250448649376,0.0,1.0,1.0,1.0,0.0,real,3,0.3701005025125628,0.3472361809045226,0.022110552763819097,0.016582914572864323,0.1891418146006414,0.34761533799651523
F000719,0.1020902318637188,0.7766331658291458,0.7083333333333334,0.6291528696058958,0.0,1.0,1.0,1.0,0.0,real,3,0.3701005025125628,0.7766331658291458,0.7339195979899498,0.5504396984924623,0.3208622572662307,0.5528614492058281
F000720,0.0,0.3472361809045226,0.5694444444444444,0.4738533919231106,0.0,1.0,1.0,1.0,0.0,real,3,0.3701005025125628,0.3472361809045226,0.48391959798994977,0.3629396984924623,0.2745996944521603,0.3555345508951794
F000721,0.0,0.3472361809045226,0.1805555555555555,0.1272937693043289,0.0,1.0,1.0,1.0,0.0,real,3,0.3701005025125628,0.3472361809045226,0.04195979899497487,0.031469849246231155,0.1928149226029646,0.3479557176586449
F000722,0.0,0.3472361809045226,0.5138888888888888,0.6142595663193329,0.0,1.0,1.0,1.0,0.0,real,3,0.3701005025125628,0.3472361809045226,0.7040201005025125,0.5280150753768844,0.3153293477437438,0.3593088874018333
F000723,0.3779915320718537,0.9507537688442212,0.8333333333333333,0.5773502691896258,0.0,1.0,1.0,1.0,0.0,real,3,0.3701005025125628,0.9507537688442212,0.6758793969849246,0.5069095477386935,0.3101219034872857,0.6564150842150451
F000724,0.5949284529178934,0.992211055276382,0.8611111111111112,0.2545875386086578,0.0,1.0,1.0,1.0,0.0,real,3,0.3701005025125628,0.992211055276382,0.17336683417085427,0.1300251256281407,0.21713182747910406,0.9113210524986743
F000725,0.0,0.3472361809045226,0.2222222222222222,0.0962250448649376,0.5,1.0,1.0,1.0,0.5,real,3,0.9587939698492463,0.3472361809045226,0.022110552763819097,0.016582914572864323,0.48999671725461474,0.35737759147496273
F000726,0.0,0.3472361809045226,0.2777777777777778,0.0962250448649376,0.5,1.0,1.0,1.0,0.5,real,3,0.9587939698492463,0.3472361809045226,0.022110552763819097,0.016582914572864323,0.48999671725461474,0.35737759147496273
F000727,0.0,0.3472361809045226,0.6111111111111112,0.693888666488711,0.0,1.0,1.0,1.0,0.0,real,3,0.3701005025125628,0.3472361809045226,0.828894472361809,0.6216708542713567,0.338437381631777,0.361450263250928
F000728,0.0,0.3472361809045226,0.5694444444444444,0.7469072033193752,0.5,1.0,1.0,1.0,0.5,real,3,0.9587939698492463,0.3472361809045226,0.8560301507537689,0.6420226130653266,0.8897752582005505,0.7398701106032676
F000729,0.0,0.3472361809045226,0.5,0.0,0.0,1.0,1.0,1.0,0.0,real,3,0.3701005025125628,0.3472361809045226,0.00628140703517588,0.00471105527638191,0.1862126272063837,0.347343895987475
F000730,0.0,0.3472361809045226,0.375,1.0897247358851685,0.0,1.0,1.0,1.0,0.0,real,3,0.3701005025125628,0.3472361809045226,0.9899497487437185,0.7424623115577889,0.3682407009923992,0.36421207797782884
F000731,0.0,0.3472361809045226,0.4166666666666667,1.0408329997330663,0.0,1.0,1.0,1.0,0.0,real,3,0.3701005025125628,0.3472361809045226,0.978140703517588,0.733605527638191,0.36605543420620695,0.36400957362187825
F000732,0.0,0.3472361809045226,0.5,0.5,0.0,1.0,1.0,1.0,0.0,real,3,0.3701005025125628,0.3472361809045226,0.5492462311557789,0.41193467336683415,0.2866884043332239,0.3566547877578849
F000733,0.01116454968463,0.6977386934673366,0.5416666666666666,0.1443375672974064,0.0,1.0,1.0,1.0,0.0,real,3,0.3701005025125628,0.6977386934673366,0.06155778894472362,0.04616834170854271,0.19644153556728366,0.6826121815105679
F000734,0.0,0.3472361809045226,0.2916666666666666,0.6291528696058958,0.0,1.0,1.0,1.0,0.0,real,3,0.3701005025125628,0.3472361809045226,0.7339195979899498,0.5504396984924623,0.3208622572662307,0.35982161119668693
F000735,0.0,0.3472361809045226,0.2777777777777778,0.0962250448649376,0.25,1.0,1.0,1.0,0.25,real,3,0.8304020100502513,0.3472361809045226,0.022110552763819097,0.016582914572864323,0.4243813287543244,0.35524847857377334
F000736,0.0,0.3472361809045226,0.4305555555555555,0.4276334532872403,0.0,1.0,1.0,1.0,0.0,real,3,0.3701005025125628,0.3472361809045226,0.4505025125628141,0.33787688442211056,0.2684158543976162,0.3549615066538724
F000737,0.0,0.3472361809045226,0.3611111111111111,0.8552669065744807,0.0,1.0,1.0,1.0,0.0,real,3,0.3701005025125628,0.3472361809045226,0.9228643216080402,0.6921482412060301,0.355826525845307,0.36306168089189667
F000738,0.0,0.3472361809045226,0.2361111111111111,0.2097176232019652,0.25,1.0,1.0,1.0,0.25,real,3,0.8304020100502513,0.3472361809045226,0.10854271356783919,0.0814070351758794,0.4602680487866468,0.3865692785535718
F000739,0.0,0.3472361809045226,0.2361111111111111,0.2097176232019652,0.0,1.0,1.0,1.0,0.0,real,3,0.3701005025125628,0.3472361809045226,0.10854271356783919,0.0814070351758794,0.20513610767404863,0.34909749753794095
F000740,0.0,0.3472361809045226,0.2916666666666666,0.3818813079129866,0.0,1.0,1.0,1.0,0.0,real,3,0.3701005025125628,0.3472361809045226,0.34723618090452263,0.260427135678392,0.2493063937779349,0.35319067069013405
F000741,0.0,0.3472361809045226,0.2777777777777778,0.0962250448649376,0.5,1.0,1.0,1.0,0.5,real,3,0.9587939698492463,0.3472361809045226,0.022110552763819097,0.016582914572864323,0.48999671725461474,0.35737759147496273
F000742,0.0,0.3472361809045226,0.6388888888888888,0.8552669065744807,0.25,1.0,1.0,1.0,0.25,real,3,0.8304020100502513,0.3472361809045226,0.9228643216080402,0.6921482412060301,0.7983751988586147,0.6816585597585919
F000743,0.0446581987385203,0.7221105527638191,0.6666666666666666,0.5773502691896258,0.25,1.0,1.0,1.0,0.25,real,3,0.8304020100502513,0.7221105527638191,0.6758793969849246,0.5069095477386935,0.6958268099290422,0.7770045264008485
F000744,0.0,0.3472361809045226,0.5416666666666666,0.3818813079129867,0.0,1.0,1.0,1.0,0.0,real,3,0.3701005025125628,0.3472361809045226,0.3608040201005025,0.2706030150753769,0.2518171258301558,0.35342333526931136
F000745,0.0,0.3472361809045226,0.4305555555555555,0.4276334532872403,0.0,1.0,1.0,1.0,0.0,real,3,0.3701005025125628,0.3472361809045226,0.4505025125628141,0.33787688442211056,0.2684158543976162,0.3549615066538724
F000746,0.0,0.3472361809045226,0.5972222222222222,0.393817968854384,0.25,1.0,1.0,1.0,0.25,real,3,0.8304020100502513,0.3472361809045226,0.40251256281407033,0.3018844221105528,0.5823246256407666,0.4930964180197469
F000747,0.25,0.907286432160804,0.75,0.5,0.0,1.0,1.0,1.0,0.0,real,3,0.3701005025125628,0.907286432160804,0.5492462311557789,0.41193467336683415,0.2866884043332239,0.6860009216938967
F000748,0.0,0.3472361809045226,0.2222222222222222,0.769800358919501,0.0,1.0,1.0,1.0,0.0,real,3,0.3701005025125628,0.3472361809045226,0.8879396984924623,0.6659547738693468,0.3493637155627383,0.362462785030681
F000749,0.0,0.3472361809045226,0.6944444444444444,0.787635937708768,0.0,1.0,1.0,1.0,0.0,real,3,0.3701005025125628,0.3472361809045226,0.8944723618090452,0.6708542713567839,0.3505725865508447,0.3625748087169516
F000750,0.0,0.3472361809045226,0.1388888888888888,0.2545875386086578,0.0,1.0,1.0,1.0,0.0,real,3,0.3701005025125628,0.3472361809045226,0.17336683417085427,0.1300251256281407,0.21713182747910406,0.3502091171940102
F000751,0.0,0.3472361809045226,0.1527777777777777,0.3367876570272816,0.25,1.0,1.0,1.0,0.25,real,3,0.8304020100502513,0.3472361809045226,0.2698492462311558,0.20238693467336685,0.5272426832655741,0.4450226320042423
F000752,0.061411169010459,0.7545226130653266,0.6527777777777778,0.488288773090193,0.0,1.0,1.0,1.0,0.0,real,3,0.3701005025125628,0.7545226130653266,0.514070351758794,0.38555276381909553,0.2801790990126512,0.6063076058685386
F000753,0.061411169010459,0.7545226130653266,0.6527777777777778,0.488288773090193,0.0,1.0,1.0,1.0,0.0,real,3,0.3701005025125628,0.7545226130653266,0.514070351758794,0.38555276381909553,0.2801790990126512,0.6063076058685386
F000754,0.0,0.3472361809045226,0.4027777777777778,0.1734721666221777,0.0,1.0,1.0,1.0,0.0,real,3,0.3701005025125628,0.3472361809045226,0.08417085427135679,0.06312814070351759,0.20062608898765183,0.34867956301608544
F000755,0.0,0.3472361809045226,0.3611111111111111,0.2545875386086578,0.0,1.0,1.0,1.0,0.0,real,3,0.3701005025125628,0.3472361809045226,0.17336683417085427,0.1300251256281407,0.21713182747910406,0.3502091171940102
F000756,0.0,0.3472361809045226,0.2083333333333333,0.5204164998665333,0.25,1.0,1.0,1.0,0.25,real,3,0.8304020100502513,0.3472361809045226,0.6309045226130653,0.47317839195979894,0.6771531968889675,0.5758598109896215
F000757,0.2224894150898172,0.8891959798994975,0.7916666666666667,0.7216878364870323,0.0,1.0,1.0,1.0,0.0,real,3,0.3701005025125628,0.8891959798994975,0.8472361809045226,0.6354271356783919,0.3418315194060756,0.5593486275599101
F000758,0.0,0.3472361809045226,0.6111111111111112,0.693888666488711,0.5,1.0,1.0,1.0,0.5,real,3,0.9587939698492463,0.3472361809045226,0.828894472361809,0.6216708542713567,0.8767664957955608,0.727423833994091
F000759,0.0,0.3472361809045226,0.5138888888888888,0.4589642122738418,0.0,1.0,1.0,1.0,0.0,real,3,0.3701005025125628,0.3472361809045226,0.47412060301507536,0.35559045226130653,0.27278638797000077,0.35536651536577357
F000760,0.0,0.3472361809045226,0.0972222222222221,0.1734721666221776,0.0,1.0,1.0,1.0,0.0,real,3,0.3701005025125628,0.3472361809045226,0.07562814070351759,0.05672110552763819,0.19904525769551273,0.3485330705032701
F000761,0.25,0.907286432160804,0.75,0.5,0.25,1.0,1.0,1.0,0.25,real,3,0.8304020100502513,0.907286432160804,0.5492462311557789,0.41193467336683415,0.6432485922072675,0.8756150728516958
F000762,0.3779915320718537,0.9507537688442212,0.8333333333333333,0.5773502691896258,0.5,1.0,1.0,1.0,0.5,real,3,0.9587939698492463,0.9507537688442212,0.6758793969849246,0.5069095477386935,0.8034115300118684,0.9548294234994066
F000763,0.0,0.3472361809045226,0.5694444444444444,0.4738533919231106,0.25,1.0,1.0,1.0,0.25,real,3,0.8304020100502513,0.3472361809045226,0.48391959798994977,0.3629396984924623,0.6161249084619076,0.5225962412565339
F000764,0.1020902318637188,0.7766331658291458,0.7083333333333334,0.6291528696058958,0.0,1.0,1.0,1.0,0.0,real,3,0.3701005025125628,0.7766331658291458,0.7339195979899498,0.5504396984924623,0.3208622572662307,0.5528614492058281
F000765,0.1485783278408043,0.8120603015075377,0.7361111111111112,0.6472877887628358,0.0,1.0,1.0,1.0,0.0,real,3,0.3701005025125628,0.8120603015075377,0.771105527638191,0.5783291457286432,0.3277435228908361,0.556462068508371
F000766,0.0521012318616071,0.742713567839196,0.6944444444444444,0.6735753140545634,0.0,1.0,1.0,1.0,0.0,real,3,0.3701005025125628,0.742713567839196,0.8133165829145729,0.6099874371859296,0.3355546892755234,0.5154242790586097
F000767,0.0446581987385203,0.7221105527638191,0.6666666666666666,0.5773502691896258,0.0,1.0,1.0,1.0,0.0,real,3,0.3701005025125628,0.7221105527638191,0.6758793969849246,0.5069095477386935,0.3101219034872857,0.54367329739148
F000768,0.0,0.3472361809045226,0.3055555555555556,0.3469443332443555,0.25,1.0,1.0,1.0,0.25,real,3,0.8304020100502513,0.3472361809045226,0.3135678391959799,0.23517587939698492,0.5453946870028535,0.46086512966844273
F000769,0.0,0.3472361809045226,0.0833333333333333,0.2886751345948128,0.0,1.0,1.0,1.0,0.0,real,3,0.3701005025125628,0.3472361809045226,0.20376884422110553,0.15282663316582915,0.22275772707759908,0.3507304581955001
F000770,0.0,0.3472361809045226,0.5694444444444444,0.4276334532872403,0.0,1.0,1.0,1.0,0.0,real,3,0.3701005025125628,0.3472361809045226,0.4505025125628141,0.33787688442211056,0.2684158543976162,0.3549615066538724
F000771,0.0,0.3472361809045226,0.3194444444444444,0.6254627916220946,0.0,1.0,1.0,1.0,0.0,real,3,0.3701005025125628,0.3472361809045226,0.714824120603015,0.5361180904522613,0.31732863437791975,0.3594941573445115
F000772,0.0,0.3472361809045226,0.5555555555555556,0.6735753140545634,0.0,1.0,1.0,1.0,0.0,real,3,0.3701005025125628,0.3472361809045226,0.8133165829145729,0.6099874371859296,0.3355546892755234,0.36118312984520595
F000773,0.0446581987385203,0.7221105527638191,0.6666666666666666,0.5773502691896258,0.0,1.0,1.0,1.0,0.0,real,3,0.3701005025125628,0.7221105527638191,0.6758793969849246,0.5069095477386935,0.3101219034872857,0.54367329739148
F000774,0.5752420042367246,0.985678391959799,0.8194444444444444,0.1272937693043289,0.0,1.0,1.0,1.0,0.0,real,3,0.3701005025125628,0.985678391959799,0.04195979899497487,0.031469849246231155,0.1928149226029646,0.9663062485795813
F000775,0.0,0.3472361809045226,0.1388888888888888,0.2545875386086578,0.0,1.0,1.0,1.0,0.0,real,3,0.3701005025125628,0.3472361809045226,0.17336683417085427,0.1300251256281407,0.21713182747910406,0.3502091171940102
F000776,0.0,0.3472361809045226,0.2361111111111111,0.2097176232019652,0.25,1.0,1.0,1.0,0.25,real,3,0.8304020100502513,0.3472361809045226,0.10854271356783919,0.0814070351758794,0.4602680487866468,0.3865692785535718
F000777,0.0,0.3472361809045226,0.3055555555555556,0.3469443332443555,0.0,1.0,1.0,1.0,0.0,real,3,0.3701005025125628,0.3472361809045226,0.3135678391959799,0.23517587939698492,0.24307605868538676,0.352613317845509
F000778,0.0,0.3472361809045226,0.375,0.25,0.25,1.0,1.0,1.0,0.25,real,3,0.8304020100502513,0.3472361809045226,0.13618090452261306,0.10213567839195979,0.4717434534481452,0.3965846506401353
F000779,0.3222409918479341,0.9381909547738694,0.7638888888888888,0.4110735718596873,0.0,1.0,1.0,1.0,0.0,real,3,0.3701005025125628,0.9381909547738694,0.42135678391959797,0.3160175879396985,0.2630224299891417,0.7586643803186789
F000780,0.0,0.3472361809045226,0.2777777777777778,0.0962250448649376,0.0,1.0,1.0,1.0,0.0,real,3,0.3701005025125628,0.3472361809045226,0.022110552763819097,0.016582914572864323,0.1891418146006414,0.34761533799651523
F000781,0.1898569058357866,0.8683417085427135,0.7222222222222222,0.5091750772173156,0.0,1.0,1.0,1.0,0.0,real,3,0.3701005025125628,0.8683417085427135,0.592462311557789,0.4443467336683417,0.29468555086992754,0.6469498560642407
F000782,0.0,0.3472361809045226,0.3333333333333333,0.5773502691896258,0.5,1.0,1.0,1.0,0.5,real,3,0.9587939698492463,0.3472361809045226,0.6758793969849246,0.5069095477386935,0.8034115300118684,0.6572406631145677
F000783,0.0,0.3472361809045226,0.3611111111111111,0.7515416254704824,0.0,1.0,1.0,1.0,0.0,real,3,0.3701005025125628,0.3472361809045226,0.8670854271356784,0.6503140703517588,0.34550462740839877,0.3621051709552789
F000784,0.0,0.3472361809045226,0.1111111111111111,0.3849001794597505,0.0,1.0,1.0,1.0,0.0,real,3,0.3701005025125628,0.3472361809045226,0.3763819095477387,0.282286432160804,0.25469981818640947,0.3536904686750334
F000785,0.0,0.3472361809045226,0.4444444444444444,0.1924500897298753,0.0,1.0,1.0,1.0,0.0,real,3,0.3701005025125628,0.3472361809045226,0.10150753768844221,0.07613065326633166,0.2038342466099341,0.3489768566450342
F000786,0.2974642264589466,0.9216080402010052,0.6805555555555556,0.1272937693043289,0.5,1.0,1.0,1.0,0.5,real,3,0.9587939698492463,0.9216080402010052,0.04195979899497487,0.031469849246231155,0.49951238605085735,0.9227782758011163
F000787,0.0669872981077807,0.7638190954773869,0.75,0.8660254037844386,0.0,1.0,1.0,1.0,0.0,real,3,0.3701005025125628,0.7638190954773869,0.9336683417085427,0.700251256281407,0.35782581247948286,0.4881171561324209
F000788,0.0,0.3472361809045226,0.2361111111111111,0.2097176232019652,0.0,1.0,1.0,1.0,0.0,real,3,0.3701005025125628,0.3472361809045226,0.10854271356783919,0.0814070351758794,0.20513610767404863,0.34909749753794095
F000789,0.0223290993692601,0.7115577889447237,0.5833333333333334,0.2886751345948129,0.0,1.0,1.0,1.0,0.0,real,3,0.3701005025125628,0.7115577889447237,0.22688442211055276,0.17016331658291456,0.22703527057397543,0.6534542846140249
F000790,0.0,0.3472361809045226,0.6805555555555556,0.8988160937424132,0.0,1.0,1.0,1.0,0.0,real,3,0.3701005025125628,0.3472361809045226,0.9434673366834171,0.7076005025125628,0.3596391189616424,0.36341498636398073
F000791,0.0,0.3472361809045226,0.3888888888888889,0.693888666488711,0.0,1.0,1.0,1.0,0.0,real,3,0.3701005025125628,0.3472361809045226,0.828894472361809,0.6216708542713567,0.338437381631777,0.361450263250928
F000792,0.0,0.3472361809045226,0.3888888888888889,0.4811252243246881,0.0,1.0,1.0,1.0,0.0,real,3,0.3701005025125628,0.3472361809045226,0.49271356783919595,0.369535175879397,0.27622702078230343,0.3556853520113128
F000793,0.0,0.3472361809045226,0.5,0.0,0.5,1.0,1.0,1.0,0.5,real,3,0.9587939698492463,0.3472361809045226,0.00628140703517588,0.00471105527638191,0.4824082725183708,0.35011726345294303
F000794,0.1485783278408043,0.8120603015075377,0.7361111111111112,0.6472877887628358,0.0,1.0,1.0,1.0,0.0,real,3,0.3701005025125628,0.8120603015075377,0.771105527638191,0.5783291457286432,0.3277435228908361,0.556462068508371
F000795,0.5949284529178934,0.992211055276382,0.8611111111111112,0.2545875386086578,0.0,1.0,1.0,1.0,0.0,real,3,0.3701005025125628,0.992211055276382,0.17336683417085427,0.1300251256281407,0.21713182747910406,0.9113210524986743
F000796,0.0,0.3472361809045226,0.3472222222222222,0.6684005230842202,0.0,1.0,1.0,1.0,0.0,real,3,0.3701005025125628,0.3472361809045226,0.7989949748743719,0.5992462311557789,0.3329044721092902,0.3609375394560743
F000797,0.0669872981077807,0.7638190954773869,0.75,0.8660254037844386,0.0,1.0,1.0,1.0,0.0,real,3,0.3701005025125628,0.7638190954773869,0.9336683417085427,0.700251256281407,0.35782581247948286,0.4881171561324209
F000798,0.0,0.3472361809045226,0.4583333333333333,0.3818813079129867,0.75,1.0,1.0,1.0,0.75,real,3,0.9987437185929648,0.3472361809045226,0.3608040201005025,0.2706030150753769,0.6795472336557158,0.5235360849473498
F000799,0.0,0.3472361809045226,0.5555555555555556,0.5357583756107197,0.0,1.0,1.0,1.0,0.0,real,3,0.3701005025125628,0.3472361809045226,0.6384422110552764,0.47883165829145735,0.30319414282467616,0.3581843419358097
F000800,0.2224894150898172,0.8891959798994975,0.7916666666666667,0.7216878364870323,0.0,1.0,1.0,1.0,0.0,real,3,0.3701005025125628,0.8891959798994975,0.8472361809045226,0.6354271356783919,0.3418315194060756,0.5593486275599101
F000801,0.1485783278408043,0.8120603015075377,0.7361111111111112,0.6472877887628358,0.25,1.0,1.0,1.0,0.25,real,3,0.8304020100502513,0.8120603015075377,0.771105527638191,0.5783291457286432,0.7353647950809322,0.822667846140249
F000802,0.125,0.7962311557788945,0.625,0.25,0.0,1.0,1.0,1.0,0.0,real,3,0.3701005025125628,0.7962311557788945,0.13618090452261306,0.10213567839195979,0.2102505618544986,0.7527080124239286
F000803,0.0669872981077807,0.7638190954773869,0.75,0.8660254037844386,0.0,1.0,1.0,1.0,0.0,real,3,0.3701005025125628,0.7638190954773869,0.9336683417085427,0.700251256281407,0.35782581247948286,0.4881171561324209
F000804,0.1020902318637188,0.7766331658291458,0.7083333333333334,0.6291528696058958,0.25,1.0,1.0,1.0,0.25,real,3,0.8304020100502513,0.7766331658291458,0.7339195979899498,0.5504396984924623,0.7199251597181889,0.8062296722304992
F000805,0.0,0.3472361809045226,0.3611111111111111,0.2545875386086578,0.0,1.0,1.0,1.0,0.0,real,3,0.3701005025125628,0.3472361809045226,0.17336683417085427,0.1300251256281407,0.21713182747910406,0.3502091171940102
F000806,0.0,0.3472361809045226,0.4444444444444444,0.5357583756107198,0.0,1.0,1.0,1.0,0.0,real,3,0.3701005025125628,0.3472361809045226,0.6459798994974875,0.4844849246231156,0.3045889939647989,0.3583136000353526
F000807,0.0,0.3472361809045226,0.5972222222222222,0.393817968854384,0.25,1.0,1.0,1.0,0.25,real,3,0.8304020100502513,0.3472361809045226,0.40251256281407033,0.3018844221105528,0.5823246256407666,0.4930964180197469
F000808,0.1898569058357866,0.8683417085427135,0.7222222222222222,0.5091750772173156,0.0,1.0,1.0,1.0,0.0,real,3,0.3701005025125628,0.8683417085427135,0.592462311557789,0.4443467336683417,0.29468555086992754,0.6469498560642407
F000809,0.0,0.3472361809045226,0.4861111111111111,0.2926570486903539,0.0,1.0,1.0,1.0,0.0,real,3,0.3701005025125628,0.3472361809045226,0.2608040201005025,0.1956030150753769,0.23331210070452765,0.3517085111487083
F000810,0.0,0.3472361809045226,0.5,1.0,0.0,1.0,1.0,1.0,0.0,real,3,0.3701005025125628,0.3472361809045226,0.9625628140703517,0.7219221105527638,0.3631727418499533,0.36374244021615615
F000811,0.0,0.3472361809045226,0.3333333333333333,0.7637626158259733,0.0,1.0,1.0,1.0,0.0,real,3,0.3701005025125628,0.3472361809045226,0.8768844221105527,0.6576633165829145,0.3473179338905583,0.36227320648468475
F000812,0.0,0.3472361809045226,0.25,0.5,0.0,1.0,1.0,1.0,0.0,real,3,0.3701005025125628,0.3472361809045226,0.5492462311557789,0.41193467336683415,0.2866884043332239,0.3566547877578849
F000813,0.0,0.3472361809045226,0.1805555555555555,0.3757708127352412,0.0,1.0,1.0,1.0,0.0,real,3,0.3701005025125628,0.3472361809045226,0.3394472361809045,0.2545854271356784,0.24786504759980807,0.353057103987273
F000814,0.0,0.3472361809045226,0.375,1.0897247358851685,0.0,1.0,1.0,1.0,0.0,real,3,0.3701005025125628,0.3472361809045226,0.9899497487437185,0.7424623115577889,0.3682407009923992,0.36421207797782884
F000815,0.0,0.3472361809045226,0.6944444444444444,0.787635937708768,0.0,1.0,1.0,1.0,0.0,real,3,0.3701005025125628,0.3472361809045226,0.8944723618090452,0.6708542713567839,0.3505725865508447,0.3625748087169516
F000816,0.0,0.3472361809045226,0.6944444444444444,0.787635937708768,0.25,1.0,1.0,1.0,0.25,real,3,0.8304020100502513,0.3472361809045226,0.8944723618090452,0.6708542713567839,0.786586828615439,0.6713700411605767
F000817,0.3779915320718537,0.9507537688442212,0.8333333333333333,0.5773502691896258,0.0,1.0,1.0,1.0,0.0,real,3,0.3701005025125628,0.9507537688442212,0.6758793969849246,0.5069095477386935,0.3101219034872857,0.6564150842150451
F000818,0.0,0.3472361809045226,0.4444444444444444,0.5357583756107198,0.0,1.0,1.0,1.0,0.0,real,3,0.3701005025125628,0.3472361809045226,0.6459798994974875,0.4844849246231156,0.3045889939647989,0.3583136000353526
F000819,0.2154167222667111,0.879145728643216,0.6944444444444444,0.3469443332443555,0.0,1.0,1.0,1.0,0.0,real,3,0.3701005025125628,0.879145728643216,0.3135678391959799,0.23517587939698492,0.24307605868538676,0.7594305699351026
F000820,0.0,0.3472361809045226,0.25,0.5,0.0,1.0,1.0,1.0,0.0,real,3,0.3701005025125628,0.3472361809045226,0.5492462311557789,0.41193467336683415,0.2866884043332239,0.3566547877578849
F000821,0.1504840084734488,0.8301507537688442,0.6388888888888888,0.2545875386086578,0.0,1.0,1.0,1.0,0.0,real,3,0.3701005025125628,0.8301507537688442,0.17336683417085427,0.1300251256281407,0.21713182747910406,0.7703326620539885
F000822,0.0,0.3472361809045226,0.1111111111111111,0.3849001794597505,0.0,1.0,1.0,1.0,0.0,real,3,0.3701005025125628,0.3472361809045226,0.3763819095477387,0.282286432160804,0.25469981818640947,0.3536904686750334
F000823,0.0,0.3472361809045226,0.0555555555555555,0.1924500897298752,0.0,1.0,1.0,1.0,0.0,real,3,0.3701005025125628,0.3472361809045226,0.09321608040201006,0.06991206030150754,0.2022999103557991,0.348834672735537
F000824,0.0,0.3472361809045226,0.5416666666666666,0.8036375634160796,0.0,1.0,1.0,1.0,0.0,real,3,0.3701005025125628,0.3472361809045226,0.9057788944723618,0.6793341708542714,0.35266486326102875,0.362768695866266
F000825,0.0,0.3472361809045226,0.375,0.4330127018922193,0.0,1.0,1.0,1.0,0.0,real,3,0.3701005025125628,0.3472361809045226,0.4663316582914573,0.349748743718593,0.2713450417918739,0.35523294866291255
F000826,0.0,0.3472361809045226,0.4861111111111111,0.2926570486903539,0.0,1.0,1.0,1.0,0.0,real,3,0.3701005025125628,0.3472361809045226,0.2608040201005025,0.1956030150753769,0.23331210070452765,0.3517085111487083
F000827,0.0,0.3472361809045226,0.1666666666666666,0.5773502691896258,0.25,1.0,1.0,1.0,0.25,real,3,0.8304020100502513,0.3472361809045226,0.6758793969849246,0.5069095477386935,0.6958268099290422,0.5921575528395747
F000828,0.0,0.3472361809045226,0.3055555555555556,0.3469443332443555,0.0,1.0,1.0,1.0,0.0,real,3,0.3701005025125628,0.3472361809045226,0.3135678391959799,0.23517587939698492,0.24307605868538676,0.352613317845509
F000829,0.0,0.3472361809045226,0.4722222222222222,0.4194352464039305,0.0,1.0,1.0,1.0,0.0,real,3,0.3701005025125628,0.3472361809045226,0.43366834170854274,0.32525125628140705,0.26530068685134217,0.35467283023155977
F000830,0.0,0.3472361809045226,0.2916666666666666,0.5204164998665332,0.0,1.0,1.0,1.0,0.0,real,3,0.3701005025125628,0.3472361809045226,0.6203517587939699,0.4652638190954774,0.2998465000883816,0.35787412249690664
F000831,0.1889957660359268,0.8582914572864322,0.6666666666666666,0.2886751345948129,0.25,1.0,1.0,1.0,0.25,real,3,0.8304020100502513,0.8582914572864322,0.22688442211055276,0.17016331658291456,0.509403645109972,0.8535456964470595
F000832,0.0,0.3472361809045226,0.2083333333333333,0.3818813079129867,0.0,1.0,1.0,1.0,0.0,real,3,0.3701005025125628,0.3472361809045226,0.3608040201005025,0.2706030150753769,0.2518171258301558,0.35342333526931136
F000833,0.0,0.3472361809045226,0.2916666666666666,0.5204164998665332,0.25,1.0,1.0,1.0,0.25,real,3,0.8304020100502513,0.3472361809045226,0.6203517587939699,0.4652638190954774,0.6727716787454862,0.5720357598292972
F000834,0.0,0.3472361809045226,0.5277777777777778,0.4194352464039305,0.0,1.0,1.0,1.0,0.0,real,3,0.3701005025125628,0.3472361809045226,0.43366834170854274,0.32525125628140705,0.26530068685134217,0.35467283023155977
F000835,0.0,0.3472361809045226,0.5694444444444444,0.5912165737164656,0.5,1.0,1.0,1.0,0.5,real,3,0.9587939698492463,0.3472361809045226,0.7,0.5249999999999999,0.8149748743718593,0.6683040201005024
F000836,0.0,0.3472361809045226,0.4166666666666667,0.2886751345948129,0.0,1.0,1.0,1.0,0.0,real,3,0.3701005025125628,0.3472361809045226,0.22688442211055276,0.17016331658291456,0.22703527057397543,0.35112684970076513
F000837,0.0,0.3472361809045226,0.6388888888888888,0.7515416254704823,0.25,1.0,1.0,1.0,0.25,real,3,0.8304020100502513,0.3472361809045226,0.8610552763819096,0.6457914572864322,0.7727120211610818,0.6592605458195501
F000838,0.0,0.3472361809045226,0.5277777777777778,0.4194352464039305,0.0,1.0,1.0,1.0,0.0,real,3,0.3701005025125628,0.3472361809045226,0.43366834170854274,0.32525125628140705,0.26530068685134217,0.35467283023155977
F000839,0.0,0.3472361809045226,0.5833333333333334,0.7637626158259734,0.5,1.0,1.0,1.0,0.5,real,3,0.9587939698492463,0.3472361809045226,0.8836683417085427,0.6627512562814071,0.9030249236130401,0.7525468738163178
F000840,0.0,0.3472361809045226,0.3472222222222222,0.488288773090193,0.0,1.0,1.0,1.0,0.0,real,3,0.3701005025125628,0.3472361809045226,0.514070351758794,0.38555276381909553,0.2801790990126512,0.3560515832933512
F000841,0.0,0.3472361809045226,0.3472222222222222,0.488288773090193,0.0,1.0,1.0,1.0,0.0,real,3,0.3701005025125628,0.3472361809045226,0.514070351758794,0.38555276381909553,0.2801790990126512,0.3560515832933512
F000842,0.0,0.3472361809045226,0.5972222222222222,0.393817968854384,0.0,1.0,1.0,1.0,0.0,real,3,0.3701005025125628,0.3472361809045226,0.40251256281407033,0.3018844221105528,0.25953530213883486,0.3541385634201156
F000843,0.0,0.3472361809045226,0.3194444444444444,0.1272937693043289,0.0,1.0,1.0,1.0,0.0,real,3,0.3701005025125628,0.3472361809045226,0.04195979899497487,0.031469849246231155,0.1928149226029646,0.3479557176586449
F000844,0.0,0.3472361809045226,0.4583333333333333,0.6291528696058959,0.0,1.0,1.0,1.0,0.0,real,3,0.3701005025125628,0.3472361809045226,0.7454773869346734,0.559108040201005,0.32300102901441885,0.36001980694931945
F000845,0.0,0.3472361809045226,0.2361111111111111,0.2097176232019652,0.0,1.0,1.0,1.0,0.0,real,3,0.3701005025125628,0.3472361809045226,0.10854271356783919,0.0814070351758794,0.20513610767404863,0.34909749753794095
F000846,0.0,0.3472361809045226,0.4583333333333333,0.1443375672974064,0.25,1.0,1.0,1.0,0.25,real,3,0.8304020100502513,0.3472361809045226,0.06155778894472362,0.04616834170854271,0.44075986086209945,0.36954314600641397
F000847,0.0,0.3472361809045226,0.1805555555555555,0.1272937693043289,0.25,1.0,1.0,1.0,0.25,real,3,0.8304020100502513,0.3472361809045226,0.04195979899497487,0.031469849246231155,0.43262275573849146,0.3624413367086689
F000848,0.0,0.3472361809045226,0.6111111111111112,0.6309898162000305,0.0,1.0,1.0,1.0,0.0,real,3,0.3701005025125628,0.3472361809045226,0.7530150753768844,0.5647613065326633,0.3243958801545415,0.3601490650488624
F000849,0.0,0.3472361809045226,0.3472222222222222,0.3367876570272817,0.0,1.0,1.0,1.0,0.0,real,3,0.3701005025125628,0.3472361809045226,0.2778894472361809,0.2084170854271357,0.23647376328880587,0.35200149617433896
F000850,0.0,0.3472361809045226,0.4305555555555555,0.4276334532872403,0.0,1.0,1.0,1.0,0.0,real,3,0.3701005025125628,0.3472361809045226,0.4505025125628141,0.33787688442211056,0.2684158543976162,0.3549615066538724
F000851,0.2224894150898172,0.8891959798994975,0.7916666666666667,0.7216878364870323,0.0,1.0,1.0,1.0,0.0,real,3,0.3701005025125628,0.8891959798994975,0.8472361809045226,0.6354271356783919,0.3418315194060756,0.5593486275599101
F000852,0.0,0.3472361809045226,0.4305555555555555,0.5912165737164656,0.0,1.0,1.0,1.0,0.0,real,3,0.3701005025125628,0.3472361809045226,0.7,0.5249999999999999,0.3145854271356784,0.35923994974874374
F000853,0.0,0.3472361809045226,0.3194444444444444,0.1272937693043289,0.0,1.0,1.0,1.0,0.0,real,3,0.3701005025125628,0.3472361809045226,0.04195979899497487,0.031469849246231155,0.1928149226029646,0.3479557176586449
F000854,0.1564584167334001,0.8437185929648241,0.7083333333333334,0.5204164998665332,0.25,1.0,1.0,1.0,0.25,real,3,0.8304020100502513,0.8437185929648241,0.6203517587939699,0.4652638190954774,0.6727716787454862,0.8375228687406884
F000855,0.0,0.3472361809045226,0.6666666666666666,0.7637626158259733,0.0,1.0,1.0,1.0,0.0,real,3,0.3701005025125628,0.3472361809045226,0.8768844221105527,0.6576633165829145,0.3473179338905583,0.36227320648468475
F000856,0.0,0.3472361809045226,0.3333333333333333,0.5773502691896258,0.0,1.0,1.0,1.0,0.0,real,3,0.3701005025125628,0.3472361809045226,0.6758793969849246,0.5069095477386935,0.3101219034872857,0.3588263238302063
F000857,0.2224894150898172,0.8891959798994975,0.7916666666666667,0.7216878364870323,0.5,1.0,1.0,1.0,0.5,real,3,0.9587939698492463,0.8891959798994975,0.8472361809045226,0.6354271356783919,0.8855594555693038,0.9334204313022398
F000858,0.0,0.3472361809045226,0.2777777777777778,0.0962250448649376,0.25,1.0,1.0,1.0,0.25,real,3,0.8304020100502513,0.3472361809045226,0.022110552763819097,0.016582914572864323,0.4243813287543244,0.35524847857377334
F000859,0.0,0.3472361809045226,0.125,0.4330127018922193,0.0,1.0,1.0,1.0,0.0,real,3,0.3701005025125628,0.3472361809045226,0.4663316582914573,0.349748743718593,0.2713450417918739,0.35523294866291255
F000860,0.2154167222667111,0.879145728643216,0.6944444444444444,0.3469443332443555,0.25,1.0,1.0,1.0,0.25,real,3,0.8304020100502513,0.879145728643216,0.3135678391959799,0.23517587939698492,0.5453946870028535,0.8676823817580364
F000861,0.0,0.3472361809045226,0.3194444444444444,0.6254627916220946,0.25,1.0,1.0,1.0,0.25,real,3,0.8304020100502513,0.3472361809045226,0.714824120603015,0.5361180904522613,0.7119966983156991,0.6062701225979142
F000862,0.061411169010459,0.7545226130653266,0.6527777777777778,0.488288773090193,0.5,1.0,1.0,1.0,0.5,real,3,0.9587939698492463,0.7545226130653266,0.514070351758794,0.38555276381909553,0.7258407615969293,0.8332799992424433
F000863,0.0,0.3472361809045226,0.0,0.0,0.25,1.0,1.0,1.0,0.25,real,3,0.8304020100502513,0.3472361809045226,0.00628140703517588,0.00471105527638191,0.4178090515391026,0.34951240183328697
F000864,0.0,0.3472361809045226,0.5138888888888888,0.4589642122738418,0.0,1.0,1.0,1.0,0.0,real,3,0.3701005025125628,0.3472361809045226,0.47412060301507536,0.35559045226130653,0.27278638797000077,0.35536651536577357
F000865,0.0,0.3472361809045226,0.4027777777777778,0.393817968854384,0.0,1.0,1.0,1.0,0.0,real,3,0.3701005025125628,0.3472361809045226,0.40251256281407033,0.3018844221105528,0.25953530213883486,0.3541385634201156
F000866,0.0,0.3472361809045226,0.4444444444444444,0.1924500897298753,0.0,1.0,1.0,1.0,0.0,real,3,0.3701005025125628,0.3472361809045226,0.10150753768844221,0.07613065326633166,0.2038342466099341,0.3489768566450342
F000867,0.0,0.3472361809045226,0.1944444444444444,0.3469443332443554,0.5,1.0,1.0,1.0,0.5,real,3,0.9587939698492463,0.3472361809045226,0.2914572864321608,0.2185929648241206,0.6191207292745132,0.48091841115123357
F000868,0.0,0.3472361809045226,0.3055555555555556,0.6735753140545634,0.0,1.0,1.0,1.0,0.0,real,3,0.3701005025125628,0.3472361809045226,0.8133165829145729,0.6099874371859296,0.3355546892755234,0.36118312984520595
F000869,0.0223290993692601,0.7115577889447237,0.5833333333333334,0.2886751345948129,0.5,1.0,1.0,1.0,0.5,real,3,0.9587939698492463,0.7115577889447237,0.22688442211055276,0.17016331658291456,0.5881646928107876,0.7536283174667306
F000870,0.0521012318616071,0.742713567839196,0.6944444444444444,0.6735753140545634,0.5,1.0,1.0,1.0,0.5,real,3,0.9587939698492463,0.742713567839196,0.8133165829145729,0.6099874371859296,0.8692985025630666,0.874519898487412
F000871,0.0,0.3472361809045226,0.5138888888888888,0.2926570486903538,0.0,1.0,1.0,1.0,0.0,real,3,0.3701005025125628,0.3472361809045226,0.24949748743718592,0.18712311557788944,0.2312198239943436,0.3515146239993939
F000872,0.0,0.3472361809045226,0.3611111111111111,0.2545875386086578,0.0,1.0,1.0,1.0,0.0,real,3,0.3701005025125628,0.3472361809045226,0.17336683417085427,0.1300251256281407,0.21713182747910406,0.3502091171940102
F000873,0.1504840084734488,0.8301507537688442,0.6388888888888888,0.2545875386086578,0.0,1.0,1.0,1.0,0.0,real,3,0.3701005025125628,0.8301507537688442,0.17336683417085427,0.1300251256281407,0.21713182747910406,0.7703326620539885
F000874,0.0,0.3472361809045226,0.5972222222222222,0.393817968854384,0.0,1.0,1.0,1.0,0.0,real,3,0.3701005025125628,0.3472361809045226,0.40251256281407033,0.3018844221105528,0.25953530213883486,0.3541385634201156
F000875,0.0483797153000638,0.7306532663316583,0.6805555555555556,0.6254627916220946,0.0,1.0,1.0,1.0,0.0,real,3,0.3701005025125628,0.7306532663316583,0.714824120603015,0.5361180904522613,0.31732863437791975,0.5373544070856797
F000876,0.0223290993692601,0.7115577889447237,0.5833333333333334,0.2886751345948129,0.0,1.0,1.0,1.0,0.0,real,3,0.3701005025125628,0.7115577889447237,0.22688442211055276,0.17016331658291456,0.22703527057397543,0.6534542846140249
F000877,0.1485783278408043,0.8120603015075377,0.7361111111111112,0.6472877887628358,0.0,1.0,1.0,1.0,0.0,real,3,0.3701005025125628,0.8120603015075377,0.771105527638191,0.5783291457286432,0.3277435228908361,0.556462068508371
F000878,0.0,0.3472361809045226,0.5694444444444444,0.4276334532872403,0.0,1.0,1.0,1.0,0.0,real,3,0.3701005025125628,0.3472361809045226,0.4505025125628141,0.33787688442211056,0.2684158543976162,0.3549615066538724
F000879,0.0,0.3472361809045226,0.2777777777777778,0.5091750772173156,0.0,1.0,1.0,1.0,0.0,real,3,0.3701005025125628,0.3472361809045226,0.592462311557789,0.4443467336683417,0.29468555086992754,0.35739586752859775
F000880,0.0,0.3472361809045226,0.2222222222222222,0.0962250448649376,0.0,1.0,1.0,1.0,0.0,real,3,0.3701005025125628,0.3472361809045226,0.022110552763819097,0.016582914572864323,0.1891418146006414,0.34761533799651523
F000881,0.0,0.3472361809045226,0.1388888888888888,0.2545875386086578,0.25,1.0,1.0,1.0,0.25,real,3,0.8304020100502513,0.3472361809045226,0.17336683417085427,0.1300251256281407,0.4871830888108886,0.4100598785384207
F000882,0.0,0.3472361809045226,0.375,0.25,0.0,1.0,1.0,1.0,0.0,real,3,0.3701005025125628,0.3472361809045226,0.13618090452261306,0.10213567839195979,0.2102505618544986,0.3495714439029317
F000883,0.0,0.3472361809045226,0.1944444444444444,0.3469443332443554,0.0,1.0,1.0,1.0,0.0,real,3,0.3701005025125628,0.3472361809045226,0.2914572864321608,0.2185929648241206,0.23898449534102673,0.3522341607535163
F000884,0.0,0.3472361809045226,0.5416666666666666,0.3818813079129867,0.25,1.0,1.0,1.0,0.25,real,3,0.8304020100502513,0.3472361809045226,0.3608040201005025,0.2706030150753769,0.5650071967879599,0.4779823110527512
F000885,0.1898569058357866,0.8683417085427135,0.7222222222222222,0.5091750772173156,0.0,1.0,1.0,1.0,0.0,real,3,0.3701005025125628,0.8683417085427135,0.592462311557789,0.4443467336683417,0.29468555086992754,0.6469498560642407
F000886,0.0,0.3472361809045226,0.25,0.5,0.25,1.0,1.0,1.0,0.25,real,3,0.8304020100502513,0.3472361809045226,0.5492462311557789,0.41193467336683415,0.6432485922072675,0.546268938915684
F000887,0.125,0.7962311557788945,0.625,0.25,0.0,1.0,1.0,1.0,0.0,real,3,0.3701005025125628,0.7962311557788945,0.13618090452261306,0.10213567839195979,0.2102505618544986,0.7527080124239286
F000888,0.0,0.3472361809045226,0.0833333333333333,0.2886751345948128,0.0,1.0,1.0,1.0,0.0,real,3,0.3701005025125628,0.3472361809045226,0.20376884422110553,0.15282663316582915,0.22275772707759908,0.3507304581955001
F000889,0.0,0.3472361809045226,0.4583333333333333,0.3818813079129867,0.25,1.0,1.0,1.0,0.25,real,3,0.8304020100502513,0.3472361809045226,0.3608040201005025,0.2706030150753769,0.5650071967879599,0.4779823110527512
F000890,0.0,0.3472361809045226,0.3055555555555556,0.3469443332443555,0.0,1.0,1.0,1.0,0.0,real,3,0.3701005025125628,0.3472361809045226,0.3135678391959799,0.23517587939698492,0.24307605868538676,0.352613317845509
F000891,0.0,0.3472361809045226,0.5138888888888888,0.6142595663193329,0.25,1.0,1.0,1.0,0.25,real,3,0.8304020100502513,0.3472361809045226,0.7040201005025125,0.5280150753768844,0.7075108583116587,0.6023550226004394
F000892,0.0,0.3472361809045226,0.4722222222222222,0.4194352464039305,0.0,1.0,1.0,1.0,0.0,real,3,0.3701005025125628,0.3472361809045226,0.43366834170854274,0.32525125628140705,0.26530068685134217,0.35467283023155977
F000893,0.0,0.3472361809045226,0.3333333333333333,0.7637626158259733,0.0,1.0,1.0,1.0,0.0,real,3,0.3701005025125628,0.3472361809045226,0.8768844221105527,0.6576633165829145,0.3473179338905583,0.36227320648468475
F000894,0.0,0.3472361809045226,0.4027777777777778,0.1734721666221777,0.25,1.0,1.0,1.0,0.25,real,3,0.8304020100502513,0.3472361809045226,0.08417085427135679,0.06312814070351759,0.45014882831241637,0.3777375413499659
F000895,0.0,0.3472361809045226,0.5277777777777778,0.9179284245476838,0.0,1.0,1.0,1.0,0.0,real,3,0.3701005025125628,0.3472361809045226,0.9510050251256281,0.7132537688442211,0.36103397010176513,0.3635442444635236
F000896,0.2974642264589466,0.9216080402010052,0.6805555555555556,0.1272937693043289,0.0,1.0,1.0,1.0,0.0,real,3,0.3701005025125628,0.9216080402010052,0.04195979899497487,0.031469849246231155,0.1928149226029646,0.9042521811317897
F000897,0.3963319220119756,0.9587939698492464,0.7222222222222222,0.0962250448649376,0.0,1.0,1.0,1.0,0.0,real,3,0.3701005025125628,0.9587939698492464,0.022110552763819097,0.016582914572864323,0.1891418146006414,0.9490317163707989
F000898,0.0669872981077807,0.7638190954773869,0.75,0.8660254037844386,0.25,1.0,1.0,1.0,0.25,real,3,0.8304020100502513,0.7638190954773869,0.9336683417085427,0.700251256281407,0.802861038862655,0.8104438650539127
F000899,0.0,0.3472361809045226,0.5555555555555556,1.0183501544346312,0.0,1.0,1.0,1.0,0.0,real,3,0.3701005025125628,0.3472361809045226,0.971356783919598,0.7285175879396986,0.36480006818009647,0.3638932413322896
F000900,0.1077083611333555,0.7869346733668342,0.5972222222222222,0.1734721666221776,0.0,1.0,1.0,1.0,0.0,real,3,0.3701005025125628,0.7869346733668342,0.07562814070351759,0.05672110552763819,0.19904525769551273,0.7632913783742835
F000901,0.0,0.3472361809045226,0.2916666666666666,0.5204164998665332,0.0,1.0,1.0,1.0,0.0,real,3,0.3701005025125628,0.3472361809045226,0.6203517587939699,0.4652638190954774,0.2998465000883816,0.35787412249690664
F000902,0.0,0.3472361809045226,0.25,0.5,0.0,1.0,1.0,1.0,0.0,real,3,0.3701005025125628,0.3472361809045226,0.5492462311557789,0.41193467336683415,0.2866884043332239,0.3566547877578849
F000903,0.0,0.3472361809045226,0.0833333333333333,0.2886751345948128,0.0,1.0,1.0,1.0,0.0,real,3,0.3701005025125628,0.3472361809045226,0.20376884422110553,0.15282663316582915,0.22275772707759908,0.3507304581955001
F000904,0.0521012318616071,0.742713567839196,0.6944444444444444,0.6735753140545634,0.25,1.0,1.0,1.0,0.25,real,3,0.8304020100502513,0.742713567839196,0.8133165829145729,0.6099874371859296,0.7528908676548572,0.796202415974344
F000905,0.0,0.3472361809045226,0.4583333333333333,0.1443375672974064,0.25,1.0,1.0,1.0,0.25,real,3,0.8304020100502513,0.3472361809045226,0.06155778894472362,0.04616834170854271,0.44075986086209945,0.36954314600641397
F000906,0.0,0.3472361809045226,0.5694444444444444,0.4276334532872403,0.0,1.0,1.0,1.0,0.0,real,3,0.3701005025125628,0.3472361809045226,0.4505025125628141,0.33787688442211056,0.2684158543976162,0.3549615066538724
F000907,0.0,0.3472361809045226,0.4027777777777778,0.8347210667398177,0.0,1.0,1.0,1.0,0.0,real,3,0.3701005025125628,0.3472361809045226,0.9155778894472362,0.6866834170854271,0.3544781697431883,0.36293673139567184
F000908,0.0,0.3472361809045226,0.2916666666666666,0.6291528696058958,0.0,1.0,1.0,1.0,0.0,real,3,0.3701005025125628,0.3472361809045226,0.7339195979899498,0.5504396984924623,0.3208622572662307,0.35982161119668693
F000909,0.0,0.3472361809045226,0.5555555555555556,0.8388704928078611,0.0,1.0,1.0,1.0,0.0,real,3,0.3701005025125628,0.3472361809045226,0.9178391959798995,0.6883793969849246,0.3548966250852251,0.3629755088255347
F000910,0.0,0.3472361809045226,0.5694444444444444,0.4276334532872403,0.25,1.0,1.0,1.0,0.25,real,3,0.8304020100502513,0.3472361809045226,0.4505025125628141,0.33787688442211056,0.6022501010075504,0.5104867459155071
F000911,0.0,0.3472361809045226,0.4305555555555555,0.7469072033193751,0.0,1.0,1.0,1.0,0.0,real,3,0.3701005025125628,0.3472361809045226,0.8542713567839196,0.6407035175879398,0.34313338047019015,0.3618854321860559
F000912,0.1020902318637188,0.7766331658291458,0.7083333333333334,0.6291528696058958,0.0,1.0,1.0,1.0,0.0,real,3,0.3701005025125628,0.7766331658291458,0.7339195979899498,0.5504396984924623,0.3208622572662307,0.5528614492058281
F000913,0.0,0.3472361809045226,0.1944444444444444,0.3469443332443554,0.0,1.0,1.0,1.0,0.0,real,3,0.3701005025125628,0.3472361809045226,0.2914572864321608,0.2185929648241206,0.23898449534102673,0.3522341607535163
F000914,0.0,0.3472361809045226,0.3472222222222222,0.488288773090193,0.5,1.0,1.0,1.0,0.5,real,3,0.9587939698492463,0.3472361809045226,0.514070351758794,0.38555276381909553,0.7258407615969293,0.5830239766672559
F000915,0.0,0.3472361809045226,0.5972222222222222,0.6364688465216444,0.5,1.0,1.0,1.0,0.5,real,3,0.9587939698492463,0.3472361809045226,0.7600502512562815,0.5700376884422111,0.8437627837680867,0.6958471692634024
F000916,0.0,0.3472361809045226,0.375,0.25,0.25,1.0,1.0,1.0,0.25,real,3,0.8304020100502513,0.3472361809045226,0.13618090452261306,0.10213567839195979,0.4717434534481452,0.3965846506401353
F000917,0.1020902318637188,0.7766331658291458,0.7083333333333334,0.6291528696058958,0.0,1.0,1.0,1.0,0.0,real,3,0.3701005025125628,0.7766331658291458,0.7339195979899498,0.5504396984924623,0.3208622572662307,0.5528614492058281
F000918,0.0,0.3472361809045226,0.1388888888888888,0.2545875386086578,0.25,1.0,1.0,1.0,0.25,real,3,0.8304020100502513,0.3472361809045226,0.17336683417085427,0.1300251256281407,0.4871830888108886,0.4100598785384207
F000919,0.0,0.3472361809045226,0.25,0.5,0.0,1.0,1.0,1.0,0.0,real,3,0.3701005025125628,0.3472361809045226,0.5492462311557789,0.41193467336683415,0.2866884043332239,0.3566547877578849
F000920,0.0,0.3472361809045226,0.1944444444444444,0.3469443332443554,0.25,1.0,1.0,1.0,0.25,real,3,0.8304020100502513,0.3472361809045226,0.2914572864321608,0.2185929648241206,0.5362143632736547,0.4528528319991919
F000921,0.1077083611333555,0.7869346733668342,0.5972222222222222,0.1734721666221776,0.25,1.0,1.0,1.0,0.25,real,3,0.8304020100502513,0.7869346733668342,0.07562814070351759,0.05672110552763819,0.44660188505340775,0.7894001887578597
F000922,0.0,0.3472361809045226,0.1388888888888888,0.2545875386086578,0.5,1.0,1.0,1.0,0.5,real,3,0.9587939698492463,0.3472361809045226,0.17336683417085427,0.1300251256281407,0.5625085225120579,0.4267540592409282
F000923,0.0483797153000638,0.7306532663316583,0.6805555555555556,0.6254627916220946,0.25,1.0,1.0,1.0,0.25,real,3,0.8304020100502513,0.7306532663316583,0.714824120603015,0.5361180904522613,0.7119966983156991,0.7841303723390824
F000924,0.0,0.3472361809045226,0.5694444444444444,0.4738533919231106,0.0,1.0,1.0,1.0,0.0,real,3,0.3701005025125628,0.3472361809045226,0.48391959798994977,0.3629396984924623,0.2745996944521603,0.3555345508951794
F000925,0.0,0.3472361809045226,0.6666666666666666,0.7637626158259733,0.0,1.0,1.0,1.0,0.0,real,3,0.3701005025125628,0.3472361809045226,0.8768844221105527,0.6576633165829145,0.3473179338905583,0.36227320648468475
F000926,0.0,0.3472361809045226,0.4722222222222222,0.4194352464039305,0.0,1.0,1.0,1.0,0.0,real,3,0.3701005025125628,0.3472361809045226,0.43366834170854274,0.32525125628140705,0.26530068685134217,0.35467283023155977
F000927,0.1898569058357866,0.8683417085427135,0.7222222222222222,0.5091750772173156,0.0,1.0,1.0,1.0,0.0,real,3,0.3701005025125628,0.8683417085427135,0.592462311557789,0.4443467336683417,0.29468555086992754,0.6469498560642407
F000928,0.1020902318637188,0.7766331658291458,0.7083333333333334,0.6291528696058958,0.0,1.0,1.0,1.0,0.0,real,3,0.3701005025125628,0.7766331658291458,0.7339195979899498,0.5504396984924623,0.3208622572662307,0.5528614492058281
F000929,0.0,0.3472361809045226,0.3611111111111111,0.2545875386086578,0.0,1.0,1.0,1.0,0.0,real,3,0.3701005025125628,0.3472361809045226,0.17336683417085427,0.1300251256281407,0.21713182747910406,0.3502091171940102
F000930,0.0,0.3472361809045226,0.1111111111111111,0.3849001794597505,0.0,1.0,1.0,1.0,0.0,real,3,0.3701005025125628,0.3472361809045226,0.3763819095477387,0.282286432160804,0.25469981818640947,0.3536904686750334
F000931,0.0,0.3472361809045226,0.6111111111111112,0.6309898162000305,0.0,1.0,1.0,1.0,0.0,real,3,0.3701005025125628,0.3472361809045226,0.7530150753768844,0.5647613065326633,0.3243958801545415,0.3601490650488624
F000932,0.5334936490538904,0.984422110552764,0.875,0.4330127018922193,0.25,1.0,1.0,1.0,0.25,real,3,0.8304020100502513,0.984422110552764,0.4663316582914573,0.349748743718593,0.6088223782227721,0.9305537738945987
F000933,0.0,0.3472361809045226,0.375,0.25,0.25,1.0,1.0,1.0,0.25,real,3,0.8304020100502513,0.3472361809045226,0.13618090452261306,0.10213567839195979,0.4717434534481452,0.3965846506401353
F000934,0.0,0.3472361809045226,0.4305555555555555,0.7742977702647974,0.0,1.0,1.0,1.0,0.0,real,3,0.3701005025125628,0.3472361809045226,0.8909547738693467,0.6682160804020101,0.3499216560187874,0.3625144882704982
F000935,0.1020902318637188,0.7766331658291458,0.7083333333333334,0.6291528696058958,0.0,1.0,1.0,1.0,0.0,real,3,0.3701005025125628,0.7766331658291458,0.7339195979899498,0.5504396984924623,0.3208622572662307,0.5528614492058281
F000936,0.0,0.3472361809045226,0.3888888888888889,0.6309898162000305,0.0,1.0,1.0,1.0,0.0,real,3,0.3701005025125628,0.3472361809045226,0.7530150753768844,0.5647613065326633,0.3243958801545415,0.3601490650488624
F000937,0.39239267937684,0.9565326633165828,0.7916666666666667,0.3818813079129867,0.25,1.0,1.0,1.0,0.25,real,3,0.8304020100502513,0.9565326633165828,0.3608040201005025,0.2706030150753769,0.5650071967879599,0.9224013282492867
F000938,0.0,0.3472361809045226,0.375,1.0897247358851685,0.0,1.0,1.0,1.0,0.0,real,3,0.3701005025125628,0.3472361809045226,0.9899497487437185,0.7424623115577889,0.3682407009923992,0.36421207797782884
F000939,0.0,0.3472361809045226,0.5,0.0,0.0,1.0,1.0,1.0,0.0,real,3,0.3701005025125628,0.3472361809045226,0.00628140703517588,0.00471105527638191,0.1862126272063837,0.347343895987475
F000940,0.0,0.3472361809045226,0.4305555555555555,0.4276334532872403,0.0,1.0,1.0,1.0,0.0,real,3,0.3701005025125628,0.3472361809045226,0.4505025125628141,0.33787688442211056,0.2684158543976162,0.3549615066538724
F000941,0.0,0.3472361809045226,0.5,0.0,0.0,1.0,1.0,1.0,0.0,real,3,0.3701005025125628,0.3472361809045226,0.00628140703517588,0.00471105527638191,0.1862126272063837,0.347343895987475
F000942,0.0,0.3472361809045226,0.4027777777777778,0.8347210667398177,0.0,1.0,1.0,1.0,0.0,real,3,0.3701005025125628,0.3472361809045226,0.9155778894472362,0.6866834170854271,0.3544781697431883,0.36293673139567184
F000943,0.0,0.3472361809045226,0.3472222222222222,0.3367876570272817,0.0,1.0,1.0,1.0,0.0,real,3,0.3701005025125628,0.3472361809045226,0.2778894472361809,0.2084170854271357,0.23647376328880587,0.35200149617433896
F000944,0.0,0.3472361809045226,0.3472222222222222,0.6684005230842202,0.0,1.0,1.0,1.0,0.0,real,3,0.3701005025125628,0.3472361809045226,0.7989949748743719,0.5992462311557789,0.3329044721092902,0.3609375394560743
F000945,0.0,0.3472361809045226,0.0972222222222221,0.1734721666221776,0.25,1.0,1.0,1.0,0.25,real,3,0.8304020100502513,0.3472361809045226,0.07562814070351759,0.05672110552763819,0.44660188505340775,0.37464188088684625
F000946,0.0,0.3472361809045226,0.4027777777777778,0.393817968854384,0.0,1.0,1.0,1.0,0.0,real,3,0.3701005025125628,0.3472361809045226,0.40251256281407033,0.3018844221105528,0.25953530213883486,0.3541385634201156
F000947,0.0,0.3472361809045226,0.1111111111111111,0.3849001794597505,0.0,1.0,1.0,1.0,0.0,real,3,0.3701005025125628,0.3472361809045226,0.3763819095477387,0.282286432160804,0.25469981818640947,0.3536904686750334
F000948,0.2974642264589466,0.9216080402010052,0.6805555555555556,0.1272937693043289,0.0,1.0,1.0,1.0,0.0,real,3,0.3701005025125628,0.9216080402010052,0.04195979899497487,0.031469849246231155,0.1928149226029646,0.9042521811317897
F000949,0.6889957660359269,0.9954773869346734,0.9166666666666669,0.2886751345948128,0.0,1.0,1.0,1.0,0.0,real,3,0.3701005025125628,0.9954773869346734,0.20376884422110553,0.15282663316582915,0.22275772707759908,0.8999031432287063
F000950,0.1898569058357866,0.8683417085427135,0.7222222222222222,0.5091750772173156,0.0,1.0,1.0,1.0,0.0,real,3,0.3701005025125628,0.8683417085427135,0.592462311557789,0.4443467336683417,0.29468555086992754,0.6469498560642407
F000951,0.0,0.3472361809045226,0.4722222222222222,0.4194352464039305,0.0,1.0,1.0,1.0,0.0,real,3,0.3701005025125628,0.3472361809045226,0.43366834170854274,0.32525125628140705,0.26530068685134217,0.35467283023155977
F000952,0.0223290993692601,0.7115577889447237,0.5833333333333334,0.2886751345948129,0.0,1.0,1.0,1.0,0.0,real,3,0.3701005025125628,0.7115577889447237,0.22688442211055276,0.17016331658291456,0.22703527057397543,0.6534542846140249
F000953,0.0,0.3472361809045226,0.4166666666666667,0.2886751345948129,0.0,1.0,1.0,1.0,0.0,real,3,0.3701005025125628,0.3472361809045226,0.22688442211055276,0.17016331658291456,0.22703527057397543,0.35112684970076513
F000954,0.0,0.3472361809045226,0.25,0.5,0.0,1.0,1.0,1.0,0.0,real,3,0.3701005025125628,0.3472361809045226,0.5492462311557789,0.41193467336683415,0.2866884043332239,0.3566547877578849
F000955,0.0,0.3472361809045226,0.375,0.4330127018922193,0.0,1.0,1.0,1.0,0.0,real,3,0.3701005025125628,0.3472361809045226,0.4663316582914573,0.349748743718593,0.2713450417918739,0.35523294866291255
F000956,0.2257260127101733,0.8974874371859296,0.7083333333333334,0.3818813079129866,0.0,1.0,1.0,1.0,0.0,real,3,0.3701005025125628,0.8974874371859296,0.34723618090452263,0.260427135678392,0.2493063937779349,0.7601415683947375
F000957,0.0,0.3472361809045226,0.5555555555555556,0.5357583756107197,0.25,1.0,1.0,1.0,0.25,real,3,0.8304020100502513,0.3472361809045226,0.6384422110552764,0.47883165829145735,0.6802828527057397,0.5785912761041387
F000958,0.1485783278408043,0.8120603015075377,0.7361111111111112,0.6472877887628358,0.0,1.0,1.0,1.0,0.0,real,3,0.3701005025125628,0.8120603015075377,0.771105527638191,0.5783291457286432,0.3277435228908361,0.556462068508371
F000959,0.0,0.3472361809045226,0.2638888888888888,0.2097176232019653,0.0,1.0,1.0,1.0,0.0,real,3,0.3701005025125628,0.3472361809045226,0.11809045226130653,0.0885678391959799,0.20690291911820408,0.34926122446402863
F000960,0.0,0.3472361809045226,0.2361111111111111,0.2097176232019652,0.0,1.0,1.0,1.0,0.0,real,3,0.3701005025125628,0.3472361809045226,0.10854271356783919,0.0814070351758794,0.20513610767404863,0.34909749753794095
F000961,0.0,0.3472361809045226,0.5694444444444444,0.5912165737164656,0.0,1.0,1.0,1.0,0.0,real,3,0.3701005025125628,0.3472361809045226,0.7,0.5249999999999999,0.3145854271356784,0.35923994974874374
F000962,0.0,0.3472361809045226,0.2916666666666666,0.8036375634160796,0.0,1.0,1.0,1.0,0.0,real,3,0.3701005025125628,0.3472361809045226,0.9057788944723618,0.6793341708542714,0.35266486326102875,0.362768695866266
F000963,0.2224894150898172,0.8891959798994975,0.7916666666666667,0.7216878364870323,0.0,1.0,1.0,1.0,0.0,real,3,0.3701005025125628,0.8891959798994975,0.8472361809045226,0.6354271356783919,0.3418315194060756,0.5593486275599101
F000964,0.25,0.907286432160804,0.75,0.5,0.0,1.0,1.0,1.0,0.0,real,3,0.3701005025125628,0.907286432160804,0.5492462311557789,0.41193467336683415,0.2866884043332239,0.6860009216938967
F000965,0.0,0.3472361809045226,0.3472222222222222,0.5672382737961704,0.0,1.0,1.0,1.0,0.0,real,3,0.3701005025125628,0.3472361809045226,0.6540201005025126,0.49051507537688444,0.30607683518092976,0.35845147534153177
F000966,0.0,0.3472361809045226,0.3611111111111111,0.2545875386086578,0.0,1.0,1.0,1.0,0.0,real,3,0.3701005025125628,0.3472361809045226,0.17336683417085427,0.1300251256281407,0.21713182747910406,0.3502091171940102
F000967,0.0,0.3472361809045226,0.5138888888888888,0.2926570486903538,0.0,1.0,1.0,1.0,0.0,real,3,0.3701005025125628,0.3472361809045226,0.24949748743718592,0.18712311557788944,0.2312198239943436,0.3515146239993939
F000968,0.0,0.3472361809045226,0.3472222222222222,0.6684005230842202,0.5,1.0,1.0,1.0,0.5,real,3,0.9587939698492463,0.3472361809045226,0.7989949748743719,0.5992462311557789,0.862432766849322,0.7137098810636094
F000969,0.0,0.3472361809045226,0.6388888888888888,0.7515416254704823,0.5,1.0,1.0,1.0,0.5,real,3,0.9587939698492463,0.3472361809045226,0.8610552763819096,0.6457914572864322,0.8921842882755487,0.742174976642004
F000970,0.0,0.3472361809045226,0.3055555555555556,0.3469443332443555,0.0,1.0,1.0,1.0,0.0,real,3,0.3701005025125628,0.3472361809045226,0.3135678391959799,0.23517587939698492,0.24307605868538676,0.352613317845509
F000971,0.0,0.3472361809045226,0.6527777777777778,0.6684005230842202,0.0,1.0,1.0,1.0,0.0,real,3,0.3701005025125628,0.3472361809045226,0.7989949748743719,0.5992462311557789,0.3329044721092902,0.3609375394560743
F000972,0.0,0.3472361809045226,0.1111111111111111,0.3849001794597505,0.0,1.0,1.0,1.0,0.0,real,3,0.3701005025125628,0.3472361809045226,0.3763819095477387,0.282286432160804,0.25469981818640947,0.3536904686750334
F000973,0.1504840084734488,0.8301507537688442,0.6388888888888888,0.2545875386086578,0.25,1.0,1.0,1.0,0.25,real,3,0.8304020100502513,0.8301507537688442,0.17336683417085427,0.1300251256281407,0.4871830888108886,0.830183423398399
F000974,0.0,0.3472361809045226,0.2777777777777778,0.5091750772173156,0.0,1.0,1.0,1.0,0.0,real,3,0.3701005025125628,0.3472361809045226,0.592462311557789,0.4443467336683417,0.29468555086992754,0.35739586752859775
F000975,0.0,0.3472361809045226,0.375,0.6614378277661477,0.0,1.0,1.0,1.0,0.0,real,3,0.3701005025125628,0.3472361809045226,0.7871859296482412,0.5903894472361809,0.3307192053230979,0.3607350351001237
F000976,0.0,0.3472361809045226,0.1666666666666666,0.5773502691896258,0.0,1.0,1.0,1.0,0.0,real,3,0.3701005025125628,0.3472361809045226,0.6758793969849246,0.5069095477386935,0.3101219034872857,0.3588263238302063
F000977,0.0,0.3472361809045226,0.25,0.8660254037844386,0.0,1.0,1.0,1.0,0.0,real,3,0.3701005025125628,0.3472361809045226,0.9336683417085427,0.700251256281407,0.35782581247948286,0.36324695083457487
F000978,0.0,0.3472361809045226,0.3333333333333333,0.2886751345948129,0.5,1.0,1.0,1.0,0.5,real,3,0.9587939698492463,0.3472361809045226,0.22688442211055276,0.17016331658291456,0.5881646928107876,0.45130088255347084
F000979,0.0,0.3472361809045226,0.4444444444444444,0.1924500897298753,0.0,1.0,1.0,1.0,0.0,real,3,0.3701005025125628,0.3472361809045226,0.10150753768844221,0.07613065326633166,0.2038342466099341,0.3489768566450342
F000980,0.0334936490538903,0.7173366834170855,0.625,0.4330127018922193,0.0,1.0,1.0,1.0,0.0,real,3,0.3701005025125628,0.7173366834170855,0.4663316582914573,0.349748743718593,0.2713450417918739,0.5958912653720866
F000981,0.125,0.7962311557788945,0.625,0.25,0.25,1.0,1.0,1.0,0.25,real,3,0.8304020100502513,0.7962311557788945,0.13618090452261306,0.10213567839195979,0.4717434534481452,0.7997212191611323
F000982,0.0,0.3472361809045226,0.4444444444444444,0.5357583756107198,0.25,1.0,1.0,1.0,0.25,real,3,0.8304020100502513,0.3472361809045226,0.6459798994974875,0.4844849246231156,0.6834125085225121,0.5813227412186561
F000983,0.0,0.3472361809045226,0.5555555555555556,0.5357583756107197,0.0,1.0,1.0,1.0,0.0,real,3,0.3701005025125628,0.3472361809045226,0.6384422110552764,0.47883165829145735,0.30319414282467616,0.3581843419358097
F000984,0.0,0.3472361809045226,0.3333333333333333,1.1547005383792517,0.0,1.0,1.0,1.0,0.0,real,3,0.3701005025125628,0.3472361809045226,0.9977386934673367,0.7483040201005025,0.369682047170526,0.36434564468068986
F000985,0.5260506159308034,0.9814070351758792,0.8472222222222221,0.3367876570272817,0.0,1.0,1.0,1.0,0.0,real,3,0.3701005025125628,0.9814070351758792,0.2778894472361809,0.2084170854271357,0.23647376328880587,0.8540003093356228
F000986,0.0483797153000638,0.7306532663316583,0.6805555555555556,0.6254627916220946,0.0,1.0,1.0,1.0,0.0,real,3,0.3701005025125628,0.7306532663316583,0.714824120603015,0.5361180904522613,0.31732863437791975,0.5373544070856797
F000987,0.0,0.3472361809045226,0.6944444444444444,0.787635937708768,0.25,1.0,1.0,1.0,0.25,real,3,0.8304020100502513,0.3472361809045226,0.8944723618090452,0.6708542713567839,0.786586828615439,0.6713700411605767
F000988,0.0,0.3472361809045226,0.5555555555555556,1.0183501544346312,0.0,1.0,1.0,1.0,0.0,real,3,0.3701005025125628,0.3472361809045226,0.971356783919598,0.7285175879396986,0.36480006818009647,0.3638932413322896
F000989,0.0,0.3472361809045226,0.4027777777777778,0.1734721666221777,0.0,1.0,1.0,1.0,0.0,real,3,0.3701005025125628,0.3472361809045226,0.08417085427135679,0.06312814070351759,0.20062608898765183,0.34867956301608544
F000990,0.1020902318637188,0.7766331658291458,0.7083333333333334,0.6291528696058958,0.0,1.0,1.0,1.0,0.0,real,3,0.3701005025125628,0.7766331658291458,0.7339195979899498,0.5504396984924623,0.3208622572662307,0.5528614492058281
F000991,0.0669872981077807,0.7638190954773869,0.75,0.8660254037844386,0.0,1.0,1.0,1.0,0.0,real,3,0.3701005025125628,0.7638190954773869,0.9336683417085427,0.700251256281407,0.35782581247948286,0.4881171561324209
F000992,0.0,0.3472361809045226,0.3472222222222222,0.6684005230842202,0.0,1.0,1.0,1.0,0.0,real,3,0.3701005025125628,0.3472361809045226,0.7989949748743719,0.5992462311557789,0.3329044721092902,0.3609375394560743
F000993,0.0,0.3472361809045226,0.5138888888888888,0.4589642122738418,0.0,1.0,1.0,1.0,0.0,real,3,0.3701005025125628,0.3472361809045226,0.47412060301507536,0.35559045226130653,0.27278638797000077,0.35536651536577357
F000994,0.0483797153000638,0.7306532663316583,0.6805555555555556,0.6254627916220946,0.0,1.0,1.0,1.0,0.0,real,3,0.3701005025125628,0.7306532663316583,0.714824120603015,0.5361180904522613,0.31732863437791975,0.5373544070856797
F000995,0.0,0.3472361809045226,0.0555555555555555,0.1924500897298752,0.0,1.0,1.0,1.0,0.0,real,3,0.3701005025125628,0.3472361809045226,0.09321608040201006,0.06991206030150754,0.2022999103557991,0.348834672735537
F000996,0.25,0.907286432160804,0.75,0.5,0.0,1.0,1.0,1.0,0.0,real,3,0.3701005025125628,0.907286432160804,0.5492462311557789,0.41193467336683415,0.2866884043332239,0.6860009216938967
F000997,0.0,0.3472361809045226,0.2777777777777778,0.0962250448649376,0.0,1.0,1.0,1.0,0.0,real,3,0.3701005025125628,0.3472361809045226,0.022110552763819097,0.016582914572864323,0.1891418146006414,0.34761533799651523
F000998,0.0,0.3472361809045226,0.25,0.5,0.25,1.0,1.0,1.0,0.25,real,3,0.8304020100502513,0.3472361809045226,0.5492462311557789,0.41193467336683415,0.6432485922072675,0.546268938915684
F000999,0.0,0.3472361809045226,0.1944444444444444,0.3469443332443554,0.0,1.0,1.0,1.0,0.0,real,3,0.3701005025125628,0.3472361809045226,0.2914572864321608,0.2185929648241206,0.23898449534102673,0.3522341607535163
F001000,0.0,0.3472361809045226,0.4166666666666667,0.2886751345948129,0.25,1.0,1.0,1.0,0.25,real,3,0.8304020100502513,0.3472361809045226,0.22688442211055276,0.17016331658291456,0.509403645109972,0.4294532808514936
F001001,0.0,0.3472361809045226,0.4583333333333333,0.3818813079129867,0.0,1.0,1.0,1.0,0.0,real,3,0.3701005025125628,0.3472361809045226,0.3608040201005025,0.2706030150753769,0.2518171258301558,0.35342333526931136
F001002,0.0,0.3472361809045226,0.5555555555555556,0.5357583756107197,0.0,1.0,1.0,1.0,0.0,real,3,0.3701005025125628,0.3472361809045226,0.6384422110552764,0.47883165829145735,0.30319414282467616,0.3581843419358097
F001003,0.0,0.3472361809045226,0.6666666666666666,0.7637626158259733,0.0,1.0,1.0,1.0,0.0,real,3,0.3701005025125628,0.3472361809045226,0.8768844221105527,0.6576633165829145,0.3473179338905583,0.36227320648468475
F001004,0.0,0.3472361809045226,0.1111111111111111,0.3849001794597505,0.0,1.0,1.0,1.0,0.0,real,3,0.3701005025125628,0.3472361809045226,0.3763819095477387,0.282286432160804,0.25469981818640947,0.3536904686750334
F001005,0.4376389444889332,0.9698492462311558,0.8055555555555556,0.3469443332443555,0.0,1.0,1.0,1.0,0.0,real,3,0.3701005025125628,0.9698492462311558,0.3135678391959799,0.23517587939698492,0.24307605868538676,0.8288028080098988
F001006,0.0,0.3472361809045226,0.5694444444444444,0.4276334532872403,0.0,1.0,1.0,1.0,0.0,real,3,0.3701005025125628,0.3472361809045226,0.4505025125628141,0.33787688442211056,0.2684158543976162,0.3549615066538724
F001007,0.25,0.907286432160804,0.75,0.5,0.0,1.0,1.0,1.0,0.0,real,3,0.3701005025125628,0.907286432160804,0.5492462311557789,0.41193467336683415,0.2866884043332239,0.6860009216938967
F001008,0.125,0.7962311557788945,0.625,0.25,0.25,1.0,1.0,1.0,0.25,real,3,0.8304020100502513,0.7962311557788945,0.13618090452261306,0.10213567839195979,0.4717434534481452,0.7997212191611323
F001009,0.0,0.3472361809045226,0.5138888888888888,0.2926570486903538,0.5,1.0,1.0,1.0,0.5,real,3,0.9587939698492463,0.3472361809045226,0.24949748743718592,0.18712311557788944,0.5990053281482791,0.46167277972778464
F001010,0.0,0.3472361809045226,0.5277777777777778,0.4194352464039305,0.0,1.0,1.0,1.0,0.0,real,3,0.3701005025125628,0.3472361809045226,0.43366834170854274,0.32525125628140705,0.26530068685134217,0.35467283023155977
F001011,0.0,0.3472361809045226,0.4583333333333333,0.1443375672974064,0.25,1.0,1.0,1.0,0.25,real,3,0.8304020100502513,0.3472361809045226,0.06155778894472362,0.04616834170854271,0.44075986086209945,0.36954314600641397
F001012,0.0,0.3472361809045226,0.4583333333333333,0.3818813079129867,0.0,1.0,1.0,1.0,0.0,real,3,0.3701005025125628,0.3472361809045226,0.3608040201005025,0.2706030150753769,0.2518171258301558,0.35342333526931136
F001013,0.0,0.3472361809045226,0.4583333333333333,0.3818813079129867,0.0,1.0,1.0,1.0,0.0,real,3,0.3701005025125628,0.3472361809045226,0.3608040201005025,0.2706030150753769,0.2518171258301558,0.35342333526931136
F001014,0.0,0.3472361809045226,0.4166666666666667,0.7637626158259734,0.0,1.0,1.0,1.0,0.0,real,3,0.3701005025125628,0.3472361809045226,0.8836683417085427,0.6627512562814071,0.3485732999166688,0.3623895387742734
F001015,0.0,0.3472361809045226,0.625,1.0897247358851685,0.0,1.0,1.0,1.0,0.0,real,3,0.3701005025125628,0.3472361809045226,0.9899497487437185,0.7424623115577889,0.3682407009923992,0.36421207797782884
F001016,0.0,0.3472361809045226,0.4027777777777777,0.6364688465216445,0.0,1.0,1.0,1.0,0.0,real,3,0.3701005025125628,0.3472361809045226,0.7613065326633166,0.5709798994974875,0.3259302164086766,0.3602912489583596
F001017,0.0,0.3472361809045226,0.3333333333333333,0.5773502691896258,0.0,1.0,1.0,1.0,0.0,real,3,0.3701005025125628,0.3472361809045226,0.6758793969849246,0.5069095477386935,0.3101219034872857,0.3588263238302063
F001018,0.0,0.3472361809045226,0.5416666666666666,0.3818813079129867,0.5,1.0,1.0,1.0,0.5,real,3,0.9587939698492463,0.3472361809045226,0.3608040201005025,0.2706030150753769,0.6523653443094871,0.5127255624857958
F001019,0.0,0.3472361809045226,0.4722222222222222,0.9179284245476838,0.0,1.0,1.0,1.0,0.0,real,3,0.3701005025125628,0.3472361809045226,0.9510050251256281,0.7132537688442211,0.36103397010176513,0.3635442444635236
F001020,0.0,0.3472361809045226,0.0555555555555555,0.1924500897298752,0.25,1.0,1.0,1.0,0.25,real,3,0.8304020100502513,0.3472361809045226,0.09321608040201006,0.06991206030150754,0.45390441529254316,0.38101529948738666
F001021,0.0,0.3472361809045226,0.2222222222222222,0.5091750772173156,0.0,1.0,1.0,1.0,0.0,real,3,0.3701005025125628,0.3472361809045226,0.592462311557789,0.4443467336683417,0.29468555086992754,0.35739586752859775
F001022,0.0,0.3472361809045226,0.1111111111111111,0.3849001794597505,0.25,1.0,1.0,1.0,0.25,real,3,0.8304020100502513,0.3472361809045226,0.3763819095477387,0.282286432160804,0.5714751521426227,0.4836273389560869
F001023,0.0,0.3472361809045226,0.25,0.5,0.0,1.0,1.0,1.0,0.0,real,3,0.3701005025125628,0.3472361809045226,0.5492462311557789,0.41193467336683415,0.2866884043332239,0.3566547877578849
F001024,0.0,0.3472361809045226,0.25,0.8660254037844386,0.0,1.0,1.0,1.0,0.0,real,3,0.3701005025125628,0.3472361809045226,0.9336683417085427,0.700251256281407,0.35782581247948286,0.36324695083457487
F001025,0.0,0.3472361809045226,0.5138888888888888,0.2926570486903538,0.0,1.0,1.0,1.0,0.0,real,3,0.3701005025125628,0.3472361809045226,0.24949748743718592,0.18712311557788944,0.2312198239943436,0.3515146239993939
F001026,0.0,0.3472361809045226,0.5555555555555556,1.0183501544346312,0.0,1.0,1.0,1.0,0.0,real,3,0.3701005025125628,0.3472361809045226,0.971356783919598,0.7285175879396986,0.36480006818009647,0.3638932413322896
F001027,0.0,0.3472361809045226,0.2222222222222222,0.0962250448649376,0.0,1.0,1.0,1.0,0.0,real,3,0.3701005025125628,0.3472361809045226,0.022110552763819097,0.016582914572864323,0.1891418146006414,0.34761533799651523
F001028,0.0,0.3472361809045226,0.5694444444444444,0.4276334532872403,0.0,1.0,1.0,1.0,0.0,real,3,0.3701005025125628,0.3472361809045226,0.4505025125628141,0.33787688442211056,0.2684158543976162,0.3549615066538724
F001029,0.0,0.3472361809045226,0.4166666666666667,1.0408329997330663,0.25,1.0,1.0,1.0,0.25,real,3,0.8304020100502513,0.3472361809045226,0.978140703517588,0.733605527638191,0.8213260081816116,0.7016893039317189
F001030,0.25,0.907286432160804,0.75,0.5,0.0,1.0,1.0,1.0,0.0,real,3,0.3701005025125628,0.907286432160804,0.5492462311557789,0.41193467336683415,0.2866884043332239,0.6860009216938967
F001031,0.0,0.3472361809045226,0.4027777777777778,0.393817968854384,0.25,1.0,1.0,1.0,0.25,real,3,0.8304020100502513,0.3472361809045226,0.40251256281407033,0.3018844221105528,0.5823246256407666,0.4930964180197469
F001032,0.3009680169468978,0.9314070351758794,0.7777777777777778,0.5091750772173156,0.0,1.0,1.0,1.0,0.0,real,3,0.3701005025125628,0.9314070351758794,0.592462311557789,0.4443467336683417,0.29468555086992754,0.6819923108002323
F001033,0.6889957660359269,0.9954773869346734,0.9166666666666669,0.2886751345948128,0.0,1.0,1.0,1.0,0.0,real,3,0.3701005025125628,0.9954773869346734,0.20376884422110553,0.15282663316582915,0.22275772707759908,0.8999031432287063
F001034,0.0,0.3472361809045226,0.3194444444444444,0.1272937693043289,0.25,1.0,1.0,1.0,0.25,real,3,0.8304020100502513,0.3472361809045226,0.04195979899497487,0.031469849246231155,0.43262275573849146,0.3624413367086689
F001035,0.0,0.3472361809045226,0.4027777777777778,0.393817968854384,0.25,1.0,1.0,1.0,0.25,real,3,0.8304020100502513,0.3472361809045226,0.40251256281407033,0.3018844221105528,0.5823246256407666,0.4930964180197469
F001036,0.0,0.3472361809045226,0.25,0.5,0.0,1.0,1.0,1.0,0.0,real,3,0.3701005025125628,0.3472361809045226,0.5492462311557789,0.41193467336683415,0.2866884043332239,0.3566547877578849
F001037,0.1889957660359268,0.8582914572864322,0.6666666666666666,0.2886751345948129,0.0,1.0,1.0,1.0,0.0,real,3,0.3701005025125628,0.8582914572864322,0.22688442211055276,0.17016331658291456,0.22703527057397543,0.7752192652963309
F001038,0.0,0.3472361809045226,0.4027777777777778,0.393817968854384,0.0,1.0,1.0,1.0,0.0,real,3,0.3701005025125628,0.3472361809045226,0.40251256281407033,0.3018844221105528,0.25953530213883486,0.3541385634201156
F001039,0.0,0.3472361809045226,0.3333333333333333,0.5773502691896258,0.0,1.0,1.0,1.0,0.0,real,3,0.3701005025125628,0.3472361809045226,0.6758793969849246,0.5069095477386935,0.3101219034872857,0.3588263238302063
F001040,0.0,0.3472361809045226,0.25,0.5,0.0,1.0,1.0,1.0,0.0,real,3,0.3701005025125628,0.3472361809045226,0.5492462311557789,0.41193467336683415,0.2866884043332239,0.3566547877578849
F001041,0.0,0.3472361809045226,0.0833333333333333,0.2886751345948128,0.5,1.0,1.0,1.0,0.5,real,3,0.9587939698492463,0.3472361809045226,0.20376884422110553,0.15282663316582915,0.5770831544657964,0.44069849877528344
F001042,0.0,0.3472361809045226,0.5694444444444444,0.7469072033193752,0.5,1.0,1.0,1.0,0.5,real,3,0.9587939698492463,0.3472361809045226,0.8560301507537689,0.6420226130653266,0.8897752582005505,0.7398701106032676
F001043,0.2974642264589466,0.9216080402010052,0.6805555555555556,0.1272937693043289,0.0,1.0,1.0,1.0,0.0,real,3,0.3701005025125628,0.9216080402010052,0.04195979899497487,0.031469849246231155,0.1928149226029646,0.9042521811317897
F001044,0.0223290993692601,0.7115577889447237,0.5833333333333334,0.2886751345948129,0.0,1.0,1.0,1.0,0.0,real,3,0.3701005025125628,0.7115577889447237,0.22688442211055276,0.17016331658291456,0.22703527057397543,0.6534542846140249
F001045,0.061411169010459,0.7545226130653266,0.6527777777777778,0.488288773090193,0.0,1.0,1.0,1.0,0.0,real,3,0.3701005025125628,0.7545226130653266,0.514070351758794,0.38555276381909553,0.2801790990126512,0.6063076058685386
F001046,0.1020902318637188,0.7766331658291458,0.7083333333333334,0.6291528696058958,0.25,1.0,1.0,1.0,0.25,real,3,0.8304020100502513,0.7766331658291458,0.7339195979899498,0.5504396984924623,0.7199251597181889,0.8062296722304992
F001047,0.1020902318637188,0.7766331658291458,0.7083333333333334,0.6291528696058958,0.25,1.0,1.0,1.0,0.25,real,3,0.8304020100502513,0.7766331658291458,0.7339195979899498,0.5504396984924623,0.7199251597181889,0.8062296722304992
F001048,0.0,0.3472361809045226,0.2222222222222222,0.5091750772173156,0.25,1.0,1.0,1.0,0.25,real,3,0.8304020100502513,0.3472361809045226,0.592462311557789,0.4443467336683417,0.6611919522234287,0.5619293389055832
F001049,0.0,0.3472361809045226,0.1666666666666666,0.5773502691896258,0.0,1.0,1.0,1.0,0.0,real,3,0.3701005025125628,0.3472361809045226,0.6758793969849246,0.5069095477386935,0.3101219034872857,0.3588263238302063
F001050,0.1898569058357866,0.8683417085427135,0.7222222222222222,0.5091750772173156,0.0,1.0,1.0,1.0,0.0,real,3,0.3701005025125628,0.8683417085427135,0.592462311557789,0.4443467336683417,0.29468555086992754,0.6469498560642407
F001051,0.1889957660359268,0.8582914572864322,0.6666666666666666,0.2886751345948129,0.0,1.0,1.0,1.0,0.0,real,3,0.3701005025125628,0.8582914572864322,0.22688442211055276,0.17016331658291456,0.22703527057397543,0.7752192652963309
F001052,0.0,0.3472361809045226,0.4305555555555555,0.4276334532872403,0.0,1.0,1.0,1.0,0.0,real,3,0.3701005025125628,0.3472361809045226,0.4505025125628141,0.33787688442211056,0.2684158543976162,0.3549615066538724
F001053,0.0,0.3472361809045226,0.1944444444444444,0.3469443332443554,0.0,1.0,1.0,1.0,0.0,real,3,0.3701005025125628,0.3472361809045226,0.2914572864321608,0.2185929648241206,0.23898449534102673,0.3522341607535163
F001054,0.1732257047434905,0.8535175879396985,0.6805555555555556,0.3757708127352412,0.25,1.0,1.0,1.0,0.25,real,3,0.8304020100502513,0.8535175879396985,0.3394472361809045,0.2545854271356784,0.5561398386404384,0.8476326986692255
F001055,0.0,0.3472361809045226,0.3333333333333333,0.5773502691896258,0.0,1.0,1.0,1.0,0.0,real,3,0.3701005025125628,0.3472361809045226,0.6758793969849246,0.5069095477386935,0.3101219034872857,0.3588263238302063
F001056,0.0,0.3472361809045226,0.5,0.0,0.5,1.0,1.0,1.0,0.5,real,3,0.9587939698492463,0.3472361809045226,0.00628140703517588,0.00471105527638191,0.4824082725183708,0.35011726345294303
F001057,0.0,0.3472361809045226,0.25,0.5,0.0,1.0,1.0,1.0,0.0,real,3,0.3701005025125628,0.3472361809045226,0.5492462311557789,0.41193467336683415,0.2866884043332239,0.3566547877578849
F001058,0.5853276880479024,0.9879396984924624,0.8888888888888888,0.3849001794597506,0.0,1.0,1.0,1.0,0.0,real,3,0.3701005025125628,0.9879396984924624,0.385929648241206,0.2894472361809045,0.2564666296305649,0.8091078508118482
F001059,0.1504840084734488,0.8301507537688442,0.6388888888888888,0.2545875386086578,0.0,1.0,1.0,1.0,0.0,real,3,0.3701005025125628,0.8301507537688442,0.17336683417085427,0.1300251256281407,0.21713182747910406,0.7703326620539885
F001060,0.0,0.3472361809045226,0.1527777777777777,0.3367876570272816,0.0,1.0,1.0,1.0,0.0,real,3,0.3701005025125628,0.3472361809045226,0.2698492462311558,0.20238693467336685,0.23498592207267494,0.35186362086815987
F001061,0.0,0.3472361809045226,0.375,1.0897247358851685,0.0,1.0,1.0,1.0,0.0,real,3,0.3701005025125628,0.3472361809045226,0.9899497487437185,0.7424623115577889,0.3682407009923992,0.36421207797782884
F001062,0.2154167222667111,0.879145728643216,0.6944444444444444,0.3469443332443555,0.0,1.0,1.0,1.0,0.0,real,3,0.3701005025125628,0.879145728643216,0.3135678391959799,0.23517587939698492,0.24307605868538676,0.7594305699351026
F001063,0.0,0.3472361809045226,0.5833333333333334,0.7637626158259733,0.0,1.0,1.0,1.0,0.0,real,3,0.3701005025125628,0.3472361809045226,0.8768844221105527,0.6576633165829145,0.3473179338905583,0.36227320648468475
F001064,0.0,0.3472361809045226,0.375,0.6614378277661477,0.0,1.0,1.0,1.0,0.0,real,3,0.3701005025125628,0.3472361809045226,0.7871859296482412,0.5903894472361809,0.3307192053230979,0.3607350351001237
F001065,0.0334936490538903,0.7173366834170855,0.625,0.4330127018922193,0.0,1.0,1.0,1.0,0.0,real,3,0.3701005025125628,0.7173366834170855,0.4663316582914573,0.349748743718593,0.2713450417918739,0.5958912653720866
F001066,0.0521012318616071,0.742713567839196,0.6944444444444444,0.6735753140545634,0.0,1.0,1.0,1.0,0.0,real,3,0.3701005025125628,0.742713567839196,0.8133165829145729,0.6099874371859296,0.3355546892755234,0.5154242790586097
F001067,0.0,0.3472361809045226,0.5277777777777778,0.4194352464039305,0.0,1.0,1.0,1.0,0.0,real,3,0.3701005025125628,0.3472361809045226,0.43366834170854274,0.32525125628140705,0.26530068685134217,0.35467283023155977
F001068,0.0,0.3472361809045226,0.4513888888888889,0.9504506728292014,0.0,1.0,1.0,1.0,0.0,real,3,0.3701005025125628,0.3472361809045226,0.9552763819095478,0.7164572864321608,0.36182438574783465,0.3636174907199313
F001069,0.0,0.3472361809045226,0.1388888888888888,0.2545875386086578,0.0,1.0,1.0,1.0,0.0,real,3,0.3701005025125628,0.3472361809045226,0.17336683417085427,0.1300251256281407,0.21713182747910406,0.3502091171940102
F001070,0.0,0.3472361809045226,0.2916666666666666,0.3818813079129866,0.0,1.0,1.0,1.0,0.0,real,3,0.3701005025125628,0.3472361809045226,0.34723618090452263,0.260427135678392,0.2493063937779349,0.35319067069013405
F001071,0.0,0.3472361809045226,0.0972222222222221,0.1734721666221776,0.25,1.0,1.0,1.0,0.25,real,3,0.8304020100502513,0.3472361809045226,0.07562814070351759,0.05672110552763819,0.44660188505340775,0.37464188088684625
F001072,0.0,0.3472361809045226,0.3611111111111111,0.2545875386086578,0.0,1.0,1.0,1.0,0.0,real,3,0.3701005025125628,0.3472361809045226,0.17336683417085427,0.1300251256281407,0.21713182747910406,0.3502091171940102
F001073,0.1504840084734488,0.8301507537688442,0.6388888888888888,0.2545875386086578,0.0,1.0,1.0,1.0,0.0,real,3,0.3701005025125628,0.8301507537688442,0.17336683417085427,0.1300251256281407,0.21713182747910406,0.7703326620539885
F001074,0.1898569058357866,0.8683417085427135,0.7222222222222222,0.5091750772173156,0.25,1.0,1.0,1.0,0.25,real,3,0.8304020100502513,0.8683417085427135,0.592462311557789,0.4443467336683417,0.6611919522234287,0.8514833274412261
F001075,0.0,0.3472361809045226,0.4166666666666667,1.0408329997330663,0.0,1.0,1.0,1.0,0.0,real,3,0.3701005025125628,0.3472361809045226,0.978140703517588,0.733605527638191,0.36605543420620695,0.36400957362187825
F001076,0.0,0.3472361809045226,0.1944444444444444,0.3469443332443554,0.25,1.0,1.0,1.0,0.25,real,3,0.8304020100502513,0.3472361809045226,0.2914572864321608,0.2185929648241206,0.5362143632736547,0.4528528319991919
F001077,0.0,0.3472361809045226,0.5,0.0,0.0,1.0,1.0,1.0,0.0,real,3,0.3701005025125628,0.3472361809045226,0.00628140703517588,0.00471105527638191,0.1862126272063837,0.347343895987475
F001078,0.2154167222667111,0.879145728643216,0.6944444444444444,0.3469443332443555,0.0,1.0,1.0,1.0,0.0,real,3,0.3701005025125628,0.879145728643216,0.3135678391959799,0.23517587939698492,0.24307605868538676,0.7594305699351026
F001079,0.0,0.3472361809045226,0.2222222222222222,0.0962250448649376,0.0,1.0,1.0,1.0,0.0,real,3,0.3701005025125628,0.3472361809045226,0.022110552763819097,0.016582914572864323,0.1891418146006414,0.34761533799651523
F001080,0.1504840084734488,0.8301507537688442,0.6388888888888888,0.2545875386086578,0.0,1.0,1.0,1.0,0.0,real,3,0.3701005025125628,0.8301507537688442,0.17336683417085427,0.1300251256281407,0.21713182747910406,0.7703326620539885
F001081,0.0483797153000638,0.7306532663316583,0.6805555555555556,0.6254627916220946,0.5,1.0,1.0,1.0,0.5,real,3,0.9587939698492463,0.7306532663316583,0.714824120603015,0.5361180904522613,0.8220815130931037,0.8529636246559431
F001082,0.0,0.3472361809045226,0.5972222222222222,0.393817968854384,0.5,1.0,1.0,1.0,0.5,real,3,0.9587939698492463,0.3472361809045226,0.40251256281407033,0.3018844221105528,0.6723602939319714,0.5318559506073078
F001083,0.0,0.3472361809045226,0.6111111111111112,0.4811252243246882,0.0,1.0,1.0,1.0,0.0,real,3,0.3701005025125628,0.3472361809045226,0.4979899497487437,0.3734924623115578,0.2772034165803894,0.3557758326809929
F001084,0.0,0.3472361809045226,0.4166666666666667,1.0408329997330663,0.0,1.0,1.0,1.0,0.0,real,3,0.3701005025125628,0.3472361809045226,0.978140703517588,0.733605527638191,0.36605543420620695,0.36400957362187825
F001085,0.5074430331230867,0.977638190954774,0.7777777777777778,0.0962250448649376,0.0,1.0,1.0,1.0,0.0,real,3,0.3701005025125628,0.977638190954774,0.022110552763819097,0.016582914572864323,0.1891418146006414,0.9675634453675414
F001086,0.0,0.3472361809045226,0.5,0.0,0.0,1.0,1.0,1.0,0.0,real,3,0.3701005025125628,0.3472361809045226,0.00628140703517588,0.00471105527638191,0.1862126272063837,0.347343895987475
F001087,0.0,0.3472361809045226,0.4444444444444444,0.5357583756107198,0.25,1.0,1.0,1.0,0.25,real,3,0.8304020100502513,0.3472361809045226,0.6459798994974875,0.4844849246231156,0.6834125085225121,0.5813227412186561
F001088,0.3779915320718537,0.9507537688442212,0.8333333333333333,0.5773502691896258,0.0,1.0,1.0,1.0,0.0,real,3,0.3701005025125628,0.9507537688442212,0.6758793969849246,0.5069095477386935,0.3101219034872857,0.6564150842150451
F001089,0.0521012318616071,0.742713567839196,0.6944444444444444,0.6735753140545634,0.0,1.0,1.0,1.0,0.0,real,3,0.3701005025125628,0.742713567839196,0.8133165829145729,0.6099874371859296,0.3355546892755234,0.5154242790586097
F001090,0.0,0.3472361809045226,0.375,0.25,0.5,1.0,1.0,1.0,0.5,real,3,0.9587939698492463,0.3472361809045226,0.13618090452261306,0.10213567839195979,0.5446816999570717,0.4096980505542789
F001091,0.0,0.3472361809045226,0.4027777777777778,0.1734721666221777,0.0,1.0,1.0,1.0,0.0,real,3,0.3701005025125628,0.3472361809045226,0.08417085427135679,0.06312814070351759,0.20062608898765183,0.34867956301608544
F001092,0.0,0.3472361809045226,0.5138888888888888,0.9141379262169074,0.0,1.0,1.0,1.0,0.0,real,3,0.3701005025125628,0.3472361809045226,0.9457286432160804,0.7092964824120603,0.3600575743036792,0.3634537637938436
F001093,0.0,0.3472361809045226,0.375,0.25,0.0,1.0,1.0,1.0,0.0,real,3,0.3701005025125628,0.3472361809045226,0.13618090452261306,0.10213567839195979,0.2102505618544986,0.3495714439029317
F001094,0.0223290993692601,0.7115577889447237,0.5833333333333334,0.2886751345948129,0.0,1.0,1.0,1.0,0.0,real,3,0.3701005025125628,0.7115577889447237,0.22688442211055276,0.17016331658291456,0.22703527057397543,0.6534542846140249
F001095,0.4376389444889332,0.9698492462311558,0.8055555555555556,0.3469443332443555,0.0,1.0,1.0,1.0,0.0,real,3,0.3701005025125628,0.9698492462311558,0.3135678391959799,0.23517587939698492,0.24307605868538676,0.8288028080098988
F001096,0.0,0.3472361809045226,0.3611111111111111,0.7515416254704824,0.0,1.0,1.0,1.0,0.0,real,3,0.3701005025125628,0.3472361809045226,0.8670854271356784,0.6503140703517588,0.34550462740839877,0.3621051709552789
F001097,0.0,0.3472361809045226,0.5555555555555556,0.5357583756107197,0.0,1.0,1.0,1.0,0.0,real,3,0.3701005025125628,0.3472361809045226,0.6384422110552764,0.47883165829145735,0.30319414282467616,0.3581843419358097
F001098,0.01116454968463,0.6977386934673366,0.5416666666666666,0.1443375672974064,0.25,1.0,1.0,1.0,0.25,real,3,0.8304020100502513,0.6977386934673366,0.06155778894472362,0.04616834170854271,0.44075986086209945,0.7038635387995253
F001099,0.1898569058357866,0.8683417085427135,0.7222222222222222,0.5091750772173156,0.0,1.0,1.0,1.0,0.0,real,3,0.3701005025125628,0.8683417085427135,0.592462311557789,0.4443467336683417,0.29468555086992754,0.6469498560642407
F001100,0.0,0.3472361809045226,0.5555555555555556,0.5357583756107197,0.0,1.0,1.0,1.0,0.0,real,3,0.3701005025125628,0.3472361809045226,0.6384422110552764,0.47883165829145735,0.30319414282467616,0.3581843419358097
F001101,0.4229189661767951,0.9630653266331658,0.7638888888888888,0.2097176232019653,0.0,1.0,1.0,1.0,0.0,real,3,0.3701005025125628,0.9630653266331658,0.11809045226130653,0.0885678391959799,0.20690291911820408,0.9105477134415798
F001102,0.0,0.3472361809045226,0.375,1.0897247358851685,0.25,1.0,1.0,1.0,0.25,real,3,0.8304020100502513,0.3472361809045226,0.9899497487437185,0.7424623115577889,0.8262291356278881,0.7059685992777959
F001103,0.0,0.3472361809045226,0.6388888888888888,0.7515416254704823,0.0,1.0,1.0,1.0,0.0,real,3,0.3701005025125628,0.3472361809045226,0.8610552763819096,0.6457914572864322,0.34438874649630064,0.3620017644756445
F001104,0.0,0.3472361809045226,0.5,1.0,0.0,1.0,1.0,1.0,0.0,real,3,0.3701005025125628,0.3472361809045226,0.9625628140703517,0.7219221105527638,0.3631727418499533,0.36374244021615615
F001105,0.0,0.3472361809045226,0.0555555555555555,0.1924500897298752,0.25,1.0,1.0,1.0,0.25,real,3,0.8304020100502513,0.3472361809045226,0.09321608040201006,0.06991206030150754,0.45390441529254316,0.38101529948738666
F001106,0.0,0.3472361809045226,0.4166666666666667,0.2886751345948129,0.0,1.0,1.0,1.0,0.0,real,3,0.3701005025125628,0.3472361809045226,0.22688442211055276,0.17016331658291456,0.22703527057397543,0.35112684970076513
F001107,0.0,0.3472361809045226,0.125,0.4330127018922193,0.0,1.0,1.0,1.0,0.0,real,3,0.3701005025125628,0.3472361809045226,0.4663316582914573,0.349748743718593,0.2713450417918739,0.35523294866291255
F001108,0.0,0.3472361809045226,0.3472222222222222,0.488288773090193,0.0,1.0,1.0,1.0,0.0,real,3,0.3701005025125628,0.3472361809045226,0.514070351758794,0.38555276381909553,0.2801790990126512,0.3560515832933512
F001109,0.0,0.3472361809045226,0.3333333333333333,0.5773502691896258,0.0,1.0,1.0,1.0,0.0,real,3,0.3701005025125628,0.3472361809045226,0.6758793969849246,0.5069095477386935,0.3101219034872857,0.3588263238302063
F001110,0.2257260127101733,0.8974874371859296,0.7083333333333334,0.3818813079129866,0.0,1.0,1.0,1.0,0.0,real,3,0.3701005025125628,0.8974874371859296,0.34723618090452263,0.260427135678392,0.2493063937779349,0.7601415683947375
F001111,0.0,0.3472361809045226,0.5277777777777778,0.4194352464039305,0.0,1.0,1.0,1.0,0.0,real,3,0.3701005025125628,0.3472361809045226,0.43366834170854274,0.32525125628140705,0.26530068685134217,0.35467283023155977
F001112,0.1485783278408043,0.8120603015075377,0.7361111111111112,0.6472877887628358,0.0,1.0,1.0,1.0,0.0,real,3,0.3701005025125628,0.8120603015075377,0.771105527638191,0.5783291457286432,0.3277435228908361,0.556462068508371
F001113,0.0,0.3472361809045226,0.5972222222222222,0.393817968854384,0.25,1.0,1.0,1.0,0.25,real,3,0.8304020100502513,0.3472361809045226,0.40251256281407033,0.3018844221105528,0.5823246256407666,0.4930964180197469
F001114,0.0,0.3472361809045226,0.4027777777777778,0.393817968854384,0.25,1.0,1.0,1.0,0.25,real,3,0.8304020100502513,0.3472361809045226,0.40251256281407033,0.3018844221105528,0.5823246256407666,0.4930964180197469
F001115,0.1504840084734488,0.8301507537688442,0.6388888888888888,0.2545875386086578,0.0,1.0,1.0,1.0,0.0,real,3,0.3701005025125628,0.8301507537688442,0.17336683417085427,0.1300251256281407,0.21713182747910406,0.7703326620539885
F001116,0.0,0.3472361809045226,0.2777777777777778,0.0962250448649376,0.0,1.0,1.0,1.0,0.0,real,3,0.3701005025125628,0.3472361809045226,0.022110552763819097,0.016582914572864323,0.1891418146006414,0.34761533799651523
F001117,0.3963319220119756,0.9587939698492464,0.7222222222222222,0.0962250448649376,0.25,1.0,1.0,1.0,0.25,real,3,0.8304020100502513,0.9587939698492464,0.022110552763819097,0.016582914572864323,0.4243813287543244,0.956664856948057
F001118,0.0,0.3472361809045226,0.5694444444444444,0.4276334532872403,0.0,1.0,1.0,1.0,0.0,real,3,0.3701005025125628,0.3472361809045226,0.4505025125628141,0.33787688442211056,0.2684158543976162,0.3549615066538724
F001119,0.0,0.3472361809045226,0.3333333333333333,0.5773502691896258,0.25,1.0,1.0,1.0,0.25,real,3,0.8304020100502513,0.3472361809045226,0.6758793969849246,0.5069095477386935,0.6958268099290422,0.5921575528395747
F001120,0.0,0.3472361809045226,0.1944444444444444,0.3469443332443554,0.0,1.0,1.0,1.0,0.0,real,3,0.3701005025125628,0.3472361809045226,0.2914572864321608,0.2185929648241206,0.23898449534102673,0.3522341607535163
F001121,0.0223290993692601,0.7115577889447237,0.5833333333333334,0.2886751345948129,0.0,1.0,1.0,1.0,0.0,real,3,0.3701005025125628,0.7115577889447237,0.22688442211055276,0.17016331658291456,0.22703527057397543,0.6534542846140249
F001122,0.1485783278408043,0.8120603015075377,0.7361111111111112,0.6472877887628358,0.25,1.0,1.0,1.0,0.25,real,3,0.8304020100502513,0.8120603015075377,0.771105527638191,0.5783291457286432,0.7353647950809322,0.822667846140249
F001123,0.0,0.3472361809045226,0.2361111111111111,0.2097176232019652,0.5,1.0,1.0,1.0,0.5,real,3,0.9587939698492463,0.3472361809045226,0.10854271356783919,0.0814070351758794,0.5314320345445822,0.3970212873412287
F001124,0.0,0.3472361809045226,0.4027777777777778,0.8347210667398177,0.0,1.0,1.0,1.0,0.0,real,3,0.3701005025125628,0.3472361809045226,0.9155778894472362,0.6866834170854271,0.3544781697431883,0.36293673139567184
F001125,0.0521012318616071,0.742713567839196,0.6944444444444444,0.6735753140545634,0.0,1.0,1.0,1.0,0.0,real,3,0.3701005025125628,0.742713567839196,0.8133165829145729,0.6099874371859296,0.3355546892755234,0.5154242790586097
F001126,0.0,0.3472361809045226,0.5416666666666666,0.3818813079129867,0.0,1.0,1.0,1.0,0.0,real,3,0.3701005025125628,0.3472361809045226,0.3608040201005025,0.2706030150753769,0.2518171258301558,0.35342333526931136
F001127,0.0,0.3472361809045226,0.5416666666666666,0.3818813079129867,0.0,1.0,1.0,1.0,0.0,real,3,0.3701005025125628,0.3472361809045226,0.3608040201005025,0.2706030150753769,0.2518171258301558,0.35342333526931136
F001128,0.0,0.3472361809045226,0.6388888888888888,0.7515416254704823,0.0,1.0,1.0,1.0,0.0,real,3,0.3701005025125628,0.3472361809045226,0.8610552763819096,0.6457914572864322,0.34438874649630064,0.3620017644756445
F001129,0.2154167222667111,0.879145728643216,0.6944444444444444,0.3469443332443555,0.0,1.0,1.0,1.0,0.0,real,3,0.3701005025125628,0.879145728643216,0.3135678391959799,0.23517587939698492,0.24307605868538676,0.7594305699351026
F001130,0.0,0.3472361809045226,0.1666666666666666,0.2886751345948128,0.0,1.0,1.0,1.0,0.0,real,3,0.3701005025125628,0.3472361809045226,0.20376884422110553,0.15282663316582915,0.22275772707759908,0.3507304581955001
F001131,0.0,0.3472361809045226,0.4305555555555555,0.4276334532872403,0.0,1.0,1.0,1.0,0.0,real,3,0.3701005025125628,0.3472361809045226,0.4505025125628141,0.33787688442211056,0.2684158543976162,0.3549615066538724
F001132,0.1485783278408043,0.8120603015075377,0.7361111111111112,0.6472877887628358,0.25,1.0,1.0,1.0,0.25,real,3,0.8304020100502513,0.8120603015075377,0.771105527638191,0.5783291457286432,0.7353647950809322,0.822667846140249
F001133,0.0,0.3472361809045226,0.4027777777777778,0.8347210667398177,0.25,1.0,1.0,1.0,0.25,real,3,0.8304020100502513,0.3472361809045226,0.9155778894472362,0.6866834170854271,0.7953498649024014,0.6790181434812252
F001134,0.0,0.3472361809045226,0.2083333333333333,0.5204164998665333,0.5,1.0,0.5,0.5,0.5,real,3,0.9587939698492463,0.3472361809045226,0.6309045226130653,0.23658919597989947,0.3909253554203177,0.4919241464861998
F001135,0.0,0.3472361809045226,0.2916666666666666,0.5204164998665332,0.0,1.0,1.0,1.0,0.0,real,3,0.3701005025125628,0.3472361809045226,0.6203517587939699,0.4652638190954774,0.2998465000883816,0.35787412249690664
F001136,0.0,0.3472361809045226,0.4583333333333333,0.3818813079129867,0.25,1.0,1.0,1.0,0.25,real,3,0.8304020100502513,0.3472361809045226,0.3608040201005025,0.2706030150753769,0.5650071967879599,0.4779823110527512
F001137,0.0446581987385203,0.7221105527638191,0.6666666666666666,0.5773502691896258,0.0,1.0,1.0,1.0,0.0,real,3,0.3701005025125628,0.7221105527638191,0.6758793969849246,0.5069095477386935,0.3101219034872857,0.54367329739148
F001138,0.0,0.3472361809045226,0.2777777777777778,0.5091750772173156,0.5,1.0,1.0,1.0,0.5,real,3,0.9587939698492463,0.3472361809045226,0.592462311557789,0.4443467336683417,0.7634216307668998,0.6189798868715436
F001139,0.061411169010459,0.7545226130653266,0.6527777777777778,0.488288773090193,0.0,1.0,1.0,1.0,0.0,real,3,0.3701005025125628,0.7545226130653266,0.514070351758794,0.38555276381909553,0.2801790990126512,0.6063076058685386
F001140,0.0,0.3472361809045226,0.5138888888888888,0.2926570486903538,0.0,1.0,1.0,1.0,0.0,real,3,0.3701005025125628,0.3472361809045226,0.24949748743718592,0.18712311557788944,0.2312198239943436,0.3515146239993939
F001141,0.0669872981077807,0.7638190954773869,0.75,0.8660254037844386,0.5,1.0,1.0,1.0,0.5,real,3,0.9587939698492463,0.7638190954773869,0.9336683417085427,0.700251256281407,0.9269947728592712,0.900350496199591
F001142,0.0,0.3472361809045226,0.6944444444444444,0.787635937708768,0.25,1.0,1.0,1.0,0.25,real,3,0.8304020100502513,0.3472361809045226,0.8944723618090452,0.6708542713567839,0.786586828615439,0.6713700411605767
F001143,0.0,0.3472361809045226,0.3055555555555556,0.3469443332443555,0.0,1.0,1.0,1.0,0.0,real,3,0.3701005025125628,0.3472361809045226,0.3135678391959799,0.23517587939698492,0.24307605868538676,0.352613317845509
F001144,0.2974642264589466,0.9216080402010052,0.6805555555555556,0.1272937693043289,0.0,1.0,1.0,1.0,0.0,real,3,0.3701005025125628,0.9216080402010052,0.04195979899497487,0.031469849246231155,0.1928149226029646,0.9042521811317897
F001145,0.0,0.3472361809045226,0.5416666666666666,1.0103629710818451,0.5,1.0,1.0,1.0,0.5,real,3,0.9587939698492463,0.3472361809045226,0.9660804020100503,0.7245603015075377,0.9425330168430092,0.7903466768515947
F001146,0.1020902318637188,0.7766331658291458,0.7083333333333334,0.6291528696058958,0.0,1.0,1.0,1.0,0.0,real,3,0.3701005025125628,0.7766331658291458,0.7339195979899498,0.5504396984924623,0.3208622572662307,0.5528614492058281
F001147,0.0,0.3472361809045226,0.4166666666666667,0.2886751345948129,0.5,1.0,1.0,1.0,0.5,real,3,0.9587939698492463,0.3472361809045226,0.22688442211055276,0.17016331658291456,0.5881646928107876,0.45130088255347084
F001148,0.0,0.3472361809045226,0.2916666666666666,0.3818813079129866,0.0,1.0,1.0,1.0,0.0,real,3,0.3701005025125628,0.3472361809045226,0.34723618090452263,0.260427135678392,0.2493063937779349,0.35319067069013405
F001149,0.0,0.3472361809045226,0.5138888888888888,0.2926570486903538,0.0,1.0,1.0,1.0,0.0,real,3,0.3701005025125628,0.3472361809045226,0.24949748743718592,0.18712311557788944,0.2312198239943436,0.3515146239993939
F001150,0.0,0.3472361809045226,0.1527777777777777,0.3367876570272816,0.0,1.0,1.0,1.0,0.0,real,3,0.3701005025125628,0.3472361809045226,0.2698492462311558,0.20238693467336685,0.23498592207267494,0.35186362086815987
F001151,0.0,0.3472361809045226,0.3194444444444444,0.3757708127352411,0.0,1.0,1.0,1.0,0.0,real,3,0.3701005025125628,0.3472361809045226,0.3314070351758794,0.24855527638190955,0.24637720638367716,0.35291922868109393
F001152,0.0,0.3472361809045226,0.375,1.0897247358851685,0.0,1.0,1.0,1.0,0.0,real,3,0.3701005025125628,0.3472361809045226,0.9899497487437185,0.7424623115577889,0.3682407009923992,0.36421207797782884
F001153,0.1898569058357866,0.8683417085427135,0.7222222222222222,0.5091750772173156,0.0,1.0,1.0,1.0,0.0,real,3,0.3701005025125628,0.8683417085427135,0.592462311557789,0.4443467336683417,0.29468555086992754,0.6469498560642407
F001154,0.0,0.3472361809045226,0.4166666666666667,1.0408329997330663,0.0,1.0,1.0,1.0,0.0,real,3,0.3701005025125628,0.3472361809045226,0.978140703517588,0.733605527638191,0.36605543420620695,0.36400957362187825
F001155,0.0,0.3472361809045226,0.25,0.5,0.0,1.0,1.0,1.0,0.0,real,3,0.3701005025125628,0.3472361809045226,0.5492462311557789,0.41193467336683415,0.2866884043332239,0.3566547877578849
F001156,0.3779915320718537,0.9507537688442212,0.8333333333333333,0.5773502691896258,0.0,1.0,1.0,1.0,0.0,real,3,0.3701005025125628,0.9507537688442212,0.6758793969849246,0.5069095477386935,0.3101219034872857,0.6564150842150451
F001157,0.0,0.3472361809045226,0.4861111111111111,0.6787106512705898,0.0,1.0,1.0,1.0,0.0,real,3,0.3701005025125628,0.3472361809045226,0.8233668341708543,0.6175251256281408,0.33741449079568697,0.36135547397792983
F001158,0.0,0.3472361809045226,0.2777777777777778,0.0962250448649376,0.0,1.0,1.0,1.0,0.0,real,3,0.3701005025125628,0.3472361809045226,0.022110552763819097,0.016582914572864323,0.1891418146006414,0.34761533799651523
F001159,0.0,0.3472361809045226,0.375,0.4330127018922193,0.0,1.0,1.0,1.0,0.0,real,3,0.3701005025125628,0.3472361809045226,0.4663316582914573,0.349748743718593,0.2713450417918739,0.35523294866291255
F001160,0.1504840084734488,0.8301507537688442,0.6388888888888888,0.2545875386086578,0.0,1.0,1.0,1.0,0.0,real,3,0.3701005025125628,0.8301507537688442,0.17336683417085427,0.1300251256281407,0.21713182747910406,0.7703326620539885
F001161,0.0,0.3472361809045226,0.3472222222222222,0.3367876570272817,0.0,1.0,1.0,1.0,0.0,real,3,0.3701005025125628,0.3472361809045226,0.2778894472361809,0.2084170854271357,0.23647376328880587,0.35200149617433896
F001162,0.0,0.3472361809045226,0.3055555555555556,0.3469443332443555,0.5,1.0,1.0,1.0,0.5,real,3,0.9587939698492463,0.3472361809045226,0.3135678391959799,0.23517587939698492,0.629720461604505,0.49105982172167373
F001163,0.0,0.3472361809045226,0.5555555555555556,0.5357583756107197,0.25,1.0,1.0,1.0,0.25,real,3,0.8304020100502513,0.3472361809045226,0.6384422110552764,0.47883165829145735,0.6802828527057397,0.5785912761041387
F001164,0.0,0.3472361809045226,0.4166666666666667,1.0408329997330663,0.25,1.0,1.0,1.0,0.25,real,3,0.8304020100502513,0.3472361809045226,0.978140703517588,0.733605527638191,0.8213260081816116,0.7016893039317189
F001165,0.125,0.7962311557788945,0.625,0.25,0.0,1.0,1.0,1.0,0.0,real,3,0.3701005025125628,0.7962311557788945,0.13618090452261306,0.10213567839195979,0.2102505618544986,0.7527080124239286
F001166,0.1485783278408043,0.8120603015075377,0.7361111111111112,0.6472877887628358,0.0,1.0,1.0,1.0,0.0,real,3,0.3701005025125628,0.8120603015075377,0.771105527638191,0.5783291457286432,0.3277435228908361,0.556462068508371
F001167,0.2154167222667111,0.879145728643216,0.6944444444444444,0.3469443332443555,0.0,1.0,1.0,1.0,0.0,real,3,0.3701005025125628,0.879145728643216,0.3135678391959799,0.23517587939698492,0.24307605868538676,0.7594305699351026
F001168,0.0,0.3472361809045226,0.2777777777777778,0.5091750772173156,0.0,1.0,1.0,1.0,0.0,real,3,0.3701005025125628,0.3472361809045226,0.592462311557789,0.4443467336683417,0.29468555086992754,0.35739586752859775
F001169,0.0,0.3472361809045226,0.361111111111111,0.7515416254704824,0.25,1.0,1.0,1.0,0.25,real,3,0.8304020100502513,0.3472361809045226,0.8670854271356784,0.6503140703517588,0.7752157458144996,0.6614457179111639
F001170,0.0,0.3472361809045226,0.3472222222222222,0.488288773090193,0.25,1.0,1.0,1.0,0.25,real,3,0.8304020100502513,0.3472361809045226,0.514070351758794,0.38555276381909553,0.6286435317289967,0.5335221017146032
F001171,0.0521012318616071,0.742713567839196,0.6944444444444444,0.6735753140545634,0.0,1.0,1.0,1.0,0.0,real,3,0.3701005025125628,0.742713567839196,0.8133165829145729,0.6099874371859296,0.3355546892755234,0.5154242790586097
F001172,0.0223290993692601,0.7115577889447237,0.5833333333333334,0.2886751345948129,0.0,1.0,1.0,1.0,0.0,real,3,0.3701005025125628,0.7115577889447237,0.22688442211055276,0.17016331658291456,0.22703527057397543,0.6534542846140249
F001173,0.0,0.3472361809045226,0.3194444444444444,0.3757708127352411,0.0,1.0,1.0,1.0,0.0,real,3,0.3701005025125628,0.3472361809045226,0.3314070351758794,0.24855527638190955,0.24637720638367716,0.35291922868109393
F001174,0.0,0.3472361809045226,0.4444444444444444,0.5357583756107198,0.5,1.0,1.0,1.0,0.5,real,3,0.9587939698492463,0.3472361809045226,0.6459798994974875,0.4844849246231156,0.7890778010656296,0.6435267101840862
F001175,0.0,0.3472361809045226,0.5277777777777778,0.4194352464039305,0.0,1.0,1.0,1.0,0.0,real,3,0.3701005025125628,0.3472361809045226,0.43366834170854274,0.32525125628140705,0.26530068685134217,0.35467283023155977
F001176,0.0,0.3472361809045226,0.25,0.5,0.0,1.0,1.0,1.0,0.0,real,3,0.3701005025125628,0.3472361809045226,0.5492462311557789,0.41193467336683415,0.2866884043332239,0.3566547877578849
F001177,0.0,0.3472361809045226,0.2777777777777778,0.0962250448649376,0.0,1.0,1.0,1.0,0.0,real,3,0.3701005025125628,0.3472361809045226,0.022110552763819097,0.016582914572864323,0.1891418146006414,0.34761533799651523
F001178,0.0521012318616071,0.742713567839196,0.6944444444444444,0.6735753140545634,0.0,1.0,1.0,1.0,0.0,real,3,0.3701005025125628,0.742713567839196,0.8133165829145729,0.6099874371859296,0.3355546892755234,0.5154242790586097
F001179,0.0,0.3472361809045226,0.375,0.25,0.0,1.0,1.0,1.0,0.0,real,3,0.3701005025125628,0.3472361809045226,0.13618090452261306,0.10213567839195979,0.2102505618544986,0.3495714439029317
F001180,0.01116454968463,0.6977386934673366,0.5416666666666666,0.1443375672974064,0.0,1.0,1.0,1.0,0.0,real,3,0.3701005025125628,0.6977386934673366,0.06155778894472362,0.04616834170854271,0.19644153556728366,0.6826121815105679
F001181,0.0,0.3472361809045226,0.6388888888888888,0.7515416254704823,0.0,1.0,1.0,1.0,0.0,real,3,0.3701005025125628,0.3472361809045226,0.8610552763819096,0.6457914572864322,0.34438874649630064,0.3620017644756445
F001182,0.0,0.3472361809045226,0.3472222222222222,0.6684005230842202,0.0,1.0,1.0,1.0,0.0,real,3,0.3701005025125628,0.3472361809045226,0.7989949748743719,0.5992462311557789,0.3329044721092902,0.3609375394560743
F001183,0.0,0.3472361809045226,0.5277777777777778,0.8221471437193746,0.0,1.0,1.0,1.0,0.0,real,3,0.3701005025125628,0.3472361809045226,0.9118090452261306,0.6838567839195979,0.35378074417312694,0.3628721023459004
F001184,0.0,0.3472361809045226,0.4444444444444444,0.5357583756107198,0.0,1.0,1.0,1.0,0.0,real,3,0.3701005025125628,0.3472361809045226,0.6459798994974875,0.4844849246231156,0.3045889939647989,0.3583136000353526
F001185,0.125,0.7962311557788945,0.625,0.25,0.0,1.0,1.0,1.0,0.0,real,3,0.3701005025125628,0.7962311557788945,0.13618090452261306,0.10213567839195979,0.2102505618544986,0.7527080124239286
F001186,0.0,0.3472361809045226,0.3472222222222222,0.488288773090193,0.0,1.0,1.0,1.0,0.0,real,3,0.3701005025125628,0.3472361809045226,0.514070351758794,0.38555276381909553,0.2801790990126512,0.3560515832933512
F001187,0.0,0.3472361809045226,0.375,0.6614378277661477,0.0,1.0,1.0,1.0,0.0,real,3,0.3701005025125628,0.3472361809045226,0.7871859296482412,0.5903894472361809,0.3307192053230979,0.3607350351001237
F001188,0.0,0.3472361809045226,0.5694444444444444,0.4276334532872403,0.0,1.0,1.0,1.0,0.0,real,3,0.3701005025125628,0.3472361809045226,0.4505025125628141,0.33787688442211056,0.2684158543976162,0.3549615066538724
F001189,0.0,0.3472361809045226,0.5138888888888888,0.2926570486903538,0.0,1.0,1.0,1.0,0.0,real,3,0.3701005025125628,0.3472361809045226,0.24949748743718592,0.18712311557788944,0.2312198239943436,0.3515146239993939
F001190,0.0,0.3472361809045226,0.3333333333333333,0.2886751345948129,0.0,1.0,1.0,1.0,0.0,real,3,0.3701005025125628,0.3472361809045226,0.22688442211055276,0.17016331658291456,0.22703527057397543,0.35112684970076513
F001191,0.0219364186574703,0.7055276381909548,0.6527777777777778,0.5672382737961704,0.0,1.0,1.0,1.0,0.0,real,3,0.3701005025125628,0.7055276381909548,0.6540201005025126,0.49051507537688444,0.30607683518092976,0.5409955714502159
F001192,0.0,0.3472361809045226,0.625,0.9013878188659972,0.0,1.0,1.0,1.0,0.0,real,3,0.3701005025125628,0.3472361809045226,0.9449748743718593,0.7087311557788945,0.35991808918966695,0.36344083798388926
F001193,0.0,0.3472361809045226,0.5,0.5,0.25,1.0,1.0,1.0,0.25,real,3,0.8304020100502513,0.3472361809045226,0.5492462311557789,0.41193467336683415,0.6432485922072675,0.546268938915684
F001194,0.0521012318616071,0.742713567839196,0.6944444444444444,0.6735753140545634,0.0,1.0,1.0,1.0,0.0,real,3,0.3701005025125628,0.742713567839196,0.8133165829145729,0.6099874371859296,0.3355546892755234,0.5154242790586097
F001195,0.0,0.3472361809045226,0.5138888888888888,0.2926570486903538,0.0,1.0,1.0,1.0,0.0,real,3,0.3701005025125628,0.3472361809045226,0.24949748743718592,0.18712311557788944,0.2312198239943436,0.3515146239993939
F001196,0.0,0.3472361809045226,0.1527777777777777,0.3367876570272816,0.0,1.0,1.0,1.0,0.0,real,3,0.3701005025125628,0.3472361809045226,0.2698492462311558,0.20238693467336685,0.23498592207267494,0.35186362086815987
F001197,0.0,0.3472361809045226,0.4305555555555555,0.4276334532872403,0.25,1.0,1.0,1.0,0.25,real,3,0.8304020100502513,0.3472361809045226,0.4505025125628141,0.33787688442211056,0.6022501010075504,0.5104867459155071
F001198,0.0,0.3472361809045226,0.2222222222222222,0.5091750772173156,0.0,1.0,1.0,1.0,0.0,real,3,0.3701005025125628,0.3472361809045226,0.592462311557789,0.4443467336683417,0.29468555086992754,0.35739586752859775
F001199,0.25,0.907286432160804,0.75,0.5,0.0,1.0,1.0,1.0,0.0,real,3,0.3701005025125628,0.907286432160804,0.5492462311557789,0.41193467336683415,0.2866884043332239,0.6860009216938967
F001200,0.25,0.907286432160804,0.75,0.5,0.0,1.0,1.0,1.0,0.0,real,3,0.3701005025125628,0.907286432160804,0.5492462311557789,0.41193467336683415,0.2866884043332239,0.6860009216938967
F001201,0.0,0.3472361809045226,0.3888888888888889,0.4811252243246881,0.0,1.0,1.0,1.0,0.0,real,3,0.3701005025125628,0.3472361809045226,0.49271356783919595,0.369535175879397,0.27622702078230343,0.3556853520113128
F001202,0.0,0.3472361809045226,0.2916666666666666,0.8036375634160796,0.0,1.0,1.0,1.0,0.0,real,3,0.3701005025125628,0.3472361809045226,0.9057788944723618,0.6793341708542714,0.35266486326102875,0.362768695866266
F001203,0.0,0.3472361809045226,0.4861111111111111,0.9141379262169076,0.0,1.0,1.0,1.0,0.0,real,3,0.3701005025125628,0.3472361809045226,0.9469849246231156,0.7102386934673367,0.36029004949369964,0.3634753068104341
F001204,0.0,0.3472361809045226,0.4583333333333333,0.1443375672974064,0.25,1.0,1.0,1.0,0.25,real,3,0.8304020100502513,0.3472361809045226,0.06155778894472362,0.04616834170854271,0.44075986086209945,0.36954314600641397
F001205,0.0483797153000638,0.7306532663316583,0.6805555555555556,0.6254627916220946,0.5,1.0,1.0,1.0,0.5,real,3,0.9587939698492463,0.7306532663316583,0.714824120603015,0.5361180904522613,0.8220815130931037,0.8529636246559431
F001206,0.0,0.3472361809045226,0.6527777777777778,0.6684005230842202,0.0,1.0,1.0,1.0,0.0,real,3,0.3701005025125628,0.3472361809045226,0.7989949748743719,0.5992462311557789,0.3329044721092902,0.3609375394560743
F001207,0.1889957660359268,0.8582914572864322,0.6666666666666666,0.2886751345948129,0.0,1.0,1.0,1.0,0.0,real,3,0.3701005025125628,0.8582914572864322,0.22688442211055276,0.17016331658291456,0.22703527057397543,0.7752192652963309
F001208,0.1564584167334001,0.8437185929648241,0.7083333333333334,0.5204164998665332,0.0,1.0,1.0,1.0,0.0,real,3,0.3701005025125628,0.8437185929648241,0.6203517587939699,0.4652638190954774,0.2998465000883816,0.6233612314082977
F001209,0.0,0.3472361809045226,0.5555555555555556,0.6735753140545634,0.0,1.0,1.0,1.0,0.0,real,3,0.3701005025125628,0.3472361809045226,0.8133165829145729,0.6099874371859296,0.3355546892755234,0.36118312984520595
F001210,0.0,0.3472361809045226,0.5972222222222222,0.393817968854384,0.25,1.0,1.0,1.0,0.25,real,3,0.8304020100502513,0.3472361809045226,0.40251256281407033,0.3018844221105528,0.5823246256407666,0.4930964180197469
F001211,0.0,0.3472361809045226,0.3472222222222222,0.488288773090193,0.0,1.0,1.0,1.0,0.0,real,3,0.3701005025125628,0.3472361809045226,0.514070351758794,0.38555276381909553,0.2801790990126512,0.3560515832933512
F001212,0.0,0.3472361809045226,0.6388888888888888,0.8552669065744807,0.0,1.0,1.0,1.0,0.0,real,3,0.3701005025125628,0.3472361809045226,0.9228643216080402,0.6921482412060301,0.355826525845307,0.36306168089189667
F001213,0.0,0.3472361809045226,0.2916666666666666,0.5204164998665332,0.0,1.0,1.0,1.0,0.0,real,3,0.3701005025125628,0.3472361809045226,0.6203517587939699,0.4652638190954774,0.2998465000883816,0.35787412249690664
F001214,0.0,0.3472361809045226,0.2361111111111111,0.2097176232019652,0.0,1.0,1.0,1.0,0.0,real,3,0.3701005025125628,0.3472361809045226,0.10854271356783919,0.0814070351758794,0.20513610767404863,0.34909749753794095
F001215,0.0,0.3472361809045226,0.1944444444444444,0.3469443332443554,0.0,1.0,1.0,1.0,0.0,real,3,0.3701005025125628,0.3472361809045226,0.2914572864321608,0.2185929648241206,0.23898449534102673,0.3522341607535163
F001216,0.0,0.3472361809045226,0.2916666666666666,0.8036375634160796,0.0,1.0,1.0,1.0,0.0,real,3,0.3701005025125628,0.3472361809045226,0.9057788944723618,0.6793341708542714,0.35266486326102875,0.362768695866266
F001217,0.2257260127101733,0.8974874371859296,0.7083333333333334,0.3818813079129866,0.25,1.0,1.0,1.0,0.25,real,3,0.8304020100502513,0.8974874371859296,0.34723618090452263,0.260427135678392,0.5593738163177697,0.8800165715512234
F001218,0.3222409918479341,0.9381909547738694,0.7638888888888888,0.4110735718596873,0.0,1.0,1.0,1.0,0.0,real,3,0.3701005025125628,0.9381909547738694,0.42135678391959797,0.3160175879396985,0.2630224299891417,0.7586643803186789
F001219,0.0,0.3472361809045226,0.4305555555555555,0.4276334532872403,0.5,1.0,1.0,1.0,0.5,real,3,0.9587939698492463,0.3472361809045226,0.4505025125628141,0.33787688442211056,0.6953665311482033,0.5538674212772405
F001220,0.0,0.3472361809045226,0.3472222222222222,0.3367876570272817,0.0,1.0,1.0,1.0,0.0,real,3,0.3701005025125628,0.3472361809045226,0.2778894472361809,0.2084170854271357,0.23647376328880587,0.35200149617433896
F001221,0.1485783278408043,0.8120603015075377,0.7361111111111112,0.6472877887628358,0.5,1.0,1.0,1.0,0.5,real,3,0.9587939698492463,0.8120603015075377,0.771105527638191,0.5783291457286432,0.8490626499330824,0.896920658569228
F001222,0.0,0.3472361809045226,0.7083333333333334,1.0103629710818451,0.0,1.0,1.0,1.0,0.0,real,3,0.3701005025125628,0.3472361809045226,0.9660804020100503,0.7245603015075377,0.3638236723820106,0.3638027606626095
F001223,0.0148478849586268,0.7010050251256281,0.7083333333333334,0.8036375634160796,0.25,1.0,1.0,1.0,0.25,real,3,0.8304020100502513,0.7010050251256281,0.9057788944723618,0.6793341708542714,0.7912813123405974,0.7889088185904396
F001224,0.2154167222667111,0.879145728643216,0.6944444444444444,0.3469443332443555,0.0,1.0,1.0,1.0,0.0,real,3,0.3701005025125628,0.879145728643216,0.3135678391959799,0.23517587939698492,0.24307605868538676,0.7594305699351026
F001225,0.0,0.3472361809045226,0.4305555555555555,0.4276334532872403,0.0,1.0,1.0,1.0,0.0,real,3,0.3701005025125628,0.3472361809045226,0.4505025125628141,0.33787688442211056,0.2684158543976162,0.3549615066538724
F001226,0.0,0.3472361809045226,0.5138888888888888,0.2926570486903538,0.5,1.0,1.0,1.0,0.5,real,3,0.9587939698492463,0.3472361809045226,0.24949748743718592,0.18712311557788944,0.5990053281482791,0.46167277972778464
F001227,0.0,0.3472361809045226,0.0833333333333333,0.2886751345948128,0.0,1.0,1.0,1.0,0.0,real,3,0.3701005025125628,0.3472361809045226,0.20376884422110553,0.15282663316582915,0.22275772707759908,0.3507304581955001
F001228,0.0,0.3472361809045226,0.6388888888888888,0.7515416254704823,0.0,1.0,1.0,1.0,0.0,real,3,0.3701005025125628,0.3472361809045226,0.8610552763819096,0.6457914572864322,0.34438874649630064,0.3620017644756445
F001229,0.0,0.3472361809045226,0.4027777777777778,0.1734721666221777,0.25,1.0,1.0,1.0,0.25,real,3,0.8304020100502513,0.3472361809045226,0.08417085427135679,0.06312814070351759,0.45014882831241637,0.3777375413499659
F001230,0.0,0.3472361809045226,0.5555555555555556,0.5357583756107197,0.0,1.0,1.0,1.0,0.0,real,3,0.3701005025125628,0.3472361809045226,0.6384422110552764,0.47883165829145735,0.30319414282467616,0.3581843419358097
F001231,0.2154167222667111,0.879145728643216,0.6944444444444444,0.3469443332443555,0.0,1.0,1.0,1.0,0.0,real,3,0.3701005025125628,0.879145728643216,0.3135678391959799,0.23517587939698492,0.24307605868538676,0.7594305699351026
F001232,0.0,0.3472361809045226,0.4861111111111111,0.2926570486903539,0.0,1.0,1.0,1.0,0.0,real,3,0.3701005025125628,0.3472361809045226,0.2608040201005025,0.1956030150753769,0.23331210070452765,0.3517085111487083
F001233,0.0,0.3472361809045226,0.3472222222222222,0.488288773090193,0.0,1.0,1.0,1.0,0.0,real,3,0.3701005025125628,0.3472361809045226,0.514070351758794,0.38555276381909553,0.2801790990126512,0.3560515832933512
F001234,0.061411169010459,0.7545226130653266,0.6527777777777778,0.488288773090193,0.0,1.0,1.0,1.0,0.0,real,3,0.3701005025125628,0.7545226130653266,0.514070351758794,0.38555276381909553,0.2801790990126512,0.6063076058685386
F001235,0.3779915320718537,0.9507537688442212,0.8333333333333333,0.5773502691896258,0.0,1.0,1.0,1.0,0.0,real,3,0.3701005025125628,0.9507537688442212,0.6758793969849246,0.5069095477386935,0.3101219034872857,0.6564150842150451
F001236,0.0,0.3472361809045226,0.3611111111111111,0.2545875386086578,0.0,1.0,1.0,1.0,0.0,real,3,0.3701005025125628,0.3472361809045226,0.17336683417085427,0.1300251256281407,0.21713182747910406,0.3502091171940102
F001237,0.0,0.3472361809045226,0.25,0.5,0.0,1.0,1.0,1.0,0.0,real,3,0.3701005025125628,0.3472361809045226,0.5492462311557789,0.41193467336683415,0.2866884043332239,0.3566547877578849
F001238,0.0,0.3472361809045226,0.4166666666666667,1.0408329997330663,0.5,1.0,1.0,1.0,0.5,real,3,0.9587939698492463,0.3472361809045226,0.978140703517588,0.733605527638191,0.9483146890230045,0.7958783553445621
F001239,0.2154167222667111,0.879145728643216,0.6944444444444444,0.3469443332443555,0.25,1.0,1.0,1.0,0.25,real,3,0.8304020100502513,0.879145728643216,0.3135678391959799,0.23517587939698492,0.5453946870028535,0.8676823817580364
F001240,0.0,0.3472361809045226,0.375,0.25,0.5,1.0,1.0,1.0,0.5,real,3,0.9587939698492463,0.3472361809045226,0.13618090452261306,0.10213567839195979,0.5446816999570717,0.4096980505542789
F001241,0.0148860662461734,0.7022613065326633,0.5555555555555556,0.1924500897298752,0.0,1.0,1.0,1.0,0.0,real,3,0.3701005025125628,0.7022613065326633,0.09321608040201006,0.06991206030150754,0.2022999103557991,0.6790392603722128
F001242,0.0,0.3472361809045226,0.4583333333333333,0.1443375672974064,0.25,1.0,1.0,1.0,0.25,real,3,0.8304020100502513,0.3472361809045226,0.06155778894472362,0.04616834170854271,0.44075986086209945,0.36954314600641397
F001243,0.0,0.3472361809045226,0.4722222222222222,0.9179284245476838,0.0,1.0,1.0,1.0,0.0,real,3,0.3701005025125628,0.3472361809045226,0.9510050251256281,0.7132537688442211,0.36103397010176513,0.3635442444635236
F001244,0.2224894150898172,0.8891959798994975,0.7916666666666667,0.7216878364870323,0.0,1.0,1.0,1.0,0.0,real,3,0.3701005025125628,0.8891959798994975,0.8472361809045226,0.6354271356783919,0.3418315194060756,0.5593486275599101
F001245,0.0,0.3472361809045226,0.375,1.0897247358851685,0.0,1.0,1.0,1.0,0.0,real,3,0.3701005025125628,0.3472361809045226,0.9899497487437185,0.7424623115577889,0.3682407009923992,0.36421207797782884
F001246,0.4229189661767951,0.9630653266331658,0.7638888888888888,0.2097176232019653,0.0,1.0,1.0,1.0,0.0,real,3,0.3701005025125628,0.9630653266331658,0.11809045226130653,0.0885678391959799,0.20690291911820408,0.9105477134415798
F001247,0.125,0.7962311557788945,0.625,0.25,0.0,1.0,1.0,1.0,0.0,real,3,0.3701005025125628,0.7962311557788945,0.13618090452261306,0.10213567839195979,0.2102505618544986,0.7527080124239286
F001248,0.1504840084734488,0.8301507537688442,0.6388888888888888,0.2545875386086578,0.25,1.0,1.0,1.0,0.25,real,3,0.8304020100502513,0.8301507537688442,0.17336683417085427,0.1300251256281407,0.4871830888108886,0.830183423398399
F001249,0.0,0.3472361809045226,0.2222222222222222,0.5091750772173156,0.0,1.0,1.0,1.0,0.0,real,3,0.3701005025125628,0.3472361809045226,0.592462311557789,0.4443467336683417,0.29468555086992754,0.35739586752859775
F001250,0.0,0.3472361809045226,0.5555555555555556,0.5357583756107197,0.0,1.0,1.0,1.0,0.0,real,3,0.3701005025125628,0.3472361809045226,0.6384422110552764,0.47883165829145735,0.30319414282467616,0.3581843419358097
F001251,0.25,0.907286432160804,0.75,0.5,0.5,1.0,1.0,1.0,0.5,real,3,0.9587939698492463,0.907286432160804,0.5492462311557789,0.41193467336683415,0.7427039721219161,0.9285041728744224
F001252,0.0,0.3472361809045226,0.25,0.8660254037844386,0.25,1.0,1.0,1.0,0.25,real,3,0.8304020100502513,0.3472361809045226,0.9336683417085427,0.700251256281407,0.802861038862655,0.6855736597560668
F001253,0.0,0.3472361809045226,0.25,0.5,0.5,1.0,1.0,1.0,0.5,real,3,0.9587939698492463,0.3472361809045226,0.5492462311557789,0.41193467336683415,0.7427039721219161,0.5991580389384106
F001254,0.1889957660359268,0.8582914572864322,0.6666666666666666,0.2886751345948129,0.0,1.0,1.0,1.0,0.0,real,3,0.3701005025125628,0.8582914572864322,0.22688442211055276,0.17016331658291456,0.22703527057397543,0.7752192652963309
F001255,0.0,0.3472361809045226,0.5694444444444444,0.4738533919231106,0.0,1.0,1.0,1.0,0.0,real,3,0.3701005025125628,0.3472361809045226,0.48391959798994977,0.3629396984924623,0.2745996944521603,0.3555345508951794
F001256,0.0,0.3472361809045226,0.6111111111111112,0.693888666488711,0.0,1.0,1.0,1.0,0.0,real,3,0.3701005025125628,0.3472361809045226,0.828894472361809,0.6216708542713567,0.338437381631777,0.361450263250928
F001257,0.0,0.3472361809045226,0.4444444444444445,0.6735753140545634,0.25,1.0,1.0,1.0,0.25,real,3,0.8304020100502513,0.3472361809045226,0.8133165829145729,0.6099874371859296,0.7528908676548572,0.6419612667609403
F001258,0.0,0.3472361809045226,0.25,0.5,0.0,1.0,1.0,1.0,0.0,real,3,0.3701005025125628,0.3472361809045226,0.5492462311557789,0.41193467336683415,0.2866884043332239,0.3566547877578849
F001259,0.0148860662461734,0.7022613065326633,0.5555555555555556,0.1924500897298752,0.0,1.0,1.0,1.0,0.0,real,3,0.3701005025125628,0.7022613065326633,0.09321608040201006,0.06991206030150754,0.2022999103557991,0.6790392603722128
F001260,0.1504840084734488,0.8301507537688442,0.6388888888888888,0.2545875386086578,0.0,1.0,1.0,1.0,0.0,real,3,0.3701005025125628,0.8301507537688442,0.17336683417085427,0.1300251256281407,0.21713182747910406,0.7703326620539885
F001261,0.0,0.3472361809045226,0.3194444444444444,0.6254627916220946,0.0,1.0,1.0,1.0,0.0,real,3,0.3701005025125628,0.3472361809045226,0.714824120603015,0.5361180904522613,0.31732863437791975,0.3594941573445115
F001262,0.0,0.3472361809045226,0.3888888888888889,0.4811252243246881,0.25,1.0,1.0,1.0,0.25,real,3,0.8304020100502513,0.3472361809045226,0.49271356783919595,0.369535175879397,0.6197761735814752,0.5257829505568041
F001263,0.0,0.3472361809045226,0.1111111111111111,0.3849001794597505,0.25,1.0,1.0,1.0,0.25,real,3,0.8304020100502513,0.3472361809045226,0.3763819095477387,0.282286432160804,0.5714751521426227,0.4836273389560869
F001264,0.0,0.3472361809045226,0.4444444444444444,0.5357583756107198,0.0,1.0,1.0,1.0,0.0,real,3,0.3701005025125628,0.3472361809045226,0.6459798994974875,0.4844849246231156,0.3045889939647989,0.3583136000353526
F001265,0.0,0.3472361809045226,0.1388888888888888,0.2545875386086578,0.0,1.0,1.0,1.0,0.0,real,3,0.3701005025125628,0.3472361809045226,0.17336683417085427,0.1300251256281407,0.21713182747910406,0.3502091171940102
F001266,0.1485783278408043,0.8120603015075377,0.7361111111111112,0.6472877887628358,0.5,1.0,1.0,1.0,0.5,real,3,0.9587939698492463,0.8120603015075377,0.771105527638191,0.5783291457286432,0.8490626499330824,0.896920658569228
F001267,0.1898569058357866,0.8683417085427135,0.7222222222222222,0.5091750772173156,0.0,1.0,1.0,1.0,0.0,real,3,0.3701005025125628,0.8683417085427135,0.592462311557789,0.4443467336683417,0.29468555086992754,0.6469498560642407
F001268,0.1020902318637188,0.7766331658291458,0.7083333333333334,0.6291528696058958,0.25,1.0,1.0,1.0,0.25,real,3,0.8304020100502513,0.7766331658291458,0.7339195979899498,0.5504396984924623,0.7199251597181889,0.8062296722304992
F001269,0.0,0.3472361809045226,0.3055555555555556,0.7876359377087682,0.25,1.0,1.0,1.0,0.25,real,3,0.8304020100502513,0.3472361809045226,0.9,0.675,0.7888819095477386,0.6733731155778895
F001270,0.2974642264589466,0.9216080402010052,0.6805555555555556,0.1272937693043289,0.25,1.0,1.0,1.0,0.25,real,3,0.8304020100502513,0.9216080402010052,0.04195979899497487,0.031469849246231155,0.43262275573849146,0.9187378001818137
F001271,0.0,0.3472361809045226,0.4444444444444444,0.5357583756107198,0.0,1.0,1.0,1.0,0.0,real,3,0.3701005025125628,0.3472361809045226,0.6459798994974875,0.4844849246231156,0.3045889939647989,0.3583136000353526
F001272,0.0,0.3472361809045226,0.625,1.0897247358851685,0.25,1.0,1.0,1.0,0.25,real,3,0.8304020100502513,0.3472361809045226,0.9899497487437185,0.7424623115577889,0.8262291356278881,0.7059685992777959
F001273,0.0,0.3472361809045226,0.3472222222222222,0.6684005230842202,0.5,1.0,1.0,1.0,0.5,real,3,0.9587939698492463,0.3472361809045226,0.7989949748743719,0.5992462311557789,0.862432766849322,0.7137098810636094
F001274,0.0,0.3472361809045226,0.3472222222222222,0.6988747569671736,0.0,1.0,1.0,1.0,0.0,real,3,0.3701005025125628,0.3472361809045226,0.8361809045226131,0.6271356783919598,0.3397857377338956,0.3615752127471528
F001275,0.0,0.3472361809045226,0.2361111111111111,0.2097176232019652,0.25,1.0,1.0,1.0,0.25,real,3,0.8304020100502513,0.3472361809045226,0.10854271356783919,0.0814070351758794,0.4602680487866468,0.3865692785535718
F001276,0.0,0.3472361809045226,0.5694444444444444,0.7469072033193752,0.0,1.0,1.0,1.0,0.0,real,3,0.3701005025125628,0.3472361809045226,0.8560301507537689,0.6420226130653266,0.3434588457362188,0.36191559240928256
F001277,0.0,0.3472361809045226,0.25,0.5,0.0,1.0,1.0,1.0,0.0,real,3,0.3701005025125628,0.3472361809045226,0.5492462311557789,0.41193467336683415,0.2866884043332239,0.3566547877578849
F001278,0.0,0.3472361809045226,0.5972222222222222,0.393817968854384,0.0,1.0,1.0,1.0,0.0,real,3,0.3701005025125628,0.3472361809045226,0.40251256281407033,0.3018844221105528,0.25953530213883486,0.3541385634201156
F001279,0.0,0.3472361809045226,0.5138888888888888,0.2926570486903538,0.5,1.0,1.0,1.0,0.5,real,3,0.9587939698492463,0.3472361809045226,0.24949748743718592,0.18712311557788944,0.5990053281482791,0.46167277972778464
F001280,0.0483797153000638,0.7306532663316583,0.6805555555555556,0.6254627916220946,0.0,1.0,1.0,1.0,0.0,real,3,0.3701005025125628,0.7306532663316583,0.714824120603015,0.5361180904522613,0.31732863437791975,0.5373544070856797
F001281,0.0,0.3472361809045226,0.2361111111111111,0.2097176232019652,0.0,1.0,1.0,1.0,0.0,real,3,0.3701005025125628,0.3472361809045226,0.10854271356783919,0.0814070351758794,0.20513610767404863,0.34909749753794095
F001282,0.0223290993692601,0.7115577889447237,0.5833333333333334,0.2886751345948129,0.25,1.0,1.0,1.0,0.25,real,3,0.8304020100502513,0.7115577889447237,0.22688442211055276,0.17016331658291456,0.509403645109972,0.7317807157647535
F001283,0.0,0.3472361809045226,0.25,0.5,0.0,1.0,1.0,1.0,0.0,real,3,0.3701005025125628,0.3472361809045226,0.5492462311557789,0.41193467336683415,0.2866884043332239,0.3566547877578849
F001284,0.3963319220119756,0.9587939698492464,0.7222222222222222,0.0962250448649376,0.0,1.0,1.0,1.0,0.0,real,3,0.3701005025125628,0.9587939698492464,0.022110552763819097,0.016582914572864323,0.1891418146006414,0.9490317163707989
F001285,0.0,0.3472361809045226,0.5138888888888888,0.2926570486903538,0.0,1.0,1.0,1.0,0.0,real,3,0.3701005025125628,0.3472361809045226,0.24949748743718592,0.18712311557788944,0.2312198239943436,0.3515146239993939
F001286,0.0483797153000638,0.7306532663316583,0.6805555555555556,0.6254627916220946,0.25,1.0,1.0,1.0,0.25,real,3,0.8304020100502513,0.7306532663316583,0.714824120603015,0.5361180904522613,0.7119966983156991,0.7841303723390824
F001287,0.2154167222667111,0.879145728643216,0.6944444444444444,0.3469443332443555,0.25,1.0,1.0,1.0,0.25,real,3,0.8304020100502513,0.879145728643216,0.3135678391959799,0.23517587939698492,0.5453946870028535,0.8676823817580364
F001288,0.5949284529178934,0.992211055276382,0.8611111111111112,0.2545875386086578,0.0,1.0,1.0,1.0,0.0,real,3,0.3701005025125628,0.992211055276382,0.17336683417085427,0.1300251256281407,0.21713182747910406,0.9113210524986743
F001289,0.0,0.3472361809045226,0.375,0.4330127018922193,0.25,1.0,1.0,1.0,0.25,real,3,0.8304020100502513,0.3472361809045226,0.4663316582914573,0.349748743718593,0.6088223782227721,0.5162228226559935
F001290,0.0,0.3472361809045226,0.4027777777777778,0.7561476438231223,0.0,1.0,1.0,1.0,0.0,real,3,0.3701005025125628,0.3472361809045226,0.8706030150753769,0.6529522613065326,0.34615555794045605,0.36216549140173226
F001291,0.0,0.3472361809045226,0.5416666666666666,0.3818813079129867,0.0,1.0,1.0,1.0,0.0,real,3,0.3701005025125628,0.3472361809045226,0.3608040201005025,0.2706030150753769,0.2518171258301558,0.35342333526931136
F001292,0.0,0.3472361809045226,0.5277777777777778,0.9179284245476838,0.0,1.0,1.0,1.0,0.0,real,3,0.3701005025125628,0.3472361809045226,0.9510050251256281,0.7132537688442211,0.36103397010176513,0.3635442444635236
F001293,0.125,0.7962311557788945,0.625,0.25,0.25,1.0,1.0,1.0,0.25,real,3,0.8304020100502513,0.7962311557788945,0.13618090452261306,0.10213567839195979,0.4717434534481452,0.7997212191611323
F001294,0.0,0.3472361809045226,0.2777777777777778,0.5091750772173156,0.25,1.0,1.0,1.0,0.25,real,3,0.8304020100502513,0.3472361809045226,0.592462311557789,0.4443467336683417,0.6611919522234287,0.5619293389055832
F001295,0.0,0.3472361809045226,0.6944444444444444,0.7876359377087682,0.0,1.0,1.0,1.0,0.0,real,3,0.3701005025125628,0.3472361809045226,0.9,0.675,0.35159547738693464,0.36266959798994974
F001296,0.1564584167334001,0.8437185929648241,0.7083333333333334,0.5204164998665332,0.0,1.0,1.0,1.0,0.0,real,3,0.3701005025125628,0.8437185929648241,0.6203517587939699,0.4652638190954774,0.2998465000883816,0.6233612314082977
F001297,0.0,0.3472361809045226,0.1805555555555555,0.1272937693043289,0.25,1.0,1.0,1.0,0.25,real,3,0.8304020100502513,0.3472361809045226,0.04195979899497487,0.031469849246231155,0.43262275573849146,0.3624413367086689
F001298,0.01116454968463,0.6977386934673366,0.5416666666666666,0.1443375672974064,0.0,1.0,1.0,1.0,0.0,real,3,0.3701005025125628,0.6977386934673366,0.06155778894472362,0.04616834170854271,0.19644153556728366,0.6826121815105679
F001299,0.0,0.3472361809045226,0.5833333333333334,0.7637626158259734,0.25,1.0,1.0,1.0,0.25,real,3,0.8304020100502513,0.3472361809045226,0.8836683417085427,0.6627512562814071,0.7821009886113988,0.667454941163102
F001300,0.125,0.7962311557788945,0.625,0.25,0.25,1.0,1.0,1.0,0.25,real,3,0.8304020100502513,0.7962311557788945,0.13618090452261306,0.10213567839195979,0.4717434534481452,0.7997212191611323
F001301,0.0483797153000638,0.7306532663316583,0.6805555555555556,0.6254627916220946,0.0,1.0,1.0,1.0,0.0,real,3,0.3701005025125628,0.7306532663316583,0.714824120603015,0.5361180904522613,0.31732863437791975,0.5373544070856797
F001302,0.0,0.3472361809045226,0.2638888888888888,0.6472877887628358,0.25,1.0,1.0,1.0,0.25,real,3,0.8304020100502513,0.3472361809045226,0.771105527638191,0.5783291457286432,0.7353647950809322,0.6266650621196435
F001303,0.0,0.3472361809045226,0.5138888888888888,0.4589642122738418,0.25,1.0,1.0,1.0,0.25,real,3,0.8304020100502513,0.3472361809045226,0.47412060301507536,0.35559045226130653,0.6120563559001035,0.5190453366076615
F001304,0.25,0.907286432160804,0.75,0.5,0.0,1.0,1.0,1.0,0.0,real,3,0.3701005025125628,0.907286432160804,0.5492462311557789,0.41193467336683415,0.2866884043332239,0.6860009216938967
F001305,0.0,0.3472361809045226,0.5694444444444444,0.5548606765399494,0.0,1.0,1.0,1.0,0.0,real,3,0.3701005025125628,0.3472361809045226,0.650251256281407,0.48768844221105523,0.30537940961086846,0.3583868462917603
F001306,0.0,0.3472361809045226,0.4305555555555555,0.4276334532872403,0.5,1.0,1.0,1.0,0.5,real,3,0.9587939698492463,0.3472361809045226,0.4505025125628141,0.33787688442211056,0.6953665311482033,0.5538674212772405
F001307,0.0,0.3472361809045226,0.6111111111111112,0.6309898162000305,0.0,1.0,1.0,1.0,0.0,real,3,0.3701005025125628,0.3472361809045226,0.7530150753768844,0.5647613065326633,0.3243958801545415,0.3601490650488624
F001308,0.0,0.3472361809045226,0.1805555555555555,0.1272937693043289,0.0,1.0,1.0,1.0,0.0,real,3,0.3701005025125628,0.3472361809045226,0.04195979899497487,0.031469849246231155,0.1928149226029646,0.3479557176586449
F001309,0.0334936490538903,0.7173366834170855,0.625,0.4330127018922193,0.0,1.0,1.0,1.0,0.0,real,3,0.3701005025125628,0.7173366834170855,0.4663316582914573,0.349748743718593,0.2713450417918739,0.5958912653720866
F001310,0.125,0.7962311557788945,0.625,0.25,0.0,1.0,1.0,1.0,0.0,real,3,0.3701005025125628,0.7962311557788945,0.13618090452261306,0.10213567839195979,0.2102505618544986,0.7527080124239286
F001311,0.0,0.3472361809045226,0.4861111111111111,0.4589642122738419,0.0,1.0,1.0,1.0,0.0,real,3,0.3701005025125628,0.3472361809045226,0.4766331658291457,0.3574748743718593,0.2732513383500417,0.35540960139895456
F001312,0.0,0.3472361809045226,0.6111111111111112,0.693888666488711,0.0,1.0,1.0,1.0,0.0,real,3,0.3701005025125628,0.3472361809045226,0.828894472361809,0.6216708542713567,0.338437381631777,0.361450263250928
F001313,0.0,0.3472361809045226,0.4305555555555555,0.7469072033193751,0.25,1.0,1.0,1.0,0.25,real,3,0.8304020100502513,0.3472361809045226,0.8542713567839196,0.6407035175879398,0.7698953309259867,0.6568022272164844
F001314,0.1504840084734488,0.8301507537688442,0.6388888888888888,0.2545875386086578,0.0,1.0,1.0,1.0,0.0,real,3,0.3701005025125628,0.8301507537688442,0.17336683417085427,0.1300251256281407,0.21713182747910406,0.7703326620539885
F001315,0.0,0.3472361809045226,0.4166666666666667,0.2886751345948129,0.5,1.0,1.0,1.0,0.5,real,3,0.9587939698492463,0.3472361809045226,0.22688442211055276,0.17016331658291456,0.5881646928107876,0.45130088255347084
F001316,0.0,0.3472361809045226,0.6527777777777778,0.6988747569671736,0.0,1.0,1.0,1.0,0.0,real,3,0.3701005025125628,0.3472361809045226,0.8361809045226131,0.6271356783919598,0.3397857377338956,0.3615752127471528
F001317,0.2224894150898172,0.8891959798994975,0.7916666666666667,0.7216878364870323,0.0,1.0,1.0,1.0,0.0,real,3,0.3701005025125628,0.8891959798994975,0.8472361809045226,0.6354271356783919,0.3418315194060756,0.5593486275599101
F001318,0.0148860662461734,0.7022613065326633,0.5555555555555556,0.1924500897298752,0.0,1.0,1.0,1.0,0.0,real,3,0.3701005025125628,0.7022613065326633,0.09321608040201006,0.06991206030150754,0.2022999103557991,0.6790392603722128
F001319,0.0521012318616071,0.742713567839196,0.6944444444444444,0.6735753140545634,0.0,1.0,1.0,1.0,0.0,real,3,0.3701005025125628,0.742713567839196,0.8133165829145729,0.6099874371859296,0.3355546892755234,0.5154242790586097
F001320,0.0,0.3472361809045226,0.5416666666666666,0.3818813079129867,0.0,1.0,1.0,1.0,0.0,real,3,0.3701005025125628,0.3472361809045226,0.3608040201005025,0.2706030150753769,0.2518171258301558,0.35342333526931136
F001321,0.0,0.3472361809045226,0.5694444444444444,0.4276334532872403,0.0,1.0,1.0,1.0,0.0,real,3,0.3701005025125628,0.3472361809045226,0.4505025125628141,0.33787688442211056,0.2684158543976162,0.3549615066538724
F001322,0.0,0.3472361809045226,0.0,0.0,0.25,1.0,1.0,1.0,0.25,real,3,0.8304020100502513,0.3472361809045226,0.00628140703517588,0.00471105527638191,0.4178090515391026,0.34951240183328697
F001323,0.0,0.3472361809045226,0.0555555555555555,0.1924500897298752,0.0,1.0,1.0,1.0,0.0,real,3,0.3701005025125628,0.3472361809045226,0.09321608040201006,0.06991206030150754,0.2022999103557991,0.348834672735537
F001324,0.0,0.3472361809045226,0.3472222222222222,0.3367876570272817,0.0,1.0,1.0,1.0,0.0,real,3,0.3701005025125628,0.3472361809045226,0.2778894472361809,0.2084170854271357,0.23647376328880587,0.35200149617433896
F001325,0.4376389444889332,0.9698492462311558,0.8055555555555556,0.3469443332443555,0.0,1.0,1.0,1.0,0.0,real,3,0.3701005025125628,0.9698492462311558,0.3135678391959799,0.23517587939698492,0.24307605868538676,0.8288028080098988
F001326,0.0223290993692601,0.7115577889447237,0.5833333333333334,0.2886751345948129,0.25,1.0,1.0,1.0,0.25,real,3,0.8304020100502513,0.7115577889447237,0.22688442211055276,0.17016331658291456,0.509403645109972,0.7317807157647535
F001327,0.1485783278408043,0.8120603015075377,0.7361111111111112,0.6472877887628358,0.0,1.0,1.0,1.0,0.0,real,3,0.3701005025125628,0.8120603015075377,0.771105527638191,0.5783291457286432,0.3277435228908361,0.556462068508371
F001328,0.1732257047434905,0.8535175879396985,0.6805555555555556,0.3757708127352412,0.0,1.0,1.0,1.0,0.0,real,3,0.3701005025125628,0.8535175879396985,0.3394472361809045,0.2545854271356784,0.24786504759980807,0.7304466427615464
F001329,0.0,0.3472361809045226,0.3611111111111111,0.2545875386086578,0.25,1.0,1.0,1.0,0.25,real,3,0.8304020100502513,0.3472361809045226,0.17336683417085427,0.1300251256281407,0.4871830888108886,0.4100598785384207
F001330,0.1706553760958049,0.849748743718593,0.7777777777777777,0.769800358919501,0.0,1.0,1.0,1.0,0.0,real,3,0.3701005025125628,0.849748743718593,0.8879396984924623,0.6659547738693468,0.3493637155627383,0.5303247077094013
F001331,0.0,0.3472361809045226,0.5138888888888888,0.6142595663193329,0.0,1.0,1.0,1.0,0.0,real,3,0.3701005025125628,0.3472361809045226,0.7040201005025125,0.5280150753768844,0.3153293477437438,0.3593088874018333
F001332,0.0,0.3472361809045226,0.25,0.8660254037844386,0.0,1.0,1.0,1.0,0.0,real,3,0.3701005025125628,0.3472361809045226,0.9336683417085427,0.700251256281407,0.35782581247948286,0.36324695083457487
F001333,0.0,0.3472361809045226,0.2222222222222222,0.5091750772173156,0.0,1.0,1.0,1.0,0.0,real,3,0.3701005025125628,0.3472361809045226,0.592462311557789,0.4443467336683417,0.29468555086992754,0.35739586752859775
F001334,0.0,0.3472361809045226,0.5972222222222222,0.393817968854384,0.5,1.0,1.0,1.0,0.5,real,3,0.9587939698492463,0.3472361809045226,0.40251256281407033,0.3018844221105528,0.6723602939319714,0.5318559506073078
F001335,0.0,0.3472361809045226,0.5277777777777778,0.4194352464039305,0.25,1.0,1.0,1.0,0.25,real,3,0.8304020100502513,0.3472361809045226,0.43366834170854274,0.32525125628140705,0.5952605363500922,0.5043864738264185
F001336,0.0,0.3472361809045226,0.1944444444444444,0.3469443332443554,0.0,1.0,1.0,1.0,0.0,real,3,0.3701005025125628,0.3472361809045226,0.2914572864321608,0.2185929648241206,0.23898449534102673,0.3522341607535163
F001337,0.5853276880479024,0.9879396984924624,0.8888888888888888,0.3849001794597506,0.0,1.0,1.0,1.0,0.0,real,3,0.3701005025125628,0.9879396984924624,0.385929648241206,0.2894472361809045,0.2564666296305649,0.8091078508118482
F001338,0.0446581987385203,0.7221105527638191,0.6666666666666666,0.5773502691896258,0.0,1.0,1.0,1.0,0.0,real,3,0.3701005025125628,0.7221105527638191,0.6758793969849246,0.5069095477386935,0.3101219034872857,0.54367329739148
F001339,0.1485783278408043,0.8120603015075377,0.7361111111111112,0.6472877887628358,0.0,1.0,1.0,1.0,0.0,real,3,0.3701005025125628,0.8120603015075377,0.771105527638191,0.5783291457286432,0.3277435228908361,0.556462068508371
F001340,0.0,0.3472361809045226,0.6527777777777778,0.6684005230842202,0.25,1.0,1.0,1.0,0.25,real,3,0.8304020100502513,0.3472361809045226,0.7989949748743719,0.5992462311557789,0.7469445216029899,0.6367714830433575
F001341,0.0,0.3472361809045226,0.3333333333333333,0.5773502691896258,0.0,1.0,1.0,1.0,0.0,real,3,0.3701005025125628,0.3472361809045226,0.6758793969849246,0.5069095477386935,0.3101219034872857,0.3588263238302063
F001342,0.0,0.3472361809045226,0.2777777777777778,0.0962250448649376,0.25,1.0,1.0,1.0,0.25,real,3,0.8304020100502513,0.3472361809045226,0.022110552763819097,0.016582914572864323,0.4243813287543244,0.35524847857377334
F001343,0.0,0.3472361809045226,0.6388888888888888,0.8552669065744807,0.0,1.0,1.0,1.0,0.0,real,3,0.3701005025125628,0.3472361809045226,0.9228643216080402,0.6921482412060301,0.355826525845307,0.36306168089189667
F001344,0.0,0.3472361809045226,0.3194444444444444,0.3757708127352411,0.5,1.0,1.0,1.0,0.5,real,3,0.9587939698492463,0.3472361809045226,0.3314070351758794,0.24855527638190955,0.6382725183707482,0.4992420961591879
F001345,0.0,0.3472361809045226,0.3333333333333333,0.7637626158259733,0.0,1.0,1.0,1.0,0.0,real,3,0.3701005025125628,0.3472361809045226,0.8768844221105527,0.6576633165829145,0.3473179338905583,0.36227320648468475
F001346,0.0,0.3472361809045226,0.4861111111111111,0.6142595663193329,0.0,1.0,1.0,1.0,0.0,real,3,0.3701005025125628,0.3472361809045226,0.7040201005025125,0.5280150753768844,0.3153293477437438,0.3593088874018333
F001347,0.0,0.3472361809045226,0.4861111111111111,0.6142595663193329,0.0,1.0,1.0,1.0,0.0,real,3,0.3701005025125628,0.3472361809045226,0.7040201005025125,0.5280150753768844,0.3153293477437438,0.3593088874018333
F001348,0.0,0.3472361809045226,0.5,1.0,0.0,1.0,1.0,1.0,0.0,real,3,0.3701005025125628,0.3472361809045226,0.9625628140703517,0.7219221105527638,0.3631727418499533,0.36374244021615615
F001349,0.0521012318616071,0.742713567839196,0.6944444444444444,0.6735753140545634,0.5,1.0,1.0,1.0,0.5,real,3,0.9587939698492463,0.742713567839196,0.8133165829145729,0.6099874371859296,0.8692985025630666,0.874519898487412
F001350,0.0,0.3472361809045226,0.0833333333333333,0.2886751345948128,0.0,1.0,1.0,1.0,0.0,real,3,0.3701005025125628,0.3472361809045226,0.20376884422110553,0.15282663316582915,0.22275772707759908,0.3507304581955001
F001351,0.0,0.3472361809045226,0.6111111111111112,0.693888666488711,0.0,1.0,1.0,1.0,0.0,real,3,0.3701005025125628,0.3472361809045226,0.828894472361809,0.6216708542713567,0.338437381631777,0.361450263250928
F001352,0.061411169010459,0.7545226130653266,0.6527777777777778,0.488288773090193,0.5,1.0,1.0,1.0,0.5,real,3,0.9587939698492463,0.7545226130653266,0.514070351758794,0.38555276381909553,0.7258407615969293,0.8332799992424433
F001353,0.2974642264589466,0.9216080402010052,0.6805555555555556,0.1272937693043289,0.0,1.0,1.0,1.0,0.0,real,3,0.3701005025125628,0.9216080402010052,0.04195979899497487,0.031469849246231155,0.1928149226029646,0.9042521811317897
F001354,0.0,0.3472361809045226,0.4305555555555555,0.9871864246620478,0.25,1.0,1.0,1.0,0.25,real,3,0.8304020100502513,0.3472361809045226,0.9590452261306532,0.7192839195979899,0.8133975467791218,0.6947695923082751
F001355,0.0,0.3472361809045226,0.375,1.0897247358851685,0.25,1.0,1.0,1.0,0.25,real,3,0.8304020100502513,0.3472361809045226,0.9899497487437185,0.7424623115577889,0.8262291356278881,0.7059685992777959
F001356,0.3009680169468978,0.9314070351758794,0.7777777777777778,0.5091750772173156,0.25,1.0,1.0,1.0,0.25,real,3,0.8304020100502513,0.9314070351758794,0.592462311557789,0.4443467336683417,0.6611919522234287,0.8865257821772177
F001357,0.1504840084734488,0.8301507537688442,0.6388888888888888,0.2545875386086578,0.0,1.0,1.0,1.0,0.0,real,3,0.3701005025125628,0.8301507537688442,0.17336683417085427,0.1300251256281407,0.21713182747910406,0.7703326620539885
F001358,0.0,0.3472361809045226,0.6388888888888888,0.8552669065744807,0.0,1.0,1.0,1.0,0.0,real,3,0.3701005025125628,0.3472361809045226,0.9228643216080402,0.6921482412060301,0.355826525845307,0.36306168089189667
F001359,0.0,0.3472361809045226,0.3888888888888889,0.6309898162000305,0.0,1.0,1.0,1.0,0.0,real,3,0.3701005025125628,0.3472361809045226,0.7530150753768844,0.5647613065326633,0.3243958801545415,0.3601490650488624
F001360,0.0,0.3472361809045226,0.3472222222222222,0.6684005230842202,0.0,1.0,1.0,1.0,0.0,real,3,0.3701005025125628,0.3472361809045226,0.7989949748743719,0.5992462311557789,0.3329044721092902,0.3609375394560743
F001361,0.0,0.3472361809045226,0.3194444444444444,0.3757708127352411,0.0,1.0,1.0,1.0,0.0,real,3,0.3701005025125628,0.3472361809045226,0.3314070351758794,0.24855527638190955,0.24637720638367716,0.35291922868109393
F001362,0.1020902318637188,0.7766331658291458,0.7083333333333334,0.6291528696058958,0.25,1.0,1.0,1.0,0.25,real,3,0.8304020100502513,0.7766331658291458,0.7339195979899498,0.5504396984924623,0.7199251597181889,0.8062296722304992
F001363,0.1898569058357866,0.8683417085427135,0.7222222222222222,0.5091750772173156,0.5,1.0,1.0,1.0,0.5,real,3,0.9587939698492463,0.8683417085427135,0.592462311557789,0.4443467336683417,0.7634216307668998,0.9085338754071866
F001364,0.0,0.3472361809045226,0.3472222222222222,0.6988747569671736,0.0,1.0,1.0,1.0,0.0,real,3,0.3701005025125628,0.3472361809045226,0.8361809045226131,0.6271356783919598,0.3397857377338956,0.3615752127471528
F001365,0.0,0.3472361809045226,0.0555555555555555,0.1924500897298752,0.0,1.0,1.0,1.0,0.0,real,3,0.3701005025125628,0.3472361809045226,0.09321608040201006,0.06991206030150754,0.2022999103557991,0.348834672735537
F001366,0.0,0.3472361809045226,0.1388888888888888,0.2545875386086578,0.0,1.0,1.0,1.0,0.0,real,3,0.3701005025125628,0.3472361809045226,0.17336683417085427,0.1300251256281407,0.21713182747910406,0.3502091171940102
F001367,0.01116454968463,0.6977386934673366,0.5416666666666666,0.1443375672974064,0.0,1.0,1.0,1.0,0.0,real,3,0.3701005025125628,0.6977386934673366,0.06155778894472362,0.04616834170854271,0.19644153556728366,0.6826121815105679
F001368,0.5949284529178934,0.992211055276382,0.8611111111111112,0.2545875386086578,0.0,1.0,1.0,1.0,0.0,real,3,0.3701005025125628,0.992211055276382,0.17336683417085427,0.1300251256281407,0.21713182747910406,0.9113210524986743
F001369,0.0,0.3472361809045226,0.2361111111111111,0.4110735718596873,0.0,1.0,1.0,1.0,0.0,real,3,0.3701005025125628,0.3472361809045226,0.42135678391959797,0.3160175879396985,0.2630224299891417,0.354461708668973
F001370,0.1504840084734488,0.8301507537688442,0.6388888888888888,0.2545875386086578,0.0,1.0,1.0,1.0,0.0,real,3,0.3701005025125628,0.8301507537688442,0.17336683417085427,0.1300251256281407,0.21713182747910406,0.7703326620539885
F001371,0.0,0.3472361809045226,0.2916666666666666,0.5204164998665332,0.5,1.0,1.0,1.0,0.5,real,3,0.9587939698492463,0.3472361809045226,0.6203517587939699,0.4652638190954774,0.7767917476831393,0.6317718933865306
F001372,0.0,0.3472361809045226,0.6527777777777778,0.6684005230842202,0.0,1.0,1.0,1.0,0.0,real,3,0.3701005025125628,0.3472361809045226,0.7989949748743719,0.5992462311557789,0.3329044721092902,0.3609375394560743
F001373,0.0,0.3472361809045226,0.4861111111111111,0.2926570486903539,0.0,1.0,1.0,1.0,0.0,real,3,0.3701005025125628,0.3472361809045226,0.2608040201005025,0.1956030150753769,0.23331210070452765,0.3517085111487083
F001374,0.0,0.3472361809045226,0.1111111111111111,0.3849001794597505,0.0,1.0,1.0,1.0,0.0,real,3,0.3701005025125628,0.3472361809045226,0.3763819095477387,0.282286432160804,0.25469981818640947,0.3536904686750334
F001375,0.0,0.3472361809045226,0.3055555555555556,0.6735753140545634,0.0,1.0,1.0,1.0,0.0,real,3,0.3701005025125628,0.3472361809045226,0.8133165829145729,0.6099874371859296,0.3355546892755234,0.36118312984520595
F001376,0.0,0.3472361809045226,0.1805555555555555,0.3757708127352412,0.0,1.0,1.0,1.0,0.0,real,3,0.3701005025125628,0.3472361809045226,0.3394472361809045,0.2545854271356784,0.24786504759980807,0.353057103987273
F001377,0.061411169010459,0.7545226130653266,0.6527777777777778,0.488288773090193,0.25,1.0,1.0,1.0,0.25,real,3,0.8304020100502513,0.7545226130653266,0.514070351758794,0.38555276381909553,0.6286435317289967,0.7837781242897908
F001378,0.0,0.3472361809045226,0.1527777777777777,0.3367876570272816,0.5,1.0,1.0,1.0,0.5,real,3,0.9587939698492463,0.3472361809045226,0.2698492462311558,0.20238693467336685,0.6087618999520213,0.471007487184667
F001379,0.0521012318616071,0.742713567839196,0.6944444444444444,0.6735753140545634,0.0,1.0,1.0,1.0,0.0,real,3,0.3701005025125628,0.742713567839196,0.8133165829145729,0.6099874371859296,0.3355546892755234,0.5154242790586097
F001380,0.0,0.3472361809045226,0.4166666666666667,0.2886751345948129,0.0,1.0,1.0,1.0,0.0,real,3,0.3701005025125628,0.3472361809045226,0.22688442211055276,0.17016331658291456,0.22703527057397543,0.35112684970076513
F001381,0.0,0.3472361809045226,0.4861111111111111,0.2926570486903539,0.25,1.0,1.0,1.0,0.25,real,3,0.8304020100502513,0.3472361809045226,0.2608040201005025,0.1956030150753769,0.5234870962854473,0.4417448738668215
F001382,0.0,0.3472361809045226,0.4027777777777778,0.393817968854384,0.25,1.0,1.0,1.0,0.25,real,3,0.8304020100502513,0.3472361809045226,0.40251256281407033,0.3018844221105528,0.5823246256407666,0.4930964180197469
F001383,0.01116454968463,0.6977386934673366,0.5416666666666666,0.1443375672974064,0.0,1.0,1.0,1.0,0.0,real,3,0.3701005025125628,0.6977386934673366,0.06155778894472362,0.04616834170854271,0.19644153556728366,0.6826121815105679
F001384,0.0,0.3472361809045226,0.5,0.5,0.0,1.0,1.0,1.0,0.0,real,3,0.3701005025125628,0.3472361809045226,0.5492462311557789,0.41193467336683415,0.2866884043332239,0.3566547877578849
F001385,0.0,0.3472361809045226,0.4444444444444444,0.1924500897298753,0.0,1.0,1.0,1.0,0.0,real,3,0.3701005025125628,0.3472361809045226,0.10150753768844221,0.07613065326633166,0.2038342466099341,0.3489768566450342
F001386,0.0,0.3472361809045226,0.6111111111111112,0.4811252243246882,0.0,1.0,1.0,1.0,0.0,real,3,0.3701005025125628,0.3472361809045226,0.4979899497487437,0.3734924623115578,0.2772034165803894,0.3557758326809929
F001387,0.0,0.3472361809045226,0.0,0.0,0.0,1.0,1.0,1.0,0.0,real,3,0.3701005025125628,0.3472361809045226,0.00628140703517588,0.00471105527638191,0.1862126272063837,0.347343895987475
F001388,0.0,0.3472361809045226,0.1388888888888888,0.2545875386086578,0.0,1.0,1.0,1.0,0.0,real,3,0.3701005025125628,0.3472361809045226,0.17336683417085427,0.1300251256281407,0.21713182747910406,0.3502091171940102
F001389,0.0,0.3472361809045226,0.3333333333333333,0.5773502691896258,0.0,1.0,1.0,1.0,0.0,real,3,0.3701005025125628,0.3472361809045226,0.6758793969849246,0.5069095477386935,0.3101219034872857,0.3588263238302063
F001390,0.1485783278408043,0.8120603015075377,0.7361111111111112,0.6472877887628358,0.0,1.0,1.0,1.0,0.0,real,3,0.3701005025125628,0.8120603015075377,0.771105527638191,0.5783291457286432,0.3277435228908361,0.556462068508371
F001391,0.25,0.907286432160804,0.75,0.5,0.5,1.0,1.0,1.0,0.5,real,3,0.9587939698492463,0.907286432160804,0.5492462311557789,0.41193467336683415,0.7427039721219161,0.9285041728744224
F001392,0.0,0.3472361809045226,0.5694444444444444,0.4738533919231106,0.0,1.0,1.0,1.0,0.0,real,3,0.3701005025125628,0.3472361809045226,0.48391959798994977,0.3629396984924623,0.2745996944521603,0.3555345508951794
F001393,0.0,0.3472361809045226,0.4027777777777778,0.393817968854384,0.5,1.0,1.0,1.0,0.5,real,3,0.9587939698492463,0.3472361809045226,0.40251256281407033,0.3018844221105528,0.6723602939319714,0.5318559506073078
F001394,0.1485783278408043,0.8120603015075377,0.7361111111111112,0.6472877887628358,0.25,1.0,1.0,1.0,0.25,real,3,0.8304020100502513,0.8120603015075377,0.771105527638191,0.5783291457286432,0.7353647950809322,0.822667846140249
F001395,0.0,0.3472361809045226,0.625,0.6614378277661477,0.0,1.0,1.0,1.0,0.0,real,3,0.3701005025125628,0.3472361809045226,0.7871859296482412,0.5903894472361809,0.3307192053230979,0.3607350351001237
F001396,0.0,0.3472361809045226,0.3194444444444444,0.3757708127352411,0.25,1.0,1.0,1.0,0.25,real,3,0.8304020100502513,0.3472361809045226,0.3314070351758794,0.24855527638190955,0.5528015391025479,0.46732959710613364
F001397,0.0,0.3472361809045226,0.3333333333333333,0.5773502691896258,0.0,1.0,1.0,1.0,0.0,real,3,0.3701005025125628,0.3472361809045226,0.6758793969849246,0.5069095477386935,0.3101219034872857,0.3588263238302063
F001398,0.0,0.3472361809045226,0.1527777777777777,0.3367876570272816,0.5,1.0,1.0,1.0,0.5,real,3,0.9587939698492463,0.3472361809045226,0.2698492462311558,0.20238693467336685,0.6087618999520213,0.471007487184667
F001399,0.0,0.3472361809045226,0.0555555555555555,0.1924500897298752,0.0,1.0,1.0,1.0,0.0,real,3,0.3701005025125628,0.3472361809045226,0.09321608040201006,0.06991206030150754,0.2022999103557991,0.348834672735537
F001400,0.1077083611333555,0.7869346733668342,0.5972222222222222,0.1734721666221776,0.0,1.0,1.0,1.0,0.0,real,3,0.3701005025125628,0.7869346733668342,0.07562814070351759,0.05672110552763819,0.19904525769551273,0.7632913783742835
F001401,0.125,0.7962311557788945,0.625,0.25,0.0,1.0,1.0,1.0,0.0,real,3,0.3701005025125628,0.7962311557788945,0.13618090452261306,0.10213567839195979,0.2102505618544986,0.7527080124239286
F001402,0.4510034825212683,0.9756281407035176,0.8194444444444444,0.3757708127352412,0.0,1.0,1.0,1.0,0.0,real,3,0.3701005025125628,0.9756281407035176,0.3394472361809045,0.2545854271356784,0.24786504759980807,0.8214696282922148
F001403,0.0,0.3472361809045226,0.4027777777777777,0.6364688465216445,0.25,1.0,1.0,1.0,0.25,real,3,0.8304020100502513,0.3472361809045226,0.7613065326633166,0.5709798994974875,0.7312962425191283,0.623114157470771
F001404,0.0,0.3472361809045226,0.5694444444444444,0.4738533919231106,0.0,1.0,1.0,1.0,0.0,real,3,0.3701005025125628,0.3472361809045226,0.48391959798994977,0.3629396984924623,0.2745996944521603,0.3555345508951794
F001405,0.0,0.3472361809045226,0.4166666666666667,0.2886751345948129,0.0,1.0,1.0,1.0,0.0,real,3,0.3701005025125628,0.3472361809045226,0.22688442211055276,0.17016331658291456,0.22703527057397543,0.35112684970076513
F001406,0.1020902318637188,0.7766331658291458,0.7083333333333334,0.6291528696058958,0.0,1.0,1.0,1.0,0.0,real,3,0.3701005025125628,0.7766331658291458,0.7339195979899498,0.5504396984924623,0.3208622572662307,0.5528614492058281
F001407,0.0,0.3472361809045226,0.2916666666666666,0.8036375634160796,0.0,1.0,1.0,1.0,0.0,real,3,0.3701005025125628,0.3472361809045226,0.9057788944723618,0.6793341708542714,0.35266486326102875,0.362768695866266
F001408,0.0,0.3472361809045226,0.1944444444444444,0.3469443332443554,0.25,1.0,1.0,1.0,0.25,real,3,0.8304020100502513,0.3472361809045226,0.2914572864321608,0.2185929648241206,0.5362143632736547,0.4528528319991919
F001409,0.0,0.3472361809045226,0.4861111111111111,0.6787106512705898,0.0,1.0,1.0,1.0,0.0,real,3,0.3701005025125628,0.3472361809045226,0.8233668341708543,0.6175251256281408,0.33741449079568697,0.36135547397792983
F001410,0.0446581987385203,0.7221105527638191,0.6666666666666666,0.5773502691896258,0.0,1.0,1.0,1.0,0.0,real,3,0.3701005025125628,0.7221105527638191,0.6758793969849246,0.5069095477386935,0.3101219034872857,0.54367329739148
F001411,0.0,0.3472361809045226,0.3472222222222222,0.6988747569671736,0.0,1.0,1.0,1.0,0.0,real,3,0.3701005025125628,0.3472361809045226,0.8361809045226131,0.6271356783919598,0.3397857377338956,0.3615752127471528
F001412,0.0,0.3472361809045226,0.4166666666666667,1.0408329997330663,0.0,1.0,1.0,1.0,0.0,real,3,0.3701005025125628,0.3472361809045226,0.978140703517588,0.733605527638191,0.36605543420620695,0.36400957362187825
F001413,0.0,0.3472361809045226,0.2638888888888888,0.2097176232019653,0.0,1.0,1.0,1.0,0.0,real,3,0.3701005025125628,0.3472361809045226,0.11809045226130653,0.0885678391959799,0.20690291911820408,0.34926122446402863
F001414,0.0,0.3472361809045226,0.5555555555555556,0.8388704928078611,0.5,1.0,1.0,1.0,0.5,real,3,0.9587939698492463,0.3472361809045226,0.9178391959798995,0.6883793969849246,0.9194063281230272,0.7682199628797253
F001415,0.0,0.3472361809045226,0.4305555555555555,0.9871864246620478,0.25,1.0,1.0,1.0,0.25,real,3,0.8304020100502513,0.3472361809045226,0.9590452261306532,0.7192839195979899,0.8133975467791218,0.6947695923082751
F001416,0.0,0.3472361809045226,0.7222222222222222,0.9622504486493764,0.0,1.0,1.0,1.0,0.0,real,3,0.3701005025125628,0.3472361809045226,0.9560301507537688,0.7170226130653267,0.3619638708618469,0.36363041652988565
F001417,0.0,0.3472361809045226,0.6111111111111112,0.693888666488711,0.0,1.0,1.0,1.0,0.0,real,3,0.3701005025125628,0.3472361809045226,0.828894472361809,0.6216708542713567,0.338437381631777,0.361450263250928
F001418,0.125,0.7962311557788945,0.625,0.25,0.0,1.0,1.0,1.0,0.0,real,3,0.3701005025125628,0.7962311557788945,0.13618090452261306,0.10213567839195979,0.2102505618544986,0.7527080124239286
F001419,0.0,0.3472361809045226,0.2638888888888888,0.7087417123429485,0.0,1.0,1.0,1.0,0.0,real,3,0.3701005025125628,0.3472361809045226,0.8389447236180905,0.6292085427135679,0.34029718315194063,0.36162260738365193
F001420,0.0,0.3472361809045226,0.4166666666666667,0.2886751345948129,0.25,1.0,1.0,1.0,0.25,real,3,0.8304020100502513,0.3472361809045226,0.22688442211055276,0.17016331658291456,0.509403645109972,0.4294532808514936
F001421,0.0,0.3472361809045226,0.5972222222222222,0.393817968854384,0.0,1.0,1.0,1.0,0.0,real,3,0.3701005025125628,0.3472361809045226,0.40251256281407033,0.3018844221105528,0.25953530213883486,0.3541385634201156
F001422,0.0,0.3472361809045226,0.1666666666666666,0.5773502691896258,0.0,1.0,1.0,1.0,0.0,real,3,0.3701005025125628,0.3472361809045226,0.6758793969849246,0.5069095477386935,0.3101219034872857,0.3588263238302063
F001423,0.0,0.3472361809045226,0.25,0.5,0.25,1.0,1.0,1.0,0.25,real,3,0.8304020100502513,0.3472361809045226,0.5492462311557789,0.41193467336683415,0.6432485922072675,0.546268938915684
F001424,0.0,0.3472361809045226,0.1527777777777777,0.3367876570272816,0.0,1.0,1.0,1.0,0.0,real,3,0.3701005025125628,0.3472361809045226,0.2698492462311558,0.20238693467336685,0.23498592207267494,0.35186362086815987
F001425,0.0,0.3472361809045226,0.3472222222222222,0.6684005230842202,0.0,1.0,1.0,1.0,0.0,real,3,0.3701005025125628,0.3472361809045226,0.7989949748743719,0.5992462311557789,0.3329044721092902,0.3609375394560743
F001426,0.0,0.3472361809045226,0.5555555555555556,0.5357583756107197,0.0,1.0,1.0,1.0,0.0,real,3,0.3701005025125628,0.3472361809045226,0.6384422110552764,0.47883165829145735,0.30319414282467616,0.3581843419358097
F001427,0.0,0.3472361809045226,0.6388888888888888,0.8552669065744807,0.0,1.0,1.0,1.0,0.0,real,3,0.3701005025125628,0.3472361809045226,0.9228643216080402,0.6921482412060301,0.355826525845307,0.36306168089189667
F001428,0.7926638440239513,0.9989949748743718,0.9444444444444444,0.1924500897298752,0.0,1.0,1.0,1.0,0.0,real,3,0.3701005025125628,0.9989949748743718,0.09321608040201006,0.06991206030150754,0.2022999103557991,0.9550276665993283
F001429,0.0,0.3472361809045226,0.5277777777777778,0.8221471437193746,0.25,1.0,1.0,1.0,0.25,real,3,0.8304020100502513,0.3472361809045226,0.9118090452261306,0.6838567839195979,0.7937850369940154,0.6776524109239666
F001430,0.0,0.3472361809045226,0.3055555555555556,0.3469443332443555,0.0,1.0,1.0,1.0,0.0,real,3,0.3701005025125628,0.3472361809045226,0.3135678391959799,0.23517587939698492,0.24307605868538676,0.352613317845509
F001431,0.0,0.3472361809045226,0.5416666666666666,0.6291528696058959,0.75,1.0,1.0,1.0,0.75,real,3,0.9987437185929648,0.3472361809045226,0.7454773869346734,0.559108040201005,0.8716422880735335,0.7114992834776899
F001432,0.0,0.3472361809045226,0.3611111111111111,0.2545875386086578,0.0,1.0,1.0,1.0,0.0,real,3,0.3701005025125628,0.3472361809045226,0.17336683417085427,0.1300251256281407,0.21713182747910406,0.3502091171940102
F001433,0.0,0.3472361809045226,0.3333333333333333,0.5773502691896258,0.0,1.0,1.0,1.0,0.0,real,3,0.3701005025125628,0.3472361809045226,0.6758793969849246,0.5069095477386935,0.3101219034872857,0.3588263238302063
F001434,0.0,0.3472361809045226,0.0833333333333333,0.2886751345948128,0.0,1.0,1.0,1.0,0.0,real,3,0.3701005025125628,0.3472361809045226,0.20376884422110553,0.15282663316582915,0.22275772707759908,0.3507304581955001
F001435,0.0,0.3472361809045226,0.4722222222222222,0.5853140973807078,0.25,1.0,1.0,1.0,0.25,real,3,0.8304020100502513,0.3472361809045226,0.6964824120603015,0.5223618090452261,0.7043812024948864,0.5996235574859221
F001436,0.0,0.3472361809045226,0.361111111111111,0.7515416254704824,0.0,1.0,1.0,1.0,0.0,real,3,0.3701005025125628,0.3472361809045226,0.8670854271356784,0.6503140703517588,0.34550462740839877,0.3621051709552789
F001437,0.0,0.3472361809045226,0.3472222222222222,0.488288773090193,0.5,1.0,1.0,1.0,0.5,real,3,0.9587939698492463,0.3472361809045226,0.514070351758794,0.38555276381909553,0.7258407615969293,0.5830239766672559
F001438,0.5260506159308034,0.9814070351758792,0.8472222222222221,0.3367876570272817,0.0,1.0,1.0,1.0,0.0,real,3,0.3701005025125628,0.9814070351758792,0.2778894472361809,0.2084170854271357,0.23647376328880587,0.8540003093356228
F001439,0.0,0.3472361809045226,0.4583333333333333,0.1443375672974064,0.0,1.0,1.0,1.0,0.0,real,3,0.3701005025125628,0.3472361809045226,0.06155778894472362,0.04616834170854271,0.19644153556728366,0.34829178871745664
F001440,0.0,0.3472361809045226,0.2777777777777778,0.0962250448649376,0.0,1.0,1.0,1.0,0.0,real,3,0.3701005025125628,0.3472361809045226,0.022110552763819097,0.016582914572864323,0.1891418146006414,0.34761533799651523
F001441,0.0334936490538903,0.7173366834170855,0.625,0.4330127018922193,0.25,1.0,1.0,1.0,0.25,real,3,0.8304020100502513,0.7173366834170855,0.4663316582914573,0.349748743718593,0.6088223782227721,0.7568811393651675
F001442,0.0,0.3472361809045226,0.7083333333333334,1.0103629710818451,0.25,1.0,1.0,1.0,0.25,real,3,0.8304020100502513,0.3472361809045226,0.9660804020100503,0.7245603015075377,0.816318558874776,0.6973189597484911
F001443,0.0,0.3472361809045226,0.3611111111111111,0.2545875386086578,0.0,1.0,1.0,1.0,0.0,real,3,0.3701005025125628,0.3472361809045226,0.17336683417085427,0.1300251256281407,0.21713182747910406,0.3502091171940102
F001444,0.1371617270419147,0.8030150753768844,0.6527777777777778,0.3367876570272817,0.25,1.0,1.0,1.0,0.25,real,3,0.8304020100502513,0.8030150753768844,0.2778894472361809,0.2084170854271357,0.5305809828034647,0.8087229804802909
F001445,0.0,0.3472361809045226,0.3888888888888889,0.3849001794597506,0.0,1.0,1.0,1.0,0.0,real,3,0.3701005025125628,0.3472361809045226,0.385929648241206,0.2894472361809045,0.2564666296305649,0.3538541956011212
F001446,0.0,0.3472361809045226,0.3194444444444444,0.1272937693043289,0.0,1.0,1.0,1.0,0.0,real,3,0.3701005025125628,0.3472361809045226,0.04195979899497487,0.031469849246231155,0.1928149226029646,0.3479557176586449
F001447,0.0,0.3472361809045226,0.0972222222222221,0.1734721666221776,0.5,1.0,1.0,1.0,0.5,real,3,0.9587939698492463,0.3472361809045226,0.07562814070351759,0.05672110552763819,0.5156528875533446,0.38192441478750533
F001448,0.0,0.3472361809045226,0.25,0.5,0.0,1.0,1.0,1.0,0.0,real,3,0.3701005025125628,0.3472361809045226,0.5492462311557789,0.41193467336683415,0.2866884043332239,0.3566547877578849
F001449,0.1504840084734488,0.8301507537688442,0.6388888888888888,0.2545875386086578,0.0,1.0,1.0,1.0,0.0,real,3,0.3701005025125628,0.8301507537688442,0.17336683417085427,0.1300251256281407,0.21713182747910406,0.7703326620539885
F001450,0.0,0.3472361809045226,0.25,0.5,0.0,1.0,1.0,1.0,0.0,real,3,0.3701005025125628,0.3472361809045226,0.5492462311557789,0.41193467336683415,0.2866884043332239,0.3566547877578849
F001451,0.0,0.3472361809045226,0.25,0.8660254037844386,0.0,1.0,1.0,1.0,0.0,real,3,0.3701005025125628,0.3472361809045226,0.9336683417085427,0.700251256281407,0.35782581247948286,0.36324695083457487
F001452,0.1020902318637188,0.7766331658291458,0.7083333333333334,0.6291528696058958,0.0,1.0,1.0,1.0,0.0,real,3,0.3701005025125628,0.7766331658291458,0.7339195979899498,0.5504396984924623,0.3208622572662307,0.5528614492058281
F001453,0.2224894150898172,0.8891959798994975,0.7916666666666667,0.7216878364870323,0.0,1.0,1.0,1.0,0.0,real,3,0.3701005025125628,0.8891959798994975,0.8472361809045226,0.6354271356783919,0.3418315194060756,0.5593486275599101
F001454,0.0,0.3472361809045226,0.6111111111111112,0.693888666488711,0.0,1.0,1.0,1.0,0.0,real,3,0.3701005025125628,0.3472361809045226,0.828894472361809,0.6216708542713567,0.338437381631777,0.361450263250928
F001455,0.125,0.7962311557788945,0.625,0.25,0.5,1.0,1.0,1.0,0.5,real,3,0.9587939698492463,0.7962311557788945,0.13618090452261306,0.10213567839195979,0.5446816999570717,0.8128346190752759
F001456,0.0,0.3472361809045226,0.2777777777777778,0.5091750772173156,0.25,1.0,1.0,1.0,0.25,real,3,0.8304020100502513,0.3472361809045226,0.592462311557789,0.4443467336683417,0.6611919522234287,0.5619293389055832
F001457,0.4376389444889332,0.9698492462311558,0.8055555555555556,0.3469443332443555,0.0,1.0,1.0,1.0,0.0,real,3,0.3701005025125628,0.9698492462311558,0.3135678391959799,0.23517587939698492,0.24307605868538676,0.8288028080098988
F001458,0.0,0.3472361809045226,0.2222222222222222,0.0962250448649376,0.0,1.0,1.0,1.0,0.0,real,3,0.3701005025125628,0.3472361809045226,0.022110552763819097,0.016582914572864323,0.1891418146006414,0.34761533799651523
F001459,0.0,0.3472361809045226,0.3194444444444444,0.3757708127352411,0.25,1.0,1.0,1.0,0.25,real,3,0.8304020100502513,0.3472361809045226,0.3314070351758794,0.24855527638190955,0.5528015391025479,0.46732959710613364
F001460,0.0,0.3472361809045226,0.6388888888888888,0.8552669065744807,0.0,1.0,1.0,1.0,0.0,real,3,0.3701005025125628,0.3472361809045226,0.9228643216080402,0.6921482412060301,0.355826525845307,0.36306168089189667
F001461,0.4376389444889332,0.9698492462311558,0.8055555555555556,0.3469443332443555,0.0,1.0,1.0,1.0,0.0,real,3,0.3701005025125628,0.9698492462311558,0.3135678391959799,0.23517587939698492,0.24307605868538676,0.8288028080098988
F001462,0.0,0.3472361809045226,0.0555555555555555,0.1924500897298752,0.25,1.0,1.0,1.0,0.25,real,3,0.8304020100502513,0.3472361809045226,0.09321608040201006,0.06991206030150754,0.45390441529254316,0.38101529948738666
F001463,0.0446581987385203,0.7221105527638191,0.6666666666666666,0.5773502691896258,0.25,1.0,1.0,1.0,0.25,real,3,0.8304020100502513,0.7221105527638191,0.6758793969849246,0.5069095477386935,0.6958268099290422,0.7770045264008485
F001464,0.0669872981077807,0.7638190954773869,0.75,0.8660254037844386,0.0,1.0,1.0,1.0,0.0,real,3,0.3701005025125628,0.7638190954773869,0.9336683417085427,0.700251256281407,0.35782581247948286,0.4881171561324209
F001465,0.0,0.3472361809045226,0.0555555555555555,0.1924500897298752,0.0,1.0,1.0,1.0,0.0,real,3,0.3701005025125628,0.3472361809045226,0.09321608040201006,0.06991206030150754,0.2022999103557991,0.348834672735537
F001466,0.0,0.3472361809045226,0.3055555555555556,0.6735753140545634,0.0,1.0,1.0,1.0,0.0,real,3,0.3701005025125628,0.3472361809045226,0.8133165829145729,0.6099874371859296,0.3355546892755234,0.36118312984520595
F001467,0.0,0.3472361809045226,0.1805555555555555,0.1272937693043289,0.0,1.0,1.0,1.0,0.0,real,3,0.3701005025125628,0.3472361809045226,0.04195979899497487,0.031469849246231155,0.1928149226029646,0.3479557176586449
F001468,0.0,0.3472361809045226,0.25,0.5,0.0,1.0,1.0,1.0,0.0,real,3,0.3701005025125628,0.3472361809045226,0.5492462311557789,0.41193467336683415,0.2866884043332239,0.3566547877578849
F001469,0.0,0.3472361809045226,0.2222222222222222,0.0962250448649376,0.0,1.0,1.0,1.0,0.0,real,3,0.3701005025125628,0.3472361809045226,0.022110552763819097,0.016582914572864323,0.1891418146006414,0.34761533799651523
F001470,0.1020902318637188,0.7766331658291458,0.7083333333333334,0.6291528696058958,0.0,1.0,1.0,1.0,0.0,real,3,0.3701005025125628,0.7766331658291458,0.7339195979899498,0.5504396984924623,0.3208622572662307,0.5528614492058281
F001471,0.0,0.3472361809045226,0.5277777777777778,0.4194352464039305,0.25,1.0,1.0,1.0,0.25,real,3,0.8304020100502513,0.3472361809045226,0.43366834170854274,0.32525125628140705,0.5952605363500922,0.5043864738264185
F001472,0.0,0.3472361809045226,0.1944444444444444,0.3469443332443554,0.0,1.0,1.0,1.0,0.0,real,3,0.3701005025125628,0.3472361809045226,0.2914572864321608,0.2185929648241206,0.23898449534102673,0.3522341607535163
F001473,0.0,0.3472361809045226,0.4861111111111111,0.4589642122738419,0.0,1.0,1.0,1.0,0.0,real,3,0.3701005025125628,0.3472361809045226,0.4766331658291457,0.3574748743718593,0.2732513383500417,0.35540960139895456
F001474,0.1504840084734488,0.8301507537688442,0.6388888888888888,0.2545875386086578,0.0,1.0,1.0,1.0,0.0,real,3,0.3701005025125628,0.8301507537688442,0.17336683417085427,0.1300251256281407,0.21713182747910406,0.7703326620539885
F001475,0.0483797153000638,0.7306532663316583,0.6805555555555556,0.6254627916220946,0.25,1.0,1.0,1.0,0.25,real,3,0.8304020100502513,0.7306532663316583,0.714824120603015,0.5361180904522613,0.7119966983156991,0.7841303723390824
F001476,0.0,0.3472361809045226,0.5694444444444444,0.4276334532872403,0.5,1.0,1.0,1.0,0.5,real,3,0.9587939698492463,0.3472361809045226,0.4505025125628141,0.33787688442211056,0.6953665311482033,0.5538674212772405
F001477,0.0,0.3472361809045226,0.0555555555555555,0.1924500897298752,0.0,1.0,1.0,1.0,0.0,real,3,0.3701005025125628,0.3472361809045226,0.09321608040201006,0.06991206030150754,0.2022999103557991,0.348834672735537
F001478,0.3009680169468978,0.9314070351758794,0.7777777777777778,0.5091750772173156,0.25,1.0,1.0,1.0,0.25,real,3,0.8304020100502513,0.9314070351758794,0.592462311557789,0.4443467336683417,0.6611919522234287,0.8865257821772177
F001479,0.0,0.3472361809045226,0.0833333333333333,0.2886751345948128,0.25,1.0,1.0,1.0,0.25,real,3,0.8304020100502513,0.3472361809045226,0.20376884422110553,0.15282663316582915,0.49980603393853695,0.42107678783364055
F001480,0.25,0.907286432160804,0.75,0.5,0.0,1.0,1.0,1.0,0.0,real,3,0.3701005025125628,0.907286432160804,0.5492462311557789,0.41193467336683415,0.2866884043332239,0.6860009216938967
F001481,0.0483797153000638,0.7306532663316583,0.6805555555555556,0.6254627916220946,0.5,1.0,0.5,0.5,0.5,real,3,0.9587939698492463,0.7306532663316583,0.714824120603015,0.26805904522613067,0.41104075654655187,0.7918084454938006
F001482,0.0,0.3472361809045226,0.1111111111111111,0.3849001794597505,0.0,1.0,1.0,1.0,0.0,real,3,0.3701005025125628,0.3472361809045226,0.3763819095477387,0.282286432160804,0.25469981818640947,0.3536904686750334
F001483,0.0,0.3472361809045226,0.4027777777777778,0.1734721666221777,0.0,1.0,1.0,1.0,0.0,real,3,0.3701005025125628,0.3472361809045226,0.08417085427135679,0.06312814070351759,0.20062608898765183,0.34867956301608544
F001484,0.0,0.3472361809045226,0.3611111111111111,0.7515416254704824,0.5,1.0,0.5,0.5,0.5,real,3,0.9587939698492463,0.3472361809045226,0.8670854271356784,0.3251570351758794,0.44753756218277313,0.5460884983965051
F001485,0.0,0.3472361809045226,0.4722222222222222,0.9179284245476838,0.25,1.0,1.0,1.0,0.25,real,3,0.8304020100502513,0.3472361809045226,0.9510050251256281,0.7132537688442211,0.8100592472412312,0.6918560295194566
F001486,0.0,0.3472361809045226,0.5,0.0,0.0,1.0,1.0,1.0,0.0,real,3,0.3701005025125628,0.3472361809045226,0.00628140703517588,0.00471105527638191,0.1862126272063837,0.347343895987475
F001487,0.3779915320718537,0.9507537688442212,0.8333333333333333,0.5773502691896258,0.0,1.0,1.0,1.0,0.0,real,3,0.3701005025125628,0.9507537688442212,0.6758793969849246,0.5069095477386935,0.3101219034872857,0.6564150842150451
F001488,0.0,0.3472361809045226,0.4583333333333333,0.1443375672974064,0.0,1.0,1.0,1.0,0.0,real,3,0.3701005025125628,0.3472361809045226,0.06155778894472362,0.04616834170854271,0.19644153556728366,0.34829178871745664
F001489,0.0,0.3472361809045226,0.4583333333333333,0.1443375672974064,0.5,1.0,1.0,1.0,0.5,real,3,0.9587939698492463,0.3472361809045226,0.06155778894472362,0.04616834170854271,0.50890760334335,0.3754707898790435
F001490,0.3673634106212396,0.9442211055276382,0.7361111111111112,0.2097176232019653,0.25,1.0,1.0,1.0,0.25,real,3,0.8304020100502513,0.9442211055276382,0.11809045226130653,0.0885678391959799,0.4642322794878917,0.9341403941819652
F001491,0.0,0.3472361809045226,0.5277777777777778,0.8221471437193746,0.25,1.0,1.0,1.0,0.25,real,3,0.8304020100502513,0.3472361809045226,0.9118090452261306,0.6838567839195979,0.7937850369940154,0.6776524109239666
F001492,0.1485783278408043,0.8120603015075377,0.7361111111111112,0.6472877887628358,0.0,1.0,1.0,1.0,0.0,real,3,0.3701005025125628,0.8120603015075377,0.771105527638191,0.5783291457286432,0.3277435228908361,0.556462068508371
F001493,0.061411169010459,0.7545226130653266,0.6527777777777778,0.488288773090193,0.0,1.0,1.0,1.0,0.0,real,3,0.3701005025125628,0.7545226130653266,0.514070351758794,0.38555276381909553,0.2801790990126512,0.6063076058685386
F001494,0.0,0.3472361809045226,0.3472222222222222,0.3367876570272817,0.0,1.0,1.0,1.0,0.0,real,3,0.3701005025125628,0.3472361809045226,0.2778894472361809,0.2084170854271357,0.23647376328880587,0.35200149617433896
F001495,0.3009680169468978,0.9314070351758794,0.7777777777777778,0.5091750772173156,0.0,1.0,1.0,1.0,0.0,real,3,0.3701005025125628,0.9314070351758794,0.592462311557789,0.4443467336683417,0.29468555086992754,0.6819923108002323
F001496,0.0,0.3472361809045226,0.3055555555555556,0.7876359377087682,0.0,1.0,1.0,1.0,0.0,real,3,0.3701005025125628,0.3472361809045226,0.9,0.675,0.35159547738693464,0.36266959798994974
F001497,0.0,0.3472361809045226,0.3333333333333333,0.7637626158259733,0.0,1.0,1.0,1.0,0.0,real,3,0.3701005025125628,0.3472361809045226,0.8768844221105527,0.6576633165829145,0.3473179338905583,0.36227320648468475
F001498,0.0,0.3472361809045226,0.3611111111111111,0.2545875386086578,0.5,1.0,1.0,1.0,0.5,real,3,0.9587939698492463,0.3472361809045226,0.17336683417085427,0.1300251256281407,0.5625085225120579,0.4267540592409282
F001499,0.0,0.3472361809045226,0.3333333333333333,0.5773502691896258,0.25,1.0,1.0,1.0,0.25,real,3,0.8304020100502513,0.3472361809045226,0.6758793969849246,0.5069095477386935,0.6958268099290422,0.5921575528395747
F001500,0.0,0.3472361809045226,0.2777777777777778,0.0962250448649376,0.25,1.0,1.0,1.0,0.25,real,3,0.8304020100502513,0.3472361809045226,0.022110552763819097,0.016582914572864323,0.4243813287543244,0.35524847857377334
F001501,0.1564584167334001,0.8437185929648241,0.7083333333333334,0.5204164998665332,0.0,1.0,1.0,1.0,0.0,real,3,0.3701005025125628,0.8437185929648241,0.6203517587939699,0.4652638190954774,0.2998465000883816,0.6233612314082977
F001502,0.0,0.3472361809045226,0.3194444444444444,0.3757708127352411,0.0,1.0,1.0,1.0,0.0,real,3,0.3701005025125628,0.3472361809045226,0.3314070351758794,0.24855527638190955,0.24637720638367716,0.35291922868109393
F001503,0.0,0.3472361809045226,0.25,0.5,0.0,1.0,1.0,1.0,0.0,real,3,0.3701005025125628,0.3472361809045226,0.5492462311557789,0.41193467336683415,0.2866884043332239,0.3566547877578849
F001504,0.0,0.3472361809045226,0.625,0.6614378277661477,0.0,1.0,1.0,1.0,0.0,real,3,0.3701005025125628,0.3472361809045226,0.7871859296482412,0.5903894472361809,0.3307192053230979,0.3607350351001237
F001505,0.1564584167334001,0.8437185929648241,0.7083333333333334,0.5204164998665332,0.0,1.0,1.0,1.0,0.0,real,3,0.3701005025125628,0.8437185929648241,0.6203517587939699,0.4652638190954774,0.2998465000883816,0.6233612314082977
F001506,0.2974642264589466,0.9216080402010052,0.6805555555555556,0.1272937693043289,0.25,1.0,1.0,1.0,0.25,real,3,0.8304020100502513,0.9216080402010052,0.04195979899497487,0.031469849246231155,0.43262275573849146,0.9187378001818137
F001507,0.0,0.3472361809045226,0.1111111111111111,0.3849001794597505,0.0,1.0,1.0,1.0,0.0,real,3,0.3701005025125628,0.3472361809045226,0.3763819095477387,0.282286432160804,0.25469981818640947,0.3536904686750334
F001508,0.0,0.3472361809045226,0.5972222222222222,0.393817968854384,0.25,1.0,1.0,1.0,0.25,real,3,0.8304020100502513,0.3472361809045226,0.40251256281407033,0.3018844221105528,0.5823246256407666,0.4930964180197469
F001509,0.0,0.3472361809045226,0.2916666666666666,0.8036375634160796,0.0,1.0,1.0,1.0,0.0,real,3,0.3701005025125628,0.3472361809045226,0.9057788944723618,0.6793341708542714,0.35266486326102875,0.362768695866266
F001510,0.0,0.3472361809045226,0.3888888888888889,0.6309898162000305,0.25,1.0,1.0,1.0,0.25,real,3,0.8304020100502513,0.3472361809045226,0.7530150753768844,0.5647613065326633,0.7278536211206788,0.6201095458448018
F001511,0.0,0.3472361809045226,0.3055555555555556,0.3469443332443555,0.0,1.0,1.0,1.0,0.0,real,3,0.3701005025125628,0.3472361809045226,0.3135678391959799,0.23517587939698492,0.24307605868538676,0.352613317845509
F001512,0.0,0.3472361809045226,0.25,0.5,0.0,1.0,1.0,1.0,0.0,real,3,0.3701005025125628,0.3472361809045226,0.5492462311557789,0.41193467336683415,0.2866884043332239,0.3566547877578849
F001513,0.0,0.3472361809045226,0.3333333333333333,1.1547005383792517,0.25,1.0,1.0,1.0,0.25,real,3,0.8304020100502513,0.3472361809045226,0.9977386934673367,0.7483040201005025,0.8294631133052196,0.7087911132294639
F001514,0.0,0.3472361809045226,0.2222222222222222,0.5091750772173156,0.0,1.0,1.0,1.0,0.0,real,3,0.3701005025125628,0.3472361809045226,0.592462311557789,0.4443467336683417,0.29468555086992754,0.35739586752859775
F001515,0.125,0.7962311557788945,0.625,0.25,0.0,1.0,1.0,1.0,0.0,real,3,0.3701005025125628,0.7962311557788945,0.13618090452261306,0.10213567839195979,0.2102505618544986,0.7527080124239286
F001516,0.0,0.3472361809045226,0.5972222222222222,0.393817968854384,0.25,1.0,1.0,1.0,0.25,real,3,0.8304020100502513,0.3472361809045226,0.40251256281407033,0.3018844221105528,0.5823246256407666,0.4930964180197469
F001517,0.0,0.3472361809045226,0.3472222222222222,0.488288773090193,0.0,1.0,1.0,1.0,0.0,real,3,0.3701005025125628,0.3472361809045226,0.514070351758794,0.38555276381909553,0.2801790990126512,0.3560515832933512
F001518,0.0,0.3472361809045226,0.2083333333333333,0.3818813079129867,0.0,1.0,1.0,1.0,0.0,real,3,0.3701005025125628,0.3472361809045226,0.3608040201005025,0.2706030150753769,0.2518171258301558,0.35342333526931136
F001519,0.0,0.3472361809045226,0.6111111111111112,0.6309898162000305,0.25,1.0,1.0,1.0,0.25,real,3,0.8304020100502513,0.3472361809045226,0.7530150753768844,0.5647613065326633,0.7278536211206788,0.6201095458448018
F001520,0.0,0.3472361809045226,0.3611111111111111,0.7515416254704824,0.0,1.0,1.0,1.0,0.0,real,3,0.3701005025125628,0.3472361809045226,0.8670854271356784,0.6503140703517588,0.34550462740839877,0.3621051709552789
F001521,0.0,0.3472361809045226,0.5694444444444444,0.4738533919231106,0.25,1.0,1.0,1.0,0.25,real,3,0.8304020100502513,0.3472361809045226,0.48391959798994977,0.3629396984924623,0.6161249084619076,0.5225962412565339
F001522,0.0,0.3472361809045226,0.4444444444444444,1.0183501544346312,0.25,1.0,1.0,1.0,0.25,real,3,0.8304020100502513,0.3472361809045226,0.971356783919598,0.7285175879396986,0.8185093179465165,0.6992309853286534
F001523,0.0,0.3472361809045226,0.1944444444444444,0.3469443332443554,0.0,1.0,1.0,1.0,0.0,real,3,0.3701005025125628,0.3472361809045226,0.2914572864321608,0.2185929648241206,0.23898449534102673,0.3522341607535163
F001524,0.0,0.3472361809045226,0.2916666666666666,0.5204164998665332,0.0,1.0,1.0,1.0,0.0,real,3,0.3701005025125628,0.3472361809045226,0.6203517587939699,0.4652638190954774,0.2998465000883816,0.35787412249690664
F001525,0.0,0.3472361809045226,0.5277777777777778,0.5853140973807078,0.0,1.0,1.0,1.0,0.0,real,3,0.3701005025125628,0.3472361809045226,0.6964824120603015,0.5223618090452261,0.3139344966036211,0.3591796293022903
F001526,0.0,0.3472361809045226,0.4305555555555555,0.9871864246620478,0.0,1.0,1.0,1.0,0.0,real,3,0.3701005025125628,0.3472361809045226,0.9590452261306532,0.7192839195979899,0.362521811317896,0.36368211976970277
F001527,0.0,0.3472361809045226,0.3333333333333333,1.1547005383792517,0.0,1.0,1.0,1.0,0.0,real,3,0.3701005025125628,0.3472361809045226,0.9977386934673367,0.7483040201005025,0.369682047170526,0.36434564468068986
F001528,0.0,0.3472361809045226,0.5,0.5,0.0,1.0,1.0,1.0,0.0,real,3,0.3701005025125628,0.3472361809045226,0.5492462311557789,0.41193467336683415,0.2866884043332239,0.3566547877578849
F001529,0.0,0.3472361809045226,0.2222222222222222,0.5091750772173156,0.0,1.0,1.0,1.0,0.0,real,3,0.3701005025125628,0.3472361809045226,0.592462311557789,0.4443467336683417,0.29468555086992754,0.35739586752859775
F001530,0.0,0.3472361809045226,0.3333333333333333,0.5773502691896258,0.0,1.0,1.0,1.0,0.0,real,3,0.3701005025125628,0.3472361809045226,0.6758793969849246,0.5069095477386935,0.3101219034872857,0.3588263238302063
F001531,0.0483797153000638,0.7306532663316583,0.6805555555555556,0.6254627916220946,0.25,1.0,1.0,1.0,0.25,real,3,0.8304020100502513,0.7306532663316583,0.714824120603015,0.5361180904522613,0.7119966983156991,0.7841303723390824
F001532,0.0,0.3472361809045226,0.4027777777777778,0.393817968854384,0.0,1.0,1.0,1.0,0.0,real,3,0.3701005025125628,0.3472361809045226,0.40251256281407033,0.3018844221105528,0.25953530213883486,0.3541385634201156
F001533,0.1898569058357866,0.8683417085427135,0.7222222222222222,0.5091750772173156,0.0,1.0,1.0,1.0,0.0,real,3,0.3701005025125628,0.8683417085427135,0.592462311557789,0.4443467336683417,0.29468555086992754,0.6469498560642407
F001534,0.0,0.3472361809045226,0.5,0.0,0.5,1.0,1.0,1.0,0.5,real,3,0.9587939698492463,0.3472361809045226,0.00628140703517588,0.00471105527638191,0.4824082725183708,0.35011726345294303
F001535,0.1898569058357866,0.8683417085427135,0.7222222222222222,0.5091750772173156,0.0,1.0,1.0,1.0,0.0,real,3,0.3701005025125628,0.8683417085427135,0.592462311557789,0.4443467336683417,0.29468555086992754,0.6469498560642407
F001536,0.0,0.3472361809045226,0.1944444444444444,0.3469443332443554,0.0,1.0,1.0,1.0,0.0,real,3,0.3701005025125628,0.3472361809045226,0.2914572864321608,0.2185929648241206,0.23898449534102673,0.3522341607535163
F001537,0.0,0.3472361809045226,0.3888888888888889,0.693888666488711,0.0,1.0,1.0,1.0,0.0,real,3,0.3701005025125628,0.3472361809045226,0.828894472361809,0.6216708542713567,0.338437381631777,0.361450263250928
F001538,0.0,0.3472361809045226,0.6388888888888888,0.7515416254704823,0.0,1.0,1.0,1.0,0.0,real,3,0.3701005025125628,0.3472361809045226,0.8610552763819096,0.6457914572864322,0.34438874649630064,0.3620017644756445
F001539,0.7188194722444669,0.9972361809045226,0.902777777777778,0.1734721666221776,0.0,1.0,1.0,1.0,0.0,real,3,0.3701005025125628,0.9972361809045226,0.07562814070351759,0.05672110552763819,0.19904525769551273,0.9616643519103053
F001540,0.0446581987385203,0.7221105527638191,0.6666666666666666,0.5773502691896258,0.0,1.0,1.0,1.0,0.0,real,3,0.3701005025125628,0.7221105527638191,0.6758793969849246,0.5069095477386935,0.3101219034872857,0.54367329739148
F001541,0.0521012318616071,0.742713567839196,0.6944444444444444,0.6735753140545634,0.0,1.0,1.0,1.0,0.0,real,3,0.3701005025125628,0.742713567839196,0.8133165829145729,0.6099874371859296,0.3355546892755234,0.5154242790586097
F001542,0.0,0.3472361809045226,0.25,0.5,0.0,1.0,1.0,1.0,0.0,real,3,0.3701005025125628,0.3472361809045226,0.5492462311557789,0.41193467336683415,0.2866884043332239,0.3566547877578849
F001543,0.0483797153000638,0.7306532663316583,0.6805555555555556,0.6254627916220946,0.5,1.0,1.0,1.0,0.5,real,3,0.9587939698492463,0.7306532663316583,0.714824120603015,0.5361180904522613,0.8220815130931037,0.8529636246559431
F001544,0.0,0.3472361809045226,0.3611111111111111,0.2545875386086578,0.0,1.0,1.0,1.0,0.0,real,3,0.3701005025125628,0.3472361809045226,0.17336683417085427,0.1300251256281407,0.21713182747910406,0.3502091171940102
F001545,0.0,0.3472361809045226,0.2083333333333333,0.7216878364870323,0.0,1.0,1.0,1.0,0.0,real,3,0.3701005025125628,0.3472361809045226,0.8472361809045226,0.6354271356783919,0.3418315194060756,0.36176479129314915
F001546,0.1504840084734488,0.8301507537688442,0.6388888888888888,0.2545875386086578,0.0,1.0,1.0,1.0,0.0,real,3,0.3701005025125628,0.8301507537688442,0.17336683417085427,0.1300251256281407,0.21713182747910406,0.7703326620539885
F001547,0.0,0.3472361809045226,0.375,1.0897247358851685,0.0,1.0,1.0,1.0,0.0,real,3,0.3701005025125628,0.3472361809045226,0.9899497487437185,0.7424623115577889,0.3682407009923992,0.36421207797782884
F001548,0.1706553760958049,0.849748743718593,0.7777777777777777,0.769800358919501,0.0,1.0,1.0,1.0,0.0,real,3,0.3701005025125628,0.849748743718593,0.8879396984924623,0.6659547738693468,0.3493637155627383,0.5303247077094013
F001549,0.5260506159308034,0.9814070351758792,0.8472222222222221,0.3367876570272817,0.0,1.0,1.0,1.0,0.0,real,3,0.3701005025125628,0.9814070351758792,0.2778894472361809,0.2084170854271357,0.23647376328880587,0.8540003093356228
F001550,0.0,0.3472361809045226,0.4027777777777778,0.393817968854384,0.0,1.0,1.0,1.0,0.0,real,3,0.3701005025125628,0.3472361809045226,0.40251256281407033,0.3018844221105528,0.25953530213883486,0.3541385634201156
F001551,0.4510034825212683,0.9756281407035176,0.8194444444444444,0.3757708127352412,0.0,1.0,1.0,1.0,0.0,real,3,0.3701005025125628,0.9756281407035176,0.3394472361809045,0.2545854271356784,0.24786504759980807,0.8214696282922148
F001552,0.0483797153000638,0.7306532663316583,0.6805555555555556,0.6254627916220946,0.25,1.0,1.0,1.0,0.25,real,3,0.8304020100502513,0.7306532663316583,0.714824120603015,0.5361180904522613,0.7119966983156991,0.7841303723390824
F001553,0.4376389444889332,0.9698492462311558,0.8055555555555556,0.3469443332443555,0.0,1.0,1.0,1.0,0.0,real,3,0.3701005025125628,0.9698492462311558,0.3135678391959799,0.23517587939698492,0.24307605868538676,0.8288028080098988
F001554,0.125,0.7962311557788945,0.625,0.25,0.0,1.0,1.0,1.0,0.0,real,3,0.3701005025125628,0.7962311557788945,0.13618090452261306,0.10213567839195979,0.2102505618544986,0.7527080124239286
F001555,0.0,0.3472361809045226,0.2361111111111111,0.2097176232019652,0.0,1.0,1.0,1.0,0.0,real,3,0.3701005025125628,0.3472361809045226,0.10854271356783919,0.0814070351758794,0.20513610767404863,0.34909749753794095
F001556,0.0,0.3472361809045226,0.375,0.25,0.0,1.0,1.0,1.0,0.0,real,3,0.3701005025125628,0.3472361809045226,0.13618090452261306,0.10213567839195979,0.2102505618544986,0.3495714439029317
F001557,0.0,0.3472361809045226,0.2638888888888888,0.2097176232019653,0.0,1.0,1.0,1.0,0.0,real,3,0.3701005025125628,0.3472361809045226,0.11809045226130653,0.0885678391959799,0.20690291911820408,0.34926122446402863
F001558,0.0,0.3472361809045226,0.5555555555555556,0.5357583756107197,0.0,1.0,1.0,1.0,0.0,real,3,0.3701005025125628,0.3472361809045226,0.6384422110552764,0.47883165829145735,0.30319414282467616,0.3581843419358097
F001559,0.0,0.3472361809045226,0.6944444444444444,0.787635937708768,0.25,1.0,1.0,1.0,0.25,real,3,0.8304020100502513,0.3472361809045226,0.8944723618090452,0.6708542713567839,0.786586828615439,0.6713700411605767
F001560,0.0,0.3472361809045226,0.2222222222222222,0.5091750772173156,0.25,1.0,1.0,1.0,0.25,real,3,0.8304020100502513,0.3472361809045226,0.592462311557789,0.4443467336683417,0.6611919522234287,0.5619293389055832
F001561,0.0,0.3472361809045226,0.2222222222222222,0.5091750772173156,0.0,1.0,1.0,1.0,0.0,real,3,0.3701005025125628,0.3472361809045226,0.592462311557789,0.4443467336683417,0.29468555086992754,0.35739586752859775
F001562,0.0,0.3472361809045226,0.6111111111111112,0.693888666488711,0.25,1.0,1.0,1.0,0.25,real,3,0.8304020100502513,0.3472361809045226,0.828894472361809,0.6216708542713567,0.75935882300952,0.647606294664276
F001563,0.0,0.3472361809045226,0.3194444444444444,0.3757708127352411,0.0,1.0,1.0,1.0,0.0,real,3,0.3701005025125628,0.3472361809045226,0.3314070351758794,0.24855527638190955,0.24637720638367716,0.35291922868109393
F001564,0.0,0.3472361809045226,0.2083333333333333,0.5204164998665333,0.25,1.0,1.0,1.0,0.25,real,3,0.8304020100502513,0.3472361809045226,0.6309045226130653,0.47317839195979894,0.6771531968889675,0.5758598109896215
F001565,0.0,0.3472361809045226,0.5972222222222222,0.393817968854384,0.0,1.0,1.0,1.0,0.0,real,3,0.3701005025125628,0.3472361809045226,0.40251256281407033,0.3018844221105528,0.25953530213883486,0.3541385634201156
F001566,0.3222409918479341,0.9381909547738694,0.7638888888888888,0.4110735718596873,0.0,1.0,1.0,1.0,0.0,real,3,0.3701005025125628,0.9381909547738694,0.42135678391959797,0.3160175879396985,0.2630224299891417,0.7586643803186789
F001567,0.0,0.3472361809045226,0.3194444444444444,0.1272937693043289,0.0,1.0,1.0,1.0,0.0,real,3,0.3701005025125628,0.3472361809045226,0.04195979899497487,0.031469849246231155,0.1928149226029646,0.3479557176586449
F001568,0.1898569058357866,0.8683417085427135,0.7222222222222222,0.5091750772173156,0.0,1.0,1.0,1.0,0.0,real,3,0.3701005025125628,0.8683417085427135,0.592462311557789,0.4443467336683417,0.29468555086992754,0.6469498560642407
F001569,0.0,0.3472361809045226,0.4861111111111111,0.2926570486903539,0.0,1.0,1.0,1.0,0.0,real,3,0.3701005025125628,0.3472361809045226,0.2608040201005025,0.1956030150753769,0.23331210070452765,0.3517085111487083
F001570,0.3673634106212396,0.9442211055276382,0.7361111111111112,0.2097176232019653,0.5,1.0,1.0,1.0,0.5,real,3,0.9587939698492463,0.9442211055276382,0.11809045226130653,0.0885678391959799,0.5360091916870786,0.9455117926314992
F001571,0.0,0.3472361809045226,0.2083333333333333,0.5204164998665333,0.0,1.0,1.0,1.0,0.0,real,3,0.3701005025125628,0.3472361809045226,0.6309045226130653,0.47317839195979894,0.30179929168455344,0.3580550838362667
F001572,0.0,0.3472361809045226,0.4166666666666667,1.0408329997330663,0.0,1.0,1.0,1.0,0.0,real,3,0.3701005025125628,0.3472361809045226,0.978140703517588,0.733605527638191,0.36605543420620695,0.36400957362187825
F001573,0.3963319220119756,0.9587939698492464,0.7222222222222222,0.0962250448649376,0.0,1.0,1.0,1.0,0.0,real,3,0.3701005025125628,0.9587939698492464,0.022110552763819097,0.016582914572864323,0.1891418146006414,0.9490317163707989
F001574,0.0,0.3472361809045226,0.2777777777777778,0.5091750772173156,0.0,1.0,1.0,1.0,0.0,real,3,0.3701005025125628,0.3472361809045226,0.592462311557789,0.4443467336683417,0.29468555086992754,0.35739586752859775
F001575,0.0,0.3472361809045226,0.3333333333333333,0.2886751345948129,0.5,1.0,1.0,1.0,0.5,real,3,0.9587939698492463,0.3472361809045226,0.22688442211055276,0.17016331658291456,0.5881646928107876,0.45130088255347084
F001576,0.0,0.3472361809045226,0.5555555555555556,1.0183501544346312,0.25,1.0,1.0,1.0,0.25,real,3,0.8304020100502513,0.3472361809045226,0.971356783919598,0.7285175879396986,0.8185093179465165,0.6992309853286534
F001577,0.0,0.3472361809045226,0.125,0.25,0.0,1.0,1.0,1.0,0.0,real,3,0.3701005025125628,0.3472361809045226,0.13618090452261306,0.10213567839195979,0.2102505618544986,0.3495714439029317
F001578,0.0,0.3472361809045226,0.3333333333333333,0.5773502691896258,0.0,1.0,1.0,1.0,0.0,real,3,0.3701005025125628,0.3472361809045226,0.6758793969849246,0.5069095477386935,0.3101219034872857,0.3588263238302063
F001579,0.0,0.3472361809045226,0.3194444444444444,0.6254627916220946,0.0,1.0,1.0,1.0,0.0,real,3,0.3701005025125628,0.3472361809045226,0.714824120603015,0.5361180904522613,0.31732863437791975,0.3594941573445115
F001580,0.0,0.3472361809045226,0.0972222222222221,0.1734721666221776,0.0,1.0,1.0,1.0,0.0,real,3,0.3701005025125628,0.3472361809045226,0.07562814070351759,0.05672110552763819,0.19904525769551273,0.3485330705032701
F001581,0.0,0.3472361809045226,0.3333333333333333,1.1547005383792517,0.0,1.0,1.0,1.0,0.0,real,3,0.3701005025125628,0.3472361809045226,0.9977386934673367,0.7483040201005025,0.369682047170526,0.36434564468068986
F001582,0.0,0.3472361809045226,0.2916666666666666,0.3818813079129866,0.0,1.0,1.0,1.0,0.0,real,3,0.3701005025125628,0.3472361809045226,0.34723618090452263,0.260427135678392,0.2493063937779349,0.35319067069013405
F001583,0.0,0.3472361809045226,0.3333333333333333,0.5773502691896258,0.0,1.0,1.0,1.0,0.0,real,3,0.3701005025125628,0.3472361809045226,0.6758793969849246,0.5069095477386935,0.3101219034872857,0.3588263238302063
F001584,0.0,0.3472361809045226,0.1944444444444444,0.3469443332443554,0.0,1.0,1.0,1.0,0.0,real,3,0.3701005025125628,0.3472361809045226,0.2914572864321608,0.2185929648241206,0.23898449534102673,0.3522341607535163
F001585,0.1889957660359268,0.8582914572864322,0.6666666666666666,0.2886751345948129,0.0,1.0,1.0,1.0,0.0,real,3,0.3701005025125628,0.8582914572864322,0.22688442211055276,0.17016331658291456,0.22703527057397543,0.7752192652963309
F001586,0.0,0.3472361809045226,0.125,0.4330127018922193,0.0,1.0,1.0,1.0,0.0,real,3,0.3701005025125628,0.3472361809045226,0.4663316582914573,0.349748743718593,0.2713450417918739,0.35523294866291255
F001587,0.3009680169468978,0.9314070351758794,0.7777777777777778,0.5091750772173156,0.0,1.0,1.0,1.0,0.0,real,3,0.3701005025125628,0.9314070351758794,0.592462311557789,0.4443467336683417,0.29468555086992754,0.6819923108002323
F001588,0.0,0.3472361809045226,0.3472222222222222,0.5672382737961704,0.0,1.0,1.0,1.0,0.0,real,3,0.3701005025125628,0.3472361809045226,0.6540201005025126,0.49051507537688444,0.30607683518092976,0.35845147534153177
F001589,0.0,0.3472361809045226,0.3055555555555556,0.3469443332443555,0.0,1.0,1.0,1.0,0.0,real,3,0.3701005025125628,0.3472361809045226,0.3135678391959799,0.23517587939698492,0.24307605868538676,0.352613317845509
F001590,0.1564584167334001,0.8437185929648241,0.7083333333333334,0.5204164998665332,0.25,1.0,1.0,1.0,0.25,real,3,0.8304020100502513,0.8437185929648241,0.6203517587939699,0.4652638190954774,0.6727716787454862,0.8375228687406884
F001591,0.3231250834000667,0.941708542713568,0.7916666666666667,0.5204164998665333,0.25,1.0,1.0,1.0,0.25,real,3,0.8304020100502513,0.941708542713568,0.6309045226130653,0.47317839195979894,0.6771531968889675,0.889040696573319
F001592,0.0,0.3472361809045226,0.6111111111111112,0.6309898162000305,0.0,1.0,1.0,1.0,0.0,real,3,0.3701005025125628,0.3472361809045226,0.7530150753768844,0.5647613065326633,0.3243958801545415,0.3601490650488624
F001593,0.0,0.3472361809045226,0.4444444444444444,0.5357583756107198,0.5,1.0,1.0,1.0,0.5,real,3,0.9587939698492463,0.3472361809045226,0.6459798994974875,0.4844849246231156,0.7890778010656296,0.6435267101840862
F001594,0.0219364186574703,0.7055276381909548,0.6527777777777778,0.5672382737961704,0.0,1.0,1.0,1.0,0.0,real,3,0.3701005025125628,0.7055276381909548,0.6540201005025126,0.49051507537688444,0.30607683518092976,0.5409955714502159
F001595,0.0,0.3472361809045226,0.2777777777777778,0.5091750772173156,0.0,1.0,1.0,1.0,0.0,real,3,0.3701005025125628,0.3472361809045226,0.592462311557789,0.4443467336683417,0.29468555086992754,0.35739586752859775
F001596,0.4229189661767951,0.9630653266331658,0.7638888888888888,0.2097176232019653,0.25,1.0,1.0,1.0,0.25,real,3,0.8304020100502513,0.9630653266331658,0.11809045226130653,0.0885678391959799,0.4642322794878917,0.9513156233428449
F001597,0.0,0.3472361809045226,0.4305555555555555,0.4738533919231106,0.0,1.0,1.0,1.0,0.0,real,3,0.3701005025125628,0.3472361809045226,0.48391959798994977,0.3629396984924623,0.2745996944521603,0.3555345508951794
F001598,0.0,0.3472361809045226,0.1111111111111111,0.3849001794597505,0.0,1.0,1.0,1.0,0.0,real,3,0.3701005025125628,0.3472361809045226,0.3763819095477387,0.282286432160804,0.25469981818640947,0.3536904686750334
F001599,0.2154167222667111,0.879145728643216,0.6944444444444444,0.3469443332443555,0.5,1.0,1.0,1.0,0.5,real,3,0.9587939698492463,0.879145728643216,0.3135678391959799,0.23517587939698492,0.629720461604505,0.8978770738112674
F001600,0.0,0.3472361809045226,0.2916666666666666,0.5204164998665332,0.0,1.0,1.0,1.0,0.0,real,3,0.3701005025125628,0.3472361809045226,0.6203517587939699,0.4652638190954774,0.2998465000883816,0.35787412249690664
F001601,0.0,0.3472361809045226,0.4027777777777778,0.1734721666221777,0.0,1.0,1.0,1.0,0.0,real,3,0.3701005025125628,0.3472361809045226,0.08417085427135679,0.06312814070351759,0.20062608898765183,0.34867956301608544
F001602,0.0,0.3472361809045226,0.4444444444444444,0.1924500897298753,0.0,1.0,1.0,1.0,0.0,real,3,0.3701005025125628,0.3472361809045226,0.10150753768844221,0.07613065326633166,0.2038342466099341,0.3489768566450342
F001603,0.061411169010459,0.7545226130653266,0.6527777777777778,0.488288773090193,0.0,1.0,1.0,1.0,0.0,real,3,0.3701005025125628,0.7545226130653266,0.514070351758794,0.38555276381909553,0.2801790990126512,0.6063076058685386
F001604,0.0,0.3472361809045226,0.4027777777777778,0.393817968854384,0.0,1.0,1.0,1.0,0.0,real,3,0.3701005025125628,0.3472361809045226,0.40251256281407033,0.3018844221105528,0.25953530213883486,0.3541385634201156
F001605,0.5949284529178934,0.992211055276382,0.8611111111111112,0.2545875386086578,0.0,1.0,1.0,1.0,0.0,real,3,0.3701005025125628,0.992211055276382,0.17336683417085427,0.1300251256281407,0.21713182747910406,0.9113210524986743
F001606,0.0,0.3472361809045226,0.6111111111111112,0.6309898162000305,0.0,1.0,1.0,1.0,0.0,real,3,0.3701005025125628,0.3472361809045226,0.7530150753768844,0.5647613065326633,0.3243958801545415,0.3601490650488624
F001607,0.0,0.3472361809045226,0.3611111111111111,0.8552669065744807,0.0,1.0,1.0,1.0,0.0,real,3,0.3701005025125628,0.3472361809045226,0.9228643216080402,0.6921482412060301,0.355826525845307,0.36306168089189667
F001608,0.0,0.3472361809045226,0.5972222222222222,0.393817968854384,0.0,1.0,1.0,1.0,0.0,real,3,0.3701005025125628,0.3472361809045226,0.40251256281407033,0.3018844221105528,0.25953530213883486,0.3541385634201156
F001609,0.0,0.3472361809045226,0.375,0.25,0.0,1.0,1.0,1.0,0.0,real,3,0.3701005025125628,0.3472361809045226,0.13618090452261306,0.10213567839195979,0.2102505618544986,0.3495714439029317
F001610,0.125,0.7962311557788945,0.625,0.25,0.0,1.0,1.0,1.0,0.0,real,3,0.3701005025125628,0.7962311557788945,0.13618090452261306,0.10213567839195979,0.2102505618544986,0.7527080124239286
F001611,0.1485783278408043,0.8120603015075377,0.7361111111111112,0.6472877887628358,0.25,1.0,1.0,1.0,0.25,real,3,0.8304020100502513,0.8120603015075377,0.771105527638191,0.5783291457286432,0.7353647950809322,0.822667846140249
F001612,0.1898569058357866,0.8683417085427135,0.7222222222222222,0.5091750772173156,0.0,1.0,1.0,1.0,0.0,real,3,0.3701005025125628,0.8683417085427135,0.592462311557789,0.4443467336683417,0.29468555086992754,0.6469498560642407
F001613,0.0,0.3472361809045226,0.3472222222222222,0.488288773090193,0.0,1.0,1.0,1.0,0.0,real,3,0.3701005025125628,0.3472361809045226,0.514070351758794,0.38555276381909553,0.2801790990126512,0.3560515832933512
F001614,0.0,0.3472361809045226,0.3888888888888889,0.693888666488711,0.0,1.0,1.0,1.0,0.0,real,3,0.3701005025125628,0.3472361809045226,0.828894472361809,0.6216708542713567,0.338437381631777,0.361450263250928
F001615,0.0,0.3472361809045226,0.3472222222222222,0.488288773090193,0.0,1.0,1.0,1.0,0.0,real,3,0.3701005025125628,0.3472361809045226,0.514070351758794,0.38555276381909553,0.2801790990126512,0.3560515832933512
F001616,0.0,0.3472361809045226,0.5972222222222222,0.393817968854384,0.0,1.0,1.0,1.0,0.0,real,3,0.3701005025125628,0.3472361809045226,0.40251256281407033,0.3018844221105528,0.25953530213883486,0.3541385634201156
F001617,0.0,0.3472361809045226,0.4583333333333333,0.1443375672974064,0.0,1.0,1.0,1.0,0.0,real,3,0.3701005025125628,0.3472361809045226,0.06155778894472362,0.04616834170854271,0.19644153556728366,0.34829178871745664
F001618,0.0,0.3472361809045226,0.0555555555555555,0.1924500897298752,0.25,1.0,1.0,1.0,0.25,real,3,0.8304020100502513,0.3472361809045226,0.09321608040201006,0.06991206030150754,0.45390441529254316,0.38101529948738666
F001619,0.0,0.3472361809045226,0.375,0.25,0.5,1.0,1.0,1.0,0.5,real,3,0.9587939698492463,0.3472361809045226,0.13618090452261306,0.10213567839195979,0.5446816999570717,0.4096980505542789
F001620,0.0,0.3472361809045226,0.5972222222222222,0.6364688465216444,0.0,1.0,1.0,1.0,0.0,real,3,0.3701005025125628,0.3472361809045226,0.7600502512562815,0.5700376884422111,0.32569774121865613,0.3602697059417691
F001621,0.0,0.3472361809045226,0.3333333333333333,0.2886751345948129,0.0,1.0,1.0,1.0,0.0,real,3,0.3701005025125628,0.3472361809045226,0.22688442211055276,0.17016331658291456,0.22703527057397543,0.35112684970076513
F001622,0.0,0.3472361809045226,0.2777777777777778,0.5091750772173156,0.25,1.0,1.0,1.0,0.25,real,3,0.8304020100502513,0.3472361809045226,0.592462311557789,0.4443467336683417,0.6611919522234287,0.5619293389055832
F001623,0.0,0.3472361809045226,0.4583333333333333,0.3818813079129867,0.0,1.0,1.0,1.0,0.0,real,3,0.3701005025125628,0.3472361809045226,0.3608040201005025,0.2706030150753769,0.2518171258301558,0.35342333526931136
F001624,0.0,0.3472361809045226,0.5416666666666666,0.3818813079129867,0.0,1.0,1.0,1.0,0.0,real,3,0.3701005025125628,0.3472361809045226,0.3608040201005025,0.2706030150753769,0.2518171258301558,0.35342333526931136
F001625,0.0,0.3472361809045226,0.4166666666666667,0.7637626158259733,0.0,1.0,1.0,1.0,0.0,real,3,0.3701005025125628,0.3472361809045226,0.8768844221105527,0.6576633165829145,0.3473179338905583,0.36227320648468475
F001626,0.3009680169468978,0.9314070351758794,0.7777777777777778,0.5091750772173156,0.25,1.0,1.0,1.0,0.25,real,3,0.8304020100502513,0.9314070351758794,0.592462311557789,0.4443467336683417,0.6611919522234287,0.8865257821772177
F001627,0.0,0.3472361809045226,0.375,0.4330127018922193,0.0,1.0,1.0,1.0,0.0,real,3,0.3701005025125628,0.3472361809045226,0.4663316582914573,0.349748743718593,0.2713450417918739,0.35523294866291255
F001628,0.3779915320718537,0.9507537688442212,0.8333333333333333,0.5773502691896258,0.0,1.0,1.0,1.0,0.0,real,3,0.3701005025125628,0.9507537688442212,0.6758793969849246,0.5069095477386935,0.3101219034872857,0.6564150842150451
F001629,0.0669872981077807,0.7638190954773869,0.75,0.8660254037844386,0.0,1.0,1.0,1.0,0.0,real,3,0.3701005025125628,0.7638190954773869,0.9336683417085427,0.700251256281407,0.35782581247948286,0.4881171561324209
F001630,0.2224894150898172,0.8891959798994975,0.7916666666666667,0.7216878364870323,0.0,1.0,1.0,1.0,0.0,real,3,0.3701005025125628,0.8891959798994975,0.8472361809045226,0.6354271356783919,0.3418315194060756,0.5593486275599101
F001631,0.0,0.3472361809045226,0.5972222222222222,0.393817968854384,0.25,1.0,1.0,1.0,0.25,real,3,0.8304020100502513,0.3472361809045226,0.40251256281407033,0.3018844221105528,0.5823246256407666,0.4930964180197469
F001632,0.0,0.3472361809045226,0.3472222222222222,0.6988747569671736,0.25,1.0,1.0,1.0,0.25,real,3,0.8304020100502513,0.3472361809045226,0.8361809045226131,0.6271356783919598,0.7623841569657331,0.6502467109416429
F001633,0.1504840084734488,0.8301507537688442,0.6388888888888888,0.2545875386086578,0.25,1.0,1.0,1.0,0.25,real,3,0.8304020100502513,0.8301507537688442,0.17336683417085427,0.1300251256281407,0.4871830888108886,0.830183423398399
F001634,0.0,0.3472361809045226,0.4583333333333333,0.1443375672974064,0.0,1.0,1.0,1.0,0.0,real,3,0.3701005025125628,0.3472361809045226,0.06155778894472362,0.04616834170854271,0.19644153556728366,0.34829178871745664
F001635,0.0,0.3472361809045226,0.5972222222222222,0.8832285053102581,0.0,1.0,1.0,1.0,0.0,real,3,0.3701005025125628,0.3472361809045226,0.9417085427135679,0.706281407035176,0.35931365369561374,0.363384826140754
F001636,0.0,0.3472361809045226,0.4166666666666667,0.2886751345948129,0.25,1.0,1.0,1.0,0.25,real,3,0.8304020100502513,0.3472361809045226,0.22688442211055276,0.17016331658291456,0.509403645109972,0.4294532808514936
F001637,0.0,0.3472361809045226,0.2361111111111111,0.2097176232019652,0.0,1.0,1.0,1.0,0.0,real,3,0.3701005025125628,0.3472361809045226,0.10854271356783919,0.0814070351758794,0.20513610767404863,0.34909749753794095
F001638,0.0,0.3472361809045226,0.1527777777777777,0.3367876570272816,0.0,1.0,1.0,1.0,0.0,real,3,0.3701005025125628,0.3472361809045226,0.2698492462311558,0.20238693467336685,0.23498592207267494,0.35186362086815987
F001639,0.25,0.907286432160804,0.75,0.5,0.0,1.0,1.0,1.0,0.0,real,3,0.3701005025125628,0.907286432160804,0.5492462311557789,0.41193467336683415,0.2866884043332239,0.6860009216938967
F001640,0.1504840084734488,0.8301507537688442,0.6388888888888888,0.2545875386086578,0.5,1.0,0.5,0.5,0.5,real,3,0.9587939698492463,0.8301507537688442,0.17336683417085427,0.06501256281407035,0.2812542612560289,0.8385141789348755
F001641,0.0,0.3472361809045226,0.2777777777777778,0.5091750772173156,0.0,1.0,1.0,1.0,0.0,real,3,0.3701005025125628,0.3472361809045226,0.592462311557789,0.4443467336683417,0.29468555086992754,0.35739586752859775
F001642,0.0,0.3472361809045226,0.3194444444444444,0.3757708127352411,0.0,1.0,1.0,1.0,0.0,real,3,0.3701005025125628,0.3472361809045226,0.3314070351758794,0.24855527638190955,0.24637720638367716,0.35291922868109393
F001643,0.0,0.3472361809045226,0.1111111111111111,0.3849001794597505,0.0,1.0,1.0,1.0,0.0,real,3,0.3701005025125628,0.3472361809045226,0.3763819095477387,0.282286432160804,0.25469981818640947,0.3536904686750334
F001644,0.0,0.3472361809045226,0.5694444444444444,0.9871864246620478,0.25,1.0,1.0,1.0,0.25,real,3,0.8304020100502513,0.3472361809045226,0.9590452261306532,0.7192839195979899,0.8133975467791218,0.6947695923082751
F001645,0.0,0.3472361809045226,0.3333333333333333,0.5773502691896258,0.0,1.0,1.0,1.0,0.0,real,3,0.3701005025125628,0.3472361809045226,0.6758793969849246,0.5069095477386935,0.3101219034872857,0.3588263238302063
F001646,0.0,0.3472361809045226,0.2777777777777778,0.5091750772173156,0.0,1.0,1.0,1.0,0.0,real,3,0.3701005025125628,0.3472361809045226,0.592462311557789,0.4443467336683417,0.29468555086992754,0.35739586752859775
F001647,0.0,0.3472361809045226,0.6666666666666666,0.7637626158259733,0.0,1.0,1.0,1.0,0.0,real,3,0.3701005025125628,0.3472361809045226,0.8768844221105527,0.6576633165829145,0.3473179338905583,0.36227320648468475
F001648,0.0,0.3472361809045226,0.25,0.5,0.0,1.0,1.0,1.0,0.0,real,3,0.3701005025125628,0.3472361809045226,0.5492462311557789,0.41193467336683415,0.2866884043332239,0.3566547877578849
F001649,0.3009680169468978,0.9314070351758794,0.7777777777777778,0.5091750772173156,0.0,1.0,1.0,1.0,0.0,real,3,0.3701005025125628,0.9314070351758794,0.592462311557789,0.4443467336683417,0.29468555086992754,0.6819923108002323
F001650,0.0,0.3472361809045226,0.5555555555555556,0.6735753140545634,0.0,1.0,1.0,1.0,0.0,real,3,0.3701005025125628,0.3472361809045226,0.8133165829145729,0.6099874371859296,0.3355546892755234,0.36118312984520595
F001651,0.1485783278408043,0.8120603015075377,0.7361111111111112,0.6472877887628358,0.0,1.0,1.0,1.0,0.0,real,3,0.3701005025125628,0.8120603015075377,0.771105527638191,0.5783291457286432,0.3277435228908361,0.556462068508371
F001652,0.0,0.3472361809045226,0.2222222222222222,0.5091750772173156,0.0,1.0,1.0,1.0,0.0,real,3,0.3701005025125628,0.3472361809045226,0.592462311557789,0.4443467336683417,0.29468555086992754,0.35739586752859775
F001653,0.0,0.3472361809045226,0.3472222222222222,0.488288773090193,0.0,1.0,1.0,1.0,0.0,real,3,0.3701005025125628,0.3472361809045226,0.514070351758794,0.38555276381909553,0.2801790990126512,0.3560515832933512
F001654,0.0,0.3472361809045226,0.3333333333333333,0.5773502691896258,0.0,1.0,1.0,1.0,0.0,real,3,0.3701005025125628,0.3472361809045226,0.6758793969849246,0.5069095477386935,0.3101219034872857,0.3588263238302063
F001655,0.0,0.3472361809045226,0.2777777777777778,0.5091750772173156,0.0,1.0,1.0,1.0,0.0,real,3,0.3701005025125628,0.3472361809045226,0.592462311557789,0.4443467336683417,0.29468555086992754,0.35739586752859775
F001656,0.0,0.3472361809045226,0.6111111111111112,0.6309898162000305,0.25,1.0,1.0,1.0,0.25,real,3,0.8304020100502513,0.3472361809045226,0.7530150753768844,0.5647613065326633,0.7278536211206788,0.6201095458448018
F001657,0.1504840084734488,0.8301507537688442,0.6388888888888888,0.2545875386086578,0.0,1.0,1.0,1.0,0.0,real,3,0.3701005025125628,0.8301507537688442,0.17336683417085427,0.1300251256281407,0.21713182747910406,0.7703326620539885
F001658,0.2666854362923786,0.9155778894472362,0.7361111111111112,0.4110735718596873,0.0,1.0,1.0,1.0,0.0,real,3,0.3701005025125628,0.9155778894472362,0.42135678391959797,0.3160175879396985,0.2630224299891417,0.7431974413524911
F001659,0.7188194722444669,0.9972361809045226,0.902777777777778,0.1734721666221776,0.25,1.0,1.0,1.0,0.25,real,3,0.8304020100502513,0.9972361809045226,0.07562814070351759,0.05672110552763819,0.44660188505340775,0.9877731622938815
F001660,0.0,0.3472361809045226,0.25,0.8660254037844386,0.0,1.0,1.0,1.0,0.0,real,3,0.3701005025125628,0.3472361809045226,0.9336683417085427,0.700251256281407,0.35782581247948286,0.36324695083457487
F001661,0.0,0.3472361809045226,0.1111111111111111,0.3849001794597505,0.0,1.0,1.0,1.0,0.0,real,3,0.3701005025125628,0.3472361809045226,0.3763819095477387,0.282286432160804,0.25469981818640947,0.3536904686750334
F001662,0.5260506159308034,0.9814070351758792,0.8472222222222221,0.3367876570272817,0.0,1.0,1.0,1.0,0.0,real,3,0.3701005025125628,0.9814070351758792,0.2778894472361809,0.2084170854271357,0.23647376328880587,0.8540003093356228
F001663,0.0,0.3472361809045226,0.3194444444444444,0.6254627916220946,0.25,1.0,1.0,1.0,0.25,real,3,0.8304020100502513,0.3472361809045226,0.714824120603015,0.5361180904522613,0.7119966983156991,0.6062701225979142
F001664,0.0,0.3472361809045226,0.5138888888888888,0.2926570486903538,0.0,1.0,1.0,1.0,0.0,real,3,0.3701005025125628,0.3472361809045226,0.24949748743718592,0.18712311557788944,0.2312198239943436,0.3515146239993939
F001665,0.0,0.3472361809045226,0.6527777777777778,0.6684005230842202,0.0,1.0,1.0,1.0,0.0,real,3,0.3701005025125628,0.3472361809045226,0.7989949748743719,0.5992462311557789,0.3329044721092902,0.3609375394560743
F001666,0.1504840084734488,0.8301507537688442,0.6388888888888888,0.2545875386086578,0.0,1.0,1.0,1.0,0.0,real,3,0.3701005025125628,0.8301507537688442,0.17336683417085427,0.1300251256281407,0.21713182747910406,0.7703326620539885
F001667,0.0,0.3472361809045226,0.5277777777777778,0.9179284245476838,0.0,1.0,1.0,1.0,0.0,real,3,0.3701005025125628,0.3472361809045226,0.9510050251256281,0.7132537688442211,0.36103397010176513,0.3635442444635236
F001668,0.0,0.3472361809045226,0.2222222222222222,0.5091750772173156,0.0,1.0,1.0,1.0,0.0,real,3,0.3701005025125628,0.3472361809045226,0.592462311557789,0.4443467336683417,0.29468555086992754,0.35739586752859775
F001669,0.0,0.3472361809045226,0.2916666666666666,0.8036375634160796,0.0,1.0,1.0,1.0,0.0,real,3,0.3701005025125628,0.3472361809045226,0.9057788944723618,0.6793341708542714,0.35266486326102875,0.362768695866266
F001670,0.1732257047434905,0.8535175879396985,0.6805555555555556,0.3757708127352412,0.0,1.0,1.0,1.0,0.0,real,3,0.3701005025125628,0.8535175879396985,0.3394472361809045,0.2545854271356784,0.24786504759980807,0.7304466427615464
F001671,0.125,0.7962311557788945,0.625,0.25,0.5,1.0,1.0,1.0,0.5,real,3,0.9587939698492463,0.7962311557788945,0.13618090452261306,0.10213567839195979,0.5446816999570717,0.8128346190752759
F001672,0.0,0.3472361809045226,0.625,0.6614378277661477,0.25,1.0,1.0,1.0,0.25,real,3,0.8304020100502513,0.3472361809045226,0.7871859296482412,0.5903894472361809,0.7420413941567132,0.6324921876972804
F001673,0.0,0.3472361809045226,0.4027777777777778,0.393817968854384,0.25,1.0,1.0,1.0,0.25,real,3,0.8304020100502513,0.3472361809045226,0.40251256281407033,0.3018844221105528,0.5823246256407666,0.4930964180197469
F001674,0.0,0.3472361809045226,0.1111111111111111,0.3849001794597505,0.0,1.0,1.0,1.0,0.0,real,3,0.3701005025125628,0.3472361809045226,0.3763819095477387,0.282286432160804,0.25469981818640947,0.3536904686750334
F001675,0.1898569058357866,0.8683417085427135,0.7222222222222222,0.5091750772173156,0.0,1.0,1.0,1.0,0.0,real,3,0.3701005025125628,0.8683417085427135,0.592462311557789,0.4443467336683417,0.29468555086992754,0.6469498560642407
F001676,0.0,0.3472361809045226,0.6666666666666666,0.7637626158259733,0.0,1.0,1.0,1.0,0.0,real,3,0.3701005025125628,0.3472361809045226,0.8768844221105527,0.6576633165829145,0.3473179338905583,0.36227320648468475
F001677,0.0,0.3472361809045226,0.3472222222222222,0.3367876570272817,0.25,1.0,1.0,1.0,0.25,real,3,0.8304020100502513,0.3472361809045226,0.2778894472361809,0.2084170854271357,0.5305809828034647,0.44793619479306074
F001678,0.1504840084734488,0.8301507537688442,0.6388888888888888,0.2545875386086578,0.0,1.0,1.0,1.0,0.0,real,3,0.3701005025125628,0.8301507537688442,0.17336683417085427,0.1300251256281407,0.21713182747910406,0.7703326620539885
F001679,0.1504840084734488,0.8301507537688442,0.6388888888888888,0.2545875386086578,0.0,1.0,1.0,1.0,0.0,real,3,0.3701005025125628,0.8301507537688442,0.17336683417085427,0.1300251256281407,0.21713182747910406,0.7703326620539885
F001680,0.0,0.3472361809045226,0.4444444444444444,0.5357583756107198,0.0,1.0,1.0,1.0,0.0,real,3,0.3701005025125628,0.3472361809045226,0.6459798994974875,0.4844849246231156,0.3045889939647989,0.3583136000353526
F001681,0.0,0.3472361809045226,0.5555555555555556,0.5357583756107197,0.25,1.0,1.0,1.0,0.25,real,3,0.8304020100502513,0.3472361809045226,0.6384422110552764,0.47883165829145735,0.6802828527057397,0.5785912761041387
F001682,0.0521012318616071,0.742713567839196,0.6944444444444444,0.6735753140545634,0.0,1.0,1.0,1.0,0.0,real,3,0.3701005025125628,0.742713567839196,0.8133165829145729,0.6099874371859296,0.3355546892755234,0.5154242790586097
F001683,0.1504840084734488,0.8301507537688442,0.6388888888888888,0.2545875386086578,0.0,1.0,1.0,1.0,0.0,real,3,0.3701005025125628,0.8301507537688442,0.17336683417085427,0.1300251256281407,0.21713182747910406,0.7703326620539885
F001684,0.0,0.3472361809045226,0.0833333333333333,0.2886751345948128,0.0,1.0,1.0,1.0,0.0,real,3,0.3701005025125628,0.3472361809045226,0.20376884422110553,0.15282663316582915,0.22275772707759908,0.3507304581955001
F001685,0.0,0.3472361809045226,0.6666666666666666,0.7637626158259733,0.0,1.0,1.0,1.0,0.0,real,3,0.3701005025125628,0.3472361809045226,0.8768844221105527,0.6576633165829145,0.3473179338905583,0.36227320648468475
F001686,0.2974642264589466,0.9216080402010052,0.6805555555555556,0.1272937693043289,0.0,1.0,1.0,1.0,0.0,real,3,0.3701005025125628,0.9216080402010052,0.04195979899497487,0.031469849246231155,0.1928149226029646,0.9042521811317897
F001687,0.0,0.3472361809045226,0.2222222222222222,0.5091750772173156,0.0,1.0,1.0,1.0,0.0,real,3,0.3701005025125628,0.3472361809045226,0.592462311557789,0.4443467336683417,0.29468555086992754,0.35739586752859775
F001688,0.0,0.3472361809045226,0.4027777777777778,0.1734721666221777,0.0,1.0,1.0,1.0,0.0,real,3,0.3701005025125628,0.3472361809045226,0.08417085427135679,0.06312814070351759,0.20062608898765183,0.34867956301608544
F001689,0.0,0.3472361809045226,0.6388888888888888,0.7515416254704823,0.25,1.0,1.0,1.0,0.25,real,3,0.8304020100502513,0.3472361809045226,0.8610552763819096,0.6457914572864322,0.7727120211610818,0.6592605458195501
F001690,0.0,0.3472361809045226,0.3888888888888889,1.0715167512214396,0.0,1.0,1.0,1.0,0.0,real,3,0.3701005025125628,0.3472361809045226,0.9834170854271357,0.7375628140703517,0.36703183000429285,0.36410005429155834
F001691,0.0,0.3472361809045226,0.3194444444444444,0.3757708127352411,0.0,1.0,1.0,1.0,0.0,real,3,0.3701005025125628,0.3472361809045226,0.3314070351758794,0.24855527638190955,0.24637720638367716,0.35291922868109393
F001692,0.0,0.3472361809045226,0.1388888888888888,0.2545875386086578,0.0,1.0,1.0,1.0,0.0,real,3,0.3701005025125628,0.3472361809045226,0.17336683417085427,0.1300251256281407,0.21713182747910406,0.3502091171940102
F001693,0.0,0.3472361809045226,0.1388888888888888,0.2545875386086578,0.0,1.0,1.0,1.0,0.0,real,3,0.3701005025125628,0.3472361809045226,0.17336683417085427,0.1300251256281407,0.21713182747910406,0.3502091171940102
F001694,0.1504840084734488,0.8301507537688442,0.6388888888888888,0.2545875386086578,0.0,1.0,1.0,1.0,0.0,real,3,0.3701005025125628,0.8301507537688442,0.17336683417085427,0.1300251256281407,0.21713182747910406,0.7703326620539885
F001695,0.0,0.3472361809045226,0.4305555555555555,0.4276334532872403,0.0,1.0,1.0,1.0,0.0,real,3,0.3701005025125628,0.3472361809045226,0.4505025125628141,0.33787688442211056,0.2684158543976162,0.3549615066538724
F001696,0.0,0.3472361809045226,0.3333333333333333,0.2886751345948129,0.0,1.0,1.0,1.0,0.0,real,3,0.3701005025125628,0.3472361809045226,0.22688442211055276,0.17016331658291456,0.22703527057397543,0.35112684970076513
F001697,0.0,0.3472361809045226,0.0555555555555555,0.1924500897298752,0.0,1.0,1.0,1.0,0.0,real,3,0.3701005025125628,0.3472361809045226,0.09321608040201006,0.06991206030150754,0.2022999103557991,0.348834672735537
F001698,0.0,0.3472361809045226,0.4305555555555555,0.9871864246620478,0.25,1.0,1.0,1.0,0.25,real,3,0.8304020100502513,0.3472361809045226,0.9590452261306532,0.7192839195979899,0.8133975467791218,0.6947695923082751
F001699,0.0,0.3472361809045226,0.5972222222222222,0.393817968854384,0.0,1.0,1.0,1.0,0.0,real,3,0.3701005025125628,0.3472361809045226,0.40251256281407033,0.3018844221105528,0.25953530213883486,0.3541385634201156
F001700,0.1485783278408043,0.8120603015075377,0.7361111111111112,0.6472877887628358,0.0,1.0,1.0,1.0,0.0,real,3,0.3701005025125628,0.8120603015075377,0.771105527638191,0.5783291457286432,0.3277435228908361,0.556462068508371
F001701,0.2224894150898172,0.8891959798994975,0.7916666666666667,0.7216878364870323,0.0,1.0,1.0,1.0,0.0,real,3,0.3701005025125628,0.8891959798994975,0.8472361809045226,0.6354271356783919,0.3418315194060756,0.5593486275599101
F001702,0.0,0.3472361809045226,0.5555555555555556,1.0183501544346312,0.25,1.0,1.0,1.0,0.25,real,3,0.8304020100502513,0.3472361809045226,0.971356783919598,0.7285175879396986,0.8185093179465165,0.6992309853286534
F001703,0.0,0.3472361809045226,0.6527777777777778,0.9292071490932072,0.25,1.0,1.0,1.0,0.25,real,3,0.8304020100502513,0.3472361809045226,0.9545226130653266,0.715891959798995,0.8115197532890583,0.6931307132395647
F001704,0.25,0.907286432160804,0.75,0.5,0.0,1.0,1.0,1.0,0.0,real,3,0.3701005025125628,0.907286432160804,0.5492462311557789,0.41193467336683415,0.2866884043332239,0.6860009216938967
F001705,0.0,0.3472361809045226,0.4861111111111111,0.2926570486903539,0.25,1.0,1.0,1.0,0.25,real,3,0.8304020100502513,0.3472361809045226,0.2608040201005025,0.1956030150753769,0.5234870962854473,0.4417448738668215
F001706,0.0,0.3472361809045226,0.625,0.6614378277661477,0.0,1.0,1.0,1.0,0.0,real,3,0.3701005025125628,0.3472361809045226,0.7871859296482412,0.5903894472361809,0.3307192053230979,0.3607350351001237
F001707,0.2224894150898172,0.8891959798994975,0.7916666666666667,0.7216878364870323,0.25,1.0,1.0,1.0,0.25,real,3,0.8304020100502513,0.8891959798994975,0.8472361809045226,0.6354271356783919,0.7669743188303325,0.8518366960430293
F001708,0.1020902318637188,0.7766331658291458,0.7083333333333334,0.6291528696058958,0.0,1.0,1.0,1.0,0.0,real,3,0.3701005025125628,0.7766331658291458,0.7339195979899498,0.5504396984924623,0.3208622572662307,0.5528614492058281
F001709,0.0,0.3472361809045226,0.25,0.5,0.5,1.0,1.0,1.0,0.5,real,3,0.9587939698492463,0.3472361809045226,0.5492462311557789,0.41193467336683415,0.7427039721219161,0.5991580389384106
F001710,0.0,0.3472361809045226,0.3888888888888889,0.6309898162000305,0.0,1.0,1.0,1.0,0.0,real,3,0.3701005025125628,0.3472361809045226,0.7530150753768844,0.5647613065326633,0.3243958801545415,0.3601490650488624
F001711,0.0,0.3472361809045226,0.625,0.6614378277661477,0.0,1.0,1.0,1.0,0.0,real,3,0.3701005025125628,0.3472361809045226,0.7871859296482412,0.5903894472361809,0.3307192053230979,0.3607350351001237
F001712,0.0,0.3472361809045226,0.2361111111111111,0.2097176232019652,0.0,1.0,1.0,1.0,0.0,real,3,0.3701005025125628,0.3472361809045226,0.10854271356783919,0.0814070351758794,0.20513610767404863,0.34909749753794095
F001713,0.0,0.3472361809045226,0.0555555555555555,0.1924500897298752,0.0,1.0,1.0,1.0,0.0,real,3,0.3701005025125628,0.3472361809045226,0.09321608040201006,0.06991206030150754,0.2022999103557991,0.348834672735537
F001714,0.0,0.3472361809045226,0.3194444444444444,0.3757708127352411,0.0,1.0,1.0,1.0,0.0,real,3,0.3701005025125628,0.3472361809045226,0.3314070351758794,0.24855527638190955,0.24637720638367716,0.35291922868109393
F001715,0.0,0.3472361809045226,0.5694444444444444,0.4276334532872403,0.0,1.0,1.0,1.0,0.0,real,3,0.3701005025125628,0.3472361809045226,0.4505025125628141,0.33787688442211056,0.2684158543976162,0.3549615066538724
F001716,0.0,0.3472361809045226,0.5416666666666666,0.3818813079129867,0.25,1.0,1.0,1.0,0.25,real,3,0.8304020100502513,0.3472361809045226,0.3608040201005025,0.2706030150753769,0.5650071967879599,0.4779823110527512
F001717,0.0,0.3472361809045226,0.25,0.5,0.0,1.0,1.0,1.0,0.0,real,3,0.3701005025125628,0.3472361809045226,0.5492462311557789,0.41193467336683415,0.2866884043332239,0.3566547877578849
F001718,0.0,0.3472361809045226,0.2777777777777778,0.0962250448649376,0.0,1.0,1.0,1.0,0.0,real,3,0.3701005025125628,0.3472361809045226,0.022110552763819097,0.016582914572864323,0.1891418146006414,0.34761533799651523
F001719,0.0,0.3472361809045226,0.375,1.0897247358851685,0.0,1.0,1.0,1.0,0.0,real,3,0.3701005025125628,0.3472361809045226,0.9899497487437185,0.7424623115577889,0.3682407009923992,0.36421207797782884
F001720,0.0,0.3472361809045226,0.5694444444444444,0.4276334532872403,0.0,1.0,1.0,1.0,0.0,real,3,0.3701005025125628,0.3472361809045226,0.4505025125628141,0.33787688442211056,0.2684158543976162,0.3549615066538724
F001721,0.125,0.7962311557788945,0.625,0.25,0.25,1.0,1.0,1.0,0.25,real,3,0.8304020100502513,0.7962311557788945,0.13618090452261306,0.10213567839195979,0.4717434534481452,0.7997212191611323
F001722,0.0334936490538903,0.7173366834170855,0.625,0.4330127018922193,0.0,1.0,1.0,1.0,0.0,real,3,0.3701005025125628,0.7173366834170855,0.4663316582914573,0.349748743718593,0.2713450417918739,0.5958912653720866
F001723,0.25,0.907286432160804,0.75,0.5,0.0,1.0,1.0,1.0,0.0,real,3,0.3701005025125628,0.907286432160804,0.5492462311557789,0.41193467336683415,0.2866884043332239,0.6860009216938967
F001724,0.0,0.3472361809045226,0.3055555555555556,0.3469443332443555,0.25,1.0,1.0,1.0,0.25,real,3,0.8304020100502513,0.3472361809045226,0.3135678391959799,0.23517587939698492,0.5453946870028535,0.46086512966844273
F001725,0.0,0.3472361809045226,0.0555555555555555,0.1924500897298752,0.0,1.0,1.0,1.0,0.0,real,3,0.3701005025125628,0.3472361809045226,0.09321608040201006,0.06991206030150754,0.2022999103557991,0.348834672735537
F001726,0.0,0.3472361809045226,0.1666666666666666,0.2886751345948128,0.0,1.0,1.0,1.0,0.0,real,3,0.3701005025125628,0.3472361809045226,0.20376884422110553,0.15282663316582915,0.22275772707759908,0.3507304581955001
F001727,0.0,0.3472361809045226,0.1111111111111111,0.3849001794597505,0.0,1.0,1.0,1.0,0.0,real,3,0.3701005025125628,0.3472361809045226,0.3763819095477387,0.282286432160804,0.25469981818640947,0.3536904686750334
F001728,0.0,0.3472361809045226,0.4722222222222222,0.8221471437193746,0.0,1.0,1.0,1.0,0.0,real,3,0.3701005025125628,0.3472361809045226,0.9118090452261306,0.6838567839195979,0.35378074417312694,0.3628721023459004
F001729,0.0,0.3472361809045226,0.4444444444444444,0.1924500897298753,0.0,1.0,1.0,1.0,0.0,real,3,0.3701005025125628,0.3472361809045226,0.10150753768844221,0.07613065326633166,0.2038342466099341,0.3489768566450342
F001730,0.0,0.3472361809045226,0.1944444444444444,0.3469443332443554,0.0,1.0,1.0,1.0,0.0,real,3,0.3701005025125628,0.3472361809045226,0.2914572864321608,0.2185929648241206,0.23898449534102673,0.3522341607535163
F001731,0.0,0.3472361809045226,0.5972222222222222,0.393817968854384,0.25,1.0,1.0,1.0,0.25,real,3,0.8304020100502513,0.3472361809045226,0.40251256281407033,0.3018844221105528,0.5823246256407666,0.4930964180197469
F001732,0.0,0.3472361809045226,0.3333333333333333,0.2886751345948129,0.0,1.0,1.0,1.0,0.0,real,3,0.3701005025125628,0.3472361809045226,0.22688442211055276,0.17016331658291456,0.22703527057397543,0.35112684970076513
F001733,0.0,0.3472361809045226,0.3333333333333333,0.7637626158259733,0.0,1.0,1.0,1.0,0.0,real,3,0.3701005025125628,0.3472361809045226,0.8768844221105527,0.6576633165829145,0.3473179338905583,0.36227320648468475
F001734,0.0,0.3472361809045226,0.4861111111111111,0.2926570486903539,0.0,1.0,1.0,1.0,0.0,real,3,0.3701005025125628,0.3472361809045226,0.2608040201005025,0.1956030150753769,0.23331210070452765,0.3517085111487083
F001735,0.0,0.3472361809045226,0.2638888888888888,0.2097176232019653,0.0,1.0,1.0,1.0,0.0,real,3,0.3701005025125628,0.3472361809045226,0.11809045226130653,0.0885678391959799,0.20690291911820408,0.34926122446402863
F001736,0.0,0.3472361809045226,0.3888888888888889,0.6309898162000305,0.0,1.0,1.0,1.0,0.0,real,3,0.3701005025125628,0.3472361809045226,0.7530150753768844,0.5647613065326633,0.3243958801545415,0.3601490650488624
F001737,0.0,0.3472361809045226,0.3194444444444444,0.3757708127352411,0.5,1.0,1.0,1.0,0.5,real,3,0.9587939698492463,0.3472361809045226,0.3314070351758794,0.24855527638190955,0.6382725183707482,0.4992420961591879
F001738,0.0,0.3472361809045226,0.3888888888888889,0.693888666488711,0.5,1.0,1.0,1.0,0.5,real,3,0.9587939698492463,0.3472361809045226,0.828894472361809,0.6216708542713567,0.8767664957955608,0.727423833994091
F001739,0.0,0.3472361809045226,0.0972222222222221,0.1734721666221776,0.0,1.0,1.0,1.0,0.0,real,3,0.3701005025125628,0.3472361809045226,0.07562814070351759,0.05672110552763819,0.19904525769551273,0.3485330705032701
F001740,0.0,0.3472361809045226,0.1388888888888888,0.2545875386086578,0.0,1.0,1.0,1.0,0.0,real,3,0.3701005025125628,0.3472361809045226,0.17336683417085427,0.1300251256281407,0.21713182747910406,0.3502091171940102
F001741,0.0,0.3472361809045226,0.25,0.5,0.0,1.0,1.0,1.0,0.0,real,3,0.3701005025125628,0.3472361809045226,0.5492462311557789,0.41193467336683415,0.2866884043332239,0.3566547877578849
F001742,0.0,0.3472361809045226,0.3333333333333333,0.2886751345948129,0.0,1.0,1.0,1.0,0.0,real,3,0.3701005025125628,0.3472361809045226,0.22688442211055276,0.17016331658291456,0.22703527057397543,0.35112684970076513
F001743,0.0,0.3472361809045226,0.4861111111111111,0.9141379262169076,0.0,1.0,1.0,1.0,0.0,real,3,0.3701005025125628,0.3472361809045226,0.9469849246231156,0.7102386934673367,0.36029004949369964,0.3634753068104341
F001744,0.0,0.3472361809045226,0.625,0.6614378277661477,0.0,1.0,1.0,1.0,0.0,real,3,0.3701005025125628,0.3472361809045226,0.7871859296482412,0.5903894472361809,0.3307192053230979,0.3607350351001237
F001745,0.2974642264589466,0.9216080402010052,0.6805555555555556,0.1272937693043289,0.0,1.0,1.0,1.0,0.0,real,3,0.3701005025125628,0.9216080402010052,0.04195979899497487,0.031469849246231155,0.1928149226029646,0.9042521811317897
F001746,0.0219364186574703,0.7055276381909548,0.6527777777777778,0.5672382737961704,0.0,1.0,1.0,1.0,0.0,real,3,0.3701005025125628,0.7055276381909548,0.6540201005025126,0.49051507537688444,0.30607683518092976,0.5409955714502159
F001747,0.0,0.3472361809045226,0.3472222222222222,0.6988747569671736,0.25,1.0,1.0,1.0,0.25,real,3,0.8304020100502513,0.3472361809045226,0.8361809045226131,0.6271356783919598,0.7623841569657331,0.6502467109416429
F001748,0.0,0.3472361809045226,0.7083333333333334,1.0103629710818451,0.0,1.0,1.0,1.0,0.0,real,3,0.3701005025125628,0.3472361809045226,0.9660804020100503,0.7245603015075377,0.3638236723820106,0.3638027606626095
F001749,0.0,0.3472361809045226,0.1944444444444444,0.3469443332443554,0.0,1.0,1.0,1.0,0.0,real,3,0.3701005025125628,0.3472361809045226,0.2914572864321608,0.2185929648241206,0.23898449534102673,0.3522341607535163
F001750,0.3222409918479341,0.9381909547738694,0.7638888888888888,0.4110735718596873,0.0,1.0,1.0,1.0,0.0,real,3,0.3701005025125628,0.9381909547738694,0.42135678391959797,0.3160175879396985,0.2630224299891417,0.7586643803186789
F001751,0.0,0.3472361809045226,0.6388888888888888,0.8552669065744807,0.0,1.0,1.0,1.0,0.0,real,3,0.3701005025125628,0.3472361809045226,0.9228643216080402,0.6921482412060301,0.355826525845307,0.36306168089189667
F001752,0.0,0.3472361809045226,0.1111111111111111,0.3849001794597505,0.0,1.0,1.0,1.0,0.0,real,3,0.3701005025125628,0.3472361809045226,0.3763819095477387,0.282286432160804,0.25469981818640947,0.3536904686750334
F001753,0.0,0.3472361809045226,0.4305555555555555,0.5912165737164656,0.0,1.0,1.0,1.0,0.0,real,3,0.3701005025125628,0.3472361809045226,0.7,0.5249999999999999,0.3145854271356784,0.35923994974874374
F001754,0.0,0.3472361809045226,0.2638888888888888,0.6472877887628358,0.0,1.0,1.0,1.0,0.0,real,3,0.3701005025125628,0.3472361809045226,0.771105527638191,0.5783291457286432,0.3277435228908361,0.36045928448776543
F001755,0.0,0.3472361809045226,0.5694444444444444,0.4276334532872403,0.0,1.0,1.0,1.0,0.0,real,3,0.3701005025125628,0.3472361809045226,0.4505025125628141,0.33787688442211056,0.2684158543976162,0.3549615066538724
F001756,0.0,0.3472361809045226,0.0972222222222221,0.1734721666221776,0.5,1.0,1.0,1.0,0.5,real,3,0.9587939698492463,0.3472361809045226,0.07562814070351759,0.05672110552763819,0.5156528875533446,0.38192441478750533
F001757,0.0,0.3472361809045226,0.3194444444444444,0.1272937693043289,0.5,1.0,1.0,1.0,0.5,real,3,0.9587939698492463,0.3472361809045226,0.04195979899497487,0.031469849246231155,0.49951238605085735,0.36648181232797145
F001758,0.3009680169468978,0.9314070351758794,0.7777777777777778,0.5091750772173156,0.0,1.0,1.0,1.0,0.0,real,3,0.3701005025125628,0.9314070351758794,0.592462311557789,0.4443467336683417,0.29468555086992754,0.6819923108002323
F001759,0.0,0.3472361809045226,0.0833333333333333,0.2886751345948128,0.0,1.0,1.0,1.0,0.0,real,3,0.3701005025125628,0.3472361809045226,0.20376884422110553,0.15282663316582915,0.22275772707759908,0.3507304581955001
F001760,0.0,0.3472361809045226,0.4305555555555555,0.9871864246620478,0.0,1.0,1.0,1.0,0.0,real,3,0.3701005025125628,0.3472361809045226,0.9590452261306532,0.7192839195979899,0.362521811317896,0.36368211976970277
F001761,0.1077083611333555,0.7869346733668342,0.5972222222222222,0.1734721666221776,0.0,1.0,1.0,1.0,0.0,real,3,0.3701005025125628,0.7869346733668342,0.07562814070351759,0.05672110552763819,0.19904525769551273,0.7632913783742835
F001762,0.3779915320718537,0.9507537688442212,0.8333333333333333,0.5773502691896258,0.0,1.0,1.0,1.0,0.0,real,3,0.3701005025125628,0.9507537688442212,0.6758793969849246,0.5069095477386935,0.3101219034872857,0.6564150842150451
F001763,0.7926638440239513,0.9989949748743718,0.9444444444444444,0.1924500897298752,0.0,1.0,1.0,1.0,0.0,real,3,0.3701005025125628,0.9989949748743718,0.09321608040201006,0.06991206030150754,0.2022999103557991,0.9550276665993283
F001764,0.0,0.3472361809045226,0.4166666666666667,0.2886751345948129,0.0,1.0,1.0,1.0,0.0,real,3,0.3701005025125628,0.3472361809045226,0.22688442211055276,0.17016331658291456,0.22703527057397543,0.35112684970076513
F001765,0.1504840084734488,0.8301507537688442,0.6388888888888888,0.2545875386086578,0.0,1.0,1.0,1.0,0.0,real,3,0.3701005025125628,0.8301507537688442,0.17336683417085427,0.1300251256281407,0.21713182747910406,0.7703326620539885
F001766,0.5074430331230867,0.977638190954774,0.7777777777777778,0.0962250448649376,0.0,1.0,1.0,1.0,0.0,real,3,0.3701005025125628,0.977638190954774,0.022110552763819097,0.016582914572864323,0.1891418146006414,0.9675634453675414
F001767,0.0,0.3472361809045226,0.5694444444444444,0.5548606765399494,0.0,1.0,1.0,1.0,0.0,real,3,0.3701005025125628,0.3472361809045226,0.650251256281407,0.48768844221105523,0.30537940961086846,0.3583868462917603
F001768,0.0,0.3472361809045226,0.25,0.5,0.0,1.0,1.0,1.0,0.0,real,3,0.3701005025125628,0.3472361809045226,0.5492462311557789,0.41193467336683415,0.2866884043332239,0.3566547877578849
F001769,0.0,0.3472361809045226,0.5,0.0,0.0,1.0,1.0,1.0,0.0,real,3,0.3701005025125628,0.3472361809045226,0.00628140703517588,0.00471105527638191,0.1862126272063837,0.347343895987475
F001770,0.0,0.3472361809045226,0.4166666666666667,0.2886751345948129,0.0,1.0,1.0,1.0,0.0,real,3,0.3701005025125628,0.3472361809045226,0.22688442211055276,0.17016331658291456,0.22703527057397543,0.35112684970076513
F001771,0.2154167222667111,0.879145728643216,0.6944444444444444,0.3469443332443555,0.0,1.0,1.0,1.0,0.0,real,3,0.3701005025125628,0.879145728643216,0.3135678391959799,0.23517587939698492,0.24307605868538676,0.7594305699351026
F001772,0.0,0.3472361809045226,0.5138888888888888,0.6142595663193329,0.0,1.0,1.0,1.0,0.0,real,3,0.3701005025125628,0.3472361809045226,0.7040201005025125,0.5280150753768844,0.3153293477437438,0.3593088874018333
F001773,0.0,0.3472361809045226,0.3888888888888889,0.3849001794597506,0.0,1.0,1.0,1.0,0.0,real,3,0.3701005025125628,0.3472361809045226,0.385929648241206,0.2894472361809045,0.2564666296305649,0.3538541956011212
F001774,0.0,0.3472361809045226,0.2361111111111111,0.2097176232019652,0.0,1.0,1.0,1.0,0.0,real,3,0.3701005025125628,0.3472361809045226,0.10854271356783919,0.0814070351758794,0.20513610767404863,0.34909749753794095
F001775,0.0,0.3472361809045226,0.3611111111111111,0.2545875386086578,0.25,1.0,1.0,1.0,0.25,real,3,0.8304020100502513,0.3472361809045226,0.17336683417085427,0.1300251256281407,0.4871830888108886,0.4100598785384207
F001776,0.2666854362923786,0.9155778894472362,0.7361111111111112,0.4110735718596873,0.0,1.0,1.0,1.0,0.0,real,3,0.3701005025125628,0.9155778894472362,0.42135678391959797,0.3160175879396985,0.2630224299891417,0.7431974413524911
F001777,0.1564584167334001,0.8437185929648241,0.7083333333333334,0.5204164998665332,0.25,1.0,1.0,1.0,0.25,real,3,0.8304020100502513,0.8437185929648241,0.6203517587939699,0.4652638190954774,0.6727716787454862,0.8375228687406884
F001778,0.4229189661767951,0.9630653266331658,0.7638888888888888,0.2097176232019653,0.0,1.0,1.0,1.0,0.0,real,3,0.3701005025125628,0.9630653266331658,0.11809045226130653,0.0885678391959799,0.20690291911820408,0.9105477134415798
F001779,0.0,0.3472361809045226,0.7222222222222222,0.9622504486493764,0.0,1.0,1.0,1.0,0.0,real,3,0.3701005025125628,0.3472361809045226,0.9560301507537688,0.7170226130653267,0.3619638708618469,0.36363041652988565
F001780,0.0,0.3472361809045226,0.3888888888888889,0.3849001794597506,0.25,1.0,1.0,1.0,0.25,real,3,0.8304020100502513,0.3472361809045226,0.385929648241206,0.2894472361809045,0.5754393828438675,0.4870871947678089
F001781,0.0,0.3472361809045226,0.2638888888888888,0.4110735718596873,0.0,1.0,1.0,1.0,0.0,real,3,0.3701005025125628,0.3472361809045226,0.42135678391959797,0.3160175879396985,0.2630224299891417,0.354461708668973
F001782,0.0,0.3472361809045226,0.25,0.5,0.0,1.0,1.0,1.0,0.0,real,3,0.3701005025125628,0.3472361809045226,0.5492462311557789,0.41193467336683415,0.2866884043332239,0.3566547877578849
F001783,0.0,0.3472361809045226,0.4583333333333333,0.1443375672974064,0.0,1.0,1.0,1.0,0.0,real,3,0.3701005025125628,0.3472361809045226,0.06155778894472362,0.04616834170854271,0.19644153556728366,0.34829178871745664
F001784,0.0,0.3472361809045226,0.625,0.9013878188659972,0.25,1.0,1.0,1.0,0.25,real,3,0.8304020100502513,0.3472361809045226,0.9449748743718593,0.7087311557788945,0.8075555225878135,0.6896708574278427
F001785,0.0,0.3472361809045226,0.5,0.5,0.0,1.0,1.0,1.0,0.0,real,3,0.3701005025125628,0.3472361809045226,0.5492462311557789,0.41193467336683415,0.2866884043332239,0.3566547877578849
F001786,0.1564584167334001,0.8437185929648241,0.7083333333333334,0.5204164998665332,0.0,1.0,1.0,1.0,0.0,real,3,0.3701005025125628,0.8437185929648241,0.6203517587939699,0.4652638190954774,0.2998465000883816,0.6233612314082977
F001787,0.3673634106212396,0.9442211055276382,0.7361111111111112,0.2097176232019653,0.0,1.0,1.0,1.0,0.0,real,3,0.3701005025125628,0.9442211055276382,0.11809045226130653,0.0885678391959799,0.20690291911820408,0.8933724842807
F001788,0.0,0.3472361809045226,0.1944444444444444,0.3469443332443554,0.5,1.0,1.0,1.0,0.5,real,3,0.9587939698492463,0.3472361809045226,0.2914572864321608,0.2185929648241206,0.6191207292745132,0.48091841115123357
F001789,0.0,0.3472361809045226,0.4722222222222222,0.5853140973807078,0.5,1.0,0.5,0.5,0.5,real,3,0.9587939698492463,0.3472361809045226,0.6964824120603015,0.26118090452261306,0.40664427665968034,0.5069633973889548
F001790,0.0,0.3472361809045226,0.6111111111111112,0.6309898162000305,0.0,1.0,1.0,1.0,0.0,real,3,0.3701005025125628,0.3472361809045226,0.7530150753768844,0.5647613065326633,0.3243958801545415,0.3601490650488624
F001791,0.0,0.3472361809045226,0.3194444444444444,0.3757708127352411,0.25,1.0,1.0,1.0,0.25,real,3,0.8304020100502513,0.3472361809045226,0.3314070351758794,0.24855527638190955,0.5528015391025479,0.46732959710613364
F001792,0.0,0.3472361809045226,0.5416666666666666,0.3818813079129867,0.5,1.0,1.0,1.0,0.5,real,3,0.9587939698492463,0.3472361809045226,0.3608040201005025,0.2706030150753769,0.6523653443094871,0.5127255624857958
F001793,0.0,0.3472361809045226,0.5694444444444444,0.4276334532872403,0.0,1.0,1.0,1.0,0.0,real,3,0.3701005025125628,0.3472361809045226,0.4505025125628141,0.33787688442211056,0.2684158543976162,0.3549615066538724
F001794,0.0,0.3472361809045226,0.4166666666666667,0.2886751345948129,0.0,1.0,1.0,1.0,0.0,real,3,0.3701005025125628,0.3472361809045226,0.22688442211055276,0.17016331658291456,0.22703527057397543,0.35112684970076513
F001795,0.0,0.3472361809045226,0.0833333333333333,0.2886751345948128,0.25,1.0,1.0,1.0,0.25,real,3,0.8304020100502513,0.3472361809045226,0.20376884422110553,0.15282663316582915,0.49980603393853695,0.42107678783364055
F001796,0.0,0.3472361809045226,0.4861111111111111,0.6142595663193329,0.0,1.0,1.0,1.0,0.0,real,3,0.3701005025125628,0.3472361809045226,0.7040201005025125,0.5280150753768844,0.3153293477437438,0.3593088874018333
F001797,0.0,0.3472361809045226,0.25,0.5,0.25,1.0,1.0,1.0,0.25,real,3,0.8304020100502513,0.3472361809045226,0.5492462311557789,0.41193467336683415,0.6432485922072675,0.546268938915684
F001798,0.0,0.3472361809045226,0.4027777777777778,0.1734721666221777,0.0,1.0,1.0,1.0,0.0,real,3,0.3701005025125628,0.3472361809045226,0.08417085427135679,0.06312814070351759,0.20062608898765183,0.34867956301608544
F001799,0.0,0.3472361809045226,0.1944444444444444,0.3469443332443554,0.0,1.0,1.0,1.0,0.0,real,3,0.3701005025125628,0.3472361809045226,0.2914572864321608,0.2185929648241206,0.23898449534102673,0.3522341607535163
F001800,0.0,0.3472361809045226,0.5972222222222222,0.393817968854384,0.0,1.0,1.0,1.0,0.0,real,3,0.3701005025125628,0.3472361809045226,0.40251256281407033,0.3018844221105528,0.25953530213883486,0.3541385634201156
F001801,0.5223290993692602,0.978643216080402,0.8333333333333333,0.2886751345948128,0.25,1.0,1.0,1.0,0.25,real,3,0.8304020100502513,0.978643216080402,0.20376884422110553,0.15282663316582915,0.49980603393853695,0.955988011666372
F001802,0.0,0.3472361809045226,0.1111111111111111,0.3849001794597505,0.5,1.0,1.0,1.0,0.5,real,3,0.9587939698492463,0.3472361809045226,0.3763819095477387,0.282286432160804,0.6598333375419813,0.5198706472058786
F001803,0.0521012318616071,0.742713567839196,0.6944444444444444,0.6735753140545634,0.5,1.0,1.0,1.0,0.5,real,3,0.9587939698492463,0.742713567839196,0.8133165829145729,0.6099874371859296,0.8692985025630666,0.874519898487412
F001804,0.2224894150898172,0.8891959798994975,0.7916666666666667,0.7216878364870323,0.0,1.0,1.0,1.0,0.0,real,3,0.3701005025125628,0.8891959798994975,0.8472361809045226,0.6354271356783919,0.3418315194060756,0.5593486275599101
F001805,0.0,0.3472361809045226,0.2638888888888888,0.2097176232019653,0.0,1.0,1.0,1.0,0.0,real,3,0.3701005025125628,0.3472361809045226,0.11809045226130653,0.0885678391959799,0.20690291911820408,0.34926122446402863
F001806,0.0,0.3472361809045226,0.4861111111111111,0.9141379262169076,0.0,1.0,1.0,1.0,0.0,real,3,0.3701005025125628,0.3472361809045226,0.9469849246231156,0.7102386934673367,0.36029004949369964,0.3634753068104341
F001807,0.0,0.3472361809045226,0.4166666666666667,1.0408329997330663,0.0,1.0,1.0,1.0,0.0,real,3,0.3701005025125628,0.3472361809045226,0.978140703517588,0.733605527638191,0.36605543420620695,0.36400957362187825
F001808,0.0,0.3472361809045226,0.5,0.0,0.75,1.0,1.0,1.0,0.75,real,3,0.9987437185929648,0.3472361809045226,0.00628140703517588,0.00471105527638191,0.5025086172066363,0.35030546892755227
F001809,0.3222409918479341,0.9381909547738694,0.7638888888888888,0.4110735718596873,0.0,1.0,1.0,1.0,0.0,real,3,0.3701005025125628,0.9381909547738694,0.42135678391959797,0.3160175879396985,0.2630224299891417,0.7586643803186789
F001810,0.0,0.3472361809045226,0.3055555555555556,0.3469443332443555,0.0,1.0,1.0,1.0,0.0,real,3,0.3701005025125628,0.3472361809045226,0.3135678391959799,0.23517587939698492,0.24307605868538676,0.352613317845509
F001811,0.2154167222667111,0.879145728643216,0.6944444444444444,0.3469443332443555,0.25,1.0,1.0,1.0,0.25,real,3,0.8304020100502513,0.879145728643216,0.3135678391959799,0.23517587939698492,0.5453946870028535,0.8676823817580364
F001812,0.0,0.3472361809045226,0.4166666666666667,1.0408329997330663,0.0,1.0,1.0,1.0,0.0,real,3,0.3701005025125628,0.3472361809045226,0.978140703517588,0.733605527638191,0.36605543420620695,0.36400957362187825
F001813,0.0,0.3472361809045226,0.6111111111111112,0.4811252243246882,0.0,1.0,1.0,1.0,0.0,real,3,0.3701005025125628,0.3472361809045226,0.4979899497487437,0.3734924623115578,0.2772034165803894,0.3557758326809929
F001814,0.0,0.3472361809045226,0.4444444444444444,1.0183501544346312,0.0,1.0,1.0,1.0,0.0,real,3,0.3701005025125628,0.3472361809045226,0.971356783919598,0.7285175879396986,0.36480006818009647,0.3638932413322896
F001815,0.0,0.3472361809045226,0.5972222222222222,0.393817968854384,0.5,1.0,1.0,1.0,0.5,real,3,0.9587939698492463,0.3472361809045226,0.40251256281407033,0.3018844221105528,0.6723602939319714,0.5318559506073078
F001816,0.0,0.3472361809045226,0.6388888888888888,0.7515416254704823,0.0,1.0,1.0,1.0,0.0,real,3,0.3701005025125628,0.3472361809045226,0.8610552763819096,0.6457914572864322,0.34438874649630064,0.3620017644756445
F001817,0.1564584167334001,0.8437185929648241,0.7083333333333334,0.5204164998665332,0.0,1.0,1.0,1.0,0.0,real,3,0.3701005025125628,0.8437185929648241,0.6203517587939699,0.4652638190954774,0.2998465000883816,0.6233612314082977
F001818,0.0,0.3472361809045226,0.3472222222222222,0.488288773090193,0.0,1.0,1.0,1.0,0.0,real,3,0.3701005025125628,0.3472361809045226,0.514070351758794,0.38555276381909553,0.2801790990126512,0.3560515832933512
F001819,0.0,0.3472361809045226,0.4444444444444444,0.1924500897298753,0.0,1.0,1.0,1.0,0.0,real,3,0.3701005025125628,0.3472361809045226,0.10150753768844221,0.07613065326633166,0.2038342466099341,0.3489768566450342
F001820,0.0,0.3472361809045226,0.625,0.6614378277661477,0.0,1.0,1.0,1.0,0.0,real,3,0.3701005025125628,0.3472361809045226,0.7871859296482412,0.5903894472361809,0.3307192053230979,0.3607350351001237
F001821,0.0,0.3472361809045226,0.1388888888888888,0.2545875386086578,0.25,1.0,1.0,1.0,0.25,real,3,0.8304020100502513,0.3472361809045226,0.17336683417085427,0.1300251256281407,0.4871830888108886,0.4100598785384207
F001822,0.0,0.3472361809045226,0.1111111111111111,0.3849001794597505,0.0,1.0,1.0,1.0,0.0,real,3,0.3701005025125628,0.3472361809045226,0.3763819095477387,0.282286432160804,0.25469981818640947,0.3536904686750334
F001823,0.0,0.3472361809045226,0.3611111111111111,0.2545875386086578,0.25,1.0,1.0,1.0,0.25,real,3,0.8304020100502513,0.3472361809045226,0.17336683417085427,0.1300251256281407,0.4871830888108886,0.4100598785384207
F001824,0.0,0.3472361809045226,0.5972222222222222,0.7561476438231223,0.0,1.0,1.0,1.0,0.0,real,3,0.3701005025125628,0.3472361809045226,0.8706030150753769,0.6529522613065326,0.34615555794045605,0.36216549140173226
F001825,0.0,0.3472361809045226,0.0833333333333333,0.2886751345948128,0.0,1.0,1.0,1.0,0.0,real,3,0.3701005025125628,0.3472361809045226,0.20376884422110553,0.15282663316582915,0.22275772707759908,0.3507304581955001
F001826,0.0,0.3472361809045226,0.3333333333333333,1.1547005383792517,0.0,1.0,1.0,1.0,0.0,real,3,0.3701005025125628,0.3472361809045226,0.9977386934673367,0.7483040201005025,0.369682047170526,0.36434564468068986
F001827,0.0,0.3472361809045226,0.3194444444444444,0.6254627916220946,0.0,1.0,1.0,1.0,0.0,real,3,0.3701005025125628,0.3472361809045226,0.714824120603015,0.5361180904522613,0.31732863437791975,0.3594941573445115
F001828,0.0,0.3472361809045226,0.5694444444444444,0.5912165737164656,0.0,1.0,1.0,1.0,0.0,real,3,0.3701005025125628,0.3472361809045226,0.7,0.5249999999999999,0.3145854271356784,0.35923994974874374
F001829,0.0,0.3472361809045226,0.3888888888888889,0.6309898162000305,0.0,1.0,1.0,1.0,0.0,real,3,0.3701005025125628,0.3472361809045226,0.7530150753768844,0.5647613065326633,0.3243958801545415,0.3601490650488624
F001830,0.0,0.3472361809045226,0.4166666666666667,0.2886751345948129,0.0,1.0,1.0,1.0,0.0,real,3,0.3701005025125628,0.3472361809045226,0.22688442211055276,0.17016331658291456,0.22703527057397543,0.35112684970076513
F001831,0.3009680169468978,0.9314070351758794,0.7777777777777778,0.5091750772173156,0.0,1.0,1.0,1.0,0.0,real,3,0.3701005025125628,0.9314070351758794,0.592462311557789,0.4443467336683417,0.29468555086992754,0.6819923108002323
F001832,0.2974642264589466,0.9216080402010052,0.6805555555555556,0.1272937693043289,0.0,1.0,1.0,1.0,0.0,real,3,0.3701005025125628,0.9216080402010052,0.04195979899497487,0.031469849246231155,0.1928149226029646,0.9042521811317897
F001833,0.0,0.3472361809045226,0.5138888888888888,0.4589642122738418,0.25,1.0,1.0,1.0,0.25,real,3,0.8304020100502513,0.3472361809045226,0.47412060301507536,0.35559045226130653,0.6120563559001035,0.5190453366076615
F001834,0.0669872981077807,0.7638190954773869,0.75,0.8660254037844386,0.0,1.0,1.0,1.0,0.0,real,3,0.3701005025125628,0.7638190954773869,0.9336683417085427,0.700251256281407,0.35782581247948286,0.4881171561324209
F001835,0.0,0.3472361809045226,0.6111111111111112,0.6309898162000305,0.0,1.0,1.0,1.0,0.0,real,3,0.3701005025125628,0.3472361809045226,0.7530150753768844,0.5647613065326633,0.3243958801545415,0.3601490650488624
F001836,0.0,0.3472361809045226,0.3888888888888889,0.6309898162000305,0.0,1.0,1.0,1.0,0.0,real,3,0.3701005025125628,0.3472361809045226,0.7530150753768844,0.5647613065326633,0.3243958801545415,0.3601490650488624
F001837,0.0,0.3472361809045226,0.2916666666666666,0.5204164998665332,0.0,1.0,1.0,1.0,0.0,real,3,0.3701005025125628,0.3472361809045226,0.6203517587939699,0.4652638190954774,0.2998465000883816,0.35787412249690664
F001838,0.0,0.3472361809045226,0.0972222222222221,0.1734721666221776,0.25,1.0,1.0,1.0,0.25,real,3,0.8304020100502513,0.3472361809045226,0.07562814070351759,0.05672110552763819,0.44660188505340775,0.37464188088684625
F001839,0.0,0.3472361809045226,0.1388888888888888,0.2545875386086578,0.0,1.0,1.0,1.0,0.0,real,3,0.3701005025125628,0.3472361809045226,0.17336683417085427,0.1300251256281407,0.21713182747910406,0.3502091171940102
F001840,0.2224894150898172,0.8891959798994975,0.7916666666666667,0.7216878364870323,0.0,1.0,1.0,1.0,0.0,real,3,0.3701005025125628,0.8891959798994975,0.8472361809045226,0.6354271356783919,0.3418315194060756,0.5593486275599101
F001841,0.0,0.3472361809045226,0.3611111111111111,0.2545875386086578,0.0,1.0,1.0,1.0,0.0,real,3,0.3701005025125628,0.3472361809045226,0.17336683417085427,0.1300251256281407,0.21713182747910406,0.3502091171940102
F001842,0.0,0.3472361809045226,0.1944444444444444,0.3469443332443554,0.25,1.0,1.0,1.0,0.25,real,3,0.8304020100502513,0.3472361809045226,0.2914572864321608,0.2185929648241206,0.5362143632736547,0.4528528319991919
F001843,0.0,0.3472361809045226,0.4027777777777778,0.393817968854384,0.0,1.0,1.0,1.0,0.0,real,3,0.3701005025125628,0.3472361809045226,0.40251256281407033,0.3018844221105528,0.25953530213883486,0.3541385634201156
F001844,0.3963319220119756,0.9587939698492464,0.7222222222222222,0.0962250448649376,0.25,1.0,1.0,1.0,0.25,real,3,0.8304020100502513,0.9587939698492464,0.022110552763819097,0.016582914572864323,0.4243813287543244,0.956664856948057
F001845,0.1020902318637188,0.7766331658291458,0.7083333333333334,0.6291528696058958,0.0,1.0,1.0,1.0,0.0,real,3,0.3701005025125628,0.7766331658291458,0.7339195979899498,0.5504396984924623,0.3208622572662307,0.5528614492058281
F001846,0.0,0.3472361809045226,0.4027777777777778,0.393817968854384,0.25,1.0,1.0,1.0,0.25,real,3,0.8304020100502513,0.3472361809045226,0.40251256281407033,0.3018844221105528,0.5823246256407666,0.4930964180197469
F001847,0.0,0.3472361809045226,0.1111111111111111,0.3849001794597505,0.25,1.0,1.0,1.0,0.25,real,3,0.8304020100502513,0.3472361809045226,0.3763819095477387,0.282286432160804,0.5714751521426227,0.4836273389560869
F001848,0.0,0.3472361809045226,0.5694444444444444,0.9871864246620478,0.25,1.0,1.0,1.0,0.25,real,3,0.8304020100502513,0.3472361809045226,0.9590452261306532,0.7192839195979899,0.8133975467791218,0.6947695923082751
F001849,0.0,0.3472361809045226,0.2777777777777778,0.5091750772173156,0.0,1.0,1.0,1.0,0.0,real,3,0.3701005025125628,0.3472361809045226,0.592462311557789,0.4443467336683417,0.29468555086992754,0.35739586752859775
F001850,0.0,0.3472361809045226,0.2638888888888888,0.4110735718596873,0.0,1.0,1.0,1.0,0.0,real,3,0.3701005025125628,0.3472361809045226,0.42135678391959797,0.3160175879396985,0.2630224299891417,0.354461708668973
F001851,0.0,0.3472361809045226,0.3055555555555556,0.3469443332443555,0.0,1.0,1.0,1.0,0.0,real,3,0.3701005025125628,0.3472361809045226,0.3135678391959799,0.23517587939698492,0.24307605868538676,0.352613317845509
F001852,0.0,0.3472361809045226,0.2638888888888888,0.7087417123429485,0.0,1.0,1.0,1.0,0.0,real,3,0.3701005025125628,0.3472361809045226,0.8389447236180905,0.6292085427135679,0.34029718315194063,0.36162260738365193
F001853,0.0,0.3472361809045226,0.3333333333333333,1.1547005383792517,0.25,1.0,1.0,1.0,0.25,real,3,0.8304020100502513,0.3472361809045226,0.9977386934673367,0.7483040201005025,0.8294631133052196,0.7087911132294639
F001854,0.0,0.3472361809045226,0.6388888888888888,0.7515416254704823,0.5,1.0,1.0,1.0,0.5,real,3,0.9587939698492463,0.3472361809045226,0.8610552763819096,0.6457914572864322,0.8921842882755487,0.742174976642004
F001855,0.0,0.3472361809045226,0.4861111111111111,0.2926570486903539,0.0,1.0,1.0,1.0,0.0,real,3,0.3701005025125628,0.3472361809045226,0.2608040201005025,0.1956030150753769,0.23331210070452765,0.3517085111487083
F001856,0.0,0.3472361809045226,0.1666666666666666,0.2886751345948128,0.0,1.0,1.0,1.0,0.0,real,3,0.3701005025125628,0.3472361809045226,0.20376884422110553,0.15282663316582915,0.22275772707759908,0.3507304581955001
F001857,0.125,0.7962311557788945,0.625,0.25,0.0,1.0,1.0,1.0,0.0,real,3,0.3701005025125628,0.7962311557788945,0.13618090452261306,0.10213567839195979,0.2102505618544986,0.7527080124239286
F001858,0.1889957660359268,0.8582914572864322,0.6666666666666666,0.2886751345948129,0.0,1.0,1.0,1.0,0.0,real,3,0.3701005025125628,0.8582914572864322,0.22688442211055276,0.17016331658291456,0.22703527057397543,0.7752192652963309
F001859,0.0,0.3472361809045226,0.2222222222222222,0.769800358919501,0.0,1.0,1.0,1.0,0.0,real,3,0.3701005025125628,0.3472361809045226,0.8879396984924623,0.6659547738693468,0.3493637155627383,0.362462785030681
F001860,0.0,0.3472361809045226,0.3333333333333333,0.5773502691896258,0.0,1.0,1.0,1.0,0.0,real,3,0.3701005025125628,0.3472361809045226,0.6758793969849246,0.5069095477386935,0.3101219034872857,0.3588263238302063
F001861,0.0,0.3472361809045226,0.4305555555555555,0.4738533919231106,0.0,1.0,1.0,1.0,0.0,real,3,0.3701005025125628,0.3472361809045226,0.48391959798994977,0.3629396984924623,0.2745996944521603,0.3555345508951794
F001862,0.0,0.3472361809045226,0.3055555555555556,0.3469443332443555,0.5,1.0,1.0,1.0,0.5,real,3,0.9587939698492463,0.3472361809045226,0.3135678391959799,0.23517587939698492,0.629720461604505,0.49105982172167373
F001863,0.0,0.3472361809045226,0.5,0.5,0.5,1.0,1.0,1.0,0.5,real,3,0.9587939698492463,0.3472361809045226,0.5492462311557789,0.41193467336683415,0.7427039721219161,0.5991580389384106
F001864,0.0,0.3472361809045226,0.3333333333333333,1.1547005383792517,0.5,1.0,1.0,1.0,0.5,real,3,0.9587939698492463,0.3472361809045226,0.9977386934673367,0.7483040201005025,0.9577099063154971,0.804867332895634
F001865,0.0,0.3472361809045226,0.4166666666666667,0.7637626158259734,0.25,1.0,1.0,1.0,0.25,real,3,0.8304020100502513,0.3472361809045226,0.8836683417085427,0.6627512562814071,0.7821009886113988,0.667454941163102
F001866,0.0,0.3472361809045226,0.4722222222222222,0.4194352464039305,0.0,1.0,1.0,1.0,0.0,real,3,0.3701005025125628,0.3472361809045226,0.43366834170854274,0.32525125628140705,0.26530068685134217,0.35467283023155977
F001867,0.0,0.3472361809045226,0.4166666666666667,0.2886751345948129,0.25,1.0,1.0,1.0,0.25,real,3,0.8304020100502513,0.3472361809045226,0.22688442211055276,0.17016331658291456,0.509403645109972,0.4294532808514936
F001868,0.0,0.3472361809045226,0.3333333333333333,1.1547005383792517,0.25,1.0,1.0,1.0,0.25,real,3,0.8304020100502513,0.3472361809045226,0.9977386934673367,0.7483040201005025,0.8294631133052196,0.7087911132294639
F001869,0.1485783278408043,0.8120603015075377,0.7361111111111112,0.6472877887628358,0.25,1.0,1.0,1.0,0.25,real,3,0.8304020100502513,0.8120603015075377,0.771105527638191,0.5783291457286432,0.7353647950809322,0.822667846140249
F001870,0.0,0.3472361809045226,0.1666666666666666,0.5773502691896258,0.0,1.0,1.0,1.0,0.0,real,3,0.3701005025125628,0.3472361809045226,0.6758793969849246,0.5069095477386935,0.3101219034872857,0.3588263238302063
F001871,0.0,0.3472361809045226,0.1944444444444444,0.3469443332443554,0.0,1.0,1.0,1.0,0.0,real,3,0.3701005025125628,0.3472361809045226,0.2914572864321608,0.2185929648241206,0.23898449534102673,0.3522341607535163
F001872,0.1898569058357866,0.8683417085427135,0.7222222222222222,0.5091750772173156,0.0,1.0,1.0,1.0,0.0,real,3,0.3701005025125628,0.8683417085427135,0.592462311557789,0.4443467336683417,0.29468555086992754,0.6469498560642407
F001873,0.0,0.3472361809045226,0.5138888888888888,0.6142595663193329,0.0,1.0,1.0,1.0,0.0,real,3,0.3701005025125628,0.3472361809045226,0.7040201005025125,0.5280150753768844,0.3153293477437438,0.3593088874018333
F001874,0.0,0.3472361809045226,0.4861111111111111,0.2926570486903539,0.0,1.0,1.0,1.0,0.0,real,3,0.3701005025125628,0.3472361809045226,0.2608040201005025,0.1956030150753769,0.23331210070452765,0.3517085111487083
F001875,0.1898569058357866,0.8683417085427135,0.7222222222222222,0.5091750772173156,0.0,1.0,1.0,1.0,0.0,real,3,0.3701005025125628,0.8683417085427135,0.592462311557789,0.4443467336683417,0.29468555086992754,0.6469498560642407
F001876,0.0,0.3472361809045226,0.3055555555555556,0.3469443332443555,0.0,1.0,1.0,1.0,0.0,real,3,0.3701005025125628,0.3472361809045226,0.3135678391959799,0.23517587939698492,0.24307605868538676,0.352613317845509
F001877,0.0,0.3472361809045226,0.2222222222222222,0.5091750772173156,0.25,1.0,1.0,1.0,0.25,real,3,0.8304020100502513,0.3472361809045226,0.592462311557789,0.4443467336683417,0.6611919522234287,0.5619293389055832
F001878,0.0,0.3472361809045226,0.3194444444444444,0.3757708127352411,0.25,1.0,1.0,1.0,0.25,real,3,0.8304020100502513,0.3472361809045226,0.3314070351758794,0.24855527638190955,0.5528015391025479,0.46732959710613364
F001879,0.0,0.3472361809045226,0.0,0.0,0.0,1.0,1.0,1.0,0.0,real,3,0.3701005025125628,0.3472361809045226,0.00628140703517588,0.00471105527638191,0.1862126272063837,0.347343895987475
F001880,0.0,0.3472361809045226,0.2222222222222222,0.5091750772173156,0.0,1.0,1.0,1.0,0.0,real,3,0.3701005025125628,0.3472361809045226,0.592462311557789,0.4443467336683417,0.29468555086992754,0.35739586752859775
F001881,0.0,0.3472361809045226,0.3194444444444444,0.3757708127352411,0.5,1.0,1.0,1.0,0.5,real,3,0.9587939698492463,0.3472361809045226,0.3314070351758794,0.24855527638190955,0.6382725183707482,0.4992420961591879
F001882,0.0,0.3472361809045226,0.3611111111111111,0.7515416254704824,0.0,1.0,1.0,1.0,0.0,real,3,0.3701005025125628,0.3472361809045226,0.8670854271356784,0.6503140703517588,0.34550462740839877,0.3621051709552789
F001883,0.0,0.3472361809045226,0.5277777777777778,0.8221471437193746,0.0,1.0,1.0,1.0,0.0,real,3,0.3701005025125628,0.3472361809045226,0.9118090452261306,0.6838567839195979,0.35378074417312694,0.3628721023459004
F001884,0.0,0.3472361809045226,0.375,1.0897247358851685,0.5,1.0,1.0,1.0,0.5,real,3,0.9587939698492463,0.3472361809045226,0.9899497487437185,0.7424623115577889,0.9539759096992501,0.8012947905355925
F001885,0.2224894150898172,0.8891959798994975,0.7916666666666667,0.7216878364870323,0.0,1.0,1.0,1.0,0.0,real,3,0.3701005025125628,0.8891959798994975,0.8472361809045226,0.6354271356783919,0.3418315194060756,0.5593486275599101
F001886,0.0,0.3472361809045226,0.3611111111111111,0.2545875386086578,0.0,1.0,1.0,1.0,0.0,real,3,0.3701005025125628,0.3472361809045226,0.17336683417085427,0.1300251256281407,0.21713182747910406,0.3502091171940102
F001887,0.5260506159308034,0.9814070351758792,0.8472222222222221,0.3367876570272817,0.25,1.0,1.0,1.0,0.25,real,3,0.8304020100502513,0.9814070351758792,0.2778894472361809,0.2084170854271357,0.5305809828034647,0.9499350079543445
F001888,0.0,0.3472361809045226,0.4166666666666667,1.0408329997330663,0.0,1.0,1.0,1.0,0.0,real,3,0.3701005025125628,0.3472361809045226,0.978140703517588,0.733605527638191,0.36605543420620695,0.36400957362187825
F001889,0.1732257047434905,0.8535175879396985,0.6805555555555556,0.3757708127352412,0.5,1.0,1.0,1.0,0.5,real,3,0.9587939698492463,0.8535175879396985,0.3394472361809045,0.2545854271356784,0.6421269664907452,0.8803194205954394
F001890,0.2154167222667111,0.879145728643216,0.6944444444444444,0.3469443332443555,0.0,1.0,1.0,1.0,0.0,real,3,0.3701005025125628,0.879145728643216,0.3135678391959799,0.23517587939698492,0.24307605868538676,0.7594305699351026
F001891,0.2257260127101733,0.8974874371859296,0.7083333333333334,0.3818813079129866,0.25,1.0,1.0,1.0,0.25,real,3,0.8304020100502513,0.8974874371859296,0.34723618090452263,0.260427135678392,0.5593738163177697,0.8800165715512234
F001892,0.0,0.3472361809045226,0.0,0.0,0.0,1.0,1.0,1.0,0.0,real,3,0.3701005025125628,0.3472361809045226,0.00628140703517588,0.00471105527638191,0.1862126272063837,0.347343895987475
F001893,0.0,0.3472361809045226,0.3888888888888889,0.4811252243246881,0.0,1.0,1.0,1.0,0.0,real,3,0.3701005025125628,0.3472361809045226,0.49271356783919595,0.369535175879397,0.27622702078230343,0.3556853520113128
F001894,0.0,0.3472361809045226,0.5694444444444444,0.4276334532872403,0.25,1.0,1.0,1.0,0.25,real,3,0.8304020100502513,0.3472361809045226,0.4505025125628141,0.33787688442211056,0.6022501010075504,0.5104867459155071
F001895,0.1504840084734488,0.8301507537688442,0.6388888888888888,0.2545875386086578,0.25,1.0,1.0,1.0,0.25,real,3,0.8304020100502513,0.8301507537688442,0.17336683417085427,0.1300251256281407,0.4871830888108886,0.830183423398399
F001896,0.0,0.3472361809045226,0.3472222222222222,0.9292071490932072,0.0,1.0,1.0,1.0,0.0,real,3,0.3701005025125628,0.3472361809045226,0.9545226130653266,0.715891959798995,0.36168490063382236,0.36360456490997706
F001897,0.0,0.3472361809045226,0.2916666666666666,0.3818813079129866,0.0,1.0,1.0,1.0,0.0,real,3,0.3701005025125628,0.3472361809045226,0.34723618090452263,0.260427135678392,0.2493063937779349,0.35319067069013405
F001898,0.0,0.3472361809045226,0.4444444444444444,0.5357583756107198,0.0,1.0,1.0,1.0,0.0,real,3,0.3701005025125628,0.3472361809045226,0.6459798994974875,0.4844849246231156,0.3045889939647989,0.3583136000353526
F001899,0.0219364186574703,0.7055276381909548,0.6527777777777778,0.5672382737961704,0.0,1.0,1.0,1.0,0.0,real,3,0.3701005025125628,0.7055276381909548,0.6540201005025126,0.49051507537688444,0.30607683518092976,0.5409955714502159
F001900,0.0,0.3472361809045226,0.625,0.6614378277661477,0.0,1.0,1.0,1.0,0.0,real,3,0.3701005025125628,0.3472361809045226,0.7871859296482412,0.5903894472361809,0.3307192053230979,0.3607350351001237
F001901,0.0,0.3472361809045226,0.6666666666666666,0.7637626158259733,0.0,1.0,1.0,1.0,0.0,real,3,0.3701005025125628,0.3472361809045226,0.8768844221105527,0.6576633165829145,0.3473179338905583,0.36227320648468475
F001902,0.2257260127101733,0.8974874371859296,0.7083333333333334,0.3818813079129866,0.0,1.0,1.0,1.0,0.0,real,3,0.3701005025125628,0.8974874371859296,0.34723618090452263,0.260427135678392,0.2493063937779349,0.7601415683947375
F001903,0.1178513660507478,0.7894472361809045,0.736111111111111,0.7087417123429486,0.0,1.0,1.0,1.0,0.0,real,3,0.3701005025125628,0.7894472361809045,0.8402010050251256,0.6301507537688442,0.3405296583419611,0.5251955758692962
F001904,0.0,0.3472361809045226,0.5416666666666666,0.3818813079129867,0.0,1.0,1.0,1.0,0.0,real,3,0.3701005025125628,0.3472361809045226,0.3608040201005025,0.2706030150753769,0.2518171258301558,0.35342333526931136
F001905,0.0,0.3472361809045226,0.3055555555555556,0.6735753140545634,0.0,1.0,1.0,1.0,0.0,real,3,0.3701005025125628,0.3472361809045226,0.8133165829145729,0.6099874371859296,0.3355546892755234,0.36118312984520595
F001906,0.0,0.3472361809045226,0.6388888888888888,0.8552669065744807,0.0,1.0,1.0,1.0,0.0,real,3,0.3701005025125628,0.3472361809045226,0.9228643216080402,0.6921482412060301,0.355826525845307,0.36306168089189667
F001907,0.125,0.7962311557788945,0.625,0.25,0.0,1.0,1.0,1.0,0.0,real,3,0.3701005025125628,0.7962311557788945,0.13618090452261306,0.10213567839195979,0.2102505618544986,0.7527080124239286
F001908,0.0,0.3472361809045226,0.1944444444444444,0.3469443332443554,0.5,1.0,1.0,1.0,0.5,real,3,0.9587939698492463,0.3472361809045226,0.2914572864321608,0.2185929648241206,0.6191207292745132,0.48091841115123357
F001909,0.0,0.3472361809045226,0.1111111111111111,0.3849001794597505,0.25,1.0,1.0,1.0,0.25,real,3,0.8304020100502513,0.3472361809045226,0.3763819095477387,0.282286432160804,0.5714751521426227,0.4836273389560869
F001910,0.0,0.3472361809045226,0.375,0.25,0.25,1.0,1.0,1.0,0.25,real,3,0.8304020100502513,0.3472361809045226,0.13618090452261306,0.10213567839195979,0.4717434534481452,0.3965846506401353
F001911,0.1504840084734488,0.8301507537688442,0.6388888888888888,0.2545875386086578,0.5,1.0,1.0,1.0,0.5,real,3,0.9587939698492463,0.8301507537688442,0.17336683417085427,0.1300251256281407,0.5625085225120579,0.8468776041009065
F001912,0.0,0.3472361809045226,0.5,0.5,0.25,1.0,1.0,1.0,0.25,real,3,0.8304020100502513,0.3472361809045226,0.5492462311557789,0.41193467336683415,0.6432485922072675,0.546268938915684
F001913,0.0,0.3472361809045226,0.5972222222222222,0.393817968854384,0.0,1.0,1.0,1.0,0.0,real,3,0.3701005025125628,0.3472361809045226,0.40251256281407033,0.3018844221105528,0.25953530213883486,0.3541385634201156
F001914,0.1504840084734488,0.8301507537688442,0.6388888888888888,0.2545875386086578,0.0,1.0,1.0,1.0,0.0,real,3,0.3701005025125628,0.8301507537688442,0.17336683417085427,0.1300251256281407,0.21713182747910406,0.7703326620539885
F001915,0.0,0.3472361809045226,0.375,1.0897247358851685,0.0,1.0,1.0,1.0,0.0,real,3,0.3701005025125628,0.3472361809045226,0.9899497487437185,0.7424623115577889,0.3682407009923992,0.36421207797782884
F001916,0.2257260127101733,0.8974874371859296,0.7083333333333334,0.3818813079129866,0.0,1.0,1.0,1.0,0.0,real,3,0.3701005025125628,0.8974874371859296,0.34723618090452263,0.260427135678392,0.2493063937779349,0.7601415683947375
F001917,0.5949284529178934,0.992211055276382,0.8611111111111112,0.2545875386086578,0.0,1.0,1.0,1.0,0.0,real,3,0.3701005025125628,0.992211055276382,0.17336683417085427,0.1300251256281407,0.21713182747910406,0.9113210524986743
F001918,0.0,0.3472361809045226,0.3888888888888889,0.6309898162000305,0.25,1.0,1.0,1.0,0.25,real,3,0.8304020100502513,0.3472361809045226,0.7530150753768844,0.5647613065326633,0.7278536211206788,0.6201095458448018
F001919,0.0,0.3472361809045226,0.4444444444444444,0.5357583756107198,0.0,1.0,1.0,1.0,0.0,real,3,0.3701005025125628,0.3472361809045226,0.6459798994974875,0.4844849246231156,0.3045889939647989,0.3583136000353526
F001920,0.0,0.3472361809045226,0.1388888888888888,0.2545875386086578,0.0,1.0,1.0,1.0,0.0,real,3,0.3701005025125628,0.3472361809045226,0.17336683417085427,0.1300251256281407,0.21713182747910406,0.3502091171940102
F001921,0.0,0.3472361809045226,0.3888888888888889,0.6309898162000305,0.0,1.0,1.0,1.0,0.0,real,3,0.3701005025125628,0.3472361809045226,0.7530150753768844,0.5647613065326633,0.3243958801545415,0.3601490650488624
F001922,0.0,0.3472361809045226,0.1944444444444444,0.3469443332443554,0.5,1.0,1.0,1.0,0.5,real,3,0.9587939698492463,0.3472361809045226,0.2914572864321608,0.2185929648241206,0.6191207292745132,0.48091841115123357
F001923,0.0,0.3472361809045226,0.5972222222222222,0.393817968854384,0.25,1.0,1.0,1.0,0.25,real,3,0.8304020100502513,0.3472361809045226,0.40251256281407033,0.3018844221105528,0.5823246256407666,0.4930964180197469
F001924,0.1371617270419147,0.8030150753768844,0.6527777777777778,0.3367876570272817,0.0,1.0,1.0,1.0,0.0,real,3,0.3701005025125628,0.8030150753768844,0.2778894472361809,0.2084170854271357,0.23647376328880587,0.7127882818615692
F001925,0.0,0.3472361809045226,0.5555555555555556,1.0183501544346312,0.25,1.0,1.0,1.0,0.25,real,3,0.8304020100502513,0.3472361809045226,0.971356783919598,0.7285175879396986,0.8185093179465165,0.6992309853286534
F001926,0.4376389444889332,0.9698492462311558,0.8055555555555556,0.3469443332443555,0.5,1.0,1.0,1.0,0.5,real,3,0.9587939698492463,0.9698492462311558,0.3135678391959799,0.23517587939698492,0.629720461604505,0.9672493118860636
F001927,0.0,0.3472361809045226,0.2222222222222222,0.5091750772173156,0.0,1.0,1.0,1.0,0.0,real,3,0.3701005025125628,0.3472361809045226,0.592462311557789,0.4443467336683417,0.29468555086992754,0.35739586752859775
F001928,0.0,0.3472361809045226,0.5694444444444444,0.4276334532872403,0.0,1.0,1.0,1.0,0.0,real,3,0.3701005025125628,0.3472361809045226,0.4505025125628141,0.33787688442211056,0.2684158543976162,0.3549615066538724
F001929,0.0,0.3472361809045226,0.3611111111111111,0.2545875386086578,0.25,1.0,1.0,1.0,0.25,real,3,0.8304020100502513,0.3472361809045226,0.17336683417085427,0.1300251256281407,0.4871830888108886,0.4100598785384207
F001930,0.0,0.3472361809045226,0.625,0.6614378277661477,0.0,1.0,1.0,1.0,0.0,real,3,0.3701005025125628,0.3472361809045226,0.7871859296482412,0.5903894472361809,0.3307192053230979,0.3607350351001237
F001931,0.0,0.3472361809045226,0.3888888888888889,0.6309898162000305,0.25,1.0,1.0,1.0,0.25,real,3,0.8304020100502513,0.3472361809045226,0.7530150753768844,0.5647613065326633,0.7278536211206788,0.6201095458448018
F001932,0.1898569058357866,0.8683417085427135,0.7222222222222222,0.5091750772173156,0.0,1.0,1.0,1.0,0.0,real,3,0.3701005025125628,0.8683417085427135,0.592462311557789,0.4443467336683417,0.29468555086992754,0.6469498560642407
F001933,0.4376389444889332,0.9698492462311558,0.8055555555555556,0.3469443332443555,0.0,1.0,1.0,1.0,0.0,real,3,0.3701005025125628,0.9698492462311558,0.3135678391959799,0.23517587939698492,0.24307605868538676,0.8288028080098988
F001934,0.0,0.3472361809045226,0.4166666666666667,0.2886751345948129,0.5,1.0,1.0,1.0,0.5,real,3,0.9587939698492463,0.3472361809045226,0.22688442211055276,0.17016331658291456,0.5881646928107876,0.45130088255347084
F001935,0.0,0.3472361809045226,0.3472222222222222,0.488288773090193,0.25,1.0,1.0,1.0,0.25,real,3,0.8304020100502513,0.3472361809045226,0.514070351758794,0.38555276381909553,0.6286435317289967,0.5335221017146032
F001936,0.0,0.3472361809045226,0.625,0.6614378277661477,0.5,1.0,1.0,1.0,0.5,real,3,0.9587939698492463,0.3472361809045226,0.7871859296482412,0.5903894472361809,0.8567715461730764,0.708293445872579
F001937,0.0,0.3472361809045226,0.4166666666666667,0.2886751345948129,0.0,1.0,1.0,1.0,0.0,real,3,0.3701005025125628,0.3472361809045226,0.22688442211055276,0.17016331658291456,0.22703527057397543,0.35112684970076513
F001938,0.0,0.3472361809045226,0.25,0.5,0.0,1.0,1.0,1.0,0.0,real,3,0.3701005025125628,0.3472361809045226,0.5492462311557789,0.41193467336683415,0.2866884043332239,0.3566547877578849
F001939,0.0,0.3472361809045226,0.3055555555555556,0.3469443332443555,0.25,1.0,1.0,1.0,0.25,real,3,0.8304020100502513,0.3472361809045226,0.3135678391959799,0.23517587939698492,0.5453946870028535,0.46086512966844273
F001940,0.0,0.3472361809045226,0.4027777777777778,0.393817968854384,0.0,1.0,1.0,1.0,0.0,real,3,0.3701005025125628,0.3472361809045226,0.40251256281407033,0.3018844221105528,0.25953530213883486,0.3541385634201156
F001941,0.0,0.3472361809045226,0.375,0.25,0.25,1.0,1.0,1.0,0.25,real,3,0.8304020100502513,0.3472361809045226,0.13618090452261306,0.10213567839195979,0.4717434534481452,0.3965846506401353
F001942,0.0,0.3472361809045226,0.3333333333333333,0.5773502691896258,0.25,1.0,1.0,1.0,0.25,real,3,0.8304020100502513,0.3472361809045226,0.6758793969849246,0.5069095477386935,0.6958268099290422,0.5921575528395747
F001943,0.0,0.3472361809045226,0.1527777777777777,0.3367876570272816,0.0,1.0,1.0,1.0,0.0,real,3,0.3701005025125628,0.3472361809045226,0.2698492462311558,0.20238693467336685,0.23498592207267494,0.35186362086815987
F001944,0.0,0.3472361809045226,0.25,0.5,0.25,1.0,1.0,1.0,0.25,real,3,0.8304020100502513,0.3472361809045226,0.5492462311557789,0.41193467336683415,0.6432485922072675,0.546268938915684
F001945,0.0446581987385203,0.7221105527638191,0.6666666666666666,0.5773502691896258,0.25,1.0,1.0,1.0,0.25,real,3,0.8304020100502513,0.7221105527638191,0.6758793969849246,0.5069095477386935,0.6958268099290422,0.7770045264008485
F001946,0.061411169010459,0.7545226130653266,0.6527777777777778,0.488288773090193,0.0,1.0,1.0,1.0,0.0,real,3,0.3701005025125628,0.7545226130653266,0.514070351758794,0.38555276381909553,0.2801790990126512,0.6063076058685386
F001947,0.0,0.3472361809045226,0.4166666666666667,0.7637626158259734,0.25,1.0,1.0,1.0,0.25,real,3,0.8304020100502513,0.3472361809045226,0.8836683417085427,0.6627512562814071,0.7821009886113988,0.667454941163102
F001948,0.0,0.3472361809045226,0.5277777777777778,0.8221471437193746,0.25,1.0,1.0,1.0,0.25,real,3,0.8304020100502513,0.3472361809045226,0.9118090452261306,0.6838567839195979,0.7937850369940154,0.6776524109239666
F001949,0.0,0.3472361809045226,0.4166666666666667,0.2886751345948129,0.0,1.0,1.0,1.0,0.0,real,3,0.3701005025125628,0.3472361809045226,0.22688442211055276,0.17016331658291456,0.22703527057397543,0.35112684970076513
F001950,0.0,0.3472361809045226,0.4722222222222222,0.4194352464039305,0.0,1.0,1.0,1.0,0.0,real,3,0.3701005025125628,0.3472361809045226,0.43366834170854274,0.32525125628140705,0.26530068685134217,0.35467283023155977
F001951,0.0,0.3472361809045226,0.3194444444444444,0.3757708127352411,0.0,1.0,1.0,1.0,0.0,real,3,0.3701005025125628,0.3472361809045226,0.3314070351758794,0.24855527638190955,0.24637720638367716,0.35291922868109393
F001952,0.0,0.3472361809045226,0.6388888888888888,0.8552669065744807,0.0,1.0,1.0,1.0,0.0,real,3,0.3701005025125628,0.3472361809045226,0.9228643216080402,0.6921482412060301,0.355826525845307,0.36306168089189667
F001953,0.0,0.3472361809045226,0.5277777777777778,0.8221471437193746,0.0,1.0,1.0,1.0,0.0,real,3,0.3701005025125628,0.3472361809045226,0.9118090452261306,0.6838567839195979,0.35378074417312694,0.3628721023459004
F001954,0.3231250834000667,0.941708542713568,0.7916666666666667,0.5204164998665333,0.0,1.0,1.0,1.0,0.0,real,3,0.3701005025125628,0.941708542713568,0.6309045226130653,0.47317839195979894,0.30179929168455344,0.6712359694199642
F001955,0.0,0.3472361809045226,0.625,0.6614378277661477,0.25,1.0,1.0,1.0,0.25,real,3,0.8304020100502513,0.3472361809045226,0.7871859296482412,0.5903894472361809,0.7420413941567132,0.6324921876972804
F001956,0.0,0.3472361809045226,0.4861111111111111,0.6142595663193329,0.0,1.0,1.0,1.0,0.0,real,3,0.3701005025125628,0.3472361809045226,0.7040201005025125,0.5280150753768844,0.3153293477437438,0.3593088874018333
F001957,0.0,0.3472361809045226,0.375,1.0897247358851685,0.0,1.0,1.0,1.0,0.0,real,3,0.3701005025125628,0.3472361809045226,0.9899497487437185,0.7424623115577889,0.3682407009923992,0.36421207797782884
F001958,0.0,0.3472361809045226,0.1944444444444444,0.3469443332443554,0.0,1.0,1.0,1.0,0.0,real,3,0.3701005025125628,0.3472361809045226,0.2914572864321608,0.2185929648241206,0.23898449534102673,0.3522341607535163
F001959,0.0,0.3472361809045226,0.0,0.0,0.0,1.0,1.0,1.0,0.0,real,3,0.3701005025125628,0.3472361809045226,0.00628140703517588,0.00471105527638191,0.1862126272063837,0.347343895987475
F001960,0.0,0.3472361809045226,0.5555555555555556,0.5357583756107197,0.75,1.0,1.0,1.0,0.75,real,3,0.9987437185929648,0.3472361809045226,0.6384422110552764,0.47883165829145735,0.818191933284513,0.6591986155652636
F001961,0.0,0.3472361809045226,0.3472222222222222,0.6684005230842202,0.0,1.0,1.0,1.0,0.0,real,3,0.3701005025125628,0.3472361809045226,0.7989949748743719,0.5992462311557789,0.3329044721092902,0.3609375394560743
F001962,0.01116454968463,0.6977386934673366,0.5416666666666666,0.1443375672974064,0.25,1.0,1.0,1.0,0.25,real,3,0.8304020100502513,0.6977386934673366,0.06155778894472362,0.04616834170854271,0.44075986086209945,0.7038635387995253
F001963,0.2974642264589466,0.9216080402010052,0.6805555555555556,0.1272937693043289,0.0,1.0,1.0,1.0,0.0,real,3,0.3701005025125628,0.9216080402010052,0.04195979899497487,0.031469849246231155,0.1928149226029646,0.9042521811317897
F001964,0.3009680169468978,0.9314070351758794,0.7777777777777778,0.5091750772173156,0.5,1.0,1.0,1.0,0.5,real,3,0.9587939698492463,0.9314070351758794,0.592462311557789,0.4443467336683417,0.7634216307668998,0.9435763301431781
F001965,0.0,0.3472361809045226,0.4166666666666667,1.0408329997330663,0.0,1.0,1.0,1.0,0.0,real,3,0.3701005025125628,0.3472361809045226,0.978140703517588,0.733605527638191,0.36605543420620695,0.36400957362187825
F001966,0.0,0.3472361809045226,0.6666666666666666,0.7637626158259733,0.25,1.0,1.0,1.0,0.25,real,3,0.8304020100502513,0.3472361809045226,0.8768844221105527,0.6576633165829145,0.7792842983763036,0.6649966225600363
F001967,0.0,0.3472361809045226,0.3611111111111111,0.2545875386086578,0.0,1.0,1.0,1.0,0.0,real,3,0.3701005025125628,0.3472361809045226,0.17336683417085427,0.1300251256281407,0.21713182747910406,0.3502091171940102
F001968,0.0,0.3472361809045226,0.5277777777777778,0.4194352464039305,0.0,1.0,1.0,1.0,0.0,real,3,0.3701005025125628,0.3472361809045226,0.43366834170854274,0.32525125628140705,0.26530068685134217,0.35467283023155977
F001969,0.25,0.907286432160804,0.75,0.5,0.0,1.0,1.0,1.0,0.0,real,3,0.3701005025125628,0.907286432160804,0.5492462311557789,0.41193467336683415,0.2866884043332239,0.6860009216938967
F001970,0.0,0.3472361809045226,0.4583333333333333,0.3818813079129867,0.0,1.0,1.0,1.0,0.0,real,3,0.3701005025125628,0.3472361809045226,0.3608040201005025,0.2706030150753769,0.2518171258301558,0.35342333526931136
F001971,0.0,0.3472361809045226,0.2083333333333333,0.3818813079129867,0.0,1.0,1.0,1.0,0.0,real,3,0.3701005025125628,0.3472361809045226,0.3608040201005025,0.2706030150753769,0.2518171258301558,0.35342333526931136
F001972,0.0,0.3472361809045226,0.4722222222222222,0.9179284245476838,0.0,1.0,1.0,1.0,0.0,real,3,0.3701005025125628,0.3472361809045226,0.9510050251256281,0.7132537688442211,0.36103397010176513,0.3635442444635236
F001973,0.0,0.3472361809045226,0.2916666666666666,0.5204164998665332,0.0,1.0,1.0,1.0,0.0,real,3,0.3701005025125628,0.3472361809045226,0.6203517587939699,0.4652638190954774,0.2998465000883816,0.35787412249690664
F001974,0.0,0.3472361809045226,0.4166666666666667,0.7637626158259733,0.25,1.0,1.0,1.0,0.25,real,3,0.8304020100502513,0.3472361809045226,0.8768844221105527,0.6576633165829145,0.7792842983763036,0.6649966225600363
F001975,0.0,0.3472361809045226,0.3055555555555556,0.3469443332443555,0.5,1.0,1.0,1.0,0.5,real,3,0.9587939698492463,0.3472361809045226,0.3135678391959799,0.23517587939698492,0.629720461604505,0.49105982172167373
F001976,0.2224894150898172,0.8891959798994975,0.7916666666666667,0.7216878364870323,0.0,1.0,1.0,1.0,0.0,real,3,0.3701005025125628,0.8891959798994975,0.8472361809045226,0.6354271356783919,0.3418315194060756,0.5593486275599101
F001977,0.0,0.3472361809045226,0.5555555555555556,0.6735753140545634,0.25,1.0,1.0,1.0,0.25,real,3,0.8304020100502513,0.3472361809045226,0.8133165829145729,0.6099874371859296,0.7528908676548572,0.6419612667609403
F001978,0.0,0.3472361809045226,0.5416666666666666,0.8036375634160796,0.5,1.0,1.0,1.0,0.5,real,3,0.9587939698492463,0.3472361809045226,0.9057788944723618,0.6793341708542714,0.9136246559430317,0.762688284386758
F001979,0.0,0.3472361809045226,0.1111111111111111,0.3849001794597505,0.0,1.0,1.0,1.0,0.0,real,3,0.3701005025125628,0.3472361809045226,0.3763819095477387,0.282286432160804,0.25469981818640947,0.3536904686750334
F001980,0.0,0.3472361809045226,0.2083333333333333,0.3818813079129867,0.0,1.0,1.0,1.0,0.0,real,3,0.3701005025125628,0.3472361809045226,0.3608040201005025,0.2706030150753769,0.2518171258301558,0.35342333526931136
F001981,0.0,0.3472361809045226,0.375,0.75,0.75,1.0,1.0,1.0,0.75,real,3,0.9987437185929648,0.3472361809045226,0.857286432160804,0.642964824120603,0.9274765788742709,0.766132610287619
F001982,0.0,0.3472361809045226,0.4027777777777778,0.1734721666221777,0.25,1.0,1.0,1.0,0.25,real,3,0.8304020100502513,0.3472361809045226,0.08417085427135679,0.06312814070351759,0.45014882831241637,0.3777375413499659
F001983,0.0,0.3472361809045226,0.2777777777777778,0.5091750772173156,0.0,1.0,1.0,1.0,0.0,real,3,0.3701005025125628,0.3472361809045226,0.592462311557789,0.4443467336683417,0.29468555086992754,0.35739586752859775
F001984,0.5853276880479024,0.9879396984924624,0.8888888888888888,0.3849001794597506,0.25,1.0,1.0,1.0,0.25,real,3,0.8304020100502513,0.9879396984924624,0.385929648241206,0.2894472361809045,0.5754393828438675,0.942340849978536
F001985,0.0,0.3472361809045226,0.2777777777777778,0.0962250448649376,0.0,1.0,1.0,1.0,0.0,real,3,0.3701005025125628,0.3472361809045226,0.022110552763819097,0.016582914572864323,0.1891418146006414,0.34761533799651523
F001986,0.0,0.3472361809045226,0.4861111111111111,0.2926570486903539,0.5,1.0,1.0,1.0,0.5,real,3,0.9587939698492463,0.3472361809045226,0.2608040201005025,0.1956030150753769,0.6044256458170247,0.4668587283149415
F001987,0.0,0.3472361809045226,0.6805555555555556,0.8988160937424132,0.5,1.0,1.0,1.0,0.5,real,3,0.9587939698492463,0.3472361809045226,0.9434673366834171,0.7076005025125628,0.9316923815055176,0.7799747796772808
F001988,0.0,0.3472361809045226,0.4861111111111111,0.9141379262169076,0.0,1.0,1.0,1.0,0.0,real,3,0.3701005025125628,0.3472361809045226,0.9469849246231156,0.7102386934673367,0.36029004949369964,0.3634753068104341
F001989,0.0483797153000638,0.7306532663316583,0.6805555555555556,0.6254627916220946,0.0,1.0,1.0,1.0,0.0,real,3,0.3701005025125628,0.7306532663316583,0.714824120603015,0.5361180904522613,0.31732863437791975,0.5373544070856797
F001990,0.0,0.3472361809045226,0.625,0.6614378277661477,0.0,1.0,1.0,1.0,0.0,real,3,0.3701005025125628,0.3472361809045226,0.7871859296482412,0.5903894472361809,0.3307192053230979,0.3607350351001237
F001991,0.5260506159308034,0.9814070351758792,0.8472222222222221,0.3367876570272817,0.0,1.0,1.0,1.0,0.0,real,3,0.3701005025125628,0.9814070351758792,0.2778894472361809,0.2084170854271357,0.23647376328880587,0.8540003093356228
