feature_id,data_score,data_rank,cv_mean_oriented_auc,cv_sd_oriented_effect
F000001,0.0,0.37763819095477386,0.6111111111111112,0.5669933698743588
F000002,0.0,0.37763819095477386,0.34444444444444444,0.6743995957997118
F000003,0.0,0.37763819095477386,0.3277777777777777,0.48572206654209765
F000004,0.0,0.37763819095477386,0.34444444444444444,0.2694301256218254
F000005,0.5061741148916805,0.9889447236180905,0.8277777777777777,0.2987628813277501
F000006,0.0,0.37763819095477386,0.6833333333333333,0.776745346515403
F000007,0.0,0.37763819095477386,0.4444444444444445,0.6301087501670144
F000008,0.0,0.37763819095477386,0.6222222222222222,0.6012333003763859
F000009,0.0,0.37763819095477386,0.6111111111111112,0.5669933698743588
F000010,0.0,0.37763819095477386,0.18888888888888888,0.1387777332977422
F000011,0.5487500556000444,0.9909547738693467,0.8611111111111112,0.34694433324435553
F000012,0.00027795160624244364,0.7562814070351759,0.6111111111111112,0.4438885412319596
F000013,0.12153135748343256,0.8537688442211055,0.5944444444444444,0.13471506281091264
F000014,0.12925003336002672,0.8605527638190955,0.6166666666666667,0.2081665999466132
F000015,0.834131075219161,0.999748743718593,0.9555555555555555,0.15396007178390017
F000016,0.015581246844306895,0.7658291457286432,0.7000000000000001,0.7688375063113864
F000017,0.22629658163573396,0.9201005025125628,0.7333333333333333,0.4807401700618653
F000018,0.0,0.37763819095477386,0.37777777777777777,0.5047918529600243
F000019,0.0,0.37763819095477386,0.45555555555555555,0.6049181150584978
F000020,0.12312684125508802,0.856532663316583,0.6722222222222223,0.44263520637871306
F000021,0.0,0.37763819095477386,0.6444444444444444,0.6710963942462889
F000022,0.0,0.37763819095477386,0.3888888888888889,0.3288588574877498
F000023,0.17196987064601882,0.8874371859296483,0.6777777777777778,0.3671713698190735
F000024,0.0,0.37763819095477386,0.3222222222222222,0.5975257626555001
F000025,0.0,0.37763819095477386,0.33333333333333337,0.5333333333333333
F000026,0.5677124344467706,0.992462311557789,0.8500000000000001,0.264575131106459
F000027,0.2775464301006656,0.9349246231155779,0.7388888888888889,0.40046269535422446
F000028,0.2535898384862245,0.9281407035175879,0.8,0.6928203230275509
F000029,0.08011545959242994,0.8183417085427136,0.7111111111111111,0.6842135252595846
F000030,0.0,0.37763819095477386,0.3222222222222222,0.3150543750835072
F000031,0.48165961005987823,0.9854271356783919,0.8611111111111112,0.4811252243246881
F000032,0.0,0.37763819095477386,0.3833333333333333,0.6489307444643929
F000033,0.0,0.37763819095477386,0.29999999999999993,0.6429100507328637
F000034,0.0,0.37763819095477386,0.3111111111111111,0.7581654270769769
F000035,0.0,0.37763819095477386,0.3055555555555556,0.2834966849371794
F000036,0.0,0.37763819095477386,0.6222222222222222,0.6012333003763859
F000037,0.1527920966003969,0.8758793969849247,0.7111111111111111,0.5388602512436507
F000038,0.0,0.37763819095477386,0.2,0.48074017006186526
F000039,0.0,0.37763819095477386,0.42777777777777776,0.6866450913546834
F000040,0.7605573951636584,0.9989949748743718,0.9222222222222223,0.1677740985615722
F000041,0.0,0.37763819095477386,0.3388888888888889,0.724441036120135
F000042,0.05679267422780554,0.7982412060301508,0.6777777777777778,0.5975257626555002
F000043,0.27272797031217405,0.9336683417085427,0.7277777777777777,0.365655170486763
F000044,0.834131075219161,0.999748743718593,0.9555555555555555,0.15396007178390017
F000045,0.0,0.37763819095477386,0.5555555555555556,0.5047918529600243
F000046,0.1705929199281742,0.8854271356783919,0.7277777777777777,0.5699252712547627
F000047,0.06418514058179639,0.807286432160804,0.6166666666666667,0.338296385503074
F000048,0.0,0.37763819095477386,0.4888888888888889,0.6158402871356008
F000049,0.0,0.37763819095477386,0.6333333333333333,0.7512951779723097
F000050,0.00767679976384239,0.7628140703517587,0.5833333333333333,0.3179797338056485
F000051,0.0,0.37763819095477386,0.6277777777777778,0.6466437567533984
F000052,0.0,0.37763819095477386,0.4222222222222222,0.5551109331909686
F000053,0.0,0.37763819095477386,0.4722222222222222,0.4992587097480216
F000054,0.42361657926236057,0.9796482412060301,0.8,0.3527668414752788
F000055,0.0,0.37763819095477386,0.3611111111111111,0.09622504486493767
F000056,0.3645940724502976,0.9650753768844221,0.7833333333333333,0.40414518843273806
F000057,0.0,0.37763819095477386,0.5944444444444444,0.40046269535422446
F000058,0.0,0.37763819095477386,0.29999999999999993,0.40551750201988135
F000059,0.0,0.37763819095477386,0.09999999999999992,0.17638342073763932
F000060,0.0,0.37763819095477386,0.39444444444444443,0.46706332348852675
F000061,0.24724747683480527,0.9256281407035176,0.7,0.3055050463303894
F000062,0.011333422293404505,0.7638190954773869,0.6444444444444444,0.5551109331909687
F000063,0.0,0.37763819095477386,0.27222222222222225,0.2501851166488378
F000064,0.0,0.37763819095477386,0.6166666666666667,0.8452481555403978
F000065,0.0,0.37763819095477386,0.3055555555555556,0.2834966849371794
F000066,0.004786451314965967,0.7600502512562815,0.7333333333333333,0.9237604307034013
F000067,0.0,0.37763819095477386,0.4166666666666667,0.3179797338056486
F000068,0.12925003336002672,0.8605527638190955,0.6166666666666667,0.2081665999466132
F000069,0.36310546582568015,0.963819095477387,0.7777777777777777,0.3849001794597506
F000070,0.0,0.37763819095477386,0.47777777777777775,0.2694301256218254
F000071,0.0,0.37763819095477386,0.32777777777777783,0.46228097917143823
F000072,0.0,0.37763819095477386,0.4111111111111111,0.743365719274566
F000073,0.0,0.37763819095477386,0.34444444444444444,0.4822785425380157
F000074,0.0020915355602075802,0.7587939698492462,0.6333333333333333,0.5291502622129182
F000075,0.0,0.37763819095477386,0.5444444444444444,0.21430335024428784
F000076,0.0,0.37763819095477386,0.29999999999999993,0.37118429085533483
F000077,0.17059291992817427,0.8861809045226131,0.7277777777777777,0.5699252712547626
F000078,0.0020915355602075802,0.7587939698492462,0.6333333333333333,0.5291502622129182
F000079,0.0,0.37763819095477386,0.28888888888888886,0.2775554665954844
F000080,0.29680776086682314,0.9432160804020101,0.7555555555555555,0.4286067004885758
F000081,0.0,0.37763819095477386,0.6611111111111111,0.8002314480013707
F000082,0.2491289352083673,0.9271356783919598,0.7222222222222222,0.39063101847215437
F000083,0.0,0.37763819095477386,0.3111111111111111,0.20367003088692623
F000084,0.0,0.37763819095477386,0.41666666666666663,0.5487359211051442
F000085,0.2795207240779508,0.9366834170854271,0.75,0.4409585518440984
F000086,0.031561208324241696,0.778391959798995,0.6555555555555556,0.559099805573739
F000087,0.0,0.37763819095477386,0.39444444444444443,0.33388842669592717
F000088,0.0,0.37763819095477386,0.34444444444444444,0.6743995957997118
F000089,0.0,0.37763819095477386,0.35,0.45092497528228953
F000090,0.0,0.37763819095477386,0.2666666666666667,0.1333333333333333
F000091,0.15489216538666217,0.878643216080402,0.7055555555555556,0.512437891448898
F000092,0.0,0.37763819095477386,0.28888888888888886,0.07698003589195009
F000093,0.08452994616207482,0.8226130653266331,0.6,0.23094010767585027
F000094,0.5056667111467023,0.9879396984924623,0.8222222222222222,0.2775554665954844
F000095,0.0,0.37763819095477386,0.5888888888888889,0.6809579309353139
F000096,0.06997183984210326,0.8092964824120603,0.6555555555555556,0.4822785425380157
F000097,0.0,0.37763819095477386,0.6277777777777778,0.6362505912097959
F000098,0.0,0.37763819095477386,0.4777777777777778,0.03849001794597504
F000099,0.042740070430621724,0.7846733668341709,0.6666666666666666,0.5811865258054232
F000100,0.18134840951213116,0.8896984924623116,0.7388888888888889,0.5928587365312934
F000101,0.6193518861200256,0.9947236180904523,0.8722222222222222,0.2501851166488378
F000102,0.0,0.37763819095477386,0.2666666666666666,0.23094010767585033
F000103,0.0,0.37763819095477386,0.3055555555555556,0.4114113018127471
F000104,0.0,0.37763819095477386,0.40555555555555556,0.6003085626328932
F000105,0.0,0.37763819095477386,0.3555555555555555,0.6710963942462889
F000106,0.0,0.37763819095477386,0.5,0.5925462944877059
F000107,0.1401389244831734,0.8673366834170855,0.7055555555555556,0.5419443732558755
F000108,0.09750011120008895,0.835427135678392,0.7222222222222222,0.6938886664887111
F000109,0.0,0.37763819095477386,0.34444444444444444,0.45379061903693635
F000110,0.0,0.37763819095477386,0.1333333333333333,0.23094010767585033
F000111,0.0,0.37763819095477386,0.34444444444444444,0.2694301256218254
F000112,0.0,0.37763819095477386,0.32777777777777783,0.5965952781626134
F000113,0.0,0.37763819095477386,0.26111111111111107,0.13471506281091267
F000114,0.0,0.37763819095477386,0.3555555555555555,0.6710963942462889
F000115,0.0,0.37763819095477386,0.3888888888888889,0.7726817178094982
F000116,0.0,0.37763819095477386,0.5,0.5925462944877059
F000117,0.0,0.37763819095477386,0.4111111111111111,0.743365719274566
F000118,0.0,0.37763819095477386,0.22222222222222215,0.3849001794597505
F000119,0.0,0.37763819095477386,0.4222222222222222,0.42860670048857574
F000120,0.0,0.37763819095477386,0.25,0.49328828623162474
F000121,0.5061741148916805,0.9889447236180905,0.8277777777777777,0.2987628813277501
F000122,0.19677657668899579,0.8974874371859296,0.75,0.6064468466220084
F000123,0.11441628428654779,0.8512562814070351,0.6777777777777778,0.48227854253801566
F000124,0.07936118895117342,0.8175879396984924,0.6611111111111111,0.48572206654209765
F000125,0.0,0.37763819095477386,0.3222222222222222,0.3150543750835072
F000126,0.0,0.37763819095477386,0.31666666666666665,0.7234178138070234
F000127,0.0,0.37763819095477386,0.5555555555555556,0.5047918529600243
F000128,0.0,0.37763819095477386,0.3222222222222222,0.3671713698190735
F000129,0.0,0.37763819095477386,0.46111111111111114,0.25018511664883786
F000130,0.22629658163573396,0.9201005025125628,0.7333333333333333,0.4807401700618653
F000131,0.031561208324241696,0.778391959798995,0.6555555555555556,0.559099805573739
F000132,0.2795207240779508,0.9366834170854271,0.75,0.4409585518440984
F000133,0.23870377224005107,0.9216080402010051,0.7444444444444445,0.5003702332976756
F000134,0.0,0.37763819095477386,0.3222222222222222,0.5975257626555001
F000135,0.0,0.37763819095477386,0.37777777777777777,0.6842135252595846
F000136,0.0,0.37763819095477386,0.08888888888888885,0.3079201435678004
F000137,0.1814187158565999,0.8904522613065327,0.7,0.4371625682868001
F000138,0.0,0.37763819095477386,0.37222222222222223,0.38920621973637765
F000139,0.0,0.37763819095477386,0.5944444444444444,0.40046269535422446
F000140,0.0,0.37763819095477386,0.37222222222222223,0.512437891448898
F000141,0.2194088338597761,0.9128140703517588,0.7722222222222221,0.6500712211693366
F000142,0.0,0.37763819095477386,0.18333333333333335,0.49777281743560264
F000143,0.0,0.37763819095477386,0.28888888888888886,0.2775554665954844
F000144,0.38050000740543277,0.9675879396984924,0.7944444444444445,0.4167777629669122
F000145,0.42129842977749865,0.978140703517588,0.8111111111111111,0.4018475848894472
F000146,0.0,0.37763819095477386,0.1388888888888889,0.4811252243246882
F000147,0.052101231861607145,0.792713567839196,0.6944444444444444,0.6735753140545634
F000148,0.0,0.37763819095477386,0.37777777777777777,0.6012333003763859
F000149,0.0,0.37763819095477386,0.3555555555555555,0.20367003088692623
F000150,0.0,0.37763819095477386,0.40555555555555556,0.6003085626328932
F000151,0.0,0.37763819095477386,0.5944444444444444,0.40046269535422446
F000152,0.0,0.37763819095477386,0.6277777777777778,0.6362505912097959
F000153,0.05157981453777166,0.7914572864321608,0.5888888888888889,0.25239592648001213
F000154,0.0,0.37763819095477386,0.4111111111111111,0.16777409856157222
F000155,0.0,0.37763819095477386,0.27222222222222225,0.5699252712547627
F000156,0.0,0.37763819095477386,0.26111111111111107,0.13471506281091264
F000157,0.17916978078296997,0.8881909547738693,0.7444444444444445,0.6194382162118379
F000158,0.0,0.37763819095477386,0.37777777777777777,0.6842135252595846
F000159,0.19822106700556863,0.8994974874371859,0.7166666666666667,0.47022453265552944
F000160,0.0,0.37763819095477386,0.6777777777777778,0.7190528749939306
F000161,0.0,0.37763819095477386,0.23333333333333334,0.5456901847914967
F000162,0.0,0.37763819095477386,0.6055555555555555,0.47179719434582545
F000163,0.10158341117339567,0.8381909547738694,0.6722222222222223,0.48572206654209765
F000164,0.2194088338597761,0.9128140703517588,0.7722222222222221,0.6500712211693366
F000165,0.0,0.37763819095477386,0.38333333333333336,0.33829638550307395
F000166,0.0,0.37763819095477386,0.3555555555555555,0.5388602512436507
F000167,0.0,0.37763819095477386,0.3111111111111111,0.07698003589195009
F000168,0.0,0.37763819095477386,0.34444444444444444,0.2694301256218254
F000169,0.0,0.37763819095477386,0.29999999999999993,0.6429100507328637
F000170,0.0,0.37763819095477386,0.49999999999999994,0.5925462944877059
F000171,0.0,0.37763819095477386,0.36111111111111116,0.16442942874387495
F000172,0.0,0.37763819095477386,0.6277777777777778,0.7632775331375821
F000173,0.0,0.37763819095477386,0.5611111111111111,0.41677776296691227
F000174,0.0,0.37763819095477386,0.5388888888888889,0.41677776296691227
F000175,0.0,0.37763819095477386,0.45,0.6173419725817378
F000176,0.0,0.37763819095477386,0.5222222222222223,0.7128451081042418
F000177,0.0,0.37763819095477386,0.3555555555555555,0.6012333003763859
F000178,0.0,0.37763819095477386,0.45,0.5567764362830022
F000179,0.0,0.37763819095477386,0.6611111111111111,0.8002314480013707
F000180,0.0,0.37763819095477386,0.5888888888888889,0.582459663203607
F000181,0.0,0.37763819095477386,0.37777777777777777,0.6842135252595846
F000182,0.0,0.37763819095477386,0.2277777777777778,0.5295001136641714
F000183,0.0,0.37763819095477386,0.31666666666666665,0.2185812841434
F000184,0.0,0.37763819095477386,0.2833333333333333,0.47022453265552944
F000185,0.0,0.37763819095477386,0.6444444444444444,0.6012333003763859
F000186,0.0,0.37763819095477386,0.21111111111111108,0.10183501544346314
F000187,0.0,0.37763819095477386,0.4222222222222222,0.5551109331909686
F000188,0.0,0.37763819095477386,0.3222222222222222,0.3150543750835072
F000189,0.0,0.37763819095477386,0.39444444444444443,0.33388842669592717
F000190,0.05679267422780554,0.7982412060301508,0.6777777777777778,0.5975257626555002
F000191,0.0,0.37763819095477386,0.4444444444444444,0.3849001794597505
F000192,0.0720721268714043,0.8110552763819096,0.638888888888889,0.4114113018127471
F000193,0.07600565276868615,0.8123115577889447,0.6777777777777778,0.5590998055737388
F000194,0.1609477595072651,0.8811557788944724,0.7222222222222222,0.5669933698743588
F000195,0.34129114829119156,0.9587939698492463,0.788888888888889,0.4729732589731725
F000196,0.1892374781489235,0.8922110552763819,0.6166666666666667,0.08819171036881962
F000197,0.0,0.37763819095477386,0.5555555555555556,0.40734006177385246
F000198,0.0,0.37763819095477386,0.27222222222222225,0.4717971943458255
F000199,0.0,0.37763819095477386,0.21666666666666662,0.05773502691896257
F000200,0.0,0.37763819095477386,0.6055555555555556,0.6834010806525236
F000201,0.0,0.37763819095477386,0.37777777777777777,0.6842135252595846
F000202,0.0,0.37763819095477386,0.26111111111111107,0.01924500897298752
F000203,0.32738162496830286,0.9535175879396985,0.7222222222222222,0.23412563895228314
F000204,0.0,0.37763819095477386,0.25555555555555554,0.4233901974057256
F000205,0.0,0.37763819095477386,0.2944444444444444,0.2219442706159798
F000206,0.1527920966003969,0.8758793969849247,0.7111111111111111,0.5388602512436507
F000207,0.0,0.37763819095477386,0.6277777777777778,0.5419443732558755
F000208,0.0,0.37763819095477386,0.6611111111111111,0.6930875632778086
F000209,0.0,0.37763819095477386,0.2944444444444444,0.2219442706159798
F000210,0.0,0.37763819095477386,0.5333333333333333,0.2666666666666666
F000211,0.0,0.37763819095477386,0.3555555555555555,0.07698003589195015
F000212,0.0,0.37763819095477386,0.36111111111111116,0.16442942874387495
F000213,0.0,0.37763819095477386,0.5,0.6359594676112972
F000214,0.0,0.37763819095477386,0.3666666666666667,0.37118429085533483
F000215,0.2798149574845336,0.9379396984924623,0.7,0.24037008503093268
F000216,0.0,0.37763819095477386,0.32777777777777783,0.44263520637871306
F000217,0.34524218633027204,0.9603015075376884,0.7111111111111111,0.1539600717839003
F000218,0.0,0.37763819095477386,0.5888888888888889,0.49140765305546624
F000219,0.0,0.37763819095477386,0.2944444444444444,0.39487456986481917
F000220,0.0,0.37763819095477386,0.39999999999999997,0.4807401700618652
F000221,0.054763249936605835,0.7952261306532663,0.6444444444444445,0.46825127790456617
F000222,0.25737602459496667,0.9293969849246231,0.6833333333333333,0.21858128414340003
F000223,0.0,0.37763819095477386,0.6388888888888888,0.6702680503046966
F000224,0.0,0.37763819095477386,0.3888888888888889,0.2341256389522831
F000225,0.0,0.37763819095477386,0.37777777777777777,0.6842135252595846
F000226,0.0,0.37763819095477386,0.5444444444444444,0.3421067626297922
F000227,0.0,0.37763819095477386,0.5555555555555556,0.2775554665954843
F000228,0.0,0.37763819095477386,0.40555555555555556,0.7275020682164823
F000229,0.0,0.37763819095477386,0.21666666666666662,0.14529663145135582
F000230,0.0,0.37763819095477386,0.3222222222222222,0.3671713698190735
F000231,0.0,0.37763819095477386,0.65,0.6173419725817377
F000232,0.0,0.37763819095477386,0.3555555555555555,0.33554819712314443
F000233,0.0,0.37763819095477386,0.6111111111111112,0.82820645127041
F000234,0.0,0.37763819095477386,0.3888888888888889,0.4438885412319596
F000235,0.21965695838264282,0.9148241206030151,0.7277777777777777,0.47179719434582545
F000236,0.0,0.37763819095477386,0.33333333333333337,0.5811865258054231
F000237,0.0,0.37763819095477386,0.17222222222222222,0.18954135676924425
F000238,0.05779279347834729,0.8007537688442211,0.6111111111111112,0.3288588574877499
F000239,0.06095244568736677,0.8042713567839196,0.6277777777777778,0.38920621973637765
F000240,0.0,0.37763819095477386,0.5722222222222222,0.8002314480013707
F000241,0.0,0.37763819095477386,0.6333333333333333,0.8717797887081347
F000242,0.0,0.37763819095477386,0.3666666666666667,0.3711842908553349
F000243,0.47062610265563387,0.9844221105527639,0.788888888888889,0.21430335024428798
F000244,0.0,0.37763819095477386,0.37777777777777777,0.5388602512436508
F000245,0.023924583140915556,0.7726130653266332,0.6611111111111111,0.5965952781626132
F000246,0.08628993597898799,0.8266331658291457,0.6833333333333333,0.5607534613753574
F000247,0.0,0.37763819095477386,0.16666666666666669,0.06666666666666671
F000248,0.0,0.37763819095477386,0.3055555555555556,0.16442942874387495
F000249,0.0,0.37763819095477386,0.6444444444444445,0.9075812380738728
F000250,0.0,0.37763819095477386,0.6,0.6110100926607788
F000251,0.0,0.37763819095477386,0.4666666666666667,0.39999999999999997
F000252,0.5061741148916805,0.9889447236180905,0.8277777777777777,0.2987628813277501
F000253,0.0,0.37763819095477386,0.6111111111111112,0.6049181150584978
F000254,0.0,0.37763819095477386,0.37222222222222223,0.3948745698648191
F000255,0.0,0.37763819095477386,0.2777777777777778,0.5091750772173156
F000256,0.15489216538666217,0.878643216080402,0.7055555555555556,0.512437891448898
F000257,0.1609477595072651,0.8811557788944724,0.7222222222222222,0.5669933698743588
F000258,0.06095244568736677,0.8042713567839196,0.6277777777777778,0.38920621973637765
F000259,0.0,0.37763819095477386,0.2777777777777778,0.39063101847215437
F000260,0.0,0.37763819095477386,0.23333333333333334,0.5033222956847166
F000261,0.0,0.37763819095477386,0.19999999999999996,0.23094010767585033
F000262,0.13542486889354088,0.8633165829145729,0.7,0.5291502622129182
F000263,0.0,0.37763819095477386,0.6055555555555556,0.589098495191625
F000264,0.0,0.37763819095477386,0.2777777777777778,0.5091750772173156
F000265,0.0,0.37763819095477386,0.19444444444444442,0.11706281947614157
F000266,0.3552780088742587,0.9615577889447237,0.7611111111111111,0.3338884266959271
F000267,0.0,0.37763819095477386,0.3666666666666667,0.8511430223202471
F000268,0.17065537609580494,0.8869346733668342,0.7777777777777777,0.769800358919501
F000269,0.0,0.37763819095477386,0.2944444444444444,0.38920621973637765
F000270,0.0,0.37763819095477386,0.33333333333333337,0.6666666666666666
F000271,0.0,0.37763819095477386,0.27222222222222225,0.2501851166488378
F000272,0.0860663121281447,0.8246231155778895,0.6722222222222222,0.5167562646325994
F000273,0.0,0.37763819095477386,0.3111111111111111,0.20367003088692623
F000274,0.0,0.37763819095477386,0.3888888888888889,0.7953568963632569
F000275,0.0,0.37763819095477386,0.27222222222222225,0.365655170486763
F000276,0.0,0.37763819095477386,0.5888888888888889,0.582459663203607
F000277,0.24706805967517398,0.9233668341708543,0.6611111111111111,0.1503083250940964
F000278,0.0,0.37763819095477386,0.5444444444444445,0.64060156912887
F000279,0.384446924615532,0.9695979899497488,0.8166666666666667,0.4977728174356026
F000280,0.0,0.37763819095477386,0.2444444444444444,0.20367003088692626
F000281,0.0,0.37763819095477386,0.5777777777777777,0.42860670048857574
F000282,0.0,0.37763819095477386,0.34444444444444444,0.30061665018819295
F000283,0.11441628428654776,0.8492462311557789,0.6777777777777778,0.4822785425380157
F000284,0.0,0.37763819095477386,0.40555555555555556,0.6292264504341231
F000285,0.0,0.37763819095477386,0.65,0.818535277187245
F000286,0.0,0.37763819095477386,0.6055555555555556,0.6834010806525236
F000287,0.384446924615532,0.9695979899497488,0.8166666666666667,0.4977728174356026
F000288,0.0,0.37763819095477386,0.5055555555555555,0.18954135676924425
F000289,0.0,0.37763819095477386,0.5111111111111111,0.4286067004885758
F000290,0.05405374521878542,0.7944723618090452,0.7277777777777777,0.8030036206735403
F000291,0.0,0.37763819095477386,0.3111111111111111,0.8572134009771516
F000292,0.004957759763154934,0.7610552763819095,0.6833333333333333,0.7234178138070235
F000293,0.0,0.37763819095477386,0.5444444444444445,0.6049181150584978
F000294,0.0,0.37763819095477386,0.3888888888888889,0.6049181150584977
F000295,0.0,0.37763819095477386,0.5833333333333333,0.4409585518440985
F000296,0.0,0.37763819095477386,0.33333333333333337,0.26666666666666666
F000297,0.0,0.37763819095477386,0.36111111111111116,0.16442942874387495
F000298,0.0,0.37763819095477386,0.29999999999999993,0.5206833117271104
F000299,0.0,0.37763819095477386,0.37222222222222223,0.38920621973637765
F000300,0.0,0.37763819095477386,0.38333333333333336,0.6350852961085883
F000301,0.0,0.37763819095477386,0.2222222222222222,0.27755546659548436
F000302,0.0,0.37763819095477386,0.40555555555555556,0.6003085626328932
F000303,0.0,0.37763819095477386,0.33333333333333337,0.5811865258054231
F000304,0.0,0.37763819095477386,0.23888888888888887,0.06938886664887108
F000305,0.0,0.37763819095477386,0.6333333333333333,0.7512951779723097
F000306,0.22387480880994048,0.9188442211055277,0.6722222222222222,0.24113927126900783
F000307,0.21093755647727047,0.9085427135678392,0.7388888888888889,0.5336804426010147
F000308,0.0,0.37763819095477386,0.4222222222222222,0.4682512779045661
F000309,0.0,0.37763819095477386,0.17777777777777776,0.27755546659548436
F000310,0.0,0.37763819095477386,0.37777777777777777,0.5047918529600243
F000311,0.0,0.37763819095477386,0.3111111111111111,0.6158402871356008
F000312,0.0,0.37763819095477386,0.19444444444444442,0.11706281947614157
F000313,0.0,0.37763819095477386,0.6555555555555556,0.9197423149588835
F000314,0.0,0.37763819095477386,0.25555555555555554,0.5003702332976756
F000315,0.0,0.37763819095477386,0.5055555555555555,0.6431980283736135
F000316,0.0,0.37763819095477386,0.6555555555555556,0.795356896363257
F000317,0.0,0.37763819095477386,0.33333333333333337,0.13333333333333336
F000318,0.10158341117339567,0.8381909547738694,0.6722222222222223,0.48572206654209765
F000319,0.0,0.37763819095477386,0.32777777777777783,0.46228097917143823
F000320,0.0,0.37763819095477386,0.34444444444444444,0.6743995957997118
F000321,0.031561208324241696,0.778391959798995,0.6555555555555556,0.559099805573739
F000322,0.0,0.37763819095477386,0.3222222222222222,0.45379061903693635
F000323,0.0,0.37763819095477386,0.2222222222222222,0.20367003088692623
F000324,0.0,0.37763819095477386,0.5888888888888889,0.7897491397296383
F000325,0.0,0.37763819095477386,0.2277777777777778,0.4220759980716129
F000326,0.0,0.37763819095477386,0.34444444444444444,0.2694301256218254
F000327,0.0,0.37763819095477386,0.3833333333333333,0.6489307444643929
F000328,0.0,0.37763819095477386,0.6444444444444444,0.6012333003763859
F000329,0.0,0.37763819095477386,0.46111111111111114,0.25018511664883786
F000330,0.0239245831409155,0.771608040201005,0.6611111111111111,0.5965952781626133
F000331,0.0,0.37763819095477386,0.16111111111111115,0.29876288132775003
F000332,0.0,0.37763819095477386,0.4944444444444444,0.6431980283736135
F000333,0.0,0.37763819095477386,0.49999999999999994,0.5925462944877059
F000334,0.0,0.37763819095477386,0.3111111111111111,0.6012333003763859
F000335,0.0,0.37763819095477386,0.25555555555555554,0.4233901974057256
F000336,0.2800150157005695,0.9386934673366835,0.7222222222222222,0.3288588574877499
F000337,0.0,0.37763819095477386,0.29999999999999993,0.37118429085533483
F000338,0.0,0.37763819095477386,0.37777777777777777,0.5388602512436508
F000339,0.0,0.37763819095477386,0.23888888888888887,0.6113130979323965
F000340,0.0,0.37763819095477386,0.33333333333333337,0.5811865258054231
F000341,0.28344448892448004,0.9402010050251256,0.7111111111111111,0.2775554665954844
F000342,0.0,0.37763819095477386,0.3833333333333333,0.6489307444643929
F000343,0.0,0.37763819095477386,0.5888888888888889,0.6809579309353139
F000344,0.0,0.37763819095477386,0.3222222222222222,0.3671713698190735
F000345,0.0,0.37763819095477386,0.5722222222222222,0.5738111703855715
F000346,0.0,0.37763819095477386,0.5111111111111111,0.6158402871356008
F000347,0.0,0.37763819095477386,0.35,0.40960685758148363
F000348,0.0,0.37763819095477386,0.17777777777777776,0.6158402871356008
F000349,0.0,0.37763819095477386,0.2833333333333333,0.338296385503074
F000350,0.0,0.37763819095477386,0.3111111111111111,0.6710963942462889
F000351,0.260488240937585,0.9304020100502512,0.7666666666666666,0.5456901847914967
F000352,0.0,0.37763819095477386,0.19444444444444442,0.2219442706159798
F000353,0.0,0.37763819095477386,0.4111111111111111,0.743365719274566
F000354,0.06936276864252142,0.8085427135678392,0.6055555555555555,0.2834966849371794
F000355,0.0,0.37763819095477386,0.18888888888888888,0.03849001794597511
F000356,0.15489216538666217,0.878643216080402,0.7055555555555556,0.512437891448898
F000357,0.0,0.37763819095477386,0.5166666666666666,0.26457513110645897
F000358,0.0,0.37763819095477386,0.3388888888888889,0.1503083250940965
F000359,0.0,0.37763819095477386,0.32777777777777783,0.46228097917143823
F000360,0.0,0.37763819095477386,0.5166666666666666,0.48419463487779835
F000361,0.0,0.37763819095477386,0.29999999999999993,0.3055050463303894
F000362,0.0,0.37763819095477386,0.23333333333333334,0.4163331998932266
F000363,0.08772091370538554,0.8293969849246231,0.7555555555555555,0.8467803948114511
F000364,0.0,0.37763819095477386,0.27222222222222225,0.5699252712547627
F000365,0.0,0.37763819095477386,0.5777777777777777,0.8146801235477049
F000366,0.0,0.37763819095477386,0.32777777777777783,0.46228097917143823
F000367,0.0,0.37763819095477386,0.26111111111111107,0.26736020923368814
F000368,0.6333333333333333,0.9954773869346734,0.8333333333333333,0.06666666666666665
F000369,0.0,0.37763819095477386,0.21666666666666662,0.05773502691896257
F000370,0.0,0.37763819095477386,0.3666666666666667,0.24037008503093263
F000371,0.04808538252326666,0.7899497487437186,0.6333333333333333,0.4371625682868
F000372,0.0,0.37763819095477386,0.22222222222222215,0.20367003088692623
F000373,0.0,0.37763819095477386,0.26111111111111107,0.13471506281091264
F000374,0.08628993597898799,0.8266331658291457,0.6833333333333333,0.5607534613753574
F000375,0.5607848771709334,0.9919597989949749,0.8277777777777777,0.18954135676924425
F000376,0.0,0.37763819095477386,0.27222222222222225,0.2501851166488378
F000377,0.0,0.37763819095477386,0.5888888888888889,0.743365719274566
F000378,0.0,0.37763819095477386,0.37777777777777777,0.5047918529600243
F000379,0.0,0.37763819095477386,0.4888888888888889,0.6577177149754997
F000380,0.0,0.37763819095477386,0.39444444444444443,0.2834966849371794
F000381,0.0,0.37763819095477386,0.6055555555555556,0.589098495191625
F000382,0.3779915320718537,0.9668341708542714,0.8333333333333333,0.5773502691896258
F000383,0.10472943924163813,0.8391959798994975,0.6833333333333333,0.523874454850057
F000384,0.0,0.37763819095477386,0.3388888888888889,0.1503083250940965
F000385,0.0,0.37763819095477386,0.33333333333333337,0.5811865258054231
F000386,0.1138998251913878,0.8474874371859297,0.7333333333333333,0.7055336829505576
F000387,0.0,0.37763819095477386,0.46111111111111114,0.5928587365312934
F000388,0.0,0.37763819095477386,0.2444444444444444,0.20367003088692626
F000389,0.0,0.37763819095477386,0.2944444444444444,0.29122983160180355
F000390,0.502393225657483,0.9874371859296482,0.8666666666666667,0.46188021535170065
F000391,0.0,0.37763819095477386,0.7111111111111111,1.0007404665953512
F000392,0.05679267422780554,0.7982412060301508,0.6777777777777778,0.5975257626555002
F000393,0.0,0.37763819095477386,0.5777777777777777,0.5551109331909687
F000394,0.0,0.37763819095477386,0.27222222222222225,0.5699252712547627
F000395,0.0,0.37763819095477386,0.25555555555555554,0.4233901974057256
F000396,0.0,0.37763819095477386,0.3555555555555555,0.6710963942462889
F000397,0.11441628428654779,0.8512562814070351,0.6777777777777778,0.48227854253801566
F000398,0.0,0.37763819095477386,0.40555555555555556,0.6834010806525236
F000399,0.0,0.37763819095477386,0.45,0.404145188432738
F000400,0.0,0.37763819095477386,0.4111111111111111,0.582459663203607
F000401,0.0,0.37763819095477386,0.2944444444444444,0.8002314480013707
F000402,0.0,0.37763819095477386,0.5055555555555555,0.2987628813277501
F000403,0.0,0.37763819095477386,0.3388888888888889,0.24113927126900786
F000404,0.0,0.37763819095477386,0.5277777777777778,0.3469443332443555
F000405,0.24724747683480527,0.9256281407035176,0.7,0.3055050463303894
F000406,0.0,0.37763819095477386,0.42777777777777776,0.6866450913546834
F000407,0.0,0.37763819095477386,0.37222222222222223,0.38920621973637765
F000408,0.0,0.37763819095477386,0.5833333333333333,0.5487359211051442
F000409,0.0,0.37763819095477386,0.21111111111111108,0.10183501544346314
F000410,0.41677782225781324,0.9768844221105528,0.7777777777777777,0.2775554665954844
F000411,0.0,0.37763819095477386,0.39999999999999997,0.46188021535170054
F000412,0.0,0.37763819095477386,0.4166666666666667,0.3179797338056486
F000413,0.0020915355602075802,0.7587939698492462,0.6333333333333333,0.5291502622129182
F000414,0.0,0.37763819095477386,0.6666666666666666,0.8326663997864531
F000415,0.0,0.37763819095477386,0.39444444444444443,0.33388842669592717
F000416,0.0,0.37763819095477386,0.55,0.40414518843273806
F000417,0.0,0.37763819095477386,0.29999999999999993,0.37118429085533483
F000418,0.4875071594113095,0.9861809045226131,0.8111111111111111,0.26943012562182544
F000419,0.0,0.37763819095477386,0.5388888888888889,0.6994706993572063
F000420,0.07854497463356824,0.8150753768844221,0.7000000000000001,0.6429100507328637
F000421,0.0,0.37763819095477386,0.6666666666666666,0.6666666666666667
F000422,0.0,0.37763819095477386,0.3222222222222222,0.3671713698190735
F000423,0.0,0.37763819095477386,0.6166666666666667,0.4702245326555295
F000424,0.0,0.37763819095477386,0.4666666666666667,0.4807401700618652
F000425,0.0,0.37763819095477386,0.6333333333333333,0.7512951779723097
F000426,0.0,0.37763819095477386,0.3888888888888889,0.795356896363257
F000427,0.0,0.37763819095477386,0.3111111111111111,0.07698003589195009
F000428,0.15489216538666217,0.878643216080402,0.7055555555555556,0.512437891448898
F000429,0.0,0.37763819095477386,0.24444444444444446,0.15396007178390017
F000430,0.0,0.37763819095477386,0.38888888888888884,0.6049181150584977
F000431,0.15489216538666217,0.878643216080402,0.7055555555555556,0.512437891448898
F000432,0.006325010803111486,0.7623115577889448,0.6333333333333333,0.5206833117271104
F000433,0.0,0.37763819095477386,0.5,0.4666666666666666
F000434,0.0,0.37763819095477386,0.5555555555555556,0.6301087501670145
F000435,0.1424590034737396,0.8703517587939699,0.6611111111111111,0.3595264374969653
F000436,0.0,0.37763819095477386,0.39444444444444443,0.33388842669592717
F000437,0.0,0.37763819095477386,0.14444444444444438,0.03849001794597504
F000438,0.0,0.37763819095477386,0.2666666666666667,0.35276684147527876
F000439,0.0,0.37763819095477386,0.21111111111111108,0.2143033502442879
F000440,0.0,0.37763819095477386,0.4944444444444444,0.42207599807161283
F000441,0.0,0.37763819095477386,0.36111111111111116,0.16442942874387495
F000442,0.14101013309717572,0.8683417085427135,0.65,0.31797973380564853
F000443,0.0,0.37763819095477386,0.27222222222222225,0.28349668493717944
F000444,0.3066741745169514,0.9489949748743719,0.6944444444444444,0.16442942874387492
F000445,0.0,0.37763819095477386,0.40555555555555556,0.01924500897298752
F000446,0.0,0.37763819095477386,0.6611111111111111,0.6930875632778086
F000447,0.0,0.37763819095477386,0.5611111111111111,0.4220759980716129
F000448,0.0,0.37763819095477386,0.34444444444444444,0.2694301256218254
F000449,0.030930841979430634,0.7763819095477387,0.7055555555555556,0.760360538263361
F000450,0.0,0.37763819095477386,0.2222222222222222,0.20367003088692623
F000451,0.0,0.37763819095477386,0.31666666666666665,0.523874454850057
F000452,0.0,0.37763819095477386,0.28888888888888886,0.07698003589195009
F000453,0.24724747683480527,0.9256281407035176,0.7,0.3055050463303894
F000454,0.0,0.37763819095477386,0.3611111111111111,0.676866418245246
F000455,0.5283963371139027,0.9904522613065326,0.8388888888888888,0.2987628813277501
F000456,0.0,0.37763819095477386,0.2833333333333333,0.5364492313143694
F000457,0.2076767997638424,0.9045226130653267,0.6833333333333333,0.3179797338056486
F000458,0.6029772132492348,0.9939698492462311,0.8111111111111111,0.03849001794597504
F000459,0.25737602459496667,0.9293969849246231,0.6833333333333333,0.21858128414340003
F000460,0.0,0.37763819095477386,0.45555555555555555,0.3421067626297923
F000461,0.0,0.37763819095477386,0.5888888888888889,0.36717136981907356
F000462,0.0,0.37763819095477386,0.6333333333333333,0.8717797887081347
F000463,0.0,0.37763819095477386,0.6333333333333333,0.6359594676112972
F000464,0.0,0.37763819095477386,0.35,0.40960685758148363
F000465,0.0,0.37763819095477386,0.24444444444444446,0.4682512779045662
F000466,0.14365213882549469,0.871859296482412,0.6888888888888889,0.46825127790456617
F000467,0.09389072849699164,0.8334170854271357,0.5888888888888889,0.1677740985615722
F000468,0.019458763267063528,0.7683417085427136,0.6444444444444445,0.5388602512436508
F000469,0.0,0.37763819095477386,0.33333333333333337,0.5811865258054231
F000470,0.0,0.37763819095477386,0.4222222222222222,0.42860670048857574
F000471,0.05679267422780554,0.7982412060301508,0.6777777777777778,0.5975257626555002
F000472,0.0,0.37763819095477386,0.21111111111111108,0.10183501544346314
F000473,0.21093755647727047,0.9085427135678392,0.7388888888888889,0.5336804426010147
F000474,0.0,0.37763819095477386,0.17222222222222222,0.18954135676924425
F000475,0.06114916464678527,0.8050251256281407,0.7333333333333333,0.8110350040397627
F000476,0.08421580159264294,0.821105527638191,0.6555555555555556,0.45379061903693635
F000477,0.0,0.37763819095477386,0.3555555555555555,0.07698003589195015
F000478,0.0,0.37763819095477386,0.34444444444444444,0.2694301256218254
F000479,0.0,0.37763819095477386,0.3611111111111111,0.702640522389439
F000480,0.36779874338239293,0.9660804020100503,0.7722222222222223,0.3532914021241032
F000481,0.08628993597898799,0.8266331658291457,0.6833333333333333,0.5607534613753574
F000482,0.0,0.37763819095477386,0.3222222222222222,0.4822785425380157
F000483,0.0,0.37763819095477386,0.3555555555555555,0.5551109331909687
F000484,0.5268602700560462,0.9899497487437185,0.788888888888889,0.10183501544346321
F000485,0.0,0.37763819095477386,0.21666666666666662,0.05773502691896257
F000486,0.2654961953102094,0.9321608040201005,0.7055555555555556,0.2912298316018035
F000487,0.0,0.37763819095477386,0.4222222222222222,0.5551109331909686
F000488,0.044166897763147556,0.7874371859296483,0.6055555555555555,0.333888426695927
F000489,0.0,0.37763819095477386,0.4166666666666667,0.3179797338056486
F000490,0.0,0.37763819095477386,0.2833333333333333,0.08819171036881966
F000491,0.384446924615532,0.9695979899497488,0.8166666666666667,0.4977728174356026
F000492,0.04808538252326666,0.7899497487437186,0.6333333333333333,0.4371625682868
F000493,0.0,0.37763819095477386,0.37777777777777777,0.5388602512436508
F000494,0.0,0.37763819095477386,0.2944444444444444,0.29122983160180355
F000495,0.0,0.37763819095477386,0.37777777777777777,0.6012333003763859
F000496,0.0,0.37763819095477386,0.37222222222222223,0.5419443732558755
F000497,0.0,0.37763819095477386,0.3055555555555556,0.5853140973807078
F000498,0.0,0.37763819095477386,0.37777777777777777,0.5047918529600243
F000499,0.0,0.37763819095477386,0.29999999999999993,0.37118429085533483
F000500,0.0,0.37763819095477386,0.3111111111111111,0.07698003589195009
F000501,0.0,0.37763819095477386,0.4388888888888889,0.3532914021241032
F000502,0.0,0.37763819095477386,0.24444444444444446,0.15396007178390017
F000503,0.0934615859097789,0.8324120603015075,0.6333333333333333,0.3464101615137755
F000504,0.42129842977749865,0.978140703517588,0.8111111111111111,0.4018475848894472
F000505,0.0,0.37763819095477386,0.6111111111111112,0.6049181150584978
F000506,0.42129842977749865,0.978140703517588,0.8111111111111111,0.4018475848894472
F000507,0.2535898384862245,0.9281407035175879,0.8,0.6928203230275509
F000508,0.0,0.37763819095477386,0.4444444444444444,0.5551109331909687
F000509,0.0,0.37763819095477386,0.4277777777777778,0.06938886664887108
F000510,0.0,0.37763819095477386,0.2777777777777778,0.4337604732431808
F000511,0.26694461827290916,0.9326633165829146,0.7444444444444445,0.4438885412319596
F000512,0.0,0.37763819095477386,0.6611111111111111,0.8002314480013707
F000513,0.0,0.37763819095477386,0.37222222222222223,0.6362505912097959
F000514,0.0,0.37763819095477386,0.47777777777777775,0.5429685210164719
F000515,0.0,0.37763819095477386,0.5055555555555555,0.2987628813277501
F000516,0.0,0.37763819095477386,0.30000000000000004,0.34641016151377546
F000517,0.0,0.37763819095477386,0.2944444444444444,0.8002314480013707
F000518,0.29680776086682314,0.9432160804020101,0.7555555555555555,0.4286067004885758
F000519,0.0,0.37763819095477386,0.6,0.7423685817106696
F000520,0.0,0.37763819095477386,0.39999999999999997,0.6110100926607787
F000521,0.0,0.37763819095477386,0.4111111111111111,0.16777409856157222
F000522,0.0,0.37763819095477386,0.5888888888888889,0.7897491397296383
F000523,0.19556306340584032,0.8954773869346734,0.6388888888888888,0.16442942874387484
F000524,0.0,0.37763819095477386,0.45555555555555555,0.3421067626297923
F000525,0.0,0.37763819095477386,0.39999999999999997,0.46188021535170054
F000526,0.0,0.37763819095477386,0.6777777777777778,0.7190528749939306
F000527,0.0,0.37763819095477386,0.3222222222222222,0.8852704127574261
F000528,0.0,0.37763819095477386,0.6555555555555556,0.795356896363257
F000529,0.22250017382846474,0.9168341708542713,0.7222222222222222,0.4438885412319595
F000530,0.0,0.37763819095477386,0.6055555555555556,0.6834010806525236
F000531,0.0,0.37763819095477386,0.18888888888888888,0.1387777332977422
F000532,0.0,0.37763819095477386,0.5777777777777777,0.5551109331909687
F000533,0.0,0.37763819095477386,0.6333333333333333,0.6359594676112972
F000534,0.16601419878631132,0.8831658291457286,0.6777777777777778,0.3790827135384885
F000535,0.0,0.37763819095477386,0.3555555555555555,0.46825127790456617
F000536,0.24724747683480527,0.9256281407035176,0.7,0.3055050463303894
F000537,0.34129114829119156,0.9587939698492463,0.788888888888889,0.4729732589731725
F000538,0.0,0.37763819095477386,0.4666666666666667,0.4807401700618652
F000539,0.1609477595072651,0.8811557788944724,0.7222222222222222,0.5669933698743588
F000540,0.06666666666666665,0.8080402010050252,0.6666666666666666,0.5333333333333333
F000541,0.2194088338597761,0.9128140703517588,0.7722222222222221,0.6500712211693366
F000542,0.0,0.37763819095477386,0.5666666666666667,0.2905932629027115
F000543,0.0,0.37763819095477386,0.1555555555555555,0.33554819712314443
F000544,0.0,0.37763819095477386,0.26111111111111107,0.13471506281091264
F000545,0.3292500333600267,0.9547738693467337,0.7166666666666667,0.20816659994661335
F000546,0.0,0.37763819095477386,0.6111111111111112,0.5091750772173156
F000547,0.0,0.37763819095477386,0.37777777777777777,0.5047918529600243
F000548,0.0,0.37763819095477386,0.3388888888888889,0.1503083250940965
F000549,0.0,0.37763819095477386,0.6333333333333333,0.6359594676112972
F000550,0.0,0.37763819095477386,0.5888888888888889,0.36717136981907356
F000551,0.0,0.37763819095477386,0.4111111111111111,0.2523959264800122
F000552,0.0,0.37763819095477386,0.2833333333333333,0.6027713773341707
F000553,0.0910817326365031,0.8316582914572864,0.6611111111111111,0.4622809791714382
F000554,0.0,0.37763819095477386,0.34444444444444444,0.2694301256218254
F000555,0.0,0.37763819095477386,0.5611111111111111,0.7426179916225311
F000556,0.0,0.37763819095477386,0.38333333333333336,0.08819171036881973
F000557,0.19999999999999996,0.9005025125628141,0.6666666666666666,0.2666666666666667
F000558,0.0,0.37763819095477386,0.29999999999999993,0.40551750201988135
F000559,0.22387480880994048,0.9188442211055277,0.6722222222222222,0.24113927126900783
F000560,0.10515940274608065,0.8399497487437186,0.611111111111111,0.23412563895228305
F000561,0.0,0.37763819095477386,0.3111111111111111,0.6710963942462889
F000562,0.38050000740543277,0.9675879396984924,0.7944444444444445,0.4167777629669122
F000563,0.05811827062314601,0.8027638190954773,0.6277777777777778,0.39487456986481906
F000564,0.0,0.37763819095477386,0.2777777777777778,0.39063101847215437
F000565,0.0,0.37763819095477386,0.6555555555555556,0.674399595799712
F000566,0.0,0.37763819095477386,0.29999999999999993,0.43716256828680006
F000567,0.3066741745169514,0.9489949748743719,0.6944444444444444,0.16442942874387492
F000568,0.0,0.37763819095477386,0.19999999999999996,0.23094010767585033
F000569,0.0,0.37763819095477386,0.4222222222222222,0.42860670048857574
F000570,0.0,0.37763819095477386,0.17777777777777776,0.6158402871356008
F000571,0.07857551966360544,0.8170854271356784,0.5777777777777777,0.15396007178390017
F000572,0.0,0.37763819095477386,0.14999999999999997,0.2645751311064591
F000573,0.0,0.37763819095477386,0.38333333333333336,0.6350852961085883
F000574,0.0,0.37763819095477386,0.4111111111111111,0.16777409856157222
F000575,0.0,0.37763819095477386,0.34444444444444444,0.3790827135384885
F000576,0.0,0.37763819095477386,0.28888888888888886,0.6842135252595846
F000577,0.22250017382846474,0.9168341708542713,0.7222222222222222,0.4438885412319595
F000578,0.0,0.37763819095477386,0.2666666666666667,0.35276684147527876
F000579,0.0,0.37763819095477386,0.4222222222222222,0.42860670048857574
F000580,0.0,0.37763819095477386,0.2944444444444444,0.38920621973637765
F000581,0.4666666666666666,0.9826633165829146,0.8,0.2666666666666667
F000582,0.0,0.37763819095477386,0.38333333333333336,0.6350852961085883
F000583,0.0,0.37763819095477386,0.6055555555555556,0.589098495191625
F000584,0.0,0.37763819095477386,0.25,0.29627314724385295
F000585,0.0,0.37763819095477386,0.2444444444444444,0.20367003088692626
F000586,0.023924583140915556,0.7726130653266332,0.6611111111111111,0.5965952781626132
F000587,0.14365213882549469,0.871859296482412,0.6888888888888889,0.46825127790456617
F000588,0.10994063975465382,0.8447236180904523,0.6277777777777778,0.29122983160180343
F000589,0.0,0.37763819095477386,0.2777777777777778,0.39063101847215437
F000590,0.0,0.37763819095477386,0.20555555555555555,0.45256470787591785
F000591,0.0,0.37763819095477386,0.28888888888888886,0.6577177149754997
F000592,0.0,0.37763819095477386,0.2444444444444444,0.8467803948114511
F000593,0.0,0.37763819095477386,0.16666666666666669,0.06666666666666671
F000594,0.0,0.37763819095477386,0.37777777777777777,0.5047918529600243
F000595,0.0,0.37763819095477386,0.2833333333333333,0.5364492313143694
F000596,0.0,0.37763819095477386,0.6611111111111111,0.8002314480013707
F000597,0.057995680375797776,0.8015075376884422,0.6833333333333333,0.6173419725817378
F000598,0.0,0.37763819095477386,0.5611111111111111,0.32030078456443495
F000599,0.031561208324241696,0.778391959798995,0.6555555555555556,0.559099805573739
F000600,0.1982210670055686,0.8989949748743719,0.7166666666666667,0.4702245326555295
F000601,0.0,0.37763819095477386,0.4444444444444444,0.5551109331909687
F000602,0.16746440855249428,0.8844221105527639,0.6222222222222222,0.15396007178390017
F000603,0.0,0.37763819095477386,0.6333333333333333,0.7512951779723097
F000604,0.0,0.37763819095477386,0.34444444444444444,0.2694301256218254
F000605,0.07716112758958482,0.8130653266331658,0.6888888888888889,0.6012333003763859
F000606,0.0,0.37763819095477386,0.32777777777777783,0.5167562646325994
F000607,0.0,0.37763819095477386,0.27222222222222225,0.28349668493717944
F000608,0.08107452123899922,0.8190954773869347,0.6333333333333333,0.3711842908553349
F000609,0.1396583441364449,0.8655778894472361,0.7000000000000001,0.5206833117271104
F000610,0.3019833036961032,0.9454773869346733,0.7944444444444445,0.5738111703855714
F000611,0.0,0.37763819095477386,0.33333333333333337,0.6110100926607787
F000612,0.0,0.37763819095477386,0.5222222222222223,0.7726817178094982
F000613,0.2692902818973961,0.9331658291457287,0.6722222222222222,0.1503083250940965
F000614,0.0,0.37763819095477386,0.2444444444444444,0.20367003088692626
F000615,0.0,0.37763819095477386,0.6055555555555555,0.47179719434582545
F000616,0.6193518861200256,0.9947236180904523,0.8722222222222222,0.2501851166488378
F000617,0.0,0.37763819095477386,0.5611111111111111,0.41677776296691227
F000618,0.28344448892448004,0.9402010050251256,0.7111111111111111,0.2775554665954844
F000619,0.0,0.37763819095477386,0.33333333333333337,0.5811865258054231
F000620,0.0,0.37763819095477386,0.6055555555555556,0.46706332348852675
F000621,0.0,0.37763819095477386,0.33333333333333337,0.4
F000622,0.0,0.37763819095477386,0.28888888888888886,0.07698003589195009
F000623,0.0,0.37763819095477386,0.6333333333333333,0.7512951779723097
F000624,0.4666666666666666,0.9826633165829146,0.8,0.2666666666666667
F000625,0.29680776086682314,0.9432160804020101,0.7555555555555555,0.4286067004885758
F000626,0.0,0.37763819095477386,0.3111111111111111,0.07698003589195009
F000627,0.0,0.37763819095477386,0.3555555555555555,0.6710963942462889
F000628,0.0,0.37763819095477386,0.3888888888888889,0.7726817178094982
F000629,0.0,0.37763819095477386,0.37777777777777777,0.5047918529600243
F000630,0.0,0.37763819095477386,0.4222222222222222,0.5551109331909686
F000631,0.0,0.37763819095477386,0.23888888888888887,0.6113130979323965
F000632,0.0,0.37763819095477386,0.37222222222222223,0.38920621973637765
F000633,0.0,0.37763819095477386,0.2666666666666667,0.1333333333333333
F000634,0.0,0.37763819095477386,0.34444444444444444,0.30061665018819295
F000635,0.0,0.37763819095477386,0.5888888888888889,0.4233901974057256
F000636,0.0,0.37763819095477386,0.3611111111111111,0.702640522389439
F000637,0.0,0.37763819095477386,0.5555555555555556,0.40734006177385246
F000638,0.0,0.37763819095477386,0.23888888888888887,0.06938886664887108
F000639,0.0,0.37763819095477386,0.2944444444444444,0.5124378914488981
F000640,0.0,0.37763819095477386,0.5666666666666667,0.7571877794400365
F000641,0.0,0.37763819095477386,0.6277777777777778,0.6466437567533984
F000642,0.0,0.37763819095477386,0.2277777777777778,0.327165152540788
F000643,0.3053032039793522,0.9474874371859296,0.7444444444444445,0.36717136981907356
F000644,0.0,0.37763819095477386,0.39444444444444443,0.46706332348852675
F000645,0.0,0.37763819095477386,0.23333333333333334,0.5033222956847166
F000646,0.0,0.37763819095477386,0.3888888888888889,0.795356896363257
F000647,0.0,0.37763819095477386,0.3888888888888889,0.2341256389522831
F000648,0.0,0.37763819095477386,0.17777777777777776,0.6158402871356008
F000649,0.0,0.37763819095477386,0.47777777777777775,0.40184758488944716
F000650,0.0,0.37763819095477386,0.6555555555555556,0.795356896363257
F000651,0.0,0.37763819095477386,0.38888888888888884,0.6049181150584977
F000652,0.18134840951213116,0.8896984924623116,0.7388888888888889,0.5928587365312934
F000653,0.2076767997638424,0.9045226130653267,0.6833333333333333,0.3179797338056486
F000654,0.01962326931232128,0.7690954773869346,0.65,0.5607534613753574
F000655,0.0,0.37763819095477386,0.3555555555555555,0.5388602512436507
F000656,0.0,0.37763819095477386,0.3388888888888889,0.724441036120135
F000657,0.0,0.37763819095477386,0.34444444444444444,0.4822785425380157
F000658,0.02735168427432212,0.7748743718592965,0.55,0.1452966314513558
F000659,0.0,0.37763819095477386,0.2833333333333333,0.5196152422706632
F000660,0.0,0.37763819095477386,0.32777777777777783,0.46228097917143823
F000661,0.18705387344542573,0.8914572864321608,0.6444444444444444,0.20367003088692617
F000662,0.0,0.37763819095477386,0.19999999999999996,0.23094010767585033
F000663,0.0,0.37763819095477386,0.2944444444444444,0.29122983160180355
F000664,0.0,0.37763819095477386,0.2222222222222222,0.20367003088692623
F000665,0.0,0.37763819095477386,0.23333333333333334,0.17638342073763938
F000666,0.0,0.37763819095477386,0.3111111111111111,0.07698003589195009
F000667,0.0,0.37763819095477386,0.3611111111111111,0.6768664182452458
F000668,0.0,0.37763819095477386,0.5777777777777777,0.5551109331909687
F000669,0.0,0.37763819095477386,0.2833333333333333,0.5364492313143694
F000670,0.0,0.37763819095477386,0.31666666666666665,0.3179797338056486
F000671,0.0,0.37763819095477386,0.6111111111111112,0.82820645127041
F000672,0.0,0.37763819095477386,0.1166666666666667,0.14529663145135582
F000673,0.0,0.37763819095477386,0.3222222222222222,0.7190528749939304
F000674,0.042740070430621724,0.7846733668341709,0.6666666666666666,0.5811865258054232
F000675,0.0,0.37763819095477386,0.3555555555555555,0.33554819712314443
F000676,0.0,0.37763819095477386,0.23888888888888887,0.6113130979323965
F000677,0.36269092564888283,0.9628140703517588,0.7444444444444445,0.25239592648001224
F000678,0.0,0.37763819095477386,0.6111111111111112,0.7128451081042418
F000679,0.0,0.37763819095477386,0.27222222222222225,0.28349668493717944
F000680,0.16601419878631132,0.8831658291457286,0.6777777777777778,0.3790827135384885
F000681,0.0,0.37763819095477386,0.2666666666666667,0.35276684147527876
F000682,0.0,0.37763819095477386,0.6277777777777778,0.6362505912097959
F000683,0.0,0.37763819095477386,0.6555555555555556,0.9197423149588835
F000684,0.0,0.37763819095477386,0.24444444444444446,0.15396007178390017
F000685,0.0,0.37763819095477386,0.3222222222222222,0.5590998055737388
F000686,0.0,0.37763819095477386,0.34444444444444444,0.5590998055737388
F000687,0.0,0.37763819095477386,0.6444444444444444,0.7343427396381469
F000688,0.0,0.37763819095477386,0.3555555555555555,0.5551109331909687
F000689,0.47458553864460085,0.9849246231155779,0.8444444444444443,0.4286067004885758
F000690,0.0,0.37763819095477386,0.16666666666666669,0.06666666666666671
F000691,0.0,0.37763819095477386,0.5166666666666667,0.6244997998398398
F000692,0.0,0.37763819095477386,0.3111111111111111,0.6710963942462889
F000693,0.0,0.37763819095477386,0.25,0.6064468466220084
F000694,0.0,0.37763819095477386,0.37777777777777777,0.5388602512436508
F000695,0.0,0.37763819095477386,0.3666666666666667,0.24037008503093263
F000696,0.0,0.37763819095477386,0.37777777777777777,0.7343427396381468
F000697,0.0,0.37763819095477386,0.2833333333333333,0.5364492313143694
F000698,0.0,0.37763819095477386,0.6888888888888889,0.9645570850760314
F000699,0.0,0.37763819095477386,0.4222222222222222,0.42860670048857574
F000700,0.0,0.37763819095477386,0.27222222222222225,0.28349668493717944
F000701,0.0,0.37763819095477386,0.43333333333333335,0.11547005383792512
F000702,0.0,0.37763819095477386,0.25555555555555554,0.25239592648001224
F000703,0.0,0.37763819095477386,0.6666666666666666,0.9333333333333333
F000704,0.0,0.37763819095477386,0.6277777777777778,0.5419443732558755
F000705,0.0,0.37763819095477386,0.2777777777777778,0.32885885748774984
F000706,0.0,0.37763819095477386,0.29999999999999993,0.37118429085533483
F000707,0.18318323798251535,0.8909547738693467,0.6944444444444444,0.4114113018127471
F000708,0.0,0.37763819095477386,0.27222222222222225,0.365655170486763
F000709,0.0,0.37763819095477386,0.41111111111111115,0.731310340973526
F000710,0.0,0.37763819095477386,0.3555555555555555,0.5551109331909687
F000711,0.0,0.37763819095477386,0.2944444444444444,0.2219442706159798
F000712,0.0,0.37763819095477386,0.25,0.39299420408505326
F000713,0.0,0.37763819095477386,0.3055555555555556,0.5210388483419269
F000714,0.0,0.37763819095477386,0.5055555555555555,0.554109228435186
F000715,0.3880367018819775,0.9718592964824121,0.7666666666666666,0.29059326290271165
F000716,0.0,0.37763819095477386,0.25555555555555554,0.4233901974057256
F000717,0.0,0.37763819095477386,0.25555555555555554,0.36717136981907356
F000718,0.0,0.37763819095477386,0.42777777777777776,0.2009237924447236
F000719,0.0,0.37763819095477386,0.3833333333333333,0.6489307444643929
F000720,0.0,0.37763819095477386,0.39444444444444443,0.33388842669592717
F000721,0.0,0.37763819095477386,0.3222222222222222,0.3671713698190735
F000722,0.0,0.37763819095477386,0.28888888888888886,0.2775554665954844
F000723,0.11441628428654776,0.8492462311557789,0.6777777777777778,0.4822785425380157
F000724,0.5853276880479024,0.99321608040201,0.8888888888888888,0.3849001794597506
F000725,0.0,0.37763819095477386,0.6,0.6110100926607788
F000726,0.0,0.37763819095477386,0.23888888888888887,0.6113130979323965
F000727,0.3066741745169514,0.9489949748743719,0.6944444444444444,0.16442942874387492
F000728,0.0,0.37763819095477386,0.3611111111111111,0.7515416254704823
F000729,0.0,0.37763819095477386,0.2777777777777778,0.32885885748774984
F000730,0.36310546582568015,0.963819095477387,0.7777777777777777,0.3849001794597506
F000731,0.0,0.37763819095477386,0.25,0.29627314724385295
F000732,0.0,0.37763819095477386,0.20555555555555555,0.371682859637283
F000733,0.0,0.37763819095477386,0.14444444444444438,0.03849001794597504
F000734,0.0,0.37763819095477386,0.31666666666666665,0.6173419725817377
F000735,0.0,0.37763819095477386,0.2833333333333333,0.5364492313143694
F000736,0.0,0.37763819095477386,0.40555555555555556,0.6292264504341231
F000737,0.0,0.37763819095477386,0.5388888888888889,0.49478764618249593
F000738,0.0,0.37763819095477386,0.3055555555555556,0.16442942874387495
F000739,0.0,0.37763819095477386,0.39999999999999997,0.4807401700618652
F000740,0.0,0.37763819095477386,0.4166666666666667,0.3179797338056486
F000741,0.0,0.37763819095477386,0.3055555555555556,0.4857220665420977
F000742,0.0,0.37763819095477386,0.36111111111111116,0.7690783324743206
F000743,0.0,0.37763819095477386,0.35,0.40960685758148363
F000744,0.0,0.37763819095477386,0.6611111111111111,0.9142898478742537
F000745,0.0,0.37763819095477386,0.39444444444444443,0.36565517048676294
F000746,0.0,0.37763819095477386,0.5611111111111111,0.5167562646325994
F000747,0.3365243008766441,0.9562814070351758,0.8222222222222222,0.6158402871356008
F000748,0.0,0.37763819095477386,0.5277777777777778,0.22194427061597974
F000749,0.0,0.37763819095477386,0.26111111111111107,0.01924500897298752
F000750,0.0,0.37763819095477386,0.32777777777777783,0.5167562646325994
F000751,0.0,0.37763819095477386,0.2277777777777778,0.327165152540788
F000752,0.01962326931232128,0.7690954773869346,0.65,0.5607534613753574
F000753,0.0,0.37763819095477386,0.34444444444444444,0.8494006601607287
F000754,0.0,0.37763819095477386,0.27222222222222225,0.8302163930321174
F000755,0.0,0.37763819095477386,0.2777777777777778,0.4337604732431808
F000756,0.20165258658771829,0.9017587939698493,0.6611111111111111,0.2411392712690079
F000757,0.0,0.37763819095477386,0.6666666666666666,0.7423685817106697
F000758,0.0,0.37763819095477386,0.36111111111111116,0.16442942874387495
F000759,0.0,0.37763819095477386,0.5888888888888889,0.4914076530554663
F000760,0.0,0.37763819095477386,0.5333333333333333,0.35276684147527876
F000761,0.0,0.37763819095477386,0.07222222222222219,0.13471506281091264
F000762,0.08778923273441197,0.8306532663316583,0.7055555555555556,0.6466437567533984
F000763,0.0,0.37763819095477386,0.6277777777777778,0.6362505912097959
F000764,0.0,0.37763819095477386,0.3888888888888889,0.795356896363257
F000765,0.0,0.37763819095477386,0.6166666666666667,0.7356025496904637
F000766,0.07854497463356824,0.8150753768844221,0.7000000000000001,0.6429100507328637
F000767,0.0,0.37763819095477386,0.5111111111111111,0.33554819712314443
F000768,0.0,0.37763819095477386,0.30000000000000004,0.34641016151377546
F000769,0.0,0.37763819095477386,0.2944444444444444,0.2219442706159798
F000770,0.0,0.37763819095477386,0.3388888888888889,0.3595264374969653
F000771,0.4940183509409887,0.9869346733668342,0.7833333333333333,0.14529663145135585
F000772,0.0,0.37763819095477386,0.5222222222222223,0.2694301256218253
F000773,0.0,0.37763819095477386,0.3055555555555556,0.5210388483419269
F000774,0.30013897580312127,0.9447236180904522,0.7055555555555556,0.22194427061597974
F000775,0.0,0.37763819095477386,0.31666666666666665,0.17320508075688776
F000776,0.0,0.37763819095477386,0.33333333333333337,0.26666666666666666
F000777,0.0,0.37763819095477386,0.5,0.19999999999999996
F000778,0.0,0.37763819095477386,0.3222222222222222,0.5590998055737388
F000779,0.0,0.37763819095477386,0.25555555555555554,0.25239592648001224
F000780,0.0,0.37763819095477386,0.23888888888888887,0.6113130979323965
F000781,0.0,0.37763819095477386,0.4444444444444444,0.9645570850760313
F000782,0.09750011120008895,0.835427135678392,0.7222222222222222,0.6938886664887111
F000783,0.0,0.37763819095477386,0.6333333333333333,0.6359594676112972
F000784,0.0,0.37763819095477386,0.39444444444444443,0.33388842669592717
F000785,0.0,0.37763819095477386,0.1166666666666667,0.14529663145135582
F000786,0.0,0.37763819095477386,0.2277777777777778,0.327165152540788
F000787,0.0,0.37763819095477386,0.37777777777777777,0.5047918529600243
F000788,0.0,0.37763819095477386,0.5277777777777778,0.47648403649759036
F000789,0.05157981453777166,0.7914572864321608,0.5888888888888889,0.25239592648001213
F000790,0.0,0.37763819095477386,0.3888888888888889,0.5091750772173156
F000791,0.12156975434186687,0.8552763819095477,0.6555555555555556,0.3790827135384885
F000792,0.0,0.37763819095477386,0.4222222222222222,0.3079201435678004
F000793,0.0,0.37763819095477386,0.31666666666666665,0.5607534613753574
F000794,0.0,0.37763819095477386,0.6555555555555556,0.674399595799712
F000795,0.2759427623343146,0.9341708542713568,0.6888888888888889,0.2036700308869263
F000796,0.08778923273441203,0.8311557788944723,0.7055555555555556,0.6466437567533982
F000797,0.1527920966003969,0.8758793969849247,0.7111111111111111,0.5388602512436507
F000798,0.33605556296098826,0.9557788944723619,0.7722222222222221,0.41677776296691227
F000799,0.0,0.37763819095477386,0.31666666666666665,0.21858128414340003
F000800,0.1396583441364449,0.8655778894472361,0.7000000000000001,0.5206833117271104
F000801,0.0,0.37763819095477386,0.43333333333333335,0.6960204339273701
F000802,0.0,0.37763819095477386,0.19999999999999996,0.23094010767585033
F000803,0.10994063975465382,0.8447236180904523,0.6277777777777778,0.29122983160180343
F000804,0.1396583441364449,0.8655778894472361,0.7000000000000001,0.5206833117271104
F000805,0.0,0.37763819095477386,0.3055555555555556,0.4857220665420977
F000806,0.0,0.37763819095477386,0.33333333333333337,0.5811865258054231
F000807,0.0,0.37763819095477386,0.3611111111111111,0.6768664182452458
F000808,0.0,0.37763819095477386,0.4777777777777778,0.619438216211838
F000809,0.0,0.37763819095477386,0.33333333333333337,0.4
F000810,0.0,0.37763819095477386,0.33333333333333326,0.6666666666666666
F000811,0.0,0.37763819095477386,0.2777777777777778,0.39063101847215437
F000812,0.02519943547145691,0.7736180904522613,0.5222222222222223,0.03849001794597504
F000813,0.43763894448893326,0.9804020100502513,0.8055555555555556,0.34694433324435553
F000814,0.0,0.37763819095477386,0.32777777777777783,0.46228097917143823
F000815,0.14458342024756565,0.8731155778894473,0.6277777777777778,0.2219442706159798
F000816,0.023616579262360632,0.7706030150753769,0.6,0.35276684147527865
F000817,0.1396583441364449,0.8655778894472361,0.7000000000000001,0.5206833117271104
F000818,0.0,0.37763819095477386,0.3111111111111111,0.6301087501670144
F000819,0.0,0.37763819095477386,0.6277777777777778,0.7632775331375821
F000820,0.0,0.37763819095477386,0.3222222222222222,0.4537906190369364
F000821,0.18985690583578663,0.8937185929648241,0.7222222222222222,0.5091750772173156
F000822,0.0,0.37763819095477386,0.3222222222222222,0.3150543750835072
F000823,0.0,0.37763819095477386,0.5388888888888889,0.3404789654676569
F000824,0.0,0.37763819095477386,0.28888888888888886,0.07698003589195009
F000825,0.0,0.37763819095477386,0.32777777777777783,0.5965952781626134
F000826,0.0,0.37763819095477386,0.40555555555555556,0.13471506281091272
F000827,0.0,0.37763819095477386,0.43333333333333335,0.17638342073763938
F000828,0.10975001112000891,0.8434673366834171,0.5722222222222222,0.06938886664887109
F000829,0.0,0.37763819095477386,0.23333333333333334,0.4666666666666667
F000830,0.0,0.37763819095477386,0.55,0.5567764362830022
F000831,0.0,0.37763819095477386,0.43333333333333335,0.6960204339273701
F000832,0.0,0.37763819095477386,0.4444444444444444,0.3849001794597505
F000833,0.0,0.37763819095477386,0.2777777777777778,0.32885885748774984
F000834,0.0,0.37763819095477386,0.3055555555555556,0.5853140973807078
F000835,0.0,0.37763819095477386,0.21111111111111108,0.34210676262979234
F000836,0.0,0.37763819095477386,0.2666666666666666,0.7055336829505575
F000837,0.0,0.37763819095477386,0.4388888888888889,0.25891511550513435
F000838,0.0,0.37763819095477386,0.37777777777777777,0.5388602512436508
F000839,0.0,0.37763819095477386,0.2777777777777778,0.39063101847215437
F000840,0.0,0.37763819095477386,0.3388888888888889,0.6930875632778085
F000841,0.0,0.37763819095477386,0.16666666666666669,0.2
F000842,0.0,0.37763819095477386,0.19444444444444442,0.11706281947614157
F000843,0.0,0.37763819095477386,0.2666666666666666,0.7055336829505575
F000844,0.0,0.37763819095477386,0.28888888888888886,0.6577177149754997
F000845,0.33928775983180265,0.9567839195979899,0.6888888888888889,0.07698003589195009
F000846,0.0,0.37763819095477386,0.6833333333333333,0.9562658858520702
F000847,0.0,0.37763819095477386,0.2833333333333333,0.338296385503074
F000848,0.0,0.37763819095477386,0.31666666666666665,0.21858128414340003
F000849,0.0,0.37763819095477386,0.46111111111111114,0.340478965467657
F000850,0.0,0.37763819095477386,0.2666666666666667,0.35276684147527876
F000851,0.0,0.37763819095477386,0.43333333333333335,0.6960204339273701
F000852,0.0,0.37763819095477386,0.39444444444444443,0.33388842669592717
F000853,0.0,0.37763819095477386,0.5666666666666667,0.41633319989322654
F000854,0.0,0.37763819095477386,0.21666666666666662,0.14529663145135582
F000855,0.0,0.37763819095477386,0.2944444444444444,0.2219442706159798
F000856,0.0,0.37763819095477386,0.39444444444444443,0.36565517048676294
F000857,0.09750011120008895,0.835427135678392,0.7222222222222222,0.6938886664887111
F000858,0.0,0.37763819095477386,0.6055555555555556,0.7120653320005385
F000859,0.0,0.37763819095477386,0.47777777777777775,0.40184758488944716
F000860,0.0,0.37763819095477386,0.5611111111111111,0.4220759980716129
F000861,0.0,0.37763819095477386,0.3222222222222222,0.48227854253801566
F000862,0.0,0.37763819095477386,0.39999999999999997,0.6110100926607787
F000863,0.0,0.37763819095477386,0.2944444444444444,0.2219442706159798
F000864,0.0,0.37763819095477386,0.2666666666666666,0.23094010767585033
F000865,0.0,0.37763819095477386,0.5,0.19999999999999996
F000866,0.16746440855249428,0.8844221105527639,0.6222222222222222,0.15396007178390017
F000867,0.04808538252326666,0.7899497487437186,0.6333333333333333,0.4371625682868
F000868,0.0,0.37763819095477386,0.37222222222222223,0.22194427061597977
F000869,0.0,0.37763819095477386,0.4111111111111111,0.2523959264800122
F000870,0.12836946471792537,0.8582914572864322,0.6944444444444444,0.5210388483419269
F000871,0.0,0.37763819095477386,0.2944444444444444,0.2219442706159798
F000872,0.0,0.37763819095477386,0.3222222222222222,0.3150543750835072
F000873,0.0,0.37763819095477386,0.43333333333333335,0.41633319989322654
F000874,0.09750011120008895,0.835427135678392,0.7222222222222222,0.6938886664887111
F000875,0.0,0.37763819095477386,0.6611111111111111,0.8002314480013707
F000876,0.05779279347834729,0.8007537688442211,0.6111111111111112,0.3288588574877499
F000877,0.0,0.37763819095477386,0.2222222222222222,0.27755546659548436
F000878,0.0,0.37763819095477386,0.32777777777777783,0.46228097917143823
F000879,0.0,0.37763819095477386,0.4444444444444444,0.4073400617738524
F000880,0.0,0.37763819095477386,0.3666666666666667,0.30550504633038933
F000881,0.0,0.37763819095477386,0.37777777777777777,0.5047918529600243
F000882,0.0,0.37763819095477386,0.6555555555555556,0.9197423149588835
F000883,0.35119661282874143,0.9608040201005025,0.7333333333333333,0.23094010767585038
F000884,0.0,0.37763819095477386,0.32777777777777783,0.5965952781626134
F000885,0.13602943530918812,0.8638190954773869,0.638888888888889,0.28349668493717944
F000886,0.03797138116715732,0.7814070351758794,0.5444444444444444,0.10183501544346309
F000887,0.0,0.37763819095477386,0.14444444444444438,0.03849001794597504
F000888,0.3,0.9442211055276382,0.7666666666666666,0.4666666666666667
F000889,0.0,0.37763819095477386,0.3611111111111111,0.6768664182452458
F000890,0.0,0.37763819095477386,0.5166666666666666,0.37564758898615475
F000891,0.0,0.37763819095477386,0.20555555555555555,0.371682859637283
F000892,0.0,0.37763819095477386,0.6666666666666666,0.8326663997864531
F000893,0.0,0.37763819095477386,0.32777777777777783,0.46228097917143823
F000894,0.0,0.37763819095477386,0.4222222222222222,0.5551109331909686
F000895,0.0,0.37763819095477386,0.21111111111111108,0.2143033502442879
F000896,0.0,0.37763819095477386,0.2666666666666667,0.1333333333333333
F000897,0.0,0.37763819095477386,0.4111111111111111,0.2523959264800122
F000898,0.0,0.37763819095477386,0.39999999999999997,0.46188021535170054
F000899,0.0,0.37763819095477386,0.2944444444444444,0.2219442706159798
F000900,0.0,0.37763819095477386,0.6277777777777778,0.6466437567533984
F000901,0.0,0.37763819095477386,0.3388888888888889,0.760360538263361
F000902,0.0934615859097789,0.8324120603015075,0.6333333333333333,0.3464101615137755
F000903,0.0,0.37763819095477386,0.2222222222222222,0.20367003088692623
F000904,0.1609477595072651,0.8811557788944724,0.7222222222222222,0.5669933698743588
F000905,0.0,0.37763819095477386,0.6777777777777778,0.8441519961432257
F000906,0.0,0.37763819095477386,0.23888888888888887,0.06938886664887108
F000907,0.0,0.37763819095477386,0.3888888888888889,0.8388704928078611
F000908,0.0,0.37763819095477386,0.17777777777777776,0.6158402871356008
F000909,0.31380721308696585,0.9510050251256281,0.7277777777777777,0.2834966849371794
F000910,0.0,0.37763819095477386,0.5666666666666667,0.2905932629027115
F000911,0.0,0.37763819095477386,0.25555555555555554,0.16777409856157224
F000912,0.040774413557518235,0.7829145728643216,0.6222222222222222,0.40734006177385246
F000913,0.0,0.37763819095477386,0.4444444444444444,0.3849001794597505
F000914,0.0,0.37763819095477386,0.3388888888888889,0.8002314480013707
F000915,0.31380721308696585,0.9510050251256281,0.7277777777777777,0.2834966849371794
F000916,0.0,0.37763819095477386,0.28888888888888886,0.7812620369443086
F000917,0.0,0.37763819095477386,0.6277777777777778,0.6362505912097959
F000918,0.0,0.37763819095477386,0.3666666666666667,0.24037008503093263
F000919,0.0,0.37763819095477386,0.3388888888888889,0.760360538263361
F000920,0.0,0.37763819095477386,0.3111111111111111,0.6710963942462889
F000921,0.0,0.37763819095477386,0.35,0.5607534613753574
F000922,0.0,0.37763819095477386,0.3055555555555556,0.16442942874387495
F000923,0.0,0.37763819095477386,0.45555555555555555,0.654330305081576
F000924,0.0,0.37763819095477386,0.20555555555555555,0.371682859637283
F000925,0.05811827062314601,0.8027638190954773,0.6277777777777778,0.39487456986481906
F000926,0.0,0.37763819095477386,0.4888888888888889,0.33554819712314443
F000927,0.21093755647727047,0.9085427135678392,0.7388888888888889,0.5336804426010147
F000928,0.0,0.37763819095477386,0.5888888888888889,0.6809579309353139
F000929,0.0,0.37763819095477386,0.4111111111111111,0.16777409856157222
F000930,0.0,0.37763819095477386,0.32777777777777783,0.46228097917143823
F000931,0.02782828700294393,0.7753768844221105,0.6666666666666666,0.6110100926607788
F000932,0.34077636645642,0.957286432160804,0.6944444444444444,0.09622504486493767
F000933,0.0,0.37763819095477386,0.6666666666666666,0.9333333333333333
F000934,0.12156975434186687,0.8552763819095477,0.6555555555555556,0.3790827135384885
F000935,0.0,0.37763819095477386,0.5666666666666667,0.6565905201197403
F000936,0.0,0.37763819095477386,0.39999999999999997,0.5333333333333333
F000937,0.0,0.37763819095477386,0.35,0.5238744548500571
F000938,0.0,0.37763819095477386,0.25,0.35118845842842467
F000939,0.0,0.37763819095477386,0.17777777777777776,0.33554819712314443
F000940,0.0,0.37763819095477386,0.5555555555555556,0.40734006177385246
F000941,0.0,0.37763819095477386,0.14444444444444443,0.1387777332977422
F000942,0.0,0.37763819095477386,0.24444444444444446,0.15396007178390017
F000943,0.0,0.37763819095477386,0.2944444444444444,0.2219442706159798
F000944,0.0,0.37763819095477386,0.2222222222222222,0.20367003088692623
F000945,0.1286602460370874,0.8590452261306533,0.6777777777777778,0.45379061903693635
F000946,0.0,0.37763819095477386,0.5611111111111111,0.7426179916225311
F000947,0.0,0.37763819095477386,0.29999999999999993,0.37118429085533483
F000948,0.0015954837716553316,0.757286432160804,0.5777777777777777,0.3079201435678004
F000949,0.42129842977749865,0.978140703517588,0.8111111111111111,0.4018475848894472
F000950,0.21965695838264282,0.9148241206030151,0.7277777777777777,0.47179719434582545
F000951,0.0,0.37763819095477386,0.21666666666666662,0.14529663145135582
F000952,0.0,0.37763819095477386,0.45,0.05773502691896256
F000953,0.0,0.37763819095477386,0.31666666666666665,0.4358898943540674
F000954,0.0,0.37763819095477386,0.4888888888888889,0.33554819712314443
F000955,0.28869056047795894,0.9414572864321608,0.7611111111111111,0.4670633234885267
F000956,0.0,0.37763819095477386,0.42777777777777776,0.6185406959874125
F000957,0.0,0.37763819095477386,0.21111111111111108,0.5178302310102686
F000958,0.0,0.37763819095477386,0.25555555555555554,0.16777409856157224
F000959,0.0,0.37763819095477386,0.3666666666666667,0.24037008503093263
F000960,0.0,0.37763819095477386,0.39444444444444443,0.33388842669592717
F000961,0.0,0.37763819095477386,0.26111111111111107,0.26736020923368814
F000962,0.040774413557518235,0.7829145728643216,0.6222222222222222,0.40734006177385246
F000963,0.0,0.37763819095477386,0.3888888888888889,0.7726817178094982
F000964,0.2194088338597761,0.9128140703517588,0.7722222222222221,0.6500712211693366
F000965,0.0,0.37763819095477386,0.26111111111111107,0.5620728831085219
F000966,0.0,0.37763819095477386,0.6222222222222222,0.5047918529600244
F000967,0.0,0.37763819095477386,0.31666666666666665,0.17320508075688776
F000968,0.0,0.37763819095477386,0.4777777777777778,0.619438216211838
F000969,0.12156975434186687,0.8552763819095477,0.6555555555555556,0.3790827135384885
F000970,0.0,0.37763819095477386,0.4222222222222222,0.6301087501670144
F000971,0.0,0.37763819095477386,0.6166666666666667,0.5840471822645077
F000972,0.0,0.37763819095477386,0.4888888888888889,0.40734006177385246
F000973,0.0,0.37763819095477386,0.33333333333333337,0.4
F000974,0.3066741745169514,0.9489949748743719,0.6944444444444444,0.16442942874387492
F000975,0.0,0.37763819095477386,0.55,0.5567764362830022
F000976,0.10515940274608065,0.8399497487437186,0.611111111111111,0.23412563895228305
F000977,0.0,0.37763819095477386,0.3666666666666667,0.6359594676112971
F000978,0.0,0.37763819095477386,0.23333333333333334,0.5033222956847166
F000979,0.0,0.37763819095477386,0.3388888888888889,0.5965952781626133
F000980,0.07600565276868615,0.8123115577889447,0.6777777777777778,0.5590998055737388
F000981,0.0,0.37763819095477386,0.6444444444444444,0.8146801235477049
F000982,0.0,0.37763819095477386,0.3611111111111111,0.09622504486493767
F000983,0.0,0.37763819095477386,0.29999999999999993,0.7688375063113864
F000984,0.012348229783361087,0.7645728643216081,0.6555555555555556,0.5975257626555001
F000985,0.6918661021381237,0.9977386934673367,0.8555555555555556,0.03849001794597504
F000986,0.0,0.37763819095477386,0.39999999999999997,0.46188021535170054
F000987,0.0,0.37763819095477386,0.4388888888888889,0.25891511550513435
F000988,0.0,0.37763819095477386,0.34444444444444444,0.30061665018819295
F000989,0.0,0.37763819095477386,0.25555555555555554,0.5003702332976756
F000990,0.0,0.37763819095477386,0.65,0.6887992773257274
F000991,0.0,0.37763819095477386,0.35,0.40960685758148363
F000992,0.03159120375006785,0.7806532663316583,0.7111111111111111,0.7812620369443087
F000993,0.0461468053631377,0.7889447236180904,0.6722222222222222,0.5965952781626134
F000994,0.0,0.37763819095477386,0.45555555555555555,0.654330305081576
F000995,0.0,0.37763819095477386,0.3666666666666667,0.4055175020198814
F000996,0.10158341117339567,0.8381909547738694,0.6722222222222223,0.48572206654209765
F000997,0.0,0.37763819095477386,0.23333333333333334,0.5033222956847166
F000998,0.0,0.37763819095477386,0.3111111111111111,0.3355481971231445
F000999,0.0,0.37763819095477386,0.30000000000000004,0.34641016151377546
F001000,0.0,0.37763819095477386,0.5277777777777778,0.47648403649759036
F001001,0.0,0.37763819095477386,0.4111111111111111,0.25239592648001213
F001002,0.0,0.37763819095477386,0.5888888888888889,0.582459663203607
F001003,0.04398254822208268,0.785929648241206,0.5722222222222222,0.20092379244472355
F001004,0.0,0.37763819095477386,0.5444444444444445,0.6049181150584978
F001005,0.07854497463356824,0.8150753768844221,0.7000000000000001,0.6429100507328637
F001006,0.0,0.37763819095477386,0.24444444444444446,0.15396007178390017
F001007,0.22250017382846474,0.9168341708542713,0.7222222222222222,0.4438885412319595
F001008,0.0,0.37763819095477386,0.16666666666666669,0.06666666666666671
F001009,0.015581246844306895,0.7658291457286432,0.7000000000000001,0.7688375063113864
F001010,0.0,0.37763819095477386,0.49444444444444446,0.5500841686438473
F001011,0.0,0.37763819095477386,0.6611111111111111,0.9142898478742537
F001012,0.0,0.37763819095477386,0.3555555555555555,0.5388602512436507
F001013,0.0,0.37763819095477386,0.6611111111111111,0.8002314480013707
F001014,0.0,0.37763819095477386,0.42777777777777776,0.5581052602166382
F001015,0.45396403246129235,0.9816582914572864,0.8388888888888888,0.44762749063297075
F001016,0.0,0.37763819095477386,0.3222222222222222,0.3150543750835072
F001017,0.0,0.37763819095477386,0.34444444444444444,0.5590998055737388
F001018,0.0,0.37763819095477386,0.23888888888888887,0.6113130979323965
F001019,0.1396583441364449,0.8655778894472361,0.7000000000000001,0.5206833117271104
F001020,0.0,0.37763819095477386,0.37222222222222223,0.4525647078759179
F001021,0.19677657668899579,0.8974874371859296,0.75,0.6064468466220084
F001022,0.0,0.37763819095477386,0.4222222222222222,0.20367003088692623
F001023,0.0,0.37763819095477386,0.43333333333333335,0.41633319989322654
F001024,0.0,0.37763819095477386,0.5555555555555556,0.6577177149754996
F001025,0.4681552732912839,0.9839195979899498,0.7388888888888888,0.019245008972987587
F001026,0.01938406748069557,0.7678391959798995,0.6055555555555556,0.38345408726083113
F001027,0.0,0.37763819095477386,0.5833333333333334,0.39299420408505326
F001028,0.0,0.37763819095477386,0.37222222222222223,0.2912298316018035
F001029,0.0,0.37763819095477386,0.3055555555555556,0.5210388483419269
F001030,0.21367382617870156,0.9105527638190954,0.7055555555555556,0.39487456986481917
F001031,0.0,0.37763819095477386,0.6388888888888888,0.6702680503046966
F001032,0.0,0.37763819095477386,0.2777777777777778,0.1924500897298753
F001033,0.45396403246129235,0.9816582914572864,0.8388888888888888,0.44762749063297075
F001034,0.0,0.37763819095477386,0.2666666666666667,0.1333333333333333
F001035,0.0,0.37763819095477386,0.6166666666666667,0.7446102634562891
F001036,0.0,0.37763819095477386,0.28888888888888886,0.6577177149754997
F001037,0.0,0.37763819095477386,0.4166666666666667,0.4932882862316248
F001038,0.0,0.37763819095477386,0.28888888888888886,0.40734006177385246
F001039,0.08421580159264294,0.821105527638191,0.6555555555555556,0.45379061903693635
F001040,0.0,0.37763819095477386,0.23888888888888887,0.6113130979323965
F001041,0.0,0.37763819095477386,0.35,0.43588989435406733
F001042,0.0,0.37763819095477386,0.34444444444444444,0.3790827135384885
F001043,0.0,0.37763819095477386,0.2666666666666666,0.23094010767585033
F001044,0.03159120375006785,0.7806532663316583,0.7111111111111111,0.7812620369443087
F001045,0.0,0.37763819095477386,0.4222222222222222,0.42860670048857574
F001046,0.0,0.37763819095477386,0.43333333333333335,0.6960204339273701
F001047,0.08452994616207482,0.8226130653266331,0.6,0.23094010767585027
F001048,0.0,0.37763819095477386,0.5888888888888889,0.619438216211838
F001049,0.022329099369260225,0.7698492462311558,0.5833333333333333,0.2886751345948128
F001050,0.0720721268714043,0.8110552763819096,0.638888888888889,0.4114113018127471
F001051,0.13194764466624798,0.8620603015075377,0.7166666666666667,0.6027713773341707
F001052,0.08772091370538554,0.8293969849246231,0.7555555555555555,0.8467803948114511
F001053,0.0,0.37763819095477386,0.2833333333333333,0.5840471822645078
F001054,0.0,0.37763819095477386,0.42777777777777776,0.46706332348852664
F001055,0.0,0.37763819095477386,0.27222222222222225,0.6834010806525236
F001056,0.1138550152292937,0.8467336683417085,0.7277777777777777,0.6834010806525237
F001057,0.0,0.37763819095477386,0.2777777777777778,0.5091750772173156
F001058,0.668262150438322,0.9964824120603015,0.9111111111111112,0.30792014356780045
F001059,0.2641851405817963,0.9316582914572864,0.7166666666666667,0.338296385503074
F001060,0.0,0.37763819095477386,0.3555555555555555,0.5551109331909687
F001061,0.0,0.37763819095477386,0.2944444444444444,0.2219442706159798
F001062,0.0,0.37763819095477386,0.6111111111111112,0.6049181150584978
F001063,0.0,0.37763819095477386,0.37222222222222223,0.38920621973637765
F001064,0.0,0.37763819095477386,0.27222222222222225,0.4717971943458255
F001065,0.06418514058179639,0.807286432160804,0.6166666666666667,0.338296385503074
F001066,0.3053032039793522,0.9474874371859296,0.7444444444444445,0.36717136981907356
F001067,0.0,0.37763819095477386,0.21111111111111108,0.2143033502442879
F001068,0.009276095667648004,0.7633165829145728,0.5555555555555556,0.20367003088692617
F001069,0.0,0.37763819095477386,0.27222222222222225,0.2501851166488378
F001070,0.0,0.37763819095477386,0.2777777777777778,0.4337604732431808
F001071,0.0,0.37763819095477386,0.20555555555555555,0.371682859637283
F001072,0.0,0.37763819095477386,0.3055555555555556,0.5210388483419269
F001073,0.0,0.37763819095477386,0.2777777777777778,0.23412563895228314
F001074,0.11791670226095119,0.8522613065326633,0.6944444444444444,0.5419443732558754
F001075,0.0,0.37763819095477386,0.32777777777777783,0.44263520637871306
F001076,0.0,0.37763819095477386,0.23888888888888887,0.6113130979323965
F001077,0.0,0.37763819095477386,0.6555555555555556,0.9197423149588835
F001078,0.0,0.37763819095477386,0.19444444444444442,0.3469443332443554
F001079,0.0,0.37763819095477386,0.45555555555555555,0.6677768533918542
F001080,0.0,0.37763819095477386,0.2222222222222222,0.20367003088692623
F001081,0.0,0.37763819095477386,0.7111111111111111,0.887777082463919
F001082,0.0,0.37763819095477386,0.35555555555555557,0.9075812380738727
F001083,0.0,0.37763819095477386,0.37222222222222223,0.36565517048676305
F001084,0.0,0.37763819095477386,0.2611111111111112,0.5928587365312934
F001085,0.08205505282296638,0.8198492462311557,0.65,0.43588989435406733
F001086,0.07854497463356824,0.8150753768844221,0.7000000000000001,0.6429100507328637
F001087,0.0,0.37763819095477386,0.3666666666666667,0.24037008503093263
F001088,0.11441628428654776,0.8492462311557789,0.6777777777777778,0.4822785425380157
F001089,0.10022231118229341,0.8369346733668341,0.6888888888888889,0.5551109331909687
F001090,0.0,0.37763819095477386,0.33333333333333337,0.5811865258054231
F001091,0.0,0.37763819095477386,0.3111111111111111,0.3355481971231445
F001092,0.0,0.37763819095477386,0.33333333333333337,0.4
F001093,0.0,0.37763819095477386,0.25555555555555554,0.25239592648001224
F001094,0.05679267422780554,0.7982412060301508,0.6777777777777778,0.5975257626555002
F001095,0.10022231118229341,0.8369346733668341,0.6888888888888889,0.5551109331909687
F001096,0.0,0.37763819095477386,0.32777777777777783,0.5965952781626134
F001097,0.1333333333333333,0.8628140703517588,0.6,0.1333333333333333
F001098,0.0,0.37763819095477386,0.19444444444444442,0.11706281947614157
F001099,0.3035028979574734,0.9464824120603015,0.75,0.3929942040850532
F001100,0.0,0.37763819095477386,0.5444444444444445,0.6049181150584978
F001101,0.28869056047795894,0.9414572864321608,0.7611111111111111,0.4670633234885267
F001102,0.2016525865877183,0.9025125628140703,0.6611111111111111,0.24113927126900786
F001103,0.0,0.37763819095477386,0.4888888888888889,0.33554819712314443
F001104,0.0,0.37763819095477386,0.3222222222222222,0.3671713698190735
F001105,0.0,0.37763819095477386,0.45,0.5567764362830022
F001106,0.0,0.37763819095477386,0.17222222222222222,0.29876288132775003
F001107,0.0,0.37763819095477386,0.27222222222222225,0.2501851166488378
F001108,0.0,0.37763819095477386,0.2,0.48074017006186526
F001109,0.0,0.37763819095477386,0.2833333333333333,0.5196152422706632
F001110,0.08421580159264294,0.821105527638191,0.6555555555555556,0.45379061903693635
F001111,0.0,0.37763819095477386,0.28888888888888886,0.15396007178390017
F001112,0.0,0.37763819095477386,0.18888888888888888,0.1387777332977422
F001113,0.0,0.37763819095477386,0.6555555555555556,0.795356896363257
F001114,0.0,0.37763819095477386,0.29999999999999993,0.5206833117271104
F001115,0.0,0.37763819095477386,0.2833333333333333,0.2081665999466133
F001116,0.0,0.37763819095477386,0.5055555555555555,0.18954135676924425
F001117,0.0,0.37763819095477386,0.2444444444444444,0.20367003088692626
F001118,0.0,0.37763819095477386,0.2444444444444444,0.20367003088692626
F001119,0.0015954837716553594,0.7577889447236181,0.5777777777777777,0.30792014356780034
F001120,0.0,0.37763819095477386,0.08333333333333331,0.28867513459481287
F001121,0.0,0.37763819095477386,0.4,0.13333333333333336
F001122,0.0,0.37763819095477386,0.14444444444444443,0.1387777332977422
F001123,0.0,0.37763819095477386,0.3888888888888889,0.19245008972987526
F001124,0.0,0.37763819095477386,0.2666666666666667,0.1333333333333333
F001125,0.0,0.37763819095477386,0.4222222222222222,0.4682512779045661
F001126,0.0,0.37763819095477386,0.2944444444444444,0.8002314480013707
F001127,0.0,0.37763819095477386,0.34444444444444444,0.30061665018819295
F001128,0.28344448892448004,0.9402010050251256,0.7111111111111111,0.2775554665954844
F001129,0.0,0.37763819095477386,0.16666666666666669,0.06666666666666671
F001130,0.0,0.37763819095477386,0.42777777777777776,0.6866450913546834
F001131,0.0,0.37763819095477386,0.3388888888888889,0.724441036120135
F001132,0.0,0.37763819095477386,0.3888888888888889,0.795356896363257
F001133,0.0,0.37763819095477386,0.4333333333333333,0.4666666666666667
F001134,0.0,0.37763819095477386,0.2666666666666666,0.7055336829505575
F001135,0.01853009304474018,0.7670854271356784,0.5833333333333334,0.29627314724385295
F001136,0.0,0.37763819095477386,0.3222222222222222,0.3790827135384885
F001137,0.0,0.37763819095477386,0.5222222222222223,0.5347204184673763
F001138,0.031561208324241696,0.778391959798995,0.6555555555555556,0.559099805573739
F001139,0.0,0.37763819095477386,0.40555555555555556,0.6003085626328932
F001140,0.0,0.37763819095477386,0.18888888888888888,0.03849001794597511
F001141,0.0,0.37763819095477386,0.5777777777777777,0.42860670048857574
F001142,0.0,0.37763819095477386,0.39999999999999997,0.46188021535170054
F001143,0.0,0.37763819095477386,0.3666666666666667,0.30550504633038933
F001144,0.0,0.37763819095477386,0.33333333333333337,0.6666666666666666
F001145,0.0,0.37763819095477386,0.5444444444444445,0.64060156912887
F001146,0.0,0.37763819095477386,0.6055555555555556,0.589098495191625
F001147,0.0,0.37763819095477386,0.25555555555555554,0.5003702332976756
F001148,0.0,0.37763819095477386,0.3222222222222222,0.3671713698190735
F001149,0.0,0.37763819095477386,0.3888888888888889,0.7128451081042418
F001150,0.1464816241512003,0.8741206030150753,0.6333333333333333,0.24037008503093257
F001151,0.0,0.37763819095477386,0.25555555555555554,0.44388854123195953
F001152,0.0,0.37763819095477386,0.6111111111111112,0.5669933698743588
F001153,0.0,0.37763819095477386,0.21111111111111108,0.10183501544346314
F001154,0.0,0.37763819095477386,0.32777777777777783,0.5167562646325994
F001155,0.0,0.37763819095477386,0.25555555555555554,0.44388854123195953
F001156,0.22828352586772957,0.921105527638191,0.7055555555555555,0.36565517048676294
F001157,0.0,0.37763819095477386,0.3888888888888889,0.3288588574877498
F001158,0.0,0.37763819095477386,0.28888888888888886,0.6577177149754997
F001159,0.0,0.37763819095477386,0.3611111111111111,0.4114113018127471
F001160,0.0,0.37763819095477386,0.3111111111111111,0.20367003088692623
F001161,0.0,0.37763819095477386,0.5666666666666667,0.2905932629027115
F001162,0.0,0.37763819095477386,0.21111111111111108,0.5178302310102686
F001163,0.0,0.37763819095477386,0.2222222222222222,0.27755546659548436
F001164,0.0,0.37763819095477386,0.3055555555555556,0.5210388483419269
F001165,0.0,0.37763819095477386,0.2944444444444444,0.2219442706159798
F001166,0.0,0.37763819095477386,0.3388888888888889,0.724441036120135
F001167,0.0,0.37763819095477386,0.5277777777777778,0.6256848100133817
F001168,0.0,0.37763819095477386,0.3888888888888889,0.19245008972987526
F001169,0.0,0.37763819095477386,0.17777777777777776,0.33554819712314443
F001170,0.0,0.37763819095477386,0.37222222222222223,0.38920621973637765
F001171,0.0,0.37763819095477386,0.33333333333333337,0.5811865258054232
F001172,0.0,0.37763819095477386,0.2666666666666667,0.1333333333333333
F001173,0.0,0.37763819095477386,0.5111111111111111,0.42860670048857574
F001174,0.0,0.37763819095477386,0.2833333333333333,0.5364492313143694
F001175,0.0,0.37763819095477386,0.31666666666666665,0.2185812841434
F001176,0.023616579262360632,0.7706030150753769,0.6,0.35276684147527865
F001177,0.0,0.37763819095477386,0.2833333333333333,0.5364492313143694
F001178,0.2535898384862245,0.9281407035175879,0.8,0.6928203230275509
F001179,0.0,0.37763819095477386,0.6833333333333333,0.8373237791386979
F001180,0.0,0.37763819095477386,0.4166666666666667,0.39299420408505326
F001181,0.0,0.37763819095477386,0.5611111111111111,0.41677776296691227
F001182,0.0,0.37763819095477386,0.2222222222222222,0.27755546659548436
F001183,0.0,0.37763819095477386,0.2444444444444444,0.20367003088692626
F001184,0.0,0.37763819095477386,0.21666666666666662,0.05773502691896257
F001185,0.00027795160624244364,0.7562814070351759,0.6111111111111112,0.4438885412319596
F001186,0.0,0.37763819095477386,0.32777777777777783,0.46228097917143823
F001187,0.0,0.37763819095477386,0.3055555555555556,0.4114113018127471
F001188,0.0,0.37763819095477386,0.16666666666666669,0.2
F001189,0.0,0.37763819095477386,0.37777777777777777,0.5047918529600243
F001190,0.0,0.37763819095477386,0.32777777777777783,0.24113927126900783
F001191,0.0,0.37763819095477386,0.39999999999999997,0.4807401700618652
F001192,0.0,0.37763819095477386,0.35,0.40960685758148363
F001193,0.0,0.37763819095477386,0.24444444444444446,0.15396007178390017
F001194,0.17059291992817427,0.8861809045226131,0.7277777777777777,0.5699252712547626
F001195,0.0,0.37763819095477386,0.40555555555555556,0.6003085626328932
F001196,0.0,0.37763819095477386,0.37222222222222223,0.38920621973637765
F001197,0.0,0.37763819095477386,0.18888888888888888,0.1387777332977422
F001198,0.0,0.37763819095477386,0.1555555555555556,0.4286067004885758
F001199,0.2194088338597761,0.9128140703517588,0.7722222222222221,0.6500712211693366
F001200,0.0,0.37763819095477386,0.40555555555555556,0.6292264504341231
F001201,0.0,0.37763819095477386,0.5333333333333333,0.35276684147527876
F001202,0.0,0.37763819095477386,0.5722222222222222,0.46706332348852675
F001203,0.0,0.37763819095477386,0.2777777777777778,0.39063101847215437
F001204,0.0,0.37763819095477386,0.33333333333333337,0.13333333333333336
F001205,0.0,0.37763819095477386,0.21666666666666662,0.14529663145135582
F001206,0.0,0.37763819095477386,0.27222222222222225,0.28349668493717944
F001207,0.0,0.37763819095477386,0.48333333333333334,0.2645751311064591
F001208,0.0,0.37763819095477386,0.18333333333333335,0.42557151116012354
F001209,0.0,0.37763819095477386,0.3111111111111111,0.07698003589195009
F001210,0.0,0.37763819095477386,0.2444444444444444,0.20367003088692626
F001211,0.0,0.37763819095477386,0.3277777777777777,0.6149375156454094
F001212,0.08205505282296638,0.8198492462311557,0.65,0.43588989435406733
F001213,0.0,0.37763819095477386,0.37222222222222223,0.36565517048676305
F001214,0.0,0.37763819095477386,0.2944444444444444,0.29122983160180355
F001215,0.0,0.37763819095477386,0.2944444444444444,0.29122983160180355
F001216,0.0,0.37763819095477386,0.2777777777777778,0.4337604732431808
F001217,0.0,0.37763819095477386,0.6111111111111112,0.7128451081042418
F001218,0.0,0.37763819095477386,0.35,0.6173419725817378
F001219,0.0,0.37763819095477386,0.28888888888888886,0.15396007178390017
F001220,0.0,0.37763819095477386,0.3055555555555556,0.5210388483419269
F001221,0.0,0.37763819095477386,0.31666666666666665,0.40960685758148363
F001222,0.1211147903273167,0.8527638190954774,0.6444444444444445,0.33554819712314443
F001223,0.0,0.37763819095477386,0.5333333333333333,0.5811865258054232
F001224,0.01853009304474018,0.7670854271356784,0.5833333333333334,0.29627314724385295
F001225,0.0,0.37763819095477386,0.5888888888888889,0.582459663203607
F001226,0.0,0.37763819095477386,0.2666666666666666,0.23094010767585033
F001227,0.0,0.37763819095477386,0.2666666666666667,0.1333333333333333
F001228,0.0,0.37763819095477386,0.37777777777777777,0.5388602512436508
F001229,0.0,0.37763819095477386,0.3222222222222222,0.3150543750835072
F001230,0.0,0.37763819095477386,0.28888888888888886,0.15396007178390017
F001231,0.05811827062314601,0.8027638190954773,0.6277777777777778,0.39487456986481906
F001232,0.0,0.37763819095477386,0.6388888888888888,0.7690783324743206
F001233,0.0,0.37763819095477386,0.2777777777777778,0.4438885412319595
F001234,0.0,0.37763819095477386,0.32777777777777783,0.46228097917143823
F001235,0.3596299149690673,0.9623115577889447,0.8,0.4807401700618653
F001236,0.0,0.37763819095477386,0.45555555555555555,0.10183501544346309
F001237,0.05157981453777166,0.7914572864321608,0.5888888888888889,0.25239592648001213
F001238,0.3244057707857877,0.9522613065326633,0.75,0.3511884584284246
F001239,0.0,0.37763819095477386,0.3055555555555556,0.5419443732558754
F001240,0.0,0.37763819095477386,0.31666666666666665,0.776745346515403
F001241,0.0,0.37763819095477386,0.28888888888888886,0.6842135252595846
F001242,0.0,0.37763819095477386,0.5333333333333333,0.35276684147527876
F001243,0.0,0.37763819095477386,0.3388888888888889,0.760360538263361
F001244,0.0,0.37763819095477386,0.33333333333333337,0.5811865258054231
F001245,0.053720540112092444,0.7937185929648242,0.5777777777777777,0.20367003088692617
F001246,0.0,0.37763819095477386,0.37777777777777777,0.5047918529600243
F001247,0.21000367921620552,0.9065326633165829,0.6888888888888889,0.3355481971231445
F001248,0.0,0.37763819095477386,0.538888888888889,0.45256470787591785
F001249,0.0,0.37763819095477386,0.5777777777777777,0.5388602512436508
F001250,0.0,0.37763819095477386,0.5777777777777777,0.5551109331909687
F001251,0.3880367018819775,0.9718592964824121,0.7666666666666666,0.29059326290271165
F001252,0.0,0.37763819095477386,0.2944444444444444,0.5419443732558755
F001253,0.0,0.37763819095477386,0.45555555555555555,0.10183501544346309
F001254,0.0,0.37763819095477386,0.3555555555555555,0.6710963942462889
F001255,0.0,0.37763819095477386,0.4444444444444444,0.4073400617738524
F001256,0.08628993597898799,0.8266331658291457,0.6833333333333333,0.5607534613753574
F001257,0.0,0.37763819095477386,0.39999999999999997,0.6110100926607787
F001258,0.04398254822208268,0.785929648241206,0.5722222222222222,0.20092379244472355
F001259,0.0,0.37763819095477386,0.2777777777777778,0.39063101847215437
F001260,0.0,0.37763819095477386,0.5166666666666666,0.37564758898615475
F001261,0.0,0.37763819095477386,0.1833333333333333,0.2645751311064591
F001262,0.0,0.37763819095477386,0.4888888888888889,0.6577177149754997
F001263,0.0,0.37763819095477386,0.25,0.4409585518440985
F001264,0.0,0.37763819095477386,0.3055555555555556,0.5210388483419269
F001265,0.0,0.37763819095477386,0.2944444444444444,0.2219442706159798
F001266,0.0,0.37763819095477386,0.21111111111111108,0.10183501544346314
F001267,0.08011545959242994,0.8183417085427136,0.7111111111111111,0.6842135252595846
F001268,0.015581246844306895,0.7658291457286432,0.7000000000000001,0.7688375063113864
F001269,0.0,0.37763819095477386,0.48333333333333334,0.6691619966628244
F001270,0.0,0.37763819095477386,0.5777777777777777,0.42860670048857574
F001271,0.24714054642029917,0.9241206030150754,0.6944444444444444,0.28349668493717944
F001272,0.0,0.37763819095477386,0.5833333333333334,0.49328828623162474
F001273,0.17926638440239515,0.8889447236180904,0.5944444444444444,0.01924500897298746
F001274,0.09389072849699164,0.8334170854271357,0.5888888888888889,0.1677740985615722
F001275,0.0,0.37763819095477386,0.5611111111111111,0.4220759980716129
F001276,0.0,0.37763819095477386,0.38333333333333336,0.7505553499465135
F001277,0.0,0.37763819095477386,0.3888888888888889,0.5091750772173156
F001278,0.0,0.37763819095477386,0.5555555555555556,0.6301087501670145
F001279,0.0,0.37763819095477386,0.2944444444444444,0.2219442706159798
F001280,0.040774413557518235,0.7829145728643216,0.6222222222222222,0.40734006177385246
F001281,0.0,0.37763819095477386,0.38333333333333336,0.2081665999466133
F001282,0.0,0.37763819095477386,0.6888888888888889,0.8572134009771516
F001283,0.0,0.37763819095477386,0.27222222222222225,0.28349668493717944
F001284,0.0,0.37763819095477386,0.3555555555555555,0.6012333003763859
F001285,0.0,0.37763819095477386,0.31666666666666665,0.7535103036971544
F001286,0.0,0.37763819095477386,0.34444444444444444,0.3150543750835073
F001287,0.0,0.37763819095477386,0.23888888888888887,0.06938886664887108
F001288,0.3019833036961032,0.9454773869346733,0.7944444444444445,0.5738111703855714
F001289,0.0,0.37763819095477386,0.42777777777777776,0.2009237924447236
F001290,0.0,0.37763819095477386,0.35,0.40960685758148363
F001291,0.0,0.37763819095477386,0.6611111111111111,0.9142898478742537
F001292,0.0,0.37763819095477386,0.3055555555555556,0.4114113018127471
F001293,0.0,0.37763819095477386,0.28888888888888886,0.7812620369443086
F001294,0.0,0.37763819095477386,0.20555555555555555,0.41677776296691227
F001295,0.18985690583578663,0.8937185929648241,0.7222222222222222,0.5091750772173156
F001296,0.18985690583578663,0.8937185929648241,0.7222222222222222,0.5091750772173156
F001297,0.0,0.37763819095477386,0.2777777777777778,0.39063101847215437
F001298,0.0,0.37763819095477386,0.6333333333333333,0.7512951779723097
F001299,0.0,0.37763819095477386,0.21111111111111108,0.2143033502442879
F001300,0.0,0.37763819095477386,0.34444444444444444,0.2694301256218254
F001301,0.0,0.37763819095477386,0.23888888888888887,0.2009237924447236
F001302,0.0,0.37763819095477386,0.24444444444444446,0.5388602512436508
F001303,0.0,0.37763819095477386,0.33333333333333337,0.5811865258054231
F001304,0.4149868866918772,0.9763819095477387,0.7722222222222221,0.2589151155051343
F001305,0.08628993597898799,0.8266331658291457,0.6833333333333333,0.5607534613753574
F001306,0.0,0.37763819095477386,0.3555555555555555,0.5551109331909687
F001307,0.0,0.37763819095477386,0.2222222222222222,0.20367003088692623
F001308,0.0,0.37763819095477386,0.36111111111111116,0.16442942874387495
F001309,0.0,0.37763819095477386,0.5722222222222222,0.46706332348852675
F001310,0.0,0.37763819095477386,0.37777777777777777,0.5047918529600243
F001311,0.0,0.37763819095477386,0.35,0.21858128414340006
F001312,0.0,0.37763819095477386,0.3055555555555556,0.16442942874387495
F001313,0.0,0.37763819095477386,0.5333333333333333,0.48074017006186537
F001314,0.20165258658771829,0.9017587939698493,0.6611111111111111,0.2411392712690079
F001315,0.0,0.37763819095477386,0.3111111111111111,0.20367003088692623
F001316,0.36779874338239293,0.9660804020100503,0.7722222222222223,0.3532914021241032
F001317,0.20524723046145907,0.9030150753768844,0.6777777777777778,0.300616650188193
F001318,0.0,0.37763819095477386,0.23888888888888887,0.06938886664887108
F001319,0.16746440855249428,0.8844221105527639,0.6222222222222222,0.15396007178390017
F001320,0.0,0.37763819095477386,0.19444444444444442,0.11706281947614157
F001321,0.0,0.37763819095477386,0.3111111111111111,0.6710963942462889
F001322,0.0,0.37763819095477386,0.2944444444444445,0.39487456986481917
F001323,0.0,0.37763819095477386,0.5333333333333333,0.39999999999999997
F001324,0.0,0.37763819095477386,0.3388888888888889,0.1503083250940965
F001325,0.32516673338672003,0.9527638190954774,0.7666666666666666,0.4163331998932266
F001326,0.41042024637232144,0.9758793969849247,0.7388888888888889,0.13471506281091275
F001327,0.0,0.37763819095477386,0.23888888888888887,0.06938886664887108
F001328,0.0,0.37763819095477386,0.24444444444444446,0.4286067004885758
F001329,0.0,0.37763819095477386,0.39444444444444443,0.46706332348852675
F001330,0.34129114829119156,0.9587939698492463,0.788888888888889,0.4729732589731725
F001331,0.0,0.37763819095477386,0.6166666666666667,0.6489307444643928
F001332,0.0,0.37763819095477386,0.3666666666666667,0.30550504633038933
F001333,0.0,0.37763819095477386,0.3555555555555555,0.5551109331909687
F001334,0.0,0.37763819095477386,0.5833333333333334,0.3511884584284246
F001335,0.0,0.37763819095477386,0.7111111111111111,0.887777082463919
F001336,0.0,0.37763819095477386,0.39999999999999997,0.46188021535170054
F001337,0.7511966128287416,0.9984924623115577,0.9333333333333333,0.23094010767585024
F001338,0.0,0.37763819095477386,0.37777777777777777,0.5388602512436508
F001339,0.19677657668899579,0.8974874371859296,0.75,0.6064468466220084
F001340,0.0,0.37763819095477386,0.2222222222222222,0.20367003088692623
F001341,0.0,0.37763819095477386,0.2666666666666666,0.6928203230275509
F001342,0.044166897763147556,0.7874371859296483,0.6055555555555555,0.333888426695927
F001343,0.05811827062314601,0.8027638190954773,0.6277777777777778,0.39487456986481906
F001344,0.0,0.37763819095477386,0.45555555555555555,0.7669081745216623
F001345,0.0,0.37763819095477386,0.37222222222222223,0.38920621973637765
F001346,0.24318506236115578,0.9221105527638191,0.7444444444444445,0.4914076530554663
F001347,0.0,0.37763819095477386,0.2222222222222222,0.27755546659548436
F001348,0.0,0.37763819095477386,0.3888888888888889,0.3288588574877498
F001349,0.0,0.37763819095477386,0.3666666666666667,0.43716256828680006
F001350,0.0,0.37763819095477386,0.4444444444444444,0.5047918529600243
F001351,0.0,0.37763819095477386,0.3555555555555555,0.5551109331909687
F001352,0.0,0.37763819095477386,0.6333333333333333,0.7512951779723097
F001353,0.0,0.37763819095477386,0.1166666666666667,0.14529663145135582
F001354,0.0,0.37763819095477386,0.32777777777777783,0.44263520637871306
F001355,0.0,0.37763819095477386,0.25,0.29627314724385295
F001356,0.0,0.37763819095477386,0.4388888888888889,0.41677776296691227
F001357,0.2775464301006656,0.9349246231155779,0.7388888888888889,0.40046269535422446
F001358,0.1611616203362774,0.8824120603015075,0.7333333333333334,0.6110100926607787
F001359,0.0,0.37763819095477386,0.3055555555555556,0.4857220665420977
F001360,0.0,0.37763819095477386,0.4666666666666667,0.9237604307034013
F001361,0.0,0.37763819095477386,0.3055555555555556,0.4857220665420977
F001362,0.0,0.37763819095477386,0.4111111111111111,0.743365719274566
F001363,0.19674133622351697,0.8964824120603015,0.7388888888888889,0.5620728831085218
F001364,0.0,0.37763819095477386,0.5777777777777777,0.5551109331909687
F001365,0.0,0.37763819095477386,0.4166666666666667,0.3179797338056486
F001366,0.0,0.37763819095477386,0.21111111111111108,0.5178302310102686
F001367,0.0,0.37763819095477386,0.2222222222222222,0.20367003088692623
F001368,0.0,0.37763819095477386,0.2666666666666666,0.23094010767585033
F001369,0.044166897763147556,0.7874371859296483,0.6055555555555555,0.333888426695927
F001370,0.0,0.37763819095477386,0.2444444444444444,0.3079201435678004
F001371,0.0,0.37763819095477386,0.2944444444444444,0.8002314480013707
F001372,0.08601855278669221,0.8241206030150754,0.6055555555555555,0.2501851166488378
F001373,0.0,0.37763819095477386,0.4666666666666667,0.39999999999999997
F001374,0.0,0.37763819095477386,0.2777777777777778,0.4337604732431808
F001375,0.0,0.37763819095477386,0.4666666666666667,0.26666666666666666
F001376,0.0,0.37763819095477386,0.5,0.3333333333333333
F001377,0.0,0.37763819095477386,0.4222222222222222,0.42860670048857574
F001378,0.10515940274608067,0.8409547738693467,0.611111111111111,0.23412563895228303
F001379,0.0,0.37763819095477386,0.6444444444444445,0.6158402871356008
F001380,0.0,0.37763819095477386,0.5611111111111111,0.32030078456443495
F001381,0.0,0.37763819095477386,0.29999999999999993,0.3055050463303894
F001382,0.0,0.37763819095477386,0.3388888888888889,0.6930875632778085
F001383,0.0,0.37763819095477386,0.21666666666666662,0.14529663145135582
F001384,0.0,0.37763819095477386,0.20555555555555555,0.371682859637283
F001385,0.0,0.37763819095477386,0.4888888888888889,0.33554819712314443
F001386,0.0,0.37763819095477386,0.14444444444444443,0.1387777332977422
F001387,0.0,0.37763819095477386,0.5722222222222222,0.46706332348852675
F001388,0.0,0.37763819095477386,0.36111111111111116,0.16442942874387495
F001389,0.0,0.37763819095477386,0.4222222222222222,0.4682512779045661
F001390,0.0,0.37763819095477386,0.6444444444444445,0.6301087501670144
F001391,0.0,0.37763819095477386,0.4222222222222222,0.5388602512436508
F001392,0.0,0.37763819095477386,0.3555555555555555,0.5551109331909687
F001393,0.0,0.37763819095477386,0.22222222222222227,0.46825127790456617
F001394,0.0,0.37763819095477386,0.21666666666666662,0.14529663145135582
F001395,0.004786451314965967,0.7600502512562815,0.7333333333333333,0.9237604307034013
F001396,0.0,0.37763819095477386,0.3833333333333333,0.6489307444643929
F001397,0.21093755647727047,0.9085427135678392,0.7388888888888889,0.5336804426010147
F001398,0.0,0.37763819095477386,0.33333333333333337,0.6666666666666666
F001399,0.0,0.37763819095477386,0.19444444444444442,0.11706281947614157
F001400,0.0,0.37763819095477386,0.48333333333333334,0.5686240703077328
F001401,0.0,0.37763819095477386,0.55,0.6691619966628244
F001402,0.40672439646288167,0.9746231155778895,0.788888888888889,0.34210676262979234
F001403,0.0,0.37763819095477386,0.3944444444444445,0.38345408726083113
F001404,0.0,0.37763819095477386,0.2444444444444444,0.20367003088692626
F001405,0.0,0.37763819095477386,0.37222222222222223,0.6466437567533984
F001406,0.0,0.37763819095477386,0.6333333333333333,0.6359594676112972
F001407,0.0,0.37763819095477386,0.6055555555555556,0.5699252712547627
F001408,0.0,0.37763819095477386,0.3222222222222222,0.3671713698190735
F001409,0.0,0.37763819095477386,0.55,0.40414518843273806
F001410,0.4050018396081027,0.9738693467336683,0.7444444444444445,0.1677740985615723
F001411,0.0,0.37763819095477386,0.29999999999999993,0.37118429085533483
F001412,0.0,0.37763819095477386,0.4222222222222222,0.6301087501670144
F001413,0.0,0.37763819095477386,0.39444444444444443,0.33388842669592717
F001414,0.31380721308696585,0.9510050251256281,0.7277777777777777,0.2834966849371794
F001415,0.0,0.37763819095477386,0.31666666666666665,0.17320508075688776
F001416,0.0,0.37763819095477386,0.5111111111111111,0.8572134009771516
F001417,0.0,0.37763819095477386,0.2777777777777778,0.5091750772173156
F001418,0.0,0.37763819095477386,0.2777777777777778,0.39063101847215437
F001419,0.0,0.37763819095477386,0.39444444444444443,0.36565517048676294
F001420,0.0,0.37763819095477386,0.29999999999999993,0.37118429085533483
F001421,0.0,0.37763819095477386,0.28888888888888886,0.07698003589195009
F001422,0.0,0.37763819095477386,0.4111111111111111,0.582459663203607
F001423,0.0,0.37763819095477386,0.47777777777777775,0.5347204184673762
F001424,0.0,0.37763819095477386,0.49444444444444446,0.29876288132775003
F001425,0.0,0.37763819095477386,0.2666666666666667,0.1333333333333333
F001426,0.0,0.37763819095477386,0.2666666666666667,0.35276684147527876
F001427,0.0,0.37763819095477386,0.31666666666666665,0.40960685758148363
F001428,0.14101013309717572,0.8683417085427135,0.65,0.31797973380564853
F001429,0.0,0.37763819095477386,0.27222222222222225,0.2501851166488378
F001430,0.0,0.37763819095477386,0.33333333333333326,0.4
F001431,0.0,0.37763819095477386,0.3666666666666667,0.24037008503093263
F001432,0.0,0.37763819095477386,0.3555555555555555,0.5551109331909687
F001433,0.4455095388402559,0.9809045226130654,0.8166666666666667,0.37564758898615486
F001434,0.0,0.37763819095477386,0.3555555555555555,0.20367003088692623
F001435,0.0,0.37763819095477386,0.3388888888888889,0.1503083250940965
F001436,0.0,0.37763819095477386,0.28888888888888886,0.6842135252595846
F001437,0.0,0.37763819095477386,0.21666666666666662,0.27284509239574833
F001438,0.2795207240779508,0.9366834170854271,0.75,0.4409585518440984
F001439,0.0,0.37763819095477386,0.4722222222222222,0.11706281947614153
F001440,0.0,0.37763819095477386,0.28888888888888886,0.6842135252595846
F001441,0.0,0.37763819095477386,0.28888888888888886,0.2775554665954844
F001442,0.3292500333600267,0.9547738693467337,0.7166666666666667,0.20816659994661335
F001443,0.0,0.37763819095477386,0.3222222222222222,0.3671713698190735
F001444,0.0,0.37763819095477386,0.42777777777777776,0.5738111703855715
F001445,0.0,0.37763819095477386,0.2666666666666666,0.23094010767585033
F001446,0.0,0.37763819095477386,0.4888888888888889,0.42860670048857574
F001447,0.0,0.37763819095477386,0.5166666666666667,0.6244997998398398
F001448,0.0,0.37763819095477386,0.19444444444444442,0.3469443332443554
F001449,0.0,0.37763819095477386,0.24444444444444446,0.15396007178390017
F001450,0.0,0.37763819095477386,0.5722222222222222,0.333888426695927
F001451,0.0,0.37763819095477386,0.3222222222222222,0.7190528749939304
F001452,0.0,0.37763819095477386,0.6333333333333333,0.6359594676112972
F001453,0.0,0.37763819095477386,0.43333333333333335,0.6960204339273701
F001454,0.0,0.37763819095477386,0.5888888888888889,0.582459663203607
F001455,0.0,0.37763819095477386,0.5833333333333334,0.39299420408505326
F001456,0.0,0.37763819095477386,0.3388888888888889,0.1503083250940965
F001457,0.5853276880479024,0.99321608040201,0.8888888888888888,0.3849001794597506
F001458,0.0,0.37763819095477386,0.29999999999999993,0.37118429085533483
F001459,0.0,0.37763819095477386,0.3833333333333333,0.6887992773257275
F001460,0.2780000889600712,0.935678391959799,0.7777777777777778,0.5551109331909687
F001461,0.2902832459290272,0.9422110552763819,0.7333333333333333,0.35276684147527876
F001462,0.0,0.37763819095477386,0.2944444444444445,0.39487456986481917
F001463,0.09623184019853498,0.8341708542713567,0.6944444444444444,0.5853140973807077
F001464,0.281672185490975,0.9391959798994974,0.7666666666666666,0.5033222956847166
F001465,0.0,0.37763819095477386,0.55,0.40414518843273806
F001466,0.2076767997638424,0.9045226130653267,0.6833333333333333,0.3179797338056486
F001467,0.0,0.37763819095477386,0.32777777777777783,0.46228097917143823
F001468,0.0,0.37763819095477386,0.21666666666666662,0.14529663145135582
F001469,0.05520878427204487,0.7959798994974875,0.5944444444444444,0.26736020923368803
F001470,0.0,0.37763819095477386,0.3666666666666667,0.8511430223202471
F001471,0.0,0.37763819095477386,0.6666666666666666,0.9333333333333333
F001472,0.0,0.37763819095477386,0.4388888888888889,0.3532914021241032
F001473,0.0,0.37763819095477386,0.28888888888888886,0.6842135252595846
F001474,0.0,0.37763819095477386,0.25555555555555554,0.16777409856157224
F001475,0.4092760956676479,0.9753768844221106,0.7555555555555555,0.2036700308869263
F001476,0.0,0.37763819095477386,0.6,0.4807401700618653
F001477,0.1892374781489235,0.8922110552763819,0.6166666666666667,0.08819171036881962
F001478,0.14872171948963303,0.8748743718592965,0.6833333333333333,0.43588989435406733
F001479,0.0,0.37763819095477386,0.28888888888888886,0.15396007178390017
F001480,0.2431850623611558,0.9226130653266331,0.7444444444444445,0.49140765305546624
F001481,0.0,0.37763819095477386,0.36666666666666664,0.43716256828680006
F001482,0.0,0.37763819095477386,0.3222222222222222,0.3671713698190735
F001483,0.0,0.37763819095477386,0.3111111111111111,0.3355481971231445
F001484,0.11441628428654776,0.8492462311557789,0.6777777777777778,0.4822785425380157
F001485,0.5525797013730404,0.9914572864321608,0.8055555555555556,0.11706281947614157
F001486,0.0,0.37763819095477386,0.6333333333333333,0.7512951779723097
F001487,0.21000367921620552,0.9065326633165829,0.6888888888888889,0.3355481971231445
F001488,0.0,0.37763819095477386,0.35,0.9905105305402416
F001489,0.0,0.37763819095477386,0.20555555555555555,0.41677776296691227
F001490,0.0,0.37763819095477386,0.5555555555555556,0.6301087501670145
F001491,0.0,0.37763819095477386,0.42777777777777776,0.6185406959874125
F001492,0.0,0.37763819095477386,0.39999999999999997,0.46188021535170054
F001493,0.0,0.37763819095477386,0.5833333333333333,0.5487359211051442
F001494,0.0,0.37763819095477386,0.29999999999999993,0.37118429085533483
F001495,0.26382851192514,0.9311557788944723,0.7277777777777777,0.383454087260831
F001496,0.0,0.37763819095477386,0.28888888888888886,0.6012333003763859
F001497,0.0,0.37763819095477386,0.2444444444444444,0.20367003088692626
F001498,0.0,0.37763819095477386,0.28888888888888886,0.5388602512436507
F001499,0.0,0.37763819095477386,0.3055555555555556,0.4857220665420977
F001500,0.0,0.37763819095477386,0.37777777777777777,0.5047918529600243
F001501,0.0,0.37763819095477386,0.2,0.35276684147527876
F001502,0.0,0.37763819095477386,0.32777777777777783,0.46228097917143823
F001503,0.0,0.37763819095477386,0.5666666666666667,0.5456901847914967
F001504,0.14458342024756565,0.8731155778894473,0.6277777777777778,0.2219442706159798
F001505,0.0,0.37763819095477386,0.3111111111111111,0.07698003589195009
F001506,0.0,0.37763819095477386,0.26111111111111107,0.26736020923368814
F001507,0.10566671114670223,0.842211055276382,0.6222222222222222,0.2775554665954843
F001508,0.0,0.37763819095477386,0.6277777777777778,0.6362505912097959
F001509,0.0,0.37763819095477386,0.5,0.4666666666666666
F001510,0.0,0.37763819095477386,0.3222222222222222,0.3150543750835072
F001511,0.0,0.37763819095477386,0.23333333333333334,0.4163331998932266
F001512,0.0,0.37763819095477386,0.4444444444444444,0.46825127790456617
F001513,0.0,0.37763819095477386,0.5277777777777778,0.22194427061597974
F001514,0.0,0.37763819095477386,0.31666666666666665,0.7234178138070234
F001515,0.08628993597898799,0.8266331658291457,0.6833333333333333,0.5607534613753574
F001516,0.0,0.37763819095477386,0.6333333333333333,0.7512951779723097
F001517,0.0,0.37763819095477386,0.5777777777777778,1.0095837059200488
F001518,0.0,0.37763819095477386,0.2277777777777778,0.35329140212410326
F001519,0.0,0.37763819095477386,0.4222222222222222,0.42860670048857574
F001520,0.0,0.37763819095477386,0.34444444444444444,0.45379061903693635
F001521,0.0,0.37763819095477386,0.3222222222222222,0.3150543750835072
F001522,0.0,0.37763819095477386,0.41666666666666663,0.8685876147196921
F001523,0.0,0.37763819095477386,0.41666666666666663,0.4409585518440984
F001524,0.053720540112092444,0.7937185929648242,0.5777777777777777,0.20367003088692617
F001525,0.0,0.37763819095477386,0.3555555555555555,0.5551109331909687
F001526,0.0,0.37763819095477386,0.6166666666666667,0.5364492313143694
F001527,0.0,0.37763819095477386,0.5444444444444444,0.3421067626297922
F001528,0.0,0.37763819095477386,0.5888888888888889,0.4914076530554663
F001529,0.0,0.37763819095477386,0.4222222222222222,0.42860670048857574
F001530,0.0,0.37763819095477386,0.34444444444444444,0.3671713698190735
F001531,0.0,0.37763819095477386,0.2444444444444444,0.3079201435678004
F001532,0.0,0.37763819095477386,0.20555555555555555,0.340478965467657
F001533,0.0,0.37763819095477386,0.48333333333333334,0.7505553499465134
F001534,0.0,0.37763819095477386,0.48333333333333334,0.26457513110645914
F001535,0.0,0.37763819095477386,0.3222222222222222,0.3150543750835072
F001536,0.0,0.37763819095477386,0.3555555555555555,0.6710963942462889
F001537,0.260488240937585,0.9304020100502512,0.7666666666666666,0.5456901847914967
F001538,0.0,0.37763819095477386,0.5777777777777777,0.42860670048857574
F001539,0.3292500333600267,0.9547738693467337,0.7166666666666667,0.20816659994661335
F001540,0.031561208324241696,0.778391959798995,0.6555555555555556,0.559099805573739
F001541,0.0,0.37763819095477386,0.6166666666666667,0.5840471822645077
F001542,0.0,0.37763819095477386,0.4944444444444444,0.42207599807161283
F001543,0.0,0.37763819095477386,0.36111111111111116,0.16442942874387495
F001544,0.0,0.37763819095477386,0.2444444444444444,0.6301087501670144
F001545,0.0,0.37763819095477386,0.5944444444444444,0.7275020682164822
F001546,0.0,0.37763819095477386,0.6333333333333333,0.6359594676112972
F001547,0.0,0.37763819095477386,0.2944444444444444,0.29122983160180355
F001548,0.0,0.37763819095477386,0.2944444444444444,0.6466437567533982
F001549,0.0,0.37763819095477386,0.49444444444444446,0.5541092284351858
F001550,0.0,0.37763819095477386,0.2944444444444444,0.29122983160180355
F001551,0.32738162496830286,0.9535175879396985,0.7222222222222222,0.23412563895228314
F001552,0.031561208324241696,0.778391959798995,0.6555555555555556,0.559099805573739
F001553,0.0,0.37763819095477386,0.37777777777777777,0.6012333003763859
F001554,0.0,0.37763819095477386,0.5888888888888889,0.4914076530554663
F001555,0.0,0.37763819095477386,0.40555555555555556,0.01924500897298752
F001556,0.0,0.37763819095477386,0.6666666666666666,0.8326663997864531
F001557,0.0,0.37763819095477386,0.37222222222222223,0.4525647078759179
F001558,0.042229580654633336,0.7839195979899497,0.6888888888888889,0.6710963942462889
F001559,0.0,0.37763819095477386,0.37777777777777777,0.5047918529600243
F001560,0.0,0.37763819095477386,0.38333333333333336,0.7446102634562892
F001561,0.0,0.37763819095477386,0.3555555555555555,0.33554819712314443
F001562,0.0,0.37763819095477386,0.2777777777777778,0.4438885412319595
F001563,0.0,0.37763819095477386,0.5333333333333333,0.2666666666666666
F001564,0.0,0.37763819095477386,0.39999999999999997,0.5333333333333333
F001565,0.0,0.37763819095477386,0.6555555555555556,0.674399595799712
F001566,0.0,0.37763819095477386,0.26111111111111107,0.26736020923368814
F001567,0.0,0.37763819095477386,0.4166666666666667,0.3179797338056486
F001568,0.0,0.37763819095477386,0.3888888888888889,0.7726817178094982
F001569,0.0,0.37763819095477386,0.4444444444444444,0.3849001794597505
F001570,0.0,0.37763819095477386,0.538888888888889,0.45256470787591785
F001571,0.0,0.37763819095477386,0.3111111111111111,0.6710963942462889
F001572,0.0,0.37763819095477386,0.4222222222222222,0.5388602512436508
F001573,0.40304745907024747,0.9733668341708542,0.7944444444444445,0.37168285963728287
F001574,0.054763249936605835,0.7952261306532663,0.6444444444444445,0.46825127790456617
F001575,0.0,0.37763819095477386,0.27222222222222225,0.28349668493717944
F001576,0.0,0.37763819095477386,0.4722222222222222,0.3469443332443554
F001577,0.0,0.37763819095477386,0.40555555555555556,0.13471506281091272
F001578,0.0,0.37763819095477386,0.5388888888888889,0.3404789654676569
F001579,0.0,0.37763819095477386,0.4444444444444444,0.9645570850760313
F001580,0.0,0.37763819095477386,0.2944444444444444,0.29122983160180355
F001581,0.0,0.37763819095477386,0.538888888888889,0.45256470787591785
F001582,0.0,0.37763819095477386,0.40555555555555556,0.6003085626328933
F001583,0.0,0.37763819095477386,0.2666666666666667,0.35276684147527876
F001584,0.0,0.37763819095477386,0.3111111111111111,0.6158402871356008
F001585,0.0,0.37763819095477386,0.41111111111111115,0.8335555259338245
F001586,0.0,0.37763819095477386,0.4166666666666667,0.3179797338056486
F001587,0.0,0.37763819095477386,0.5,0.5773502691896258
F001588,0.0,0.37763819095477386,0.4666666666666667,0.4807401700618652
F001589,0.06390791565672596,0.8060301507537688,0.6333333333333333,0.4055175020198814
F001590,0.19802836801380194,0.8984924623115578,0.6777777777777778,0.31505437508350725
F001591,0.0,0.37763819095477386,0.2944444444444444,0.29122983160180355
F001592,0.0,0.37763819095477386,0.6055555555555556,0.46706332348852675
F001593,0.0,0.37763819095477386,0.3111111111111111,0.6301087501670144
F001594,0.0,0.37763819095477386,0.32777777777777783,0.5965952781626134
F001595,0.0,0.37763819095477386,0.3666666666666667,0.30550504633038933
F001596,0.0,0.37763819095477386,0.2611111111111112,0.5928587365312934
F001597,0.0,0.37763819095477386,0.31666666666666665,0.3179797338056486
F001598,0.0,0.37763819095477386,0.2666666666666666,0.35276684147527876
F001599,0.0,0.37763819095477386,0.23333333333333334,0.29059326290271165
F001600,0.0,0.37763819095477386,0.40555555555555556,0.6003085626328932
F001601,0.0,0.37763819095477386,0.3388888888888889,0.1503083250940965
F001602,0.0,0.37763819095477386,0.28888888888888886,0.2775554665954844
F001603,0.0,0.37763819095477386,0.3055555555555556,0.4857220665420977
F001604,0.0,0.37763819095477386,0.3111111111111111,0.6158402871356008
F001605,0.3645940724502976,0.9650753768844221,0.7833333333333333,0.40414518843273806
F001606,0.0,0.37763819095477386,0.5888888888888889,0.7493206800038829
F001607,0.3552780088742587,0.9615577889447237,0.7611111111111111,0.3338884266959271
F001608,0.0,0.37763819095477386,0.37777777777777777,0.5047918529600243
F001609,0.0,0.37763819095477386,0.3222222222222222,0.3790827135384885
F001610,0.0,0.37763819095477386,0.16666666666666669,0.2
F001611,0.0,0.37763819095477386,0.23888888888888887,0.06938886664887108
F001612,0.028283525867729642,0.7758793969849246,0.6055555555555555,0.36565517048676294
F001613,0.0,0.37763819095477386,0.2777777777777778,0.5669933698743588
F001614,0.19605673602760398,0.8959798994974875,0.7555555555555555,0.6301087501670144
F001615,0.0,0.37763819095477386,0.28888888888888886,0.7812620369443086
F001616,0.0,0.37763819095477386,0.3666666666666667,0.8082903768654761
F001617,0.0,0.37763819095477386,0.6,0.7423685817106696
F001618,0.0,0.37763819095477386,0.38333333333333336,0.08819171036881973
F001619,0.0,0.37763819095477386,0.5777777777777777,0.8146801235477049
F001620,0.0,0.37763819095477386,0.31666666666666665,0.21858128414340003
F001621,0.0,0.37763819095477386,0.2833333333333333,0.5840471822645078
F001622,0.0,0.37763819095477386,0.3611111111111111,0.676866418245246
F001623,0.0,0.37763819095477386,0.3111111111111111,0.7581654270769769
F001624,0.0,0.37763819095477386,0.42777777777777776,0.6003085626328932
F001625,0.0,0.37763819095477386,0.6777777777777778,0.8952549812659416
F001626,0.6918661021381237,0.9977386934673367,0.8555555555555556,0.03849001794597504
F001627,0.21000367921620552,0.9065326633165829,0.6888888888888889,0.3355481971231445
F001628,0.08772091370538554,0.8293969849246231,0.7555555555555555,0.8467803948114511
F001629,0.0,0.37763819095477386,0.36111111111111116,0.16442942874387495
F001630,0.13194764466624798,0.8620603015075377,0.7166666666666667,0.6027713773341707
F001631,0.0,0.37763819095477386,0.2222222222222222,0.20367003088692623
F001632,0.0,0.37763819095477386,0.40555555555555556,0.6292264504341231
F001633,0.1138998251913878,0.8474874371859297,0.7333333333333333,0.7055336829505576
F001634,0.0,0.37763819095477386,0.2777777777777778,0.4438885412319595
F001635,0.14120417902552193,0.8693467336683417,0.6833333333333333,0.4509249752822894
F001636,0.0,0.37763819095477386,0.3222222222222222,0.3150543750835072
F001637,0.0,0.37763819095477386,0.33333333333333337,0.5811865258054231
F001638,0.0,0.37763819095477386,0.5722222222222222,0.46706332348852675
F001639,0.2194088338597761,0.9128140703517588,0.7722222222222221,0.6500712211693366
F001640,0.22629658163573396,0.9201005025125628,0.7333333333333333,0.4807401700618653
F001641,0.06390791565672599,0.8065326633165829,0.6333333333333333,0.40551750201988135
F001642,0.0,0.37763819095477386,0.32777777777777783,0.5167562646325994
F001643,0.0,0.37763819095477386,0.34444444444444444,0.3790827135384885
F001644,0.0,0.37763819095477386,0.2222222222222222,0.27755546659548436
F001645,0.10566671114670223,0.842211055276382,0.6222222222222222,0.2775554665954843
F001646,0.02519943547145691,0.7736180904522613,0.5222222222222223,0.03849001794597504
F001647,0.0,0.37763819095477386,0.5611111111111111,0.5167562646325994
F001648,0.0,0.37763819095477386,0.43333333333333335,0.11547005383792512
F001649,0.05679267422780554,0.7982412060301508,0.6777777777777778,0.5975257626555002
F001650,0.0,0.37763819095477386,0.43333333333333335,0.7211102550927979
F001651,0.0,0.37763819095477386,0.37777777777777777,0.5388602512436508
F001652,0.0,0.37763819095477386,0.4222222222222222,0.5551109331909686
F001653,0.0,0.37763819095477386,0.2277777777777778,0.41677776296691227
F001654,0.0,0.37763819095477386,0.1555555555555555,0.33554819712314443
F001655,0.0,0.37763819095477386,0.13888888888888884,0.3469443332443555
F001656,0.0,0.37763819095477386,0.37222222222222223,0.38920621973637765
F001657,0.0,0.37763819095477386,0.33333333333333337,0.4
F001658,0.22250017382846474,0.9168341708542713,0.7222222222222222,0.4438885412319595
F001659,0.19999999999999996,0.9005025125628141,0.7333333333333333,0.5333333333333333
F001660,0.0,0.37763819095477386,0.40555555555555556,0.6500712211693366
F001661,0.0,0.37763819095477386,0.2777777777777778,0.1924500897298753
F001662,0.668262150438322,0.9964824120603015,0.9111111111111112,0.30792014356780045
F001663,0.0,0.37763819095477386,0.4888888888888889,0.33554819712314443
F001664,0.0,0.37763819095477386,0.5777777777777777,0.6842135252595846
F001665,0.0,0.37763819095477386,0.4944444444444444,0.6431980283736135
F001666,0.0,0.37763819095477386,0.25555555555555554,0.5003702332976756
F001667,0.0,0.37763819095477386,0.4666666666666667,0.3527668414752787
F001668,0.12752542620157437,0.857537688442211,0.6555555555555556,0.3671713698190735
F001669,0.0,0.37763819095477386,0.4611111111111111,0.49478764618249593
F001670,0.1424590034737396,0.8703517587939699,0.6611111111111111,0.3595264374969653
F001671,0.0,0.37763819095477386,0.5166666666666666,0.37564758898615475
F001672,0.0,0.37763819095477386,0.3666666666666667,0.30550504633038933
F001673,0.0,0.37763819095477386,0.12222222222222223,0.10183501544346309
F001674,0.0,0.37763819095477386,0.43333333333333335,0.17638342073763938
F001675,0.0,0.37763819095477386,0.5888888888888889,0.4438885412319596
F001676,0.0,0.37763819095477386,0.2777777777777778,0.4337604732431808
F001677,0.0,0.37763819095477386,0.33333333333333337,0.13333333333333336
F001678,0.08772091370538554,0.8293969849246231,0.7555555555555555,0.8467803948114511
F001679,0.0,0.37763819095477386,0.4222222222222222,0.5388602512436508
F001680,0.0,0.37763819095477386,0.33333333333333337,0.5811865258054231
F001681,0.12752542620157437,0.857537688442211,0.6555555555555556,0.3671713698190735
F001682,0.0,0.37763819095477386,0.35,0.40960685758148363
F001683,0.0,0.37763819095477386,0.39999999999999997,0.46188021535170054
F001684,0.0,0.37763819095477386,0.55,0.5364492313143694
F001685,0.0,0.37763819095477386,0.37222222222222223,0.38920621973637765
F001686,0.0,0.37763819095477386,0.2444444444444444,0.7343427396381469
F001687,0.0,0.37763819095477386,0.32777777777777783,0.24113927126900786
F001688,0.0,0.37763819095477386,0.27222222222222225,0.28349668493717944
F001689,0.0,0.37763819095477386,0.23888888888888887,0.3338884266959271
F001690,0.0,0.37763819095477386,0.2222222222222222,0.6577177149754996
F001691,0.0,0.37763819095477386,0.3666666666666667,0.24037008503093263
F001692,0.0,0.37763819095477386,0.2666666666666667,0.1333333333333333
F001693,0.10975001112000891,0.8434673366834171,0.5722222222222222,0.06938886664887109
F001694,0.0,0.37763819095477386,0.4222222222222222,0.42860670048857574
F001695,0.0,0.37763819095477386,0.38333333333333336,0.6350852961085883
F001696,0.0,0.37763819095477386,0.5111111111111111,0.33554819712314443
F001697,0.0,0.37763819095477386,0.25,0.35118845842842467
F001698,0.0,0.37763819095477386,0.3222222222222222,0.3150543750835072
F001699,0.0,0.37763819095477386,0.2666666666666667,0.1333333333333333
F001700,0.0,0.37763819095477386,0.37777777777777777,0.5047918529600243
F001701,0.11441628428654776,0.8492462311557789,0.6777777777777778,0.4822785425380157
F001702,0.0,0.37763819095477386,0.3055555555555556,0.4857220665420977
F001703,0.08452994616207482,0.8226130653266331,0.6,0.23094010767585027
F001704,0.0,0.37763819095477386,0.45555555555555555,0.7065828042482065
F001705,0.0,0.37763819095477386,0.33333333333333337,0.26666666666666666
F001706,0.0,0.37763819095477386,0.13888888888888884,0.11706281947614157
F001707,0.1396583441364449,0.8655778894472361,0.7000000000000001,0.5206833117271104
F001708,0.24706805967517398,0.9233668341708543,0.6611111111111111,0.1503083250940964
F001709,0.0,0.37763819095477386,0.29999999999999993,0.37118429085533483
F001710,0.0,0.37763819095477386,0.2277777777777778,0.35329140212410326
F001711,0.0,0.37763819095477386,0.42777777777777776,0.5581052602166382
F001712,0.0,0.37763819095477386,0.39444444444444443,0.33388842669592717
F001713,0.0,0.37763819095477386,0.26111111111111107,0.5620728831085218
F001714,0.0,0.37763819095477386,0.40555555555555556,0.13471506281091272
F001715,0.0,0.37763819095477386,0.4388888888888889,0.32030078456443506
F001716,0.0,0.37763819095477386,0.33333333333333337,0.5811865258054231
F001717,0.0,0.37763819095477386,0.4222222222222222,0.4682512779045661
F001718,0.11330395485872527,0.8459798994974874,0.6722222222222222,0.46228097917143823
F001719,0.0,0.37763819095477386,0.25,0.35118845842842467
F001720,0.0,0.37763819095477386,0.2777777777777778,0.4438885412319595
F001721,0.1286602460370874,0.8590452261306533,0.6777777777777778,0.45379061903693635
F001722,0.0,0.37763819095477386,0.2944444444444444,0.2219442706159798
F001723,0.07854497463356824,0.8150753768844221,0.7000000000000001,0.6429100507328637
F001724,0.0,0.37763819095477386,0.2833333333333333,0.5840471822645078
F001725,0.0,0.37763819095477386,0.5,0.19999999999999996
F001726,0.0,0.37763819095477386,0.2833333333333333,0.20816659994661327
F001727,0.10515940274608067,0.8409547738693467,0.611111111111111,0.23412563895228303
F001728,0.0,0.37763819095477386,0.5388888888888889,0.49478764618249593
F001729,0.0,0.37763819095477386,0.4166666666666667,0.3179797338056486
F001730,0.0,0.37763819095477386,0.3111111111111111,0.6301087501670144
F001731,0.0,0.37763819095477386,0.29999999999999993,0.24037008503093268
F001732,0.0,0.37763819095477386,0.5055555555555555,0.18954135676924425
F001733,0.0,0.37763819095477386,0.39444444444444443,0.33388842669592717
F001734,0.0,0.37763819095477386,0.6055555555555556,0.589098495191625
F001735,0.0,0.37763819095477386,0.3222222222222222,0.3150543750835072
F001736,0.0,0.37763819095477386,0.4166666666666667,0.3511884584284246
F001737,0.19999999999999996,0.9005025125628141,0.6666666666666666,0.2666666666666667
F001738,0.0,0.37763819095477386,0.35,0.40960685758148363
F001739,0.0,0.37763819095477386,0.49444444444444446,0.29876288132775003
F001740,0.0,0.37763819095477386,0.37777777777777777,0.5047918529600243
F001741,0.0,0.37763819095477386,0.28888888888888886,0.15396007178390017
F001742,0.0,0.37763819095477386,0.37777777777777777,0.27755546659548436
F001743,0.0,0.37763819095477386,0.33333333333333337,0.5811865258054231
F001744,0.0,0.37763819095477386,0.19444444444444442,0.11706281947614157
F001745,0.0,0.37763819095477386,0.4444444444444445,0.6301087501670144
F001746,0.0,0.37763819095477386,0.34444444444444444,0.4537906190369364
F001747,0.0,0.37763819095477386,0.4222222222222222,0.5388602512436508
F001748,0.0,0.37763819095477386,0.6055555555555556,0.46706332348852675
F001749,0.0,0.37763819095477386,0.2833333333333333,0.5196152422706632
F001750,0.10994063975465382,0.8447236180904523,0.6277777777777778,0.29122983160180343
F001751,0.004957759763154934,0.7610552763819095,0.6833333333333333,0.7234178138070235
F001752,0.06997183984210328,0.8100502512562814,0.6555555555555556,0.48227854253801566
F001753,0.0,0.37763819095477386,0.2944444444444444,0.2219442706159798
F001754,0.0,0.37763819095477386,0.32777777777777783,0.5167562646325994
F001755,0.0,0.37763819095477386,0.3111111111111111,0.3355481971231445
F001756,0.0,0.37763819095477386,0.29999999999999993,0.37118429085533483
F001757,0.07854497463356824,0.8150753768844221,0.7000000000000001,0.6429100507328637
F001758,0.15358392356935746,0.8768844221105527,0.6555555555555556,0.3150543750835073
F001759,0.0,0.37763819095477386,0.27222222222222225,0.28349668493717944
F001760,0.0,0.37763819095477386,0.5055555555555555,0.42207599807161283
F001761,0.0,0.37763819095477386,0.3111111111111111,0.46825127790456617
F001762,0.46673977874197126,0.9834170854271357,0.8388888888888888,0.4220759980716129
F001763,0.668262150438322,0.9964824120603015,0.9111111111111112,0.30792014356780045
F001764,0.0,0.37763819095477386,0.2833333333333333,0.2081665999466133
F001765,0.0,0.37763819095477386,0.27222222222222225,0.2501851166488378
F001766,0.06997183984210326,0.8092964824120603,0.6555555555555556,0.4822785425380157
F001767,0.0,0.37763819095477386,0.3222222222222222,0.3671713698190735
F001768,0.0,0.37763819095477386,0.2222222222222222,0.769800358919501
F001769,0.0,0.37763819095477386,0.23888888888888887,0.2009237924447236
F001770,0.04514162296451364,0.7884422110552763,0.5666666666666667,0.17638342073763932
F001771,0.0,0.37763819095477386,0.3888888888888889,0.7726817178094982
F001772,0.0,0.37763819095477386,0.47777777777777775,0.40184758488944716
F001773,0.0,0.37763819095477386,0.4611111111111111,0.5738111703855714
F001774,0.1464816241512003,0.8741206030150753,0.6333333333333333,0.24037008503093257
F001775,0.0,0.37763819095477386,0.28888888888888886,0.6012333003763859
F001776,0.18985690583578663,0.8937185929648241,0.7222222222222222,0.5091750772173156
F001777,0.15489216538666217,0.878643216080402,0.7055555555555556,0.512437891448898
F001778,0.0,0.37763819095477386,0.4111111111111111,0.4438885412319596
F001779,0.0,0.37763819095477386,0.25555555555555554,0.16777409856157224
F001780,0.0,0.37763819095477386,0.3555555555555555,0.20367003088692623
F001781,0.0,0.37763819095477386,0.11666666666666664,0.27284509239574833
F001782,0.005341985600631843,0.7618090452261307,0.6111111111111112,0.4337604732431808
F001783,0.0,0.37763819095477386,0.5666666666666667,0.7571877794400365
F001784,0.0,0.37763819095477386,0.36111111111111116,0.16442942874387495
F001785,0.0,0.37763819095477386,0.3111111111111111,0.3355481971231445
F001786,0.12925003336002672,0.8605527638190955,0.6166666666666667,0.2081665999466132
F001787,0.0,0.37763819095477386,0.5277777777777778,0.6866450913546833
F001788,0.0,0.37763819095477386,0.3111111111111111,0.6301087501670144
F001789,0.11330395485872527,0.8459798994974874,0.6722222222222222,0.46228097917143823
F001790,0.040447359039496866,0.7819095477386935,0.7277777777777777,0.8302163930321174
F001791,0.0,0.37763819095477386,0.3666666666666667,0.30550504633038933
F001792,0.0,0.37763819095477386,0.5111111111111111,0.4286067004885758
F001793,0.0,0.37763819095477386,0.6111111111111112,0.693888666488711
F001794,0.0,0.37763819095477386,0.21666666666666662,0.14529663145135582
F001795,0.0,0.37763819095477386,0.3388888888888889,0.1503083250940965
F001796,0.0,0.37763819095477386,0.6111111111111112,0.5091750772173156
F001797,0.0,0.37763819095477386,0.36111111111111116,0.16442942874387495
F001798,0.0,0.37763819095477386,0.6722222222222222,0.7456044031025608
F001799,0.34129114829119156,0.9587939698492463,0.788888888888889,0.4729732589731725
F001800,0.0,0.37763819095477386,0.3666666666666667,0.3711842908553349
F001801,0.012348229783361087,0.7645728643216081,0.6555555555555556,0.5975257626555001
F001802,0.0,0.37763819095477386,0.25555555555555554,0.5003702332976756
F001803,0.0,0.37763819095477386,0.4111111111111111,0.16777409856157222
F001804,0.22250017382846474,0.9168341708542713,0.7222222222222222,0.4438885412319595
F001805,0.0,0.37763819095477386,0.3111111111111111,0.6301087501670144
F001806,0.0,0.37763819095477386,0.3388888888888889,0.7120653320005385
F001807,0.0,0.37763819095477386,0.35,0.5238744548500571
F001808,0.0,0.37763819095477386,0.39444444444444443,0.2834966849371794
F001809,0.0,0.37763819095477386,0.5333333333333333,0.5811865258054232
F001810,0.0,0.37763819095477386,0.38888888888888884,0.6049181150584977
F001811,0.05679267422780554,0.7982412060301508,0.6777777777777778,0.5975257626555002
F001812,0.0,0.37763819095477386,0.35,0.40960685758148363
F001813,0.0,0.37763819095477386,0.39999999999999997,0.46188021535170054
F001814,0.0720721268714043,0.8110552763819096,0.638888888888889,0.4114113018127471
F001815,0.0,0.37763819095477386,0.6333333333333333,0.6359594676112972
F001816,0.0,0.37763819095477386,0.5277777777777778,0.47648403649759036
F001817,0.0,0.37763819095477386,0.4166666666666667,0.39299420408505326
F001818,0.0,0.37763819095477386,0.6222222222222222,0.8877770824639192
F001819,0.0,0.37763819095477386,0.16666666666666669,0.2
F001820,0.0,0.37763819095477386,0.2777777777777778,0.39063101847215437
F001821,0.10566671114670223,0.842211055276382,0.6222222222222222,0.2775554665954843
F001822,0.0,0.37763819095477386,0.5277777777777778,0.47648403649759036
F001823,0.0,0.37763819095477386,0.39444444444444443,0.46706332348852675
F001824,0.0,0.37763819095477386,0.36111111111111116,0.2834966849371794
F001825,0.0,0.37763819095477386,0.42777777777777776,0.5738111703855714
F001826,0.0,0.37763819095477386,0.31666666666666665,0.7234178138070234
F001827,0.14101013309717572,0.8683417085427135,0.65,0.31797973380564853
F001828,0.0,0.37763819095477386,0.18888888888888888,0.2694301256218254
F001829,0.0,0.37763819095477386,0.32777777777777783,0.46228097917143823
F001830,0.0,0.37763819095477386,0.33333333333333337,0.6666666666666666
F001831,0.0,0.37763819095477386,0.23333333333333334,0.11547005383792519
F001832,0.0,0.37763819095477386,0.2666666666666667,0.1333333333333333
F001833,0.0,0.37763819095477386,0.26111111111111107,0.01924500897298752
F001834,0.4875071594113095,0.9861809045226131,0.8111111111111111,0.26943012562182544
F001835,0.0,0.37763819095477386,0.3388888888888889,0.1503083250940965
F001836,0.0,0.37763819095477386,0.21666666666666662,0.27284509239574833
F001837,0.0,0.37763819095477386,0.6166666666666667,0.7446102634562891
F001838,0.0,0.37763819095477386,0.29999999999999993,0.37118429085533483
F001839,0.0,0.37763819095477386,0.36111111111111116,0.2834966849371794
F001840,0.0,0.37763819095477386,0.5333333333333333,0.4618802153517006
F001841,0.12312684125508802,0.856532663316583,0.6722222222222223,0.44263520637871306
F001842,0.0,0.37763819095477386,0.5777777777777777,0.5551109331909687
F001843,0.0,0.37763819095477386,0.3388888888888889,0.8002314480013707
F001844,0.0,0.37763819095477386,0.31666666666666665,0.21858128414340003
F001845,0.0,0.37763819095477386,0.4166666666666667,0.39299420408505326
F001846,0.0,0.37763819095477386,0.08888888888888885,0.15396007178390017
F001847,0.04398254822208268,0.785929648241206,0.5722222222222222,0.20092379244472355
F001848,0.0,0.37763819095477386,0.37777777777777777,0.5047918529600243
F001849,0.0,0.37763819095477386,0.2666666666666666,0.7055336829505575
F001850,0.0,0.37763819095477386,0.38333333333333336,0.6350852961085883
F001851,0.0,0.37763819095477386,0.5222222222222221,0.40184758488944716
F001852,0.0,0.37763819095477386,0.49444444444444446,0.13471506281091267
F001853,0.0,0.37763819095477386,0.36111111111111116,0.16442942874387495
F001854,0.17916978078296997,0.8881909547738693,0.7444444444444445,0.6194382162118379
F001855,0.0,0.37763819095477386,0.27222222222222225,0.28349668493717944
F001856,0.0,0.37763819095477386,0.538888888888889,0.45256470787591785
F001857,0.0,0.37763819095477386,0.3833333333333333,0.6887992773257275
F001858,0.2076767997638424,0.9045226130653267,0.6833333333333333,0.3179797338056486
F001859,0.0,0.37763819095477386,0.40555555555555556,0.4004626953542244
F001860,0.0,0.37763819095477386,0.40555555555555556,0.6003085626328932
F001861,0.06272340269427051,0.8055276381909547,0.6888888888888889,0.6301087501670145
F001862,0.08452994616207483,0.8236180904522613,0.6,0.23094010767585024
F001863,0.0,0.37763819095477386,0.3055555555555556,0.5853140973807078
F001864,0.0,0.37763819095477386,0.3222222222222222,0.5590998055737388
F001865,0.05679267422780554,0.7982412060301508,0.6777777777777778,0.5975257626555002
F001866,0.0,0.37763819095477386,0.2833333333333333,0.08819171036881966
F001867,0.0,0.37763819095477386,0.2666666666666667,0.1333333333333333
F001868,0.0,0.37763819095477386,0.25,0.4409585518440985
F001869,0.22250017382846474,0.9168341708542713,0.7222222222222222,0.4438885412319595
F001870,0.0,0.37763819095477386,0.5833333333333334,0.39299420408505326
F001871,0.0,0.37763819095477386,0.40555555555555556,0.6003085626328932
F001872,0.2133974596215561,0.9100502512562814,0.65,0.17320508075688776
F001873,0.0,0.37763819095477386,0.35,0.45092497528228953
F001874,0.0,0.37763819095477386,0.28888888888888886,0.07698003589195009
F001875,0.42361657926236057,0.9796482412060301,0.8,0.3527668414752788
F001876,0.0,0.37763819095477386,0.31666666666666665,0.21858128414340003
F001877,0.0,0.37763819095477386,0.33333333333333326,0.7423685817106696
F001878,0.12925003336002672,0.8605527638190955,0.6166666666666667,0.2081665999466132
F001879,0.0,0.37763819095477386,0.25,0.4409585518440985
F001880,0.0,0.37763819095477386,0.17777777777777776,0.33554819712314443
F001881,0.0,0.37763819095477386,0.31666666666666665,0.21858128414340003
F001882,0.0,0.37763819095477386,0.37222222222222223,0.4525647078759179
F001883,0.0,0.37763819095477386,0.4666666666666667,0.4807401700618652
F001884,0.0,0.37763819095477386,0.3555555555555555,0.5551109331909687
F001885,0.21093755647727047,0.9085427135678392,0.7388888888888889,0.5336804426010147
F001886,0.0,0.37763819095477386,0.37222222222222223,0.36565517048676305
F001887,0.3880367018819775,0.9718592964824121,0.7666666666666666,0.29059326290271165
F001888,0.2076767997638424,0.9045226130653267,0.6833333333333333,0.3179797338056486
F001889,0.0,0.37763819095477386,0.37777777777777777,0.27755546659548436
F001890,0.0,0.37763819095477386,0.3055555555555556,0.5419443732558754
F001891,0.36310546582568015,0.963819095477387,0.7777777777777777,0.3849001794597506
F001892,0.0,0.37763819095477386,0.18333333333333335,0.42557151116012354
F001893,0.0,0.37763819095477386,0.23333333333333334,0.4666666666666667
F001894,0.0,0.37763819095477386,0.3555555555555555,0.46825127790456617
F001895,0.0,0.37763819095477386,0.31666666666666665,0.3179797338056486
F001896,0.0,0.37763819095477386,0.3555555555555555,0.5551109331909687
F001897,0.0,0.37763819095477386,0.3388888888888889,0.7120653320005385
F001898,0.0,0.37763819095477386,0.2833333333333333,0.5364492313143694
F001899,0.0,0.37763819095477386,0.6777777777777778,0.8441519961432257
F001900,0.0,0.37763819095477386,0.6833333333333333,0.9562658858520702
F001901,0.0,0.37763819095477386,0.33333333333333337,0.13333333333333336
F001902,0.11441628428654779,0.8512562814070351,0.6777777777777778,0.48227854253801566
F001903,0.34129114829119156,0.9587939698492463,0.788888888888889,0.4729732589731725
F001904,0.0,0.37763819095477386,0.6555555555555556,0.795356896363257
F001905,0.00027795160624244364,0.7562814070351759,0.6111111111111112,0.4438885412319596
F001906,0.0,0.37763819095477386,0.6111111111111112,0.6049181150584978
F001907,0.0,0.37763819095477386,0.23888888888888887,0.6113130979323965
F001908,0.0,0.37763819095477386,0.3222222222222222,0.4537906190369364
F001909,0.0,0.37763819095477386,0.5666666666666667,0.2905932629027115
F001910,0.0,0.37763819095477386,0.6611111111111111,0.8002314480013707
F001911,0.12153135748343256,0.8537688442211055,0.5944444444444444,0.13471506281091264
F001912,0.0,0.37763819095477386,0.33333333333333337,0.5811865258054231
F001913,0.0,0.37763819095477386,0.5666666666666667,0.5696002496878354
F001914,0.0,0.37763819095477386,0.6055555555555555,0.47179719434582545
F001915,0.31380721308696585,0.9510050251256281,0.7277777777777777,0.2834966849371794
F001916,0.08628993597898799,0.8266331658291457,0.6833333333333333,0.5607534613753574
F001917,0.0,0.37763819095477386,0.6055555555555555,0.47179719434582545
F001918,0.0,0.37763819095477386,0.4111111111111111,0.16777409856157222
F001919,0.0,0.37763819095477386,0.2277777777777778,0.35329140212410326
F001920,0.0,0.37763819095477386,0.37777777777777777,0.5047918529600243
F001921,0.0,0.37763819095477386,0.28888888888888886,0.2775554665954844
F001922,0.0,0.37763819095477386,0.2277777777777778,0.35329140212410326
F001923,0.0,0.37763819095477386,0.4111111111111111,0.743365719274566
F001924,0.0,0.37763819095477386,0.2222222222222222,0.20367003088692623
F001925,0.0,0.37763819095477386,0.49444444444444446,0.1895413567692442
F001926,0.384446924615532,0.9695979899497488,0.8166666666666667,0.4977728174356026
F001927,0.0,0.37763819095477386,0.4111111111111111,0.16777409856157222
F001928,0.0,0.37763819095477386,0.39999999999999997,0.4807401700618652
F001929,0.0,0.37763819095477386,0.3666666666666667,0.5206833117271104
F001930,0.0,0.37763819095477386,0.6055555555555556,0.589098495191625
F001931,0.0,0.37763819095477386,0.2666666666666666,0.7055336829505575
F001932,0.0,0.37763819095477386,0.48333333333333334,0.7505553499465134
F001933,0.384446924615532,0.9695979899497488,0.8166666666666667,0.4977728174356026
F001934,0.0,0.37763819095477386,0.35,0.17320508075688776
F001935,0.0,0.37763819095477386,0.3222222222222222,0.3671713698190735
F001936,0.052101231861607145,0.792713567839196,0.6944444444444444,0.6735753140545634
F001937,0.0,0.37763819095477386,0.2444444444444444,0.3079201435678004
F001938,0.0,0.37763819095477386,0.34444444444444444,0.2694301256218254
F001939,0.0,0.37763819095477386,0.28888888888888886,0.7812620369443086
F001940,0.0,0.37763819095477386,0.4222222222222222,0.42860670048857574
F001941,0.0,0.37763819095477386,0.2777777777777778,0.23412563895228314
F001942,0.12153135748343256,0.8537688442211055,0.5944444444444444,0.13471506281091264
F001943,0.0,0.37763819095477386,0.4888888888888889,0.5388602512436509
F001944,0.0,0.37763819095477386,0.25555555555555554,0.4233901974057256
F001945,0.0,0.37763819095477386,0.37222222222222223,0.4525647078759179
F001946,0.0,0.37763819095477386,0.6333333333333333,0.6359594676112972
F001947,0.0,0.37763819095477386,0.29999999999999993,0.3055050463303894
F001948,0.0,0.37763819095477386,0.42777777777777776,0.46706332348852664
F001949,0.026906712986145054,0.7743718592964824,0.6111111111111112,0.39063101847215437
F001950,0.0,0.37763819095477386,0.29999999999999993,0.6429100507328637
F001951,0.0,0.37763819095477386,0.3555555555555555,0.5551109331909687
F001952,0.07854497463356824,0.8150753768844221,0.7000000000000001,0.6429100507328637
F001953,0.0,0.37763819095477386,0.5611111111111111,0.41677776296691227
F001954,0.19070935792829996,0.8949748743718593,0.65,0.21858128414340003
F001955,0.0,0.37763819095477386,0.1833333333333333,0.2645751311064591
F001956,0.0,0.37763819095477386,0.2222222222222222,0.27755546659548436
F001957,0.0,0.37763819095477386,0.2444444444444444,0.3079201435678004
F001958,0.0,0.37763819095477386,0.4722222222222222,0.7182798381730661
F001959,0.0,0.37763819095477386,0.2277777777777778,0.327165152540788
F001960,0.0,0.37763819095477386,0.3888888888888889,0.23412563895228308
F001961,0.24724747683480527,0.9256281407035176,0.7,0.3055050463303894
F001962,0.0,0.37763819095477386,0.26111111111111107,0.13471506281091264
F001963,0.0,0.37763819095477386,0.28888888888888886,0.40734006177385246
F001964,0.3035028979574734,0.9464824120603015,0.75,0.3929942040850532
F001965,0.218552191335296,0.9110552763819095,0.7111111111111111,0.40734006177385246
F001966,0.0,0.37763819095477386,0.3388888888888889,0.760360538263361
F001967,0.0,0.37763819095477386,0.3222222222222222,0.3150543750835072
F001968,0.0,0.37763819095477386,0.5666666666666667,0.2905932629027115
F001969,0.384446924615532,0.9695979899497488,0.8166666666666667,0.4977728174356026
F001970,0.0,0.37763819095477386,0.5333333333333333,0.7055336829505575
F001971,0.0,0.37763819095477386,0.4222222222222222,0.42860670048857574
F001972,0.0,0.37763819095477386,0.3611111111111111,0.6768664182452458
F001973,0.0239245831409155,0.771608040201005,0.6611111111111111,0.5965952781626133
F001974,0.0,0.37763819095477386,0.46111111111111114,0.702640522389439
F001975,0.0,0.37763819095477386,0.4222222222222222,0.3079201435678004
F001976,0.2798149574845336,0.9379396984924623,0.7,0.24037008503093268
F001977,0.0,0.37763819095477386,0.5111111111111111,0.42860670048857574
F001978,0.14365213882549469,0.871859296482412,0.6888888888888889,0.46825127790456617
F001979,0.0,0.37763819095477386,0.2777777777777778,0.5091750772173156
F001980,0.0,0.37763819095477386,0.30000000000000004,0.34641016151377546
F001981,0.0,0.37763819095477386,0.5833333333333334,0.39299420408505326
F001982,0.1424590034737396,0.8703517587939699,0.6611111111111111,0.3595264374969653
F001983,0.0,0.37763819095477386,0.38333333333333336,0.08819171036881973
F001984,0.40672439646288167,0.9746231155778895,0.788888888888889,0.34210676262979234
F001985,0.0,0.37763819095477386,0.3111111111111111,0.6301087501670144
F001986,0.0,0.37763819095477386,0.3222222222222222,0.3150543750835072
F001987,0.0,0.37763819095477386,0.5777777777777777,0.5551109331909687
F001988,0.0,0.37763819095477386,0.2222222222222222,0.20367003088692623
F001989,0.0,0.37763819095477386,0.21666666666666662,0.27284509239574833
F001990,0.0,0.37763819095477386,0.37777777777777777,0.5047918529600243
F001991,0.38923747814892345,0.9728643216080402,0.7166666666666667,0.0881917103688197
