feature_id,data_score,data_rank,cv_mean_oriented_auc,cv_sd_oriented_effect
F000001,0.052101231861607145,0.7947236180904522,0.6944444444444444,0.6735753140545634
F000002,0.0,0.3635678391959799,0.5416666666666666,0.38188130791298663
F000003,0.0,0.3635678391959799,0.5416666666666666,0.38188130791298663
F000004,0.5260506159308034,0.963819095477387,0.8472222222222221,0.33678765702728175
F000005,0.43763894448893326,0.9510050251256281,0.8055555555555556,0.34694433324435553
F000006,0.0,0.3635678391959799,0.3472222222222222,0.5672382737961704
F000007,0.21541672226671116,0.8768844221105527,0.6944444444444444,0.3469443332443555
F000008,0.18985690583578663,0.864321608040201,0.7222222222222222,0.5091750772173156
F000009,0.5260506159308034,0.963819095477387,0.8472222222222221,0.33678765702728175
F000010,0.011164549684630098,0.7346733668341708,0.5416666666666666,0.14433756729740646
F000011,0.3009680169468978,0.9133165829145728,0.7777777777777778,0.5091750772173156
F000012,0.43763894448893326,0.9510050251256281,0.8055555555555556,0.34694433324435553
F000013,0.0,0.3635678391959799,0.4305555555555555,0.42763345328724034
F000014,0.0,0.3635678391959799,0.25,0.8660254037844386
F000015,0.3009680169468978,0.9133165829145728,0.7777777777777778,0.5091750772173156
F000016,0.0,0.3635678391959799,0.6111111111111112,0.6309898162000305
F000017,0.0669872981077807,0.8050251256281407,0.75,0.8660254037844386
F000018,0.0,0.3635678391959799,0.3055555555555556,0.6735753140545634
F000019,0.0,0.3635678391959799,0.4027777777777778,0.7561476438231223
F000020,0.0,0.3635678391959799,0.2777777777777778,0.9622504486493764
F000021,0.25,0.8977386934673367,0.75,0.5
F000022,0.0,0.3635678391959799,0.25,0.5
F000023,0.25,0.8977386934673367,0.75,0.5
F000024,0.0,0.3635678391959799,0.5416666666666666,0.38188130791298663
F000025,0.0,0.3635678391959799,0.4444444444444444,1.0183501544346312
F000026,1.0,0.9987437185929648,1.0,0.0
F000027,0.25,0.8977386934673367,0.75,0.5
F000028,0.044658198738520394,0.7701005025125628,0.6666666666666666,0.5773502691896258
F000029,0.0,0.3635678391959799,0.3472222222222222,0.5672382737961704
F000030,0.0,0.3635678391959799,0.6944444444444444,0.7876359377087682
F000031,1.0,0.9987437185929648,1.0,0.0
F000032,0.18985690583578663,0.864321608040201,0.7222222222222222,0.5091750772173156
F000033,0.0,0.3635678391959799,0.4583333333333333,0.38188130791298663
F000034,0.0,0.3635678391959799,0.5416666666666666,0.38188130791298663
F000035,0.29746422645894666,0.9080402010050251,0.6805555555555556,0.1272937693043289
F000036,0.43763894448893326,0.9510050251256281,0.8055555555555556,0.34694433324435553
F000037,0.5853276880479024,0.9761306532663316,0.8888888888888888,0.3849001794597506
F000038,0.0,0.3635678391959799,0.4583333333333333,0.38188130791298663
F000039,0.18985690583578663,0.864321608040201,0.7222222222222222,0.5091750772173156
F000040,1.0,0.9987437185929648,1.0,0.0
F000041,0.0,0.3635678391959799,0.5972222222222222,0.393817968854384
F000042,0.0,0.3635678391959799,0.19444444444444442,0.3469443332443554
F000043,0.25,0.8977386934673367,0.75,0.5
F000044,0.7926638440239513,0.9952261306532664,0.9444444444444444,0.1924500897298752
F000045,0.0,0.3635678391959799,0.4027777777777778,0.6364688465216445
F000046,0.4510034825212683,0.9595477386934673,0.8194444444444444,0.3757708127352412
F000047,0.17322570474349053,0.8477386934673367,0.6805555555555556,0.37577081273524116
F000048,0.0,0.3635678391959799,0.6944444444444444,0.7876359377087682
F000049,0.0483797153000638,0.7836683417085427,0.6805555555555556,0.6254627916220946
F000050,0.0,0.3635678391959799,0.1111111111111111,0.3849001794597505
F000051,0.43763894448893326,0.9510050251256281,0.8055555555555556,0.34694433324435553
F000052,0.0,0.3635678391959799,0.3055555555555556,0.6735753140545634
F000053,0.0,0.3635678391959799,0.5833333333333334,0.7637626158259733
F000054,0.3009680169468978,0.9133165829145728,0.7777777777777778,0.5091750772173156
F000055,0.0,0.3635678391959799,0.19444444444444442,0.3469443332443554
F000056,0.43763894448893326,0.9510050251256281,0.8055555555555556,0.34694433324435553
F000057,0.25,0.8977386934673367,0.75,0.5
F000058,0.022329099369260197,0.7540201005025126,0.5833333333333334,0.2886751345948129
F000059,0.0,0.3635678391959799,0.2361111111111111,0.20971762320196524
F000060,0.22248941508981723,0.8839195979899498,0.7916666666666667,0.7216878364870323
F000061,0.0,0.3635678391959799,0.13888888888888884,0.2545875386086578
F000062,0.0,0.3635678391959799,0.3055555555555556,0.6735753140545634
F000063,0.0,0.3635678391959799,0.2222222222222222,0.769800358919501
F000064,0.5949284529178934,0.9836683417085427,0.8611111111111112,0.2545875386086578
F000065,0.0,0.3635678391959799,0.3055555555555556,0.6735753140545634
F000066,0.43763894448893326,0.9510050251256281,0.8055555555555556,0.34694433324435553
F000067,0.32312508340006674,0.9236180904522613,0.7916666666666667,0.5204164998665333
F000068,0.044658198738520394,0.7701005025125628,0.6666666666666666,0.5773502691896258
F000069,0.5949284529178934,0.9836683417085427,0.8611111111111112,0.2545875386086578
F000070,0.0,0.3635678391959799,0.4722222222222222,0.4194352464039305
F000071,0.0,0.3635678391959799,0.19444444444444442,0.3469443332443554
F000072,0.0,0.3635678391959799,0.4444444444444444,0.5357583756107198
F000073,0.0,0.3635678391959799,0.4166666666666667,0.7637626158259733
F000074,0.0,0.3635678391959799,0.1111111111111111,0.3849001794597505
F000075,0.32312508340006674,0.9236180904522613,0.7916666666666667,0.5204164998665333
F000076,0.0,0.3635678391959799,0.19444444444444442,0.3469443332443554
F000077,0.0,0.3635678391959799,0.5277777777777778,0.8221471437193746
F000078,0.0,0.3635678391959799,0.33333333333333337,0.2886751345948129
F000079,0.0,0.3635678391959799,0.25,0.5
F000080,0.6889957660359269,0.9899497487437185,0.9166666666666667,0.28867513459481287
F000081,0.18985690583578663,0.864321608040201,0.7222222222222222,0.5091750772173156
F000082,0.17322570474349053,0.8477386934673367,0.6805555555555556,0.37577081273524116
F000083,0.18985690583578663,0.864321608040201,0.7222222222222222,0.5091750772173156
F000084,0.15048400847344884,0.8346733668341708,0.6388888888888888,0.2545875386086578
F000085,0.3009680169468978,0.9133165829145728,0.7777777777777778,0.5091750772173156
F000086,0.18985690583578663,0.864321608040201,0.7222222222222222,0.5091750772173156
F000087,0.0,0.3635678391959799,0.33333333333333337,0.2886751345948129
F000088,0.0,0.3635678391959799,0.5416666666666666,0.38188130791298663
F000089,0.43763894448893326,0.9510050251256281,0.8055555555555556,0.34694433324435553
F000090,0.0,0.3635678391959799,0.5277777777777778,0.41943524640393054
F000091,0.0,0.3635678391959799,0.6111111111111112,0.693888666488711
F000092,0.0,0.3635678391959799,0.5833333333333334,0.7637626158259733
F000093,0.0,0.3635678391959799,0.13888888888888884,0.2545875386086578
F000094,0.6889957660359269,0.9899497487437185,0.9166666666666667,0.28867513459481287
F000095,0.22248941508981723,0.8839195979899498,0.7916666666666667,0.7216878364870323
F000096,0.052101231861607145,0.7947236180904522,0.6944444444444444,0.6735753140545634
F000097,0.0,0.3635678391959799,0.19444444444444442,0.3469443332443554
F000098,0.0,0.3635678391959799,0.16666666666666669,0.5773502691896258
F000099,0.0,0.3635678391959799,0.3472222222222222,0.5672382737961704
F000100,0.25,0.8977386934673367,0.75,0.5
F000101,0.6889957660359269,0.9899497487437185,0.9166666666666667,0.28867513459481287
F000102,0.0,0.3635678391959799,0.5833333333333334,0.7637626158259733
F000103,0.0,0.3635678391959799,0.29166666666666663,0.3818813079129867
F000104,0.0,0.3635678391959799,0.4444444444444444,0.1924500897298753
F000105,0.3009680169468978,0.9133165829145728,0.7777777777777778,0.5091750772173156
F000106,0.0,0.3635678391959799,0.29166666666666663,0.3818813079129867
F000107,0.0,0.3635678391959799,0.2222222222222222,0.5091750772173156
F000108,0.0,0.3635678391959799,0.19444444444444442,0.3469443332443554
F000109,0.0,0.3635678391959799,0.16666666666666669,0.5773502691896258
F000110,0.3963319220119756,0.9414572864321608,0.7222222222222222,0.09622504486493767
F000111,0.0,0.3635678391959799,0.3055555555555556,0.7876359377087682
F000112,0.18985690583578663,0.864321608040201,0.7222222222222222,0.5091750772173156
F000113,0.29746422645894666,0.9080402010050251,0.6805555555555556,0.1272937693043289
F000114,0.0,0.3635678391959799,0.5,0.0
F000115,0.0,0.3635678391959799,0.5555555555555556,0.5357583756107197
F000116,0.0,0.3635678391959799,0.3194444444444444,0.37577081273524116
F000117,0.0,0.3635678391959799,0.33333333333333337,0.2886751345948129
F000118,0.0,0.3635678391959799,0.2361111111111111,0.4110735718596873
F000119,0.0,0.3635678391959799,0.5833333333333334,0.7637626158259733
F000120,0.0,0.3635678391959799,0.5416666666666666,0.38188130791298663
F000121,0.7926638440239513,0.9952261306532664,0.9444444444444444,0.1924500897298752
F000122,0.18985690583578663,0.864321608040201,0.7222222222222222,0.5091750772173156
F000123,0.0,0.3635678391959799,0.5833333333333334,0.7637626158259733
F000124,0.18985690583578663,0.864321608040201,0.7222222222222222,0.5091750772173156
F000125,0.0,0.3635678391959799,0.5972222222222222,0.8832285053102581
F000126,0.0,0.3635678391959799,0.15277777777777773,0.33678765702728164
F000127,0.0,0.3635678391959799,0.26388888888888884,0.4110735718596873
F000128,0.0,0.3635678391959799,0.25,0.5
F000129,0.0,0.3635678391959799,0.13888888888888884,0.2545875386086578
F000130,0.0,0.3635678391959799,0.2777777777777778,0.5091750772173156
F000131,0.0,0.3635678391959799,0.16666666666666669,0.5773502691896258
F000132,0.7926638440239513,0.9952261306532664,0.9444444444444444,0.1924500897298752
F000133,0.6889957660359269,0.9899497487437185,0.9166666666666667,0.28867513459481287
F000134,0.061411169010459093,0.8010050251256281,0.6527777777777778,0.488288773090193
F000135,0.18985690583578663,0.864321608040201,0.7222222222222222,0.5091750772173156
F000136,0.0,0.3635678391959799,0.3194444444444444,0.1272937693043289
F000137,0.044658198738520394,0.7701005025125628,0.6666666666666666,0.5773502691896258
F000138,0.0,0.3635678391959799,0.3472222222222222,0.5672382737961704
F000139,0.0,0.3635678391959799,0.08333333333333331,0.28867513459481287
F000140,0.18985690583578663,0.864321608040201,0.7222222222222222,0.5091750772173156
F000141,0.3779915320718537,0.9329145728643216,0.8333333333333333,0.5773502691896258
F000142,0.0,0.3635678391959799,0.375,0.6614378277661477
F000143,0.18899576603592685,0.8522613065326633,0.6666666666666666,0.2886751345948129
F000144,0.43763894448893326,0.9510050251256281,0.8055555555555556,0.34694433324435553
F000145,0.5853276880479024,0.9761306532663316,0.8888888888888888,0.3849001794597506
F000146,0.0,0.3635678391959799,0.4444444444444444,0.1924500897298753
F000147,0.3009680169468978,0.9133165829145728,0.7777777777777778,0.5091750772173156
F000148,0.0,0.3635678391959799,0.3055555555555556,0.6735753140545634
F000149,0.0,0.3635678391959799,0.33333333333333337,0.7637626158259733
F000150,0.32224099184793414,0.9193467336683417,0.7638888888888888,0.4110735718596873
F000151,0.0,0.3635678391959799,0.041666666666666685,0.14433756729740646
F000152,0.0,0.3635678391959799,0.3611111111111111,0.2545875386086578
F000153,0.0,0.3635678391959799,0.19444444444444442,0.3469443332443554
F000154,0.0,0.3635678391959799,0.16666666666666669,0.28867513459481287
F000155,0.1564584167334001,0.842211055276382,0.7083333333333334,0.5204164998665332
F000156,0.0,0.3635678391959799,0.4583333333333333,0.14433756729740646
F000157,0.044658198738520394,0.7701005025125628,0.6666666666666666,0.5773502691896258
F000158,0.25,0.8977386934673367,0.75,0.5
F000159,0.0,0.3635678391959799,0.08333333333333331,0.28867513459481287
F000160,0.0,0.3635678391959799,0.6111111111111112,0.6309898162000305
F000161,0.0,0.3635678391959799,0.3055555555555556,0.3469443332443555
F000162,0.0,0.3635678391959799,0.1111111111111111,0.3849001794597505
F000163,0.0,0.3635678391959799,0.6388888888888888,0.7515416254704823
F000164,0.0,0.3635678391959799,0.6111111111111112,0.693888666488711
F000165,0.0,0.3635678391959799,0.19444444444444442,0.3469443332443554
F000166,0.0,0.3635678391959799,0.2777777777777778,0.0962250448649376
F000167,0.0,0.3635678391959799,0.13888888888888884,0.2545875386086578
F000168,0.0,0.3635678391959799,0.4027777777777778,0.6364688465216445
F000169,0.4510034825212683,0.9595477386934673,0.8194444444444444,0.3757708127352412
F000170,0.022329099369260197,0.7540201005025126,0.5833333333333334,0.2886751345948129
F000171,0.0,0.3635678391959799,0.3888888888888889,0.693888666488711
F000172,0.0,0.3635678391959799,0.5416666666666666,0.38188130791298663
F000173,0.0,0.3635678391959799,0.5833333333333334,0.7637626158259733
F000174,0.0,0.3635678391959799,0.3055555555555556,0.7876359377087682
F000175,0.14857832784080438,0.8238693467336683,0.7361111111111112,0.6472877887628358
F000176,0.011164549684630098,0.7346733668341708,0.5416666666666666,0.14433756729740646
F000177,0.0,0.3635678391959799,0.16666666666666669,0.28867513459481287
F000178,0.0,0.3635678391959799,0.4166666666666667,0.2886751345948129
F000179,0.18985690583578663,0.864321608040201,0.7222222222222222,0.5091750772173156
F000180,0.0,0.3635678391959799,0.29166666666666663,0.8036375634160796
F000181,0.5949284529178934,0.9836683417085427,0.8611111111111112,0.2545875386086578
F000182,0.0,0.3635678391959799,0.4305555555555555,0.47385339192311066
F000183,0.0,0.3635678391959799,0.13888888888888884,0.2545875386086578
F000184,0.0,0.3635678391959799,0.3055555555555556,0.6735753140545634
F000185,0.0,0.3635678391959799,0.2361111111111111,0.4110735718596873
F000186,0.0,0.3635678391959799,0.20833333333333331,0.5204164998665333
F000187,0.0,0.3635678391959799,0.25,0.5
F000188,0.0,0.3635678391959799,0.25,0.5
F000189,0.0,0.3635678391959799,0.19444444444444442,0.3469443332443554
F000190,0.0,0.3635678391959799,0.5277777777777778,0.5853140973807078
F000191,0.0,0.3635678391959799,0.5,0.0
F000192,0.3963319220119756,0.9414572864321608,0.7222222222222222,0.09622504486493767
F000193,0.0,0.3635678391959799,0.19444444444444442,0.3469443332443554
F000194,0.18985690583578663,0.864321608040201,0.7222222222222222,0.5091750772173156
F000195,0.3779915320718537,0.9329145728643216,0.8333333333333333,0.5773502691896258
F000196,0.0,0.3635678391959799,0.375,1.0897247358851685
F000197,0.0,0.3635678391959799,0.13888888888888884,0.2545875386086578
F000198,0.0,0.3635678391959799,0.375,0.6614378277661477
F000199,0.0,0.3635678391959799,0.08333333333333331,0.28867513459481287
F000200,0.32224099184793414,0.9193467336683417,0.7638888888888888,0.4110735718596873
F000201,0.0,0.3635678391959799,0.3055555555555556,0.6735753140545634
F000202,0.0,0.3635678391959799,0.125,0.25
F000203,0.0,0.3635678391959799,0.19444444444444442,0.3469443332443554
F000204,0.0,0.3635678391959799,0.4861111111111111,0.9141379262169074
F000205,0.0,0.3635678391959799,0.2361111111111111,0.20971762320196524
F000206,0.0,0.3635678391959799,0.4861111111111111,0.6142595663193329
F000207,0.0,0.3635678391959799,0.19444444444444442,0.3469443332443554
F000208,0.0483797153000638,0.7836683417085427,0.6805555555555556,0.6254627916220946
F000209,0.03349364905389035,0.7618090452261307,0.625,0.4330127018922193
F000210,0.0,0.3635678391959799,0.25,0.5
F000211,0.0,0.3635678391959799,0.19444444444444442,0.3469443332443554
F000212,0.25,0.8977386934673367,0.75,0.5
F000213,0.0,0.3635678391959799,0.4166666666666667,0.2886751345948129
F000214,0.0,0.3635678391959799,0.19444444444444442,0.3469443332443554
F000215,0.0,0.3635678391959799,0.3055555555555556,0.6735753140545634
F000216,0.0,0.3635678391959799,0.3888888888888889,0.6309898162000305
F000217,0.0,0.3635678391959799,0.3611111111111111,0.7515416254704823
F000218,0.0,0.3635678391959799,0.6388888888888888,0.7515416254704823
F000219,0.0,0.3635678391959799,0.13888888888888884,0.2545875386086578
F000220,0.052101231861607145,0.7947236180904522,0.6944444444444444,0.6735753140545634
F000221,0.052101231861607145,0.7947236180904522,0.6944444444444444,0.6735753140545634
F000222,0.0,0.3635678391959799,0.3055555555555556,0.6735753140545634
F000223,0.22248941508981723,0.8839195979899498,0.7916666666666667,0.7216878364870323
F000224,0.0,0.3635678391959799,0.055555555555555525,0.1924500897298752
F000225,0.011164549684630098,0.7346733668341708,0.5416666666666666,0.14433756729740646
F000226,0.0,0.3635678391959799,0.3194444444444444,0.37577081273524116
F000227,0.0,0.3635678391959799,0.19444444444444442,0.3469443332443554
F000228,0.0,0.3635678391959799,0.3055555555555556,0.6735753140545634
F000229,0.0,0.3635678391959799,0.4305555555555555,0.5912165737164656
F000230,0.0,0.3635678391959799,0.6111111111111112,0.693888666488711
F000231,0.0,0.3635678391959799,0.25,0.5
F000232,0.0,0.3635678391959799,0.3888888888888889,0.4811252243246881
F000233,0.061411169010459093,0.8010050251256281,0.6527777777777778,0.488288773090193
F000234,0.0,0.3635678391959799,0.3888888888888889,0.693888666488711
F000235,0.5853276880479024,0.9761306532663316,0.8888888888888888,0.3849001794597506
F000236,0.014886066246173488,0.7439698492462311,0.5555555555555556,0.1924500897298752
F000237,0.0,0.3635678391959799,0.3888888888888889,0.693888666488711
F000238,0.0,0.3635678391959799,0.19444444444444442,0.3469443332443554
F000239,0.5334936490538904,0.9678391959798995,0.875,0.4330127018922193
F000240,0.0,0.3635678391959799,0.5972222222222222,0.393817968854384
F000241,0.0,0.3635678391959799,0.5972222222222222,0.393817968854384
F000242,0.0,0.3635678391959799,0.19444444444444442,0.3469443332443554
F000243,0.3779915320718537,0.9329145728643216,0.8333333333333333,0.5773502691896258
F000244,0.18985690583578663,0.864321608040201,0.7222222222222222,0.5091750772173156
F000245,0.0,0.3635678391959799,0.2777777777777778,0.5091750772173156
F000246,0.0,0.3635678391959799,0.3611111111111111,0.7515416254704823
F000247,0.0,0.3635678391959799,0.19444444444444442,0.3469443332443554
F000248,0.0,0.3635678391959799,0.20833333333333331,0.5204164998665333
F000249,0.0,0.3635678391959799,0.5416666666666666,0.38188130791298663
F000250,0.0,0.3635678391959799,0.3611111111111111,0.2545875386086578
F000251,0.0,0.3635678391959799,0.3055555555555556,0.6735753140545634
F000252,0.3779915320718537,0.9329145728643216,0.8333333333333333,0.5773502691896258
F000253,0.0,0.3635678391959799,0.4722222222222222,0.4194352464039305
F000254,0.0,0.3635678391959799,0.2777777777777778,0.5091750772173156
F000255,0.5853276880479024,0.9761306532663316,0.8888888888888888,0.3849001794597506
F000256,0.25,0.8977386934673367,0.75,0.5
F000257,0.0,0.3635678391959799,0.4861111111111111,0.9141379262169074
F000258,0.5334936490538904,0.9678391959798995,0.875,0.4330127018922193
F000259,0.0,0.3635678391959799,0.6111111111111112,0.693888666488711
F000260,0.0,0.3635678391959799,0.25,0.5
F000261,0.052101231861607145,0.7947236180904522,0.6944444444444444,0.6735753140545634
F000262,0.18985690583578663,0.864321608040201,0.7222222222222222,0.5091750772173156
F000263,0.0,0.3635678391959799,0.3055555555555556,0.6735753140545634
F000264,0.5853276880479024,0.9761306532663316,0.8888888888888888,0.3849001794597506
F000265,0.0,0.3635678391959799,0.3055555555555556,0.7876359377087682
F000266,0.2666854362923786,0.9065326633165829,0.7361111111111112,0.4110735718596873
F000267,0.18985690583578663,0.864321608040201,0.7222222222222222,0.5091750772173156
F000268,0.25,0.8977386934673367,0.75,0.5
F000269,0.0,0.3635678391959799,0.2222222222222222,0.09622504486493767
F000270,0.43763894448893326,0.9510050251256281,0.8055555555555556,0.34694433324435553
F000271,0.0,0.3635678391959799,0.19444444444444442,0.3469443332443554
F000272,0.43763894448893326,0.9510050251256281,0.8055555555555556,0.34694433324435553
F000273,0.0,0.3635678391959799,0.3472222222222222,0.6988747569671736
F000274,0.0,0.3635678391959799,0.25,0.5
F000275,0.0,0.3635678391959799,0.33333333333333337,1.1547005383792517
F000276,0.0,0.3635678391959799,0.2361111111111111,0.20971762320196524
F000277,0.3779915320718537,0.9329145728643216,0.8333333333333333,0.5773502691896258
F000278,0.011164549684630098,0.7346733668341708,0.5416666666666666,0.14433756729740646
F000279,0.3009680169468978,0.9133165829145728,0.7777777777777778,0.5091750772173156
F000280,0.0,0.3635678391959799,0.25,0.8660254037844386
F000281,0.0,0.3635678391959799,0.2777777777777778,0.0962250448649376
F000282,0.0,0.3635678391959799,0.25,0.5
F000283,0.0,0.3635678391959799,0.375,1.0897247358851685
F000284,0.061411169010459093,0.8010050251256281,0.6527777777777778,0.488288773090193
F000285,0.0483797153000638,0.7836683417085427,0.6805555555555556,0.6254627916220946
F000286,0.11785136605074786,0.8135678391959799,0.736111111111111,0.7087417123429486
F000287,0.5853276880479024,0.9761306532663316,0.8888888888888888,0.3849001794597506
F000288,0.0,0.3635678391959799,0.1111111111111111,0.3849001794597505
F000289,0.0,0.3635678391959799,0.33333333333333337,0.2886751345948129
F000290,0.044658198738520394,0.7701005025125628,0.6666666666666666,0.5773502691896258
F000291,0.15048400847344884,0.8346733668341708,0.6388888888888888,0.2545875386086578
F000292,0.14857832784080438,0.8238693467336683,0.7361111111111112,0.6472877887628358
F000293,0.0,0.3635678391959799,0.19444444444444442,0.3469443332443554
F000294,0.0,0.3635678391959799,0.13888888888888884,0.2545875386086578
F000295,0.0,0.3635678391959799,0.25,0.8660254037844386
F000296,0.0,0.3635678391959799,0.16666666666666669,0.5773502691896258
F000297,0.0,0.3635678391959799,0.4444444444444444,0.1924500897298753
F000298,0.0,0.3635678391959799,0.3194444444444444,0.1272937693043289
F000299,0.0,0.3635678391959799,0.19444444444444442,0.3469443332443554
F000300,0.0,0.3635678391959799,0.5972222222222222,0.393817968854384
F000301,0.0,0.3635678391959799,0.19444444444444442,0.3469443332443554
F000302,0.0,0.3635678391959799,0.5277777777777778,0.41943524640393054
F000303,0.0,0.3635678391959799,0.4583333333333333,0.14433756729740646
F000304,0.0,0.3635678391959799,0.2361111111111111,0.20971762320196524
F000305,0.0483797153000638,0.7836683417085427,0.6805555555555556,0.6254627916220946
F000306,0.0,0.3635678391959799,0.4861111111111111,0.9141379262169074
F000307,0.0,0.3635678391959799,0.6388888888888888,0.7515416254704823
F000308,0.0,0.3635678391959799,0.5277777777777778,0.41943524640393054
F000309,0.0,0.3635678391959799,0.4861111111111111,0.9141379262169074
F000310,0.0,0.3635678391959799,0.13888888888888884,0.2545875386086578
F000311,0.0,0.3635678391959799,0.5972222222222222,0.393817968854384
F000312,0.0,0.3635678391959799,0.041666666666666685,0.14433756729740646
F000313,0.0,0.3635678391959799,0.5972222222222222,0.393817968854384
F000314,0.0,0.3635678391959799,0.33333333333333337,0.7637626158259733
F000315,0.3963319220119756,0.9414572864321608,0.7222222222222222,0.09622504486493767
F000316,0.0,0.3635678391959799,0.5972222222222222,0.393817968854384
F000317,0.0,0.3635678391959799,0.2777777777777778,0.5091750772173156
F000318,0.0,0.3635678391959799,0.19444444444444442,0.3469443332443554
F000319,0.0,0.3635678391959799,0.20833333333333331,0.38188130791298663
F000320,0.125,0.8168341708542713,0.625,0.25
F000321,0.3009680169468978,0.9133165829145728,0.7777777777777778,0.5091750772173156
F000322,0.0,0.3635678391959799,0.4444444444444444,1.0183501544346312
F000323,0.011164549684630098,0.7346733668341708,0.5416666666666666,0.14433756729740646
F000324,0.0,0.3635678391959799,0.5972222222222222,0.393817968854384
F000325,0.25,0.8977386934673367,0.75,0.5
F000326,0.0,0.3635678391959799,0.2361111111111111,0.20971762320196524
F000327,0.0,0.3635678391959799,0.5972222222222222,0.393817968854384
F000328,0.0,0.3635678391959799,0.5972222222222222,0.8832285053102581
F000329,0.0,0.3635678391959799,0.16666666666666669,0.5773502691896258
F000330,0.6889957660359269,0.9899497487437185,0.9166666666666667,0.28867513459481287
F000331,0.011164549684630098,0.7346733668341708,0.5416666666666666,0.14433756729740646
F000332,0.0,0.3635678391959799,0.4583333333333333,0.14433756729740646
F000333,0.0,0.3635678391959799,0.25,0.5
F000334,0.5949284529178934,0.9836683417085427,0.8611111111111112,0.2545875386086578
F000335,0.0,0.3635678391959799,0.4027777777777778,0.6364688465216445
F000336,0.0,0.3635678391959799,0.4166666666666667,1.0408329997330665
F000337,0.0,0.3635678391959799,0.5694444444444444,0.7469072033193752
F000338,0.0,0.3635678391959799,0.5972222222222222,0.393817968854384
F000339,0.044658198738520394,0.7701005025125628,0.6666666666666666,0.5773502691896258
F000340,0.0,0.3635678391959799,0.5416666666666666,0.38188130791298663
F000341,0.0,0.3635678391959799,0.5277777777777778,0.8221471437193746
F000342,0.0,0.3635678391959799,0.3611111111111111,0.2545875386086578
F000343,0.0,0.3635678391959799,0.5972222222222222,0.393817968854384
F000344,0.0,0.3635678391959799,0.29166666666666663,0.5204164998665332
F000345,0.0,0.3635678391959799,0.625,0.75
F000346,0.011164549684630098,0.7346733668341708,0.5416666666666666,0.14433756729740646
F000347,0.0,0.3635678391959799,0.4305555555555555,0.9871864246620478
F000348,0.21541672226671116,0.8768844221105527,0.6944444444444444,0.3469443332443555
F000349,0.011164549684630098,0.7346733668341708,0.5416666666666666,0.14433756729740646
F000350,0.0,0.3635678391959799,0.2222222222222222,0.5091750772173156
F000351,0.3779915320718537,0.9329145728643216,0.8333333333333333,0.5773502691896258
F000352,0.0,0.3635678391959799,0.08333333333333331,0.28867513459481287
F000353,0.0,0.3635678391959799,0.125,0.4330127018922193
F000354,0.0,0.3635678391959799,0.19444444444444442,0.3469443332443554
F000355,0.0,0.3635678391959799,0.25,0.5
F000356,0.6889957660359269,0.9899497487437185,0.9166666666666667,0.28867513459481287
F000357,0.21541672226671116,0.8768844221105527,0.6944444444444444,0.3469443332443555
F000358,0.0,0.3635678391959799,0.5277777777777778,0.8221471437193746
F000359,0.0,0.3635678391959799,0.25,0.5
F000360,0.0,0.3635678391959799,0.3611111111111111,0.7515416254704823
F000361,0.0,0.3635678391959799,0.3472222222222222,0.5672382737961704
F000362,0.0,0.3635678391959799,0.4027777777777778,0.3938179688543841
F000363,0.0,0.3635678391959799,0.6111111111111112,0.693888666488711
F000364,0.011164549684630098,0.7346733668341708,0.5416666666666666,0.14433756729740646
F000365,0.0,0.3635678391959799,0.5972222222222222,0.393817968854384
F000366,0.0,0.3635678391959799,0.4444444444444444,0.5357583756107198
F000367,0.0,0.3635678391959799,0.4305555555555555,0.9871864246620478
F000368,0.5334936490538904,0.9678391959798995,0.875,0.4330127018922193
F000369,0.0,0.3635678391959799,0.18055555555555552,0.3757708127352412
F000370,0.0,0.3635678391959799,0.25,0.5
F000371,0.0,0.3635678391959799,0.25,0.5
F000372,0.0,0.3635678391959799,0.2222222222222222,0.5091750772173156
F000373,0.0,0.3635678391959799,0.5833333333333334,0.7637626158259733
F000374,0.052101231861607145,0.7947236180904522,0.6944444444444444,0.6735753140545634
F000375,0.6889957660359269,0.9899497487437185,0.9166666666666667,0.28867513459481287
F000376,0.0,0.3635678391959799,0.19444444444444442,0.3469443332443554
F000377,0.0,0.3635678391959799,0.36111111111111116,0.8552669065744807
F000378,0.0,0.3635678391959799,0.29166666666666663,0.3818813079129867
F000379,0.011164549684630098,0.7346733668341708,0.5416666666666666,0.14433756729740646
F000380,0.0,0.3635678391959799,0.20833333333333331,0.5204164998665333
F000381,0.0483797153000638,0.7836683417085427,0.6805555555555556,0.6254627916220946
F000382,0.7926638440239513,0.9952261306532664,0.9444444444444444,0.1924500897298752
F000383,0.0,0.3635678391959799,0.6111111111111112,0.693888666488711
F000384,0.0,0.3635678391959799,0.15277777777777773,0.33678765702728164
F000385,0.061411169010459093,0.8010050251256281,0.6527777777777778,0.488288773090193
F000386,0.0483797153000638,0.7836683417085427,0.6805555555555556,0.6254627916220946
F000387,0.0,0.3635678391959799,0.3055555555555556,0.6735753140545634
F000388,0.0,0.3635678391959799,0.4722222222222222,0.5853140973807078
F000389,0.014886066246173488,0.7439698492462311,0.5555555555555556,0.1924500897298752
F000390,0.5853276880479024,0.9761306532663316,0.8888888888888888,0.3849001794597506
F000391,0.0,0.3635678391959799,0.5972222222222222,0.393817968854384
F000392,0.0,0.3635678391959799,0.625,0.6614378277661477
F000393,0.25,0.8977386934673367,0.75,0.5
F000394,0.011164549684630098,0.7346733668341708,0.5416666666666666,0.14433756729740646
F000395,0.0,0.3635678391959799,0.5138888888888888,0.29265704869035386
F000396,0.0,0.3635678391959799,0.25,0.5
F000397,0.0,0.3635678391959799,0.13888888888888884,0.2545875386086578
F000398,0.0,0.3635678391959799,0.19444444444444442,0.3469443332443554
F000399,0.0,0.3635678391959799,0.3055555555555556,0.3469443332443555
F000400,0.0,0.3635678391959799,0.19444444444444442,0.3469443332443554
F000401,0.0,0.3635678391959799,0.5972222222222222,0.393817968854384
F000402,0.0,0.3635678391959799,0.09722222222222215,0.17347216662217768
F000403,0.0,0.3635678391959799,0.19444444444444442,0.3469443332443554
F000404,0.021936418657470313,0.7472361809045226,0.6527777777777778,0.5672382737961704
F000405,0.0,0.3635678391959799,0.6944444444444444,0.7876359377087682
F000406,0.18985690583578663,0.864321608040201,0.7222222222222222,0.5091750772173156
F000407,0.0,0.3635678391959799,0.4861111111111111,0.9141379262169074
F000408,0.0,0.3635678391959799,0.3194444444444444,0.37577081273524116
F000409,0.0,0.3635678391959799,0.3611111111111111,0.2545875386086578
F000410,0.0,0.3635678391959799,0.5555555555555556,0.8388704928078611
F000411,0.0,0.3635678391959799,0.19444444444444442,0.3469443332443554
F000412,0.0,0.3635678391959799,0.19444444444444442,0.3469443332443554
F000413,0.0,0.3635678391959799,0.4861111111111111,0.9141379262169074
F000414,0.0,0.3635678391959799,0.4027777777777778,0.17347216662217774
F000415,0.0,0.3635678391959799,0.19444444444444442,0.3469443332443554
F000416,0.0,0.3635678391959799,0.2222222222222222,0.769800358919501
F000417,0.0,0.3635678391959799,0.19444444444444442,0.3469443332443554
F000418,0.25,0.8977386934673367,0.75,0.5
F000419,0.0,0.3635678391959799,0.08333333333333331,0.28867513459481287
F000420,0.3009680169468978,0.9133165829145728,0.7777777777777778,0.5091750772173156
F000421,0.0,0.3635678391959799,0.25,0.5
F000422,0.0,0.3635678391959799,0.19444444444444442,0.3469443332443554
F000423,0.0,0.3635678391959799,0.3055555555555556,0.6735753140545634
F000424,0.0,0.3635678391959799,0.5416666666666666,0.38188130791298663
F000425,0.0,0.3635678391959799,0.5972222222222222,0.393817968854384
F000426,0.0,0.3635678391959799,0.4722222222222222,0.4194352464039305
F000427,0.0,0.3635678391959799,0.2777777777777778,0.0962250448649376
F000428,0.0483797153000638,0.7836683417085427,0.6805555555555556,0.6254627916220946
F000429,0.0,0.3635678391959799,0.19444444444444442,0.3469443332443554
F000430,0.0483797153000638,0.7836683417085427,0.6805555555555556,0.6254627916220946
F000431,0.0,0.3635678391959799,0.25,0.5
F000432,0.0,0.3635678391959799,0.09722222222222215,0.17347216662217768
F000433,0.0,0.3635678391959799,0.4166666666666667,0.2886751345948129
F000434,0.03349364905389035,0.7618090452261307,0.625,0.4330127018922193
F000435,0.3009680169468978,0.9133165829145728,0.7777777777777778,0.5091750772173156
F000436,0.0,0.3635678391959799,0.3472222222222222,0.6988747569671736
F000437,0.0,0.3635678391959799,0.08333333333333331,0.28867513459481287
F000438,0.0,0.3635678391959799,0.4444444444444444,1.0183501544346312
F000439,0.0,0.3635678391959799,0.16666666666666669,0.5773502691896258
F000440,0.0,0.3635678391959799,0.19444444444444442,0.3469443332443554
F000441,0.0,0.3635678391959799,0.19444444444444442,0.3469443332443554
F000442,0.0,0.3635678391959799,0.4305555555555555,0.9871864246620478
F000443,0.0,0.3635678391959799,0.5277777777777778,0.8221471437193746
F000444,0.0,0.3635678391959799,0.6388888888888888,0.7515416254704823
F000445,0.0,0.3635678391959799,0.6527777777777778,0.6684005230842202
F000446,0.0,0.3635678391959799,0.25,0.5
F000447,0.22248941508981723,0.8839195979899498,0.7916666666666667,0.7216878364870323
F000448,0.43763894448893326,0.9510050251256281,0.8055555555555556,0.34694433324435553
F000449,0.22248941508981723,0.8839195979899498,0.7916666666666667,0.7216878364870323
F000450,0.0,0.3635678391959799,0.15277777777777773,0.33678765702728164
F000451,0.0,0.3635678391959799,0.2222222222222222,0.769800358919501
F000452,0.0,0.3635678391959799,0.125,0.25
F000453,0.0,0.3635678391959799,0.4305555555555555,0.9871864246620478
F000454,0.15048400847344884,0.8346733668341708,0.6388888888888888,0.2545875386086578
F000455,0.0,0.3635678391959799,0.36111111111111116,0.8552669065744807
F000456,0.0,0.3635678391959799,0.5972222222222222,0.393817968854384
F000457,0.0,0.3635678391959799,0.36111111111111116,0.8552669065744807
F000458,0.2666854362923786,0.9065326633165829,0.7361111111111112,0.4110735718596873
F000459,0.21541672226671116,0.8768844221105527,0.6944444444444444,0.3469443332443555
F000460,0.0,0.3635678391959799,0.055555555555555525,0.1924500897298752
F000461,0.0,0.3635678391959799,0.13888888888888884,0.2545875386086578
F000462,0.0,0.3635678391959799,0.5972222222222222,0.393817968854384
F000463,0.0,0.3635678391959799,0.3194444444444444,0.37577081273524116
F000464,0.0,0.3635678391959799,0.13888888888888884,0.2545875386086578
F000465,0.022329099369260197,0.7540201005025126,0.5833333333333334,0.2886751345948129
F000466,0.11785136605074786,0.8135678391959799,0.736111111111111,0.7087417123429486
F000467,0.5752420042367246,0.9706030150753768,0.8194444444444444,0.1272937693043289
F000468,0.15048400847344884,0.8346733668341708,0.6388888888888888,0.2545875386086578
F000469,0.0,0.3635678391959799,0.5555555555555556,0.5357583756107197
F000470,0.0,0.3635678391959799,0.2777777777777778,0.5091750772173156
F000471,0.0,0.3635678391959799,0.19444444444444442,0.3469443332443554
F000472,0.0,0.3635678391959799,0.4583333333333333,1.010362971081845
F000473,0.0,0.3635678391959799,0.3888888888888889,0.693888666488711
F000474,0.0,0.3635678391959799,0.18055555555555552,0.3757708127352412
F000475,0.14857832784080438,0.8238693467336683,0.7361111111111112,0.6472877887628358
F000476,0.0,0.3635678391959799,0.1111111111111111,0.3849001794597505
F000477,0.022329099369260197,0.7540201005025126,0.5833333333333334,0.2886751345948129
F000478,0.0,0.3635678391959799,0.13888888888888884,0.2545875386086578
F000479,0.0,0.3635678391959799,0.6388888888888888,0.7515416254704823
F000480,0.32312508340006674,0.9236180904522613,0.7916666666666667,0.5204164998665333
F000481,0.0,0.3635678391959799,0.19444444444444442,0.3469443332443554
F000482,0.0,0.3635678391959799,0.19444444444444442,0.3469443332443554
F000483,0.0,0.3635678391959799,0.3611111111111111,0.2545875386086578
F000484,0.5949284529178934,0.9836683417085427,0.8611111111111112,0.2545875386086578
F000485,0.0,0.3635678391959799,0.4444444444444444,0.5357583756107198
F000486,0.18985690583578663,0.864321608040201,0.7222222222222222,0.5091750772173156
F000487,0.011164549684630098,0.7346733668341708,0.5416666666666666,0.14433756729740646
F000488,0.0,0.3635678391959799,0.18055555555555552,0.1272937693043289
F000489,0.03349364905389035,0.7618090452261307,0.625,0.4330127018922193
F000490,0.0,0.3635678391959799,0.16666666666666669,0.28867513459481287
F000491,0.18985690583578663,0.864321608040201,0.7222222222222222,0.5091750772173156
F000492,0.0,0.3635678391959799,0.16666666666666669,0.5773502691896258
F000493,0.0,0.3635678391959799,0.19444444444444442,0.3469443332443554
F000494,0.0,0.3635678391959799,0.3611111111111111,0.7515416254704823
F000495,0.0,0.3635678391959799,0.4444444444444444,0.5357583756107198
F000496,0.0,0.3635678391959799,0.041666666666666685,0.14433756729740646
F000497,0.0,0.3635678391959799,0.3194444444444444,0.1272937693043289
F000498,0.0,0.3635678391959799,0.2361111111111111,0.20971762320196524
F000499,0.0,0.3635678391959799,0.09722222222222215,0.17347216662217768
F000500,0.0,0.3635678391959799,0.08333333333333331,0.28867513459481287
F000501,0.0,0.3635678391959799,0.19444444444444442,0.3469443332443554
F000502,0.0,0.3635678391959799,0.3611111111111111,0.2545875386086578
F000503,0.0,0.3635678391959799,0.13888888888888884,0.2545875386086578
F000504,0.7926638440239513,0.9952261306532664,0.9444444444444444,0.1924500897298752
F000505,0.0,0.3635678391959799,0.18055555555555552,0.1272937693043289
F000506,0.0,0.3635678391959799,0.3888888888888889,0.693888666488711
F000507,0.0,0.3635678391959799,0.3055555555555556,0.6735753140545634
F000508,0.0,0.3635678391959799,0.25,0.5
F000509,0.0,0.3635678391959799,0.3194444444444444,0.37577081273524116
F000510,0.0,0.3635678391959799,0.20833333333333331,0.38188130791298663
F000511,0.32312508340006674,0.9236180904522613,0.7916666666666667,0.5204164998665333
F000512,0.0,0.3635678391959799,0.5416666666666666,0.38188130791298663
F000513,0.0,0.3635678391959799,0.5138888888888888,0.29265704869035386
F000514,0.0,0.3635678391959799,0.055555555555555525,0.1924500897298752
F000515,0.0,0.3635678391959799,0.3611111111111111,0.7515416254704823
F000516,0.11785136605074786,0.8135678391959799,0.736111111111111,0.7087417123429486
F000517,0.0,0.3635678391959799,0.5972222222222222,0.393817968854384
F000518,0.5853276880479024,0.9761306532663316,0.8888888888888888,0.3849001794597506
F000519,0.0,0.3635678391959799,0.6388888888888888,0.7515416254704823
F000520,0.25,0.8977386934673367,0.75,0.5
F000521,0.03349364905389035,0.7618090452261307,0.625,0.4330127018922193
F000522,0.0,0.3635678391959799,0.5972222222222222,0.393817968854384
F000523,0.0,0.3635678391959799,0.375,1.0897247358851685
F000524,0.0,0.3635678391959799,0.3472222222222222,0.5672382737961704
F000525,0.0,0.3635678391959799,0.3055555555555556,0.7876359377087682
F000526,0.0,0.3635678391959799,0.19444444444444442,0.3469443332443554
F000527,0.011164549684630098,0.7346733668341708,0.5416666666666666,0.14433756729740646
F000528,0.15048400847344884,0.8346733668341708,0.6388888888888888,0.2545875386086578
F000529,0.0,0.3635678391959799,0.6111111111111112,0.693888666488711
F000530,0.43763894448893326,0.9510050251256281,0.8055555555555556,0.34694433324435553
F000531,0.0,0.3635678391959799,0.5694444444444444,0.47385339192311066
F000532,0.0,0.3635678391959799,0.4027777777777778,0.6364688465216445
F000533,0.0,0.3635678391959799,0.3611111111111111,0.2545875386086578
F000534,0.0,0.3635678391959799,0.16666666666666669,0.5773502691896258
F000535,0.0,0.3635678391959799,0.3055555555555556,0.6735753140545634
F000536,0.0,0.3635678391959799,0.13888888888888884,0.2545875386086578
F000537,0.15048400847344884,0.8346733668341708,0.6388888888888888,0.2545875386086578
F000538,0.0,0.3635678391959799,0.19444444444444442,0.3469443332443554
F000539,0.0,0.3635678391959799,0.5555555555555556,0.5357583756107197
F000540,0.125,0.8168341708542713,0.625,0.25
F000541,0.052101231861607145,0.7947236180904522,0.6944444444444444,0.6735753140545634
F000542,0.0,0.3635678391959799,0.25,0.5
F000543,0.18899576603592685,0.8522613065326633,0.6666666666666666,0.2886751345948129
F000544,0.0,0.3635678391959799,0.5416666666666666,0.38188130791298663
F000545,0.11785136605074786,0.8135678391959799,0.736111111111111,0.7087417123429486
F000546,0.0,0.3635678391959799,0.4861111111111111,0.9141379262169074
F000547,0.0,0.3635678391959799,0.25,0.5
F000548,0.0,0.3635678391959799,0.19444444444444442,0.3469443332443554
F000549,0.0,0.3635678391959799,0.3611111111111111,0.2545875386086578
F000550,0.0,0.3635678391959799,0.19444444444444442,0.3469443332443554
F000551,0.0,0.3635678391959799,0.4166666666666667,0.2886751345948129
F000552,0.0,0.3635678391959799,0.09722222222222215,0.17347216662217768
F000553,0.0,0.3635678391959799,0.25,0.5
F000554,0.43763894448893326,0.9510050251256281,0.8055555555555556,0.34694433324435553
F000555,0.0,0.3635678391959799,0.4861111111111111,0.2926570486903539
F000556,0.0,0.3635678391959799,0.33333333333333337,0.5773502691896258
F000557,0.0,0.3635678391959799,0.25,0.5
F000558,0.0,0.3635678391959799,0.19444444444444442,0.3469443332443554
F000559,0.0,0.3635678391959799,0.5277777777777778,0.8221471437193746
F000560,0.0,0.3635678391959799,0.16666666666666669,0.5773502691896258
F000561,0.0,0.3635678391959799,0.4444444444444444,1.0183501544346312
F000562,0.43763894448893326,0.9510050251256281,0.8055555555555556,0.34694433324435553
F000563,0.0,0.3635678391959799,0.13888888888888884,0.2545875386086578
F000564,0.0,0.3635678391959799,0.4027777777777778,0.17347216662217774
F000565,0.0,0.3635678391959799,0.3611111111111111,0.2545875386086578
F000566,0.0,0.3635678391959799,0.25,0.5
F000567,0.0,0.3635678391959799,0.25,0.5
F000568,0.0,0.3635678391959799,0.3055555555555556,0.6735753140545634
F000569,0.0,0.3635678391959799,0.2361111111111111,0.20971762320196524
F000570,0.3963319220119756,0.9414572864321608,0.7222222222222222,0.09622504486493767
F000571,0.0,0.3635678391959799,0.19444444444444442,0.3469443332443554
F000572,0.5949284529178934,0.9836683417085427,0.8611111111111112,0.2545875386086578
F000573,0.0,0.3635678391959799,0.4166666666666667,1.0408329997330665
F000574,0.18985690583578663,0.864321608040201,0.7222222222222222,0.5091750772173156
F000575,0.044658198738520394,0.7701005025125628,0.6666666666666666,0.5773502691896258
F000576,0.061411169010459093,0.8010050251256281,0.6527777777777778,0.488288773090193
F000577,0.0,0.3635678391959799,0.25,0.5
F000578,0.0,0.3635678391959799,0.4027777777777778,0.17347216662217774
F000579,0.0,0.3635678391959799,0.13888888888888884,0.2545875386086578
F000580,0.0,0.3635678391959799,0.125,0.25
F000581,0.6889957660359269,0.9899497487437185,0.9166666666666667,0.28867513459481287
F000582,0.0,0.3635678391959799,0.08333333333333331,0.28867513459481287
F000583,0.0,0.3635678391959799,0.3194444444444444,0.37577081273524116
F000584,0.0,0.3635678391959799,0.18055555555555552,0.1272937693043289
F000585,0.011164549684630098,0.7346733668341708,0.5416666666666666,0.14433756729740646
F000586,0.0,0.3635678391959799,0.3055555555555556,0.7876359377087682
F000587,0.5853276880479024,0.9761306532663316,0.8888888888888888,0.3849001794597506
F000588,0.021936418657470313,0.7472361809045226,0.6527777777777778,0.5672382737961704
F000589,0.052101231861607145,0.7947236180904522,0.6944444444444444,0.6735753140545634
F000590,0.0,0.3635678391959799,0.4583333333333333,0.38188130791298663
F000591,0.5752420042367246,0.9706030150753768,0.8194444444444444,0.1272937693043289
F000592,0.18899576603592685,0.8522613065326633,0.6666666666666666,0.2886751345948129
F000593,0.0,0.3635678391959799,0.5138888888888888,0.29265704869035386
F000594,0.0,0.3635678391959799,0.4027777777777778,0.6364688465216445
F000595,0.0,0.3635678391959799,0.5972222222222222,0.393817968854384
F000596,0.0483797153000638,0.7836683417085427,0.6805555555555556,0.6254627916220946
F000597,0.43763894448893326,0.9510050251256281,0.8055555555555556,0.34694433324435553
F000598,0.0,0.3635678391959799,0.2222222222222222,0.769800358919501
F000599,0.0,0.3635678391959799,0.3888888888888889,0.4811252243246881
F000600,0.0,0.3635678391959799,0.5555555555555556,0.5357583756107197
F000601,0.22248941508981723,0.8839195979899498,0.7916666666666667,0.7216878364870323
F000602,0.0,0.3635678391959799,0.19444444444444442,0.3469443332443554
F000603,0.0,0.3635678391959799,0.5972222222222222,0.393817968854384
F000604,0.0,0.3635678391959799,0.2777777777777778,0.0962250448649376
F000605,0.0,0.3635678391959799,0.25,0.5
F000606,0.0,0.3635678391959799,0.33333333333333337,1.1547005383792517
F000607,0.0,0.3635678391959799,0.2777777777777778,0.0962250448649376
F000608,0.0,0.3635678391959799,0.33333333333333337,0.5773502691896258
F000609,0.0,0.3635678391959799,0.09722222222222215,0.17347216662217768
F000610,0.0,0.3635678391959799,0.25,0.5
F000611,0.0,0.3635678391959799,0.3611111111111111,0.2545875386086578
F000612,0.3779915320718537,0.9329145728643216,0.8333333333333333,0.5773502691896258
F000613,0.0,0.3635678391959799,0.3055555555555556,0.6735753140545634
F000614,0.0,0.3635678391959799,0.5833333333333334,0.7637626158259733
F000615,0.0,0.3635678391959799,0.13888888888888884,0.2545875386086578
F000616,0.5853276880479024,0.9761306532663316,0.8888888888888888,0.3849001794597506
F000617,0.0,0.3635678391959799,0.13888888888888884,0.2545875386086578
F000618,0.5853276880479024,0.9761306532663316,0.8888888888888888,0.3849001794597506
F000619,0.0,0.3635678391959799,0.5416666666666666,0.8779711460710616
F000620,0.17065537609580494,0.8447236180904523,0.7777777777777777,0.769800358919501
F000621,0.5260506159308034,0.963819095477387,0.8472222222222221,0.33678765702728175
F000622,0.0,0.3635678391959799,0.4861111111111111,0.9141379262169074
F000623,0.0,0.3635678391959799,0.16666666666666669,0.28867513459481287
F000624,0.6889957660359269,0.9899497487437185,0.9166666666666667,0.28867513459481287
F000625,0.15048400847344884,0.8346733668341708,0.6388888888888888,0.2545875386086578
F000626,0.0,0.3635678391959799,0.19444444444444442,0.3469443332443554
F000627,0.0483797153000638,0.7836683417085427,0.6805555555555556,0.6254627916220946
F000628,0.0,0.3635678391959799,0.5277777777777778,0.8221471437193746
F000629,0.0,0.3635678391959799,0.33333333333333337,0.2886751345948129
F000630,0.0,0.3635678391959799,0.33333333333333337,0.5773502691896258
F000631,0.0,0.3635678391959799,0.041666666666666685,0.14433756729740646
F000632,0.0,0.3635678391959799,0.19444444444444442,0.3469443332443554
F000633,0.0,0.3635678391959799,0.15277777777777773,0.33678765702728164
F000634,0.0,0.3635678391959799,0.25,0.5
F000635,0.0,0.3635678391959799,0.4861111111111111,0.9141379262169074
F000636,0.0,0.3635678391959799,0.5138888888888888,0.29265704869035386
F000637,0.22572601271017334,0.8886934673366834,0.7083333333333334,0.3818813079129867
F000638,0.0,0.3635678391959799,0.4166666666666667,0.2886751345948129
F000639,0.43763894448893326,0.9510050251256281,0.8055555555555556,0.34694433324435553
F000640,0.0,0.3635678391959799,0.5138888888888888,0.29265704869035386
F000641,0.0,0.3635678391959799,0.25,0.5
F000642,0.0,0.3635678391959799,0.19444444444444442,0.3469443332443554
F000643,0.3779915320718537,0.9329145728643216,0.8333333333333333,0.5773502691896258
F000644,0.0,0.3635678391959799,0.3611111111111111,0.2545875386086578
F000645,0.0,0.3635678391959799,0.3472222222222222,0.3367876570272817
F000646,0.0,0.3635678391959799,0.4722222222222222,0.4194352464039305
F000647,0.0,0.3635678391959799,0.375,1.0897247358851685
F000648,0.022329099369260197,0.7540201005025126,0.5833333333333334,0.2886751345948129
F000649,0.0,0.3635678391959799,0.4027777777777778,0.6364688465216445
F000650,0.0,0.3635678391959799,0.5972222222222222,0.393817968854384
F000651,0.0,0.3635678391959799,0.29166666666666663,0.8036375634160796
F000652,0.5949284529178934,0.9836683417085427,0.8611111111111112,0.2545875386086578
F000653,0.3009680169468978,0.9133165829145728,0.7777777777777778,0.5091750772173156
F000654,0.0,0.3635678391959799,0.3611111111111111,0.2545875386086578
F000655,0.0,0.3635678391959799,0.4305555555555555,0.9871864246620478
F000656,0.014886066246173488,0.7439698492462311,0.5555555555555556,0.1924500897298752
F000657,0.0,0.3635678391959799,0.4444444444444444,1.0183501544346312
F000658,0.0,0.3635678391959799,0.25,0.5
F000659,0.0,0.3635678391959799,0.5972222222222222,0.393817968854384
F000660,0.0,0.3635678391959799,0.3611111111111111,0.7515416254704823
F000661,0.0,0.3635678391959799,0.25,0.8660254037844386
F000662,0.0,0.3635678391959799,0.4861111111111111,0.9141379262169074
F000663,0.0,0.3635678391959799,0.041666666666666685,0.14433756729740646
F000664,0.011164549684630098,0.7346733668341708,0.5416666666666666,0.14433756729740646
F000665,0.0,0.3635678391959799,0.16666666666666669,0.28867513459481287
F000666,0.0,0.3635678391959799,0.19444444444444442,0.3469443332443554
F000667,0.0,0.3635678391959799,0.5972222222222222,0.393817968854384
F000668,0.052101231861607145,0.7947236180904522,0.6944444444444444,0.6735753140545634
F000669,0.0,0.3635678391959799,0.3194444444444444,0.1272937693043289
F000670,0.0,0.3635678391959799,0.3888888888888889,1.0715167512214396
F000671,0.21541672226671116,0.8768844221105527,0.6944444444444444,0.3469443332443555
F000672,0.0,0.3635678391959799,0.3611111111111111,0.2545875386086578
F000673,0.0,0.3635678391959799,0.4305555555555555,0.7469072033193751
F000674,0.0,0.3635678391959799,0.1111111111111111,0.3849001794597505
F000675,0.3779915320718537,0.9329145728643216,0.8333333333333333,0.5773502691896258
F000676,0.0,0.3635678391959799,0.5972222222222222,0.393817968854384
F000677,0.3963319220119756,0.9414572864321608,0.7222222222222222,0.09622504486493767
F000678,0.0483797153000638,0.7836683417085427,0.6805555555555556,0.6254627916220946
F000679,0.0,0.3635678391959799,0.5,0.0
F000680,0.0,0.3635678391959799,0.4444444444444445,0.8388704928078611
F000681,0.0,0.3635678391959799,0.09722222222222215,0.17347216662217768
F000682,0.0,0.3635678391959799,0.3611111111111111,0.7515416254704823
F000683,0.15048400847344884,0.8346733668341708,0.6388888888888888,0.2545875386086578
F000684,0.0,0.3635678391959799,0.19444444444444442,0.3469443332443554
F000685,0.0,0.3635678391959799,0.6388888888888888,0.7515416254704823
F000686,0.0,0.3635678391959799,0.26388888888888884,0.7087417123429485
F000687,0.0,0.3635678391959799,0.08333333333333331,0.28867513459481287
F000688,0.5260506159308034,0.963819095477387,0.8472222222222221,0.33678765702728175
F000689,0.0,0.3635678391959799,0.3055555555555556,0.6735753140545634
F000690,0.0,0.3635678391959799,0.19444444444444442,0.3469443332443554
F000691,0.0,0.3635678391959799,0.15277777777777773,0.33678765702728164
F000692,0.0,0.3635678391959799,0.25,0.5
F000693,0.0,0.3635678391959799,0.4305555555555555,0.5548606765399494
F000694,0.18985690583578663,0.864321608040201,0.7222222222222222,0.5091750772173156
F000695,0.0,0.3635678391959799,0.6111111111111112,0.693888666488711
F000696,0.0,0.3635678391959799,0.25,0.5
F000697,0.0,0.3635678391959799,0.13888888888888884,0.2545875386086578
F000698,0.0,0.3635678391959799,0.5972222222222222,0.393817968854384
F000699,0.0,0.3635678391959799,0.6944444444444444,0.7876359377087682
F000700,0.014886066246173488,0.7439698492462311,0.5555555555555556,0.1924500897298752
F000701,0.0,0.3635678391959799,0.13888888888888884,0.2545875386086578
F000702,0.0,0.3635678391959799,0.25,0.5
F000703,0.0,0.3635678391959799,0.4861111111111111,0.4589642122738419
F000704,0.0,0.3635678391959799,0.4861111111111111,0.2926570486903539
F000705,0.0,0.3635678391959799,0.5,1.0
F000706,0.0,0.3635678391959799,0.29166666666666663,0.3818813079129867
F000707,0.0,0.3635678391959799,0.13888888888888884,0.2545875386086578
F000708,0.0,0.3635678391959799,0.6388888888888888,0.7515416254704823
F000709,0.0,0.3635678391959799,0.4166666666666667,0.2886751345948129
F000710,0.022329099369260197,0.7540201005025126,0.5833333333333334,0.2886751345948129
F000711,0.0,0.3635678391959799,0.5277777777777778,0.8221471437193746
F000712,0.0,0.3635678391959799,0.33333333333333337,0.5773502691896258
F000713,0.0,0.3635678391959799,0.08333333333333331,0.28867513459481287
F000714,0.0,0.3635678391959799,0.2777777777777778,0.9622504486493764
F000715,0.0,0.3635678391959799,0.25,0.5
F000716,0.0,0.3635678391959799,0.3611111111111111,0.2545875386086578
F000717,0.18899576603592685,0.8522613065326633,0.6666666666666666,0.2886751345948129
F000718,0.0,0.3635678391959799,0.13888888888888884,0.2545875386086578
F000719,0.0,0.3635678391959799,0.3611111111111111,0.2545875386086578
F000720,0.0,0.3635678391959799,0.3194444444444444,0.37577081273524116
F000721,0.0,0.3635678391959799,0.4444444444444444,1.0183501544346312
F000722,0.011164549684630098,0.7346733668341708,0.5416666666666666,0.14433756729740646
F000723,0.0,0.3635678391959799,0.08333333333333331,0.28867513459481287
F000724,0.0,0.3635678391959799,0.25,0.5
F000725,0.0,0.3635678391959799,0.4583333333333333,0.8779711460710616
F000726,0.0,0.3635678391959799,0.5972222222222222,0.393817968854384
F000727,0.0,0.3635678391959799,0.25,0.5
F000728,0.14857832784080438,0.8238693467336683,0.7361111111111112,0.6472877887628358
F000729,0.0,0.3635678391959799,0.2222222222222222,0.5091750772173156
F000730,0.3779915320718537,0.9329145728643216,0.8333333333333333,0.5773502691896258
F000731,0.0,0.3635678391959799,0.33333333333333337,1.1547005383792517
F000732,0.0,0.3635678391959799,0.5416666666666666,0.38188130791298663
F000733,0.0,0.3635678391959799,0.5138888888888888,0.29265704869035386
F000734,0.044658198738520394,0.7701005025125628,0.6666666666666666,0.5773502691896258
F000735,0.0,0.3635678391959799,0.5972222222222222,0.393817968854384
F000736,0.0,0.3635678391959799,0.3055555555555556,0.6735753140545634
F000737,0.0,0.3635678391959799,0.19444444444444442,0.3469443332443554
F000738,0.0,0.3635678391959799,0.29166666666666663,0.3818813079129867
F000739,0.0,0.3635678391959799,0.5416666666666666,0.8779711460710616
F000740,0.0,0.3635678391959799,0.16666666666666669,0.5773502691896258
F000741,0.0,0.3635678391959799,0.5416666666666666,0.38188130791298663
F000742,0.0,0.3635678391959799,0.13888888888888884,0.2545875386086578
F000743,0.0,0.3635678391959799,0.4583333333333333,0.14433756729740646
F000744,0.0,0.3635678391959799,0.5972222222222222,0.393817968854384
F000745,0.0,0.3635678391959799,0.1111111111111111,0.3849001794597505
F000746,0.0,0.3635678391959799,0.33333333333333337,0.2886751345948129
F000747,0.0,0.3635678391959799,0.6111111111111112,0.693888666488711
F000748,0.0,0.3635678391959799,0.26388888888888884,0.7087417123429485
F000749,0.0,0.3635678391959799,0.2222222222222222,0.09622504486493767
F000750,0.0,0.3635678391959799,0.3888888888888889,0.4811252243246881
F000751,0.0,0.3635678391959799,0.5,0.0
F000752,0.0,0.3635678391959799,0.3055555555555556,0.6735753140545634
F000753,0.0,0.3635678391959799,0.13888888888888884,0.2545875386086578
F000754,0.0,0.3635678391959799,0.4861111111111111,0.2926570486903539
F000755,0.0,0.3635678391959799,0.5833333333333334,0.7637626158259733
F000756,0.5949284529178934,0.9836683417085427,0.8611111111111112,0.2545875386086578
F000757,0.0,0.3635678391959799,0.2361111111111111,0.20971762320196524
F000758,0.0,0.3635678391959799,0.19444444444444442,0.3469443332443554
F000759,0.25,0.8977386934673367,0.75,0.5
F000760,0.0,0.3635678391959799,0.25,0.5
F000761,0.022329099369260197,0.7540201005025126,0.5833333333333334,0.2886751345948129
F000762,0.0,0.3635678391959799,0.4027777777777778,0.17347216662217774
F000763,0.0,0.3635678391959799,0.5555555555555556,0.5357583756107197
F000764,0.0,0.3635678391959799,0.4722222222222222,0.4194352464039305
F000765,0.0,0.3635678391959799,0.18055555555555552,0.3757708127352412
F000766,0.0,0.3635678391959799,0.25,0.5
F000767,0.5752420042367246,0.9706030150753768,0.8194444444444444,0.1272937693043289
F000768,0.0,0.3635678391959799,0.5277777777777778,0.8221471437193746
F000769,0.3963319220119756,0.9414572864321608,0.7222222222222222,0.09622504486493767
F000770,0.18899576603592685,0.8522613065326633,0.6666666666666666,0.2886751345948129
F000771,0.5853276880479024,0.9761306532663316,0.8888888888888888,0.3849001794597506
F000772,0.0,0.3635678391959799,0.25,0.5
F000773,0.0,0.3635678391959799,0.3611111111111111,0.2545875386086578
F000774,0.0,0.3635678391959799,0.25,0.5
F000775,0.0,0.3635678391959799,0.2222222222222222,0.09622504486493767
F000776,0.0,0.3635678391959799,0.3194444444444444,0.37577081273524116
F000777,0.0,0.3635678391959799,0.25,0.5
F000778,0.32224099184793414,0.9193467336683417,0.7638888888888888,0.4110735718596873
F000779,0.0,0.3635678391959799,0.3055555555555556,0.7876359377087682
F000780,0.0,0.3635678391959799,0.5416666666666666,0.38188130791298663
F000781,0.29746422645894666,0.9080402010050251,0.6805555555555556,0.1272937693043289
F000782,0.32224099184793414,0.9193467336683417,0.7638888888888888,0.4110735718596873
F000783,0.14857832784080438,0.8238693467336683,0.7361111111111112,0.6472877887628358
F000784,0.0,0.3635678391959799,0.041666666666666685,0.14433756729740646
F000785,0.0,0.3635678391959799,0.3888888888888889,0.6309898162000305
F000786,0.0,0.3635678391959799,0.5972222222222222,0.393817968854384
F000787,0.0,0.3635678391959799,0.5833333333333334,0.7637626158259733
F000788,0.0,0.3635678391959799,0.29166666666666663,0.8036375634160796
F000789,0.0,0.3635678391959799,0.2222222222222222,0.5091750772173156
F000790,0.0,0.3635678391959799,0.2777777777777778,0.5091750772173156
F000791,0.0,0.3635678391959799,0.29166666666666663,0.5204164998665332
F000792,0.0,0.3635678391959799,0.2777777777777778,0.0962250448649376
F000793,0.3779915320718537,0.9329145728643216,0.8333333333333333,0.5773502691896258
F000794,0.0,0.3635678391959799,0.5555555555555556,0.5357583756107197
F000795,0.0,0.3635678391959799,0.6388888888888888,0.7515416254704823
F000796,0.14857832784080438,0.8238693467336683,0.7361111111111112,0.6472877887628358
F000797,0.14857832784080438,0.8238693467336683,0.7361111111111112,0.6472877887628358
F000798,0.25,0.8977386934673367,0.75,0.5
F000799,0.0,0.3635678391959799,0.13888888888888884,0.2545875386086578
F000800,0.0,0.3635678391959799,0.6388888888888888,0.7515416254704823
F000801,0.0,0.3635678391959799,0.16666666666666669,0.28867513459481287
F000802,0.0,0.3635678391959799,0.5138888888888888,0.29265704869035386
F000803,0.0,0.3635678391959799,0.055555555555555525,0.1924500897298752
F000804,0.0,0.3635678391959799,0.19444444444444442,0.3469443332443554
F000805,0.0,0.3635678391959799,0.33333333333333337,0.2886751345948129
F000806,0.021936418657470313,0.7472361809045226,0.6527777777777778,0.5672382737961704
F000807,0.0,0.3635678391959799,0.4583333333333333,0.14433756729740646
F000808,0.0,0.3635678391959799,0.5694444444444444,0.47385339192311066
F000809,0.0,0.3635678391959799,0.3055555555555556,0.7876359377087682
F000810,0.0,0.3635678391959799,0.2777777777777778,0.9622504486493764
F000811,0.32312508340006674,0.9236180904522613,0.7916666666666667,0.5204164998665333
F000812,0.0,0.3635678391959799,0.16666666666666669,0.28867513459481287
F000813,0.5334936490538904,0.9678391959798995,0.875,0.4330127018922193
F000814,0.0,0.3635678391959799,0.16666666666666669,0.5773502691896258
F000815,0.0,0.3635678391959799,0.33333333333333337,1.1547005383792517
F000816,0.0,0.3635678391959799,0.4861111111111111,0.9141379262169074
F000817,0.0,0.3635678391959799,0.3888888888888889,0.4811252243246881
F000818,0.0,0.3635678391959799,0.5972222222222222,0.393817968854384
F000819,0.0,0.3635678391959799,0.25,0.5
F000820,0.0,0.3635678391959799,0.4166666666666667,0.2886751345948129
F000821,0.17065537609580494,0.8447236180904523,0.7777777777777777,0.769800358919501
F000822,0.0,0.3635678391959799,0.5972222222222222,0.393817968854384
F000823,0.0,0.3635678391959799,0.16666666666666669,0.5773502691896258
F000824,0.0,0.3635678391959799,0.375,0.4330127018922193
F000825,0.0,0.3635678391959799,0.4444444444444444,1.0183501544346312
F000826,0.0,0.3635678391959799,0.15277777777777773,0.33678765702728164
F000827,0.0,0.3635678391959799,0.4583333333333333,0.6291528696058959
F000828,0.0,0.3635678391959799,0.08333333333333331,0.28867513459481287
F000829,0.0,0.3635678391959799,0.5972222222222222,0.393817968854384
F000830,0.0,0.3635678391959799,0.4166666666666667,0.7637626158259734
F000831,0.0,0.3635678391959799,0.19444444444444442,0.3469443332443554
F000832,0.0,0.3635678391959799,0.33333333333333337,0.2886751345948129
F000833,0.0,0.3635678391959799,0.33333333333333337,0.2886751345948129
F000834,0.18985690583578663,0.864321608040201,0.7222222222222222,0.5091750772173156
F000835,0.0,0.3635678391959799,0.4583333333333333,0.38188130791298663
F000836,0.0,0.3635678391959799,0.3055555555555556,0.3469443332443555
F000837,0.0,0.3635678391959799,0.3055555555555556,0.3469443332443555
F000838,0.0483797153000638,0.7836683417085427,0.6805555555555556,0.6254627916220946
F000839,0.0,0.3635678391959799,0.5138888888888888,0.29265704869035386
F000840,0.14857832784080438,0.8238693467336683,0.7361111111111112,0.6472877887628358
F000841,0.0,0.3635678391959799,0.20833333333333331,0.38188130791298663
F000842,0.0,0.3635678391959799,0.2777777777777778,0.0962250448649376
F000843,0.10770836113335558,0.8103015075376885,0.5972222222222222,0.17347216662217768
F000844,0.0,0.3635678391959799,0.4027777777777778,0.6364688465216445
F000845,0.6889957660359269,0.9899497487437185,0.9166666666666667,0.28867513459481287
F000846,0.0,0.3635678391959799,0.5972222222222222,0.393817968854384
F000847,0.0,0.3635678391959799,0.6944444444444444,0.7876359377087682
F000848,0.022329099369260197,0.7540201005025126,0.5833333333333334,0.2886751345948129
F000849,0.0,0.3635678391959799,0.09722222222222215,0.17347216662217768
F000850,0.0,0.3635678391959799,0.4444444444444444,1.0183501544346312
F000851,0.022329099369260197,0.7540201005025126,0.5833333333333334,0.2886751345948129
F000852,0.0,0.3635678391959799,0.2361111111111111,0.20971762320196524
F000853,0.0,0.3635678391959799,0.5555555555555556,0.5357583756107197
F000854,0.0,0.3635678391959799,0.5,0.0
F000855,0.5260506159308034,0.963819095477387,0.8472222222222221,0.33678765702728175
F000856,0.0,0.3635678391959799,0.16666666666666669,0.5773502691896258
F000857,0.0,0.3635678391959799,0.6388888888888888,0.7515416254704823
F000858,0.0,0.3635678391959799,0.3888888888888889,0.6309898162000305
F000859,0.0,0.3635678391959799,0.3055555555555556,0.6735753140545634
F000860,0.011164549684630098,0.7346733668341708,0.5416666666666666,0.14433756729740646
F000861,0.0,0.3635678391959799,0.6666666666666666,0.7637626158259733
F000862,0.25,0.8977386934673367,0.75,0.5
F000863,0.0,0.3635678391959799,0.16666666666666669,0.5773502691896258
F000864,0.0,0.3635678391959799,0.375,0.25
F000865,0.0,0.3635678391959799,0.25,0.5
F000866,0.0,0.3635678391959799,0.25,0.5
F000867,0.0,0.3635678391959799,0.2222222222222222,0.5091750772173156
F000868,0.0,0.3635678391959799,0.19444444444444442,0.3469443332443554
F000869,0.0,0.3635678391959799,0.4444444444444444,0.1924500897298753
F000870,0.43763894448893326,0.9510050251256281,0.8055555555555556,0.34694433324435553
F000871,0.052101231861607145,0.7947236180904522,0.6944444444444444,0.6735753140545634
F000872,0.0,0.3635678391959799,0.3611111111111111,0.2545875386086578
F000873,0.0,0.3635678391959799,0.19444444444444442,0.3469443332443554
F000874,0.15048400847344884,0.8346733668341708,0.6388888888888888,0.2545875386086578
F000875,0.022329099369260197,0.7540201005025126,0.5833333333333334,0.2886751345948129
F000876,0.42291896617679514,0.9434673366834171,0.7638888888888888,0.2097176232019653
F000877,0.0,0.3635678391959799,0.5416666666666666,0.8779711460710616
F000878,0.0,0.3635678391959799,0.25,0.5
F000879,0.0,0.3635678391959799,0.13888888888888884,0.2545875386086578
F000880,0.0,0.3635678391959799,0.09722222222222215,0.17347216662217768
F000881,0.0,0.3635678391959799,0.3055555555555556,0.7876359377087682
F000882,0.0,0.3635678391959799,0.5972222222222222,0.393817968854384
F000883,0.0,0.3635678391959799,0.08333333333333331,0.28867513459481287
F000884,0.0,0.3635678391959799,0.2777777777777778,0.5091750772173156
F000885,0.0,0.3635678391959799,0.19444444444444442,0.3469443332443554
F000886,0.0,0.3635678391959799,0.08333333333333331,0.28867513459481287
F000887,0.0,0.3635678391959799,0.4027777777777778,0.17347216662217774
F000888,0.8444978830179634,0.9969849246231156,0.9583333333333333,0.14433756729740646
F000889,0.0,0.3635678391959799,0.5972222222222222,0.393817968854384
F000890,0.0,0.3635678391959799,0.25,0.5
F000891,0.0,0.3635678391959799,0.4027777777777778,0.17347216662217774
F000892,0.0,0.3635678391959799,0.5972222222222222,0.393817968854384
F000893,0.0,0.3635678391959799,0.5555555555555556,0.5357583756107197
F000894,0.0,0.3635678391959799,0.26388888888888884,0.7087417123429485
F000895,0.0,0.3635678391959799,0.3194444444444444,0.1272937693043289
F000896,0.0,0.3635678391959799,0.5,0.0
F000897,0.0,0.3635678391959799,0.5138888888888888,0.29265704869035386
F000898,0.0,0.3635678391959799,0.18055555555555552,0.1272937693043289
F000899,0.0,0.3635678391959799,0.3888888888888889,0.3849001794597506
F000900,0.0,0.3635678391959799,0.3055555555555556,0.6735753140545634
F000901,0.0483797153000638,0.7836683417085427,0.6805555555555556,0.6254627916220946
F000902,0.0,0.3635678391959799,0.13888888888888884,0.2545875386086578
F000903,0.0,0.3635678391959799,0.13888888888888884,0.2545875386086578
F000904,0.0,0.3635678391959799,0.19444444444444442,0.3469443332443554
F000905,0.0,0.3635678391959799,0.5972222222222222,0.393817968854384
F000906,0.0,0.3635678391959799,0.5416666666666666,0.38188130791298663
F000907,0.0,0.3635678391959799,0.6111111111111112,0.6309898162000305
F000908,0.0,0.3635678391959799,0.4305555555555555,0.7469072033193751
F000909,0.3923926793768401,0.9396984924623115,0.7916666666666667,0.38188130791298663
F000910,0.15048400847344884,0.8346733668341708,0.6388888888888888,0.2545875386086578
F000911,0.21541672226671116,0.8768844221105527,0.6944444444444444,0.3469443332443555
F000912,0.022329099369260197,0.7540201005025126,0.5833333333333334,0.2886751345948129
F000913,0.15048400847344884,0.8346733668341708,0.6388888888888888,0.2545875386086578
F000914,0.0,0.3635678391959799,0.5972222222222222,0.393817968854384
F000915,0.11785136605074786,0.8135678391959799,0.736111111111111,0.7087417123429486
F000916,0.17322570474349053,0.8477386934673367,0.6805555555555556,0.37577081273524116
F000917,0.0,0.3635678391959799,0.4166666666666667,0.2886751345948129
F000918,0.0,0.3635678391959799,0.25,0.5
F000919,0.15048400847344884,0.8346733668341708,0.6388888888888888,0.2545875386086578
F000920,0.1020902318637188,0.8077889447236181,0.7083333333333334,0.6291528696058958
F000921,0.0,0.3635678391959799,0.5972222222222222,0.393817968854384
F000922,0.0,0.3635678391959799,0.4305555555555555,0.5912165737164656
F000923,0.1564584167334001,0.842211055276382,0.7083333333333334,0.5204164998665332
F000924,0.0,0.3635678391959799,0.4722222222222222,0.4194352464039305
F000925,0.0,0.3635678391959799,0.4027777777777778,0.6364688465216445
F000926,0.0,0.3635678391959799,0.375,1.0897247358851685
F000927,0.0,0.3635678391959799,0.33333333333333337,0.5773502691896258
F000928,0.0,0.3635678391959799,0.4166666666666667,0.2886751345948129
F000929,0.0,0.3635678391959799,0.19444444444444442,0.3469443332443554
F000930,0.0,0.3635678391959799,0.33333333333333337,1.1547005383792517
F000931,0.18899576603592685,0.8522613065326633,0.6666666666666666,0.2886751345948129
F000932,0.22248941508981723,0.8839195979899498,0.7916666666666667,0.7216878364870323
F000933,0.0,0.3635678391959799,0.5416666666666666,0.38188130791298663
F000934,0.0,0.3635678391959799,0.36111111111111116,0.8552669065744807
F000935,0.0,0.3635678391959799,0.29166666666666663,0.3818813079129867
F000936,0.0,0.3635678391959799,0.4444444444444444,1.0183501544346312
F000937,0.0,0.3635678391959799,0.5138888888888888,0.29265704869035386
F000938,0.0,0.3635678391959799,0.3611111111111111,0.2545875386086578
F000939,0.0,0.3635678391959799,0.5833333333333334,0.7637626158259733
F000940,0.03349364905389035,0.7618090452261307,0.625,0.4330127018922193
F000941,0.5752420042367246,0.9706030150753768,0.8194444444444444,0.1272937693043289
F000942,0.0,0.3635678391959799,0.5277777777777778,0.8221471437193746
F000943,0.0,0.3635678391959799,0.13888888888888884,0.2545875386086578
F000944,0.0,0.3635678391959799,0.041666666666666685,0.14433756729740646
F000945,0.11785136605074786,0.8135678391959799,0.736111111111111,0.7087417123429486
F000946,0.0,0.3635678391959799,0.5416666666666666,0.38188130791298663
F000947,0.0,0.3635678391959799,0.125,0.25
F000948,0.0,0.3635678391959799,0.33333333333333337,0.7637626158259733
F000949,0.17065537609580494,0.8447236180904523,0.7777777777777777,0.769800358919501
F000950,0.0,0.3635678391959799,0.33333333333333337,0.5773502691896258
F000951,0.0,0.3635678391959799,0.20833333333333331,0.5204164998665333
F000952,0.0,0.3635678391959799,0.4166666666666667,0.2886751345948129
F000953,0.044658198738520394,0.7701005025125628,0.6666666666666666,0.5773502691896258
F000954,0.0,0.3635678391959799,0.5694444444444444,0.5548606765399494
F000955,0.3779915320718537,0.9329145728643216,0.8333333333333333,0.5773502691896258
F000956,0.0,0.3635678391959799,0.19444444444444442,0.3469443332443554
F000957,0.0,0.3635678391959799,0.19444444444444442,0.3469443332443554
F000958,0.0,0.3635678391959799,0.19444444444444442,0.3469443332443554
F000959,0.0,0.3635678391959799,0.13888888888888884,0.2545875386086578
F000960,0.0,0.3635678391959799,0.3472222222222222,0.6988747569671736
F000961,0.011164549684630098,0.7346733668341708,0.5416666666666666,0.14433756729740646
F000962,0.0,0.3635678391959799,0.19444444444444442,0.3469443332443554
F000963,0.0,0.3635678391959799,0.4027777777777778,0.17347216662217774
F000964,0.0,0.3635678391959799,0.25,0.5
F000965,0.0,0.3635678391959799,0.26388888888888884,0.2097176232019653
F000966,0.125,0.8168341708542713,0.625,0.25
F000967,0.022329099369260197,0.7540201005025126,0.5833333333333334,0.2886751345948129
F000968,0.0,0.3635678391959799,0.29166666666666663,0.8036375634160796
F000969,0.0,0.3635678391959799,0.5833333333333334,0.7637626158259733
F000970,0.5853276880479024,0.9761306532663316,0.8888888888888888,0.3849001794597506
F000971,0.0,0.3635678391959799,0.4027777777777778,0.17347216662217774
F000972,0.0,0.3635678391959799,0.25,0.8660254037844386
F000973,0.0,0.3635678391959799,0.4444444444444444,1.0183501544346312
F000974,0.0,0.3635678391959799,0.2777777777777778,0.5091750772173156
F000975,0.03349364905389035,0.7618090452261307,0.625,0.4330127018922193
F000976,0.0,0.3635678391959799,0.15277777777777773,0.33678765702728164
F000977,0.0,0.3635678391959799,0.18055555555555552,0.1272937693043289
F000978,0.014886066246173488,0.7439698492462311,0.5555555555555556,0.1924500897298752
F000979,0.4510034825212683,0.9595477386934673,0.8194444444444444,0.3757708127352412
F000980,0.18985690583578663,0.864321608040201,0.7222222222222222,0.5091750772173156
F000981,0.0,0.3635678391959799,0.5972222222222222,0.393817968854384
F000982,0.0,0.3635678391959799,0.4027777777777778,0.17347216662217774
F000983,0.5853276880479024,0.9761306532663316,0.8888888888888888,0.3849001794597506
F000984,0.1020902318637188,0.8077889447236181,0.7083333333333334,0.6291528696058958
F000985,0.43763894448893326,0.9510050251256281,0.8055555555555556,0.34694433324435553
F000986,0.0,0.3635678391959799,0.33333333333333337,0.5773502691896258
F000987,0.0,0.3635678391959799,0.18055555555555552,0.1272937693043289
F000988,0.13716172704191473,0.8188442211055277,0.6527777777777778,0.3367876570272817
F000989,0.32312508340006674,0.9236180904522613,0.7916666666666667,0.5204164998665333
F000990,0.0,0.3635678391959799,0.3611111111111111,0.2545875386086578
F000991,0.0,0.3635678391959799,0.4305555555555555,0.9871864246620478
F000992,0.061411169010459093,0.8010050251256281,0.6527777777777778,0.488288773090193
F000993,0.0,0.3635678391959799,0.3888888888888889,1.0715167512214396
F000994,0.0,0.3635678391959799,0.5555555555555556,0.5357583756107197
F000995,0.0,0.3635678391959799,0.375,1.0897247358851685
F000996,0.0,0.3635678391959799,0.25,0.5
F000997,0.014886066246173488,0.7439698492462311,0.5555555555555556,0.1924500897298752
F000998,0.0,0.3635678391959799,0.09722222222222215,0.17347216662217768
F000999,0.0,0.3635678391959799,0.2777777777777778,0.0962250448649376
F001000,0.0,0.3635678391959799,0.1111111111111111,0.3849001794597505
F001001,0.5223290993692602,0.9613065326633166,0.8333333333333333,0.28867513459481287
F001002,0.0,0.3635678391959799,0.6111111111111112,0.6309898162000305
F001003,0.0,0.3635678391959799,0.19444444444444442,0.3469443332443554
F001004,0.0,0.3635678391959799,0.041666666666666685,0.14433756729740646
F001005,0.044658198738520394,0.7701005025125628,0.6666666666666666,0.5773502691896258
F001006,0.0,0.3635678391959799,0.5138888888888888,0.29265704869035386
F001007,0.0,0.3635678391959799,0.25,0.5
F001008,0.0,0.3635678391959799,0.3611111111111111,0.2545875386086578
F001009,0.0483797153000638,0.7836683417085427,0.6805555555555556,0.6254627916220946
F001010,0.0,0.3635678391959799,0.3055555555555556,0.6735753140545634
F001011,0.0,0.3635678391959799,0.5972222222222222,0.393817968854384
F001012,0.0,0.3635678391959799,0.5555555555555556,0.5357583756107197
F001013,0.21541672226671116,0.8768844221105527,0.6944444444444444,0.3469443332443555
F001014,0.0,0.3635678391959799,0.625,0.6614378277661477
F001015,0.32312508340006674,0.9236180904522613,0.7916666666666667,0.5204164998665333
F001016,0.0,0.3635678391959799,0.4305555555555555,0.9871864246620478
F001017,0.0,0.3635678391959799,0.6111111111111112,0.693888666488711
F001018,0.0,0.3635678391959799,0.4027777777777778,0.17347216662217774
F001019,0.14857832784080438,0.8238693467336683,0.7361111111111112,0.6472877887628358
F001020,0.0,0.3635678391959799,0.08333333333333331,0.28867513459481287
F001021,0.18985690583578663,0.864321608040201,0.7222222222222222,0.5091750772173156
F001022,0.0,0.3635678391959799,0.375,1.0897247358851685
F001023,0.0,0.3635678391959799,0.2361111111111111,0.20971762320196524
F001024,0.0,0.3635678391959799,0.5555555555555556,0.5357583756107197
F001025,0.0,0.3635678391959799,0.3194444444444444,0.37577081273524116
F001026,0.0,0.3635678391959799,0.33333333333333337,0.2886751345948129
F001027,0.21541672226671116,0.8768844221105527,0.6944444444444444,0.3469443332443555
F001028,0.0,0.3635678391959799,0.29166666666666663,0.3818813079129867
F001029,0.0,0.3635678391959799,0.2777777777777778,0.0962250448649376
F001030,0.25,0.8977386934673367,0.75,0.5
F001031,0.0483797153000638,0.7836683417085427,0.6805555555555556,0.6254627916220946
F001032,0.0,0.3635678391959799,0.3194444444444444,0.37577081273524116
F001033,1.0,0.9987437185929648,1.0,0.0
F001034,0.18899576603592685,0.8522613065326633,0.6666666666666666,0.2886751345948129
F001035,0.061411169010459093,0.8010050251256281,0.6527777777777778,0.488288773090193
F001036,0.0,0.3635678391959799,0.3055555555555556,0.3469443332443555
F001037,0.0,0.3635678391959799,0.25,0.5
F001038,0.17322570474349053,0.8477386934673367,0.6805555555555556,0.37577081273524116
F001039,0.0,0.3635678391959799,0.3194444444444444,0.37577081273524116
F001040,0.0,0.3635678391959799,0.26388888888888884,0.2097176232019653
F001041,0.0,0.3635678391959799,0.13888888888888884,0.2545875386086578
F001042,0.0,0.3635678391959799,0.4166666666666667,0.7637626158259733
F001043,0.0,0.3635678391959799,0.4583333333333333,0.14433756729740646
F001044,0.14857832784080438,0.8238693467336683,0.7361111111111112,0.6472877887628358
F001045,0.15048400847344884,0.8346733668341708,0.6388888888888888,0.2545875386086578
F001046,0.0,0.3635678391959799,0.3194444444444444,0.37577081273524116
F001047,0.0,0.3635678391959799,0.2777777777777778,0.0962250448649376
F001048,0.0,0.3635678391959799,0.19444444444444442,0.3469443332443554
F001049,0.3779915320718537,0.9329145728643216,0.8333333333333333,0.5773502691896258
F001050,0.0,0.3635678391959799,0.3055555555555556,0.6735753140545634
F001051,0.0,0.3635678391959799,0.5833333333333334,0.7637626158259733
F001052,0.0483797153000638,0.7836683417085427,0.6805555555555556,0.6254627916220946
F001053,0.0483797153000638,0.7836683417085427,0.6805555555555556,0.6254627916220946
F001054,0.0,0.3635678391959799,0.3472222222222222,0.5672382737961704
F001055,0.0,0.3635678391959799,0.4444444444444444,0.5357583756107198
F001056,0.18985690583578663,0.864321608040201,0.7222222222222222,0.5091750772173156
F001057,0.0,0.3635678391959799,0.26388888888888884,0.7087417123429485
F001058,0.0,0.3635678391959799,0.6944444444444444,0.7876359377087682
F001059,0.21541672226671116,0.8768844221105527,0.6944444444444444,0.3469443332443555
F001060,0.0,0.3635678391959799,0.5555555555555556,0.5357583756107197
F001061,0.0,0.3635678391959799,0.4861111111111111,0.9141379262169074
F001062,0.0,0.3635678391959799,0.08333333333333331,0.28867513459481287
F001063,0.0,0.3635678391959799,0.08333333333333331,0.28867513459481287
F001064,0.3779915320718537,0.9329145728643216,0.8333333333333333,0.5773502691896258
F001065,0.0,0.3635678391959799,0.2222222222222222,0.769800358919501
F001066,0.0,0.3635678391959799,0.3055555555555556,0.7876359377087682
F001067,0.0,0.3635678391959799,0.3611111111111111,0.2545875386086578
F001068,0.08675295015315099,0.8065326633165829,0.7152777777777778,0.6876052108048091
F001069,0.0,0.3635678391959799,0.4305555555555555,0.9871864246620478
F001070,0.0,0.3635678391959799,0.13888888888888884,0.2545875386086578
F001071,0.0,0.3635678391959799,0.08333333333333331,0.28867513459481287
F001072,0.0,0.3635678391959799,0.2361111111111111,0.4110735718596873
F001073,0.0,0.3635678391959799,0.08333333333333331,0.28867513459481287
F001074,0.15048400847344884,0.8346733668341708,0.6388888888888888,0.2545875386086578
F001075,0.0,0.3635678391959799,0.5277777777777778,0.8221471437193746
F001076,0.0,0.3635678391959799,0.3194444444444444,0.1272937693043289
F001077,0.0,0.3635678391959799,0.5972222222222222,0.393817968854384
F001078,0.0,0.3635678391959799,0.375,0.6614378277661477
F001079,0.0,0.3635678391959799,0.3888888888888889,1.0715167512214396
F001080,0.0,0.3635678391959799,0.4027777777777778,0.17347216662217774
F001081,0.0,0.3635678391959799,0.4444444444444444,0.5357583756107198
F001082,0.0,0.3635678391959799,0.5138888888888888,0.29265704869035386
F001083,0.0,0.3635678391959799,0.2222222222222222,0.5091750772173156
F001084,0.0,0.3635678391959799,0.13888888888888884,0.2545875386086578
F001085,0.0,0.3635678391959799,0.4444444444444444,0.1924500897298753
F001086,0.14857832784080438,0.8238693467336683,0.7361111111111112,0.6472877887628358
F001087,0.0,0.3635678391959799,0.3472222222222222,0.6988747569671736
F001088,0.0,0.3635678391959799,0.5,0.0
F001089,0.0,0.3635678391959799,0.25,0.5
F001090,0.011164549684630098,0.7346733668341708,0.5416666666666666,0.14433756729740646
F001091,0.0,0.3635678391959799,0.19444444444444442,0.3469443332443554
F001092,0.0,0.3635678391959799,0.5416666666666666,0.8779711460710616
F001093,0.0,0.3635678391959799,0.5,0.5
F001094,0.0483797153000638,0.7836683417085427,0.6805555555555556,0.6254627916220946
F001095,0.0,0.3635678391959799,0.16666666666666669,0.5773502691896258
F001096,0.0,0.3635678391959799,0.25,0.5
F001097,0.0,0.3635678391959799,0.1111111111111111,0.3849001794597505
F001098,0.0,0.3635678391959799,0.5555555555555556,0.5357583756107197
F001099,0.1020902318637188,0.8077889447236181,0.7083333333333334,0.6291528696058958
F001100,0.32312508340006674,0.9236180904522613,0.7916666666666667,0.5204164998665333
F001101,0.25,0.8977386934673367,0.75,0.5
F001102,0.0,0.3635678391959799,0.4305555555555555,0.9871864246620478
F001103,0.0,0.3635678391959799,0.3055555555555556,0.7876359377087682
F001104,0.18985690583578663,0.864321608040201,0.7222222222222222,0.5091750772173156
F001105,0.0,0.3635678391959799,0.33333333333333337,0.7637626158259733
F001106,0.0,0.3635678391959799,0.33333333333333337,1.1547005383792517
F001107,0.0,0.3635678391959799,0.25,0.5
F001108,0.011164549684630098,0.7346733668341708,0.5416666666666666,0.14433756729740646
F001109,0.0,0.3635678391959799,0.13888888888888884,0.2545875386086578
F001110,0.15048400847344884,0.8346733668341708,0.6388888888888888,0.2545875386086578
F001111,0.0,0.3635678391959799,0.20833333333333331,0.38188130791298663
F001112,0.0,0.3635678391959799,0.4305555555555555,0.9871864246620478
F001113,0.0,0.3635678391959799,0.5972222222222222,0.393817968854384
F001114,0.125,0.8168341708542713,0.625,0.25
F001115,0.0,0.3635678391959799,0.08333333333333331,0.28867513459481287
F001116,0.0,0.3635678391959799,0.19444444444444442,0.3469443332443554
F001117,0.0,0.3635678391959799,0.2222222222222222,0.09622504486493767
F001118,0.0,0.3635678391959799,0.5,0.0
F001119,0.0,0.3635678391959799,0.19444444444444442,0.3469443332443554
F001120,0.0,0.3635678391959799,0.3472222222222222,0.6684005230842202
F001121,0.0,0.3635678391959799,0.1111111111111111,0.3849001794597505
F001122,0.0,0.3635678391959799,0.2777777777777778,0.0962250448649376
F001123,0.0,0.3635678391959799,0.1111111111111111,0.3849001794597505
F001124,0.0,0.3635678391959799,0.4722222222222222,0.9179284245476838
F001125,0.0,0.3635678391959799,0.25,0.5
F001126,0.0,0.3635678391959799,0.5972222222222222,0.393817968854384
F001127,0.0,0.3635678391959799,0.5694444444444444,0.5548606765399494
F001128,0.0,0.3635678391959799,0.19444444444444442,0.3469443332443554
F001129,0.0,0.3635678391959799,0.4305555555555555,0.9871864246620478
F001130,0.044658198738520394,0.7701005025125628,0.6666666666666666,0.5773502691896258
F001131,0.0,0.3635678391959799,0.5972222222222222,0.393817968854384
F001132,0.0,0.3635678391959799,0.2777777777777778,0.0962250448649376
F001133,0.0,0.3635678391959799,0.4166666666666667,0.2886751345948129
F001134,0.0,0.3635678391959799,0.4722222222222222,0.4194352464039305
F001135,0.0,0.3635678391959799,0.20833333333333331,0.5204164998665333
F001136,0.0,0.3635678391959799,0.3611111111111111,0.7515416254704823
F001137,0.0,0.3635678391959799,0.2777777777777778,0.0962250448649376
F001138,0.5853276880479024,0.9761306532663316,0.8888888888888888,0.3849001794597506
F001139,0.0,0.3635678391959799,0.4027777777777778,0.6364688465216445
F001140,0.0,0.3635678391959799,0.26388888888888884,0.4110735718596873
F001141,0.0,0.3635678391959799,0.13888888888888884,0.2545875386086578
F001142,0.0,0.3635678391959799,0.4166666666666667,0.7637626158259733
F001143,0.0,0.3635678391959799,0.19444444444444442,0.3469443332443554
F001144,0.2666854362923786,0.9065326633165829,0.7361111111111112,0.4110735718596873
F001145,0.044658198738520394,0.7701005025125628,0.6666666666666666,0.5773502691896258
F001146,0.0,0.3635678391959799,0.2361111111111111,0.20971762320196524
F001147,0.0,0.3635678391959799,0.3611111111111111,0.7515416254704823
F001148,0.0,0.3635678391959799,0.5,0.0
F001149,0.022329099369260197,0.7540201005025126,0.5833333333333334,0.2886751345948129
F001150,0.0,0.3635678391959799,0.33333333333333337,1.1547005383792517
F001151,0.0,0.3635678391959799,0.19444444444444442,0.3469443332443554
F001152,0.0,0.3635678391959799,0.4722222222222222,0.4194352464039305
F001153,0.0,0.3635678391959799,0.25,0.5
F001154,0.0,0.3635678391959799,0.5555555555555556,0.5357583756107197
F001155,0.0,0.3635678391959799,0.5972222222222222,0.393817968854384
F001156,0.0,0.3635678391959799,0.16666666666666669,0.5773502691896258
F001157,0.0,0.3635678391959799,0.19444444444444442,0.3469443332443554
F001158,0.0,0.3635678391959799,0.5138888888888888,0.29265704869035386
F001159,0.0,0.3635678391959799,0.25,0.5
F001160,0.0,0.3635678391959799,0.25,0.5
F001161,0.0,0.3635678391959799,0.19444444444444442,0.3469443332443554
F001162,0.0,0.3635678391959799,0.3194444444444444,0.1272937693043289
F001163,0.0,0.3635678391959799,0.5,0.5
F001164,0.0,0.3635678391959799,0.3055555555555556,0.3469443332443555
F001165,0.0,0.3635678391959799,0.4444444444444444,0.5357583756107198
F001166,0.0,0.3635678391959799,0.18055555555555552,0.3757708127352412
F001167,0.0,0.3635678391959799,0.4444444444444444,0.5357583756107198
F001168,0.0,0.3635678391959799,0.33333333333333337,1.1547005383792517
F001169,0.0,0.3635678391959799,0.5972222222222222,0.393817968854384
F001170,0.0,0.3635678391959799,0.25,0.5
F001171,0.0,0.3635678391959799,0.1111111111111111,0.3849001794597505
F001172,0.0,0.3635678391959799,0.20833333333333331,0.5204164998665333
F001173,0.0,0.3635678391959799,0.08333333333333331,0.28867513459481287
F001174,0.0,0.3635678391959799,0.5972222222222222,0.393817968854384
F001175,0.0,0.3635678391959799,0.18055555555555552,0.1272937693043289
F001176,0.0,0.3635678391959799,0.1111111111111111,0.3849001794597505
F001177,0.5260506159308034,0.963819095477387,0.8472222222222221,0.33678765702728175
F001178,0.43763894448893326,0.9510050251256281,0.8055555555555556,0.34694433324435553
F001179,0.0483797153000638,0.7836683417085427,0.6805555555555556,0.6254627916220946
F001180,0.0,0.3635678391959799,0.25,0.5
F001181,0.0,0.3635678391959799,0.2777777777777778,0.0962250448649376
F001182,0.0,0.3635678391959799,0.041666666666666685,0.14433756729740646
F001183,0.0,0.3635678391959799,0.4444444444444444,1.0183501544346312
F001184,0.0,0.3635678391959799,0.4027777777777778,0.17347216662217774
F001185,0.0,0.3635678391959799,0.13888888888888884,0.2545875386086578
F001186,0.0,0.3635678391959799,0.25,0.5
F001187,0.022329099369260197,0.7540201005025126,0.5833333333333334,0.2886751345948129
F001188,0.0,0.3635678391959799,0.3611111111111111,0.2545875386086578
F001189,0.0,0.3635678391959799,0.4027777777777778,0.17347216662217774
F001190,0.0,0.3635678391959799,0.3611111111111111,0.2545875386086578
F001191,0.0,0.3635678391959799,0.5555555555555556,0.5357583756107197
F001192,0.0,0.3635678391959799,0.2361111111111111,0.20971762320196524
F001193,0.0,0.3635678391959799,0.5972222222222222,0.393817968854384
F001194,0.0,0.3635678391959799,0.6388888888888888,0.7515416254704823
F001195,0.0,0.3635678391959799,0.5555555555555556,0.5357583756107197
F001196,0.0,0.3635678391959799,0.16666666666666669,0.28867513459481287
F001197,0.0,0.3635678391959799,0.3472222222222222,0.5672382737961704
F001198,0.0,0.3635678391959799,0.4027777777777778,0.3938179688543841
F001199,0.0,0.3635678391959799,0.19444444444444442,0.3469443332443554
F001200,0.0,0.3635678391959799,0.25,0.5
F001201,0.0,0.3635678391959799,0.33333333333333337,1.1547005383792517
F001202,0.021936418657470313,0.7472361809045226,0.6527777777777778,0.5672382737961704
F001203,0.0,0.3635678391959799,0.125,0.4330127018922193
F001204,0.0,0.3635678391959799,0.3194444444444444,0.8988160937424132
F001205,0.0,0.3635678391959799,0.375,1.0897247358851685
F001206,0.0,0.3635678391959799,0.29166666666666663,0.3818813079129867
F001207,0.0,0.3635678391959799,0.13888888888888884,0.2545875386086578
F001208,0.0,0.3635678391959799,0.3611111111111111,0.2545875386086578
F001209,0.0,0.3635678391959799,0.18055555555555552,0.1272937693043289
F001210,0.0,0.3635678391959799,0.4305555555555555,0.9871864246620478
F001211,0.1564584167334001,0.842211055276382,0.7083333333333334,0.5204164998665332
F001212,0.0,0.3635678391959799,0.25,0.5
F001213,0.0,0.3635678391959799,0.29166666666666663,0.3818813079129867
F001214,0.0,0.3635678391959799,0.4444444444444444,1.0183501544346312
F001215,0.0,0.3635678391959799,0.4305555555555555,0.9871864246620478
F001216,0.0,0.3635678391959799,0.4027777777777778,0.17347216662217774
F001217,0.011164549684630098,0.7346733668341708,0.5416666666666666,0.14433756729740646
F001218,0.0,0.3635678391959799,0.3055555555555556,0.6735753140545634
F001219,0.0,0.3635678391959799,0.3055555555555556,0.3469443332443555
F001220,0.0,0.3635678391959799,0.4722222222222222,0.4194352464039305
F001221,0.0,0.3635678391959799,0.29166666666666663,0.3818813079129867
F001222,0.0,0.3635678391959799,0.5694444444444444,0.7742977702647975
F001223,0.0,0.3635678391959799,0.5416666666666666,0.38188130791298663
F001224,0.0,0.3635678391959799,0.055555555555555525,0.1924500897298752
F001225,0.0,0.3635678391959799,0.3194444444444444,0.37577081273524116
F001226,0.0,0.3635678391959799,0.3888888888888889,1.0715167512214396
F001227,0.0,0.3635678391959799,0.6111111111111112,0.693888666488711
F001228,0.0,0.3635678391959799,0.20833333333333331,0.38188130791298663
F001229,0.0,0.3635678391959799,0.2777777777777778,0.0962250448649376
F001230,0.0,0.3635678391959799,0.5416666666666666,0.38188130791298663
F001231,0.0,0.3635678391959799,0.2777777777777778,0.0962250448649376
F001232,0.0,0.3635678391959799,0.5972222222222222,0.393817968854384
F001233,0.0,0.3635678391959799,0.5416666666666666,0.38188130791298663
F001234,0.0,0.3635678391959799,0.4027777777777778,0.6364688465216445
F001235,0.0,0.3635678391959799,0.36111111111111116,0.8552669065744807
F001236,0.0,0.3635678391959799,0.16666666666666669,0.5773502691896258
F001237,0.0,0.3635678391959799,0.2222222222222222,0.09622504486493767
F001238,0.22248941508981723,0.8839195979899498,0.7916666666666667,0.7216878364870323
F001239,0.21541672226671116,0.8768844221105527,0.6944444444444444,0.3469443332443555
F001240,0.0483797153000638,0.7836683417085427,0.6805555555555556,0.6254627916220946
F001241,0.0,0.3635678391959799,0.08333333333333331,0.28867513459481287
F001242,0.0,0.3635678391959799,0.19444444444444442,0.3469443332443554
F001243,0.0,0.3635678391959799,0.5972222222222222,0.393817968854384
F001244,0.0,0.3635678391959799,0.041666666666666685,0.14433756729740646
F001245,0.0,0.3635678391959799,0.33333333333333337,0.2886751345948129
F001246,0.0,0.3635678391959799,0.5972222222222222,0.393817968854384
F001247,0.0669872981077807,0.8050251256281407,0.75,0.8660254037844386
F001248,0.0,0.3635678391959799,0.33333333333333337,0.2886751345948129
F001249,0.14857832784080438,0.8238693467336683,0.7361111111111112,0.6472877887628358
F001250,0.0,0.3635678391959799,0.5555555555555556,0.5357583756107197
F001251,0.43763894448893326,0.9510050251256281,0.8055555555555556,0.34694433324435553
F001252,0.0,0.3635678391959799,0.13888888888888884,0.2545875386086578
F001253,0.0,0.3635678391959799,0.16666666666666669,0.5773502691896258
F001254,0.25,0.8977386934673367,0.75,0.5
F001255,0.0,0.3635678391959799,0.2361111111111111,0.20971762320196524
F001256,0.0,0.3635678391959799,0.3888888888888889,0.693888666488711
F001257,0.0,0.3635678391959799,0.33333333333333337,0.5773502691896258
F001258,0.044658198738520394,0.7701005025125628,0.6666666666666666,0.5773502691896258
F001259,0.0,0.3635678391959799,0.4166666666666667,1.0408329997330665
F001260,0.0,0.3635678391959799,0.25,0.5
F001261,0.0,0.3635678391959799,0.29166666666666663,0.5204164998665332
F001262,0.0669872981077807,0.8050251256281407,0.75,0.8660254037844386
F001263,0.21541672226671116,0.8768844221105527,0.6944444444444444,0.3469443332443555
F001264,0.0,0.3635678391959799,0.5416666666666666,0.38188130791298663
F001265,0.0,0.3635678391959799,0.4722222222222222,0.4194352464039305
F001266,0.0,0.3635678391959799,0.3194444444444444,0.37577081273524116
F001267,0.3779915320718537,0.9329145728643216,0.8333333333333333,0.5773502691896258
F001268,0.0,0.3635678391959799,0.4444444444444444,0.5357583756107198
F001269,0.0,0.3635678391959799,0.25,0.5
F001270,0.0,0.3635678391959799,0.4444444444444444,0.1924500897298753
F001271,0.6889957660359269,0.9899497487437185,0.9166666666666667,0.28867513459481287
F001272,0.0,0.3635678391959799,0.3611111111111111,0.7515416254704823
F001273,0.18985690583578663,0.864321608040201,0.7222222222222222,0.5091750772173156
F001274,0.052101231861607145,0.7947236180904522,0.6944444444444444,0.6735753140545634
F001275,0.0,0.3635678391959799,0.1111111111111111,0.3849001794597505
F001276,0.18985690583578663,0.864321608040201,0.7222222222222222,0.5091750772173156
F001277,0.061411169010459093,0.8010050251256281,0.6527777777777778,0.488288773090193
F001278,0.25,0.8977386934673367,0.75,0.5
F001279,0.0,0.3635678391959799,0.4444444444444444,1.0183501544346312
F001280,0.0,0.3635678391959799,0.3472222222222222,0.6988747569671736
F001281,0.0,0.3635678391959799,0.2777777777777778,0.0962250448649376
F001282,0.061411169010459093,0.8010050251256281,0.6527777777777778,0.488288773090193
F001283,0.0,0.3635678391959799,0.3055555555555556,0.6735753140545634
F001284,0.022329099369260197,0.7540201005025126,0.5833333333333334,0.2886751345948129
F001285,0.052101231861607145,0.7947236180904522,0.6944444444444444,0.6735753140545634
F001286,0.17322570474349053,0.8477386934673367,0.6805555555555556,0.37577081273524116
F001287,0.0,0.3635678391959799,0.4027777777777778,0.6364688465216445
F001288,0.25,0.8977386934673367,0.75,0.5
F001289,0.0,0.3635678391959799,0.2361111111111111,0.20971762320196524
F001290,0.0,0.3635678391959799,0.4722222222222222,0.4194352464039305
F001291,0.0,0.3635678391959799,0.5972222222222222,0.393817968854384
F001292,0.0,0.3635678391959799,0.5416666666666666,0.38188130791298663
F001293,0.0,0.3635678391959799,0.3055555555555556,0.3469443332443555
F001294,0.0,0.3635678391959799,0.5972222222222222,0.393817968854384
F001295,0.0,0.3635678391959799,0.3611111111111111,0.7515416254704823
F001296,0.43763894448893326,0.9510050251256281,0.8055555555555556,0.34694433324435553
F001297,0.0,0.3635678391959799,0.25,0.8660254037844386
F001298,0.0,0.3635678391959799,0.5972222222222222,0.393817968854384
F001299,0.17322570474349053,0.8477386934673367,0.6805555555555556,0.37577081273524116
F001300,0.15048400847344884,0.8346733668341708,0.6388888888888888,0.2545875386086578
F001301,0.0,0.3635678391959799,0.5277777777777778,0.8221471437193746
F001302,0.0,0.3635678391959799,0.29166666666666663,0.5204164998665332
F001303,0.0,0.3635678391959799,0.5694444444444444,0.47385339192311066
F001304,0.0,0.3635678391959799,0.13888888888888884,0.2545875386086578
F001305,0.0,0.3635678391959799,0.3055555555555556,0.6735753140545634
F001306,0.0,0.3635678391959799,0.4861111111111111,0.2926570486903539
F001307,0.0,0.3635678391959799,0.4166666666666667,1.0408329997330665
F001308,0.0,0.3635678391959799,0.4027777777777778,0.6364688465216445
F001309,0.25,0.8977386934673367,0.75,0.5
F001310,0.43763894448893326,0.9510050251256281,0.8055555555555556,0.34694433324435553
F001311,0.0,0.3635678391959799,0.19444444444444442,0.3469443332443554
F001312,0.0,0.3635678391959799,0.4027777777777778,0.17347216662217774
F001313,0.0,0.3635678391959799,0.625,0.6614378277661477
F001314,0.0,0.3635678391959799,0.3888888888888889,0.693888666488711
F001315,0.0,0.3635678391959799,0.08333333333333331,0.28867513459481287
F001316,0.3779915320718537,0.9329145728643216,0.8333333333333333,0.5773502691896258
F001317,0.0,0.3635678391959799,0.29166666666666663,0.8036375634160796
F001318,0.43763894448893326,0.9510050251256281,0.8055555555555556,0.34694433324435553
F001319,0.0,0.3635678391959799,0.5416666666666666,0.38188130791298663
F001320,0.0,0.3635678391959799,0.4583333333333333,0.14433756729740646
F001321,0.0,0.3635678391959799,0.5972222222222222,0.393817968854384
F001322,0.0,0.3635678391959799,0.4027777777777778,0.17347216662217774
F001323,0.0,0.3635678391959799,0.0,0.0
F001324,0.044658198738520394,0.7701005025125628,0.6666666666666666,0.5773502691896258
F001325,0.0,0.3635678391959799,0.13888888888888884,0.2545875386086578
F001326,0.1564584167334001,0.842211055276382,0.7083333333333334,0.5204164998665332
F001327,0.022329099369260197,0.7540201005025126,0.5833333333333334,0.2886751345948129
F001328,0.0,0.3635678391959799,0.3888888888888889,0.693888666488711
F001329,0.0483797153000638,0.7836683417085427,0.6805555555555556,0.6254627916220946
F001330,0.0669872981077807,0.8050251256281407,0.75,0.8660254037844386
F001331,0.044658198738520394,0.7701005025125628,0.6666666666666666,0.5773502691896258
F001332,0.0,0.3635678391959799,0.13888888888888884,0.2545875386086578
F001333,0.0,0.3635678391959799,0.0,0.0
F001334,0.0,0.3635678391959799,0.2361111111111111,0.20971762320196524
F001335,0.3009680169468978,0.9133165829145728,0.7777777777777778,0.5091750772173156
F001336,0.0,0.3635678391959799,0.2361111111111111,0.20971762320196524
F001337,0.5949284529178934,0.9836683417085427,0.8611111111111112,0.2545875386086578
F001338,0.0,0.3635678391959799,0.3611111111111111,0.2545875386086578
F001339,0.0,0.3635678391959799,0.5,0.5
F001340,0.0,0.3635678391959799,0.4166666666666667,0.2886751345948129
F001341,0.0,0.3635678391959799,0.041666666666666685,0.14433756729740646
F001342,0.18985690583578663,0.864321608040201,0.7222222222222222,0.5091750772173156
F001343,0.0,0.3635678391959799,0.2361111111111111,0.20971762320196524
F001344,0.0,0.3635678391959799,0.4444444444444444,1.0183501544346312
F001345,0.0,0.3635678391959799,0.4861111111111111,0.9141379262169074
F001346,0.0,0.3635678391959799,0.5972222222222222,0.393817968854384
F001347,0.0,0.3635678391959799,0.4444444444444444,1.0183501544346312
F001348,0.022329099369260197,0.7540201005025126,0.5833333333333334,0.2886751345948129
F001349,0.0,0.3635678391959799,0.13888888888888884,0.2545875386086578
F001350,0.0,0.3635678391959799,0.3194444444444444,0.37577081273524116
F001351,0.0,0.3635678391959799,0.13888888888888884,0.2545875386086578
F001352,0.0,0.3635678391959799,0.5138888888888888,0.6787106512705898
F001353,0.0,0.3635678391959799,0.3611111111111111,0.2545875386086578
F001354,0.0,0.3635678391959799,0.041666666666666685,0.14433756729740646
F001355,0.0,0.3635678391959799,0.5277777777777778,0.8221471437193746
F001356,0.13716172704191473,0.8188442211055277,0.6527777777777778,0.3367876570272817
F001357,0.3779915320718537,0.9329145728643216,0.8333333333333333,0.5773502691896258
F001358,0.0,0.3635678391959799,0.2777777777777778,0.5091750772173156
F001359,0.0,0.3635678391959799,0.4722222222222222,0.9179284245476838
F001360,0.0,0.3635678391959799,0.375,0.25
F001361,0.0,0.3635678391959799,0.15277777777777773,0.33678765702728164
F001362,0.0,0.3635678391959799,0.3611111111111111,0.2545875386086578
F001363,0.17065537609580494,0.8447236180904523,0.7777777777777777,0.769800358919501
F001364,0.0,0.3635678391959799,0.6388888888888888,0.7515416254704823
F001365,0.0,0.3635678391959799,0.125,0.25
F001366,0.0,0.3635678391959799,0.125,0.25
F001367,0.0,0.3635678391959799,0.13888888888888884,0.2545875386086578
F001368,0.0,0.3635678391959799,0.4444444444444444,0.5357583756107198
F001369,0.0,0.3635678391959799,0.4166666666666667,1.0408329997330665
F001370,0.0,0.3635678391959799,0.375,0.25
F001371,0.3009680169468978,0.9133165829145728,0.7777777777777778,0.5091750772173156
F001372,0.0,0.3635678391959799,0.5416666666666666,0.38188130791298663
F001373,0.0,0.3635678391959799,0.13888888888888884,0.2545875386086578
F001374,0.0,0.3635678391959799,0.19444444444444442,0.3469443332443554
F001375,0.15048400847344884,0.8346733668341708,0.6388888888888888,0.2545875386086578
F001376,0.0,0.3635678391959799,0.25,0.5
F001377,0.0,0.3635678391959799,0.33333333333333337,0.5773502691896258
F001378,0.22248941508981723,0.8839195979899498,0.7916666666666667,0.7216878364870323
F001379,0.0,0.3635678391959799,0.1111111111111111,0.3849001794597505
F001380,0.0,0.3635678391959799,0.19444444444444442,0.3469443332443554
F001381,0.0,0.3635678391959799,0.29166666666666663,0.5204164998665332
F001382,0.0,0.3635678391959799,0.4861111111111111,0.4589642122738419
F001383,0.011164549684630098,0.7346733668341708,0.5416666666666666,0.14433756729740646
F001384,0.0,0.3635678391959799,0.5972222222222222,0.393817968854384
F001385,0.0,0.3635678391959799,0.1111111111111111,0.3849001794597505
F001386,0.0,0.3635678391959799,0.3472222222222222,0.3367876570272817
F001387,0.0,0.3635678391959799,0.4305555555555555,0.9871864246620478
F001388,0.0,0.3635678391959799,0.3194444444444444,0.37577081273524116
F001389,0.0,0.3635678391959799,0.2777777777777778,0.5091750772173156
F001390,0.0,0.3635678391959799,0.4583333333333333,0.14433756729740646
F001391,0.0,0.3635678391959799,0.3055555555555556,0.6735753140545634
F001392,0.0,0.3635678391959799,0.5555555555555556,0.5357583756107197
F001393,0.0,0.3635678391959799,0.5416666666666666,0.38188130791298663
F001394,0.0,0.3635678391959799,0.2777777777777778,0.5091750772173156
F001395,0.15048400847344884,0.8346733668341708,0.6388888888888888,0.2545875386086578
F001396,0.0,0.3635678391959799,0.3888888888888889,1.0715167512214396
F001397,0.5853276880479024,0.9761306532663316,0.8888888888888888,0.3849001794597506
F001398,0.0483797153000638,0.7836683417085427,0.6805555555555556,0.6254627916220946
F001399,0.0,0.3635678391959799,0.29166666666666663,0.5204164998665332
F001400,0.0,0.3635678391959799,0.3194444444444444,0.37577081273524116
F001401,0.0,0.3635678391959799,0.5555555555555556,0.5357583756107197
F001402,0.5334936490538904,0.9678391959798995,0.875,0.4330127018922193
F001403,0.0,0.3635678391959799,0.4166666666666667,0.7637626158259733
F001404,0.052101231861607145,0.7947236180904522,0.6944444444444444,0.6735753140545634
F001405,0.3779915320718537,0.9329145728643216,0.8333333333333333,0.5773502691896258
F001406,0.0,0.3635678391959799,0.4027777777777778,0.6364688465216445
F001407,0.0,0.3635678391959799,0.5972222222222222,0.8832285053102581
F001408,0.0,0.3635678391959799,0.3055555555555556,0.3469443332443555
F001409,0.0,0.3635678391959799,0.5277777777777778,0.41943524640393054
F001410,0.0,0.3635678391959799,0.4444444444444444,1.0183501544346312
F001411,0.0,0.3635678391959799,0.5416666666666666,0.38188130791298663
F001412,0.22248941508981723,0.8839195979899498,0.7916666666666667,0.7216878364870323
F001413,0.0,0.3635678391959799,0.4722222222222222,0.4194352464039305
F001414,0.7188194722444669,0.9934673366834171,0.9027777777777779,0.17347216662217768
F001415,0.0,0.3635678391959799,0.16666666666666669,0.5773502691896258
F001416,0.3009680169468978,0.9133165829145728,0.7777777777777778,0.5091750772173156
F001417,0.0,0.3635678391959799,0.25,0.5
F001418,0.0,0.3635678391959799,0.2777777777777778,0.5091750772173156
F001419,0.0,0.3635678391959799,0.055555555555555525,0.1924500897298752
F001420,0.0,0.3635678391959799,0.4027777777777778,0.6364688465216445
F001421,0.0,0.3635678391959799,0.26388888888888884,0.4110735718596873
F001422,0.0,0.3635678391959799,0.25,0.5
F001423,0.0,0.3635678391959799,0.25,0.5
F001424,0.0,0.3635678391959799,0.4166666666666667,0.2886751345948129
F001425,0.0,0.3635678391959799,0.125,0.25
F001426,0.0,0.3635678391959799,0.2222222222222222,0.5091750772173156
F001427,0.0,0.3635678391959799,0.25,0.5
F001428,0.0,0.3635678391959799,0.3055555555555556,0.6735753140545634
F001429,0.0,0.3635678391959799,0.041666666666666685,0.14433756729740646
F001430,0.0,0.3635678391959799,0.375,0.25
F001431,0.0,0.3635678391959799,0.625,0.6614378277661477
F001432,0.0,0.3635678391959799,0.4166666666666667,0.7637626158259733
F001433,0.044658198738520394,0.7701005025125628,0.6666666666666666,0.5773502691896258
F001434,0.0,0.3635678391959799,0.13888888888888884,0.2545875386086578
F001435,0.0,0.3635678391959799,0.19444444444444442,0.3469443332443554
F001436,0.0,0.3635678391959799,0.5972222222222222,0.393817968854384
F001437,0.0,0.3635678391959799,0.4861111111111111,0.2926570486903539
F001438,0.43763894448893326,0.9510050251256281,0.8055555555555556,0.34694433324435553
F001439,0.0,0.3635678391959799,0.09722222222222215,0.17347216662217768
F001440,0.0,0.3635678391959799,0.5972222222222222,0.393817968854384
F001441,0.011164549684630098,0.7346733668341708,0.5416666666666666,0.14433756729740646
F001442,0.0,0.3635678391959799,0.375,1.0897247358851685
F001443,0.0,0.3635678391959799,0.375,1.0897247358851685
F001444,0.0,0.3635678391959799,0.5277777777777778,0.8221471437193746
F001445,0.0,0.3635678391959799,0.13888888888888884,0.2545875386086578
F001446,0.0,0.3635678391959799,0.4305555555555555,0.47385339192311066
F001447,0.0,0.3635678391959799,0.375,1.0897247358851685
F001448,0.10770836113335558,0.8103015075376885,0.5972222222222222,0.17347216662217768
F001449,0.0,0.3635678391959799,0.2222222222222222,0.09622504486493767
F001450,0.0,0.3635678391959799,0.19444444444444442,0.3469443332443554
F001451,0.0,0.3635678391959799,0.29166666666666663,0.3818813079129867
F001452,0.0,0.3635678391959799,0.4166666666666667,0.2886751345948129
F001453,0.0,0.3635678391959799,0.4027777777777778,0.6364688465216445
F001454,0.0,0.3635678391959799,0.19444444444444442,0.3469443332443554
F001455,0.25,0.8977386934673367,0.75,0.5
F001456,0.0,0.3635678391959799,0.20833333333333331,0.38188130791298663
F001457,0.3779915320718537,0.9329145728643216,0.8333333333333333,0.5773502691896258
F001458,0.0,0.3635678391959799,0.4583333333333333,0.6291528696058959
F001459,0.3779915320718537,0.9329145728643216,0.8333333333333333,0.5773502691896258
F001460,0.0,0.3635678391959799,0.2222222222222222,0.5091750772173156
F001461,0.044658198738520394,0.7701005025125628,0.6666666666666666,0.5773502691896258
F001462,0.0,0.3635678391959799,0.26388888888888884,0.2097176232019653
F001463,0.5853276880479024,0.9761306532663316,0.8888888888888888,0.3849001794597506
F001464,0.7926638440239513,0.9952261306532664,0.9444444444444444,0.1924500897298752
F001465,0.0,0.3635678391959799,0.20833333333333331,0.5204164998665333
F001466,0.0,0.3635678391959799,0.19444444444444442,0.3469443332443554
F001467,0.0,0.3635678391959799,0.2361111111111111,0.20971762320196524
F001468,0.0,0.3635678391959799,0.4166666666666667,0.2886751345948129
F001469,0.3009680169468978,0.9133165829145728,0.7777777777777778,0.5091750772173156
F001470,0.0,0.3635678391959799,0.5555555555555556,0.5357583756107197
F001471,0.15048400847344884,0.8346733668341708,0.6388888888888888,0.2545875386086578
F001472,0.0,0.3635678391959799,0.5416666666666666,0.6291528696058959
F001473,0.0,0.3635678391959799,0.5138888888888888,0.29265704869035386
F001474,0.0,0.3635678391959799,0.3472222222222222,0.6988747569671736
F001475,0.5334936490538904,0.9678391959798995,0.875,0.4330127018922193
F001476,0.18985690583578663,0.864321608040201,0.7222222222222222,0.5091750772173156
F001477,0.0,0.3635678391959799,0.18055555555555552,0.1272937693043289
F001478,0.021936418657470313,0.7472361809045226,0.6527777777777778,0.5672382737961704
F001479,0.0,0.3635678391959799,0.2777777777777778,0.0962250448649376
F001480,0.044658198738520394,0.7701005025125628,0.6666666666666666,0.5773502691896258
F001481,0.0,0.3635678391959799,0.18055555555555552,0.3757708127352412
F001482,0.0,0.3635678391959799,0.33333333333333337,1.1547005383792517
F001483,0.0,0.3635678391959799,0.2777777777777778,0.5091750772173156
F001484,0.14857832784080438,0.8238693467336683,0.7361111111111112,0.6472877887628358
F001485,0.3779915320718537,0.9329145728643216,0.8333333333333333,0.5773502691896258
F001486,0.0,0.3635678391959799,0.6111111111111112,0.6309898162000305
F001487,0.0,0.3635678391959799,0.5277777777777778,0.5853140973807078
F001488,0.15048400847344884,0.8346733668341708,0.6388888888888888,0.2545875386086578
F001489,0.0,0.3635678391959799,0.4722222222222222,0.8221471437193746
F001490,0.0,0.3635678391959799,0.625,0.6614378277661477
F001491,0.044658198738520394,0.7701005025125628,0.6666666666666666,0.5773502691896258
F001492,0.0,0.3635678391959799,0.2222222222222222,0.09622504486493767
F001493,0.0,0.3635678391959799,0.3611111111111111,0.7515416254704823
F001494,0.0,0.3635678391959799,0.2361111111111111,0.20971762320196524
F001495,0.0,0.3635678391959799,0.7083333333333334,1.0103629710818451
F001496,0.0,0.3635678391959799,0.3472222222222222,0.5672382737961704
F001497,0.0,0.3635678391959799,0.3611111111111111,0.7515416254704823
F001498,0.0,0.3635678391959799,0.16666666666666669,0.28867513459481287
F001499,0.0,0.3635678391959799,0.3472222222222222,0.6988747569671736
F001500,0.0,0.3635678391959799,0.4861111111111111,0.4589642122738419
F001501,0.0,0.3635678391959799,0.25,0.8660254037844386
F001502,0.0,0.3635678391959799,0.3611111111111111,0.7515416254704823
F001503,0.0,0.3635678391959799,0.19444444444444442,0.3469443332443554
F001504,0.0,0.3635678391959799,0.4444444444444444,0.5357583756107198
F001505,0.044658198738520394,0.7701005025125628,0.6666666666666666,0.5773502691896258
F001506,0.15048400847344884,0.8346733668341708,0.6388888888888888,0.2545875386086578
F001507,0.0,0.3635678391959799,0.13888888888888884,0.2545875386086578
F001508,0.14857832784080438,0.8238693467336683,0.7361111111111112,0.6472877887628358
F001509,0.0,0.3635678391959799,0.19444444444444442,0.3469443332443554
F001510,0.0,0.3635678391959799,0.4722222222222222,0.9179284245476838
F001511,0.0,0.3635678391959799,0.6111111111111112,0.693888666488711
F001512,0.0,0.3635678391959799,0.26388888888888884,0.2097176232019653
F001513,0.0,0.3635678391959799,0.19444444444444442,0.3469443332443554
F001514,0.0,0.3635678391959799,0.26388888888888884,0.7087417123429485
F001515,0.0,0.3635678391959799,0.19444444444444442,0.3469443332443554
F001516,0.0,0.3635678391959799,0.5416666666666666,0.38188130791298663
F001517,0.18899576603592685,0.8522613065326633,0.6666666666666666,0.2886751345948129
F001518,0.0,0.3635678391959799,0.4166666666666667,0.2886751345948129
F001519,0.0,0.3635678391959799,0.19444444444444442,0.3469443332443554
F001520,0.011164549684630098,0.7346733668341708,0.5416666666666666,0.14433756729740646
F001521,0.25,0.8977386934673367,0.75,0.5
F001522,0.0,0.3635678391959799,0.4027777777777778,0.7561476438231223
F001523,0.0,0.3635678391959799,0.08333333333333331,0.28867513459481287
F001524,0.0,0.3635678391959799,0.25,0.5
F001525,0.0,0.3635678391959799,0.5555555555555556,1.0183501544346312
F001526,0.0,0.3635678391959799,0.25,0.5
F001527,0.0,0.3635678391959799,0.25,0.5
F001528,0.32312508340006674,0.9236180904522613,0.7916666666666667,0.5204164998665333
F001529,0.0,0.3635678391959799,0.125,0.25
F001530,0.0,0.3635678391959799,0.055555555555555525,0.1924500897298752
F001531,0.0,0.3635678391959799,0.15277777777777773,0.33678765702728164
F001532,0.0,0.3635678391959799,0.33333333333333337,0.2886751345948129
F001533,0.0,0.3635678391959799,0.5138888888888888,0.29265704869035386
F001534,0.0,0.3635678391959799,0.3888888888888889,0.6309898162000305
F001535,0.0,0.3635678391959799,0.5138888888888888,0.29265704869035386
F001536,0.0483797153000638,0.7836683417085427,0.6805555555555556,0.6254627916220946
F001537,0.0,0.3635678391959799,0.2777777777777778,0.5091750772173156
F001538,0.0,0.3635678391959799,0.5277777777777778,0.8221471437193746
F001539,0.0,0.3635678391959799,0.3194444444444444,0.1272937693043289
F001540,0.0,0.3635678391959799,0.3888888888888889,0.4811252243246881
F001541,0.0,0.3635678391959799,0.4027777777777778,0.6364688465216445
F001542,0.0,0.3635678391959799,0.13888888888888884,0.2545875386086578
F001543,0.32224099184793414,0.9193467336683417,0.7638888888888888,0.4110735718596873
F001544,0.0,0.3635678391959799,0.5972222222222222,0.393817968854384
F001545,0.0,0.3635678391959799,0.5138888888888888,0.29265704869035386
F001546,0.0,0.3635678391959799,0.5555555555555556,0.5357583756107197
F001547,0.0,0.3635678391959799,0.2777777777777778,0.5091750772173156
F001548,0.0,0.3635678391959799,0.20833333333333331,0.5204164998665333
F001549,0.0,0.3635678391959799,0.25,0.5
F001550,0.15048400847344884,0.8346733668341708,0.6388888888888888,0.2545875386086578
F001551,0.0,0.3635678391959799,0.5277777777777778,0.8221471437193746
F001552,0.21541672226671116,0.8768844221105527,0.6944444444444444,0.3469443332443555
F001553,0.0,0.3635678391959799,0.13888888888888884,0.2545875386086578
F001554,0.11785136605074786,0.8135678391959799,0.736111111111111,0.7087417123429486
F001555,0.0,0.3635678391959799,0.3611111111111111,0.2545875386086578
F001556,0.0,0.3635678391959799,0.5416666666666666,0.38188130791298663
F001557,0.0,0.3635678391959799,0.6388888888888888,0.7515416254704823
F001558,0.25,0.8977386934673367,0.75,0.5
F001559,0.0,0.3635678391959799,0.4027777777777778,0.6364688465216445
F001560,0.0,0.3635678391959799,0.3888888888888889,0.4811252243246881
F001561,0.0,0.3635678391959799,0.26388888888888884,0.7087417123429485
F001562,0.0,0.3635678391959799,0.5833333333333334,0.7637626158259733
F001563,0.0,0.3635678391959799,0.08333333333333331,0.28867513459481287
F001564,0.43763894448893326,0.9510050251256281,0.8055555555555556,0.34694433324435553
F001565,0.0,0.3635678391959799,0.5555555555555556,0.5357583756107197
F001566,0.22572601271017334,0.8886934673366834,0.7083333333333334,0.3818813079129867
F001567,0.0,0.3635678391959799,0.3611111111111111,0.2545875386086578
F001568,0.0,0.3635678391959799,0.18055555555555552,0.3757708127352412
F001569,0.0,0.3635678391959799,0.33333333333333337,1.1547005383792517
F001570,0.0,0.3635678391959799,0.25,0.5
F001571,0.0483797153000638,0.7836683417085427,0.6805555555555556,0.6254627916220946
F001572,0.0,0.3635678391959799,0.6666666666666666,0.7637626158259733
F001573,0.5853276880479024,0.9761306532663316,0.8888888888888888,0.3849001794597506
F001574,0.0,0.3635678391959799,0.4305555555555555,0.9871864246620478
F001575,0.0,0.3635678391959799,0.5138888888888888,0.29265704869035386
F001576,0.0,0.3635678391959799,0.5694444444444444,0.47385339192311066
F001577,0.0,0.3635678391959799,0.13888888888888884,0.2545875386086578
F001578,0.0,0.3635678391959799,0.1111111111111111,0.3849001794597505
F001579,0.0,0.3635678391959799,0.5972222222222222,0.393817968854384
F001580,0.0,0.3635678391959799,0.2777777777777778,0.0962250448649376
F001581,0.0,0.3635678391959799,0.3472222222222222,0.6988747569671736
F001582,0.0,0.3635678391959799,0.3611111111111111,0.2545875386086578
F001583,0.0,0.3635678391959799,0.4861111111111111,0.2926570486903539
F001584,0.0,0.3635678391959799,0.3472222222222222,0.6988747569671736
F001585,0.0,0.3635678391959799,0.19444444444444442,0.3469443332443554
F001586,0.0,0.3635678391959799,0.16666666666666669,0.5773502691896258
F001587,0.0,0.3635678391959799,0.20833333333333331,0.5204164998665333
F001588,0.0483797153000638,0.7836683417085427,0.6805555555555556,0.6254627916220946
F001589,0.0,0.3635678391959799,0.26388888888888884,0.7087417123429485
F001590,0.0,0.3635678391959799,0.3472222222222222,0.5672382737961704
F001591,0.0,0.3635678391959799,0.3472222222222222,0.488288773090193
F001592,0.0,0.3635678391959799,0.29166666666666663,0.8036375634160796
F001593,0.0,0.3635678391959799,0.5972222222222222,0.393817968854384
F001594,0.0,0.3635678391959799,0.08333333333333331,0.28867513459481287
F001595,0.0,0.3635678391959799,0.2222222222222222,0.769800358919501
F001596,0.0,0.3635678391959799,0.4166666666666667,0.7637626158259733
F001597,0.10770836113335558,0.8103015075376885,0.5972222222222222,0.17347216662217768
F001598,0.0,0.3635678391959799,0.29166666666666663,0.5204164998665332
F001599,0.0,0.3635678391959799,0.33333333333333337,0.2886751345948129
F001600,0.0,0.3635678391959799,0.19444444444444442,0.3469443332443554
F001601,0.0,0.3635678391959799,0.2361111111111111,0.20971762320196524
F001602,0.0,0.3635678391959799,0.3888888888888889,0.693888666488711
F001603,0.0,0.3635678391959799,0.4583333333333333,0.38188130791298663
F001604,0.0,0.3635678391959799,0.5555555555555556,0.5357583756107197
F001605,0.22248941508981723,0.8839195979899498,0.7916666666666667,0.7216878364870323
F001606,0.0,0.3635678391959799,0.13888888888888884,0.2545875386086578
F001607,0.0,0.3635678391959799,0.3611111111111111,0.7515416254704823
F001608,0.0,0.3635678391959799,0.3611111111111111,0.2545875386086578
F001609,0.0,0.3635678391959799,0.3194444444444444,0.37577081273524116
F001610,0.0,0.3635678391959799,0.19444444444444442,0.3469443332443554
F001611,0.0,0.3635678391959799,0.2361111111111111,0.20971762320196524
F001612,0.0,0.3635678391959799,0.25,0.5
F001613,0.125,0.8168341708542713,0.625,0.25
F001614,0.14857832784080438,0.8238693467336683,0.7361111111111112,0.6472877887628358
F001615,0.0,0.3635678391959799,0.4861111111111111,0.2926570486903539
F001616,0.0,0.3635678391959799,0.3611111111111111,0.2545875386086578
F001617,0.0,0.3635678391959799,0.625,0.6614378277661477
F001618,0.0,0.3635678391959799,0.29166666666666663,0.8036375634160796
F001619,0.0,0.3635678391959799,0.5972222222222222,0.393817968854384
F001620,0.0,0.3635678391959799,0.375,0.25
F001621,0.0,0.3635678391959799,0.33333333333333337,1.1547005383792517
F001622,0.0,0.3635678391959799,0.4027777777777778,0.6364688465216445
F001623,0.0,0.3635678391959799,0.5138888888888888,0.29265704869035386
F001624,0.5260506159308034,0.963819095477387,0.8472222222222221,0.33678765702728175
F001625,0.25,0.8977386934673367,0.75,0.5
F001626,0.6889957660359269,0.9899497487437185,0.9166666666666667,0.28867513459481287
F001627,0.0,0.3635678391959799,0.4444444444444444,1.0183501544346312
F001628,0.17065537609580494,0.8447236180904523,0.7777777777777777,0.769800358919501
F001629,0.03349364905389035,0.7618090452261307,0.625,0.4330127018922193
F001630,0.061411169010459093,0.8010050251256281,0.6527777777777778,0.488288773090193
F001631,0.0,0.3635678391959799,0.5,0.0
F001632,0.0,0.3635678391959799,0.3888888888888889,1.0715167512214396
F001633,0.25,0.8977386934673367,0.75,0.5
F001634,0.011164549684630098,0.7346733668341708,0.5416666666666666,0.14433756729740646
F001635,0.0,0.3635678391959799,0.5277777777777778,0.8221471437193746
F001636,0.03349364905389035,0.7618090452261307,0.625,0.4330127018922193
F001637,0.0,0.3635678391959799,0.3194444444444444,0.37577081273524116
F001638,0.0,0.3635678391959799,0.33333333333333337,0.7637626158259733
F001639,0.0,0.3635678391959799,0.25,0.5
F001640,0.22248941508981723,0.8839195979899498,0.7916666666666667,0.7216878364870323
F001641,0.0,0.3635678391959799,0.25,0.5
F001642,0.0,0.3635678391959799,0.4861111111111111,0.9141379262169074
F001643,0.0,0.3635678391959799,0.4444444444444444,1.0183501544346312
F001644,0.0,0.3635678391959799,0.26388888888888884,0.2097176232019653
F001645,0.0,0.3635678391959799,0.16666666666666669,0.5773502691896258
F001646,0.0,0.3635678391959799,0.18055555555555552,0.3757708127352412
F001647,0.0,0.3635678391959799,0.3611111111111111,0.7515416254704823
F001648,0.0,0.3635678391959799,0.33333333333333337,0.5773502691896258
F001649,0.0,0.3635678391959799,0.33333333333333337,0.2886751345948129
F001650,0.25,0.8977386934673367,0.75,0.5
F001651,0.0,0.3635678391959799,0.20833333333333331,0.5204164998665333
F001652,0.0,0.3635678391959799,0.2361111111111111,0.20971762320196524
F001653,0.0,0.3635678391959799,0.3055555555555556,0.3469443332443555
F001654,0.0,0.3635678391959799,0.3611111111111111,0.2545875386086578
F001655,0.0483797153000638,0.7836683417085427,0.6805555555555556,0.6254627916220946
F001656,0.0,0.3635678391959799,0.33333333333333337,0.7637626158259733
F001657,0.03349364905389035,0.7618090452261307,0.625,0.4330127018922193
F001658,0.0,0.3635678391959799,0.2777777777777778,0.5091750772173156
F001659,0.0,0.3635678391959799,0.5138888888888888,0.6142595663193329
F001660,0.0,0.3635678391959799,0.19444444444444442,0.3469443332443554
F001661,0.0,0.3635678391959799,0.2222222222222222,0.5091750772173156
F001662,1.0,0.9987437185929648,1.0,0.0
F001663,0.3779915320718537,0.9329145728643216,0.8333333333333333,0.5773502691896258
F001664,0.014886066246173488,0.7439698492462311,0.5555555555555556,0.1924500897298752
F001665,0.6889957660359269,0.9899497487437185,0.9166666666666667,0.28867513459481287
F001666,0.0,0.3635678391959799,0.33333333333333337,1.1547005383792517
F001667,0.0,0.3635678391959799,0.055555555555555525,0.1924500897298752
F001668,0.0,0.3635678391959799,0.2777777777777778,0.5091750772173156
F001669,0.0,0.3635678391959799,0.25,0.5
F001670,0.42291896617679514,0.9434673366834171,0.7638888888888888,0.2097176232019653
F001671,0.0,0.3635678391959799,0.25,0.5
F001672,0.0,0.3635678391959799,0.16666666666666669,0.5773502691896258
F001673,0.014886066246173488,0.7439698492462311,0.5555555555555556,0.1924500897298752
F001674,0.0,0.3635678391959799,0.3611111111111111,0.7515416254704823
F001675,0.0,0.3635678391959799,0.1111111111111111,0.3849001794597505
F001676,0.0,0.3635678391959799,0.3611111111111111,0.2545875386086578
F001677,0.0,0.3635678391959799,0.08333333333333331,0.28867513459481287
F001678,0.21541672226671116,0.8768844221105527,0.6944444444444444,0.3469443332443555
F001679,0.0,0.3635678391959799,0.20833333333333331,0.38188130791298663
F001680,0.0,0.3635678391959799,0.19444444444444442,0.3469443332443554
F001681,0.0,0.3635678391959799,0.4166666666666667,1.0408329997330665
F001682,0.0,0.3635678391959799,0.2222222222222222,0.09622504486493767
F001683,0.0,0.3635678391959799,0.3611111111111111,0.2545875386086578
F001684,0.0,0.3635678391959799,0.19444444444444442,0.3469443332443554
F001685,0.0,0.3635678391959799,0.4305555555555555,0.9871864246620478
F001686,0.0,0.3635678391959799,0.08333333333333331,0.28867513459481287
F001687,0.0,0.3635678391959799,0.19444444444444442,0.3469443332443554
F001688,0.0,0.3635678391959799,0.3472222222222222,0.6988747569671736
F001689,0.0,0.3635678391959799,0.3472222222222222,0.6988747569671736
F001690,0.0,0.3635678391959799,0.2361111111111111,0.4110735718596873
F001691,0.0,0.3635678391959799,0.2361111111111111,0.20971762320196524
F001692,0.0,0.3635678391959799,0.4861111111111111,0.9141379262169074
F001693,0.18985690583578663,0.864321608040201,0.7222222222222222,0.5091750772173156
F001694,0.0,0.3635678391959799,0.13888888888888884,0.2545875386086578
F001695,0.0,0.3635678391959799,0.4444444444444444,0.5357583756107198
F001696,0.0,0.3635678391959799,0.18055555555555552,0.1272937693043289
F001697,0.0,0.3635678391959799,0.041666666666666685,0.14433756729740646
F001698,0.0,0.3635678391959799,0.16666666666666669,0.28867513459481287
F001699,0.0,0.3635678391959799,0.4027777777777778,0.17347216662217774
F001700,0.0,0.3635678391959799,0.2777777777777778,0.0962250448649376
F001701,0.0,0.3635678391959799,0.15277777777777773,0.33678765702728164
F001702,0.0,0.3635678391959799,0.5972222222222222,0.393817968854384
F001703,0.0,0.3635678391959799,0.33333333333333337,1.1547005383792517
F001704,0.0,0.3635678391959799,0.3888888888888889,0.4811252243246881
F001705,0.0,0.3635678391959799,0.08333333333333331,0.28867513459481287
F001706,0.0,0.3635678391959799,0.5277777777777778,0.41943524640393054
F001707,0.0,0.3635678391959799,0.13888888888888884,0.2545875386086578
F001708,0.0,0.3635678391959799,0.0,0.0
F001709,0.125,0.8168341708542713,0.625,0.25
F001710,0.011164549684630098,0.7346733668341708,0.5416666666666666,0.14433756729740646
F001711,0.0,0.3635678391959799,0.19444444444444442,0.3469443332443554
F001712,0.0,0.3635678391959799,0.125,0.25
F001713,0.0,0.3635678391959799,0.125,0.25
F001714,0.0,0.3635678391959799,0.19444444444444442,0.3469443332443554
F001715,0.0,0.3635678391959799,0.6388888888888888,0.8552669065744807
F001716,0.0,0.3635678391959799,0.5972222222222222,0.393817968854384
F001717,0.0,0.3635678391959799,0.3055555555555556,0.6735753140545634
F001718,0.18985690583578663,0.864321608040201,0.7222222222222222,0.5091750772173156
F001719,0.0,0.3635678391959799,0.25,0.5
F001720,0.32224099184793414,0.9193467336683417,0.7638888888888888,0.4110735718596873
F001721,0.5949284529178934,0.9836683417085427,0.8611111111111112,0.2545875386086578
F001722,0.0,0.3635678391959799,0.4027777777777778,0.17347216662217774
F001723,0.0,0.3635678391959799,0.25,0.5
F001724,0.0,0.3635678391959799,0.5555555555555556,0.5357583756107197
F001725,0.0,0.3635678391959799,0.20833333333333331,0.5204164998665333
F001726,0.0,0.3635678391959799,0.25,0.5
F001727,0.0,0.3635678391959799,0.6111111111111112,0.693888666488711
F001728,0.0,0.3635678391959799,0.625,0.6614378277661477
F001729,0.0,0.3635678391959799,0.2222222222222222,0.5091750772173156
F001730,0.0,0.3635678391959799,0.5972222222222222,0.393817968854384
F001731,0.011164549684630098,0.7346733668341708,0.5416666666666666,0.14433756729740646
F001732,0.0,0.3635678391959799,0.5555555555555556,0.5357583756107197
F001733,0.0,0.3635678391959799,0.08333333333333331,0.28867513459481287
F001734,0.1020902318637188,0.8077889447236181,0.7083333333333334,0.6291528696058958
F001735,0.0,0.3635678391959799,0.3055555555555556,0.3469443332443555
F001736,0.0,0.3635678391959799,0.3194444444444444,0.37577081273524116
F001737,0.32312508340006674,0.9236180904522613,0.7916666666666667,0.5204164998665333
F001738,0.0,0.3635678391959799,0.6388888888888888,0.7515416254704823
F001739,0.0,0.3635678391959799,0.20833333333333331,0.5204164998665333
F001740,0.0,0.3635678391959799,0.19444444444444442,0.3469443332443554
F001741,0.0,0.3635678391959799,0.19444444444444442,0.3469443332443554
F001742,0.0,0.3635678391959799,0.2777777777777778,0.0962250448649376
F001743,0.0,0.3635678391959799,0.4166666666666667,1.0408329997330665
F001744,0.0,0.3635678391959799,0.4861111111111111,0.9141379262169074
F001745,0.0,0.3635678391959799,0.3194444444444444,0.1272937693043289
F001746,0.0,0.3635678391959799,0.0,0.0
F001747,0.5260506159308034,0.963819095477387,0.8472222222222221,0.33678765702728175
F001748,0.061411169010459093,0.8010050251256281,0.6527777777777778,0.488288773090193
F001749,0.0,0.3635678391959799,0.375,1.0897247358851685
F001750,0.25,0.8977386934673367,0.75,0.5
F001751,0.0,0.3635678391959799,0.19444444444444442,0.3469443332443554
F001752,0.0,0.3635678391959799,0.6527777777777778,0.6684005230842202
F001753,0.0,0.3635678391959799,0.2777777777777778,0.0962250448649376
F001754,0.32312508340006674,0.9236180904522613,0.7916666666666667,0.5204164998665333
F001755,0.0,0.3635678391959799,0.2777777777777778,0.5091750772173156
F001756,0.0,0.3635678391959799,0.3611111111111111,0.2545875386086578
F001757,0.18985690583578663,0.864321608040201,0.7222222222222222,0.5091750772173156
F001758,0.0,0.3635678391959799,0.2361111111111111,0.20971762320196524
F001759,0.0,0.3635678391959799,0.4861111111111111,0.6787106512705898
F001760,0.0,0.3635678391959799,0.20833333333333331,0.5204164998665333
F001761,0.18985690583578663,0.864321608040201,0.7222222222222222,0.5091750772173156
F001762,0.43763894448893326,0.9510050251256281,0.8055555555555556,0.34694433324435553
F001763,0.044658198738520394,0.7701005025125628,0.6666666666666666,0.5773502691896258
F001764,0.0,0.3635678391959799,0.13888888888888884,0.2545875386086578
F001765,0.0,0.3635678391959799,0.4166666666666667,0.2886751345948129
F001766,0.0,0.3635678391959799,0.4583333333333333,0.38188130791298663
F001767,0.5949284529178934,0.9836683417085427,0.8611111111111112,0.2545875386086578
F001768,0.0,0.3635678391959799,0.4305555555555555,0.7469072033193751
F001769,0.0,0.3635678391959799,0.4861111111111111,0.9141379262169074
F001770,0.0,0.3635678391959799,0.29166666666666663,0.5204164998665332
F001771,0.0,0.3635678391959799,0.19444444444444442,0.3469443332443554
F001772,0.0,0.3635678391959799,0.3611111111111111,0.2545875386086578
F001773,0.0,0.3635678391959799,0.5555555555555556,0.5357583756107197
F001774,0.0,0.3635678391959799,0.33333333333333337,0.5773502691896258
F001775,0.14857832784080438,0.8238693467336683,0.7361111111111112,0.6472877887628358
F001776,0.052101231861607145,0.7947236180904522,0.6944444444444444,0.6735753140545634
F001777,0.0,0.3635678391959799,0.6527777777777778,0.6684005230842202
F001778,0.0,0.3635678391959799,0.13888888888888884,0.2545875386086578
F001779,0.0,0.3635678391959799,0.16666666666666669,0.5773502691896258
F001780,0.0,0.3635678391959799,0.0,0.0
F001781,0.0,0.3635678391959799,0.3611111111111111,0.2545875386086578
F001782,0.0,0.3635678391959799,0.625,0.6614378277661477
F001783,0.0,0.3635678391959799,0.5555555555555556,0.5357583756107197
F001784,0.17322570474349053,0.8477386934673367,0.6805555555555556,0.37577081273524116
F001785,0.0,0.3635678391959799,0.3194444444444444,0.1272937693043289
F001786,0.0,0.3635678391959799,0.3888888888888889,0.6309898162000305
F001787,0.0,0.3635678391959799,0.5277777777777778,0.41943524640393054
F001788,0.0,0.3635678391959799,0.5138888888888888,0.29265704869035386
F001789,0.0,0.3635678391959799,0.3472222222222222,0.5672382737961704
F001790,0.43763894448893326,0.9510050251256281,0.8055555555555556,0.34694433324435553
F001791,0.0,0.3635678391959799,0.33333333333333337,0.2886751345948129
F001792,0.0,0.3635678391959799,0.2222222222222222,0.769800358919501
F001793,0.0,0.3635678391959799,0.19444444444444442,0.3469443332443554
F001794,0.0,0.3635678391959799,0.16666666666666669,0.5773502691896258
F001795,0.0,0.3635678391959799,0.19444444444444442,0.3469443332443554
F001796,0.0,0.3635678391959799,0.2361111111111111,0.20971762320196524
F001797,0.0,0.3635678391959799,0.19444444444444442,0.3469443332443554
F001798,0.0,0.3635678391959799,0.5972222222222222,0.393817968854384
F001799,1.0,0.9987437185929648,1.0,0.0
F001800,0.0,0.3635678391959799,0.19444444444444442,0.3469443332443554
F001801,0.18899576603592685,0.8522613065326633,0.6666666666666666,0.2886751345948129
F001802,0.0,0.3635678391959799,0.4305555555555555,0.9871864246620478
F001803,0.0,0.3635678391959799,0.6527777777777778,0.9292071490932072
F001804,0.0,0.3635678391959799,0.20833333333333331,0.38188130791298663
F001805,0.0,0.3635678391959799,0.3194444444444444,0.1272937693043289
F001806,0.0,0.3635678391959799,0.19444444444444442,0.3469443332443554
F001807,0.3009680169468978,0.9133165829145728,0.7777777777777778,0.5091750772173156
F001808,0.0,0.3635678391959799,0.3888888888888889,0.4811252243246881
F001809,0.0,0.3635678391959799,0.13888888888888884,0.2545875386086578
F001810,0.22248941508981723,0.8839195979899498,0.7916666666666667,0.7216878364870323
F001811,0.0,0.3635678391959799,0.5555555555555556,0.5357583756107197
F001812,0.0,0.3635678391959799,0.4166666666666667,1.0408329997330665
F001813,0.0,0.3635678391959799,0.25,0.5
F001814,0.0,0.3635678391959799,0.2361111111111111,0.20971762320196524
F001815,0.0,0.3635678391959799,0.4722222222222222,0.4194352464039305
F001816,0.14857832784080438,0.8238693467336683,0.7361111111111112,0.6472877887628358
F001817,0.0,0.3635678391959799,0.25,0.5
F001818,0.0,0.3635678391959799,0.4861111111111111,0.4589642122738419
F001819,0.0,0.3635678391959799,0.5,0.0
F001820,0.022329099369260197,0.7540201005025126,0.5833333333333334,0.2886751345948129
F001821,0.044658198738520394,0.7701005025125628,0.6666666666666666,0.5773502691896258
F001822,0.0,0.3635678391959799,0.125,0.25
F001823,0.0,0.3635678391959799,0.3194444444444444,0.8988160937424132
F001824,0.0,0.3635678391959799,0.25,0.5
F001825,0.0,0.3635678391959799,0.3611111111111111,0.7515416254704823
F001826,0.0,0.3635678391959799,0.2361111111111111,0.20971762320196524
F001827,0.3779915320718537,0.9329145728643216,0.8333333333333333,0.5773502691896258
F001828,0.0,0.3635678391959799,0.5277777777777778,0.8221471437193746
F001829,0.5260506159308034,0.963819095477387,0.8472222222222221,0.33678765702728175
F001830,0.0,0.3635678391959799,0.375,1.0897247358851685
F001831,0.0,0.3635678391959799,0.08333333333333331,0.28867513459481287
F001832,0.0,0.3635678391959799,0.041666666666666685,0.14433756729740646
F001833,0.0,0.3635678391959799,0.2222222222222222,0.09622504486493767
F001834,0.22248941508981723,0.8839195979899498,0.7916666666666667,0.7216878364870323
F001835,0.022329099369260197,0.7540201005025126,0.5833333333333334,0.2886751345948129
F001836,0.0,0.3635678391959799,0.33333333333333337,0.2886751345948129
F001837,0.0,0.3635678391959799,0.4444444444444444,0.5357583756107198
F001838,0.0,0.3635678391959799,0.19444444444444442,0.3469443332443554
F001839,0.0,0.3635678391959799,0.055555555555555525,0.1924500897298752
F001840,0.0,0.3635678391959799,0.041666666666666685,0.14433756729740646
F001841,0.022329099369260197,0.7540201005025126,0.5833333333333334,0.2886751345948129
F001842,0.0,0.3635678391959799,0.4444444444444444,0.5357583756107198
F001843,0.0,0.3635678391959799,0.5972222222222222,0.393817968854384
F001844,0.0,0.3635678391959799,0.3611111111111111,0.2545875386086578
F001845,0.0,0.3635678391959799,0.5416666666666666,0.38188130791298663
F001846,0.0,0.3635678391959799,0.3194444444444444,0.1272937693043289
F001847,0.0,0.3635678391959799,0.2777777777777778,0.0962250448649376
F001848,0.14857832784080438,0.8238693467336683,0.7361111111111112,0.6472877887628358
F001849,0.0,0.3635678391959799,0.3888888888888889,0.4811252243246881
F001850,0.0,0.3635678391959799,0.2361111111111111,0.20971762320196524
F001851,0.0,0.3635678391959799,0.29166666666666663,0.3818813079129867
F001852,0.0,0.3635678391959799,0.4861111111111111,0.9141379262169074
F001853,0.0,0.3635678391959799,0.5972222222222222,0.393817968854384
F001854,0.3779915320718537,0.9329145728643216,0.8333333333333333,0.5773502691896258
F001855,0.011164549684630098,0.7346733668341708,0.5416666666666666,0.14433756729740646
F001856,0.0,0.3635678391959799,0.25,0.5
F001857,0.044658198738520394,0.7701005025125628,0.6666666666666666,0.5773502691896258
F001858,0.0,0.3635678391959799,0.36111111111111116,0.8552669065744807
F001859,0.1564584167334001,0.842211055276382,0.7083333333333334,0.5204164998665332
F001860,0.0,0.3635678391959799,0.125,0.25
F001861,0.4510034825212683,0.9595477386934673,0.8194444444444444,0.3757708127352412
F001862,0.0,0.3635678391959799,0.055555555555555525,0.1924500897298752
F001863,0.0,0.3635678391959799,0.4861111111111111,0.9141379262169074
F001864,0.0,0.3635678391959799,0.3472222222222222,0.488288773090193
F001865,0.18985690583578663,0.864321608040201,0.7222222222222222,0.5091750772173156
F001866,0.0,0.3635678391959799,0.25,0.8660254037844386
F001867,0.10770836113335558,0.8103015075376885,0.5972222222222222,0.17347216662217768
F001868,0.0,0.3635678391959799,0.29166666666666663,0.5204164998665332
F001869,0.15048400847344884,0.8346733668341708,0.6388888888888888,0.2545875386086578
F001870,0.0,0.3635678391959799,0.2222222222222222,0.5091750772173156
F001871,0.0,0.3635678391959799,0.5972222222222222,0.393817968854384
F001872,0.0,0.3635678391959799,0.08333333333333331,0.28867513459481287
F001873,0.0,0.3635678391959799,0.13888888888888884,0.2545875386086578
F001874,0.0,0.3635678391959799,0.4027777777777778,0.17347216662217774
F001875,0.0669872981077807,0.8050251256281407,0.75,0.8660254037844386
F001876,0.0,0.3635678391959799,0.13888888888888884,0.2545875386086578
F001877,0.0,0.3635678391959799,0.4027777777777778,0.6364688465216445
F001878,0.0,0.3635678391959799,0.3888888888888889,0.693888666488711
F001879,0.0,0.3635678391959799,0.20833333333333331,0.38188130791298663
F001880,0.0,0.3635678391959799,0.3888888888888889,0.6309898162000305
F001881,0.0,0.3635678391959799,0.3194444444444444,0.37577081273524116
F001882,0.0,0.3635678391959799,0.26388888888888884,0.6472877887628358
F001883,0.22248941508981723,0.8839195979899498,0.7916666666666667,0.7216878364870323
F001884,0.0,0.3635678391959799,0.3194444444444444,0.37577081273524116
F001885,0.0483797153000638,0.7836683417085427,0.6805555555555556,0.6254627916220946
F001886,0.0,0.3635678391959799,0.19444444444444442,0.3469443332443554
F001887,0.044658198738520394,0.7701005025125628,0.6666666666666666,0.5773502691896258
F001888,0.0,0.3635678391959799,0.7083333333333334,1.0103629710818451
F001889,0.0,0.3635678391959799,0.5555555555555556,1.0183501544346312
F001890,0.0,0.3635678391959799,0.25,0.5
F001891,0.5949284529178934,0.9836683417085427,0.8611111111111112,0.2545875386086578
F001892,0.0,0.3635678391959799,0.26388888888888884,0.2097176232019653
F001893,0.0,0.3635678391959799,0.3611111111111111,0.2545875386086578
F001894,0.0,0.3635678391959799,0.5416666666666666,0.38188130791298663
F001895,0.0,0.3635678391959799,0.5138888888888888,0.6787106512705898
F001896,0.0,0.3635678391959799,0.33333333333333337,0.5773502691896258
F001897,0.0,0.3635678391959799,0.5972222222222222,0.393817968854384
F001898,0.0,0.3635678391959799,0.5972222222222222,0.393817968854384
F001899,0.0,0.3635678391959799,0.08333333333333331,0.28867513459481287
F001900,0.0,0.3635678391959799,0.5972222222222222,0.393817968854384
F001901,0.0483797153000638,0.7836683417085427,0.6805555555555556,0.6254627916220946
F001902,0.0,0.3635678391959799,0.29166666666666663,0.3818813079129867
F001903,0.3779915320718537,0.9329145728643216,0.8333333333333333,0.5773502691896258
F001904,0.0483797153000638,0.7836683417085427,0.6805555555555556,0.6254627916220946
F001905,0.25,0.8977386934673367,0.75,0.5
F001906,0.0,0.3635678391959799,0.19444444444444442,0.3469443332443554
F001907,0.0,0.3635678391959799,0.5138888888888888,0.29265704869035386
F001908,0.4510034825212683,0.9595477386934673,0.8194444444444444,0.3757708127352412
F001909,0.0,0.3635678391959799,0.19444444444444442,0.3469443332443554
F001910,0.15048400847344884,0.8346733668341708,0.6388888888888888,0.2545875386086578
F001911,0.0,0.3635678391959799,0.3194444444444444,0.37577081273524116
F001912,0.0,0.3635678391959799,0.5416666666666666,0.38188130791298663
F001913,0.0,0.3635678391959799,0.3194444444444444,0.37577081273524116
F001914,0.0,0.3635678391959799,0.25,0.8660254037844386
F001915,0.0483797153000638,0.7836683417085427,0.6805555555555556,0.6254627916220946
F001916,0.43763894448893326,0.9510050251256281,0.8055555555555556,0.34694433324435553
F001917,0.0,0.3635678391959799,0.4583333333333333,0.14433756729740646
F001918,0.0,0.3635678391959799,0.13888888888888884,0.2545875386086578
F001919,0.0,0.3635678391959799,0.3194444444444444,0.1272937693043289
F001920,0.0,0.3635678391959799,0.2361111111111111,0.20971762320196524
F001921,0.18985690583578663,0.864321608040201,0.7222222222222222,0.5091750772173156
F001922,0.011164549684630098,0.7346733668341708,0.5416666666666666,0.14433756729740646
F001923,0.0,0.3635678391959799,0.5555555555555556,0.5357583756107197
F001924,0.0,0.3635678391959799,0.5138888888888888,0.29265704869035386
F001925,0.0,0.3635678391959799,0.4027777777777778,0.17347216662217774
F001926,0.0,0.3635678391959799,0.19444444444444442,0.3469443332443554
F001927,0.0,0.3635678391959799,0.2361111111111111,0.20971762320196524
F001928,0.0,0.3635678391959799,0.4444444444444444,0.5357583756107198
F001929,0.0,0.3635678391959799,0.5416666666666666,0.38188130791298663
F001930,0.0,0.3635678391959799,0.3611111111111111,0.7515416254704823
F001931,0.0,0.3635678391959799,0.4027777777777778,0.17347216662217774
F001932,0.0,0.3635678391959799,0.16666666666666669,0.28867513459481287
F001933,0.0,0.3635678391959799,0.19444444444444442,0.3469443332443554
F001934,0.0,0.3635678391959799,0.5138888888888888,0.8673608331108886
F001935,0.022329099369260197,0.7540201005025126,0.5833333333333334,0.2886751345948129
F001936,0.0,0.3635678391959799,0.4027777777777778,0.17347216662217774
F001937,0.22572601271017334,0.8886934673366834,0.7083333333333334,0.3818813079129867
F001938,0.0,0.3635678391959799,0.13888888888888884,0.2545875386086578
F001939,0.0,0.3635678391959799,0.5138888888888888,0.29265704869035386
F001940,0.10770836113335558,0.8103015075376885,0.5972222222222222,0.17347216662217768
F001941,0.0,0.3635678391959799,0.3611111111111111,0.2545875386086578
F001942,0.0,0.3635678391959799,0.055555555555555525,0.1924500897298752
F001943,0.022329099369260197,0.7540201005025126,0.5833333333333334,0.2886751345948129
F001944,0.0,0.3635678391959799,0.3194444444444444,0.1272937693043289
F001945,0.0,0.3635678391959799,0.3611111111111111,0.2545875386086578
F001946,0.0,0.3635678391959799,0.5,0.0
F001947,0.0,0.3635678391959799,0.29166666666666663,0.8036375634160796
F001948,0.0,0.3635678391959799,0.4722222222222222,0.9179284245476838
F001949,0.0,0.3635678391959799,0.6111111111111112,0.6309898162000305
F001950,0.22572601271017334,0.8886934673366834,0.7083333333333334,0.3818813079129867
F001951,0.0,0.3635678391959799,0.3888888888888889,1.0715167512214396
F001952,0.0,0.3635678391959799,0.36111111111111116,0.8552669065744807
F001953,0.0,0.3635678391959799,0.19444444444444442,0.3469443332443554
F001954,0.0,0.3635678391959799,0.5694444444444444,0.5548606765399494
F001955,0.0,0.3635678391959799,0.125,0.25
F001956,0.18899576603592685,0.8522613065326633,0.6666666666666666,0.2886751345948129
F001957,0.0,0.3635678391959799,0.4444444444444444,0.5357583756107198
F001958,0.5334936490538904,0.9678391959798995,0.875,0.4330127018922193
F001959,0.0,0.3635678391959799,0.2361111111111111,0.4110735718596873
F001960,0.0,0.3635678391959799,0.2361111111111111,0.20971762320196524
F001961,0.0,0.3635678391959799,0.6388888888888888,0.7515416254704823
F001962,0.0,0.3635678391959799,0.3611111111111111,0.2545875386086578
F001963,0.10770836113335558,0.8103015075376885,0.5972222222222222,0.17347216662217768
F001964,0.0,0.3635678391959799,0.08333333333333331,0.28867513459481287
F001965,0.3779915320718537,0.9329145728643216,0.8333333333333333,0.5773502691896258
F001966,0.0,0.3635678391959799,0.3611111111111111,0.2545875386086578
F001967,0.0,0.3635678391959799,0.3611111111111111,0.7515416254704823
F001968,0.0,0.3635678391959799,0.19444444444444442,0.3469443332443554
F001969,0.3009680169468978,0.9133165829145728,0.7777777777777778,0.5091750772173156
F001970,0.0,0.3635678391959799,0.4722222222222222,0.4194352464039305
F001971,0.0,0.3635678391959799,0.2777777777777778,0.0962250448649376
F001972,0.15048400847344884,0.8346733668341708,0.6388888888888888,0.2545875386086578
F001973,0.4510034825212683,0.9595477386934673,0.8194444444444444,0.3757708127352412
F001974,0.0,0.3635678391959799,0.4305555555555555,0.5548606765399494
F001975,0.0,0.3635678391959799,0.19444444444444442,0.3469443332443554
F001976,0.0,0.3635678391959799,0.4861111111111111,0.9141379262169074
F001977,0.0,0.3635678391959799,0.3611111111111111,0.2545875386086578
F001978,0.3009680169468978,0.9133165829145728,0.7777777777777778,0.5091750772173156
F001979,0.18985690583578663,0.864321608040201,0.7222222222222222,0.5091750772173156
F001980,0.25,0.8977386934673367,0.75,0.5
F001981,0.0,0.3635678391959799,0.3194444444444444,0.6254627916220945
F001982,0.0,0.3635678391959799,0.6388888888888888,0.7515416254704823
F001983,0.0,0.3635678391959799,0.16666666666666669,0.28867513459481287
F001984,0.0,0.3635678391959799,0.36111111111111116,0.8552669065744807
F001985,0.0,0.3635678391959799,0.5972222222222222,0.393817968854384
F001986,0.18899576603592685,0.8522613065326633,0.6666666666666666,0.2886751345948129
F001987,0.0,0.3635678391959799,0.33333333333333337,0.5773502691896258
F001988,0.0,0.3635678391959799,0.4861111111111111,0.9141379262169074
F001989,0.0,0.3635678391959799,0.1111111111111111,0.3849001794597505
F001990,0.0,0.3635678391959799,0.4722222222222222,0.4194352464039305
F001991,0.0,0.3635678391959799,0.36111111111111116,0.8552669065744807
