feature_id,data_score,data_rank,cv_mean_oriented_auc,cv_sd_oriented_effect,relevance_scaled,confidence_scaled,agreement,reliability,text_score,condition,llm_runs,text_rank,data_rank_for_hybrid,data_uncertainty_rank,adaptive_text_weight,text_priority,adaptive_consensus
F000001,0.0521012318616071,0.7947236180904522,0.6944444444444444,0.6735753140545634,0.0,1.0,1.0,1.0,0.0,real,3,0.3701005025125628,0.7947236180904522,0.8160804020100503,0.40804020100502514,0.33606613469356833,0.6214603166586702
F000002,0.0,0.3635678391959799,0.5416666666666666,0.3818813079129866,0.0,1.0,1.0,1.0,0.0,real,3,0.3701005025125628,0.3635678391959799,0.4236180904522613,0.21180904522613064,0.2634408853311785,0.3649515163758491
F000003,0.0,0.3635678391959799,0.5416666666666666,0.3818813079129866,0.0,1.0,1.0,1.0,0.0,real,3,0.3701005025125628,0.3635678391959799,0.4236180904522613,0.21180904522613064,0.2634408853311785,0.3649515163758491
F000004,0.5260506159308034,0.963819095477387,0.8472222222222221,0.3367876570272817,0.0,1.0,1.0,1.0,0.0,real,3,0.3701005025125628,0.963819095477387,0.3005025125628141,0.15025125628140704,0.240658316709174,0.8746121310067929
F000005,0.4376389444889332,0.951005025125628,0.8055555555555556,0.3469443332443555,0.0,1.0,1.0,1.0,0.0,real,3,0.3701005025125628,0.951005025125628,0.37613065326633166,0.18806532663316583,0.25465332314840533,0.8417570263377187
F000006,0.0,0.3635678391959799,0.3472222222222222,0.5672382737961704,0.0,1.0,1.0,1.0,0.0,real,3,0.3701005025125628,0.3635678391959799,0.7017587939698492,0.3508793969849246,0.31491089240170705,0.365860016161208
F000007,0.2154167222667111,0.8768844221105527,0.6944444444444444,0.3469443332443555,0.0,1.0,1.0,1.0,0.0,real,3,0.3701005025125628,0.8768844221105527,0.37613065326633166,0.18806532663316583,0.25465332314840533,0.7815759387389207
F000008,0.1898569058357866,0.864321608040201,0.7222222222222222,0.5091750772173156,0.0,1.0,1.0,1.0,0.0,real,3,0.3701005025125628,0.864321608040201,0.6321608040201006,0.3160804020100503,0.3020317668745739,0.7081080023231736
F000009,0.5260506159308034,0.963819095477387,0.8472222222222221,0.3367876570272817,0.0,1.0,1.0,1.0,0.0,real,3,0.3701005025125628,0.963819095477387,0.3005025125628141,0.15025125628140704,0.240658316709174,0.8746121310067929
F000010,0.01116454968463,0.7346733668341708,0.5416666666666666,0.1443375672974064,0.0,1.0,1.0,1.0,0.0,real,3,0.3701005025125628,0.7346733668341708,0.06030150753768844,0.03015075376884422,0.1962090603772632,0.7236812201712077
F000011,0.3009680169468978,0.9133165829145728,0.7777777777777778,0.5091750772173156,0.0,1.0,1.0,1.0,0.0,real,3,0.3701005025125628,0.9133165829145728,0.6321608040201006,0.3160804020100503,0.3020317668745739,0.7416166258427818
F000012,0.4376389444889332,0.951005025125628,0.8055555555555556,0.3469443332443555,0.0,1.0,1.0,1.0,0.0,real,3,0.3701005025125628,0.951005025125628,0.37613065326633166,0.18806532663316583,0.25465332314840533,0.8417570263377187
F000013,0.0,0.3635678391959799,0.4305555555555555,0.4276334532872403,0.25,1.0,1.0,1.0,0.25,real,3,0.8304020100502513,0.3635678391959799,0.5221105527638191,0.26105527638190956,0.6319818312668872,0.4854373626928613
F000014,0.0,0.3635678391959799,0.25,0.8660254037844386,0.0,1.0,1.0,1.0,0.0,real,3,0.3701005025125628,0.3635678391959799,0.9349246231155779,0.46746231155778895,0.3580582876695033,0.3666216130905785
F000015,0.3009680169468978,0.9133165829145728,0.7777777777777778,0.5091750772173156,0.0,1.0,1.0,1.0,0.0,real,3,0.3701005025125628,0.9133165829145728,0.6321608040201006,0.3160804020100503,0.3020317668745739,0.7416166258427818
F000016,0.0,0.3635678391959799,0.6111111111111112,0.6309898162000305,0.0,1.0,1.0,1.0,0.0,real,3,0.3701005025125628,0.3635678391959799,0.7751256281407035,0.38756281407035176,0.3284874434989016,0.36609965657432897
F000017,0.0669872981077807,0.8050251256281407,0.75,0.8660254037844386,0.0,1.0,1.0,1.0,0.0,real,3,0.3701005025125628,0.8050251256281407,0.9349246231155779,0.46746231155778895,0.3580582876695033,0.6017142559531324
F000018,0.0,0.3635678391959799,0.3055555555555556,0.6735753140545634,0.0,1.0,1.0,1.0,0.0,real,3,0.3701005025125628,0.3635678391959799,0.8160804020100503,0.40804020100502514,0.33606613469356833,0.36623342844877654
F000019,0.0,0.3635678391959799,0.4027777777777778,0.7561476438231223,0.0,1.0,1.0,1.0,0.0,real,3,0.3701005025125628,0.3635678391959799,0.8826633165829145,0.44133165829145726,0.3483873197646524,0.3664509103305472
F000020,0.0,0.3635678391959799,0.2777777777777778,0.9622504486493764,0.0,1.0,1.0,1.0,0.0,real,3,0.3701005025125628,0.3635678391959799,0.9577889447236181,0.47889447236180904,0.36228933612787556,0.36669629554809224
F000021,0.25,0.8977386934673367,0.75,0.5,0.0,1.0,1.0,1.0,0.0,real,3,0.3701005025125628,0.8977386934673367,0.5793969849246231,0.28969849246231155,0.29226780889371484,0.7448827049821973
F000022,0.0,0.3635678391959799,0.25,0.5,0.25,1.0,1.0,1.0,0.25,real,3,0.8304020100502513,0.3635678391959799,0.5793969849246231,0.28969849246231155,0.6557672154743568,0.4988089947223555
F000023,0.25,0.8977386934673367,0.75,0.5,0.0,1.0,1.0,1.0,0.0,real,3,0.3701005025125628,0.8977386934673367,0.5793969849246231,0.28969849246231155,0.29226780889371484,0.7448827049821973
F000024,0.0,0.3635678391959799,0.5416666666666666,0.3818813079129866,0.0,1.0,1.0,1.0,0.0,real,3,0.3701005025125628,0.3635678391959799,0.4236180904522613,0.21180904522613064,0.2634408853311785,0.3649515163758491
F000025,0.0,0.3635678391959799,0.4444444444444444,1.0183501544346312,0.0,1.0,1.0,1.0,0.0,real,3,0.3701005025125628,0.3635678391959799,0.9741206030150754,0.4870603015075377,0.36531151359814146,0.3667496401606021
F000026,1.0,0.9987437185929648,1.0,0.0,0.0,1.0,1.0,1.0,0.0,real,3,0.3701005025125628,0.9987437185929648,0.005527638190954774,0.002763819095477387,0.1860731420923714,0.9970062624681195
F000027,0.25,0.8977386934673367,0.75,0.5,0.0,1.0,1.0,1.0,0.0,real,3,0.3701005025125628,0.8977386934673367,0.5793969849246231,0.28969849246231155,0.29226780889371484,0.7448827049821973
F000028,0.0446581987385203,0.7701005025125628,0.6666666666666666,0.5773502691896258,0.0,1.0,1.0,1.0,0.0,real,3,0.3701005025125628,0.7701005025125628,0.7276381909547739,0.36381909547738694,0.3196998813161284,0.624572864321608
F000029,0.0,0.3635678391959799,0.3472222222222222,0.5672382737961704,0.0,1.0,1.0,1.0,0.0,real,3,0.3701005025125628,0.3635678391959799,0.7017587939698492,0.3508793969849246,0.31491089240170705,0.365860016161208
F000030,0.0,0.3635678391959799,0.6944444444444444,0.7876359377087682,0.25,1.0,1.0,1.0,0.25,real,3,0.8304020100502513,0.3635678391959799,0.9082914572864321,0.45414572864321606,0.7923245309461882,0.5755785838741446
F000031,1.0,0.9987437185929648,1.0,0.0,0.0,1.0,1.0,1.0,0.0,real,3,0.3701005025125628,0.9987437185929648,0.005527638190954774,0.002763819095477387,0.1860731420923714,0.9970062624681195
F000032,0.1898569058357866,0.864321608040201,0.7222222222222222,0.5091750772173156,0.0,1.0,1.0,1.0,0.0,real,3,0.3701005025125628,0.864321608040201,0.6321608040201006,0.3160804020100503,0.3020317668745739,0.7081080023231736
F000033,0.0,0.3635678391959799,0.4583333333333333,0.3818813079129866,0.0,1.0,1.0,1.0,0.0,real,3,0.3701005025125628,0.3635678391959799,0.4236180904522613,0.21180904522613064,0.2634408853311785,0.3649515163758491
F000034,0.0,0.3635678391959799,0.5416666666666666,0.3818813079129866,0.0,1.0,1.0,1.0,0.0,real,3,0.3701005025125628,0.3635678391959799,0.4236180904522613,0.21180904522613064,0.2634408853311785,0.3649515163758491
F000035,0.2974642264589466,0.9080402010050252,0.6805555555555556,0.1272937693043289,0.0,1.0,1.0,1.0,0.0,real,3,0.3701005025125628,0.9080402010050252,0.03869346733668342,0.01934673366834171,0.1922104871089114,0.8976328249286636
F000036,0.4376389444889332,0.951005025125628,0.8055555555555556,0.3469443332443555,0.0,1.0,1.0,1.0,0.0,real,3,0.3701005025125628,0.951005025125628,0.37613065326633166,0.18806532663316583,0.25465332314840533,0.8417570263377187
F000037,0.5853276880479024,0.9761306532663316,0.8888888888888888,0.3849001794597506,0.0,1.0,1.0,1.0,0.0,real,3,0.3701005025125628,0.9761306532663316,0.45879396984924625,0.22939698492462313,0.26995019065175124,0.8371091639100022
F000038,0.0,0.3635678391959799,0.4583333333333333,0.3818813079129866,0.0,1.0,1.0,1.0,0.0,real,3,0.3701005025125628,0.3635678391959799,0.4236180904522613,0.21180904522613064,0.2634408853311785,0.3649515163758491
F000039,0.1898569058357866,0.864321608040201,0.7222222222222222,0.5091750772173156,0.0,1.0,1.0,1.0,0.0,real,3,0.3701005025125628,0.864321608040201,0.6321608040201006,0.3160804020100503,0.3020317668745739,0.7081080023231736
F000040,1.0,0.9987437185929648,1.0,0.0,0.0,1.0,1.0,1.0,0.0,real,3,0.3701005025125628,0.9987437185929648,0.005527638190954774,0.002763819095477387,0.1860731420923714,0.9970062624681195
F000041,0.0,0.3635678391959799,0.5972222222222222,0.393817968854384,0.0,1.0,1.0,1.0,0.0,real,3,0.3701005025125628,0.3635678391959799,0.48266331658291456,0.24133165829145728,0.27436721926213986,0.3651443776672306
F000042,0.0,0.3635678391959799,0.1944444444444444,0.3469443332443554,0.0,1.0,1.0,1.0,0.0,real,3,0.3701005025125628,0.3635678391959799,0.33341708542713566,0.16670854271356783,0.2467491666877099,0.3646568899775259
F000043,0.25,0.8977386934673367,0.75,0.5,0.0,1.0,1.0,1.0,0.0,real,3,0.3701005025125628,0.8977386934673367,0.5793969849246231,0.28969849246231155,0.29226780889371484,0.7448827049821973
F000044,0.7926638440239513,0.9952261306532664,0.9444444444444444,0.1924500897298752,0.0,1.0,1.0,1.0,0.0,real,3,0.3701005025125628,0.9952261306532664,0.1,0.05,0.20355527638190957,0.9639698492462312
F000045,0.0,0.3635678391959799,0.4027777777777778,0.6364688465216445,0.0,1.0,1.0,1.0,0.0,real,3,0.3701005025125628,0.3635678391959799,0.7829145728643216,0.3914572864321608,0.3299287896770284,0.3661250978510644
F000046,0.4510034825212683,0.9595477386934672,0.8194444444444444,0.3757708127352412,0.0,1.0,1.0,1.0,0.0,real,3,0.3701005025125628,0.9595477386934672,0.40804020100502514,0.20402010050251257,0.2605581929749249,0.8392886543269108
F000047,0.1732257047434905,0.8477386934673367,0.6805555555555556,0.3757708127352411,0.0,1.0,1.0,1.0,0.0,real,3,0.3701005025125628,0.8477386934673367,0.3969849246231156,0.1984924623115578,0.2585124113027449,0.7529311128506855
F000048,0.0,0.3635678391959799,0.6944444444444444,0.7876359377087682,0.0,1.0,1.0,1.0,0.0,real,3,0.3701005025125628,0.3635678391959799,0.9082914572864321,0.45414572864321606,0.35312981364106966,0.3665346203378703
F000049,0.0483797153000638,0.7836683417085427,0.6805555555555556,0.6254627916220946,0.0,1.0,1.0,1.0,0.0,real,3,0.3701005025125628,0.7836683417085427,0.7610552763819095,0.38052763819095475,0.32588372137067245,0.6262943486275598
F000050,0.0,0.3635678391959799,0.1111111111111111,0.3849001794597505,0.0,1.0,1.0,1.0,0.0,real,3,0.3701005025125628,0.3635678391959799,0.4492462311557789,0.22462311557788944,0.2681833792075958,0.3650352263831721
F000051,0.4376389444889332,0.951005025125628,0.8055555555555556,0.3469443332443555,0.0,1.0,1.0,1.0,0.0,real,3,0.3701005025125628,0.951005025125628,0.37613065326633166,0.18806532663316583,0.25465332314840533,0.8417570263377187
F000052,0.0,0.3635678391959799,0.3055555555555556,0.6735753140545634,0.0,1.0,1.0,1.0,0.0,real,3,0.3701005025125628,0.3635678391959799,0.8160804020100503,0.40804020100502514,0.33606613469356833,0.36623342844877654
F000053,0.0,0.3635678391959799,0.5833333333333334,0.7637626158259733,0.0,1.0,1.0,1.0,0.0,real,3,0.3701005025125628,0.3635678391959799,0.8902010050251257,0.44510050251256283,0.34978217090477515,0.3664755309209363
F000054,0.3009680169468978,0.9133165829145728,0.7777777777777778,0.5091750772173156,0.0,1.0,1.0,1.0,0.0,real,3,0.3701005025125628,0.9133165829145728,0.6321608040201006,0.3160804020100503,0.3020317668745739,0.7416166258427818
F000055,0.0,0.3635678391959799,0.1944444444444444,0.3469443332443554,0.0,1.0,1.0,1.0,0.0,real,3,0.3701005025125628,0.3635678391959799,0.33341708542713566,0.16670854271356783,0.2467491666877099,0.3646568899775259
F000056,0.4376389444889332,0.951005025125628,0.8055555555555556,0.3469443332443555,0.0,1.0,1.0,1.0,0.0,real,3,0.3701005025125628,0.951005025125628,0.37613065326633166,0.18806532663316583,0.25465332314840533,0.8417570263377187
F000057,0.25,0.8977386934673367,0.75,0.5,0.0,1.0,1.0,1.0,0.0,real,3,0.3701005025125628,0.8977386934673367,0.5793969849246231,0.28969849246231155,0.29226780889371484,0.7448827049821973
F000058,0.0223290993692601,0.7540201005025126,0.5833333333333334,0.2886751345948129,0.5,1.0,1.0,1.0,0.5,real,3,0.9587939698492463,0.7540201005025126,0.26030150753768844,0.13015075376884422,0.604184742809525,0.7806715739501529
F000059,0.0,0.3635678391959799,0.2361111111111111,0.2097176232019652,0.0,1.0,1.0,1.0,0.0,real,3,0.3701005025125628,0.3635678391959799,0.11708542713567839,0.058542713567839195,0.20671693896618776,0.36395027903335775
F000060,0.2224894150898172,0.8839195979899498,0.7916666666666667,0.7216878364870323,0.0,1.0,1.0,1.0,0.0,real,3,0.3701005025125628,0.8839195979899498,0.857286432160804,0.428643216080402,0.3436913209262392,0.6636745284209995
F000061,0.0,0.3635678391959799,0.1388888888888888,0.2545875386086578,0.0,1.0,1.0,1.0,0.0,real,3,0.3701005025125628,0.3635678391959799,0.1771356783919598,0.0885678391959799,0.21782925304916542,0.3641464230701245
F000062,0.0,0.3635678391959799,0.3055555555555556,0.6735753140545634,0.0,1.0,1.0,1.0,0.0,real,3,0.3701005025125628,0.3635678391959799,0.8160804020100503,0.40804020100502514,0.33606613469356833,0.36623342844877654
F000063,0.0,0.3635678391959799,0.2222222222222222,0.769800358919501,0.0,1.0,1.0,1.0,0.0,real,3,0.3701005025125628,0.3635678391959799,0.9007537688442211,0.45037688442211055,0.35173496250094693,0.3665099997474811
F000064,0.5949284529178934,0.9836683417085428,0.8611111111111112,0.2545875386086578,0.0,1.0,1.0,1.0,0.0,real,3,0.3701005025125628,0.9836683417085428,0.1771356783919598,0.0885678391959799,0.21782925304916542,0.9293259639908085
F000065,0.0,0.3635678391959799,0.3055555555555556,0.6735753140545634,0.25,1.0,1.0,1.0,0.25,real,3,0.8304020100502513,0.3635678391959799,0.8160804020100503,0.40804020100502514,0.7540384081210071,0.5540549481073711
F000066,0.4376389444889332,0.951005025125628,0.8055555555555556,0.3469443332443555,0.0,1.0,1.0,1.0,0.0,real,3,0.3701005025125628,0.951005025125628,0.37613065326633166,0.18806532663316583,0.25465332314840533,0.8417570263377187
F000067,0.3231250834000667,0.9236180904522612,0.7916666666666667,0.5204164998665333,0.0,1.0,1.0,1.0,0.0,real,3,0.3701005025125628,0.9236180904522612,0.6665829145728643,0.33329145728643217,0.3084015870811343,0.7391354069341682
F000068,0.0446581987385203,0.7701005025125628,0.6666666666666666,0.5773502691896258,0.0,1.0,1.0,1.0,0.0,real,3,0.3701005025125628,0.7701005025125628,0.7276381909547739,0.36381909547738694,0.3196998813161284,0.624572864321608
F000069,0.5949284529178934,0.9836683417085428,0.8611111111111112,0.2545875386086578,0.0,1.0,1.0,1.0,0.0,real,3,0.3701005025125628,0.9836683417085428,0.1771356783919598,0.0885678391959799,0.21782925304916542,0.9293259639908085
F000070,0.0,0.3635678391959799,0.4722222222222222,0.4194352464039305,0.0,1.0,1.0,1.0,0.0,real,3,0.3701005025125628,0.3635678391959799,0.5165829145728643,0.25829145728643216,0.2806440493926921,0.3652551703239817
F000071,0.0,0.3635678391959799,0.1944444444444444,0.3469443332443554,0.0,1.0,1.0,1.0,0.0,real,3,0.3701005025125628,0.3635678391959799,0.33341708542713566,0.16670854271356783,0.2467491666877099,0.3646568899775259
F000072,0.0,0.3635678391959799,0.4444444444444444,0.5357583756107198,0.0,1.0,1.0,1.0,0.0,real,3,0.3701005025125628,0.3635678391959799,0.6912060301507538,0.3456030150753769,0.3129581008055352,0.36582554733466327
F000073,0.0,0.3635678391959799,0.4166666666666667,0.7637626158259733,0.0,1.0,1.0,1.0,0.0,real,3,0.3701005025125628,0.3635678391959799,0.8902010050251257,0.44510050251256283,0.34978217090477515,0.3664755309209363
F000074,0.0,0.3635678391959799,0.1111111111111111,0.3849001794597505,0.25,1.0,1.0,1.0,0.25,real,3,0.8304020100502513,0.3635678391959799,0.4492462311557789,0.22462311557788944,0.601728491704755,0.468429585111487
F000075,0.3231250834000667,0.9236180904522612,0.7916666666666667,0.5204164998665333,0.0,1.0,1.0,1.0,0.0,real,3,0.3701005025125628,0.9236180904522612,0.6665829145728643,0.33329145728643217,0.3084015870811343,0.7391354069341682
F000076,0.0,0.3635678391959799,0.1944444444444444,0.3469443332443554,0.0,1.0,1.0,1.0,0.0,real,3,0.3701005025125628,0.3635678391959799,0.33341708542713566,0.16670854271356783,0.2467491666877099,0.3646568899775259
F000077,0.0,0.3635678391959799,0.5277777777777778,0.8221471437193746,0.0,1.0,1.0,1.0,0.0,real,3,0.3701005025125628,0.3635678391959799,0.9208542713567839,0.46042713567839194,0.35545456554127425,0.3665756546551855
F000078,0.0,0.3635678391959799,0.3333333333333333,0.2886751345948129,0.0,1.0,1.0,1.0,0.0,real,3,0.3701005025125628,0.3635678391959799,0.26030150753768844,0.13015075376884422,0.2332191106285195,0.36441807025075124
F000079,0.0,0.3635678391959799,0.25,0.5,0.0,1.0,1.0,1.0,0.0,real,3,0.3701005025125628,0.3635678391959799,0.5793969849246231,0.28969849246231155,0.29226780889371484,0.3654603419105578
F000080,0.6889957660359269,0.9899497487437184,0.9166666666666669,0.2886751345948128,0.0,1.0,1.0,1.0,0.0,real,3,0.3701005025125628,0.9899497487437184,0.228391959798995,0.1141959798994975,0.22731424080199994,0.9191654566803867
F000081,0.1898569058357866,0.864321608040201,0.7222222222222222,0.5091750772173156,0.5,1.0,1.0,1.0,0.5,real,3,0.9587939698492463,0.864321608040201,0.6321608040201006,0.3160804020100503,0.7824529683593849,0.8941824701396428
F000082,0.1732257047434905,0.8477386934673367,0.6805555555555556,0.3757708127352411,0.0,1.0,1.0,1.0,0.0,real,3,0.3701005025125628,0.8477386934673367,0.3969849246231156,0.1984924623115578,0.2585124113027449,0.7529311128506855
F000083,0.1898569058357866,0.864321608040201,0.7222222222222222,0.5091750772173156,0.0,1.0,1.0,1.0,0.0,real,3,0.3701005025125628,0.864321608040201,0.6321608040201006,0.3160804020100503,0.3020317668745739,0.7081080023231736
F000084,0.1504840084734488,0.8346733668341708,0.6388888888888888,0.2545875386086578,0.0,1.0,1.0,1.0,0.0,real,3,0.3701005025125628,0.8346733668341708,0.1771356783919598,0.0885678391959799,0.21782925304916542,0.7935271520921189
F000085,0.3009680169468978,0.9133165829145728,0.7777777777777778,0.5091750772173156,0.0,1.0,1.0,1.0,0.0,real,3,0.3701005025125628,0.9133165829145728,0.6321608040201006,0.3160804020100503,0.3020317668745739,0.7416166258427818
F000086,0.1898569058357866,0.864321608040201,0.7222222222222222,0.5091750772173156,0.0,1.0,1.0,1.0,0.0,real,3,0.3701005025125628,0.864321608040201,0.6321608040201006,0.3160804020100503,0.3020317668745739,0.7081080023231736
F000087,0.0,0.3635678391959799,0.3333333333333333,0.2886751345948129,0.0,1.0,1.0,1.0,0.0,real,3,0.3701005025125628,0.3635678391959799,0.26030150753768844,0.13015075376884422,0.2332191106285195,0.36441807025075124
F000088,0.0,0.3635678391959799,0.5416666666666666,0.3818813079129866,0.25,1.0,1.0,1.0,0.25,real,3,0.8304020100502513,0.3635678391959799,0.4236180904522613,0.21180904522613064,0.5910876619277291,0.46244753920355547
F000089,0.4376389444889332,0.951005025125628,0.8055555555555556,0.3469443332443555,0.0,1.0,1.0,1.0,0.0,real,3,0.3701005025125628,0.951005025125628,0.37613065326633166,0.18806532663316583,0.25465332314840533,0.8417570263377187
F000090,0.0,0.3635678391959799,0.5277777777777778,0.4194352464039305,0.0,1.0,1.0,1.0,0.0,real,3,0.3701005025125628,0.3635678391959799,0.5165829145728643,0.25829145728643216,0.2806440493926921,0.3652551703239817
F000091,0.0,0.3635678391959799,0.6111111111111112,0.693888666488711,0.0,1.0,1.0,1.0,0.0,real,3,0.3701005025125628,0.3635678391959799,0.8351758793969849,0.41758793969849245,0.33959975758187927,0.3662958006110957
F000092,0.0,0.3635678391959799,0.5833333333333334,0.7637626158259733,0.0,1.0,1.0,1.0,0.0,real,3,0.3701005025125628,0.3635678391959799,0.8902010050251257,0.44510050251256283,0.34978217090477515,0.3664755309209363
F000093,0.0,0.3635678391959799,0.1388888888888888,0.2545875386086578,0.0,1.0,1.0,1.0,0.0,real,3,0.3701005025125628,0.3635678391959799,0.1771356783919598,0.0885678391959799,0.21782925304916542,0.3641464230701245
F000094,0.6889957660359269,0.9899497487437184,0.9166666666666669,0.2886751345948128,0.0,1.0,1.0,1.0,0.0,real,3,0.3701005025125628,0.9899497487437184,0.228391959798995,0.1141959798994975,0.22731424080199994,0.9191654566803867
F000095,0.2224894150898172,0.8839195979899498,0.7916666666666667,0.7216878364870323,0.0,1.0,1.0,1.0,0.0,real,3,0.3701005025125628,0.8839195979899498,0.857286432160804,0.428643216080402,0.3436913209262392,0.6636745284209995
F000096,0.0521012318616071,0.7947236180904522,0.6944444444444444,0.6735753140545634,0.0,1.0,1.0,1.0,0.0,real,3,0.3701005025125628,0.7947236180904522,0.8160804020100503,0.40804020100502514,0.33606613469356833,0.6214603166586702
F000097,0.0,0.3635678391959799,0.1944444444444444,0.3469443332443554,0.0,1.0,1.0,1.0,0.0,real,3,0.3701005025125628,0.3635678391959799,0.33341708542713566,0.16670854271356783,0.2467491666877099,0.3646568899775259
F000098,0.0,0.3635678391959799,0.1666666666666666,0.5773502691896258,0.25,1.0,1.0,1.0,0.25,real,3,0.8304020100502513,0.3635678391959799,0.7276381909547739,0.36381909547738694,0.7173171132042121,0.5334110249741169
F000099,0.0,0.3635678391959799,0.3472222222222222,0.5672382737961704,0.0,1.0,1.0,1.0,0.0,real,3,0.3701005025125628,0.3635678391959799,0.7017587939698492,0.3508793969849246,0.31491089240170705,0.365860016161208
F000100,0.25,0.8977386934673367,0.75,0.5,0.0,1.0,1.0,1.0,0.0,real,3,0.3701005025125628,0.8977386934673367,0.5793969849246231,0.28969849246231155,0.29226780889371484,0.7448827049821973
F000101,0.6889957660359269,0.9899497487437184,0.9166666666666669,0.2886751345948128,0.0,1.0,1.0,1.0,0.0,real,3,0.3701005025125628,0.9899497487437184,0.228391959798995,0.1141959798994975,0.22731424080199994,0.9191654566803867
F000102,0.0,0.3635678391959799,0.5833333333333334,0.7637626158259733,0.0,1.0,1.0,1.0,0.0,real,3,0.3701005025125628,0.3635678391959799,0.8902010050251257,0.44510050251256283,0.34978217090477515,0.3664755309209363
F000103,0.0,0.3635678391959799,0.2916666666666666,0.3818813079129867,0.0,1.0,1.0,1.0,0.0,real,3,0.3701005025125628,0.3635678391959799,0.4402010050251256,0.2201005025125628,0.2665095578394485,0.36500568167470515
F000104,0.0,0.3635678391959799,0.4444444444444444,0.1924500897298753,0.0,1.0,1.0,1.0,0.0,real,3,0.3701005025125628,0.3635678391959799,0.1077889447236181,0.05389447236180905,0.20499662256003634,0.3639199136385445
F000105,0.3009680169468978,0.9133165829145728,0.7777777777777778,0.5091750772173156,0.0,1.0,1.0,1.0,0.0,real,3,0.3701005025125628,0.9133165829145728,0.6321608040201006,0.3160804020100503,0.3020317668745739,0.7416166258427818
F000106,0.0,0.3635678391959799,0.2916666666666666,0.3818813079129867,0.5,1.0,1.0,1.0,0.5,real,3,0.9587939698492463,0.3635678391959799,0.4402010050251256,0.2201005025125628,0.6904280194944573,0.49457740966137215
F000107,0.0,0.3635678391959799,0.2222222222222222,0.5091750772173156,0.25,1.0,1.0,1.0,0.25,real,3,0.8304020100502513,0.3635678391959799,0.6321608040201006,0.3160804020100503,0.6776748061917629,0.5111249715916265
F000108,0.0,0.3635678391959799,0.1944444444444444,0.3469443332443554,0.0,1.0,1.0,1.0,0.0,real,3,0.3701005025125628,0.3635678391959799,0.33341708542713566,0.16670854271356783,0.2467491666877099,0.3646568899775259
F000109,0.0,0.3635678391959799,0.1666666666666666,0.5773502691896258,0.25,1.0,1.0,1.0,0.25,real,3,0.8304020100502513,0.3635678391959799,0.7276381909547739,0.36381909547738694,0.7173171132042121,0.5334110249741169
F000110,0.3963319220119756,0.9414572864321608,0.7222222222222222,0.0962250448649376,0.0,1.0,1.0,1.0,0.0,real,3,0.3701005025125628,0.9414572864321608,0.021105527638190954,0.010552763819095477,0.18895583444862502,0.9354278932350193
F000111,0.0,0.3635678391959799,0.3055555555555556,0.7876359377087682,0.25,1.0,1.0,1.0,0.25,real,3,0.8304020100502513,0.3635678391959799,0.9082914572864321,0.45414572864321606,0.7923245309461882,0.5755785838741446
F000112,0.1898569058357866,0.864321608040201,0.7222222222222222,0.5091750772173156,0.0,1.0,1.0,1.0,0.0,real,3,0.3701005025125628,0.864321608040201,0.6321608040201006,0.3160804020100503,0.3020317668745739,0.7081080023231736
F000113,0.2974642264589466,0.9080402010050252,0.6805555555555556,0.1272937693043289,0.0,1.0,1.0,1.0,0.0,real,3,0.3701005025125628,0.9080402010050252,0.03869346733668342,0.01934673366834171,0.1922104871089114,0.8976328249286636
F000114,0.0,0.3635678391959799,0.5,0.0,0.0,1.0,1.0,1.0,0.0,real,3,0.3701005025125628,0.3635678391959799,0.005527638190954774,0.002763819095477387,0.1860731420923714,0.36358589429559857
F000115,0.0,0.3635678391959799,0.5555555555555556,0.5357583756107197,0.0,1.0,1.0,1.0,0.0,real,3,0.3701005025125628,0.3635678391959799,0.6798994974874372,0.3399497487437186,0.31086582409535113,0.36578861644907956
F000116,0.0,0.3635678391959799,0.3194444444444444,0.3757708127352411,0.0,1.0,1.0,1.0,0.0,real,3,0.3701005025125628,0.3635678391959799,0.3969849246231156,0.1984924623115578,0.2585124113027449,0.3648645236231408
F000117,0.0,0.3635678391959799,0.3333333333333333,0.2886751345948129,0.5,1.0,1.0,1.0,0.5,real,3,0.9587939698492463,0.3635678391959799,0.26030150753768844,0.13015075376884422,0.604184742809525,0.441036968763415
F000118,0.0,0.3635678391959799,0.2361111111111111,0.4110735718596873,0.0,1.0,1.0,1.0,0.0,real,3,0.3701005025125628,0.3635678391959799,0.507035175879397,0.2535175879396985,0.27887723794853664,0.36522398424282215
F000119,0.0,0.3635678391959799,0.5833333333333334,0.7637626158259733,0.0,1.0,1.0,1.0,0.0,real,3,0.3701005025125628,0.3635678391959799,0.8902010050251257,0.44510050251256283,0.34978217090477515,0.3664755309209363
F000120,0.0,0.3635678391959799,0.5416666666666666,0.3818813079129866,0.0,1.0,1.0,1.0,0.0,real,3,0.3701005025125628,0.3635678391959799,0.4236180904522613,0.21180904522613064,0.2634408853311785,0.3649515163758491
F000121,0.7926638440239513,0.9952261306532664,0.9444444444444444,0.1924500897298752,0.0,1.0,1.0,1.0,0.0,real,3,0.3701005025125628,0.9952261306532664,0.1,0.05,0.20355527638190957,0.9639698492462312
F000122,0.1898569058357866,0.864321608040201,0.7222222222222222,0.5091750772173156,0.0,1.0,1.0,1.0,0.0,real,3,0.3701005025125628,0.864321608040201,0.6321608040201006,0.3160804020100503,0.3020317668745739,0.7081080023231736
F000123,0.0,0.3635678391959799,0.5833333333333334,0.7637626158259733,0.0,1.0,1.0,1.0,0.0,real,3,0.3701005025125628,0.3635678391959799,0.8902010050251257,0.44510050251256283,0.34978217090477515,0.3664755309209363
F000124,0.1898569058357866,0.864321608040201,0.7222222222222222,0.5091750772173156,0.0,1.0,1.0,1.0,0.0,real,3,0.3701005025125628,0.864321608040201,0.6321608040201006,0.3160804020100503,0.3020317668745739,0.7081080023231736
F000125,0.0,0.3635678391959799,0.5972222222222222,0.8832285053102581,0.0,1.0,1.0,1.0,0.0,real,3,0.3701005025125628,0.3635678391959799,0.9422110552763819,0.47110552763819097,0.35940664377162196,0.36664541299462133
F000126,0.0,0.3635678391959799,0.1527777777777777,0.3367876570272816,0.0,1.0,1.0,1.0,0.0,real,3,0.3701005025125628,0.3635678391959799,0.2947236180904523,0.14736180904522614,0.23958893083507993,0.36453050428019496
F000127,0.0,0.3635678391959799,0.2638888888888888,0.4110735718596873,0.0,1.0,1.0,1.0,0.0,real,3,0.3701005025125628,0.3635678391959799,0.507035175879397,0.2535175879396985,0.27887723794853664,0.36522398424282215
F000128,0.0,0.3635678391959799,0.25,0.5,0.0,1.0,1.0,1.0,0.0,real,3,0.3701005025125628,0.3635678391959799,0.5793969849246231,0.28969849246231155,0.29226780889371484,0.3654603419105578
F000129,0.0,0.3635678391959799,0.1388888888888888,0.2545875386086578,0.25,1.0,1.0,1.0,0.25,real,3,0.8304020100502513,0.3635678391959799,0.1771356783919598,0.0885678391959799,0.48874791671927476,0.4049143329713896
F000130,0.0,0.3635678391959799,0.2777777777777778,0.5091750772173156,0.0,1.0,1.0,1.0,0.0,real,3,0.3701005025125628,0.3635678391959799,0.6321608040201006,0.3160804020100503,0.3020317668745739,0.36563268604328175
F000131,0.0,0.3635678391959799,0.1666666666666666,0.5773502691896258,0.25,1.0,1.0,1.0,0.25,real,3,0.8304020100502513,0.3635678391959799,0.7276381909547739,0.36381909547738694,0.7173171132042121,0.5334110249741169
F000132,0.7926638440239513,0.9952261306532664,0.9444444444444444,0.1924500897298752,0.0,1.0,1.0,1.0,0.0,real,3,0.3701005025125628,0.9952261306532664,0.1,0.05,0.20355527638190957,0.9639698492462312
F000133,0.6889957660359269,0.9899497487437184,0.9166666666666669,0.2886751345948128,0.0,1.0,1.0,1.0,0.0,real,3,0.3701005025125628,0.9899497487437184,0.228391959798995,0.1141959798994975,0.22731424080199994,0.9191654566803867
F000134,0.061411169010459,0.8010050251256281,0.6527777777777778,0.488288773090193,0.0,1.0,1.0,1.0,0.0,real,3,0.3701005025125628,0.8010050251256281,0.5447236180904522,0.2723618090452261,0.2858514936491503,0.683643089820964
F000135,0.1898569058357866,0.864321608040201,0.7222222222222222,0.5091750772173156,0.25,1.0,1.0,1.0,0.25,real,3,0.8304020100502513,0.864321608040201,0.6321608040201006,0.3160804020100503,0.6776748061917629,0.8536002878715183
F000136,0.0,0.3635678391959799,0.3194444444444444,0.1272937693043289,0.25,1.0,1.0,1.0,0.25,real,3,0.8304020100502513,0.3635678391959799,0.03869346733668342,0.01934673366834171,0.4312665715512235,0.3725995555667786
F000137,0.0446581987385203,0.7701005025125628,0.6666666666666666,0.5773502691896258,0.0,1.0,1.0,1.0,0.0,real,3,0.3701005025125628,0.7701005025125628,0.7276381909547739,0.36381909547738694,0.3196998813161284,0.624572864321608
F000138,0.0,0.3635678391959799,0.3472222222222222,0.5672382737961704,0.25,1.0,1.0,1.0,0.25,real,3,0.8304020100502513,0.3635678391959799,0.7017587939698492,0.3508793969849246,0.7065719615666272,0.5273703315572839
F000139,0.0,0.3635678391959799,0.0833333333333333,0.2886751345948128,0.0,1.0,1.0,1.0,0.0,real,3,0.3701005025125628,0.3635678391959799,0.228391959798995,0.1141959798994975,0.22731424080199994,0.36431384308477055
F000140,0.1898569058357866,0.864321608040201,0.7222222222222222,0.5091750772173156,0.25,1.0,1.0,1.0,0.25,real,3,0.8304020100502513,0.864321608040201,0.6321608040201006,0.3160804020100503,0.6776748061917629,0.8536002878715183
F000141,0.3779915320718537,0.9329145728643216,0.8333333333333333,0.5773502691896258,0.0,1.0,1.0,1.0,0.0,real,3,0.3701005025125628,0.9329145728643216,0.7276381909547739,0.36381909547738694,0.3196998813161284,0.7281520668669982
F000142,0.0,0.3635678391959799,0.375,0.6614378277661477,0.25,1.0,1.0,1.0,0.25,real,3,0.8304020100502513,0.3635678391959799,0.8,0.4,0.7473618090452262,0.5503015075376885
F000143,0.1889957660359268,0.8522613065326633,0.6666666666666666,0.2886751345948129,0.0,1.0,1.0,1.0,0.0,real,3,0.3701005025125628,0.8522613065326633,0.26030150753768844,0.13015075376884422,0.2332191106285195,0.7895077144516552
F000144,0.4376389444889332,0.951005025125628,0.8055555555555556,0.3469443332443555,0.0,1.0,1.0,1.0,0.0,real,3,0.3701005025125628,0.951005025125628,0.37613065326633166,0.18806532663316583,0.25465332314840533,0.8417570263377187
F000145,0.5853276880479024,0.9761306532663316,0.8888888888888888,0.3849001794597506,0.0,1.0,1.0,1.0,0.0,real,3,0.3701005025125628,0.9761306532663316,0.45879396984924625,0.22939698492462313,0.26995019065175124,0.8371091639100022
F000146,0.0,0.3635678391959799,0.4444444444444444,0.1924500897298753,0.0,1.0,1.0,1.0,0.0,real,3,0.3701005025125628,0.3635678391959799,0.1077889447236181,0.05389447236180905,0.20499662256003634,0.3639199136385445
F000147,0.3009680169468978,0.9133165829145728,0.7777777777777778,0.5091750772173156,0.0,1.0,1.0,1.0,0.0,real,3,0.3701005025125628,0.9133165829145728,0.6321608040201006,0.3160804020100503,0.3020317668745739,0.7416166258427818
F000148,0.0,0.3635678391959799,0.3055555555555556,0.6735753140545634,0.25,1.0,1.0,1.0,0.25,real,3,0.8304020100502513,0.3635678391959799,0.8160804020100503,0.40804020100502514,0.7540384081210071,0.5540549481073711
F000149,0.0,0.3635678391959799,0.3333333333333333,0.7637626158259733,0.0,1.0,1.0,1.0,0.0,real,3,0.3701005025125628,0.3635678391959799,0.8902010050251257,0.44510050251256283,0.34978217090477515,0.3664755309209363
F000150,0.3222409918479341,0.9193467336683416,0.7638888888888888,0.4110735718596873,0.25,1.0,1.0,1.0,0.25,real,3,0.8304020100502513,0.9193467336683416,0.507035175879397,0.2535175879396985,0.6257225196333426,0.8967976818767203
F000151,0.0,0.3635678391959799,0.0416666666666666,0.1443375672974064,0.0,1.0,1.0,1.0,0.0,real,3,0.3701005025125628,0.3635678391959799,0.06030150753768844,0.03015075376884422,0.1962090603772632,0.36376480391909294
F000152,0.0,0.3635678391959799,0.3611111111111111,0.2545875386086578,0.0,1.0,1.0,1.0,0.0,real,3,0.3701005025125628,0.3635678391959799,0.1771356783919598,0.0885678391959799,0.21782925304916542,0.3641464230701245
F000153,0.0,0.3635678391959799,0.1944444444444444,0.3469443332443554,0.0,1.0,1.0,1.0,0.0,real,3,0.3701005025125628,0.3635678391959799,0.33341708542713566,0.16670854271356783,0.2467491666877099,0.3646568899775259
F000154,0.0,0.3635678391959799,0.1666666666666666,0.2886751345948128,0.0,1.0,1.0,1.0,0.0,real,3,0.3701005025125628,0.3635678391959799,0.228391959798995,0.1141959798994975,0.22731424080199994,0.36431384308477055
F000155,0.1564584167334001,0.842211055276382,0.7083333333333334,0.5204164998665332,0.0,1.0,1.0,1.0,0.0,real,3,0.3701005025125628,0.842211055276382,0.657035175879397,0.3285175879396985,0.30663477563697883,0.6871144352415344
F000156,0.0,0.3635678391959799,0.4583333333333333,0.1443375672974064,0.0,1.0,1.0,1.0,0.0,real,3,0.3701005025125628,0.3635678391959799,0.06030150753768844,0.03015075376884422,0.1962090603772632,0.36376480391909294
F000157,0.0446581987385203,0.7701005025125628,0.6666666666666666,0.5773502691896258,0.0,1.0,1.0,1.0,0.0,real,3,0.3701005025125628,0.7701005025125628,0.7276381909547739,0.36381909547738694,0.3196998813161284,0.624572864321608
F000158,0.25,0.8977386934673367,0.75,0.5,0.5,1.0,1.0,1.0,0.5,real,3,0.9587939698492463,0.8977386934673367,0.5793969849246231,0.28969849246231155,0.7571581525719048,0.9154263149920456
F000159,0.0,0.3635678391959799,0.0833333333333333,0.2886751345948128,0.25,1.0,1.0,1.0,0.25,real,3,0.8304020100502513,0.3635678391959799,0.228391959798995,0.1141959798994975,0.5100295762733265,0.41687842478725284
F000160,0.0,0.3635678391959799,0.6111111111111112,0.6309898162000305,0.0,1.0,1.0,1.0,0.0,real,3,0.3701005025125628,0.3635678391959799,0.7751256281407035,0.38756281407035176,0.3284874434989016,0.36609965657432897
F000161,0.0,0.3635678391959799,0.3055555555555556,0.3469443332443555,0.0,1.0,1.0,1.0,0.0,real,3,0.3701005025125628,0.3635678391959799,0.37613065326633166,0.18806532663316583,0.25465332314840533,0.3647964066563976
F000162,0.0,0.3635678391959799,0.1111111111111111,0.3849001794597505,0.0,1.0,1.0,1.0,0.0,real,3,0.3701005025125628,0.3635678391959799,0.4492462311557789,0.22462311557788944,0.2681833792075958,0.3650352263831721
F000163,0.0,0.3635678391959799,0.6388888888888888,0.7515416254704823,0.0,1.0,1.0,1.0,0.0,real,3,0.3701005025125628,0.3635678391959799,0.8728643216080402,0.4364321608040201,0.3465740132824929,0.3664189035630414
F000164,0.0,0.3635678391959799,0.6111111111111112,0.693888666488711,0.25,1.0,1.0,1.0,0.25,real,3,0.8304020100502513,0.3635678391959799,0.8351758793969849,0.41758793969849245,0.7619668695234969,0.5585121587838691
F000165,0.0,0.3635678391959799,0.1944444444444444,0.3469443332443554,0.0,1.0,1.0,1.0,0.0,real,3,0.3701005025125628,0.3635678391959799,0.33341708542713566,0.16670854271356783,0.2467491666877099,0.3646568899775259
F000166,0.0,0.3635678391959799,0.2777777777777778,0.0962250448649376,0.25,1.0,1.0,1.0,0.25,real,3,0.8304020100502513,0.3635678391959799,0.021105527638190954,0.010552763819095477,0.42396404131208804,0.3684942299436883
F000167,0.0,0.3635678391959799,0.1388888888888888,0.2545875386086578,0.0,1.0,1.0,1.0,0.0,real,3,0.3701005025125628,0.3635678391959799,0.1771356783919598,0.0885678391959799,0.21782925304916542,0.3641464230701245
F000168,0.0,0.3635678391959799,0.4027777777777778,0.6364688465216445,0.0,1.0,1.0,1.0,0.0,real,3,0.3701005025125628,0.3635678391959799,0.7829145728643216,0.3914572864321608,0.3299287896770284,0.3661250978510644
F000169,0.4510034825212683,0.9595477386934672,0.8194444444444444,0.3757708127352412,0.0,1.0,1.0,1.0,0.0,real,3,0.3701005025125628,0.9595477386934672,0.40804020100502514,0.20402010050251257,0.2605581929749249,0.8392886543269108
F000170,0.0223290993692601,0.7540201005025126,0.5833333333333334,0.2886751345948129,0.0,1.0,1.0,1.0,0.0,real,3,0.3701005025125628,0.7540201005025126,0.26030150753768844,0.13015075376884422,0.2332191106285195,0.704052675437489
F000171,0.0,0.3635678391959799,0.3888888888888889,0.693888666488711,0.0,1.0,1.0,1.0,0.0,real,3,0.3701005025125628,0.3635678391959799,0.8351758793969849,0.41758793969849245,0.33959975758187927,0.3662958006110957
F000172,0.0,0.3635678391959799,0.5416666666666666,0.3818813079129866,0.0,1.0,1.0,1.0,0.0,real,3,0.3701005025125628,0.3635678391959799,0.4236180904522613,0.21180904522613064,0.2634408853311785,0.3649515163758491
F000173,0.0,0.3635678391959799,0.5833333333333334,0.7637626158259733,0.0,1.0,1.0,1.0,0.0,real,3,0.3701005025125628,0.3635678391959799,0.8902010050251257,0.44510050251256283,0.34978217090477515,0.3664755309209363
F000174,0.0,0.3635678391959799,0.3055555555555556,0.7876359377087682,0.0,1.0,1.0,1.0,0.0,real,3,0.3701005025125628,0.3635678391959799,0.9082914572864321,0.45414572864321606,0.35312981364106966,0.3665346203378703
F000175,0.1485783278408043,0.8238693467336683,0.7361111111111112,0.6472877887628358,0.25,1.0,1.0,1.0,0.25,real,3,0.8304020100502513,0.8238693467336683,0.7924623115577889,0.39623115577889445,0.7442321532284538,0.8264577914699123
F000176,0.01116454968463,0.7346733668341708,0.5416666666666666,0.1443375672974064,0.0,1.0,1.0,1.0,0.0,real,3,0.3701005025125628,0.7346733668341708,0.06030150753768844,0.03015075376884422,0.1962090603772632,0.7236812201712077
F000177,0.0,0.3635678391959799,0.1666666666666666,0.2886751345948128,0.0,1.0,1.0,1.0,0.0,real,3,0.3701005025125628,0.3635678391959799,0.228391959798995,0.1141959798994975,0.22731424080199994,0.36431384308477055
F000178,0.0,0.3635678391959799,0.4166666666666667,0.2886751345948129,0.25,1.0,1.0,1.0,0.25,real,3,0.8304020100502513,0.3635678391959799,0.26030150753768844,0.13015075376884422,0.5232784525643291,0.4243266584177167
F000179,0.1898569058357866,0.864321608040201,0.7222222222222222,0.5091750772173156,0.0,1.0,1.0,1.0,0.0,real,3,0.3701005025125628,0.864321608040201,0.6321608040201006,0.3160804020100503,0.3020317668745739,0.7081080023231736
F000180,0.0,0.3635678391959799,0.2916666666666666,0.8036375634160796,0.25,1.0,1.0,1.0,0.25,real,3,0.8304020100502513,0.3635678391959799,0.914321608040201,0.4571608040201005,0.7948282555996061,0.5769861240877756
F000181,0.5949284529178934,0.9836683417085428,0.8611111111111112,0.2545875386086578,0.0,1.0,1.0,1.0,0.0,real,3,0.3701005025125628,0.9836683417085428,0.1771356783919598,0.0885678391959799,0.21782925304916542,0.9293259639908085
F000182,0.0,0.3635678391959799,0.4305555555555555,0.4738533919231106,0.0,1.0,1.0,1.0,0.0,real,3,0.3701005025125628,0.3635678391959799,0.535427135678392,0.267713567839196,0.2841311772429989,0.36531672179995456
F000183,0.0,0.3635678391959799,0.1388888888888888,0.2545875386086578,0.0,1.0,1.0,1.0,0.0,real,3,0.3701005025125628,0.3635678391959799,0.1771356783919598,0.0885678391959799,0.21782925304916542,0.3641464230701245
F000184,0.0,0.3635678391959799,0.3055555555555556,0.6735753140545634,0.25,1.0,1.0,1.0,0.25,real,3,0.8304020100502513,0.3635678391959799,0.8160804020100503,0.40804020100502514,0.7540384081210071,0.5540549481073711
F000185,0.0,0.3635678391959799,0.2361111111111111,0.4110735718596873,0.0,1.0,1.0,1.0,0.0,real,3,0.3701005025125628,0.3635678391959799,0.507035175879397,0.2535175879396985,0.27887723794853664,0.36522398424282215
F000186,0.0,0.3635678391959799,0.2083333333333333,0.5204164998665333,0.25,1.0,1.0,1.0,0.25,real,3,0.8304020100502513,0.3635678391959799,0.6665829145728643,0.33329145728643217,0.6919669010883563,0.5191596803111033
F000187,0.0,0.3635678391959799,0.25,0.5,0.0,1.0,1.0,1.0,0.0,real,3,0.3701005025125628,0.3635678391959799,0.5793969849246231,0.28969849246231155,0.29226780889371484,0.3654603419105578
F000188,0.0,0.3635678391959799,0.25,0.5,0.0,1.0,1.0,1.0,0.0,real,3,0.3701005025125628,0.3635678391959799,0.5793969849246231,0.28969849246231155,0.29226780889371484,0.3654603419105578
F000189,0.0,0.3635678391959799,0.1944444444444444,0.3469443332443554,0.0,1.0,1.0,1.0,0.0,real,3,0.3701005025125628,0.3635678391959799,0.33341708542713566,0.16670854271356783,0.2467491666877099,0.3646568899775259
F000190,0.0,0.3635678391959799,0.5277777777777778,0.5853140973807078,0.0,1.0,1.0,1.0,0.0,real,3,0.3701005025125628,0.3635678391959799,0.750251256281407,0.3751256281407035,0.32388443473649653,0.36601840862604484
F000191,0.0,0.3635678391959799,0.5,0.0,0.25,1.0,1.0,1.0,0.25,real,3,0.8304020100502513,0.3635678391959799,0.005527638190954774,0.002763819095477387,0.4174960859574253,0.3648580843918083
F000192,0.3963319220119756,0.9414572864321608,0.7222222222222222,0.0962250448649376,0.0,1.0,1.0,1.0,0.0,real,3,0.3701005025125628,0.9414572864321608,0.021105527638190954,0.010552763819095477,0.18895583444862502,0.9354278932350193
F000193,0.0,0.3635678391959799,0.1944444444444444,0.3469443332443554,0.0,1.0,1.0,1.0,0.0,real,3,0.3701005025125628,0.3635678391959799,0.33341708542713566,0.16670854271356783,0.2467491666877099,0.3646568899775259
F000194,0.1898569058357866,0.864321608040201,0.7222222222222222,0.5091750772173156,0.0,1.0,1.0,1.0,0.0,real,3,0.3701005025125628,0.864321608040201,0.6321608040201006,0.3160804020100503,0.3020317668745739,0.7081080023231736
F000195,0.3779915320718537,0.9329145728643216,0.8333333333333333,0.5773502691896258,0.0,1.0,1.0,1.0,0.0,real,3,0.3701005025125628,0.9329145728643216,0.7276381909547739,0.36381909547738694,0.3196998813161284,0.7281520668669982
F000196,0.0,0.3635678391959799,0.375,1.0897247358851685,0.0,1.0,1.0,1.0,0.0,real,3,0.3701005025125628,0.3635678391959799,0.9899497487437185,0.4949748743718593,0.3682407009923992,0.3668013434004192
F000197,0.0,0.3635678391959799,0.1388888888888888,0.2545875386086578,0.25,1.0,1.0,1.0,0.25,real,3,0.8304020100502513,0.3635678391959799,0.1771356783919598,0.0885678391959799,0.48874791671927476,0.4049143329713896
F000198,0.0,0.3635678391959799,0.375,0.6614378277661477,0.0,1.0,1.0,1.0,0.0,real,3,0.3701005025125628,0.3635678391959799,0.8,0.4,0.33309045226130657,0.3661809045226131
F000199,0.0,0.3635678391959799,0.0833333333333333,0.2886751345948128,0.0,1.0,1.0,1.0,0.0,real,3,0.3701005025125628,0.3635678391959799,0.228391959798995,0.1141959798994975,0.22731424080199994,0.36431384308477055
F000200,0.3222409918479341,0.9193467336683416,0.7638888888888888,0.4110735718596873,0.5,1.0,1.0,1.0,0.5,real,3,0.9587939698492463,0.9193467336683416,0.507035175879397,0.2535175879396985,0.722468119491932,0.9293473018358122
F000201,0.0,0.3635678391959799,0.3055555555555556,0.6735753140545634,0.0,1.0,1.0,1.0,0.0,real,3,0.3701005025125628,0.3635678391959799,0.8160804020100503,0.40804020100502514,0.33606613469356833,0.36623342844877654
F000202,0.0,0.3635678391959799,0.125,0.25,0.25,1.0,1.0,1.0,0.25,real,3,0.8304020100502513,0.3635678391959799,0.1349246231155779,0.06746231155778895,0.47122184414534984,0.3950615514759729
F000203,0.0,0.3635678391959799,0.1944444444444444,0.3469443332443554,0.0,1.0,1.0,1.0,0.0,real,3,0.3701005025125628,0.3635678391959799,0.33341708542713566,0.16670854271356783,0.2467491666877099,0.3646568899775259
F000204,0.0,0.3635678391959799,0.4861111111111111,0.9141379262169074,0.0,1.0,1.0,1.0,0.0,real,3,0.3701005025125628,0.3635678391959799,0.9492462311557789,0.47462311557788944,0.3607085048357365,0.36666839221231784
F000205,0.0,0.3635678391959799,0.2361111111111111,0.2097176232019652,0.0,1.0,1.0,1.0,0.0,real,3,0.3701005025125628,0.3635678391959799,0.11708542713567839,0.058542713567839195,0.20671693896618776,0.36395027903335775
F000206,0.0,0.3635678391959799,0.4861111111111111,0.6142595663193329,0.0,1.0,1.0,1.0,0.0,real,3,0.3701005025125628,0.3635678391959799,0.7525125628140703,0.37625628140703515,0.32430289007853336,0.36602579480316155
F000207,0.0,0.3635678391959799,0.1944444444444444,0.3469443332443554,0.0,1.0,1.0,1.0,0.0,real,3,0.3701005025125628,0.3635678391959799,0.33341708542713566,0.16670854271356783,0.2467491666877099,0.3646568899775259
F000208,0.0483797153000638,0.7836683417085427,0.6805555555555556,0.6254627916220946,0.5,1.0,0.5,0.5,0.5,real,3,0.9587939698492463,0.7836683417085427,0.7610552763819095,0.19026381909547738,0.4221222948915432,0.8169884125400874
F000209,0.0334936490538903,0.7618090452261307,0.625,0.4330127018922193,0.0,1.0,1.0,1.0,0.0,real,3,0.3701005025125628,0.7618090452261307,0.5271356783919598,0.2635678391959799,0.28259684098886395,0.6585672710285094
F000210,0.0,0.3635678391959799,0.25,0.5,0.0,1.0,1.0,1.0,0.0,real,3,0.3701005025125628,0.3635678391959799,0.5793969849246231,0.28969849246231155,0.29226780889371484,0.3654603419105578
F000211,0.0,0.3635678391959799,0.1944444444444444,0.3469443332443554,0.0,1.0,1.0,1.0,0.0,real,3,0.3701005025125628,0.3635678391959799,0.33341708542713566,0.16670854271356783,0.2467491666877099,0.3646568899775259
F000212,0.25,0.8977386934673367,0.75,0.5,0.0,1.0,1.0,1.0,0.0,real,3,0.3701005025125628,0.8977386934673367,0.5793969849246231,0.28969849246231155,0.29226780889371484,0.7448827049821973
F000213,0.0,0.3635678391959799,0.4166666666666667,0.2886751345948129,0.25,1.0,1.0,1.0,0.25,real,3,0.8304020100502513,0.3635678391959799,0.26030150753768844,0.13015075376884422,0.5232784525643291,0.4243266584177167
F000214,0.0,0.3635678391959799,0.1944444444444444,0.3469443332443554,0.5,1.0,1.0,1.0,0.5,real,3,0.9587939698492463,0.3635678391959799,0.33341708542713566,0.16670854271356783,0.6392361304007474,0.4627971200222217
F000215,0.0,0.3635678391959799,0.3055555555555556,0.6735753140545634,0.0,1.0,1.0,1.0,0.0,real,3,0.3701005025125628,0.3635678391959799,0.8160804020100503,0.40804020100502514,0.33606613469356833,0.36623342844877654
F000216,0.0,0.3635678391959799,0.3888888888888889,0.6309898162000305,0.25,1.0,1.0,1.0,0.25,real,3,0.8304020100502513,0.3635678391959799,0.7751256281407035,0.38756281407035176,0.7370339448498775,0.5444954041564607
F000217,0.0,0.3635678391959799,0.3611111111111111,0.7515416254704823,0.0,1.0,1.0,1.0,0.0,real,3,0.3701005025125628,0.3635678391959799,0.8728643216080402,0.4364321608040201,0.3465740132824929,0.3664189035630414
F000218,0.0,0.3635678391959799,0.6388888888888888,0.7515416254704823,0.0,1.0,1.0,1.0,0.0,real,3,0.3701005025125628,0.3635678391959799,0.8728643216080402,0.4364321608040201,0.3465740132824929,0.3664189035630414
F000219,0.0,0.3635678391959799,0.1388888888888888,0.2545875386086578,0.0,1.0,1.0,1.0,0.0,real,3,0.3701005025125628,0.3635678391959799,0.1771356783919598,0.0885678391959799,0.21782925304916542,0.3641464230701245
F000220,0.0521012318616071,0.7947236180904522,0.6944444444444444,0.6735753140545634,0.25,1.0,1.0,1.0,0.25,real,3,0.8304020100502513,0.7947236180904522,0.8160804020100503,0.40804020100502514,0.7540384081210071,0.8092818363172647
F000221,0.0521012318616071,0.7947236180904522,0.6944444444444444,0.6735753140545634,0.25,1.0,1.0,1.0,0.25,real,3,0.8304020100502513,0.7947236180904522,0.8160804020100503,0.40804020100502514,0.7540384081210071,0.8092818363172647
F000222,0.0,0.3635678391959799,0.3055555555555556,0.6735753140545634,0.75,1.0,1.0,1.0,0.75,real,3,0.9987437185929648,0.3635678391959799,0.8160804020100503,0.40804020100502514,0.9068994469836621,0.6227451326986693
F000223,0.2224894150898172,0.8839195979899498,0.7916666666666667,0.7216878364870323,0.0,1.0,1.0,1.0,0.0,real,3,0.3701005025125628,0.8839195979899498,0.857286432160804,0.428643216080402,0.3436913209262392,0.6636745284209995
F000224,0.0,0.3635678391959799,0.0555555555555555,0.1924500897298752,0.0,1.0,1.0,1.0,0.0,real,3,0.3701005025125628,0.3635678391959799,0.1,0.05,0.20355527638190957,0.363894472361809
F000225,0.01116454968463,0.7346733668341708,0.5416666666666666,0.1443375672974064,0.0,1.0,1.0,1.0,0.0,real,3,0.3701005025125628,0.7346733668341708,0.06030150753768844,0.03015075376884422,0.1962090603772632,0.7236812201712077
F000226,0.0,0.3635678391959799,0.3194444444444444,0.3757708127352411,0.25,1.0,1.0,1.0,0.25,real,3,0.8304020100502513,0.3635678391959799,0.3969849246231156,0.1984924623115578,0.580029544708467,0.4562309032600187
F000227,0.0,0.3635678391959799,0.1944444444444444,0.3469443332443554,0.0,1.0,1.0,1.0,0.0,real,3,0.3701005025125628,0.3635678391959799,0.33341708542713566,0.16670854271356783,0.2467491666877099,0.3646568899775259
F000228,0.0,0.3635678391959799,0.3055555555555556,0.6735753140545634,0.0,1.0,1.0,1.0,0.0,real,3,0.3701005025125628,0.3635678391959799,0.8160804020100503,0.40804020100502514,0.33606613469356833,0.36623342844877654
F000229,0.0,0.3635678391959799,0.4305555555555555,0.5912165737164656,0.0,1.0,1.0,1.0,0.0,real,3,0.3701005025125628,0.3635678391959799,0.7515075376884423,0.3757537688442211,0.32411690992651704,0.3660225120577763
F000230,0.0,0.3635678391959799,0.6111111111111112,0.693888666488711,0.0,1.0,1.0,1.0,0.0,real,3,0.3701005025125628,0.3635678391959799,0.8351758793969849,0.41758793969849245,0.33959975758187927,0.3662958006110957
F000231,0.0,0.3635678391959799,0.25,0.5,0.0,1.0,1.0,1.0,0.0,real,3,0.3701005025125628,0.3635678391959799,0.5793969849246231,0.28969849246231155,0.29226780889371484,0.3654603419105578
F000232,0.0,0.3635678391959799,0.3888888888888889,0.4811252243246881,0.0,1.0,1.0,1.0,0.0,real,3,0.3701005025125628,0.3635678391959799,0.5391959798994975,0.26959798994974876,0.28482860281306027,0.36532903209514916
F000233,0.061411169010459,0.8010050251256281,0.6527777777777778,0.488288773090193,0.0,1.0,1.0,1.0,0.0,real,3,0.3701005025125628,0.8010050251256281,0.5447236180904522,0.2723618090452261,0.2858514936491503,0.683643089820964
F000234,0.0,0.3635678391959799,0.3888888888888889,0.693888666488711,0.0,1.0,1.0,1.0,0.0,real,3,0.3701005025125628,0.3635678391959799,0.8351758793969849,0.41758793969849245,0.33959975758187927,0.3662958006110957
F000235,0.5853276880479024,0.9761306532663316,0.8888888888888888,0.3849001794597506,0.0,1.0,1.0,1.0,0.0,real,3,0.3701005025125628,0.9761306532663316,0.45879396984924625,0.22939698492462313,0.26995019065175124,0.8371091639100022
F000236,0.0148860662461734,0.7439698492462311,0.5555555555555556,0.1924500897298752,0.25,1.0,1.0,1.0,0.25,real,3,0.8304020100502513,0.7439698492462311,0.1,0.05,0.4567211055276382,0.7482914572864321
F000237,0.0,0.3635678391959799,0.3888888888888889,0.693888666488711,0.0,1.0,1.0,1.0,0.0,real,3,0.3701005025125628,0.3635678391959799,0.8351758793969849,0.41758793969849245,0.33959975758187927,0.3662958006110957
F000238,0.0,0.3635678391959799,0.1944444444444444,0.3469443332443554,0.0,1.0,1.0,1.0,0.0,real,3,0.3701005025125628,0.3635678391959799,0.33341708542713566,0.16670854271356783,0.2467491666877099,0.3646568899775259
F000239,0.5334936490538904,0.9678391959798996,0.875,0.4330127018922193,0.25,1.0,1.0,1.0,0.25,real,3,0.8304020100502513,0.9678391959798996,0.5271356783919598,0.2635678391959799,0.6340682684780687,0.9316151738592461
F000240,0.0,0.3635678391959799,0.5972222222222222,0.393817968854384,0.0,1.0,1.0,1.0,0.0,real,3,0.3701005025125628,0.3635678391959799,0.48266331658291456,0.24133165829145728,0.27436721926213986,0.3651443776672306
F000241,0.0,0.3635678391959799,0.5972222222222222,0.393817968854384,0.0,1.0,1.0,1.0,0.0,real,3,0.3701005025125628,0.3635678391959799,0.48266331658291456,0.24133165829145728,0.27436721926213986,0.3651443776672306
F000242,0.0,0.3635678391959799,0.1944444444444444,0.3469443332443554,0.0,1.0,1.0,1.0,0.0,real,3,0.3701005025125628,0.3635678391959799,0.33341708542713566,0.16670854271356783,0.2467491666877099,0.3646568899775259
F000243,0.3779915320718537,0.9329145728643216,0.8333333333333333,0.5773502691896258,0.0,1.0,1.0,1.0,0.0,real,3,0.3701005025125628,0.9329145728643216,0.7276381909547739,0.36381909547738694,0.3196998813161284,0.7281520668669982
F000244,0.1898569058357866,0.864321608040201,0.7222222222222222,0.5091750772173156,0.5,1.0,1.0,1.0,0.5,real,3,0.9587939698492463,0.864321608040201,0.6321608040201006,0.3160804020100503,0.7824529683593849,0.8941824701396428
F000245,0.0,0.3635678391959799,0.2777777777777778,0.5091750772173156,0.0,1.0,1.0,1.0,0.0,real,3,0.3701005025125628,0.3635678391959799,0.6321608040201006,0.3160804020100503,0.3020317668745739,0.36563268604328175
F000246,0.0,0.3635678391959799,0.3611111111111111,0.7515416254704823,0.0,1.0,1.0,1.0,0.0,real,3,0.3701005025125628,0.3635678391959799,0.8728643216080402,0.4364321608040201,0.3465740132824929,0.3664189035630414
F000247,0.0,0.3635678391959799,0.1944444444444444,0.3469443332443554,0.0,1.0,1.0,1.0,0.0,real,3,0.3701005025125628,0.3635678391959799,0.33341708542713566,0.16670854271356783,0.2467491666877099,0.3646568899775259
F000248,0.0,0.3635678391959799,0.2083333333333333,0.5204164998665333,0.0,1.0,1.0,1.0,0.0,real,3,0.3701005025125628,0.3635678391959799,0.6665829145728643,0.33329145728643217,0.3084015870811343,0.3657451200727254
F000249,0.0,0.3635678391959799,0.5416666666666666,0.3818813079129866,0.0,1.0,1.0,1.0,0.0,real,3,0.3701005025125628,0.3635678391959799,0.4236180904522613,0.21180904522613064,0.2634408853311785,0.3649515163758491
F000250,0.0,0.3635678391959799,0.3611111111111111,0.2545875386086578,0.0,1.0,1.0,1.0,0.0,real,3,0.3701005025125628,0.3635678391959799,0.1771356783919598,0.0885678391959799,0.21782925304916542,0.3641464230701245
F000251,0.0,0.3635678391959799,0.3055555555555556,0.6735753140545634,0.5,1.0,1.0,1.0,0.5,real,3,0.9587939698492463,0.3635678391959799,0.8160804020100503,0.40804020100502514,0.8706234691043155,0.6064440291911821
F000252,0.3779915320718537,0.9329145728643216,0.8333333333333333,0.5773502691896258,0.0,1.0,1.0,1.0,0.0,real,3,0.3701005025125628,0.9329145728643216,0.7276381909547739,0.36381909547738694,0.3196998813161284,0.7281520668669982
F000253,0.0,0.3635678391959799,0.4722222222222222,0.4194352464039305,0.0,1.0,1.0,1.0,0.0,real,3,0.3701005025125628,0.3635678391959799,0.5165829145728643,0.25829145728643216,0.2806440493926921,0.3652551703239817
F000254,0.0,0.3635678391959799,0.2777777777777778,0.5091750772173156,0.0,1.0,1.0,1.0,0.0,real,3,0.3701005025125628,0.3635678391959799,0.6321608040201006,0.3160804020100503,0.3020317668745739,0.36563268604328175
F000255,0.5853276880479024,0.9761306532663316,0.8888888888888888,0.3849001794597506,0.0,1.0,1.0,1.0,0.0,real,3,0.3701005025125628,0.9761306532663316,0.45879396984924625,0.22939698492462313,0.26995019065175124,0.8371091639100022
F000256,0.25,0.8977386934673367,0.75,0.5,0.0,1.0,1.0,1.0,0.0,real,3,0.3701005025125628,0.8977386934673367,0.5793969849246231,0.28969849246231155,0.29226780889371484,0.7448827049821973
F000257,0.0,0.3635678391959799,0.4861111111111111,0.9141379262169074,0.0,1.0,1.0,1.0,0.0,real,3,0.3701005025125628,0.3635678391959799,0.9492462311557789,0.47462311557788944,0.3607085048357365,0.36666839221231784
F000258,0.5334936490538904,0.9678391959798996,0.875,0.4330127018922193,0.25,1.0,1.0,1.0,0.25,real,3,0.8304020100502513,0.9678391959798996,0.5271356783919598,0.2635678391959799,0.6340682684780687,0.9316151738592461
F000259,0.0,0.3635678391959799,0.6111111111111112,0.693888666488711,0.0,1.0,1.0,1.0,0.0,real,3,0.3701005025125628,0.3635678391959799,0.8351758793969849,0.41758793969849245,0.33959975758187927,0.3662958006110957
F000260,0.0,0.3635678391959799,0.25,0.5,0.5,1.0,1.0,1.0,0.5,real,3,0.9587939698492463,0.3635678391959799,0.5793969849246231,0.28969849246231155,0.7571581525719048,0.5360039519204061
F000261,0.0521012318616071,0.7947236180904522,0.6944444444444444,0.6735753140545634,0.0,1.0,1.0,1.0,0.0,real,3,0.3701005025125628,0.7947236180904522,0.8160804020100503,0.40804020100502514,0.33606613469356833,0.6214603166586702
F000262,0.1898569058357866,0.864321608040201,0.7222222222222222,0.5091750772173156,0.0,1.0,1.0,1.0,0.0,real,3,0.3701005025125628,0.864321608040201,0.6321608040201006,0.3160804020100503,0.3020317668745739,0.7081080023231736
F000263,0.0,0.3635678391959799,0.3055555555555556,0.6735753140545634,0.5,1.0,1.0,1.0,0.5,real,3,0.9587939698492463,0.3635678391959799,0.8160804020100503,0.40804020100502514,0.8706234691043155,0.6064440291911821
F000264,0.5853276880479024,0.9761306532663316,0.8888888888888888,0.3849001794597506,0.0,1.0,1.0,1.0,0.0,real,3,0.3701005025125628,0.9761306532663316,0.45879396984924625,0.22939698492462313,0.26995019065175124,0.8371091639100022
F000265,0.0,0.3635678391959799,0.3055555555555556,0.7876359377087682,0.5,1.0,1.0,1.0,0.5,real,3,0.9587939698492463,0.3635678391959799,0.9082914572864321,0.45414572864321606,0.9148291709805307,0.6338872440089897
F000266,0.2666854362923786,0.9065326633165828,0.7361111111111112,0.4110735718596873,0.0,1.0,1.0,1.0,0.0,real,3,0.3701005025125628,0.9065326633165828,0.507035175879397,0.2535175879396985,0.27887723794853664,0.7705376758162671
F000267,0.1898569058357866,0.864321608040201,0.7222222222222222,0.5091750772173156,0.0,1.0,1.0,1.0,0.0,real,3,0.3701005025125628,0.864321608040201,0.6321608040201006,0.3160804020100503,0.3020317668745739,0.7081080023231736
F000268,0.25,0.8977386934673367,0.75,0.5,0.0,1.0,1.0,1.0,0.0,real,3,0.3701005025125628,0.8977386934673367,0.5793969849246231,0.28969849246231155,0.29226780889371484,0.7448827049821973
F000269,0.0,0.3635678391959799,0.2222222222222222,0.0962250448649376,0.0,1.0,1.0,1.0,0.0,real,3,0.3701005025125628,0.3635678391959799,0.021105527638190954,0.010552763819095477,0.18895583444862502,0.3636367768490695
F000270,0.4376389444889332,0.951005025125628,0.8055555555555556,0.3469443332443555,0.0,1.0,1.0,1.0,0.0,real,3,0.3701005025125628,0.951005025125628,0.37613065326633166,0.18806532663316583,0.25465332314840533,0.8417570263377187
F000271,0.0,0.3635678391959799,0.1944444444444444,0.3469443332443554,0.0,1.0,1.0,1.0,0.0,real,3,0.3701005025125628,0.3635678391959799,0.33341708542713566,0.16670854271356783,0.2467491666877099,0.3646568899775259
F000272,0.4376389444889332,0.951005025125628,0.8055555555555556,0.3469443332443555,0.0,1.0,1.0,1.0,0.0,real,3,0.3701005025125628,0.951005025125628,0.37613065326633166,0.18806532663316583,0.25465332314840533,0.8417570263377187
F000273,0.0,0.3635678391959799,0.3472222222222222,0.6988747569671736,0.0,1.0,1.0,1.0,0.0,real,3,0.3701005025125628,0.3635678391959799,0.8437185929648241,0.42185929648241205,0.34118058887401836,0.36632370394687
F000274,0.0,0.3635678391959799,0.25,0.5,0.0,1.0,1.0,1.0,0.0,real,3,0.3701005025125628,0.3635678391959799,0.5793969849246231,0.28969849246231155,0.29226780889371484,0.3654603419105578
F000275,0.0,0.3635678391959799,0.3333333333333333,1.1547005383792517,0.0,1.0,1.0,1.0,0.0,real,3,0.3701005025125628,0.3635678391959799,0.9967336683417085,0.49836683417085426,0.3694960670185096,0.3668235019317694
F000276,0.0,0.3635678391959799,0.2361111111111111,0.2097176232019652,0.0,1.0,1.0,1.0,0.0,real,3,0.3701005025125628,0.3635678391959799,0.11708542713567839,0.058542713567839195,0.20671693896618776,0.36395027903335775
F000277,0.3779915320718537,0.9329145728643216,0.8333333333333333,0.5773502691896258,0.0,1.0,1.0,1.0,0.0,real,3,0.3701005025125628,0.9329145728643216,0.7276381909547739,0.36381909547738694,0.3196998813161284,0.7281520668669982
F000278,0.01116454968463,0.7346733668341708,0.5416666666666666,0.1443375672974064,0.25,1.0,1.0,1.0,0.25,real,3,0.8304020100502513,0.7346733668341708,0.06030150753768844,0.03015075376884422,0.4402382515593041,0.7375596575844043
F000279,0.3009680169468978,0.9133165829145728,0.7777777777777778,0.5091750772173156,0.0,1.0,1.0,1.0,0.0,real,3,0.3701005025125628,0.9133165829145728,0.6321608040201006,0.3160804020100503,0.3020317668745739,0.7416166258427818
F000280,0.0,0.3635678391959799,0.25,0.8660254037844386,0.0,1.0,1.0,1.0,0.0,real,3,0.3701005025125628,0.3635678391959799,0.9349246231155779,0.46746231155778895,0.3580582876695033,0.3666216130905785
F000281,0.0,0.3635678391959799,0.2777777777777778,0.0962250448649376,0.0,1.0,1.0,1.0,0.0,real,3,0.3701005025125628,0.3635678391959799,0.021105527638190954,0.010552763819095477,0.18895583444862502,0.3636367768490695
F000282,0.0,0.3635678391959799,0.25,0.5,0.0,1.0,1.0,1.0,0.0,real,3,0.3701005025125628,0.3635678391959799,0.5793969849246231,0.28969849246231155,0.29226780889371484,0.3654603419105578
F000283,0.0,0.3635678391959799,0.375,1.0897247358851685,0.0,1.0,1.0,1.0,0.0,real,3,0.3701005025125628,0.3635678391959799,0.9899497487437185,0.4949748743718593,0.3682407009923992,0.3668013434004192
F000284,0.061411169010459,0.8010050251256281,0.6527777777777778,0.488288773090193,0.0,1.0,1.0,1.0,0.0,real,3,0.3701005025125628,0.8010050251256281,0.5447236180904522,0.2723618090452261,0.2858514936491503,0.683643089820964
F000285,0.0483797153000638,0.7836683417085427,0.6805555555555556,0.6254627916220946,0.25,1.0,1.0,1.0,0.25,real,3,0.8304020100502513,0.7836683417085427,0.7610552763819095,0.38052763819095475,0.7311919206585693,0.8014517941466124
F000286,0.1178513660507478,0.8135678391959799,0.736111111111111,0.7087417123429486,0.0,1.0,1.0,1.0,0.0,real,3,0.3701005025125628,0.8135678391959799,0.8517587939698492,0.4258793969849246,0.34266843009014925,0.6247042372667356
F000287,0.5853276880479024,0.9761306532663316,0.8888888888888888,0.3849001794597506,0.0,1.0,1.0,1.0,0.0,real,3,0.3701005025125628,0.9761306532663316,0.45879396984924625,0.22939698492462313,0.26995019065175124,0.8371091639100022
F000288,0.0,0.3635678391959799,0.1111111111111111,0.3849001794597505,0.0,1.0,1.0,1.0,0.0,real,3,0.3701005025125628,0.3635678391959799,0.4492462311557789,0.22462311557788944,0.2681833792075958,0.3650352263831721
F000289,0.0,0.3635678391959799,0.3333333333333333,0.2886751345948129,0.0,1.0,1.0,1.0,0.0,real,3,0.3701005025125628,0.3635678391959799,0.26030150753768844,0.13015075376884422,0.2332191106285195,0.36441807025075124
F000290,0.0446581987385203,0.7701005025125628,0.6666666666666666,0.5773502691896258,0.0,1.0,1.0,1.0,0.0,real,3,0.3701005025125628,0.7701005025125628,0.7276381909547739,0.36381909547738694,0.3196998813161284,0.624572864321608
F000291,0.1504840084734488,0.8346733668341708,0.6388888888888888,0.2545875386086578,0.0,1.0,1.0,1.0,0.0,real,3,0.3701005025125628,0.8346733668341708,0.1771356783919598,0.0885678391959799,0.21782925304916542,0.7935271520921189
F000292,0.1485783278408043,0.8238693467336683,0.7361111111111112,0.6472877887628358,0.0,1.0,1.0,1.0,0.0,real,3,0.3701005025125628,0.8238693467336683,0.7924623115577889,0.39623115577889445,0.3316956011211838,0.6440719931314866
F000293,0.0,0.3635678391959799,0.1944444444444444,0.3469443332443554,0.0,1.0,1.0,1.0,0.0,real,3,0.3701005025125628,0.3635678391959799,0.33341708542713566,0.16670854271356783,0.2467491666877099,0.3646568899775259
F000294,0.0,0.3635678391959799,0.1388888888888888,0.2545875386086578,0.25,1.0,1.0,1.0,0.25,real,3,0.8304020100502513,0.3635678391959799,0.1771356783919598,0.0885678391959799,0.48874791671927476,0.4049143329713896
F000295,0.0,0.3635678391959799,0.25,0.8660254037844386,0.25,1.0,1.0,1.0,0.25,real,3,0.8304020100502513,0.3635678391959799,0.9349246231155779,0.46746231155778895,0.8033826481654504,0.5817952198176815
F000296,0.0,0.3635678391959799,0.1666666666666666,0.5773502691896258,0.0,1.0,1.0,1.0,0.0,real,3,0.3701005025125628,0.3635678391959799,0.7276381909547739,0.36381909547738694,0.3196998813161284,0.36594454685487743
F000297,0.0,0.3635678391959799,0.4444444444444444,0.1924500897298753,0.25,1.0,1.0,1.0,0.25,real,3,0.8304020100502513,0.3635678391959799,0.1077889447236181,0.05389447236180905,0.45995508320496953,0.3887276205146335
F000298,0.0,0.3635678391959799,0.3194444444444444,0.1272937693043289,0.0,1.0,1.0,1.0,0.0,real,3,0.3701005025125628,0.3635678391959799,0.03869346733668342,0.01934673366834171,0.1922104871089114,0.36369422489331077
F000299,0.0,0.3635678391959799,0.1944444444444444,0.3469443332443554,0.0,1.0,1.0,1.0,0.0,real,3,0.3701005025125628,0.3635678391959799,0.33341708542713566,0.16670854271356783,0.2467491666877099,0.3646568899775259
F000300,0.0,0.3635678391959799,0.5972222222222222,0.393817968854384,0.0,1.0,1.0,1.0,0.0,real,3,0.3701005025125628,0.3635678391959799,0.48266331658291456,0.24133165829145728,0.27436721926213986,0.3651443776672306
F000301,0.0,0.3635678391959799,0.1944444444444444,0.3469443332443554,0.0,1.0,1.0,1.0,0.0,real,3,0.3701005025125628,0.3635678391959799,0.33341708542713566,0.16670854271356783,0.2467491666877099,0.3646568899775259
F000302,0.0,0.3635678391959799,0.5277777777777778,0.4194352464039305,0.0,1.0,1.0,1.0,0.0,real,3,0.3701005025125628,0.3635678391959799,0.5165829145728643,0.25829145728643216,0.2806440493926921,0.3652551703239817
F000303,0.0,0.3635678391959799,0.4583333333333333,0.1443375672974064,0.25,1.0,1.0,1.0,0.25,real,3,0.8304020100502513,0.3635678391959799,0.06030150753768844,0.03015075376884422,0.4402382515593041,0.3776432413322896
F000304,0.0,0.3635678391959799,0.2361111111111111,0.2097176232019652,0.0,1.0,1.0,1.0,0.0,real,3,0.3701005025125628,0.3635678391959799,0.11708542713567839,0.058542713567839195,0.20671693896618776,0.36395027903335775
F000305,0.0483797153000638,0.7836683417085427,0.6805555555555556,0.6254627916220946,0.25,1.0,1.0,1.0,0.25,real,3,0.8304020100502513,0.7836683417085427,0.7610552763819095,0.38052763819095475,0.7311919206585693,0.8014517941466124
F000306,0.0,0.3635678391959799,0.4861111111111111,0.9141379262169074,0.0,1.0,1.0,1.0,0.0,real,3,0.3701005025125628,0.3635678391959799,0.9492462311557789,0.47462311557788944,0.3607085048357365,0.36666839221231784
F000307,0.0,0.3635678391959799,0.6388888888888888,0.7515416254704823,0.25,1.0,1.0,1.0,0.25,real,3,0.8304020100502513,0.3635678391959799,0.8728643216080402,0.4364321608040201,0.7776151486073584,0.5673092851190626
F000308,0.0,0.3635678391959799,0.5277777777777778,0.4194352464039305,0.5,1.0,1.0,1.0,0.5,real,3,0.9587939698492463,0.3635678391959799,0.5165829145728643,0.25829145728643216,0.7270452766344284,0.5173096638973763
F000309,0.0,0.3635678391959799,0.4861111111111111,0.9141379262169074,0.0,1.0,1.0,1.0,0.0,real,3,0.3701005025125628,0.3635678391959799,0.9492462311557789,0.47462311557788944,0.3607085048357365,0.36666839221231784
F000310,0.0,0.3635678391959799,0.1388888888888888,0.2545875386086578,0.0,1.0,1.0,1.0,0.0,real,3,0.3701005025125628,0.3635678391959799,0.1771356783919598,0.0885678391959799,0.21782925304916542,0.3641464230701245
F000311,0.0,0.3635678391959799,0.5972222222222222,0.393817968854384,0.25,1.0,1.0,1.0,0.25,real,3,0.8304020100502513,0.3635678391959799,0.48266331658291456,0.24133165829145728,0.6156032991591122,0.4762297037953587
F000312,0.0,0.3635678391959799,0.0416666666666666,0.1443375672974064,0.0,1.0,1.0,1.0,0.0,real,3,0.3701005025125628,0.3635678391959799,0.06030150753768844,0.03015075376884422,0.1962090603772632,0.36376480391909294
F000313,0.0,0.3635678391959799,0.5972222222222222,0.393817968854384,0.25,1.0,1.0,1.0,0.25,real,3,0.8304020100502513,0.3635678391959799,0.48266331658291456,0.24133165829145728,0.6156032991591122,0.4762297037953587
F000314,0.0,0.3635678391959799,0.3333333333333333,0.7637626158259733,0.25,1.0,1.0,1.0,0.25,real,3,0.8304020100502513,0.3635678391959799,0.8902010050251257,0.44510050251256283,0.7848133569859347,0.5713559632332517
F000315,0.3963319220119756,0.9414572864321608,0.7222222222222222,0.0962250448649376,0.0,1.0,1.0,1.0,0.0,real,3,0.3701005025125628,0.9414572864321608,0.021105527638190954,0.010552763819095477,0.18895583444862502,0.9354278932350193
F000316,0.0,0.3635678391959799,0.5972222222222222,0.393817968854384,0.0,1.0,1.0,1.0,0.0,real,3,0.3701005025125628,0.3635678391959799,0.48266331658291456,0.24133165829145728,0.27436721926213986,0.3651443776672306
F000317,0.0,0.3635678391959799,0.2777777777777778,0.5091750772173156,0.25,1.0,1.0,1.0,0.25,real,3,0.8304020100502513,0.3635678391959799,0.6321608040201006,0.3160804020100503,0.6776748061917629,0.5111249715916265
F000318,0.0,0.3635678391959799,0.1944444444444444,0.3469443332443554,0.0,1.0,1.0,1.0,0.0,real,3,0.3701005025125628,0.3635678391959799,0.33341708542713566,0.16670854271356783,0.2467491666877099,0.3646568899775259
F000319,0.0,0.3635678391959799,0.2083333333333333,0.3818813079129866,0.0,1.0,1.0,1.0,0.0,real,3,0.3701005025125628,0.3635678391959799,0.4236180904522613,0.21180904522613064,0.2634408853311785,0.3649515163758491
F000320,0.125,0.8168341708542713,0.625,0.25,0.0,1.0,1.0,1.0,0.0,real,3,0.3701005025125628,0.8168341708542713,0.1349246231155779,0.06746231155778895,0.21001808666447816,0.7866964849372491
F000321,0.3009680169468978,0.9133165829145728,0.7777777777777778,0.5091750772173156,0.0,1.0,1.0,1.0,0.0,real,3,0.3701005025125628,0.9133165829145728,0.6321608040201006,0.3160804020100503,0.3020317668745739,0.7416166258427818
F000322,0.0,0.3635678391959799,0.4444444444444444,1.0183501544346312,0.0,1.0,1.0,1.0,0.0,real,3,0.3701005025125628,0.3635678391959799,0.9741206030150754,0.4870603015075377,0.36531151359814146,0.3667496401606021
F000323,0.01116454968463,0.7346733668341708,0.5416666666666666,0.1443375672974064,0.0,1.0,1.0,1.0,0.0,real,3,0.3701005025125628,0.7346733668341708,0.06030150753768844,0.03015075376884422,0.1962090603772632,0.7236812201712077
F000324,0.0,0.3635678391959799,0.5972222222222222,0.393817968854384,0.25,1.0,1.0,1.0,0.25,real,3,0.8304020100502513,0.3635678391959799,0.48266331658291456,0.24133165829145728,0.6156032991591122,0.4762297037953587
F000325,0.25,0.8977386934673367,0.75,0.5,0.0,1.0,1.0,1.0,0.0,real,3,0.3701005025125628,0.8977386934673367,0.5793969849246231,0.28969849246231155,0.29226780889371484,0.7448827049821973
F000326,0.0,0.3635678391959799,0.2361111111111111,0.2097176232019652,0.0,1.0,1.0,1.0,0.0,real,3,0.3701005025125628,0.3635678391959799,0.11708542713567839,0.058542713567839195,0.20671693896618776,0.36395027903335775
F000327,0.0,0.3635678391959799,0.5972222222222222,0.393817968854384,0.0,1.0,1.0,1.0,0.0,real,3,0.3701005025125628,0.3635678391959799,0.48266331658291456,0.24133165829145728,0.27436721926213986,0.3651443776672306
F000328,0.0,0.3635678391959799,0.5972222222222222,0.8832285053102581,0.0,1.0,1.0,1.0,0.0,real,3,0.3701005025125628,0.3635678391959799,0.9422110552763819,0.47110552763819097,0.35940664377162196,0.36664541299462133
F000329,0.0,0.3635678391959799,0.1666666666666666,0.5773502691896258,0.0,1.0,1.0,1.0,0.0,real,3,0.3701005025125628,0.3635678391959799,0.7276381909547739,0.36381909547738694,0.3196998813161284,0.36594454685487743
F000330,0.6889957660359269,0.9899497487437184,0.9166666666666669,0.2886751345948128,0.25,1.0,1.0,1.0,0.25,real,3,0.8304020100502513,0.9899497487437184,0.228391959798995,0.1141959798994975,0.5100295762733265,0.971730038382869
F000331,0.01116454968463,0.7346733668341708,0.5416666666666666,0.1443375672974064,0.0,1.0,1.0,1.0,0.0,real,3,0.3701005025125628,0.7346733668341708,0.06030150753768844,0.03015075376884422,0.1962090603772632,0.7236812201712077
F000332,0.0,0.3635678391959799,0.4583333333333333,0.1443375672974064,0.0,1.0,1.0,1.0,0.0,real,3,0.3701005025125628,0.3635678391959799,0.06030150753768844,0.03015075376884422,0.1962090603772632,0.36376480391909294
F000333,0.0,0.3635678391959799,0.25,0.5,0.0,1.0,1.0,1.0,0.0,real,3,0.3701005025125628,0.3635678391959799,0.5793969849246231,0.28969849246231155,0.29226780889371484,0.3654603419105578
F000334,0.5949284529178934,0.9836683417085428,0.8611111111111112,0.2545875386086578,0.0,1.0,1.0,1.0,0.0,real,3,0.3701005025125628,0.9836683417085428,0.1771356783919598,0.0885678391959799,0.21782925304916542,0.9293259639908085
F000335,0.0,0.3635678391959799,0.4027777777777778,0.6364688465216445,0.0,1.0,1.0,1.0,0.0,real,3,0.3701005025125628,0.3635678391959799,0.7829145728643216,0.3914572864321608,0.3299287896770284,0.3661250978510644
F000336,0.0,0.3635678391959799,0.4166666666666667,1.0408329997330663,0.5,1.0,1.0,1.0,0.5,real,3,0.9587939698492463,0.3635678391959799,0.9811557788944724,0.4905778894472362,0.9497601070680033,0.6555726181157042
F000337,0.0,0.3635678391959799,0.5694444444444444,0.7469072033193752,0.0,1.0,1.0,1.0,0.0,real,3,0.3701005025125628,0.3635678391959799,0.8628140703517588,0.4314070351758794,0.34471421176232925,0.36638607610918916
F000338,0.0,0.3635678391959799,0.5972222222222222,0.393817968854384,0.0,1.0,1.0,1.0,0.0,real,3,0.3701005025125628,0.3635678391959799,0.48266331658291456,0.24133165829145728,0.27436721926213986,0.3651443776672306
F000339,0.0446581987385203,0.7701005025125628,0.6666666666666666,0.5773502691896258,0.5,1.0,1.0,1.0,0.5,real,3,0.9587939698492463,0.7701005025125628,0.7276381909547739,0.36381909547738694,0.828224539784349,0.8387507891214867
F000340,0.0,0.3635678391959799,0.5416666666666666,0.3818813079129866,0.0,1.0,1.0,1.0,0.0,real,3,0.3701005025125628,0.3635678391959799,0.4236180904522613,0.21180904522613064,0.2634408853311785,0.3649515163758491
F000341,0.0,0.3635678391959799,0.5277777777777778,0.8221471437193746,0.0,1.0,1.0,1.0,0.0,real,3,0.3701005025125628,0.3635678391959799,0.9208542713567839,0.46042713567839194,0.35545456554127425,0.3665756546551855
F000342,0.0,0.3635678391959799,0.3611111111111111,0.2545875386086578,0.25,1.0,1.0,1.0,0.25,real,3,0.8304020100502513,0.3635678391959799,0.1771356783919598,0.0885678391959799,0.48874791671927476,0.4049143329713896
F000343,0.0,0.3635678391959799,0.5972222222222222,0.393817968854384,0.25,1.0,1.0,1.0,0.25,real,3,0.8304020100502513,0.3635678391959799,0.48266331658291456,0.24133165829145728,0.6156032991591122,0.4762297037953587
F000344,0.0,0.3635678391959799,0.2916666666666666,0.5204164998665332,0.0,1.0,1.0,1.0,0.0,real,3,0.3701005025125628,0.3635678391959799,0.657035175879397,0.3285175879396985,0.30663477563697883,0.3657139339915659
F000345,0.0,0.3635678391959799,0.625,0.75,0.0,1.0,1.0,1.0,0.0,real,3,0.3701005025125628,0.3635678391959799,0.8633165829145729,0.43165829145728646,0.3448072018383374,0.3663877174818818
F000346,0.01116454968463,0.7346733668341708,0.5416666666666666,0.1443375672974064,0.25,1.0,1.0,1.0,0.25,real,3,0.8304020100502513,0.7346733668341708,0.06030150753768844,0.03015075376884422,0.4402382515593041,0.7375596575844043
F000347,0.0,0.3635678391959799,0.4305555555555555,0.9871864246620478,0.0,1.0,1.0,1.0,0.0,real,3,0.3701005025125628,0.3635678391959799,0.9628140703517588,0.4814070351758794,0.36321923688795743,0.3667127092750183
F000348,0.2154167222667111,0.8768844221105527,0.6944444444444444,0.3469443332443555,0.0,1.0,1.0,1.0,0.0,real,3,0.3701005025125628,0.8768844221105527,0.37613065326633166,0.18806532663316583,0.25465332314840533,0.7815759387389207
F000349,0.01116454968463,0.7346733668341708,0.5416666666666666,0.1443375672974064,0.0,1.0,1.0,1.0,0.0,real,3,0.3701005025125628,0.7346733668341708,0.06030150753768844,0.03015075376884422,0.1962090603772632,0.7236812201712077
F000350,0.0,0.3635678391959799,0.2222222222222222,0.5091750772173156,0.25,1.0,1.0,1.0,0.25,real,3,0.8304020100502513,0.3635678391959799,0.6321608040201006,0.3160804020100503,0.6776748061917629,0.5111249715916265
F000351,0.3779915320718537,0.9329145728643216,0.8333333333333333,0.5773502691896258,0.0,1.0,1.0,1.0,0.0,real,3,0.3701005025125628,0.9329145728643216,0.7276381909547739,0.36381909547738694,0.3196998813161284,0.7281520668669982
F000352,0.0,0.3635678391959799,0.0833333333333333,0.2886751345948128,0.0,1.0,1.0,1.0,0.0,real,3,0.3701005025125628,0.3635678391959799,0.228391959798995,0.1141959798994975,0.22731424080199994,0.36431384308477055
F000353,0.0,0.3635678391959799,0.125,0.4330127018922193,0.25,1.0,1.0,1.0,0.25,real,3,0.8304020100502513,0.3635678391959799,0.5271356783919598,0.2635678391959799,0.6340682684780687,0.4866103128708871
F000354,0.0,0.3635678391959799,0.1944444444444444,0.3469443332443554,0.0,1.0,1.0,1.0,0.0,real,3,0.3701005025125628,0.3635678391959799,0.33341708542713566,0.16670854271356783,0.2467491666877099,0.3646568899775259
F000355,0.0,0.3635678391959799,0.25,0.5,0.5,1.0,1.0,1.0,0.5,real,3,0.9587939698492463,0.3635678391959799,0.5793969849246231,0.28969849246231155,0.7571581525719048,0.5360039519204061
F000356,0.6889957660359269,0.9899497487437184,0.9166666666666669,0.2886751345948128,0.0,1.0,1.0,1.0,0.0,real,3,0.3701005025125628,0.9899497487437184,0.228391959798995,0.1141959798994975,0.22731424080199994,0.9191654566803867
F000357,0.2154167222667111,0.8768844221105527,0.6944444444444444,0.3469443332443555,0.0,1.0,1.0,1.0,0.0,real,3,0.3701005025125628,0.8768844221105527,0.37613065326633166,0.18806532663316583,0.25465332314840533,0.7815759387389207
F000358,0.0,0.3635678391959799,0.5277777777777778,0.8221471437193746,0.0,1.0,1.0,1.0,0.0,real,3,0.3701005025125628,0.3635678391959799,0.9208542713567839,0.46042713567839194,0.35545456554127425,0.3665756546551855
F000359,0.0,0.3635678391959799,0.25,0.5,0.0,1.0,1.0,1.0,0.0,real,3,0.3701005025125628,0.3635678391959799,0.5793969849246231,0.28969849246231155,0.29226780889371484,0.3654603419105578
F000360,0.0,0.3635678391959799,0.3611111111111111,0.7515416254704823,0.0,1.0,1.0,1.0,0.0,real,3,0.3701005025125628,0.3635678391959799,0.8728643216080402,0.4364321608040201,0.3465740132824929,0.3664189035630414
F000361,0.0,0.3635678391959799,0.3472222222222222,0.5672382737961704,0.5,1.0,1.0,1.0,0.5,real,3,0.9587939698492463,0.3635678391959799,0.7017587939698492,0.3508793969849246,0.8158180348981087,0.5724204249892679
F000362,0.0,0.3635678391959799,0.4027777777777778,0.3938179688543841,0.0,1.0,1.0,1.0,0.0,real,3,0.3701005025125628,0.3635678391959799,0.5022613065326633,0.25113065326633166,0.27799383222645896,0.36520839120224236
F000363,0.0,0.3635678391959799,0.6111111111111112,0.693888666488711,0.0,1.0,1.0,1.0,0.0,real,3,0.3701005025125628,0.3635678391959799,0.8351758793969849,0.41758793969849245,0.33959975758187927,0.3662958006110957
F000364,0.01116454968463,0.7346733668341708,0.5416666666666666,0.1443375672974064,0.0,1.0,1.0,1.0,0.0,real,3,0.3701005025125628,0.7346733668341708,0.06030150753768844,0.03015075376884422,0.1962090603772632,0.7236812201712077
F000365,0.0,0.3635678391959799,0.5972222222222222,0.393817968854384,0.0,1.0,1.0,1.0,0.0,real,3,0.3701005025125628,0.3635678391959799,0.48266331658291456,0.24133165829145728,0.27436721926213986,0.3651443776672306
F000366,0.0,0.3635678391959799,0.4444444444444444,0.5357583756107198,0.0,1.0,1.0,1.0,0.0,real,3,0.3701005025125628,0.3635678391959799,0.6912060301507538,0.3456030150753769,0.3129581008055352,0.36582554733466327
F000367,0.0,0.3635678391959799,0.4305555555555555,0.9871864246620478,0.25,1.0,1.0,1.0,0.25,real,3,0.8304020100502513,0.3635678391959799,0.9628140703517588,0.4814070351758794,0.814962374687508,0.5883050933057246
F000368,0.5334936490538904,0.9678391959798996,0.875,0.4330127018922193,0.0,1.0,1.0,1.0,0.0,real,3,0.3701005025125628,0.9678391959798996,0.5271356783919598,0.2635678391959799,0.28259684098886395,0.8102945001388855
F000369,0.0,0.3635678391959799,0.1805555555555555,0.3757708127352412,0.25,1.0,1.0,1.0,0.25,real,3,0.8304020100502513,0.3635678391959799,0.40804020100502514,0.20402010050251257,0.5846197065730664,0.45881139365167545
F000370,0.0,0.3635678391959799,0.25,0.5,0.0,1.0,1.0,1.0,0.0,real,3,0.3701005025125628,0.3635678391959799,0.5793969849246231,0.28969849246231155,0.29226780889371484,0.3654603419105578
F000371,0.0,0.3635678391959799,0.25,0.5,0.0,1.0,1.0,1.0,0.0,real,3,0.3701005025125628,0.3635678391959799,0.5793969849246231,0.28969849246231155,0.29226780889371484,0.3654603419105578
F000372,0.0,0.3635678391959799,0.2222222222222222,0.5091750772173156,0.0,1.0,1.0,1.0,0.0,real,3,0.3701005025125628,0.3635678391959799,0.6321608040201006,0.3160804020100503,0.3020317668745739,0.36563268604328175
F000373,0.0,0.3635678391959799,0.5833333333333334,0.7637626158259733,0.0,1.0,1.0,1.0,0.0,real,3,0.3701005025125628,0.3635678391959799,0.8902010050251257,0.44510050251256283,0.34978217090477515,0.3664755309209363
F000374,0.0521012318616071,0.7947236180904522,0.6944444444444444,0.6735753140545634,0.0,1.0,1.0,1.0,0.0,real,3,0.3701005025125628,0.7947236180904522,0.8160804020100503,0.40804020100502514,0.33606613469356833,0.6214603166586702
F000375,0.6889957660359269,0.9899497487437184,0.9166666666666669,0.2886751345948128,0.0,1.0,1.0,1.0,0.0,real,3,0.3701005025125628,0.9899497487437184,0.228391959798995,0.1141959798994975,0.22731424080199994,0.9191654566803867
F000376,0.0,0.3635678391959799,0.1944444444444444,0.3469443332443554,0.25,1.0,1.0,1.0,0.25,real,3,0.8304020100502513,0.3635678391959799,0.33341708542713566,0.16670854271356783,0.5536361139870205,0.4413930835079922
F000377,0.0,0.3635678391959799,0.3611111111111111,0.8552669065744807,0.0,1.0,1.0,1.0,0.0,real,3,0.3701005025125628,0.3635678391959799,0.928894472361809,0.4644472361809045,0.3569424067574051,0.36660191661826724
F000378,0.0,0.3635678391959799,0.2916666666666666,0.3818813079129867,0.0,1.0,1.0,1.0,0.0,real,3,0.3701005025125628,0.3635678391959799,0.4402010050251256,0.2201005025125628,0.2665095578394485,0.36500568167470515
F000379,0.01116454968463,0.7346733668341708,0.5416666666666666,0.1443375672974064,0.0,1.0,1.0,1.0,0.0,real,3,0.3701005025125628,0.7346733668341708,0.06030150753768844,0.03015075376884422,0.1962090603772632,0.7236812201712077
F000380,0.0,0.3635678391959799,0.2083333333333333,0.5204164998665333,0.0,1.0,1.0,1.0,0.0,real,3,0.3701005025125628,0.3635678391959799,0.6665829145728643,0.33329145728643217,0.3084015870811343,0.3657451200727254
F000381,0.0483797153000638,0.7836683417085427,0.6805555555555556,0.6254627916220946,0.0,1.0,1.0,1.0,0.0,real,3,0.3701005025125628,0.7836683417085427,0.7610552763819095,0.38052763819095475,0.32588372137067245,0.6262943486275598
F000382,0.7926638440239513,0.9952261306532664,0.9444444444444444,0.1924500897298752,0.25,1.0,1.0,1.0,0.25,real,3,0.8304020100502513,0.9952261306532664,0.1,0.05,0.4567211055276382,0.9869849246231156
F000383,0.0,0.3635678391959799,0.6111111111111112,0.693888666488711,0.0,1.0,1.0,1.0,0.0,real,3,0.3701005025125628,0.3635678391959799,0.8351758793969849,0.41758793969849245,0.33959975758187927,0.3662958006110957
F000384,0.0,0.3635678391959799,0.1527777777777777,0.3367876570272816,0.0,1.0,1.0,1.0,0.0,real,3,0.3701005025125628,0.3635678391959799,0.2947236180904523,0.14736180904522614,0.23958893083507993,0.36453050428019496
F000385,0.061411169010459,0.8010050251256281,0.6527777777777778,0.488288773090193,0.0,1.0,1.0,1.0,0.0,real,3,0.3701005025125628,0.8010050251256281,0.5447236180904522,0.2723618090452261,0.2858514936491503,0.683643089820964
F000386,0.0483797153000638,0.7836683417085427,0.6805555555555556,0.6254627916220946,0.0,1.0,1.0,1.0,0.0,real,3,0.3701005025125628,0.7836683417085427,0.7610552763819095,0.38052763819095475,0.32588372137067245,0.6262943486275598
F000387,0.0,0.3635678391959799,0.3055555555555556,0.6735753140545634,0.0,1.0,1.0,1.0,0.0,real,3,0.3701005025125628,0.3635678391959799,0.8160804020100503,0.40804020100502514,0.33606613469356833,0.36623342844877654
F000388,0.0,0.3635678391959799,0.4722222222222222,0.5853140973807078,0.0,1.0,1.0,1.0,0.0,real,3,0.3701005025125628,0.3635678391959799,0.750251256281407,0.3751256281407035,0.32388443473649653,0.36601840862604484
F000389,0.0148860662461734,0.7439698492462311,0.5555555555555556,0.1924500897298752,0.25,1.0,1.0,1.0,0.25,real,3,0.8304020100502513,0.7439698492462311,0.1,0.05,0.4567211055276382,0.7482914572864321
F000390,0.5853276880479024,0.9761306532663316,0.8888888888888888,0.3849001794597506,0.25,1.0,1.0,1.0,0.25,real,3,0.8304020100502513,0.9761306532663316,0.45879396984924625,0.22939698492462313,0.6056927224059999,0.9427009418954067
F000391,0.0,0.3635678391959799,0.5972222222222222,0.393817968854384,0.0,1.0,1.0,1.0,0.0,real,3,0.3701005025125628,0.3635678391959799,0.48266331658291456,0.24133165829145728,0.27436721926213986,0.3651443776672306
F000392,0.0,0.3635678391959799,0.625,0.6614378277661477,0.0,1.0,1.0,1.0,0.0,real,3,0.3701005025125628,0.3635678391959799,0.8,0.4,0.33309045226130657,0.3661809045226131
F000393,0.25,0.8977386934673367,0.75,0.5,0.0,1.0,1.0,1.0,0.0,real,3,0.3701005025125628,0.8977386934673367,0.5793969849246231,0.28969849246231155,0.29226780889371484,0.7448827049821973
F000394,0.01116454968463,0.7346733668341708,0.5416666666666666,0.1443375672974064,0.25,1.0,1.0,1.0,0.25,real,3,0.8304020100502513,0.7346733668341708,0.06030150753768844,0.03015075376884422,0.4402382515593041,0.7375596575844043
F000395,0.0,0.3635678391959799,0.5138888888888888,0.2926570486903538,0.0,1.0,1.0,1.0,0.0,real,3,0.3701005025125628,0.3635678391959799,0.2829145728643216,0.1414572864321608,0.23740366404888766,0.36449193202191865
F000396,0.0,0.3635678391959799,0.25,0.5,0.0,1.0,1.0,1.0,0.0,real,3,0.3701005025125628,0.3635678391959799,0.5793969849246231,0.28969849246231155,0.29226780889371484,0.3654603419105578
F000397,0.0,0.3635678391959799,0.1388888888888888,0.2545875386086578,0.0,1.0,1.0,1.0,0.0,real,3,0.3701005025125628,0.3635678391959799,0.1771356783919598,0.0885678391959799,0.21782925304916542,0.3641464230701245
F000398,0.0,0.3635678391959799,0.1944444444444444,0.3469443332443554,0.0,1.0,1.0,1.0,0.0,real,3,0.3701005025125628,0.3635678391959799,0.33341708542713566,0.16670854271356783,0.2467491666877099,0.3646568899775259
F000399,0.0,0.3635678391959799,0.3055555555555556,0.3469443332443555,0.0,1.0,1.0,1.0,0.0,real,3,0.3701005025125628,0.3635678391959799,0.37613065326633166,0.18806532663316583,0.25465332314840533,0.3647964066563976
F000400,0.0,0.3635678391959799,0.1944444444444444,0.3469443332443554,0.0,1.0,1.0,1.0,0.0,real,3,0.3701005025125628,0.3635678391959799,0.33341708542713566,0.16670854271356783,0.2467491666877099,0.3646568899775259
F000401,0.0,0.3635678391959799,0.5972222222222222,0.393817968854384,0.0,1.0,1.0,1.0,0.0,real,3,0.3701005025125628,0.3635678391959799,0.48266331658291456,0.24133165829145728,0.27436721926213986,0.3651443776672306
F000402,0.0,0.3635678391959799,0.0972222222222221,0.1734721666221776,0.25,1.0,1.0,1.0,0.25,real,3,0.8304020100502513,0.3635678391959799,0.07839195979899498,0.03919597989949749,0.4477494255195576,0.3818658619731825
F000403,0.0,0.3635678391959799,0.1944444444444444,0.3469443332443554,0.5,1.0,1.0,1.0,0.5,real,3,0.9587939698492463,0.3635678391959799,0.33341708542713566,0.16670854271356783,0.6392361304007474,0.4627971200222217
F000404,0.0219364186574703,0.7472361809045226,0.6527777777777778,0.5672382737961704,0.0,1.0,1.0,1.0,0.0,real,3,0.3701005025125628,0.7472361809045226,0.7017587939698492,0.3508793969849246,0.31491089240170705,0.6149070414888513
F000405,0.0,0.3635678391959799,0.6944444444444444,0.7876359377087682,0.0,1.0,1.0,1.0,0.0,real,3,0.3701005025125628,0.3635678391959799,0.9082914572864321,0.45414572864321606,0.35312981364106966,0.3665346203378703
F000406,0.1898569058357866,0.864321608040201,0.7222222222222222,0.5091750772173156,0.0,1.0,1.0,1.0,0.0,real,3,0.3701005025125628,0.864321608040201,0.6321608040201006,0.3160804020100503,0.3020317668745739,0.7081080023231736
F000407,0.0,0.3635678391959799,0.4861111111111111,0.9141379262169074,0.0,1.0,1.0,1.0,0.0,real,3,0.3701005025125628,0.3635678391959799,0.9492462311557789,0.47462311557788944,0.3607085048357365,0.36666839221231784
F000408,0.0,0.3635678391959799,0.3194444444444444,0.3757708127352411,0.0,1.0,1.0,1.0,0.0,real,3,0.3701005025125628,0.3635678391959799,0.3969849246231156,0.1984924623115578,0.2585124113027449,0.3648645236231408
F000409,0.0,0.3635678391959799,0.3611111111111111,0.2545875386086578,0.0,1.0,1.0,1.0,0.0,real,3,0.3701005025125628,0.3635678391959799,0.1771356783919598,0.0885678391959799,0.21782925304916542,0.3641464230701245
F000410,0.0,0.3635678391959799,0.5555555555555556,0.8388704928078611,0.0,1.0,1.0,1.0,0.0,real,3,0.3701005025125628,0.3635678391959799,0.9258793969849246,0.4629396984924623,0.356384466301356,0.36659206838211156
F000411,0.0,0.3635678391959799,0.1944444444444444,0.3469443332443554,0.0,1.0,1.0,1.0,0.0,real,3,0.3701005025125628,0.3635678391959799,0.33341708542713566,0.16670854271356783,0.2467491666877099,0.3646568899775259
F000412,0.0,0.3635678391959799,0.1944444444444444,0.3469443332443554,0.0,1.0,1.0,1.0,0.0,real,3,0.3701005025125628,0.3635678391959799,0.33341708542713566,0.16670854271356783,0.2467491666877099,0.3646568899775259
F000413,0.0,0.3635678391959799,0.4861111111111111,0.9141379262169074,0.0,1.0,1.0,1.0,0.0,real,3,0.3701005025125628,0.3635678391959799,0.9492462311557789,0.47462311557788944,0.3607085048357365,0.36666839221231784
F000414,0.0,0.3635678391959799,0.4027777777777778,0.1734721666221777,0.0,1.0,1.0,1.0,0.0,real,3,0.3701005025125628,0.3635678391959799,0.08819095477386935,0.04409547738693467,0.20137000959571727,0.36385590010353275
F000415,0.0,0.3635678391959799,0.1944444444444444,0.3469443332443554,0.25,1.0,1.0,1.0,0.25,real,3,0.8304020100502513,0.3635678391959799,0.33341708542713566,0.16670854271356783,0.5536361139870205,0.4413930835079922
F000416,0.0,0.3635678391959799,0.2222222222222222,0.769800358919501,0.0,1.0,1.0,1.0,0.0,real,3,0.3701005025125628,0.3635678391959799,0.9007537688442211,0.45037688442211055,0.35173496250094693,0.3665099997474811
F000417,0.0,0.3635678391959799,0.1944444444444444,0.3469443332443554,0.25,1.0,1.0,1.0,0.25,real,3,0.8304020100502513,0.3635678391959799,0.33341708542713566,0.16670854271356783,0.5536361139870205,0.4413930835079922
F000418,0.25,0.8977386934673367,0.75,0.5,0.0,1.0,1.0,1.0,0.0,real,3,0.3701005025125628,0.8977386934673367,0.5793969849246231,0.28969849246231155,0.29226780889371484,0.7448827049821973
F000419,0.0,0.3635678391959799,0.0833333333333333,0.2886751345948128,0.0,1.0,1.0,1.0,0.0,real,3,0.3701005025125628,0.3635678391959799,0.228391959798995,0.1141959798994975,0.22731424080199994,0.36431384308477055
F000420,0.3009680169468978,0.9133165829145728,0.7777777777777778,0.5091750772173156,0.0,1.0,1.0,1.0,0.0,real,3,0.3701005025125628,0.9133165829145728,0.6321608040201006,0.3160804020100503,0.3020317668745739,0.7416166258427818
F000421,0.0,0.3635678391959799,0.25,0.5,0.0,1.0,1.0,1.0,0.0,real,3,0.3701005025125628,0.3635678391959799,0.5793969849246231,0.28969849246231155,0.29226780889371484,0.3654603419105578
F000422,0.0,0.3635678391959799,0.1944444444444444,0.3469443332443554,0.0,1.0,1.0,1.0,0.0,real,3,0.3701005025125628,0.3635678391959799,0.33341708542713566,0.16670854271356783,0.2467491666877099,0.3646568899775259
F000423,0.0,0.3635678391959799,0.3055555555555556,0.6735753140545634,0.0,1.0,1.0,1.0,0.0,real,3,0.3701005025125628,0.3635678391959799,0.8160804020100503,0.40804020100502514,0.33606613469356833,0.36623342844877654
F000424,0.0,0.3635678391959799,0.5416666666666666,0.3818813079129866,0.0,1.0,1.0,1.0,0.0,real,3,0.3701005025125628,0.3635678391959799,0.4236180904522613,0.21180904522613064,0.2634408853311785,0.3649515163758491
F000425,0.0,0.3635678391959799,0.5972222222222222,0.393817968854384,0.0,1.0,1.0,1.0,0.0,real,3,0.3701005025125628,0.3635678391959799,0.48266331658291456,0.24133165829145728,0.27436721926213986,0.3651443776672306
F000426,0.0,0.3635678391959799,0.4722222222222222,0.4194352464039305,0.0,1.0,1.0,1.0,0.0,real,3,0.3701005025125628,0.3635678391959799,0.5165829145728643,0.25829145728643216,0.2806440493926921,0.3652551703239817
F000427,0.0,0.3635678391959799,0.2777777777777778,0.0962250448649376,0.0,1.0,1.0,1.0,0.0,real,3,0.3701005025125628,0.3635678391959799,0.021105527638190954,0.010552763819095477,0.18895583444862502,0.3636367768490695
F000428,0.0483797153000638,0.7836683417085427,0.6805555555555556,0.6254627916220946,0.0,1.0,1.0,1.0,0.0,real,3,0.3701005025125628,0.7836683417085427,0.7610552763819095,0.38052763819095475,0.32588372137067245,0.6262943486275598
F000429,0.0,0.3635678391959799,0.1944444444444444,0.3469443332443554,0.0,1.0,1.0,1.0,0.0,real,3,0.3701005025125628,0.3635678391959799,0.33341708542713566,0.16670854271356783,0.2467491666877099,0.3646568899775259
F000430,0.0483797153000638,0.7836683417085427,0.6805555555555556,0.6254627916220946,0.5,1.0,0.5,0.5,0.5,real,3,0.9587939698492463,0.7836683417085427,0.7610552763819095,0.19026381909547738,0.4221222948915432,0.8169884125400874
F000431,0.0,0.3635678391959799,0.25,0.5,0.0,1.0,1.0,1.0,0.0,real,3,0.3701005025125628,0.3635678391959799,0.5793969849246231,0.28969849246231155,0.29226780889371484,0.3654603419105578
F000432,0.0,0.3635678391959799,0.0972222222222221,0.1734721666221776,0.25,1.0,1.0,1.0,0.25,real,3,0.8304020100502513,0.3635678391959799,0.07839195979899498,0.03919597989949749,0.4477494255195576,0.3818658619731825
F000433,0.0,0.3635678391959799,0.4166666666666667,0.2886751345948129,0.0,1.0,1.0,1.0,0.0,real,3,0.3701005025125628,0.3635678391959799,0.26030150753768844,0.13015075376884422,0.2332191106285195,0.36441807025075124
F000434,0.0334936490538903,0.7618090452261307,0.625,0.4330127018922193,0.0,1.0,1.0,1.0,0.0,real,3,0.3701005025125628,0.7618090452261307,0.5271356783919598,0.2635678391959799,0.28259684098886395,0.6585672710285094
F000435,0.3009680169468978,0.9133165829145728,0.7777777777777778,0.5091750772173156,0.0,1.0,1.0,1.0,0.0,real,3,0.3701005025125628,0.9133165829145728,0.6321608040201006,0.3160804020100503,0.3020317668745739,0.7416166258427818
F000436,0.0,0.3635678391959799,0.3472222222222222,0.6988747569671736,0.0,1.0,1.0,1.0,0.0,real,3,0.3701005025125628,0.3635678391959799,0.8437185929648241,0.42185929648241205,0.34118058887401836,0.36632370394687
F000437,0.0,0.3635678391959799,0.0833333333333333,0.2886751345948128,0.0,1.0,1.0,1.0,0.0,real,3,0.3701005025125628,0.3635678391959799,0.228391959798995,0.1141959798994975,0.22731424080199994,0.36431384308477055
F000438,0.0,0.3635678391959799,0.4444444444444444,1.0183501544346312,0.0,1.0,1.0,1.0,0.0,real,3,0.3701005025125628,0.3635678391959799,0.9741206030150754,0.4870603015075377,0.36531151359814146,0.3667496401606021
F000439,0.0,0.3635678391959799,0.1666666666666666,0.5773502691896258,0.0,1.0,1.0,1.0,0.0,real,3,0.3701005025125628,0.3635678391959799,0.7276381909547739,0.36381909547738694,0.3196998813161284,0.36594454685487743
F000440,0.0,0.3635678391959799,0.1944444444444444,0.3469443332443554,0.0,1.0,1.0,1.0,0.0,real,3,0.3701005025125628,0.3635678391959799,0.33341708542713566,0.16670854271356783,0.2467491666877099,0.3646568899775259
F000441,0.0,0.3635678391959799,0.1944444444444444,0.3469443332443554,0.0,1.0,1.0,1.0,0.0,real,3,0.3701005025125628,0.3635678391959799,0.33341708542713566,0.16670854271356783,0.2467491666877099,0.3646568899775259
F000442,0.0,0.3635678391959799,0.4305555555555555,0.9871864246620478,0.0,1.0,1.0,1.0,0.0,real,3,0.3701005025125628,0.3635678391959799,0.9628140703517588,0.4814070351758794,0.36321923688795743,0.3667127092750183
F000443,0.0,0.3635678391959799,0.5277777777777778,0.8221471437193746,0.5,1.0,1.0,1.0,0.5,real,3,0.9587939698492463,0.3635678391959799,0.9208542713567839,0.46042713567839194,0.9208517461680261,0.6376261016135956
F000444,0.0,0.3635678391959799,0.6388888888888888,0.7515416254704823,0.0,1.0,1.0,1.0,0.0,real,3,0.3701005025125628,0.3635678391959799,0.8728643216080402,0.4364321608040201,0.3465740132824929,0.3664189035630414
F000445,0.0,0.3635678391959799,0.6527777777777778,0.6684005230842202,0.0,1.0,1.0,1.0,0.0,real,3,0.3701005025125628,0.3635678391959799,0.8037688442211055,0.40188442211055275,0.3337878778313679,0.36619321481780764
F000446,0.0,0.3635678391959799,0.25,0.5,0.0,1.0,1.0,1.0,0.0,real,3,0.3701005025125628,0.3635678391959799,0.5793969849246231,0.28969849246231155,0.29226780889371484,0.3654603419105578
F000447,0.2224894150898172,0.8839195979899498,0.7916666666666667,0.7216878364870323,0.5,1.0,1.0,1.0,0.5,real,3,0.9587939698492463,0.8839195979899498,0.857286432160804,0.428643216080402,0.8903775157193,0.9160139895457186
F000448,0.4376389444889332,0.951005025125628,0.8055555555555556,0.3469443332443555,0.0,1.0,1.0,1.0,0.0,real,3,0.3701005025125628,0.951005025125628,0.37613065326633166,0.18806532663316583,0.25465332314840533,0.8417570263377187
F000449,0.2224894150898172,0.8839195979899498,0.7916666666666667,0.7216878364870323,0.25,1.0,1.0,1.0,0.25,real,3,0.8304020100502513,0.8839195979899498,0.857286432160804,0.428643216080402,0.7711471932526957,0.8609796469786117
F000450,0.0,0.3635678391959799,0.1527777777777777,0.3367876570272816,0.0,1.0,1.0,1.0,0.0,real,3,0.3701005025125628,0.3635678391959799,0.2947236180904523,0.14736180904522614,0.23958893083507993,0.36453050428019496
F000451,0.0,0.3635678391959799,0.2222222222222222,0.769800358919501,0.0,1.0,1.0,1.0,0.0,real,3,0.3701005025125628,0.3635678391959799,0.9007537688442211,0.45037688442211055,0.35173496250094693,0.3665099997474811
F000452,0.0,0.3635678391959799,0.125,0.25,0.25,1.0,1.0,1.0,0.25,real,3,0.8304020100502513,0.3635678391959799,0.1349246231155779,0.06746231155778895,0.47122184414534984,0.3950615514759729
F000453,0.0,0.3635678391959799,0.4305555555555555,0.9871864246620478,0.0,1.0,1.0,1.0,0.0,real,3,0.3701005025125628,0.3635678391959799,0.9628140703517588,0.4814070351758794,0.36321923688795743,0.3667127092750183
F000454,0.1504840084734488,0.8346733668341708,0.6388888888888888,0.2545875386086578,0.25,1.0,1.0,1.0,0.25,real,3,0.8304020100502513,0.8346733668341708,0.1771356783919598,0.0885678391959799,0.48874791671927476,0.834295061993384
F000455,0.0,0.3635678391959799,0.3611111111111111,0.8552669065744807,0.0,1.0,1.0,1.0,0.0,real,3,0.3701005025125628,0.3635678391959799,0.928894472361809,0.4644472361809045,0.3569424067574051,0.36660191661826724
F000456,0.0,0.3635678391959799,0.5972222222222222,0.393817968854384,0.5,1.0,1.0,1.0,0.5,real,3,0.9587939698492463,0.3635678391959799,0.48266331658291456,0.24133165829145728,0.7107843236281912,0.5072147483649403
F000457,0.0,0.3635678391959799,0.3611111111111111,0.8552669065744807,0.25,1.0,1.0,1.0,0.25,real,3,0.8304020100502513,0.3635678391959799,0.928894472361809,0.4644472361809045,0.8008789235120325,0.5803876796040504
F000458,0.2666854362923786,0.9065326633165828,0.7361111111111112,0.4110735718596873,0.0,1.0,1.0,1.0,0.0,real,3,0.3701005025125628,0.9065326633165828,0.507035175879397,0.2535175879396985,0.27887723794853664,0.7705376758162671
F000459,0.2154167222667111,0.8768844221105527,0.6944444444444444,0.3469443332443555,0.0,1.0,1.0,1.0,0.0,real,3,0.3701005025125628,0.8768844221105527,0.37613065326633166,0.18806532663316583,0.25465332314840533,0.7815759387389207
F000460,0.0,0.3635678391959799,0.0555555555555555,0.1924500897298752,0.0,1.0,1.0,1.0,0.0,real,3,0.3701005025125628,0.3635678391959799,0.1,0.05,0.20355527638190957,0.363894472361809
F000461,0.0,0.3635678391959799,0.1388888888888888,0.2545875386086578,0.0,1.0,1.0,1.0,0.0,real,3,0.3701005025125628,0.3635678391959799,0.1771356783919598,0.0885678391959799,0.21782925304916542,0.3641464230701245
F000462,0.0,0.3635678391959799,0.5972222222222222,0.393817968854384,0.25,1.0,1.0,1.0,0.25,real,3,0.8304020100502513,0.3635678391959799,0.48266331658291456,0.24133165829145728,0.6156032991591122,0.4762297037953587
F000463,0.0,0.3635678391959799,0.3194444444444444,0.3757708127352411,0.0,1.0,1.0,1.0,0.0,real,3,0.3701005025125628,0.3635678391959799,0.3969849246231156,0.1984924623115578,0.2585124113027449,0.3648645236231408
F000464,0.0,0.3635678391959799,0.1388888888888888,0.2545875386086578,0.25,1.0,1.0,1.0,0.25,real,3,0.8304020100502513,0.3635678391959799,0.1771356783919598,0.0885678391959799,0.48874791671927476,0.4049143329713896
F000465,0.0223290993692601,0.7540201005025126,0.5833333333333334,0.2886751345948129,0.0,1.0,1.0,1.0,0.0,real,3,0.3701005025125628,0.7540201005025126,0.26030150753768844,0.13015075376884422,0.2332191106285195,0.704052675437489
F000466,0.1178513660507478,0.8135678391959799,0.736111111111111,0.7087417123429486,0.0,1.0,1.0,1.0,0.0,real,3,0.3701005025125628,0.8135678391959799,0.8517587939698492,0.4258793969849246,0.34266843009014925,0.6247042372667356
F000467,0.5752420042367246,0.9706030150753768,0.8194444444444444,0.1272937693043289,0.0,1.0,1.0,1.0,0.0,real,3,0.3701005025125628,0.9706030150753768,0.03869346733668342,0.01934673366834171,0.1922104871089114,0.9589852528976541
F000468,0.1504840084734488,0.8346733668341708,0.6388888888888888,0.2545875386086578,0.0,1.0,1.0,1.0,0.0,real,3,0.3701005025125628,0.8346733668341708,0.1771356783919598,0.0885678391959799,0.21782925304916542,0.7935271520921189
F000469,0.0,0.3635678391959799,0.5555555555555556,0.5357583756107197,0.5,1.0,1.0,1.0,0.5,real,3,0.9587939698492463,0.3635678391959799,0.6798994974874372,0.3399497487437186,0.805338754071867,0.5659148127572536
F000470,0.0,0.3635678391959799,0.2777777777777778,0.5091750772173156,0.25,1.0,1.0,1.0,0.25,real,3,0.8304020100502513,0.3635678391959799,0.6321608040201006,0.3160804020100503,0.6776748061917629,0.5111249715916265
F000471,0.0,0.3635678391959799,0.1944444444444444,0.3469443332443554,0.25,1.0,1.0,1.0,0.25,real,3,0.8304020100502513,0.3635678391959799,0.33341708542713566,0.16670854271356783,0.5536361139870205,0.4413930835079922
F000472,0.0,0.3635678391959799,0.4583333333333333,1.010362971081845,0.0,1.0,1.0,1.0,0.0,real,3,0.3701005025125628,0.3635678391959799,0.9678391959798995,0.48391959798994977,0.3641491376480392,0.3667291230019444
F000473,0.0,0.3635678391959799,0.3888888888888889,0.693888666488711,0.0,1.0,1.0,1.0,0.0,real,3,0.3701005025125628,0.3635678391959799,0.8351758793969849,0.41758793969849245,0.33959975758187927,0.3662958006110957
F000474,0.0,0.3635678391959799,0.1805555555555555,0.3757708127352412,0.0,1.0,1.0,1.0,0.0,real,3,0.3701005025125628,0.3635678391959799,0.40804020100502514,0.20402010050251257,0.2605581929749249,0.36490063382237825
F000475,0.1485783278408043,0.8238693467336683,0.7361111111111112,0.6472877887628358,0.0,1.0,1.0,1.0,0.0,real,3,0.3701005025125628,0.8238693467336683,0.7924623115577889,0.39623115577889445,0.3316956011211838,0.6440719931314866
F000476,0.0,0.3635678391959799,0.1111111111111111,0.3849001794597505,0.0,1.0,1.0,1.0,0.0,real,3,0.3701005025125628,0.3635678391959799,0.4492462311557789,0.22462311557788944,0.2681833792075958,0.3650352263831721
F000477,0.0223290993692601,0.7540201005025126,0.5833333333333334,0.2886751345948129,0.5,1.0,1.0,1.0,0.5,real,3,0.9587939698492463,0.7540201005025126,0.26030150753768844,0.13015075376884422,0.604184742809525,0.7806715739501529
F000478,0.0,0.3635678391959799,0.1388888888888888,0.2545875386086578,0.0,1.0,1.0,1.0,0.0,real,3,0.3701005025125628,0.3635678391959799,0.1771356783919598,0.0885678391959799,0.21782925304916542,0.3641464230701245
F000479,0.0,0.3635678391959799,0.6388888888888888,0.7515416254704823,0.5,1.0,1.0,1.0,0.5,real,3,0.9587939698492463,0.3635678391959799,0.8728643216080402,0.4364321608040201,0.897845508951794,0.623343665564001
F000480,0.3231250834000667,0.9236180904522612,0.7916666666666667,0.5204164998665333,0.25,1.0,1.0,1.0,0.25,real,3,0.8304020100502513,0.9236180904522612,0.6665829145728643,0.33329145728643217,0.6919669010883563,0.8925499671725461
F000481,0.0,0.3635678391959799,0.1944444444444444,0.3469443332443554,0.0,1.0,1.0,1.0,0.0,real,3,0.3701005025125628,0.3635678391959799,0.33341708542713566,0.16670854271356783,0.2467491666877099,0.3646568899775259
F000482,0.0,0.3635678391959799,0.1944444444444444,0.3469443332443554,0.0,1.0,1.0,1.0,0.0,real,3,0.3701005025125628,0.3635678391959799,0.33341708542713566,0.16670854271356783,0.2467491666877099,0.3646568899775259
F000483,0.0,0.3635678391959799,0.3611111111111111,0.2545875386086578,0.0,1.0,1.0,1.0,0.0,real,3,0.3701005025125628,0.3635678391959799,0.1771356783919598,0.0885678391959799,0.21782925304916542,0.3641464230701245
F000484,0.5949284529178934,0.9836683417085428,0.8611111111111112,0.2545875386086578,0.0,1.0,1.0,1.0,0.0,real,3,0.3701005025125628,0.9836683417085428,0.1771356783919598,0.0885678391959799,0.21782925304916542,0.9293259639908085
F000485,0.0,0.3635678391959799,0.4444444444444444,0.5357583756107198,0.5,1.0,1.0,1.0,0.5,real,3,0.9587939698492463,0.3635678391959799,0.6912060301507538,0.3456030150753769,0.8107590717406126,0.5692797846013989
F000486,0.1898569058357866,0.864321608040201,0.7222222222222222,0.5091750772173156,0.0,1.0,1.0,1.0,0.0,real,3,0.3701005025125628,0.864321608040201,0.6321608040201006,0.3160804020100503,0.3020317668745739,0.7081080023231736
F000487,0.01116454968463,0.7346733668341708,0.5416666666666666,0.1443375672974064,0.0,1.0,1.0,1.0,0.0,real,3,0.3701005025125628,0.7346733668341708,0.06030150753768844,0.03015075376884422,0.1962090603772632,0.7236812201712077
F000488,0.0,0.3635678391959799,0.1805555555555555,0.1272937693043289,0.25,1.0,1.0,1.0,0.25,real,3,0.8304020100502513,0.3635678391959799,0.03869346733668342,0.01934673366834171,0.4312665715512235,0.3725995555667786
F000489,0.0334936490538903,0.7618090452261307,0.625,0.4330127018922193,0.0,1.0,1.0,1.0,0.0,real,3,0.3701005025125628,0.7618090452261307,0.5271356783919598,0.2635678391959799,0.28259684098886395,0.6585672710285094
F000490,0.0,0.3635678391959799,0.1666666666666666,0.2886751345948128,0.0,1.0,1.0,1.0,0.0,real,3,0.3701005025125628,0.3635678391959799,0.228391959798995,0.1141959798994975,0.22731424080199994,0.36431384308477055
F000491,0.1898569058357866,0.864321608040201,0.7222222222222222,0.5091750772173156,0.0,1.0,1.0,1.0,0.0,real,3,0.3701005025125628,0.864321608040201,0.6321608040201006,0.3160804020100503,0.3020317668745739,0.7081080023231736
F000492,0.0,0.3635678391959799,0.1666666666666666,0.5773502691896258,0.0,1.0,1.0,1.0,0.0,real,3,0.3701005025125628,0.3635678391959799,0.7276381909547739,0.36381909547738694,0.3196998813161284,0.36594454685487743
F000493,0.0,0.3635678391959799,0.1944444444444444,0.3469443332443554,0.0,1.0,1.0,1.0,0.0,real,3,0.3701005025125628,0.3635678391959799,0.33341708542713566,0.16670854271356783,0.2467491666877099,0.3646568899775259
F000494,0.0,0.3635678391959799,0.3611111111111111,0.7515416254704823,0.0,1.0,1.0,1.0,0.0,real,3,0.3701005025125628,0.3635678391959799,0.8728643216080402,0.4364321608040201,0.3465740132824929,0.3664189035630414
F000495,0.0,0.3635678391959799,0.4444444444444444,0.5357583756107198,0.5,1.0,1.0,1.0,0.5,real,3,0.9587939698492463,0.3635678391959799,0.6912060301507538,0.3456030150753769,0.8107590717406126,0.5692797846013989
F000496,0.0,0.3635678391959799,0.0416666666666666,0.1443375672974064,0.0,1.0,1.0,1.0,0.0,real,3,0.3701005025125628,0.3635678391959799,0.06030150753768844,0.03015075376884422,0.1962090603772632,0.36376480391909294
F000497,0.0,0.3635678391959799,0.3194444444444444,0.1272937693043289,0.0,1.0,1.0,1.0,0.0,real,3,0.3701005025125628,0.3635678391959799,0.03869346733668342,0.01934673366834171,0.1922104871089114,0.36369422489331077
F000498,0.0,0.3635678391959799,0.2361111111111111,0.2097176232019652,0.0,1.0,1.0,1.0,0.0,real,3,0.3701005025125628,0.3635678391959799,0.11708542713567839,0.058542713567839195,0.20671693896618776,0.36395027903335775
F000499,0.0,0.3635678391959799,0.0972222222222221,0.1734721666221776,0.0,1.0,1.0,1.0,0.0,real,3,0.3701005025125628,0.3635678391959799,0.07839195979899498,0.03919597989949749,0.19955670311355775,0.3638238933360269
F000500,0.0,0.3635678391959799,0.0833333333333333,0.2886751345948128,0.0,1.0,1.0,1.0,0.0,real,3,0.3701005025125628,0.3635678391959799,0.228391959798995,0.1141959798994975,0.22731424080199994,0.36431384308477055
F000501,0.0,0.3635678391959799,0.1944444444444444,0.3469443332443554,0.25,1.0,1.0,1.0,0.25,real,3,0.8304020100502513,0.3635678391959799,0.33341708542713566,0.16670854271356783,0.5536361139870205,0.4413930835079922
F000502,0.0,0.3635678391959799,0.3611111111111111,0.2545875386086578,0.0,1.0,1.0,1.0,0.0,real,3,0.3701005025125628,0.3635678391959799,0.1771356783919598,0.0885678391959799,0.21782925304916542,0.3641464230701245
F000503,0.0,0.3635678391959799,0.1388888888888888,0.2545875386086578,0.0,1.0,1.0,1.0,0.0,real,3,0.3701005025125628,0.3635678391959799,0.1771356783919598,0.0885678391959799,0.21782925304916542,0.3641464230701245
F000504,0.7926638440239513,0.9952261306532664,0.9444444444444444,0.1924500897298752,0.25,1.0,1.0,1.0,0.25,real,3,0.8304020100502513,0.9952261306532664,0.1,0.05,0.4567211055276382,0.9869849246231156
F000505,0.0,0.3635678391959799,0.1805555555555555,0.1272937693043289,0.0,1.0,1.0,1.0,0.0,real,3,0.3701005025125628,0.3635678391959799,0.03869346733668342,0.01934673366834171,0.1922104871089114,0.36369422489331077
F000506,0.0,0.3635678391959799,0.3888888888888889,0.693888666488711,0.0,1.0,1.0,1.0,0.0,real,3,0.3701005025125628,0.3635678391959799,0.8351758793969849,0.41758793969849245,0.33959975758187927,0.3662958006110957
F000507,0.0,0.3635678391959799,0.3055555555555556,0.6735753140545634,0.5,1.0,1.0,1.0,0.5,real,3,0.9587939698492463,0.3635678391959799,0.8160804020100503,0.40804020100502514,0.8706234691043155,0.6064440291911821
F000508,0.0,0.3635678391959799,0.25,0.5,0.25,1.0,1.0,1.0,0.25,real,3,0.8304020100502513,0.3635678391959799,0.5793969849246231,0.28969849246231155,0.6557672154743568,0.4988089947223555
F000509,0.0,0.3635678391959799,0.3194444444444444,0.3757708127352411,0.0,1.0,1.0,1.0,0.0,real,3,0.3701005025125628,0.3635678391959799,0.3969849246231156,0.1984924623115578,0.2585124113027449,0.3648645236231408
F000510,0.0,0.3635678391959799,0.2083333333333333,0.3818813079129866,0.0,1.0,1.0,1.0,0.0,real,3,0.3701005025125628,0.3635678391959799,0.4236180904522613,0.21180904522613064,0.2634408853311785,0.3649515163758491
F000511,0.3231250834000667,0.9236180904522612,0.7916666666666667,0.5204164998665333,0.0,1.0,1.0,1.0,0.0,real,3,0.3701005025125628,0.9236180904522612,0.6665829145728643,0.33329145728643217,0.3084015870811343,0.7391354069341682
F000512,0.0,0.3635678391959799,0.5416666666666666,0.3818813079129866,0.0,1.0,1.0,1.0,0.0,real,3,0.3701005025125628,0.3635678391959799,0.4236180904522613,0.21180904522613064,0.2634408853311785,0.3649515163758491
F000513,0.0,0.3635678391959799,0.5138888888888888,0.2926570486903538,0.0,1.0,1.0,1.0,0.0,real,3,0.3701005025125628,0.3635678391959799,0.2829145728643216,0.1414572864321608,0.23740366404888766,0.36449193202191865
F000514,0.0,0.3635678391959799,0.0555555555555555,0.1924500897298752,0.0,1.0,1.0,1.0,0.0,real,3,0.3701005025125628,0.3635678391959799,0.1,0.05,0.20355527638190957,0.363894472361809
F000515,0.0,0.3635678391959799,0.3611111111111111,0.7515416254704823,0.0,1.0,1.0,1.0,0.0,real,3,0.3701005025125628,0.3635678391959799,0.8728643216080402,0.4364321608040201,0.3465740132824929,0.3664189035630414
F000516,0.1178513660507478,0.8135678391959799,0.736111111111111,0.7087417123429486,0.0,1.0,1.0,1.0,0.0,real,3,0.3701005025125628,0.8135678391959799,0.8517587939698492,0.4258793969849246,0.34266843009014925,0.6247042372667356
F000517,0.0,0.3635678391959799,0.5972222222222222,0.393817968854384,0.0,1.0,1.0,1.0,0.0,real,3,0.3701005025125628,0.3635678391959799,0.48266331658291456,0.24133165829145728,0.27436721926213986,0.3651443776672306
F000518,0.5853276880479024,0.9761306532663316,0.8888888888888888,0.3849001794597506,0.25,1.0,1.0,1.0,0.25,real,3,0.8304020100502513,0.9761306532663316,0.45879396984924625,0.22939698492462313,0.6056927224059999,0.9427009418954067
F000519,0.0,0.3635678391959799,0.6388888888888888,0.7515416254704823,0.0,1.0,1.0,1.0,0.0,real,3,0.3701005025125628,0.3635678391959799,0.8728643216080402,0.4364321608040201,0.3465740132824929,0.3664189035630414
F000520,0.25,0.8977386934673367,0.75,0.5,0.0,1.0,1.0,1.0,0.0,real,3,0.3701005025125628,0.8977386934673367,0.5793969849246231,0.28969849246231155,0.29226780889371484,0.7448827049821973
F000521,0.0334936490538903,0.7618090452261307,0.625,0.4330127018922193,0.5,1.0,1.0,1.0,0.5,real,3,0.9587939698492463,0.7618090452261307,0.5271356783919598,0.2635678391959799,0.7321042397919245,0.8137279361632281
F000522,0.0,0.3635678391959799,0.5972222222222222,0.393817968854384,0.0,1.0,1.0,1.0,0.0,real,3,0.3701005025125628,0.3635678391959799,0.48266331658291456,0.24133165829145728,0.27436721926213986,0.3651443776672306
F000523,0.0,0.3635678391959799,0.375,1.0897247358851685,0.0,1.0,1.0,1.0,0.0,real,3,0.3701005025125628,0.3635678391959799,0.9899497487437185,0.4949748743718593,0.3682407009923992,0.3668013434004192
F000524,0.0,0.3635678391959799,0.3472222222222222,0.5672382737961704,0.0,1.0,1.0,1.0,0.0,real,3,0.3701005025125628,0.3635678391959799,0.7017587939698492,0.3508793969849246,0.31491089240170705,0.365860016161208
F000525,0.0,0.3635678391959799,0.3055555555555556,0.7876359377087682,0.0,1.0,1.0,1.0,0.0,real,3,0.3701005025125628,0.3635678391959799,0.9082914572864321,0.45414572864321606,0.35312981364106966,0.3665346203378703
F000526,0.0,0.3635678391959799,0.1944444444444444,0.3469443332443554,0.0,1.0,1.0,1.0,0.0,real,3,0.3701005025125628,0.3635678391959799,0.33341708542713566,0.16670854271356783,0.2467491666877099,0.3646568899775259
F000527,0.01116454968463,0.7346733668341708,0.5416666666666666,0.1443375672974064,0.25,1.0,1.0,1.0,0.25,real,3,0.8304020100502513,0.7346733668341708,0.06030150753768844,0.03015075376884422,0.4402382515593041,0.7375596575844043
F000528,0.1504840084734488,0.8346733668341708,0.6388888888888888,0.2545875386086578,0.0,1.0,1.0,1.0,0.0,real,3,0.3701005025125628,0.8346733668341708,0.1771356783919598,0.0885678391959799,0.21782925304916542,0.7935271520921189
F000529,0.0,0.3635678391959799,0.6111111111111112,0.693888666488711,0.0,1.0,1.0,1.0,0.0,real,3,0.3701005025125628,0.3635678391959799,0.8351758793969849,0.41758793969849245,0.33959975758187927,0.3662958006110957
F000530,0.4376389444889332,0.951005025125628,0.8055555555555556,0.3469443332443555,0.0,1.0,1.0,1.0,0.0,real,3,0.3701005025125628,0.951005025125628,0.37613065326633166,0.18806532663316583,0.25465332314840533,0.8417570263377187
F000531,0.0,0.3635678391959799,0.5694444444444444,0.4738533919231106,0.0,1.0,1.0,1.0,0.0,real,3,0.3701005025125628,0.3635678391959799,0.535427135678392,0.267713567839196,0.2841311772429989,0.36531672179995456
F000532,0.0,0.3635678391959799,0.4027777777777778,0.6364688465216445,0.5,1.0,1.0,1.0,0.5,real,3,0.9587939698492463,0.3635678391959799,0.7829145728643216,0.3914572864321608,0.8547238706093281,0.5965734451150224
F000533,0.0,0.3635678391959799,0.3611111111111111,0.2545875386086578,0.25,1.0,1.0,1.0,0.25,real,3,0.8304020100502513,0.3635678391959799,0.1771356783919598,0.0885678391959799,0.48874791671927476,0.4049143329713896
F000534,0.0,0.3635678391959799,0.1666666666666666,0.5773502691896258,0.0,1.0,1.0,1.0,0.0,real,3,0.3701005025125628,0.3635678391959799,0.7276381909547739,0.36381909547738694,0.3196998813161284,0.36594454685487743
F000535,0.0,0.3635678391959799,0.3055555555555556,0.6735753140545634,0.0,1.0,1.0,1.0,0.0,real,3,0.3701005025125628,0.3635678391959799,0.8160804020100503,0.40804020100502514,0.33606613469356833,0.36623342844877654
F000536,0.0,0.3635678391959799,0.1388888888888888,0.2545875386086578,0.0,1.0,1.0,1.0,0.0,real,3,0.3701005025125628,0.3635678391959799,0.1771356783919598,0.0885678391959799,0.21782925304916542,0.3641464230701245
F000537,0.1504840084734488,0.8346733668341708,0.6388888888888888,0.2545875386086578,0.0,1.0,1.0,1.0,0.0,real,3,0.3701005025125628,0.8346733668341708,0.1771356783919598,0.0885678391959799,0.21782925304916542,0.7935271520921189
F000538,0.0,0.3635678391959799,0.1944444444444444,0.3469443332443554,0.5,1.0,1.0,1.0,0.5,real,3,0.9587939698492463,0.3635678391959799,0.33341708542713566,0.16670854271356783,0.6392361304007474,0.4627971200222217
F000539,0.0,0.3635678391959799,0.5555555555555556,0.5357583756107197,0.0,1.0,1.0,1.0,0.0,real,3,0.3701005025125628,0.3635678391959799,0.6798994974874372,0.3399497487437186,0.31086582409535113,0.36578861644907956
F000540,0.125,0.8168341708542713,0.625,0.25,0.0,1.0,1.0,1.0,0.0,real,3,0.3701005025125628,0.8168341708542713,0.1349246231155779,0.06746231155778895,0.21001808666447816,0.7866964849372491
F000541,0.0521012318616071,0.7947236180904522,0.6944444444444444,0.6735753140545634,0.0,1.0,1.0,1.0,0.0,real,3,0.3701005025125628,0.7947236180904522,0.8160804020100503,0.40804020100502514,0.33606613469356833,0.6214603166586702
F000542,0.0,0.3635678391959799,0.25,0.5,0.0,1.0,1.0,1.0,0.0,real,3,0.3701005025125628,0.3635678391959799,0.5793969849246231,0.28969849246231155,0.29226780889371484,0.3654603419105578
F000543,0.1889957660359268,0.8522613065326633,0.6666666666666666,0.2886751345948129,0.5,1.0,1.0,1.0,0.5,real,3,0.9587939698492463,0.8522613065326633,0.26030150753768844,0.13015075376884422,0.604184742809525,0.8661266129643191
F000544,0.0,0.3635678391959799,0.5416666666666666,0.3818813079129866,0.25,1.0,1.0,1.0,0.25,real,3,0.8304020100502513,0.3635678391959799,0.4236180904522613,0.21180904522613064,0.5910876619277291,0.46244753920355547
F000545,0.1178513660507478,0.8135678391959799,0.736111111111111,0.7087417123429486,0.0,1.0,1.0,1.0,0.0,real,3,0.3701005025125628,0.8135678391959799,0.8517587939698492,0.4258793969849246,0.34266843009014925,0.6247042372667356
F000546,0.0,0.3635678391959799,0.4861111111111111,0.9141379262169074,0.0,1.0,1.0,1.0,0.0,real,3,0.3701005025125628,0.3635678391959799,0.9492462311557789,0.47462311557788944,0.3607085048357365,0.36666839221231784
F000547,0.0,0.3635678391959799,0.25,0.5,0.0,1.0,1.0,1.0,0.0,real,3,0.3701005025125628,0.3635678391959799,0.5793969849246231,0.28969849246231155,0.29226780889371484,0.3654603419105578
F000548,0.0,0.3635678391959799,0.1944444444444444,0.3469443332443554,0.0,1.0,1.0,1.0,0.0,real,3,0.3701005025125628,0.3635678391959799,0.33341708542713566,0.16670854271356783,0.2467491666877099,0.3646568899775259
F000549,0.0,0.3635678391959799,0.3611111111111111,0.2545875386086578,0.0,1.0,1.0,1.0,0.0,real,3,0.3701005025125628,0.3635678391959799,0.1771356783919598,0.0885678391959799,0.21782925304916542,0.3641464230701245
F000550,0.0,0.3635678391959799,0.1944444444444444,0.3469443332443554,0.0,1.0,1.0,1.0,0.0,real,3,0.3701005025125628,0.3635678391959799,0.33341708542713566,0.16670854271356783,0.2467491666877099,0.3646568899775259
F000551,0.0,0.3635678391959799,0.4166666666666667,0.2886751345948129,0.0,1.0,1.0,1.0,0.0,real,3,0.3701005025125628,0.3635678391959799,0.26030150753768844,0.13015075376884422,0.2332191106285195,0.36441807025075124
F000552,0.0,0.3635678391959799,0.0972222222222221,0.1734721666221776,0.0,1.0,1.0,1.0,0.0,real,3,0.3701005025125628,0.3635678391959799,0.07839195979899498,0.03919597989949749,0.19955670311355775,0.3638238933360269
F000553,0.0,0.3635678391959799,0.25,0.5,0.0,1.0,1.0,1.0,0.0,real,3,0.3701005025125628,0.3635678391959799,0.5793969849246231,0.28969849246231155,0.29226780889371484,0.3654603419105578
F000554,0.4376389444889332,0.951005025125628,0.8055555555555556,0.3469443332443555,0.0,1.0,1.0,1.0,0.0,real,3,0.3701005025125628,0.951005025125628,0.37613065326633166,0.18806532663316583,0.25465332314840533,0.8417570263377187
F000555,0.0,0.3635678391959799,0.4861111111111111,0.2926570486903539,0.0,1.0,1.0,1.0,0.0,real,3,0.3701005025125628,0.3635678391959799,0.2904522613065327,0.14522613065326634,0.23879851518901038,0.3645165526123078
F000556,0.0,0.3635678391959799,0.3333333333333333,0.5773502691896258,0.25,1.0,1.0,1.0,0.25,real,3,0.8304020100502513,0.3635678391959799,0.7276381909547739,0.36381909547738694,0.7173171132042121,0.5334110249741169
F000557,0.0,0.3635678391959799,0.25,0.5,0.0,1.0,1.0,1.0,0.0,real,3,0.3701005025125628,0.3635678391959799,0.5793969849246231,0.28969849246231155,0.29226780889371484,0.3654603419105578
F000558,0.0,0.3635678391959799,0.1944444444444444,0.3469443332443554,0.25,1.0,1.0,1.0,0.25,real,3,0.8304020100502513,0.3635678391959799,0.33341708542713566,0.16670854271356783,0.5536361139870205,0.4413930835079922
F000559,0.0,0.3635678391959799,0.5277777777777778,0.8221471437193746,0.0,1.0,1.0,1.0,0.0,real,3,0.3701005025125628,0.3635678391959799,0.9208542713567839,0.46042713567839194,0.35545456554127425,0.3665756546551855
F000560,0.0,0.3635678391959799,0.1666666666666666,0.5773502691896258,0.0,1.0,1.0,1.0,0.0,real,3,0.3701005025125628,0.3635678391959799,0.7276381909547739,0.36381909547738694,0.3196998813161284,0.36594454685487743
F000561,0.0,0.3635678391959799,0.4444444444444444,1.0183501544346312,0.0,1.0,1.0,1.0,0.0,real,3,0.3701005025125628,0.3635678391959799,0.9741206030150754,0.4870603015075377,0.36531151359814146,0.3667496401606021
F000562,0.4376389444889332,0.951005025125628,0.8055555555555556,0.3469443332443555,0.0,1.0,1.0,1.0,0.0,real,3,0.3701005025125628,0.951005025125628,0.37613065326633166,0.18806532663316583,0.25465332314840533,0.8417570263377187
F000563,0.0,0.3635678391959799,0.1388888888888888,0.2545875386086578,0.0,1.0,1.0,1.0,0.0,real,3,0.3701005025125628,0.3635678391959799,0.1771356783919598,0.0885678391959799,0.21782925304916542,0.3641464230701245
F000564,0.0,0.3635678391959799,0.4027777777777778,0.1734721666221777,0.0,1.0,1.0,1.0,0.0,real,3,0.3701005025125628,0.3635678391959799,0.08819095477386935,0.04409547738693467,0.20137000959571727,0.36385590010353275
F000565,0.0,0.3635678391959799,0.3611111111111111,0.2545875386086578,0.0,1.0,1.0,1.0,0.0,real,3,0.3701005025125628,0.3635678391959799,0.1771356783919598,0.0885678391959799,0.21782925304916542,0.3641464230701245
F000566,0.0,0.3635678391959799,0.25,0.5,0.0,1.0,1.0,1.0,0.0,real,3,0.3701005025125628,0.3635678391959799,0.5793969849246231,0.28969849246231155,0.29226780889371484,0.3654603419105578
F000567,0.0,0.3635678391959799,0.25,0.5,0.25,1.0,1.0,1.0,0.25,real,3,0.8304020100502513,0.3635678391959799,0.5793969849246231,0.28969849246231155,0.6557672154743568,0.4988089947223555
F000568,0.0,0.3635678391959799,0.3055555555555556,0.6735753140545634,0.5,1.0,1.0,1.0,0.5,real,3,0.9587939698492463,0.3635678391959799,0.8160804020100503,0.40804020100502514,0.8706234691043155,0.6064440291911821
F000569,0.0,0.3635678391959799,0.2361111111111111,0.2097176232019652,0.0,1.0,1.0,1.0,0.0,real,3,0.3701005025125628,0.3635678391959799,0.11708542713567839,0.058542713567839195,0.20671693896618776,0.36395027903335775
F000570,0.3963319220119756,0.9414572864321608,0.7222222222222222,0.0962250448649376,0.25,1.0,1.0,1.0,0.25,real,3,0.8304020100502513,0.9414572864321608,0.021105527638190954,0.010552763819095477,0.42396404131208804,0.9402853463296381
F000571,0.0,0.3635678391959799,0.1944444444444444,0.3469443332443554,0.0,1.0,1.0,1.0,0.0,real,3,0.3701005025125628,0.3635678391959799,0.33341708542713566,0.16670854271356783,0.2467491666877099,0.3646568899775259
F000572,0.5949284529178934,0.9836683417085428,0.8611111111111112,0.2545875386086578,0.0,1.0,1.0,1.0,0.0,real,3,0.3701005025125628,0.9836683417085428,0.1771356783919598,0.0885678391959799,0.21782925304916542,0.9293259639908085
F000573,0.0,0.3635678391959799,0.4166666666666667,1.0408329997330663,0.0,1.0,1.0,1.0,0.0,real,3,0.3701005025125628,0.3635678391959799,0.9811557788944724,0.4905778894472362,0.366613374662256,0.3667726193782985
F000574,0.1898569058357866,0.864321608040201,0.7222222222222222,0.5091750772173156,0.0,1.0,1.0,1.0,0.0,real,3,0.3701005025125628,0.864321608040201,0.6321608040201006,0.3160804020100503,0.3020317668745739,0.7081080023231736
F000575,0.0446581987385203,0.7701005025125628,0.6666666666666666,0.5773502691896258,0.0,1.0,1.0,1.0,0.0,real,3,0.3701005025125628,0.7701005025125628,0.7276381909547739,0.36381909547738694,0.3196998813161284,0.624572864321608
F000576,0.061411169010459,0.8010050251256281,0.6527777777777778,0.488288773090193,0.5,1.0,1.0,1.0,0.5,real,3,0.9587939698492463,0.8010050251256281,0.5447236180904522,0.2723618090452261,0.7405358450544178,0.8439807075578899
F000577,0.0,0.3635678391959799,0.25,0.5,0.0,1.0,1.0,1.0,0.0,real,3,0.3701005025125628,0.3635678391959799,0.5793969849246231,0.28969849246231155,0.29226780889371484,0.3654603419105578
F000578,0.0,0.3635678391959799,0.4027777777777778,0.1734721666221777,0.25,1.0,1.0,1.0,0.25,real,3,0.8304020100502513,0.3635678391959799,0.08819095477386935,0.04409547738693467,0.4518179780813616,0.3841531148203328
F000579,0.0,0.3635678391959799,0.1388888888888888,0.2545875386086578,0.0,1.0,1.0,1.0,0.0,real,3,0.3701005025125628,0.3635678391959799,0.1771356783919598,0.0885678391959799,0.21782925304916542,0.3641464230701245
F000580,0.0,0.3635678391959799,0.125,0.25,0.25,1.0,1.0,1.0,0.25,real,3,0.8304020100502513,0.3635678391959799,0.1349246231155779,0.06746231155778895,0.47122184414534984,0.3950615514759729
F000581,0.6889957660359269,0.9899497487437184,0.9166666666666669,0.2886751345948128,0.0,1.0,1.0,1.0,0.0,real,3,0.3701005025125628,0.9899497487437184,0.228391959798995,0.1141959798994975,0.22731424080199994,0.9191654566803867
F000582,0.0,0.3635678391959799,0.0833333333333333,0.2886751345948128,0.0,1.0,1.0,1.0,0.0,real,3,0.3701005025125628,0.3635678391959799,0.228391959798995,0.1141959798994975,0.22731424080199994,0.36431384308477055
F000583,0.0,0.3635678391959799,0.3194444444444444,0.3757708127352411,0.0,1.0,1.0,1.0,0.0,real,3,0.3701005025125628,0.3635678391959799,0.3969849246231156,0.1984924623115578,0.2585124113027449,0.3648645236231408
F000584,0.0,0.3635678391959799,0.1805555555555555,0.1272937693043289,0.0,1.0,1.0,1.0,0.0,real,3,0.3701005025125628,0.3635678391959799,0.03869346733668342,0.01934673366834171,0.1922104871089114,0.36369422489331077
F000585,0.01116454968463,0.7346733668341708,0.5416666666666666,0.1443375672974064,0.0,1.0,1.0,1.0,0.0,real,3,0.3701005025125628,0.7346733668341708,0.06030150753768844,0.03015075376884422,0.1962090603772632,0.7236812201712077
F000586,0.0,0.3635678391959799,0.3055555555555556,0.7876359377087682,0.0,1.0,1.0,1.0,0.0,real,3,0.3701005025125628,0.3635678391959799,0.9082914572864321,0.45414572864321606,0.35312981364106966,0.3665346203378703
F000587,0.5853276880479024,0.9761306532663316,0.8888888888888888,0.3849001794597506,0.0,1.0,1.0,1.0,0.0,real,3,0.3701005025125628,0.9761306532663316,0.45879396984924625,0.22939698492462313,0.26995019065175124,0.8371091639100022
F000588,0.0219364186574703,0.7472361809045226,0.6527777777777778,0.5672382737961704,0.0,1.0,1.0,1.0,0.0,real,3,0.3701005025125628,0.7472361809045226,0.7017587939698492,0.3508793969849246,0.31491089240170705,0.6149070414888513
F000589,0.0521012318616071,0.7947236180904522,0.6944444444444444,0.6735753140545634,0.0,1.0,1.0,1.0,0.0,real,3,0.3701005025125628,0.7947236180904522,0.8160804020100503,0.40804020100502514,0.33606613469356833,0.6214603166586702
F000590,0.0,0.3635678391959799,0.4583333333333333,0.3818813079129866,0.0,1.0,1.0,1.0,0.0,real,3,0.3701005025125628,0.3635678391959799,0.4236180904522613,0.21180904522613064,0.2634408853311785,0.3649515163758491
F000591,0.5752420042367246,0.9706030150753768,0.8194444444444444,0.1272937693043289,0.0,1.0,1.0,1.0,0.0,real,3,0.3701005025125628,0.9706030150753768,0.03869346733668342,0.01934673366834171,0.1922104871089114,0.9589852528976541
F000592,0.1889957660359268,0.8522613065326633,0.6666666666666666,0.2886751345948129,0.0,1.0,1.0,1.0,0.0,real,3,0.3701005025125628,0.8522613065326633,0.26030150753768844,0.13015075376884422,0.2332191106285195,0.7895077144516552
F000593,0.0,0.3635678391959799,0.5138888888888888,0.2926570486903538,0.0,1.0,1.0,1.0,0.0,real,3,0.3701005025125628,0.3635678391959799,0.2829145728643216,0.1414572864321608,0.23740366404888766,0.36449193202191865
F000594,0.0,0.3635678391959799,0.4027777777777778,0.6364688465216445,0.0,1.0,1.0,1.0,0.0,real,3,0.3701005025125628,0.3635678391959799,0.7829145728643216,0.3914572864321608,0.3299287896770284,0.3661250978510644
F000595,0.0,0.3635678391959799,0.5972222222222222,0.393817968854384,0.25,1.0,1.0,1.0,0.25,real,3,0.8304020100502513,0.3635678391959799,0.48266331658291456,0.24133165829145728,0.6156032991591122,0.4762297037953587
F000596,0.0483797153000638,0.7836683417085427,0.6805555555555556,0.6254627916220946,0.25,1.0,1.0,1.0,0.25,real,3,0.8304020100502513,0.7836683417085427,0.7610552763819095,0.38052763819095475,0.7311919206585693,0.8014517941466124
F000597,0.4376389444889332,0.951005025125628,0.8055555555555556,0.3469443332443555,0.0,1.0,1.0,1.0,0.0,real,3,0.3701005025125628,0.951005025125628,0.37613065326633166,0.18806532663316583,0.25465332314840533,0.8417570263377187
F000598,0.0,0.3635678391959799,0.2222222222222222,0.769800358919501,0.0,1.0,1.0,1.0,0.0,real,3,0.3701005025125628,0.3635678391959799,0.9007537688442211,0.45037688442211055,0.35173496250094693,0.3665099997474811
F000599,0.0,0.3635678391959799,0.3888888888888889,0.4811252243246881,0.0,1.0,1.0,1.0,0.0,real,3,0.3701005025125628,0.3635678391959799,0.5391959798994975,0.26959798994974876,0.28482860281306027,0.36532903209514916
F000600,0.0,0.3635678391959799,0.5555555555555556,0.5357583756107197,0.0,1.0,1.0,1.0,0.0,real,3,0.3701005025125628,0.3635678391959799,0.6798994974874372,0.3399497487437186,0.31086582409535113,0.36578861644907956
F000601,0.2224894150898172,0.8839195979899498,0.7916666666666667,0.7216878364870323,0.5,1.0,1.0,1.0,0.5,real,3,0.9587939698492463,0.8839195979899498,0.857286432160804,0.428643216080402,0.8903775157193,0.9160139895457186
F000602,0.0,0.3635678391959799,0.1944444444444444,0.3469443332443554,0.0,1.0,1.0,1.0,0.0,real,3,0.3701005025125628,0.3635678391959799,0.33341708542713566,0.16670854271356783,0.2467491666877099,0.3646568899775259
F000603,0.0,0.3635678391959799,0.5972222222222222,0.393817968854384,0.0,1.0,1.0,1.0,0.0,real,3,0.3701005025125628,0.3635678391959799,0.48266331658291456,0.24133165829145728,0.27436721926213986,0.3651443776672306
F000604,0.0,0.3635678391959799,0.2777777777777778,0.0962250448649376,0.0,1.0,1.0,1.0,0.0,real,3,0.3701005025125628,0.3635678391959799,0.021105527638190954,0.010552763819095477,0.18895583444862502,0.3636367768490695
F000605,0.0,0.3635678391959799,0.25,0.5,0.0,1.0,1.0,1.0,0.0,real,3,0.3701005025125628,0.3635678391959799,0.5793969849246231,0.28969849246231155,0.29226780889371484,0.3654603419105578
F000606,0.0,0.3635678391959799,0.3333333333333333,1.1547005383792517,0.0,1.0,1.0,1.0,0.0,real,3,0.3701005025125628,0.3635678391959799,0.9967336683417085,0.49836683417085426,0.3694960670185096,0.3668235019317694
F000607,0.0,0.3635678391959799,0.2777777777777778,0.0962250448649376,0.0,1.0,1.0,1.0,0.0,real,3,0.3701005025125628,0.3635678391959799,0.021105527638190954,0.010552763819095477,0.18895583444862502,0.3636367768490695
F000608,0.0,0.3635678391959799,0.3333333333333333,0.5773502691896258,0.0,1.0,1.0,1.0,0.0,real,3,0.3701005025125628,0.3635678391959799,0.7276381909547739,0.36381909547738694,0.3196998813161284,0.36594454685487743
F000609,0.0,0.3635678391959799,0.0972222222222221,0.1734721666221776,0.0,1.0,1.0,1.0,0.0,real,3,0.3701005025125628,0.3635678391959799,0.07839195979899498,0.03919597989949749,0.19955670311355775,0.3638238933360269
F000610,0.0,0.3635678391959799,0.25,0.5,0.0,1.0,1.0,1.0,0.0,real,3,0.3701005025125628,0.3635678391959799,0.5793969849246231,0.28969849246231155,0.29226780889371484,0.3654603419105578
F000611,0.0,0.3635678391959799,0.3611111111111111,0.2545875386086578,0.0,1.0,1.0,1.0,0.0,real,3,0.3701005025125628,0.3635678391959799,0.1771356783919598,0.0885678391959799,0.21782925304916542,0.3641464230701245
F000612,0.3779915320718537,0.9329145728643216,0.8333333333333333,0.5773502691896258,0.0,1.0,1.0,1.0,0.0,real,3,0.3701005025125628,0.9329145728643216,0.7276381909547739,0.36381909547738694,0.3196998813161284,0.7281520668669982
F000613,0.0,0.3635678391959799,0.3055555555555556,0.6735753140545634,0.25,1.0,1.0,1.0,0.25,real,3,0.8304020100502513,0.3635678391959799,0.8160804020100503,0.40804020100502514,0.7540384081210071,0.5540549481073711
F000614,0.0,0.3635678391959799,0.5833333333333334,0.7637626158259733,0.0,1.0,1.0,1.0,0.0,real,3,0.3701005025125628,0.3635678391959799,0.8902010050251257,0.44510050251256283,0.34978217090477515,0.3664755309209363
F000615,0.0,0.3635678391959799,0.1388888888888888,0.2545875386086578,0.0,1.0,1.0,1.0,0.0,real,3,0.3701005025125628,0.3635678391959799,0.1771356783919598,0.0885678391959799,0.21782925304916542,0.3641464230701245
F000616,0.5853276880479024,0.9761306532663316,0.8888888888888888,0.3849001794597506,0.0,1.0,1.0,1.0,0.0,real,3,0.3701005025125628,0.9761306532663316,0.45879396984924625,0.22939698492462313,0.26995019065175124,0.8371091639100022
F000617,0.0,0.3635678391959799,0.1388888888888888,0.2545875386086578,0.0,1.0,1.0,1.0,0.0,real,3,0.3701005025125628,0.3635678391959799,0.1771356783919598,0.0885678391959799,0.21782925304916542,0.3641464230701245
F000618,0.5853276880479024,0.9761306532663316,0.8888888888888888,0.3849001794597506,0.0,1.0,1.0,1.0,0.0,real,3,0.3701005025125628,0.9761306532663316,0.45879396984924625,0.22939698492462313,0.26995019065175124,0.8371091639100022
F000619,0.0,0.3635678391959799,0.5416666666666666,0.8779711460710616,0.0,1.0,1.0,1.0,0.0,real,3,0.3701005025125628,0.3635678391959799,0.9402010050251256,0.4701005025125628,0.3590346834675892,0.3666388475038509
F000620,0.1706553760958049,0.8447236180904523,0.7777777777777777,0.769800358919501,0.0,1.0,1.0,1.0,0.0,real,3,0.3701005025125628,0.8447236180904523,0.9007537688442211,0.45037688442211055,0.35173496250094693,0.6309643380217671
F000621,0.5260506159308034,0.963819095477387,0.8472222222222221,0.3367876570272817,0.0,1.0,1.0,1.0,0.0,real,3,0.3701005025125628,0.963819095477387,0.3005025125628141,0.15025125628140704,0.240658316709174,0.8746121310067929
F000622,0.0,0.3635678391959799,0.4861111111111111,0.9141379262169074,0.0,1.0,1.0,1.0,0.0,real,3,0.3701005025125628,0.3635678391959799,0.9492462311557789,0.47462311557788944,0.3607085048357365,0.36666839221231784
F000623,0.0,0.3635678391959799,0.1666666666666666,0.2886751345948128,0.0,1.0,1.0,1.0,0.0,real,3,0.3701005025125628,0.3635678391959799,0.228391959798995,0.1141959798994975,0.22731424080199994,0.36431384308477055
F000624,0.6889957660359269,0.9899497487437184,0.9166666666666669,0.2886751345948128,0.0,1.0,1.0,1.0,0.0,real,3,0.3701005025125628,0.9899497487437184,0.228391959798995,0.1141959798994975,0.22731424080199994,0.9191654566803867
F000625,0.1504840084734488,0.8346733668341708,0.6388888888888888,0.2545875386086578,0.0,1.0,1.0,1.0,0.0,real,3,0.3701005025125628,0.8346733668341708,0.1771356783919598,0.0885678391959799,0.21782925304916542,0.7935271520921189
F000626,0.0,0.3635678391959799,0.1944444444444444,0.3469443332443554,0.5,1.0,1.0,1.0,0.5,real,3,0.9587939698492463,0.3635678391959799,0.33341708542713566,0.16670854271356783,0.6392361304007474,0.4627971200222217
F000627,0.0483797153000638,0.7836683417085427,0.6805555555555556,0.6254627916220946,0.5,1.0,1.0,1.0,0.5,real,3,0.9587939698492463,0.7836683417085427,0.7610552763819095,0.38052763819095475,0.8442445897830864,0.850308483371632
F000628,0.0,0.3635678391959799,0.5277777777777778,0.8221471437193746,0.25,1.0,1.0,1.0,0.25,real,3,0.8304020100502513,0.3635678391959799,0.9208542713567839,0.46042713567839194,0.7975406239741422,0.578510959319209
F000629,0.0,0.3635678391959799,0.3333333333333333,0.2886751345948129,0.0,1.0,1.0,1.0,0.0,real,3,0.3701005025125628,0.3635678391959799,0.26030150753768844,0.13015075376884422,0.2332191106285195,0.36441807025075124
F000630,0.0,0.3635678391959799,0.3333333333333333,0.5773502691896258,0.0,1.0,1.0,1.0,0.0,real,3,0.3701005025125628,0.3635678391959799,0.7276381909547739,0.36381909547738694,0.3196998813161284,0.36594454685487743
F000631,0.0,0.3635678391959799,0.0416666666666666,0.1443375672974064,0.5,1.0,1.0,1.0,0.5,real,3,0.9587939698492463,0.3635678391959799,0.06030150753768844,0.03015075376884422,0.5083053458246004,0.38151435569808845
F000632,0.0,0.3635678391959799,0.1944444444444444,0.3469443332443554,0.0,1.0,1.0,1.0,0.0,real,3,0.3701005025125628,0.3635678391959799,0.33341708542713566,0.16670854271356783,0.2467491666877099,0.3646568899775259
F000633,0.0,0.3635678391959799,0.1527777777777777,0.3367876570272816,0.5,1.0,1.0,1.0,0.5,real,3,0.9587939698492463,0.3635678391959799,0.2947236180904523,0.14736180904522614,0.620686598823262,0.45128143860003533
F000634,0.0,0.3635678391959799,0.25,0.5,0.0,1.0,1.0,1.0,0.0,real,3,0.3701005025125628,0.3635678391959799,0.5793969849246231,0.28969849246231155,0.29226780889371484,0.3654603419105578
F000635,0.0,0.3635678391959799,0.4861111111111111,0.9141379262169074,0.25,1.0,1.0,1.0,0.25,real,3,0.8304020100502513,0.3635678391959799,0.9492462311557789,0.47462311557788944,0.8093289942173179,0.5851381278250549
F000636,0.0,0.3635678391959799,0.5138888888888888,0.2926570486903538,0.0,1.0,1.0,1.0,0.0,real,3,0.3701005025125628,0.3635678391959799,0.2829145728643216,0.1414572864321608,0.23740366404888766,0.36449193202191865
F000637,0.2257260127101733,0.8886934673366834,0.7083333333333334,0.3818813079129867,0.0,1.0,1.0,1.0,0.0,real,3,0.3701005025125628,0.8886934673366834,0.4402010050251256,0.2201005025125628,0.2665095578394485,0.7745508951794147
F000638,0.0,0.3635678391959799,0.4166666666666667,0.2886751345948129,0.0,1.0,1.0,1.0,0.0,real,3,0.3701005025125628,0.3635678391959799,0.26030150753768844,0.13015075376884422,0.2332191106285195,0.36441807025075124
F000639,0.4376389444889332,0.951005025125628,0.8055555555555556,0.3469443332443555,0.0,1.0,1.0,1.0,0.0,real,3,0.3701005025125628,0.951005025125628,0.37613065326633166,0.18806532663316583,0.25465332314840533,0.8417570263377187
F000640,0.0,0.3635678391959799,0.5138888888888888,0.2926570486903538,0.0,1.0,1.0,1.0,0.0,real,3,0.3701005025125628,0.3635678391959799,0.2829145728643216,0.1414572864321608,0.23740366404888766,0.36449193202191865
F000641,0.0,0.3635678391959799,0.25,0.5,0.0,1.0,1.0,1.0,0.0,real,3,0.3701005025125628,0.3635678391959799,0.5793969849246231,0.28969849246231155,0.29226780889371484,0.3654603419105578
F000642,0.0,0.3635678391959799,0.1944444444444444,0.3469443332443554,0.0,1.0,1.0,1.0,0.0,real,3,0.3701005025125628,0.3635678391959799,0.33341708542713566,0.16670854271356783,0.2467491666877099,0.3646568899775259
F000643,0.3779915320718537,0.9329145728643216,0.8333333333333333,0.5773502691896258,0.0,1.0,1.0,1.0,0.0,real,3,0.3701005025125628,0.9329145728643216,0.7276381909547739,0.36381909547738694,0.3196998813161284,0.7281520668669982
F000644,0.0,0.3635678391959799,0.3611111111111111,0.2545875386086578,0.0,1.0,1.0,1.0,0.0,real,3,0.3701005025125628,0.3635678391959799,0.1771356783919598,0.0885678391959799,0.21782925304916542,0.3641464230701245
F000645,0.0,0.3635678391959799,0.3472222222222222,0.3367876570272817,0.25,1.0,1.0,1.0,0.25,real,3,0.8304020100502513,0.3635678391959799,0.3005025125628141,0.15025125628140704,0.5399699502537815,0.4337102598419232
F000646,0.0,0.3635678391959799,0.4722222222222222,0.4194352464039305,0.0,1.0,1.0,1.0,0.0,real,3,0.3701005025125628,0.3635678391959799,0.5165829145728643,0.25829145728643216,0.2806440493926921,0.3652551703239817
F000647,0.0,0.3635678391959799,0.375,1.0897247358851685,0.0,1.0,1.0,1.0,0.0,real,3,0.3701005025125628,0.3635678391959799,0.9899497487437185,0.4949748743718593,0.3682407009923992,0.3668013434004192
F000648,0.0223290993692601,0.7540201005025126,0.5833333333333334,0.2886751345948129,0.0,1.0,1.0,1.0,0.0,real,3,0.3701005025125628,0.7540201005025126,0.26030150753768844,0.13015075376884422,0.2332191106285195,0.704052675437489
F000649,0.0,0.3635678391959799,0.4027777777777778,0.6364688465216445,0.0,1.0,1.0,1.0,0.0,real,3,0.3701005025125628,0.3635678391959799,0.7829145728643216,0.3914572864321608,0.3299287896770284,0.3661250978510644
F000650,0.0,0.3635678391959799,0.5972222222222222,0.393817968854384,0.25,1.0,1.0,1.0,0.25,real,3,0.8304020100502513,0.3635678391959799,0.48266331658291456,0.24133165829145728,0.6156032991591122,0.4762297037953587
F000651,0.0,0.3635678391959799,0.2916666666666666,0.8036375634160796,0.0,1.0,1.0,1.0,0.0,real,3,0.3701005025125628,0.3635678391959799,0.914321608040201,0.4571608040201005,0.35424569455316784,0.3665543168101816
F000652,0.5949284529178934,0.9836683417085428,0.8611111111111112,0.2545875386086578,0.0,1.0,1.0,1.0,0.0,real,3,0.3701005025125628,0.9836683417085428,0.1771356783919598,0.0885678391959799,0.21782925304916542,0.9293259639908085
F000653,0.3009680169468978,0.9133165829145728,0.7777777777777778,0.5091750772173156,0.5,1.0,1.0,1.0,0.5,real,3,0.9587939698492463,0.9133165829145728,0.6321608040201006,0.3160804020100503,0.7824529683593849,0.9276910936592511
F000654,0.0,0.3635678391959799,0.3611111111111111,0.2545875386086578,0.0,1.0,1.0,1.0,0.0,real,3,0.3701005025125628,0.3635678391959799,0.1771356783919598,0.0885678391959799,0.21782925304916542,0.3641464230701245
F000655,0.0,0.3635678391959799,0.4305555555555555,0.9871864246620478,0.0,1.0,1.0,1.0,0.0,real,3,0.3701005025125628,0.3635678391959799,0.9628140703517588,0.4814070351758794,0.36321923688795743,0.3667127092750183
F000656,0.0148860662461734,0.7439698492462311,0.5555555555555556,0.1924500897298752,0.0,1.0,1.0,1.0,0.0,real,3,0.3701005025125628,0.7439698492462311,0.1,0.05,0.20355527638190957,0.7252763819095477
F000657,0.0,0.3635678391959799,0.4444444444444444,1.0183501544346312,0.0,1.0,1.0,1.0,0.0,real,3,0.3701005025125628,0.3635678391959799,0.9741206030150754,0.4870603015075377,0.36531151359814146,0.3667496401606021
F000658,0.0,0.3635678391959799,0.25,0.5,0.0,1.0,1.0,1.0,0.0,real,3,0.3701005025125628,0.3635678391959799,0.5793969849246231,0.28969849246231155,0.29226780889371484,0.3654603419105578
F000659,0.0,0.3635678391959799,0.5972222222222222,0.393817968854384,0.0,1.0,1.0,1.0,0.0,real,3,0.3701005025125628,0.3635678391959799,0.48266331658291456,0.24133165829145728,0.27436721926213986,0.3651443776672306
F000660,0.0,0.3635678391959799,0.3611111111111111,0.7515416254704823,0.25,1.0,1.0,1.0,0.25,real,3,0.8304020100502513,0.3635678391959799,0.8728643216080402,0.4364321608040201,0.7776151486073584,0.5673092851190626
F000661,0.0,0.3635678391959799,0.25,0.8660254037844386,0.0,1.0,1.0,1.0,0.0,real,3,0.3701005025125628,0.3635678391959799,0.9349246231155779,0.46746231155778895,0.3580582876695033,0.3666216130905785
F000662,0.0,0.3635678391959799,0.4861111111111111,0.9141379262169074,0.5,1.0,1.0,1.0,0.5,real,3,0.9587939698492463,0.3635678391959799,0.9492462311557789,0.47462311557788944,0.9344627660917655,0.646075919800005
F000663,0.0,0.3635678391959799,0.0416666666666666,0.1443375672974064,0.25,1.0,1.0,1.0,0.25,real,3,0.8304020100502513,0.3635678391959799,0.06030150753768844,0.03015075376884422,0.4402382515593041,0.3776432413322896
F000664,0.01116454968463,0.7346733668341708,0.5416666666666666,0.1443375672974064,0.0,1.0,1.0,1.0,0.0,real,3,0.3701005025125628,0.7346733668341708,0.06030150753768844,0.03015075376884422,0.1962090603772632,0.7236812201712077
F000665,0.0,0.3635678391959799,0.1666666666666666,0.2886751345948128,0.0,1.0,1.0,1.0,0.0,real,3,0.3701005025125628,0.3635678391959799,0.228391959798995,0.1141959798994975,0.22731424080199994,0.36431384308477055
F000666,0.0,0.3635678391959799,0.1944444444444444,0.3469443332443554,0.0,1.0,1.0,1.0,0.0,real,3,0.3701005025125628,0.3635678391959799,0.33341708542713566,0.16670854271356783,0.2467491666877099,0.3646568899775259
F000667,0.0,0.3635678391959799,0.5972222222222222,0.393817968854384,0.5,1.0,1.0,1.0,0.5,real,3,0.9587939698492463,0.3635678391959799,0.48266331658291456,0.24133165829145728,0.7107843236281912,0.5072147483649403
F000668,0.0521012318616071,0.7947236180904522,0.6944444444444444,0.6735753140545634,0.0,1.0,1.0,1.0,0.0,real,3,0.3701005025125628,0.7947236180904522,0.8160804020100503,0.40804020100502514,0.33606613469356833,0.6214603166586702
F000669,0.0,0.3635678391959799,0.3194444444444444,0.1272937693043289,0.0,1.0,1.0,1.0,0.0,real,3,0.3701005025125628,0.3635678391959799,0.03869346733668342,0.01934673366834171,0.1922104871089114,0.36369422489331077
F000670,0.0,0.3635678391959799,0.3888888888888889,1.0715167512214396,0.0,1.0,1.0,1.0,0.0,real,3,0.3701005025125628,0.3635678391959799,0.9849246231155779,0.49246231155778897,0.3673108002323174,0.3667849296734931
F000671,0.2154167222667111,0.8768844221105527,0.6944444444444444,0.3469443332443555,0.0,1.0,1.0,1.0,0.0,real,3,0.3701005025125628,0.8768844221105527,0.37613065326633166,0.18806532663316583,0.25465332314840533,0.7815759387389207
F000672,0.0,0.3635678391959799,0.3611111111111111,0.2545875386086578,0.0,1.0,1.0,1.0,0.0,real,3,0.3701005025125628,0.3635678391959799,0.1771356783919598,0.0885678391959799,0.21782925304916542,0.3641464230701245
F000673,0.0,0.3635678391959799,0.4305555555555555,0.7469072033193751,0.0,1.0,1.0,1.0,0.0,real,3,0.3701005025125628,0.3635678391959799,0.8618090452261307,0.43090452261306533,0.3445282316103129,0.36638279336380397
F000674,0.0,0.3635678391959799,0.1111111111111111,0.3849001794597505,0.0,1.0,1.0,1.0,0.0,real,3,0.3701005025125628,0.3635678391959799,0.4492462311557789,0.22462311557788944,0.2681833792075958,0.3650352263831721
F000675,0.3779915320718537,0.9329145728643216,0.8333333333333333,0.5773502691896258,0.0,1.0,1.0,1.0,0.0,real,3,0.3701005025125628,0.9329145728643216,0.7276381909547739,0.36381909547738694,0.3196998813161284,0.7281520668669982
F000676,0.0,0.3635678391959799,0.5972222222222222,0.393817968854384,0.25,1.0,1.0,1.0,0.25,real,3,0.8304020100502513,0.3635678391959799,0.48266331658291456,0.24133165829145728,0.6156032991591122,0.4762297037953587
F000677,0.3963319220119756,0.9414572864321608,0.7222222222222222,0.0962250448649376,0.0,1.0,1.0,1.0,0.0,real,3,0.3701005025125628,0.9414572864321608,0.021105527638190954,0.010552763819095477,0.18895583444862502,0.9354278932350193
F000678,0.0483797153000638,0.7836683417085427,0.6805555555555556,0.6254627916220946,0.0,1.0,1.0,1.0,0.0,real,3,0.3701005025125628,0.7836683417085427,0.7610552763819095,0.38052763819095475,0.32588372137067245,0.6262943486275598
F000679,0.0,0.3635678391959799,0.5,0.0,0.0,1.0,1.0,1.0,0.0,real,3,0.3701005025125628,0.3635678391959799,0.005527638190954774,0.002763819095477387,0.1860731420923714,0.36358589429559857
F000680,0.0,0.3635678391959799,0.4444444444444445,0.8388704928078611,0.0,1.0,1.0,1.0,0.0,real,3,0.3701005025125628,0.3635678391959799,0.9258793969849246,0.4629396984924623,0.356384466301356,0.36659206838211156
F000681,0.0,0.3635678391959799,0.0972222222222221,0.1734721666221776,0.25,1.0,1.0,1.0,0.25,real,3,0.8304020100502513,0.3635678391959799,0.07839195979899498,0.03919597989949749,0.4477494255195576,0.3818658619731825
F000682,0.0,0.3635678391959799,0.3611111111111111,0.7515416254704823,0.0,1.0,1.0,1.0,0.0,real,3,0.3701005025125628,0.3635678391959799,0.8728643216080402,0.4364321608040201,0.3465740132824929,0.3664189035630414
F000683,0.1504840084734488,0.8346733668341708,0.6388888888888888,0.2545875386086578,0.0,1.0,1.0,1.0,0.0,real,3,0.3701005025125628,0.8346733668341708,0.1771356783919598,0.0885678391959799,0.21782925304916542,0.7935271520921189
F000684,0.0,0.3635678391959799,0.1944444444444444,0.3469443332443554,0.0,1.0,1.0,1.0,0.0,real,3,0.3701005025125628,0.3635678391959799,0.33341708542713566,0.16670854271356783,0.2467491666877099,0.3646568899775259
F000685,0.0,0.3635678391959799,0.6388888888888888,0.7515416254704823,0.0,1.0,1.0,1.0,0.0,real,3,0.3701005025125628,0.3635678391959799,0.8728643216080402,0.4364321608040201,0.3465740132824929,0.3664189035630414
F000686,0.0,0.3635678391959799,0.2638888888888888,0.7087417123429485,0.0,1.0,1.0,1.0,0.0,real,3,0.3701005025125628,0.3635678391959799,0.8482412060301507,0.42412060301507537,0.34201749955809196,0.3663384763011035
F000687,0.0,0.3635678391959799,0.0833333333333333,0.2886751345948128,0.25,1.0,1.0,1.0,0.25,real,3,0.8304020100502513,0.3635678391959799,0.228391959798995,0.1141959798994975,0.5100295762733265,0.41687842478725284
F000688,0.5260506159308034,0.963819095477387,0.8472222222222221,0.3367876570272817,0.0,1.0,1.0,1.0,0.0,real,3,0.3701005025125628,0.963819095477387,0.3005025125628141,0.15025125628140704,0.240658316709174,0.8746121310067929
F000689,0.0,0.3635678391959799,0.3055555555555556,0.6735753140545634,0.0,1.0,1.0,1.0,0.0,real,3,0.3701005025125628,0.3635678391959799,0.8160804020100503,0.40804020100502514,0.33606613469356833,0.36623342844877654
F000690,0.0,0.3635678391959799,0.1944444444444444,0.3469443332443554,0.0,1.0,1.0,1.0,0.0,real,3,0.3701005025125628,0.3635678391959799,0.33341708542713566,0.16670854271356783,0.2467491666877099,0.3646568899775259
F000691,0.0,0.3635678391959799,0.1527777777777777,0.3367876570272816,0.0,1.0,1.0,1.0,0.0,real,3,0.3701005025125628,0.3635678391959799,0.2947236180904523,0.14736180904522614,0.23958893083507993,0.36453050428019496
F000692,0.0,0.3635678391959799,0.25,0.5,0.0,1.0,1.0,1.0,0.0,real,3,0.3701005025125628,0.3635678391959799,0.5793969849246231,0.28969849246231155,0.29226780889371484,0.3654603419105578
F000693,0.0,0.3635678391959799,0.4305555555555555,0.5548606765399494,0.0,1.0,1.0,1.0,0.0,real,3,0.3701005025125628,0.3635678391959799,0.6964824120603015,0.34824120603015074,0.3139344966036211,0.36584278174793566
F000694,0.1898569058357866,0.864321608040201,0.7222222222222222,0.5091750772173156,0.25,1.0,1.0,1.0,0.25,real,3,0.8304020100502513,0.864321608040201,0.6321608040201006,0.3160804020100503,0.6776748061917629,0.8536002878715183
F000695,0.0,0.3635678391959799,0.6111111111111112,0.693888666488711,0.5,1.0,1.0,1.0,0.5,real,3,0.9587939698492463,0.3635678391959799,0.8351758793969849,0.41758793969849245,0.8797777833893085,0.6121270927501831
F000696,0.0,0.3635678391959799,0.25,0.5,0.0,1.0,1.0,1.0,0.0,real,3,0.3701005025125628,0.3635678391959799,0.5793969849246231,0.28969849246231155,0.29226780889371484,0.3654603419105578
F000697,0.0,0.3635678391959799,0.1388888888888888,0.2545875386086578,0.0,1.0,1.0,1.0,0.0,real,3,0.3701005025125628,0.3635678391959799,0.1771356783919598,0.0885678391959799,0.21782925304916542,0.3641464230701245
F000698,0.0,0.3635678391959799,0.5972222222222222,0.393817968854384,0.0,1.0,1.0,1.0,0.0,real,3,0.3701005025125628,0.3635678391959799,0.48266331658291456,0.24133165829145728,0.27436721926213986,0.3651443776672306
F000699,0.0,0.3635678391959799,0.6944444444444444,0.7876359377087682,0.0,1.0,1.0,1.0,0.0,real,3,0.3701005025125628,0.3635678391959799,0.9082914572864321,0.45414572864321606,0.35312981364106966,0.3665346203378703
F000700,0.0148860662461734,0.7439698492462311,0.5555555555555556,0.1924500897298752,0.0,1.0,1.0,1.0,0.0,real,3,0.3701005025125628,0.7439698492462311,0.1,0.05,0.20355527638190957,0.7252763819095477
F000701,0.0,0.3635678391959799,0.1388888888888888,0.2545875386086578,0.0,1.0,1.0,1.0,0.0,real,3,0.3701005025125628,0.3635678391959799,0.1771356783919598,0.0885678391959799,0.21782925304916542,0.3641464230701245
F000702,0.0,0.3635678391959799,0.25,0.5,0.25,1.0,1.0,1.0,0.25,real,3,0.8304020100502513,0.3635678391959799,0.5793969849246231,0.28969849246231155,0.6557672154743568,0.4988089947223555
F000703,0.0,0.3635678391959799,0.4861111111111111,0.4589642122738419,0.0,1.0,1.0,1.0,0.0,real,3,0.3701005025125628,0.3635678391959799,0.5329145728643216,0.2664572864321608,0.283666226862958,0.3653085149364915
F000704,0.0,0.3635678391959799,0.4861111111111111,0.2926570486903539,0.0,1.0,1.0,1.0,0.0,real,3,0.3701005025125628,0.3635678391959799,0.2904522613065327,0.14522613065326634,0.23879851518901038,0.3645165526123078
F000705,0.0,0.3635678391959799,0.5,1.0,0.0,1.0,1.0,1.0,0.0,real,3,0.3701005025125628,0.3635678391959799,0.9673366834170855,0.4836683417085427,0.36405614757203103,0.3667274816292518
F000706,0.0,0.3635678391959799,0.2916666666666666,0.3818813079129867,0.0,1.0,1.0,1.0,0.0,real,3,0.3701005025125628,0.3635678391959799,0.4402010050251256,0.2201005025125628,0.2665095578394485,0.36500568167470515
F000707,0.0,0.3635678391959799,0.1388888888888888,0.2545875386086578,0.25,1.0,1.0,1.0,0.25,real,3,0.8304020100502513,0.3635678391959799,0.1771356783919598,0.0885678391959799,0.48874791671927476,0.4049143329713896
F000708,0.0,0.3635678391959799,0.6388888888888888,0.7515416254704823,0.0,1.0,1.0,1.0,0.0,real,3,0.3701005025125628,0.3635678391959799,0.8728643216080402,0.4364321608040201,0.3465740132824929,0.3664189035630414
F000709,0.0,0.3635678391959799,0.4166666666666667,0.2886751345948129,0.0,1.0,1.0,1.0,0.0,real,3,0.3701005025125628,0.3635678391959799,0.26030150753768844,0.13015075376884422,0.2332191106285195,0.36441807025075124
F000710,0.0223290993692601,0.7540201005025126,0.5833333333333334,0.2886751345948129,0.0,1.0,1.0,1.0,0.0,real,3,0.3701005025125628,0.7540201005025126,0.26030150753768844,0.13015075376884422,0.2332191106285195,0.704052675437489
F000711,0.0,0.3635678391959799,0.5277777777777778,0.8221471437193746,0.25,1.0,1.0,1.0,0.25,real,3,0.8304020100502513,0.3635678391959799,0.9208542713567839,0.46042713567839194,0.7975406239741422,0.578510959319209
F000712,0.0,0.3635678391959799,0.3333333333333333,0.5773502691896258,0.0,1.0,1.0,1.0,0.0,real,3,0.3701005025125628,0.3635678391959799,0.7276381909547739,0.36381909547738694,0.3196998813161284,0.36594454685487743
F000713,0.0,0.3635678391959799,0.0833333333333333,0.2886751345948128,0.0,1.0,1.0,1.0,0.0,real,3,0.3701005025125628,0.3635678391959799,0.228391959798995,0.1141959798994975,0.22731424080199994,0.36431384308477055
F000714,0.0,0.3635678391959799,0.2777777777777778,0.9622504486493764,0.0,1.0,1.0,1.0,0.0,real,3,0.3701005025125628,0.3635678391959799,0.9577889447236181,0.47889447236180904,0.36228933612787556,0.36669629554809224
F000715,0.0,0.3635678391959799,0.25,0.5,0.0,1.0,1.0,1.0,0.0,real,3,0.3701005025125628,0.3635678391959799,0.5793969849246231,0.28969849246231155,0.29226780889371484,0.3654603419105578
F000716,0.0,0.3635678391959799,0.3611111111111111,0.2545875386086578,0.0,1.0,1.0,1.0,0.0,real,3,0.3701005025125628,0.3635678391959799,0.1771356783919598,0.0885678391959799,0.21782925304916542,0.3641464230701245
F000717,0.1889957660359268,0.8522613065326633,0.6666666666666666,0.2886751345948129,0.5,1.0,1.0,1.0,0.5,real,3,0.9587939698492463,0.8522613065326633,0.26030150753768844,0.13015075376884422,0.604184742809525,0.8661266129643191
F000718,0.0,0.3635678391959799,0.1388888888888888,0.2545875386086578,0.0,1.0,1.0,1.0,0.0,real,3,0.3701005025125628,0.3635678391959799,0.1771356783919598,0.0885678391959799,0.21782925304916542,0.3641464230701245
F000719,0.0,0.3635678391959799,0.3611111111111111,0.2545875386086578,0.0,1.0,1.0,1.0,0.0,real,3,0.3701005025125628,0.3635678391959799,0.1771356783919598,0.0885678391959799,0.21782925304916542,0.3641464230701245
F000720,0.0,0.3635678391959799,0.3194444444444444,0.3757708127352411,0.0,1.0,1.0,1.0,0.0,real,3,0.3701005025125628,0.3635678391959799,0.3969849246231156,0.1984924623115578,0.2585124113027449,0.3648645236231408
F000721,0.0,0.3635678391959799,0.4444444444444444,1.0183501544346312,0.0,1.0,1.0,1.0,0.0,real,3,0.3701005025125628,0.3635678391959799,0.9741206030150754,0.4870603015075377,0.36531151359814146,0.3667496401606021
F000722,0.01116454968463,0.7346733668341708,0.5416666666666666,0.1443375672974064,0.0,1.0,1.0,1.0,0.0,real,3,0.3701005025125628,0.7346733668341708,0.06030150753768844,0.03015075376884422,0.1962090603772632,0.7236812201712077
F000723,0.0,0.3635678391959799,0.0833333333333333,0.2886751345948128,0.0,1.0,1.0,1.0,0.0,real,3,0.3701005025125628,0.3635678391959799,0.228391959798995,0.1141959798994975,0.22731424080199994,0.36431384308477055
F000724,0.0,0.3635678391959799,0.25,0.5,0.0,1.0,1.0,1.0,0.0,real,3,0.3701005025125628,0.3635678391959799,0.5793969849246231,0.28969849246231155,0.29226780889371484,0.3654603419105578
F000725,0.0,0.3635678391959799,0.4583333333333333,0.8779711460710616,0.5,1.0,1.0,1.0,0.5,real,3,0.9587939698492463,0.3635678391959799,0.9402010050251256,0.4701005025125628,0.9301265119567689,0.6433839423246888
F000726,0.0,0.3635678391959799,0.5972222222222222,0.393817968854384,0.5,1.0,1.0,1.0,0.5,real,3,0.9587939698492463,0.3635678391959799,0.48266331658291456,0.24133165829145728,0.7107843236281912,0.5072147483649403
F000727,0.0,0.3635678391959799,0.25,0.5,0.0,1.0,1.0,1.0,0.0,real,3,0.3701005025125628,0.3635678391959799,0.5793969849246231,0.28969849246231155,0.29226780889371484,0.3654603419105578
F000728,0.1485783278408043,0.8238693467336683,0.7361111111111112,0.6472877887628358,0.5,1.0,1.0,1.0,0.5,real,3,0.9587939698492463,0.8238693467336683,0.7924623115577889,0.39623115577889445,0.8593010277518245,0.8773306860937855
F000729,0.0,0.3635678391959799,0.2222222222222222,0.5091750772173156,0.0,1.0,1.0,1.0,0.0,real,3,0.3701005025125628,0.3635678391959799,0.6321608040201006,0.3160804020100503,0.3020317668745739,0.36563268604328175
F000730,0.3779915320718537,0.9329145728643216,0.8333333333333333,0.5773502691896258,0.0,1.0,1.0,1.0,0.0,real,3,0.3701005025125628,0.9329145728643216,0.7276381909547739,0.36381909547738694,0.3196998813161284,0.7281520668669982
F000731,0.0,0.3635678391959799,0.3333333333333333,1.1547005383792517,0.0,1.0,1.0,1.0,0.0,real,3,0.3701005025125628,0.3635678391959799,0.9967336683417085,0.49836683417085426,0.3694960670185096,0.3668235019317694
F000732,0.0,0.3635678391959799,0.5416666666666666,0.3818813079129866,0.0,1.0,1.0,1.0,0.0,real,3,0.3701005025125628,0.3635678391959799,0.4236180904522613,0.21180904522613064,0.2634408853311785,0.3649515163758491
F000733,0.0,0.3635678391959799,0.5138888888888888,0.2926570486903538,0.0,1.0,1.0,1.0,0.0,real,3,0.3701005025125628,0.3635678391959799,0.2829145728643216,0.1414572864321608,0.23740366404888766,0.36449193202191865
F000734,0.0446581987385203,0.7701005025125628,0.6666666666666666,0.5773502691896258,0.0,1.0,1.0,1.0,0.0,real,3,0.3701005025125628,0.7701005025125628,0.7276381909547739,0.36381909547738694,0.3196998813161284,0.624572864321608
F000735,0.0,0.3635678391959799,0.5972222222222222,0.393817968854384,0.25,1.0,1.0,1.0,0.25,real,3,0.8304020100502513,0.3635678391959799,0.48266331658291456,0.24133165829145728,0.6156032991591122,0.4762297037953587
F000736,0.0,0.3635678391959799,0.3055555555555556,0.6735753140545634,0.0,1.0,1.0,1.0,0.0,real,3,0.3701005025125628,0.3635678391959799,0.8160804020100503,0.40804020100502514,0.33606613469356833,0.36623342844877654
F000737,0.0,0.3635678391959799,0.1944444444444444,0.3469443332443554,0.0,1.0,1.0,1.0,0.0,real,3,0.3701005025125628,0.3635678391959799,0.33341708542713566,0.16670854271356783,0.2467491666877099,0.3646568899775259
F000738,0.0,0.3635678391959799,0.2916666666666666,0.3818813079129867,0.25,1.0,1.0,1.0,0.25,real,3,0.8304020100502513,0.3635678391959799,0.4402010050251256,0.2201005025125628,0.5979729047246282,0.4663182747910406
F000739,0.0,0.3635678391959799,0.5416666666666666,0.8779711460710616,0.0,1.0,1.0,1.0,0.0,real,3,0.3701005025125628,0.3635678391959799,0.9402010050251256,0.4701005025125628,0.3590346834675892,0.3666388475038509
F000740,0.0,0.3635678391959799,0.1666666666666666,0.5773502691896258,0.0,1.0,1.0,1.0,0.0,real,3,0.3701005025125628,0.3635678391959799,0.7276381909547739,0.36381909547738694,0.3196998813161284,0.36594454685487743
F000741,0.0,0.3635678391959799,0.5416666666666666,0.3818813079129866,0.5,1.0,1.0,1.0,0.5,real,3,0.9587939698492463,0.3635678391959799,0.4236180904522613,0.21180904522613064,0.6824782202469635,0.48964211762329235
F000742,0.0,0.3635678391959799,0.1388888888888888,0.2545875386086578,0.25,1.0,1.0,1.0,0.25,real,3,0.8304020100502513,0.3635678391959799,0.1771356783919598,0.0885678391959799,0.48874791671927476,0.4049143329713896
F000743,0.0,0.3635678391959799,0.4583333333333333,0.1443375672974064,0.25,1.0,1.0,1.0,0.25,real,3,0.8304020100502513,0.3635678391959799,0.06030150753768844,0.03015075376884422,0.4402382515593041,0.3776432413322896
F000744,0.0,0.3635678391959799,0.5972222222222222,0.393817968854384,0.0,1.0,1.0,1.0,0.0,real,3,0.3701005025125628,0.3635678391959799,0.48266331658291456,0.24133165829145728,0.27436721926213986,0.3651443776672306
F000745,0.0,0.3635678391959799,0.1111111111111111,0.3849001794597505,0.0,1.0,1.0,1.0,0.0,real,3,0.3701005025125628,0.3635678391959799,0.4492462311557789,0.22462311557788944,0.2681833792075958,0.3650352263831721
F000746,0.0,0.3635678391959799,0.3333333333333333,0.2886751345948129,0.25,1.0,1.0,1.0,0.25,real,3,0.8304020100502513,0.3635678391959799,0.26030150753768844,0.13015075376884422,0.5232784525643291,0.4243266584177167
F000747,0.0,0.3635678391959799,0.6111111111111112,0.693888666488711,0.0,1.0,1.0,1.0,0.0,real,3,0.3701005025125628,0.3635678391959799,0.8351758793969849,0.41758793969849245,0.33959975758187927,0.3662958006110957
F000748,0.0,0.3635678391959799,0.2638888888888888,0.7087417123429485,0.0,1.0,1.0,1.0,0.0,real,3,0.3701005025125628,0.3635678391959799,0.8482412060301507,0.42412060301507537,0.34201749955809196,0.3663384763011035
F000749,0.0,0.3635678391959799,0.2222222222222222,0.0962250448649376,0.0,1.0,1.0,1.0,0.0,real,3,0.3701005025125628,0.3635678391959799,0.021105527638190954,0.010552763819095477,0.18895583444862502,0.3636367768490695
F000750,0.0,0.3635678391959799,0.3888888888888889,0.4811252243246881,0.0,1.0,1.0,1.0,0.0,real,3,0.3701005025125628,0.3635678391959799,0.5391959798994975,0.26959798994974876,0.28482860281306027,0.36532903209514916
F000751,0.0,0.3635678391959799,0.5,0.0,0.25,1.0,1.0,1.0,0.25,real,3,0.8304020100502513,0.3635678391959799,0.005527638190954774,0.002763819095477387,0.4174960859574253,0.3648580843918083
F000752,0.0,0.3635678391959799,0.3055555555555556,0.6735753140545634,0.0,1.0,1.0,1.0,0.0,real,3,0.3701005025125628,0.3635678391959799,0.8160804020100503,0.40804020100502514,0.33606613469356833,0.36623342844877654
F000753,0.0,0.3635678391959799,0.1388888888888888,0.2545875386086578,0.0,1.0,1.0,1.0,0.0,real,3,0.3701005025125628,0.3635678391959799,0.1771356783919598,0.0885678391959799,0.21782925304916542,0.3641464230701245
F000754,0.0,0.3635678391959799,0.4861111111111111,0.2926570486903539,0.0,1.0,1.0,1.0,0.0,real,3,0.3701005025125628,0.3635678391959799,0.2904522613065327,0.14522613065326634,0.23879851518901038,0.3645165526123078
F000755,0.0,0.3635678391959799,0.5833333333333334,0.7637626158259733,0.0,1.0,1.0,1.0,0.0,real,3,0.3701005025125628,0.3635678391959799,0.8902010050251257,0.44510050251256283,0.34978217090477515,0.3664755309209363
F000756,0.5949284529178934,0.9836683417085428,0.8611111111111112,0.2545875386086578,0.25,1.0,1.0,1.0,0.25,real,3,0.8304020100502513,0.9836683417085428,0.1771356783919598,0.0885678391959799,0.48874791671927476,0.9700938738920736
F000757,0.0,0.3635678391959799,0.2361111111111111,0.2097176232019652,0.0,1.0,1.0,1.0,0.0,real,3,0.3701005025125628,0.3635678391959799,0.11708542713567839,0.058542713567839195,0.20671693896618776,0.36395027903335775
F000758,0.0,0.3635678391959799,0.1944444444444444,0.3469443332443554,0.5,1.0,1.0,1.0,0.5,real,3,0.9587939698492463,0.3635678391959799,0.33341708542713566,0.16670854271356783,0.6392361304007474,0.4627971200222217
F000759,0.25,0.8977386934673367,0.75,0.5,0.0,1.0,1.0,1.0,0.0,real,3,0.3701005025125628,0.8977386934673367,0.5793969849246231,0.28969849246231155,0.29226780889371484,0.7448827049821973
F000760,0.0,0.3635678391959799,0.25,0.5,0.0,1.0,1.0,1.0,0.0,real,3,0.3701005025125628,0.3635678391959799,0.5793969849246231,0.28969849246231155,0.29226780889371484,0.3654603419105578
F000761,0.0223290993692601,0.7540201005025126,0.5833333333333334,0.2886751345948129,0.25,1.0,1.0,1.0,0.25,real,3,0.8304020100502513,0.7540201005025126,0.26030150753768844,0.13015075376884422,0.5232784525643291,0.7639612636044545
F000762,0.0,0.3635678391959799,0.4027777777777778,0.1734721666221777,0.5,1.0,1.0,1.0,0.5,real,3,0.9587939698492463,0.3635678391959799,0.08819095477386935,0.04409547738693467,0.5216754627408399,0.3898146195803136
F000763,0.0,0.3635678391959799,0.5555555555555556,0.5357583756107197,0.25,1.0,1.0,1.0,0.25,real,3,0.8304020100502513,0.3635678391959799,0.6798994974874372,0.3399497487437186,0.6974959596979875,0.5222679982828716
F000764,0.0,0.3635678391959799,0.4722222222222222,0.4194352464039305,0.0,1.0,1.0,1.0,0.0,real,3,0.3701005025125628,0.3635678391959799,0.5165829145728643,0.25829145728643216,0.2806440493926921,0.3652551703239817
F000765,0.0,0.3635678391959799,0.1805555555555555,0.3757708127352412,0.0,1.0,1.0,1.0,0.0,real,3,0.3701005025125628,0.3635678391959799,0.40804020100502514,0.20402010050251257,0.2605581929749249,0.36490063382237825
F000766,0.0,0.3635678391959799,0.25,0.5,0.0,1.0,1.0,1.0,0.0,real,3,0.3701005025125628,0.3635678391959799,0.5793969849246231,0.28969849246231155,0.29226780889371484,0.3654603419105578
F000767,0.5752420042367246,0.9706030150753768,0.8194444444444444,0.1272937693043289,0.0,1.0,1.0,1.0,0.0,real,3,0.3701005025125628,0.9706030150753768,0.03869346733668342,0.01934673366834171,0.1922104871089114,0.9589852528976541
F000768,0.0,0.3635678391959799,0.5277777777777778,0.8221471437193746,0.25,1.0,1.0,1.0,0.25,real,3,0.8304020100502513,0.3635678391959799,0.9208542713567839,0.46042713567839194,0.7975406239741422,0.578510959319209
F000769,0.3963319220119756,0.9414572864321608,0.7222222222222222,0.0962250448649376,0.0,1.0,1.0,1.0,0.0,real,3,0.3701005025125628,0.9414572864321608,0.021105527638190954,0.010552763819095477,0.18895583444862502,0.9354278932350193
F000770,0.1889957660359268,0.8522613065326633,0.6666666666666666,0.2886751345948129,0.0,1.0,1.0,1.0,0.0,real,3,0.3701005025125628,0.8522613065326633,0.26030150753768844,0.13015075376884422,0.2332191106285195,0.7895077144516552
F000771,0.5853276880479024,0.9761306532663316,0.8888888888888888,0.3849001794597506,0.0,1.0,1.0,1.0,0.0,real,3,0.3701005025125628,0.9761306532663316,0.45879396984924625,0.22939698492462313,0.26995019065175124,0.8371091639100022
F000772,0.0,0.3635678391959799,0.25,0.5,0.0,1.0,1.0,1.0,0.0,real,3,0.3701005025125628,0.3635678391959799,0.5793969849246231,0.28969849246231155,0.29226780889371484,0.3654603419105578
F000773,0.0,0.3635678391959799,0.3611111111111111,0.2545875386086578,0.0,1.0,1.0,1.0,0.0,real,3,0.3701005025125628,0.3635678391959799,0.1771356783919598,0.0885678391959799,0.21782925304916542,0.3641464230701245
F000774,0.0,0.3635678391959799,0.25,0.5,0.0,1.0,1.0,1.0,0.0,real,3,0.3701005025125628,0.3635678391959799,0.5793969849246231,0.28969849246231155,0.29226780889371484,0.3654603419105578
F000775,0.0,0.3635678391959799,0.2222222222222222,0.0962250448649376,0.0,1.0,1.0,1.0,0.0,real,3,0.3701005025125628,0.3635678391959799,0.021105527638190954,0.010552763819095477,0.18895583444862502,0.3636367768490695
F000776,0.0,0.3635678391959799,0.3194444444444444,0.3757708127352411,0.25,1.0,1.0,1.0,0.25,real,3,0.8304020100502513,0.3635678391959799,0.3969849246231156,0.1984924623115578,0.580029544708467,0.4562309032600187
F000777,0.0,0.3635678391959799,0.25,0.5,0.0,1.0,1.0,1.0,0.0,real,3,0.3701005025125628,0.3635678391959799,0.5793969849246231,0.28969849246231155,0.29226780889371484,0.3654603419105578
F000778,0.3222409918479341,0.9193467336683416,0.7638888888888888,0.4110735718596873,0.25,1.0,1.0,1.0,0.25,real,3,0.8304020100502513,0.9193467336683416,0.507035175879397,0.2535175879396985,0.6257225196333426,0.8967976818767203
F000779,0.0,0.3635678391959799,0.3055555555555556,0.7876359377087682,0.0,1.0,1.0,1.0,0.0,real,3,0.3701005025125628,0.3635678391959799,0.9082914572864321,0.45414572864321606,0.35312981364106966,0.3665346203378703
F000780,0.0,0.3635678391959799,0.5416666666666666,0.3818813079129866,0.0,1.0,1.0,1.0,0.0,real,3,0.3701005025125628,0.3635678391959799,0.4236180904522613,0.21180904522613064,0.2634408853311785,0.3649515163758491
F000781,0.2974642264589466,0.9080402010050252,0.6805555555555556,0.1272937693043289,0.0,1.0,1.0,1.0,0.0,real,3,0.3701005025125628,0.9080402010050252,0.03869346733668342,0.01934673366834171,0.1922104871089114,0.8976328249286636
F000782,0.3222409918479341,0.9193467336683416,0.7638888888888888,0.4110735718596873,0.5,1.0,1.0,1.0,0.5,real,3,0.9587939698492463,0.9193467336683416,0.507035175879397,0.2535175879396985,0.722468119491932,0.9293473018358122
F000783,0.1485783278408043,0.8238693467336683,0.7361111111111112,0.6472877887628358,0.0,1.0,1.0,1.0,0.0,real,3,0.3701005025125628,0.8238693467336683,0.7924623115577889,0.39623115577889445,0.3316956011211838,0.6440719931314866
F000784,0.0,0.3635678391959799,0.0416666666666666,0.1443375672974064,0.0,1.0,1.0,1.0,0.0,real,3,0.3701005025125628,0.3635678391959799,0.06030150753768844,0.03015075376884422,0.1962090603772632,0.36376480391909294
F000785,0.0,0.3635678391959799,0.3888888888888889,0.6309898162000305,0.0,1.0,1.0,1.0,0.0,real,3,0.3701005025125628,0.3635678391959799,0.7751256281407035,0.38756281407035176,0.3284874434989016,0.36609965657432897
F000786,0.0,0.3635678391959799,0.5972222222222222,0.393817968854384,0.5,1.0,1.0,1.0,0.5,real,3,0.9587939698492463,0.3635678391959799,0.48266331658291456,0.24133165829145728,0.7107843236281912,0.5072147483649403
F000787,0.0,0.3635678391959799,0.5833333333333334,0.7637626158259733,0.0,1.0,1.0,1.0,0.0,real,3,0.3701005025125628,0.3635678391959799,0.8902010050251257,0.44510050251256283,0.34978217090477515,0.3664755309209363
F000788,0.0,0.3635678391959799,0.2916666666666666,0.8036375634160796,0.0,1.0,1.0,1.0,0.0,real,3,0.3701005025125628,0.3635678391959799,0.914321608040201,0.4571608040201005,0.35424569455316784,0.3665543168101816
F000789,0.0,0.3635678391959799,0.2222222222222222,0.5091750772173156,0.0,1.0,1.0,1.0,0.0,real,3,0.3701005025125628,0.3635678391959799,0.6321608040201006,0.3160804020100503,0.3020317668745739,0.36563268604328175
F000790,0.0,0.3635678391959799,0.2777777777777778,0.5091750772173156,0.0,1.0,1.0,1.0,0.0,real,3,0.3701005025125628,0.3635678391959799,0.6321608040201006,0.3160804020100503,0.3020317668745739,0.36563268604328175
F000791,0.0,0.3635678391959799,0.2916666666666666,0.5204164998665332,0.0,1.0,1.0,1.0,0.0,real,3,0.3701005025125628,0.3635678391959799,0.657035175879397,0.3285175879396985,0.30663477563697883,0.3657139339915659
F000792,0.0,0.3635678391959799,0.2777777777777778,0.0962250448649376,0.0,1.0,1.0,1.0,0.0,real,3,0.3701005025125628,0.3635678391959799,0.021105527638190954,0.010552763819095477,0.18895583444862502,0.3636367768490695
F000793,0.3779915320718537,0.9329145728643216,0.8333333333333333,0.5773502691896258,0.5,1.0,1.0,1.0,0.5,real,3,0.9587939698492463,0.9329145728643216,0.7276381909547739,0.36381909547738694,0.828224539784349,0.942329991666877
F000794,0.0,0.3635678391959799,0.5555555555555556,0.5357583756107197,0.0,1.0,1.0,1.0,0.0,real,3,0.3701005025125628,0.3635678391959799,0.6798994974874372,0.3399497487437186,0.31086582409535113,0.36578861644907956
F000795,0.0,0.3635678391959799,0.6388888888888888,0.7515416254704823,0.0,1.0,1.0,1.0,0.0,real,3,0.3701005025125628,0.3635678391959799,0.8728643216080402,0.4364321608040201,0.3465740132824929,0.3664189035630414
F000796,0.1485783278408043,0.8238693467336683,0.7361111111111112,0.6472877887628358,0.0,1.0,1.0,1.0,0.0,real,3,0.3701005025125628,0.8238693467336683,0.7924623115577889,0.39623115577889445,0.3316956011211838,0.6440719931314866
F000797,0.1485783278408043,0.8238693467336683,0.7361111111111112,0.6472877887628358,0.0,1.0,1.0,1.0,0.0,real,3,0.3701005025125628,0.8238693467336683,0.7924623115577889,0.39623115577889445,0.3316956011211838,0.6440719931314866
F000798,0.25,0.8977386934673367,0.75,0.5,0.75,1.0,1.0,1.0,0.75,real,3,0.9987437185929648,0.8977386934673367,0.5793969849246231,0.28969849246231155,0.7887064089290675,0.9269996969773491
F000799,0.0,0.3635678391959799,0.1388888888888888,0.2545875386086578,0.0,1.0,1.0,1.0,0.0,real,3,0.3701005025125628,0.3635678391959799,0.1771356783919598,0.0885678391959799,0.21782925304916542,0.3641464230701245
F000800,0.0,0.3635678391959799,0.6388888888888888,0.7515416254704823,0.0,1.0,1.0,1.0,0.0,real,3,0.3701005025125628,0.3635678391959799,0.8728643216080402,0.4364321608040201,0.3465740132824929,0.3664189035630414
F000801,0.0,0.3635678391959799,0.1666666666666666,0.2886751345948128,0.25,1.0,1.0,1.0,0.25,real,3,0.8304020100502513,0.3635678391959799,0.228391959798995,0.1141959798994975,0.5100295762733265,0.41687842478725284
F000802,0.0,0.3635678391959799,0.5138888888888888,0.2926570486903538,0.0,1.0,1.0,1.0,0.0,real,3,0.3701005025125628,0.3635678391959799,0.2829145728643216,0.1414572864321608,0.23740366404888766,0.36449193202191865
F000803,0.0,0.3635678391959799,0.0555555555555555,0.1924500897298752,0.0,1.0,1.0,1.0,0.0,real,3,0.3701005025125628,0.3635678391959799,0.1,0.05,0.20355527638190957,0.363894472361809
F000804,0.0,0.3635678391959799,0.1944444444444444,0.3469443332443554,0.25,1.0,1.0,1.0,0.25,real,3,0.8304020100502513,0.3635678391959799,0.33341708542713566,0.16670854271356783,0.5536361139870205,0.4413930835079922
F000805,0.0,0.3635678391959799,0.3333333333333333,0.2886751345948129,0.0,1.0,1.0,1.0,0.0,real,3,0.3701005025125628,0.3635678391959799,0.26030150753768844,0.13015075376884422,0.2332191106285195,0.36441807025075124
F000806,0.0219364186574703,0.7472361809045226,0.6527777777777778,0.5672382737961704,0.0,1.0,1.0,1.0,0.0,real,3,0.3701005025125628,0.7472361809045226,0.7017587939698492,0.3508793969849246,0.31491089240170705,0.6149070414888513
F000807,0.0,0.3635678391959799,0.4583333333333333,0.1443375672974064,0.25,1.0,1.0,1.0,0.25,real,3,0.8304020100502513,0.3635678391959799,0.06030150753768844,0.03015075376884422,0.4402382515593041,0.3776432413322896
F000808,0.0,0.3635678391959799,0.5694444444444444,0.4738533919231106,0.0,1.0,1.0,1.0,0.0,real,3,0.3701005025125628,0.3635678391959799,0.535427135678392,0.267713567839196,0.2841311772429989,0.36531672179995456
F000809,0.0,0.3635678391959799,0.3055555555555556,0.7876359377087682,0.0,1.0,1.0,1.0,0.0,real,3,0.3701005025125628,0.3635678391959799,0.9082914572864321,0.45414572864321606,0.35312981364106966,0.3665346203378703
F000810,0.0,0.3635678391959799,0.2777777777777778,0.9622504486493764,0.0,1.0,1.0,1.0,0.0,real,3,0.3701005025125628,0.3635678391959799,0.9577889447236181,0.47889447236180904,0.36228933612787556,0.36669629554809224
F000811,0.3231250834000667,0.9236180904522612,0.7916666666666667,0.5204164998665333,0.0,1.0,1.0,1.0,0.0,real,3,0.3701005025125628,0.9236180904522612,0.6665829145728643,0.33329145728643217,0.3084015870811343,0.7391354069341682
F000812,0.0,0.3635678391959799,0.1666666666666666,0.2886751345948128,0.0,1.0,1.0,1.0,0.0,real,3,0.3701005025125628,0.3635678391959799,0.228391959798995,0.1141959798994975,0.22731424080199994,0.36431384308477055
F000813,0.5334936490538904,0.9678391959798996,0.875,0.4330127018922193,0.0,1.0,1.0,1.0,0.0,real,3,0.3701005025125628,0.9678391959798996,0.5271356783919598,0.2635678391959799,0.28259684098886395,0.8102945001388855
F000814,0.0,0.3635678391959799,0.1666666666666666,0.5773502691896258,0.0,1.0,1.0,1.0,0.0,real,3,0.3701005025125628,0.3635678391959799,0.7276381909547739,0.36381909547738694,0.3196998813161284,0.36594454685487743
F000815,0.0,0.3635678391959799,0.3333333333333333,1.1547005383792517,0.0,1.0,1.0,1.0,0.0,real,3,0.3701005025125628,0.3635678391959799,0.9967336683417085,0.49836683417085426,0.3694960670185096,0.3668235019317694
F000816,0.0,0.3635678391959799,0.4861111111111111,0.9141379262169074,0.25,1.0,1.0,1.0,0.25,real,3,0.8304020100502513,0.3635678391959799,0.9492462311557789,0.47462311557788944,0.8093289942173179,0.5851381278250549
F000817,0.0,0.3635678391959799,0.3888888888888889,0.4811252243246881,0.0,1.0,1.0,1.0,0.0,real,3,0.3701005025125628,0.3635678391959799,0.5391959798994975,0.26959798994974876,0.28482860281306027,0.36532903209514916
F000818,0.0,0.3635678391959799,0.5972222222222222,0.393817968854384,0.0,1.0,1.0,1.0,0.0,real,3,0.3701005025125628,0.3635678391959799,0.48266331658291456,0.24133165829145728,0.27436721926213986,0.3651443776672306
F000819,0.0,0.3635678391959799,0.25,0.5,0.0,1.0,1.0,1.0,0.0,real,3,0.3701005025125628,0.3635678391959799,0.5793969849246231,0.28969849246231155,0.29226780889371484,0.3654603419105578
F000820,0.0,0.3635678391959799,0.4166666666666667,0.2886751345948129,0.0,1.0,1.0,1.0,0.0,real,3,0.3701005025125628,0.3635678391959799,0.26030150753768844,0.13015075376884422,0.2332191106285195,0.36441807025075124
F000821,0.1706553760958049,0.8447236180904523,0.7777777777777777,0.769800358919501,0.0,1.0,1.0,1.0,0.0,real,3,0.3701005025125628,0.8447236180904523,0.9007537688442211,0.45037688442211055,0.35173496250094693,0.6309643380217671
F000822,0.0,0.3635678391959799,0.5972222222222222,0.393817968854384,0.0,1.0,1.0,1.0,0.0,real,3,0.3701005025125628,0.3635678391959799,0.48266331658291456,0.24133165829145728,0.27436721926213986,0.3651443776672306
F000823,0.0,0.3635678391959799,0.1666666666666666,0.5773502691896258,0.0,1.0,1.0,1.0,0.0,real,3,0.3701005025125628,0.3635678391959799,0.7276381909547739,0.36381909547738694,0.3196998813161284,0.36594454685487743
F000824,0.0,0.3635678391959799,0.375,0.4330127018922193,0.0,1.0,1.0,1.0,0.0,real,3,0.3701005025125628,0.3635678391959799,0.5271356783919598,0.2635678391959799,0.28259684098886395,0.3652896391505265
F000825,0.0,0.3635678391959799,0.4444444444444444,1.0183501544346312,0.0,1.0,1.0,1.0,0.0,real,3,0.3701005025125628,0.3635678391959799,0.9741206030150754,0.4870603015075377,0.36531151359814146,0.3667496401606021
F000826,0.0,0.3635678391959799,0.1527777777777777,0.3367876570272816,0.0,1.0,1.0,1.0,0.0,real,3,0.3701005025125628,0.3635678391959799,0.2947236180904523,0.14736180904522614,0.23958893083507993,0.36453050428019496
F000827,0.0,0.3635678391959799,0.4583333333333333,0.6291528696058959,0.25,1.0,1.0,1.0,0.25,real,3,0.8304020100502513,0.3635678391959799,0.7713567839195979,0.38567839195979897,0.7354691169414914,0.5436156915229413
F000828,0.0,0.3635678391959799,0.0833333333333333,0.2886751345948128,0.0,1.0,1.0,1.0,0.0,real,3,0.3701005025125628,0.3635678391959799,0.228391959798995,0.1141959798994975,0.22731424080199994,0.36431384308477055
F000829,0.0,0.3635678391959799,0.5972222222222222,0.393817968854384,0.0,1.0,1.0,1.0,0.0,real,3,0.3701005025125628,0.3635678391959799,0.48266331658291456,0.24133165829145728,0.27436721926213986,0.3651443776672306
F000830,0.0,0.3635678391959799,0.4166666666666667,0.7637626158259734,0.0,1.0,1.0,1.0,0.0,real,3,0.3701005025125628,0.3635678391959799,0.8974874371859296,0.4487437185929648,0.3511305270068938,0.3664993308249792
F000831,0.0,0.3635678391959799,0.1944444444444444,0.3469443332443554,0.25,1.0,1.0,1.0,0.25,real,3,0.8304020100502513,0.3635678391959799,0.33341708542713566,0.16670854271356783,0.5536361139870205,0.4413930835079922
F000832,0.0,0.3635678391959799,0.3333333333333333,0.2886751345948129,0.0,1.0,1.0,1.0,0.0,real,3,0.3701005025125628,0.3635678391959799,0.26030150753768844,0.13015075376884422,0.2332191106285195,0.36441807025075124
F000833,0.0,0.3635678391959799,0.3333333333333333,0.2886751345948129,0.25,1.0,1.0,1.0,0.25,real,3,0.8304020100502513,0.3635678391959799,0.26030150753768844,0.13015075376884422,0.5232784525643291,0.4243266584177167
F000834,0.1898569058357866,0.864321608040201,0.7222222222222222,0.5091750772173156,0.0,1.0,1.0,1.0,0.0,real,3,0.3701005025125628,0.864321608040201,0.6321608040201006,0.3160804020100503,0.3020317668745739,0.7081080023231736
F000835,0.0,0.3635678391959799,0.4583333333333333,0.3818813079129866,0.5,1.0,1.0,1.0,0.5,real,3,0.9587939698492463,0.3635678391959799,0.4236180904522613,0.21180904522613064,0.6824782202469635,0.48964211762329235
F000836,0.0,0.3635678391959799,0.3055555555555556,0.3469443332443555,0.0,1.0,1.0,1.0,0.0,real,3,0.3701005025125628,0.3635678391959799,0.37613065326633166,0.18806532663316583,0.25465332314840533,0.3647964066563976
F000837,0.0,0.3635678391959799,0.3055555555555556,0.3469443332443555,0.25,1.0,1.0,1.0,0.25,real,3,0.8304020100502513,0.3635678391959799,0.37613065326633166,0.18806532663316583,0.5713708302820636,0.45136316002121163
F000838,0.0483797153000638,0.7836683417085427,0.6805555555555556,0.6254627916220946,0.0,1.0,1.0,1.0,0.0,real,3,0.3701005025125628,0.7836683417085427,0.7610552763819095,0.38052763819095475,0.32588372137067245,0.6262943486275598
F000839,0.0,0.3635678391959799,0.5138888888888888,0.2926570486903538,0.5,1.0,1.0,1.0,0.5,real,3,0.9587939698492463,0.3635678391959799,0.2829145728643216,0.1414572864321608,0.6150253781470165,0.44776691245170575
F000840,0.1485783278408043,0.8238693467336683,0.7361111111111112,0.6472877887628358,0.0,1.0,1.0,1.0,0.0,real,3,0.3701005025125628,0.8238693467336683,0.7924623115577889,0.39623115577889445,0.3316956011211838,0.6440719931314866
F000841,0.0,0.3635678391959799,0.2083333333333333,0.3818813079129866,0.0,1.0,1.0,1.0,0.0,real,3,0.3701005025125628,0.3635678391959799,0.4236180904522613,0.21180904522613064,0.2634408853311785,0.3649515163758491
F000842,0.0,0.3635678391959799,0.2777777777777778,0.0962250448649376,0.0,1.0,1.0,1.0,0.0,real,3,0.3701005025125628,0.3635678391959799,0.021105527638190954,0.010552763819095477,0.18895583444862502,0.3636367768490695
F000843,0.1077083611333555,0.8103015075376885,0.5972222222222222,0.1734721666221776,0.0,1.0,1.0,1.0,0.0,real,3,0.3701005025125628,0.8103015075376885,0.07839195979899498,0.03919597989949749,0.19955670311355775,0.7930473977929849
F000844,0.0,0.3635678391959799,0.4027777777777778,0.6364688465216445,0.0,1.0,1.0,1.0,0.0,real,3,0.3701005025125628,0.3635678391959799,0.7829145728643216,0.3914572864321608,0.3299287896770284,0.3661250978510644
F000845,0.6889957660359269,0.9899497487437184,0.9166666666666669,0.2886751345948128,0.0,1.0,1.0,1.0,0.0,real,3,0.3701005025125628,0.9899497487437184,0.228391959798995,0.1141959798994975,0.22731424080199994,0.9191654566803867
F000846,0.0,0.3635678391959799,0.5972222222222222,0.393817968854384,0.25,1.0,1.0,1.0,0.25,real,3,0.8304020100502513,0.3635678391959799,0.48266331658291456,0.24133165829145728,0.6156032991591122,0.4762297037953587
F000847,0.0,0.3635678391959799,0.6944444444444444,0.7876359377087682,0.25,1.0,1.0,1.0,0.25,real,3,0.8304020100502513,0.3635678391959799,0.9082914572864321,0.45414572864321606,0.7923245309461882,0.5755785838741446
F000848,0.0223290993692601,0.7540201005025126,0.5833333333333334,0.2886751345948129,0.0,1.0,1.0,1.0,0.0,real,3,0.3701005025125628,0.7540201005025126,0.26030150753768844,0.13015075376884422,0.2332191106285195,0.704052675437489
F000849,0.0,0.3635678391959799,0.0972222222222221,0.1734721666221776,0.0,1.0,1.0,1.0,0.0,real,3,0.3701005025125628,0.3635678391959799,0.07839195979899498,0.03919597989949749,0.19955670311355775,0.3638238933360269
F000850,0.0,0.3635678391959799,0.4444444444444444,1.0183501544346312,0.0,1.0,1.0,1.0,0.0,real,3,0.3701005025125628,0.3635678391959799,0.9741206030150754,0.4870603015075377,0.36531151359814146,0.3667496401606021
F000851,0.0223290993692601,0.7540201005025126,0.5833333333333334,0.2886751345948129,0.0,1.0,1.0,1.0,0.0,real,3,0.3701005025125628,0.7540201005025126,0.26030150753768844,0.13015075376884422,0.2332191106285195,0.704052675437489
F000852,0.0,0.3635678391959799,0.2361111111111111,0.2097176232019652,0.0,1.0,1.0,1.0,0.0,real,3,0.3701005025125628,0.3635678391959799,0.11708542713567839,0.058542713567839195,0.20671693896618776,0.36395027903335775
F000853,0.0,0.3635678391959799,0.5555555555555556,0.5357583756107197,0.0,1.0,1.0,1.0,0.0,real,3,0.3701005025125628,0.3635678391959799,0.6798994974874372,0.3399497487437186,0.31086582409535113,0.36578861644907956
F000854,0.0,0.3635678391959799,0.5,0.0,0.25,1.0,1.0,1.0,0.25,real,3,0.8304020100502513,0.3635678391959799,0.005527638190954774,0.002763819095477387,0.4174960859574253,0.3648580843918083
F000855,0.5260506159308034,0.963819095477387,0.8472222222222221,0.3367876570272817,0.0,1.0,1.0,1.0,0.0,real,3,0.3701005025125628,0.963819095477387,0.3005025125628141,0.15025125628140704,0.240658316709174,0.8746121310067929
F000856,0.0,0.3635678391959799,0.1666666666666666,0.5773502691896258,0.0,1.0,1.0,1.0,0.0,real,3,0.3701005025125628,0.3635678391959799,0.7276381909547739,0.36381909547738694,0.3196998813161284,0.36594454685487743
F000857,0.0,0.3635678391959799,0.6388888888888888,0.7515416254704823,0.5,1.0,1.0,1.0,0.5,real,3,0.9587939698492463,0.3635678391959799,0.8728643216080402,0.4364321608040201,0.897845508951794,0.623343665564001
F000858,0.0,0.3635678391959799,0.3888888888888889,0.6309898162000305,0.25,1.0,1.0,1.0,0.25,real,3,0.8304020100502513,0.3635678391959799,0.7751256281407035,0.38756281407035176,0.7370339448498775,0.5444954041564607
F000859,0.0,0.3635678391959799,0.3055555555555556,0.6735753140545634,0.0,1.0,1.0,1.0,0.0,real,3,0.3701005025125628,0.3635678391959799,0.8160804020100503,0.40804020100502514,0.33606613469356833,0.36623342844877654
F000860,0.01116454968463,0.7346733668341708,0.5416666666666666,0.1443375672974064,0.25,1.0,1.0,1.0,0.25,real,3,0.8304020100502513,0.7346733668341708,0.06030150753768844,0.03015075376884422,0.4402382515593041,0.7375596575844043
F000861,0.0,0.3635678391959799,0.6666666666666666,0.7637626158259733,0.25,1.0,1.0,1.0,0.25,real,3,0.8304020100502513,0.3635678391959799,0.8902010050251257,0.44510050251256283,0.7848133569859347,0.5713559632332517
F000862,0.25,0.8977386934673367,0.75,0.5,0.5,1.0,1.0,1.0,0.5,real,3,0.9587939698492463,0.8977386934673367,0.5793969849246231,0.28969849246231155,0.7571581525719048,0.9154263149920456
F000863,0.0,0.3635678391959799,0.1666666666666666,0.5773502691896258,0.25,1.0,1.0,1.0,0.25,real,3,0.8304020100502513,0.3635678391959799,0.7276381909547739,0.36381909547738694,0.7173171132042121,0.5334110249741169
F000864,0.0,0.3635678391959799,0.375,0.25,0.0,1.0,1.0,1.0,0.0,real,3,0.3701005025125628,0.3635678391959799,0.1349246231155779,0.06746231155778895,0.21001808666447816,0.36400854776394537
F000865,0.0,0.3635678391959799,0.25,0.5,0.0,1.0,1.0,1.0,0.0,real,3,0.3701005025125628,0.3635678391959799,0.5793969849246231,0.28969849246231155,0.29226780889371484,0.3654603419105578
F000866,0.0,0.3635678391959799,0.25,0.5,0.0,1.0,1.0,1.0,0.0,real,3,0.3701005025125628,0.3635678391959799,0.5793969849246231,0.28969849246231155,0.29226780889371484,0.3654603419105578
F000867,0.0,0.3635678391959799,0.2222222222222222,0.5091750772173156,0.5,1.0,1.0,1.0,0.5,real,3,0.9587939698492463,0.3635678391959799,0.6321608040201006,0.3160804020100503,0.7824529683593849,0.551707153859751
F000868,0.0,0.3635678391959799,0.1944444444444444,0.3469443332443554,0.0,1.0,1.0,1.0,0.0,real,3,0.3701005025125628,0.3635678391959799,0.33341708542713566,0.16670854271356783,0.2467491666877099,0.3646568899775259
F000869,0.0,0.3635678391959799,0.4444444444444444,0.1924500897298753,0.5,1.0,1.0,1.0,0.5,real,3,0.9587939698492463,0.3635678391959799,0.1077889447236181,0.05389447236180905,0.5310706800333325,0.39564723744349894
F000870,0.4376389444889332,0.951005025125628,0.8055555555555556,0.3469443332443555,0.5,1.0,1.0,1.0,0.5,real,3,0.9587939698492463,0.951005025125628,0.37613065326633166,0.18806532663316583,0.6597128860382313,0.952469855559203
F000871,0.0521012318616071,0.7947236180904522,0.6944444444444444,0.6735753140545634,0.0,1.0,1.0,1.0,0.0,real,3,0.3701005025125628,0.7947236180904522,0.8160804020100503,0.40804020100502514,0.33606613469356833,0.6214603166586702
F000872,0.0,0.3635678391959799,0.3611111111111111,0.2545875386086578,0.0,1.0,1.0,1.0,0.0,real,3,0.3701005025125628,0.3635678391959799,0.1771356783919598,0.0885678391959799,0.21782925304916542,0.3641464230701245
F000873,0.0,0.3635678391959799,0.1944444444444444,0.3469443332443554,0.0,1.0,1.0,1.0,0.0,real,3,0.3701005025125628,0.3635678391959799,0.33341708542713566,0.16670854271356783,0.2467491666877099,0.3646568899775259
F000874,0.1504840084734488,0.8346733668341708,0.6388888888888888,0.2545875386086578,0.0,1.0,1.0,1.0,0.0,real,3,0.3701005025125628,0.8346733668341708,0.1771356783919598,0.0885678391959799,0.21782925304916542,0.7935271520921189
F000875,0.0223290993692601,0.7540201005025126,0.5833333333333334,0.2886751345948129,0.0,1.0,1.0,1.0,0.0,real,3,0.3701005025125628,0.7540201005025126,0.26030150753768844,0.13015075376884422,0.2332191106285195,0.704052675437489
F000876,0.4229189661767951,0.9434673366834172,0.7638888888888888,0.2097176232019653,0.0,1.0,1.0,1.0,0.0,real,3,0.3701005025125628,0.9434673366834172,0.12688442211055276,0.06344221105527638,0.20853024544834725,0.9070916769778542
F000877,0.0,0.3635678391959799,0.5416666666666666,0.8779711460710616,0.0,1.0,1.0,1.0,0.0,real,3,0.3701005025125628,0.3635678391959799,0.9402010050251256,0.4701005025125628,0.3590346834675892,0.3666388475038509
F000878,0.0,0.3635678391959799,0.25,0.5,0.0,1.0,1.0,1.0,0.0,real,3,0.3701005025125628,0.3635678391959799,0.5793969849246231,0.28969849246231155,0.29226780889371484,0.3654603419105578
F000879,0.0,0.3635678391959799,0.1388888888888888,0.2545875386086578,0.0,1.0,1.0,1.0,0.0,real,3,0.3701005025125628,0.3635678391959799,0.1771356783919598,0.0885678391959799,0.21782925304916542,0.3641464230701245
F000880,0.0,0.3635678391959799,0.0972222222222221,0.1734721666221776,0.0,1.0,1.0,1.0,0.0,real,3,0.3701005025125628,0.3635678391959799,0.07839195979899498,0.03919597989949749,0.19955670311355775,0.3638238933360269
F000881,0.0,0.3635678391959799,0.3055555555555556,0.7876359377087682,0.25,1.0,1.0,1.0,0.25,real,3,0.8304020100502513,0.3635678391959799,0.9082914572864321,0.45414572864321606,0.7923245309461882,0.5755785838741446
F000882,0.0,0.3635678391959799,0.5972222222222222,0.393817968854384,0.0,1.0,1.0,1.0,0.0,real,3,0.3701005025125628,0.3635678391959799,0.48266331658291456,0.24133165829145728,0.27436721926213986,0.3651443776672306
F000883,0.0,0.3635678391959799,0.0833333333333333,0.2886751345948128,0.0,1.0,1.0,1.0,0.0,real,3,0.3701005025125628,0.3635678391959799,0.228391959798995,0.1141959798994975,0.22731424080199994,0.36431384308477055
F000884,0.0,0.3635678391959799,0.2777777777777778,0.5091750772173156,0.25,1.0,1.0,1.0,0.25,real,3,0.8304020100502513,0.3635678391959799,0.6321608040201006,0.3160804020100503,0.6776748061917629,0.5111249715916265
F000885,0.0,0.3635678391959799,0.1944444444444444,0.3469443332443554,0.0,1.0,1.0,1.0,0.0,real,3,0.3701005025125628,0.3635678391959799,0.33341708542713566,0.16670854271356783,0.2467491666877099,0.3646568899775259
F000886,0.0,0.3635678391959799,0.0833333333333333,0.2886751345948128,0.25,1.0,1.0,1.0,0.25,real,3,0.8304020100502513,0.3635678391959799,0.228391959798995,0.1141959798994975,0.5100295762733265,0.41687842478725284
F000887,0.0,0.3635678391959799,0.4027777777777778,0.1734721666221777,0.0,1.0,1.0,1.0,0.0,real,3,0.3701005025125628,0.3635678391959799,0.08819095477386935,0.04409547738693467,0.20137000959571727,0.36385590010353275
F000888,0.8444978830179634,0.9969849246231156,0.9583333333333331,0.1443375672974064,0.0,1.0,1.0,1.0,0.0,real,3,0.3701005025125628,0.9969849246231156,0.06030150753768844,0.03015075376884422,0.1962090603772632,0.978083886770536
F000889,0.0,0.3635678391959799,0.5972222222222222,0.393817968854384,0.25,1.0,1.0,1.0,0.25,real,3,0.8304020100502513,0.3635678391959799,0.48266331658291456,0.24133165829145728,0.6156032991591122,0.4762297037953587
F000890,0.0,0.3635678391959799,0.25,0.5,0.0,1.0,1.0,1.0,0.0,real,3,0.3701005025125628,0.3635678391959799,0.5793969849246231,0.28969849246231155,0.29226780889371484,0.3654603419105578
F000891,0.0,0.3635678391959799,0.4027777777777778,0.1734721666221777,0.25,1.0,1.0,1.0,0.25,real,3,0.8304020100502513,0.3635678391959799,0.08819095477386935,0.04409547738693467,0.4518179780813616,0.3841531148203328
F000892,0.0,0.3635678391959799,0.5972222222222222,0.393817968854384,0.0,1.0,1.0,1.0,0.0,real,3,0.3701005025125628,0.3635678391959799,0.48266331658291456,0.24133165829145728,0.27436721926213986,0.3651443776672306
F000893,0.0,0.3635678391959799,0.5555555555555556,0.5357583756107197,0.0,1.0,1.0,1.0,0.0,real,3,0.3701005025125628,0.3635678391959799,0.6798994974874372,0.3399497487437186,0.31086582409535113,0.36578861644907956
F000894,0.0,0.3635678391959799,0.2638888888888888,0.7087417123429485,0.25,1.0,1.0,1.0,0.25,real,3,0.8304020100502513,0.3635678391959799,0.8482412060301507,0.42412060301507537,0.7673916062725689,0.5615618292467361
F000895,0.0,0.3635678391959799,0.3194444444444444,0.1272937693043289,0.0,1.0,1.0,1.0,0.0,real,3,0.3701005025125628,0.3635678391959799,0.03869346733668342,0.01934673366834171,0.1922104871089114,0.36369422489331077
F000896,0.0,0.3635678391959799,0.5,0.0,0.0,1.0,1.0,1.0,0.0,real,3,0.3701005025125628,0.3635678391959799,0.005527638190954774,0.002763819095477387,0.1860731420923714,0.36358589429559857
F000897,0.0,0.3635678391959799,0.5138888888888888,0.2926570486903538,0.0,1.0,1.0,1.0,0.0,real,3,0.3701005025125628,0.3635678391959799,0.2829145728643216,0.1414572864321608,0.23740366404888766,0.36449193202191865
F000898,0.0,0.3635678391959799,0.1805555555555555,0.1272937693043289,0.25,1.0,1.0,1.0,0.25,real,3,0.8304020100502513,0.3635678391959799,0.03869346733668342,0.01934673366834171,0.4312665715512235,0.3725995555667786
F000899,0.0,0.3635678391959799,0.3888888888888889,0.3849001794597506,0.0,1.0,1.0,1.0,0.0,real,3,0.3701005025125628,0.3635678391959799,0.45879396984924625,0.22939698492462313,0.26995019065175124,0.3650664124643317
F000900,0.0,0.3635678391959799,0.3055555555555556,0.6735753140545634,0.0,1.0,1.0,1.0,0.0,real,3,0.3701005025125628,0.3635678391959799,0.8160804020100503,0.40804020100502514,0.33606613469356833,0.36623342844877654
F000901,0.0483797153000638,0.7836683417085427,0.6805555555555556,0.6254627916220946,0.0,1.0,1.0,1.0,0.0,real,3,0.3701005025125628,0.7836683417085427,0.7610552763819095,0.38052763819095475,0.32588372137067245,0.6262943486275598
F000902,0.0,0.3635678391959799,0.1388888888888888,0.2545875386086578,0.0,1.0,1.0,1.0,0.0,real,3,0.3701005025125628,0.3635678391959799,0.1771356783919598,0.0885678391959799,0.21782925304916542,0.3641464230701245
F000903,0.0,0.3635678391959799,0.1388888888888888,0.2545875386086578,0.0,1.0,1.0,1.0,0.0,real,3,0.3701005025125628,0.3635678391959799,0.1771356783919598,0.0885678391959799,0.21782925304916542,0.3641464230701245
F000904,0.0,0.3635678391959799,0.1944444444444444,0.3469443332443554,0.25,1.0,1.0,1.0,0.25,real,3,0.8304020100502513,0.3635678391959799,0.33341708542713566,0.16670854271356783,0.5536361139870205,0.4413930835079922
F000905,0.0,0.3635678391959799,0.5972222222222222,0.393817968854384,0.25,1.0,1.0,1.0,0.25,real,3,0.8304020100502513,0.3635678391959799,0.48266331658291456,0.24133165829145728,0.6156032991591122,0.4762297037953587
F000906,0.0,0.3635678391959799,0.5416666666666666,0.3818813079129866,0.0,1.0,1.0,1.0,0.0,real,3,0.3701005025125628,0.3635678391959799,0.4236180904522613,0.21180904522613064,0.2634408853311785,0.3649515163758491
F000907,0.0,0.3635678391959799,0.6111111111111112,0.6309898162000305,0.0,1.0,1.0,1.0,0.0,real,3,0.3701005025125628,0.3635678391959799,0.7751256281407035,0.38756281407035176,0.3284874434989016,0.36609965657432897
F000908,0.0,0.3635678391959799,0.4305555555555555,0.7469072033193751,0.0,1.0,1.0,1.0,0.0,real,3,0.3701005025125628,0.3635678391959799,0.8618090452261307,0.43090452261306533,0.3445282316103129,0.36638279336380397
F000909,0.3923926793768401,0.9396984924623116,0.7916666666666667,0.3818813079129866,0.0,1.0,1.0,1.0,0.0,real,3,0.3701005025125628,0.9396984924623116,0.4236180904522613,0.21180904522613064,0.2634408853311785,0.8190524860483321
F000910,0.1504840084734488,0.8346733668341708,0.6388888888888888,0.2545875386086578,0.25,1.0,1.0,1.0,0.25,real,3,0.8304020100502513,0.8346733668341708,0.1771356783919598,0.0885678391959799,0.48874791671927476,0.834295061993384
F000911,0.2154167222667111,0.8768844221105527,0.6944444444444444,0.3469443332443555,0.0,1.0,1.0,1.0,0.0,real,3,0.3701005025125628,0.8768844221105527,0.37613065326633166,0.18806532663316583,0.25465332314840533,0.7815759387389207
F000912,0.0223290993692601,0.7540201005025126,0.5833333333333334,0.2886751345948129,0.0,1.0,1.0,1.0,0.0,real,3,0.3701005025125628,0.7540201005025126,0.26030150753768844,0.13015075376884422,0.2332191106285195,0.704052675437489
F000913,0.1504840084734488,0.8346733668341708,0.6388888888888888,0.2545875386086578,0.0,1.0,1.0,1.0,0.0,real,3,0.3701005025125628,0.8346733668341708,0.1771356783919598,0.0885678391959799,0.21782925304916542,0.7935271520921189
F000914,0.0,0.3635678391959799,0.5972222222222222,0.393817968854384,0.5,1.0,1.0,1.0,0.5,real,3,0.9587939698492463,0.3635678391959799,0.48266331658291456,0.24133165829145728,0.7107843236281912,0.5072147483649403
F000915,0.1178513660507478,0.8135678391959799,0.736111111111111,0.7087417123429486,0.5,1.0,1.0,1.0,0.5,real,3,0.9587939698492463,0.8135678391959799,0.8517587939698492,0.4258793969849246,0.8877275826368021,0.8754166561450468
F000916,0.1732257047434905,0.8477386934673367,0.6805555555555556,0.3757708127352411,0.25,1.0,1.0,1.0,0.25,real,3,0.8304020100502513,0.8477386934673367,0.3969849246231156,0.1984924623115578,0.580029544708467,0.8442974924875634
F000917,0.0,0.3635678391959799,0.4166666666666667,0.2886751345948129,0.0,1.0,1.0,1.0,0.0,real,3,0.3701005025125628,0.3635678391959799,0.26030150753768844,0.13015075376884422,0.2332191106285195,0.36441807025075124
F000918,0.0,0.3635678391959799,0.25,0.5,0.25,1.0,1.0,1.0,0.25,real,3,0.8304020100502513,0.3635678391959799,0.5793969849246231,0.28969849246231155,0.6557672154743568,0.4988089947223555
F000919,0.1504840084734488,0.8346733668341708,0.6388888888888888,0.2545875386086578,0.0,1.0,1.0,1.0,0.0,real,3,0.3701005025125628,0.8346733668341708,0.1771356783919598,0.0885678391959799,0.21782925304916542,0.7935271520921189
F000920,0.1020902318637188,0.8077889447236181,0.7083333333333334,0.6291528696058958,0.25,1.0,1.0,1.0,0.25,real,3,0.8304020100502513,0.8077889447236181,0.7695979899497487,0.38479899497487435,0.7347388639175778,0.8164904295346076
F000921,0.0,0.3635678391959799,0.5972222222222222,0.393817968854384,0.25,1.0,1.0,1.0,0.25,real,3,0.8304020100502513,0.3635678391959799,0.48266331658291456,0.24133165829145728,0.6156032991591122,0.4762297037953587
F000922,0.0,0.3635678391959799,0.4305555555555555,0.5912165737164656,0.5,1.0,1.0,1.0,0.5,real,3,0.9587939698492463,0.3635678391959799,0.7515075376884423,0.3757537688442211,0.83966743264059,0.5872263011035075
F000923,0.1564584167334001,0.842211055276382,0.7083333333333334,0.5204164998665332,0.25,1.0,1.0,1.0,0.25,real,3,0.8304020100502513,0.842211055276382,0.657035175879397,0.3285175879396985,0.6880026703871114,0.8383315762228227
F000924,0.0,0.3635678391959799,0.4722222222222222,0.4194352464039305,0.0,1.0,1.0,1.0,0.0,real,3,0.3701005025125628,0.3635678391959799,0.5165829145728643,0.25829145728643216,0.2806440493926921,0.3652551703239817
F000925,0.0,0.3635678391959799,0.4027777777777778,0.6364688465216445,0.0,1.0,1.0,1.0,0.0,real,3,0.3701005025125628,0.3635678391959799,0.7829145728643216,0.3914572864321608,0.3299287896770284,0.3661250978510644
F000926,0.0,0.3635678391959799,0.375,1.0897247358851685,0.0,1.0,1.0,1.0,0.0,real,3,0.3701005025125628,0.3635678391959799,0.9899497487437185,0.4949748743718593,0.3682407009923992,0.3668013434004192
F000927,0.0,0.3635678391959799,0.3333333333333333,0.5773502691896258,0.0,1.0,1.0,1.0,0.0,real,3,0.3701005025125628,0.3635678391959799,0.7276381909547739,0.36381909547738694,0.3196998813161284,0.36594454685487743
F000928,0.0,0.3635678391959799,0.4166666666666667,0.2886751345948129,0.0,1.0,1.0,1.0,0.0,real,3,0.3701005025125628,0.3635678391959799,0.26030150753768844,0.13015075376884422,0.2332191106285195,0.36441807025075124
F000929,0.0,0.3635678391959799,0.1944444444444444,0.3469443332443554,0.0,1.0,1.0,1.0,0.0,real,3,0.3701005025125628,0.3635678391959799,0.33341708542713566,0.16670854271356783,0.2467491666877099,0.3646568899775259
F000930,0.0,0.3635678391959799,0.3333333333333333,1.1547005383792517,0.0,1.0,1.0,1.0,0.0,real,3,0.3701005025125628,0.3635678391959799,0.9967336683417085,0.49836683417085426,0.3694960670185096,0.3668235019317694
F000931,0.1889957660359268,0.8522613065326633,0.6666666666666666,0.2886751345948129,0.0,1.0,1.0,1.0,0.0,real,3,0.3701005025125628,0.8522613065326633,0.26030150753768844,0.13015075376884422,0.2332191106285195,0.7895077144516552
F000932,0.2224894150898172,0.8839195979899498,0.7916666666666667,0.7216878364870323,0.25,1.0,1.0,1.0,0.25,real,3,0.8304020100502513,0.8839195979899498,0.857286432160804,0.428643216080402,0.7711471932526957,0.8609796469786117
F000933,0.0,0.3635678391959799,0.5416666666666666,0.3818813079129866,0.25,1.0,1.0,1.0,0.25,real,3,0.8304020100502513,0.3635678391959799,0.4236180904522613,0.21180904522613064,0.5910876619277291,0.46244753920355547
F000934,0.0,0.3635678391959799,0.3611111111111111,0.8552669065744807,0.0,1.0,1.0,1.0,0.0,real,3,0.3701005025125628,0.3635678391959799,0.928894472361809,0.4644472361809045,0.3569424067574051,0.36660191661826724
F000935,0.0,0.3635678391959799,0.2916666666666666,0.3818813079129867,0.0,1.0,1.0,1.0,0.0,real,3,0.3701005025125628,0.3635678391959799,0.4402010050251256,0.2201005025125628,0.2665095578394485,0.36500568167470515
F000936,0.0,0.3635678391959799,0.4444444444444444,1.0183501544346312,0.0,1.0,1.0,1.0,0.0,real,3,0.3701005025125628,0.3635678391959799,0.9741206030150754,0.4870603015075377,0.36531151359814146,0.3667496401606021
F000937,0.0,0.3635678391959799,0.5138888888888888,0.2926570486903538,0.25,1.0,1.0,1.0,0.25,real,3,0.8304020100502513,0.3635678391959799,0.2829145728643216,0.1414572864321608,0.5326674200146461,0.42960493421883283
F000938,0.0,0.3635678391959799,0.3611111111111111,0.2545875386086578,0.0,1.0,1.0,1.0,0.0,real,3,0.3701005025125628,0.3635678391959799,0.1771356783919598,0.0885678391959799,0.21782925304916542,0.3641464230701245
F000939,0.0,0.3635678391959799,0.5833333333333334,0.7637626158259733,0.0,1.0,1.0,1.0,0.0,real,3,0.3701005025125628,0.3635678391959799,0.8902010050251257,0.44510050251256283,0.34978217090477515,0.3664755309209363
F000940,0.0334936490538903,0.7618090452261307,0.625,0.4330127018922193,0.0,1.0,1.0,1.0,0.0,real,3,0.3701005025125628,0.7618090452261307,0.5271356783919598,0.2635678391959799,0.28259684098886395,0.6585672710285094
F000941,0.5752420042367246,0.9706030150753768,0.8194444444444444,0.1272937693043289,0.0,1.0,1.0,1.0,0.0,real,3,0.3701005025125628,0.9706030150753768,0.03869346733668342,0.01934673366834171,0.1922104871089114,0.9589852528976541
F000942,0.0,0.3635678391959799,0.5277777777777778,0.8221471437193746,0.0,1.0,1.0,1.0,0.0,real,3,0.3701005025125628,0.3635678391959799,0.9208542713567839,0.46042713567839194,0.35545456554127425,0.3665756546551855
F000943,0.0,0.3635678391959799,0.1388888888888888,0.2545875386086578,0.0,1.0,1.0,1.0,0.0,real,3,0.3701005025125628,0.3635678391959799,0.1771356783919598,0.0885678391959799,0.21782925304916542,0.3641464230701245
F000944,0.0,0.3635678391959799,0.0416666666666666,0.1443375672974064,0.0,1.0,1.0,1.0,0.0,real,3,0.3701005025125628,0.3635678391959799,0.06030150753768844,0.03015075376884422,0.1962090603772632,0.36376480391909294
F000945,0.1178513660507478,0.8135678391959799,0.736111111111111,0.7087417123429486,0.25,1.0,1.0,1.0,0.25,real,3,0.8304020100502513,0.8135678391959799,0.8517587939698492,0.4258793969849246,0.768852112320396,0.8207371657281382
F000946,0.0,0.3635678391959799,0.5416666666666666,0.3818813079129866,0.0,1.0,1.0,1.0,0.0,real,3,0.3701005025125628,0.3635678391959799,0.4236180904522613,0.21180904522613064,0.2634408853311785,0.3649515163758491
F000947,0.0,0.3635678391959799,0.125,0.25,0.0,1.0,1.0,1.0,0.0,real,3,0.3701005025125628,0.3635678391959799,0.1349246231155779,0.06746231155778895,0.21001808666447816,0.36400854776394537
F000948,0.0,0.3635678391959799,0.3333333333333333,0.7637626158259733,0.0,1.0,1.0,1.0,0.0,real,3,0.3701005025125628,0.3635678391959799,0.8902010050251257,0.44510050251256283,0.34978217090477515,0.3664755309209363
F000949,0.1706553760958049,0.8447236180904523,0.7777777777777777,0.769800358919501,0.0,1.0,1.0,1.0,0.0,real,3,0.3701005025125628,0.8447236180904523,0.9007537688442211,0.45037688442211055,0.35173496250094693,0.6309643380217671
F000950,0.0,0.3635678391959799,0.3333333333333333,0.5773502691896258,0.0,1.0,1.0,1.0,0.0,real,3,0.3701005025125628,0.3635678391959799,0.7276381909547739,0.36381909547738694,0.3196998813161284,0.36594454685487743
F000951,0.0,0.3635678391959799,0.2083333333333333,0.5204164998665333,0.0,1.0,1.0,1.0,0.0,real,3,0.3701005025125628,0.3635678391959799,0.6665829145728643,0.33329145728643217,0.3084015870811343,0.3657451200727254
F000952,0.0,0.3635678391959799,0.4166666666666667,0.2886751345948129,0.0,1.0,1.0,1.0,0.0,real,3,0.3701005025125628,0.3635678391959799,0.26030150753768844,0.13015075376884422,0.2332191106285195,0.36441807025075124
F000953,0.0446581987385203,0.7701005025125628,0.6666666666666666,0.5773502691896258,0.0,1.0,1.0,1.0,0.0,real,3,0.3701005025125628,0.7701005025125628,0.7276381909547739,0.36381909547738694,0.3196998813161284,0.624572864321608
F000954,0.0,0.3635678391959799,0.5694444444444444,0.5548606765399494,0.0,1.0,1.0,1.0,0.0,real,3,0.3701005025125628,0.3635678391959799,0.6964824120603015,0.34824120603015074,0.3139344966036211,0.36584278174793566
F000955,0.3779915320718537,0.9329145728643216,0.8333333333333333,0.5773502691896258,0.0,1.0,1.0,1.0,0.0,real,3,0.3701005025125628,0.9329145728643216,0.7276381909547739,0.36381909547738694,0.3196998813161284,0.7281520668669982
F000956,0.0,0.3635678391959799,0.1944444444444444,0.3469443332443554,0.0,1.0,1.0,1.0,0.0,real,3,0.3701005025125628,0.3635678391959799,0.33341708542713566,0.16670854271356783,0.2467491666877099,0.3646568899775259
F000957,0.0,0.3635678391959799,0.1944444444444444,0.3469443332443554,0.25,1.0,1.0,1.0,0.25,real,3,0.8304020100502513,0.3635678391959799,0.33341708542713566,0.16670854271356783,0.5536361139870205,0.4413930835079922
F000958,0.0,0.3635678391959799,0.1944444444444444,0.3469443332443554,0.0,1.0,1.0,1.0,0.0,real,3,0.3701005025125628,0.3635678391959799,0.33341708542713566,0.16670854271356783,0.2467491666877099,0.3646568899775259
F000959,0.0,0.3635678391959799,0.1388888888888888,0.2545875386086578,0.0,1.0,1.0,1.0,0.0,real,3,0.3701005025125628,0.3635678391959799,0.1771356783919598,0.0885678391959799,0.21782925304916542,0.3641464230701245
F000960,0.0,0.3635678391959799,0.3472222222222222,0.6988747569671736,0.0,1.0,1.0,1.0,0.0,real,3,0.3701005025125628,0.3635678391959799,0.8437185929648241,0.42185929648241205,0.34118058887401836,0.36632370394687
F000961,0.01116454968463,0.7346733668341708,0.5416666666666666,0.1443375672974064,0.0,1.0,1.0,1.0,0.0,real,3,0.3701005025125628,0.7346733668341708,0.06030150753768844,0.03015075376884422,0.1962090603772632,0.7236812201712077
F000962,0.0,0.3635678391959799,0.1944444444444444,0.3469443332443554,0.0,1.0,1.0,1.0,0.0,real,3,0.3701005025125628,0.3635678391959799,0.33341708542713566,0.16670854271356783,0.2467491666877099,0.3646568899775259
F000963,0.0,0.3635678391959799,0.4027777777777778,0.1734721666221777,0.0,1.0,1.0,1.0,0.0,real,3,0.3701005025125628,0.3635678391959799,0.08819095477386935,0.04409547738693467,0.20137000959571727,0.36385590010353275
F000964,0.0,0.3635678391959799,0.25,0.5,0.0,1.0,1.0,1.0,0.0,real,3,0.3701005025125628,0.3635678391959799,0.5793969849246231,0.28969849246231155,0.29226780889371484,0.3654603419105578
F000965,0.0,0.3635678391959799,0.2638888888888888,0.2097176232019653,0.0,1.0,1.0,1.0,0.0,real,3,0.3701005025125628,0.3635678391959799,0.12688442211055276,0.06344221105527638,0.20853024544834725,0.3639822858008636
F000966,0.125,0.8168341708542713,0.625,0.25,0.0,1.0,1.0,1.0,0.0,real,3,0.3701005025125628,0.8168341708542713,0.1349246231155779,0.06746231155778895,0.21001808666447816,0.7866964849372491
F000967,0.0223290993692601,0.7540201005025126,0.5833333333333334,0.2886751345948129,0.0,1.0,1.0,1.0,0.0,real,3,0.3701005025125628,0.7540201005025126,0.26030150753768844,0.13015075376884422,0.2332191106285195,0.704052675437489
F000968,0.0,0.3635678391959799,0.2916666666666666,0.8036375634160796,0.5,1.0,1.0,1.0,0.5,real,3,0.9587939698492463,0.3635678391959799,0.914321608040201,0.4571608040201005,0.9177200070705286,0.6356818956592005
F000969,0.0,0.3635678391959799,0.5833333333333334,0.7637626158259733,0.5,1.0,1.0,1.0,0.5,real,3,0.9587939698492463,0.3635678391959799,0.8902010050251257,0.44510050251256283,0.9061566627105376,0.6285032890583571
F000970,0.5853276880479024,0.9761306532663316,0.8888888888888888,0.3849001794597506,0.0,1.0,1.0,1.0,0.0,real,3,0.3701005025125628,0.9761306532663316,0.45879396984924625,0.22939698492462313,0.26995019065175124,0.8371091639100022
F000971,0.0,0.3635678391959799,0.4027777777777778,0.1734721666221777,0.0,1.0,1.0,1.0,0.0,real,3,0.3701005025125628,0.3635678391959799,0.08819095477386935,0.04409547738693467,0.20137000959571727,0.36385590010353275
F000972,0.0,0.3635678391959799,0.25,0.8660254037844386,0.0,1.0,1.0,1.0,0.0,real,3,0.3701005025125628,0.3635678391959799,0.9349246231155779,0.46746231155778895,0.3580582876695033,0.3666216130905785
F000973,0.0,0.3635678391959799,0.4444444444444444,1.0183501544346312,0.25,1.0,1.0,1.0,0.25,real,3,0.8304020100502513,0.3635678391959799,0.9741206030150754,0.4870603015075377,0.8196568584126663,0.5909442312062827
F000974,0.0,0.3635678391959799,0.2777777777777778,0.5091750772173156,0.0,1.0,1.0,1.0,0.0,real,3,0.3701005025125628,0.3635678391959799,0.6321608040201006,0.3160804020100503,0.3020317668745739,0.36563268604328175
F000975,0.0334936490538903,0.7618090452261307,0.625,0.4330127018922193,0.0,1.0,1.0,1.0,0.0,real,3,0.3701005025125628,0.7618090452261307,0.5271356783919598,0.2635678391959799,0.28259684098886395,0.6585672710285094
F000976,0.0,0.3635678391959799,0.1527777777777777,0.3367876570272816,0.0,1.0,1.0,1.0,0.0,real,3,0.3701005025125628,0.3635678391959799,0.2947236180904523,0.14736180904522614,0.23958893083507993,0.36453050428019496
F000977,0.0,0.3635678391959799,0.1805555555555555,0.1272937693043289,0.0,1.0,1.0,1.0,0.0,real,3,0.3701005025125628,0.3635678391959799,0.03869346733668342,0.01934673366834171,0.1922104871089114,0.36369422489331077
F000978,0.0148860662461734,0.7439698492462311,0.5555555555555556,0.1924500897298752,0.5,1.0,1.0,1.0,0.5,real,3,0.9587939698492463,0.7439698492462311,0.1,0.05,0.5273366834170855,0.7547110552763818
F000979,0.4510034825212683,0.9595477386934672,0.8194444444444444,0.3757708127352412,0.0,1.0,1.0,1.0,0.0,real,3,0.3701005025125628,0.9595477386934672,0.40804020100502514,0.20402010050251257,0.2605581929749249,0.8392886543269108
F000980,0.1898569058357866,0.864321608040201,0.7222222222222222,0.5091750772173156,0.0,1.0,1.0,1.0,0.0,real,3,0.3701005025125628,0.864321608040201,0.6321608040201006,0.3160804020100503,0.3020317668745739,0.7081080023231736
F000981,0.0,0.3635678391959799,0.5972222222222222,0.393817968854384,0.25,1.0,1.0,1.0,0.25,real,3,0.8304020100502513,0.3635678391959799,0.48266331658291456,0.24133165829145728,0.6156032991591122,0.4762297037953587
F000982,0.0,0.3635678391959799,0.4027777777777778,0.1734721666221777,0.25,1.0,1.0,1.0,0.25,real,3,0.8304020100502513,0.3635678391959799,0.08819095477386935,0.04409547738693467,0.4518179780813616,0.3841531148203328
F000983,0.5853276880479024,0.9761306532663316,0.8888888888888888,0.3849001794597506,0.0,1.0,1.0,1.0,0.0,real,3,0.3701005025125628,0.9761306532663316,0.45879396984924625,0.22939698492462313,0.26995019065175124,0.8371091639100022
F000984,0.1020902318637188,0.8077889447236181,0.7083333333333334,0.6291528696058958,0.0,1.0,1.0,1.0,0.0,real,3,0.3701005025125628,0.8077889447236181,0.7695979899497487,0.38479899497487435,0.32746455266281155,0.6393668720486856
F000985,0.4376389444889332,0.951005025125628,0.8055555555555556,0.3469443332443555,0.0,1.0,1.0,1.0,0.0,real,3,0.3701005025125628,0.951005025125628,0.37613065326633166,0.18806532663316583,0.25465332314840533,0.8417570263377187
F000986,0.0,0.3635678391959799,0.3333333333333333,0.5773502691896258,0.0,1.0,1.0,1.0,0.0,real,3,0.3701005025125628,0.3635678391959799,0.7276381909547739,0.36381909547738694,0.3196998813161284,0.36594454685487743
F000987,0.0,0.3635678391959799,0.1805555555555555,0.1272937693043289,0.25,1.0,1.0,1.0,0.25,real,3,0.8304020100502513,0.3635678391959799,0.03869346733668342,0.01934673366834171,0.4312665715512235,0.3725995555667786
F000988,0.1371617270419147,0.8188442211055277,0.6527777777777778,0.3367876570272817,0.0,1.0,1.0,1.0,0.0,real,3,0.3701005025125628,0.8188442211055277,0.3005025125628141,0.15025125628140704,0.240658316709174,0.7514199136385445
F000989,0.3231250834000667,0.9236180904522612,0.7916666666666667,0.5204164998665333,0.0,1.0,1.0,1.0,0.0,real,3,0.3701005025125628,0.9236180904522612,0.6665829145728643,0.33329145728643217,0.3084015870811343,0.7391354069341682
F000990,0.0,0.3635678391959799,0.3611111111111111,0.2545875386086578,0.0,1.0,1.0,1.0,0.0,real,3,0.3701005025125628,0.3635678391959799,0.1771356783919598,0.0885678391959799,0.21782925304916542,0.3641464230701245
F000991,0.0,0.3635678391959799,0.4305555555555555,0.9871864246620478,0.0,1.0,1.0,1.0,0.0,real,3,0.3701005025125628,0.3635678391959799,0.9628140703517588,0.4814070351758794,0.36321923688795743,0.3667127092750183
F000992,0.061411169010459,0.8010050251256281,0.6527777777777778,0.488288773090193,0.0,1.0,1.0,1.0,0.0,real,3,0.3701005025125628,0.8010050251256281,0.5447236180904522,0.2723618090452261,0.2858514936491503,0.683643089820964
F000993,0.0,0.3635678391959799,0.3888888888888889,1.0715167512214396,0.0,1.0,1.0,1.0,0.0,real,3,0.3701005025125628,0.3635678391959799,0.9849246231155779,0.49246231155778897,0.3673108002323174,0.3667849296734931
F000994,0.0,0.3635678391959799,0.5555555555555556,0.5357583756107197,0.0,1.0,1.0,1.0,0.0,real,3,0.3701005025125628,0.3635678391959799,0.6798994974874372,0.3399497487437186,0.31086582409535113,0.36578861644907956
F000995,0.0,0.3635678391959799,0.375,1.0897247358851685,0.0,1.0,1.0,1.0,0.0,real,3,0.3701005025125628,0.3635678391959799,0.9899497487437185,0.4949748743718593,0.3682407009923992,0.3668013434004192
F000996,0.0,0.3635678391959799,0.25,0.5,0.0,1.0,1.0,1.0,0.0,real,3,0.3701005025125628,0.3635678391959799,0.5793969849246231,0.28969849246231155,0.29226780889371484,0.3654603419105578
F000997,0.0148860662461734,0.7439698492462311,0.5555555555555556,0.1924500897298752,0.0,1.0,1.0,1.0,0.0,real,3,0.3701005025125628,0.7439698492462311,0.1,0.05,0.20355527638190957,0.7252763819095477
F000998,0.0,0.3635678391959799,0.0972222222222221,0.1734721666221776,0.25,1.0,1.0,1.0,0.25,real,3,0.8304020100502513,0.3635678391959799,0.07839195979899498,0.03919597989949749,0.4477494255195576,0.3818658619731825
F000999,0.0,0.3635678391959799,0.2777777777777778,0.0962250448649376,0.0,1.0,1.0,1.0,0.0,real,3,0.3701005025125628,0.3635678391959799,0.021105527638190954,0.010552763819095477,0.18895583444862502,0.3636367768490695
F001000,0.0,0.3635678391959799,0.1111111111111111,0.3849001794597505,0.25,1.0,1.0,1.0,0.25,real,3,0.8304020100502513,0.3635678391959799,0.4492462311557789,0.22462311557788944,0.601728491704755,0.468429585111487
F001001,0.5223290993692602,0.9613065326633166,0.8333333333333333,0.2886751345948128,0.0,1.0,1.0,1.0,0.0,real,3,0.3701005025125628,0.9613065326633166,0.228391959798995,0.1141959798994975,0.22731424080199994,0.8937931807277594
F001002,0.0,0.3635678391959799,0.6111111111111112,0.6309898162000305,0.0,1.0,1.0,1.0,0.0,real,3,0.3701005025125628,0.3635678391959799,0.7751256281407035,0.38756281407035176,0.3284874434989016,0.36609965657432897
F001003,0.0,0.3635678391959799,0.1944444444444444,0.3469443332443554,0.0,1.0,1.0,1.0,0.0,real,3,0.3701005025125628,0.3635678391959799,0.33341708542713566,0.16670854271356783,0.2467491666877099,0.3646568899775259
F001004,0.0,0.3635678391959799,0.0416666666666666,0.1443375672974064,0.0,1.0,1.0,1.0,0.0,real,3,0.3701005025125628,0.3635678391959799,0.06030150753768844,0.03015075376884422,0.1962090603772632,0.36376480391909294
F001005,0.0446581987385203,0.7701005025125628,0.6666666666666666,0.5773502691896258,0.0,1.0,1.0,1.0,0.0,real,3,0.3701005025125628,0.7701005025125628,0.7276381909547739,0.36381909547738694,0.3196998813161284,0.624572864321608
F001006,0.0,0.3635678391959799,0.5138888888888888,0.2926570486903538,0.0,1.0,1.0,1.0,0.0,real,3,0.3701005025125628,0.3635678391959799,0.2829145728643216,0.1414572864321608,0.23740366404888766,0.36449193202191865
F001007,0.0,0.3635678391959799,0.25,0.5,0.0,1.0,1.0,1.0,0.0,real,3,0.3701005025125628,0.3635678391959799,0.5793969849246231,0.28969849246231155,0.29226780889371484,0.3654603419105578
F001008,0.0,0.3635678391959799,0.3611111111111111,0.2545875386086578,0.25,1.0,1.0,1.0,0.25,real,3,0.8304020100502513,0.3635678391959799,0.1771356783919598,0.0885678391959799,0.48874791671927476,0.4049143329713896
F001009,0.0483797153000638,0.7836683417085427,0.6805555555555556,0.6254627916220946,0.5,1.0,1.0,1.0,0.5,real,3,0.9587939698492463,0.7836683417085427,0.7610552763819095,0.38052763819095475,0.8442445897830864,0.850308483371632
F001010,0.0,0.3635678391959799,0.3055555555555556,0.6735753140545634,0.0,1.0,1.0,1.0,0.0,real,3,0.3701005025125628,0.3635678391959799,0.8160804020100503,0.40804020100502514,0.33606613469356833,0.36623342844877654
F001011,0.0,0.3635678391959799,0.5972222222222222,0.393817968854384,0.25,1.0,1.0,1.0,0.25,real,3,0.8304020100502513,0.3635678391959799,0.48266331658291456,0.24133165829145728,0.6156032991591122,0.4762297037953587
F001012,0.0,0.3635678391959799,0.5555555555555556,0.5357583756107197,0.0,1.0,1.0,1.0,0.0,real,3,0.3701005025125628,0.3635678391959799,0.6798994974874372,0.3399497487437186,0.31086582409535113,0.36578861644907956
F001013,0.2154167222667111,0.8768844221105527,0.6944444444444444,0.3469443332443555,0.0,1.0,1.0,1.0,0.0,real,3,0.3701005025125628,0.8768844221105527,0.37613065326633166,0.18806532663316583,0.25465332314840533,0.7815759387389207
F001014,0.0,0.3635678391959799,0.625,0.6614378277661477,0.0,1.0,1.0,1.0,0.0,real,3,0.3701005025125628,0.3635678391959799,0.8,0.4,0.33309045226130657,0.3661809045226131
F001015,0.3231250834000667,0.9236180904522612,0.7916666666666667,0.5204164998665333,0.0,1.0,1.0,1.0,0.0,real,3,0.3701005025125628,0.9236180904522612,0.6665829145728643,0.33329145728643217,0.3084015870811343,0.7391354069341682
F001016,0.0,0.3635678391959799,0.4305555555555555,0.9871864246620478,0.0,1.0,1.0,1.0,0.0,real,3,0.3701005025125628,0.3635678391959799,0.9628140703517588,0.4814070351758794,0.36321923688795743,0.3667127092750183
F001017,0.0,0.3635678391959799,0.6111111111111112,0.693888666488711,0.0,1.0,1.0,1.0,0.0,real,3,0.3701005025125628,0.3635678391959799,0.8351758793969849,0.41758793969849245,0.33959975758187927,0.3662958006110957
F001018,0.0,0.3635678391959799,0.4027777777777778,0.1734721666221777,0.5,1.0,1.0,1.0,0.5,real,3,0.9587939698492463,0.3635678391959799,0.08819095477386935,0.04409547738693467,0.5216754627408399,0.3898146195803136
F001019,0.1485783278408043,0.8238693467336683,0.7361111111111112,0.6472877887628358,0.0,1.0,1.0,1.0,0.0,real,3,0.3701005025125628,0.8238693467336683,0.7924623115577889,0.39623115577889445,0.3316956011211838,0.6440719931314866
F001020,0.0,0.3635678391959799,0.0833333333333333,0.2886751345948128,0.25,1.0,1.0,1.0,0.25,real,3,0.8304020100502513,0.3635678391959799,0.228391959798995,0.1141959798994975,0.5100295762733265,0.41687842478725284
F001021,0.1898569058357866,0.864321608040201,0.7222222222222222,0.5091750772173156,0.0,1.0,1.0,1.0,0.0,real,3,0.3701005025125628,0.864321608040201,0.6321608040201006,0.3160804020100503,0.3020317668745739,0.7081080023231736
F001022,0.0,0.3635678391959799,0.375,1.0897247358851685,0.25,1.0,1.0,1.0,0.25,real,3,0.8304020100502513,0.3635678391959799,0.9899497487437185,0.4949748743718593,0.8262291356278881,0.5946390242670639
F001023,0.0,0.3635678391959799,0.2361111111111111,0.2097176232019652,0.0,1.0,1.0,1.0,0.0,real,3,0.3701005025125628,0.3635678391959799,0.11708542713567839,0.058542713567839195,0.20671693896618776,0.36395027903335775
F001024,0.0,0.3635678391959799,0.5555555555555556,0.5357583756107197,0.0,1.0,1.0,1.0,0.0,real,3,0.3701005025125628,0.3635678391959799,0.6798994974874372,0.3399497487437186,0.31086582409535113,0.36578861644907956
F001025,0.0,0.3635678391959799,0.3194444444444444,0.3757708127352411,0.0,1.0,1.0,1.0,0.0,real,3,0.3701005025125628,0.3635678391959799,0.3969849246231156,0.1984924623115578,0.2585124113027449,0.3648645236231408
F001026,0.0,0.3635678391959799,0.3333333333333333,0.2886751345948129,0.0,1.0,1.0,1.0,0.0,real,3,0.3701005025125628,0.3635678391959799,0.26030150753768844,0.13015075376884422,0.2332191106285195,0.36441807025075124
F001027,0.2154167222667111,0.8768844221105527,0.6944444444444444,0.3469443332443555,0.0,1.0,1.0,1.0,0.0,real,3,0.3701005025125628,0.8768844221105527,0.37613065326633166,0.18806532663316583,0.25465332314840533,0.7815759387389207
F001028,0.0,0.3635678391959799,0.2916666666666666,0.3818813079129867,0.0,1.0,1.0,1.0,0.0,real,3,0.3701005025125628,0.3635678391959799,0.4402010050251256,0.2201005025125628,0.2665095578394485,0.36500568167470515
F001029,0.0,0.3635678391959799,0.2777777777777778,0.0962250448649376,0.25,1.0,1.0,1.0,0.25,real,3,0.8304020100502513,0.3635678391959799,0.021105527638190954,0.010552763819095477,0.42396404131208804,0.3684942299436883
F001030,0.25,0.8977386934673367,0.75,0.5,0.0,1.0,1.0,1.0,0.0,real,3,0.3701005025125628,0.8977386934673367,0.5793969849246231,0.28969849246231155,0.29226780889371484,0.7448827049821973
F001031,0.0483797153000638,0.7836683417085427,0.6805555555555556,0.6254627916220946,0.25,1.0,1.0,1.0,0.25,real,3,0.8304020100502513,0.7836683417085427,0.7610552763819095,0.38052763819095475,0.7311919206585693,0.8014517941466124
F001032,0.0,0.3635678391959799,0.3194444444444444,0.3757708127352411,0.0,1.0,1.0,1.0,0.0,real,3,0.3701005025125628,0.3635678391959799,0.3969849246231156,0.1984924623115578,0.2585124113027449,0.3648645236231408
F001033,1.0,0.9987437185929648,1.0,0.0,0.0,1.0,1.0,1.0,0.0,real,3,0.3701005025125628,0.9987437185929648,0.005527638190954774,0.002763819095477387,0.1860731420923714,0.9970062624681195
F001034,0.1889957660359268,0.8522613065326633,0.6666666666666666,0.2886751345948129,0.25,1.0,1.0,1.0,0.25,real,3,0.8304020100502513,0.8522613065326633,0.26030150753768844,0.13015075376884422,0.5232784525643291,0.8494163026186208
F001035,0.061411169010459,0.8010050251256281,0.6527777777777778,0.488288773090193,0.25,1.0,1.0,1.0,0.25,real,3,0.8304020100502513,0.8010050251256281,0.5447236180904522,0.2723618090452261,0.6413707987172041,0.8090116411201737
F001036,0.0,0.3635678391959799,0.3055555555555556,0.3469443332443555,0.0,1.0,1.0,1.0,0.0,real,3,0.3701005025125628,0.3635678391959799,0.37613065326633166,0.18806532663316583,0.25465332314840533,0.3647964066563976
F001037,0.0,0.3635678391959799,0.25,0.5,0.0,1.0,1.0,1.0,0.0,real,3,0.3701005025125628,0.3635678391959799,0.5793969849246231,0.28969849246231155,0.29226780889371484,0.3654603419105578
F001038,0.1732257047434905,0.8477386934673367,0.6805555555555556,0.3757708127352411,0.0,1.0,1.0,1.0,0.0,real,3,0.3701005025125628,0.8477386934673367,0.3969849246231156,0.1984924623115578,0.2585124113027449,0.7529311128506855
F001039,0.0,0.3635678391959799,0.3194444444444444,0.3757708127352411,0.0,1.0,1.0,1.0,0.0,real,3,0.3701005025125628,0.3635678391959799,0.3969849246231156,0.1984924623115578,0.2585124113027449,0.3648645236231408
F001040,0.0,0.3635678391959799,0.2638888888888888,0.2097176232019653,0.0,1.0,1.0,1.0,0.0,real,3,0.3701005025125628,0.3635678391959799,0.12688442211055276,0.06344221105527638,0.20853024544834725,0.3639822858008636
F001041,0.0,0.3635678391959799,0.1388888888888888,0.2545875386086578,0.5,1.0,1.0,1.0,0.5,real,3,0.9587939698492463,0.3635678391959799,0.1771356783919598,0.0885678391959799,0.5643152950683064,0.41628573142092373
F001042,0.0,0.3635678391959799,0.4166666666666667,0.7637626158259733,0.5,1.0,1.0,1.0,0.5,real,3,0.9587939698492463,0.3635678391959799,0.8902010050251257,0.44510050251256283,0.9061566627105376,0.6285032890583571
F001043,0.0,0.3635678391959799,0.4583333333333333,0.1443375672974064,0.0,1.0,1.0,1.0,0.0,real,3,0.3701005025125628,0.3635678391959799,0.06030150753768844,0.03015075376884422,0.1962090603772632,0.36376480391909294
F001044,0.1485783278408043,0.8238693467336683,0.7361111111111112,0.6472877887628358,0.0,1.0,1.0,1.0,0.0,real,3,0.3701005025125628,0.8238693467336683,0.7924623115577889,0.39623115577889445,0.3316956011211838,0.6440719931314866
F001045,0.1504840084734488,0.8346733668341708,0.6388888888888888,0.2545875386086578,0.0,1.0,1.0,1.0,0.0,real,3,0.3701005025125628,0.8346733668341708,0.1771356783919598,0.0885678391959799,0.21782925304916542,0.7935271520921189
F001046,0.0,0.3635678391959799,0.3194444444444444,0.3757708127352411,0.25,1.0,1.0,1.0,0.25,real,3,0.8304020100502513,0.3635678391959799,0.3969849246231156,0.1984924623115578,0.580029544708467,0.4562309032600187
F001047,0.0,0.3635678391959799,0.2777777777777778,0.0962250448649376,0.25,1.0,1.0,1.0,0.25,real,3,0.8304020100502513,0.3635678391959799,0.021105527638190954,0.010552763819095477,0.42396404131208804,0.3684942299436883
F001048,0.0,0.3635678391959799,0.1944444444444444,0.3469443332443554,0.25,1.0,1.0,1.0,0.25,real,3,0.8304020100502513,0.3635678391959799,0.33341708542713566,0.16670854271356783,0.5536361139870205,0.4413930835079922
F001049,0.3779915320718537,0.9329145728643216,0.8333333333333333,0.5773502691896258,0.0,1.0,1.0,1.0,0.0,real,3,0.3701005025125628,0.9329145728643216,0.7276381909547739,0.36381909547738694,0.3196998813161284,0.7281520668669982
F001050,0.0,0.3635678391959799,0.3055555555555556,0.6735753140545634,0.0,1.0,1.0,1.0,0.0,real,3,0.3701005025125628,0.3635678391959799,0.8160804020100503,0.40804020100502514,0.33606613469356833,0.36623342844877654
F001051,0.0,0.3635678391959799,0.5833333333333334,0.7637626158259733,0.0,1.0,1.0,1.0,0.0,real,3,0.3701005025125628,0.3635678391959799,0.8902010050251257,0.44510050251256283,0.34978217090477515,0.3664755309209363
F001052,0.0483797153000638,0.7836683417085427,0.6805555555555556,0.6254627916220946,0.0,1.0,1.0,1.0,0.0,real,3,0.3701005025125628,0.7836683417085427,0.7610552763819095,0.38052763819095475,0.32588372137067245,0.6262943486275598
F001053,0.0483797153000638,0.7836683417085427,0.6805555555555556,0.6254627916220946,0.0,1.0,1.0,1.0,0.0,real,3,0.3701005025125628,0.7836683417085427,0.7610552763819095,0.38052763819095475,0.32588372137067245,0.6262943486275598
F001054,0.0,0.3635678391959799,0.3472222222222222,0.5672382737961704,0.25,1.0,1.0,1.0,0.25,real,3,0.8304020100502513,0.3635678391959799,0.7017587939698492,0.3508793969849246,0.7065719615666272,0.5273703315572839
F001055,0.0,0.3635678391959799,0.4444444444444444,0.5357583756107198,0.0,1.0,1.0,1.0,0.0,real,3,0.3701005025125628,0.3635678391959799,0.6912060301507538,0.3456030150753769,0.3129581008055352,0.36582554733466327
F001056,0.1898569058357866,0.864321608040201,0.7222222222222222,0.5091750772173156,0.5,1.0,1.0,1.0,0.5,real,3,0.9587939698492463,0.864321608040201,0.6321608040201006,0.3160804020100503,0.7824529683593849,0.8941824701396428
F001057,0.0,0.3635678391959799,0.2638888888888888,0.7087417123429485,0.0,1.0,1.0,1.0,0.0,real,3,0.3701005025125628,0.3635678391959799,0.8482412060301507,0.42412060301507537,0.34201749955809196,0.3663384763011035
F001058,0.0,0.3635678391959799,0.6944444444444444,0.7876359377087682,0.0,1.0,1.0,1.0,0.0,real,3,0.3701005025125628,0.3635678391959799,0.9082914572864321,0.45414572864321606,0.35312981364106966,0.3665346203378703
F001059,0.2154167222667111,0.8768844221105527,0.6944444444444444,0.3469443332443555,0.0,1.0,1.0,1.0,0.0,real,3,0.3701005025125628,0.8768844221105527,0.37613065326633166,0.18806532663316583,0.25465332314840533,0.7815759387389207
F001060,0.0,0.3635678391959799,0.5555555555555556,0.5357583756107197,0.0,1.0,1.0,1.0,0.0,real,3,0.3701005025125628,0.3635678391959799,0.6798994974874372,0.3399497487437186,0.31086582409535113,0.36578861644907956
F001061,0.0,0.3635678391959799,0.4861111111111111,0.9141379262169074,0.0,1.0,1.0,1.0,0.0,real,3,0.3701005025125628,0.3635678391959799,0.9492462311557789,0.47462311557788944,0.3607085048357365,0.36666839221231784
F001062,0.0,0.3635678391959799,0.0833333333333333,0.2886751345948128,0.0,1.0,1.0,1.0,0.0,real,3,0.3701005025125628,0.3635678391959799,0.228391959798995,0.1141959798994975,0.22731424080199994,0.36431384308477055
F001063,0.0,0.3635678391959799,0.0833333333333333,0.2886751345948128,0.0,1.0,1.0,1.0,0.0,real,3,0.3701005025125628,0.3635678391959799,0.228391959798995,0.1141959798994975,0.22731424080199994,0.36431384308477055
F001064,0.3779915320718537,0.9329145728643216,0.8333333333333333,0.5773502691896258,0.0,1.0,1.0,1.0,0.0,real,3,0.3701005025125628,0.9329145728643216,0.7276381909547739,0.36381909547738694,0.3196998813161284,0.7281520668669982
F001065,0.0,0.3635678391959799,0.2222222222222222,0.769800358919501,0.0,1.0,1.0,1.0,0.0,real,3,0.3701005025125628,0.3635678391959799,0.9007537688442211,0.45037688442211055,0.35173496250094693,0.3665099997474811
F001066,0.0,0.3635678391959799,0.3055555555555556,0.7876359377087682,0.0,1.0,1.0,1.0,0.0,real,3,0.3701005025125628,0.3635678391959799,0.9082914572864321,0.45414572864321606,0.35312981364106966,0.3665346203378703
F001067,0.0,0.3635678391959799,0.3611111111111111,0.2545875386086578,0.0,1.0,1.0,1.0,0.0,real,3,0.3701005025125628,0.3635678391959799,0.1771356783919598,0.0885678391959799,0.21782925304916542,0.3641464230701245
F001068,0.0867529501531509,0.8065326633165829,0.7152777777777778,0.6876052108048091,0.0,1.0,1.0,1.0,0.0,real,3,0.3701005025125628,0.8065326633165829,0.8291457286432161,0.41457286432160806,0.3384838766697811,0.6255997323299917
F001069,0.0,0.3635678391959799,0.4305555555555555,0.9871864246620478,0.0,1.0,1.0,1.0,0.0,real,3,0.3701005025125628,0.3635678391959799,0.9628140703517588,0.4814070351758794,0.36321923688795743,0.3667127092750183
F001070,0.0,0.3635678391959799,0.1388888888888888,0.2545875386086578,0.0,1.0,1.0,1.0,0.0,real,3,0.3701005025125628,0.3635678391959799,0.1771356783919598,0.0885678391959799,0.21782925304916542,0.3641464230701245
F001071,0.0,0.3635678391959799,0.0833333333333333,0.2886751345948128,0.25,1.0,1.0,1.0,0.25,real,3,0.8304020100502513,0.3635678391959799,0.228391959798995,0.1141959798994975,0.5100295762733265,0.41687842478725284
F001072,0.0,0.3635678391959799,0.2361111111111111,0.4110735718596873,0.0,1.0,1.0,1.0,0.0,real,3,0.3701005025125628,0.3635678391959799,0.507035175879397,0.2535175879396985,0.27887723794853664,0.36522398424282215
F001073,0.0,0.3635678391959799,0.0833333333333333,0.2886751345948128,0.0,1.0,1.0,1.0,0.0,real,3,0.3701005025125628,0.3635678391959799,0.228391959798995,0.1141959798994975,0.22731424080199994,0.36431384308477055
F001074,0.1504840084734488,0.8346733668341708,0.6388888888888888,0.2545875386086578,0.25,1.0,1.0,1.0,0.25,real,3,0.8304020100502513,0.8346733668341708,0.1771356783919598,0.0885678391959799,0.48874791671927476,0.834295061993384
F001075,0.0,0.3635678391959799,0.5277777777777778,0.8221471437193746,0.0,1.0,1.0,1.0,0.0,real,3,0.3701005025125628,0.3635678391959799,0.9208542713567839,0.46042713567839194,0.35545456554127425,0.3665756546551855
F001076,0.0,0.3635678391959799,0.3194444444444444,0.1272937693043289,0.25,1.0,1.0,1.0,0.25,real,3,0.8304020100502513,0.3635678391959799,0.03869346733668342,0.01934673366834171,0.4312665715512235,0.3725995555667786
F001077,0.0,0.3635678391959799,0.5972222222222222,0.393817968854384,0.0,1.0,1.0,1.0,0.0,real,3,0.3701005025125628,0.3635678391959799,0.48266331658291456,0.24133165829145728,0.27436721926213986,0.3651443776672306
F001078,0.0,0.3635678391959799,0.375,0.6614378277661477,0.0,1.0,1.0,1.0,0.0,real,3,0.3701005025125628,0.3635678391959799,0.8,0.4,0.33309045226130657,0.3661809045226131
F001079,0.0,0.3635678391959799,0.3888888888888889,1.0715167512214396,0.0,1.0,1.0,1.0,0.0,real,3,0.3701005025125628,0.3635678391959799,0.9849246231155779,0.49246231155778897,0.3673108002323174,0.3667849296734931
F001080,0.0,0.3635678391959799,0.4027777777777778,0.1734721666221777,0.0,1.0,1.0,1.0,0.0,real,3,0.3701005025125628,0.3635678391959799,0.08819095477386935,0.04409547738693467,0.20137000959571727,0.36385590010353275
F001081,0.0,0.3635678391959799,0.4444444444444444,0.5357583756107198,0.5,1.0,1.0,1.0,0.5,real,3,0.9587939698492463,0.3635678391959799,0.6912060301507538,0.3456030150753769,0.8107590717406126,0.5692797846013989
F001082,0.0,0.3635678391959799,0.5138888888888888,0.2926570486903538,0.5,1.0,1.0,1.0,0.5,real,3,0.9587939698492463,0.3635678391959799,0.2829145728643216,0.1414572864321608,0.6150253781470165,0.44776691245170575
F001083,0.0,0.3635678391959799,0.2222222222222222,0.5091750772173156,0.0,1.0,1.0,1.0,0.0,real,3,0.3701005025125628,0.3635678391959799,0.6321608040201006,0.3160804020100503,0.3020317668745739,0.36563268604328175
F001084,0.0,0.3635678391959799,0.1388888888888888,0.2545875386086578,0.0,1.0,1.0,1.0,0.0,real,3,0.3701005025125628,0.3635678391959799,0.1771356783919598,0.0885678391959799,0.21782925304916542,0.3641464230701245
F001085,0.0,0.3635678391959799,0.4444444444444444,0.1924500897298753,0.0,1.0,1.0,1.0,0.0,real,3,0.3701005025125628,0.3635678391959799,0.1077889447236181,0.05389447236180905,0.20499662256003634,0.3639199136385445
F001086,0.1485783278408043,0.8238693467336683,0.7361111111111112,0.6472877887628358,0.0,1.0,1.0,1.0,0.0,real,3,0.3701005025125628,0.8238693467336683,0.7924623115577889,0.39623115577889445,0.3316956011211838,0.6440719931314866
F001087,0.0,0.3635678391959799,0.3472222222222222,0.6988747569671736,0.25,1.0,1.0,1.0,0.25,real,3,0.8304020100502513,0.3635678391959799,0.8437185929648241,0.42185929648241205,0.7655138127825055,0.5605061740865129
F001088,0.0,0.3635678391959799,0.5,0.0,0.0,1.0,1.0,1.0,0.0,real,3,0.3701005025125628,0.3635678391959799,0.005527638190954774,0.002763819095477387,0.1860731420923714,0.36358589429559857
F001089,0.0,0.3635678391959799,0.25,0.5,0.0,1.0,1.0,1.0,0.0,real,3,0.3701005025125628,0.3635678391959799,0.5793969849246231,0.28969849246231155,0.29226780889371484,0.3654603419105578
F001090,0.01116454968463,0.7346733668341708,0.5416666666666666,0.1443375672974064,0.5,1.0,1.0,1.0,0.5,real,3,0.9587939698492463,0.7346733668341708,0.06030150753768844,0.03015075376884422,0.5083053458246004,0.7414307719502032
F001091,0.0,0.3635678391959799,0.1944444444444444,0.3469443332443554,0.0,1.0,1.0,1.0,0.0,real,3,0.3701005025125628,0.3635678391959799,0.33341708542713566,0.16670854271356783,0.2467491666877099,0.3646568899775259
F001092,0.0,0.3635678391959799,0.5416666666666666,0.8779711460710616,0.0,1.0,1.0,1.0,0.0,real,3,0.3701005025125628,0.3635678391959799,0.9402010050251256,0.4701005025125628,0.3590346834675892,0.3666388475038509
F001093,0.0,0.3635678391959799,0.5,0.5,0.0,1.0,1.0,1.0,0.0,real,3,0.3701005025125628,0.3635678391959799,0.5793969849246231,0.28969849246231155,0.29226780889371484,0.3654603419105578
F001094,0.0483797153000638,0.7836683417085427,0.6805555555555556,0.6254627916220946,0.0,1.0,1.0,1.0,0.0,real,3,0.3701005025125628,0.7836683417085427,0.7610552763819095,0.38052763819095475,0.32588372137067245,0.6262943486275598
F001095,0.0,0.3635678391959799,0.1666666666666666,0.5773502691896258,0.0,1.0,1.0,1.0,0.0,real,3,0.3701005025125628,0.3635678391959799,0.7276381909547739,0.36381909547738694,0.3196998813161284,0.36594454685487743
F001096,0.0,0.3635678391959799,0.25,0.5,0.0,1.0,1.0,1.0,0.0,real,3,0.3701005025125628,0.3635678391959799,0.5793969849246231,0.28969849246231155,0.29226780889371484,0.3654603419105578
F001097,0.0,0.3635678391959799,0.1111111111111111,0.3849001794597505,0.0,1.0,1.0,1.0,0.0,real,3,0.3701005025125628,0.3635678391959799,0.4492462311557789,0.22462311557788944,0.2681833792075958,0.3650352263831721
F001098,0.0,0.3635678391959799,0.5555555555555556,0.5357583756107197,0.25,1.0,1.0,1.0,0.25,real,3,0.8304020100502513,0.3635678391959799,0.6798994974874372,0.3399497487437186,0.6974959596979875,0.5222679982828716
F001099,0.1020902318637188,0.8077889447236181,0.7083333333333334,0.6291528696058958,0.0,1.0,1.0,1.0,0.0,real,3,0.3701005025125628,0.8077889447236181,0.7695979899497487,0.38479899497487435,0.32746455266281155,0.6393668720486856
F001100,0.3231250834000667,0.9236180904522612,0.7916666666666667,0.5204164998665333,0.0,1.0,1.0,1.0,0.0,real,3,0.3701005025125628,0.9236180904522612,0.6665829145728643,0.33329145728643217,0.3084015870811343,0.7391354069341682
F001101,0.25,0.8977386934673367,0.75,0.5,0.0,1.0,1.0,1.0,0.0,real,3,0.3701005025125628,0.8977386934673367,0.5793969849246231,0.28969849246231155,0.29226780889371484,0.7448827049821973
F001102,0.0,0.3635678391959799,0.4305555555555555,0.9871864246620478,0.25,1.0,1.0,1.0,0.25,real,3,0.8304020100502513,0.3635678391959799,0.9628140703517588,0.4814070351758794,0.814962374687508,0.5883050933057246
F001103,0.0,0.3635678391959799,0.3055555555555556,0.7876359377087682,0.0,1.0,1.0,1.0,0.0,real,3,0.3701005025125628,0.3635678391959799,0.9082914572864321,0.45414572864321606,0.35312981364106966,0.3665346203378703
F001104,0.1898569058357866,0.864321608040201,0.7222222222222222,0.5091750772173156,0.0,1.0,1.0,1.0,0.0,real,3,0.3701005025125628,0.864321608040201,0.6321608040201006,0.3160804020100503,0.3020317668745739,0.7081080023231736
F001105,0.0,0.3635678391959799,0.3333333333333333,0.7637626158259733,0.25,1.0,1.0,1.0,0.25,real,3,0.8304020100502513,0.3635678391959799,0.8902010050251257,0.44510050251256283,0.7848133569859347,0.5713559632332517
F001106,0.0,0.3635678391959799,0.3333333333333333,1.1547005383792517,0.0,1.0,1.0,1.0,0.0,real,3,0.3701005025125628,0.3635678391959799,0.9967336683417085,0.49836683417085426,0.3694960670185096,0.3668235019317694
F001107,0.0,0.3635678391959799,0.25,0.5,0.0,1.0,1.0,1.0,0.0,real,3,0.3701005025125628,0.3635678391959799,0.5793969849246231,0.28969849246231155,0.29226780889371484,0.3654603419105578
F001108,0.01116454968463,0.7346733668341708,0.5416666666666666,0.1443375672974064,0.0,1.0,1.0,1.0,0.0,real,3,0.3701005025125628,0.7346733668341708,0.06030150753768844,0.03015075376884422,0.1962090603772632,0.7236812201712077
F001109,0.0,0.3635678391959799,0.1388888888888888,0.2545875386086578,0.0,1.0,1.0,1.0,0.0,real,3,0.3701005025125628,0.3635678391959799,0.1771356783919598,0.0885678391959799,0.21782925304916542,0.3641464230701245
F001110,0.1504840084734488,0.8346733668341708,0.6388888888888888,0.2545875386086578,0.0,1.0,1.0,1.0,0.0,real,3,0.3701005025125628,0.8346733668341708,0.1771356783919598,0.0885678391959799,0.21782925304916542,0.7935271520921189
F001111,0.0,0.3635678391959799,0.2083333333333333,0.3818813079129866,0.0,1.0,1.0,1.0,0.0,real,3,0.3701005025125628,0.3635678391959799,0.4236180904522613,0.21180904522613064,0.2634408853311785,0.3649515163758491
F001112,0.0,0.3635678391959799,0.4305555555555555,0.9871864246620478,0.0,1.0,1.0,1.0,0.0,real,3,0.3701005025125628,0.3635678391959799,0.9628140703517588,0.4814070351758794,0.36321923688795743,0.3667127092750183
F001113,0.0,0.3635678391959799,0.5972222222222222,0.393817968854384,0.25,1.0,1.0,1.0,0.25,real,3,0.8304020100502513,0.3635678391959799,0.48266331658291456,0.24133165829145728,0.6156032991591122,0.4762297037953587
F001114,0.125,0.8168341708542713,0.625,0.25,0.25,1.0,1.0,1.0,0.25,real,3,0.8304020100502513,0.8168341708542713,0.1349246231155779,0.06746231155778895,0.47122184414534984,0.8177494886492765
F001115,0.0,0.3635678391959799,0.0833333333333333,0.2886751345948128,0.0,1.0,1.0,1.0,0.0,real,3,0.3701005025125628,0.3635678391959799,0.228391959798995,0.1141959798994975,0.22731424080199994,0.36431384308477055
F001116,0.0,0.3635678391959799,0.1944444444444444,0.3469443332443554,0.0,1.0,1.0,1.0,0.0,real,3,0.3701005025125628,0.3635678391959799,0.33341708542713566,0.16670854271356783,0.2467491666877099,0.3646568899775259
F001117,0.0,0.3635678391959799,0.2222222222222222,0.0962250448649376,0.25,1.0,1.0,1.0,0.25,real,3,0.8304020100502513,0.3635678391959799,0.021105527638190954,0.010552763819095477,0.42396404131208804,0.3684942299436883
F001118,0.0,0.3635678391959799,0.5,0.0,0.0,1.0,1.0,1.0,0.0,real,3,0.3701005025125628,0.3635678391959799,0.005527638190954774,0.002763819095477387,0.1860731420923714,0.36358589429559857
F001119,0.0,0.3635678391959799,0.1944444444444444,0.3469443332443554,0.25,1.0,1.0,1.0,0.25,real,3,0.8304020100502513,0.3635678391959799,0.33341708542713566,0.16670854271356783,0.5536361139870205,0.4413930835079922
F001120,0.0,0.3635678391959799,0.3472222222222222,0.6684005230842202,0.0,1.0,1.0,1.0,0.0,real,3,0.3701005025125628,0.3635678391959799,0.8037688442211055,0.40188442211055275,0.3337878778313679,0.36619321481780764
F001121,0.0,0.3635678391959799,0.1111111111111111,0.3849001794597505,0.0,1.0,1.0,1.0,0.0,real,3,0.3701005025125628,0.3635678391959799,0.4492462311557789,0.22462311557788944,0.2681833792075958,0.3650352263831721
F001122,0.0,0.3635678391959799,0.2777777777777778,0.0962250448649376,0.25,1.0,1.0,1.0,0.25,real,3,0.8304020100502513,0.3635678391959799,0.021105527638190954,0.010552763819095477,0.42396404131208804,0.3684942299436883
F001123,0.0,0.3635678391959799,0.1111111111111111,0.3849001794597505,0.5,1.0,1.0,1.0,0.5,real,3,0.9587939698492463,0.3635678391959799,0.4492462311557789,0.22462311557788944,0.6947642736294539,0.49726938713668845
F001124,0.0,0.3635678391959799,0.4722222222222222,0.9179284245476838,0.0,1.0,1.0,1.0,0.0,real,3,0.3701005025125628,0.3635678391959799,0.9555276381909548,0.4777638190954774,0.36187088078583873,0.36668890937097554
F001125,0.0,0.3635678391959799,0.25,0.5,0.0,1.0,1.0,1.0,0.0,real,3,0.3701005025125628,0.3635678391959799,0.5793969849246231,0.28969849246231155,0.29226780889371484,0.3654603419105578
F001126,0.0,0.3635678391959799,0.5972222222222222,0.393817968854384,0.0,1.0,1.0,1.0,0.0,real,3,0.3701005025125628,0.3635678391959799,0.48266331658291456,0.24133165829145728,0.27436721926213986,0.3651443776672306
F001127,0.0,0.3635678391959799,0.5694444444444444,0.5548606765399494,0.0,1.0,1.0,1.0,0.0,real,3,0.3701005025125628,0.3635678391959799,0.6964824120603015,0.34824120603015074,0.3139344966036211,0.36584278174793566
F001128,0.0,0.3635678391959799,0.1944444444444444,0.3469443332443554,0.0,1.0,1.0,1.0,0.0,real,3,0.3701005025125628,0.3635678391959799,0.33341708542713566,0.16670854271356783,0.2467491666877099,0.3646568899775259
F001129,0.0,0.3635678391959799,0.4305555555555555,0.9871864246620478,0.0,1.0,1.0,1.0,0.0,real,3,0.3701005025125628,0.3635678391959799,0.9628140703517588,0.4814070351758794,0.36321923688795743,0.3667127092750183
F001130,0.0446581987385203,0.7701005025125628,0.6666666666666666,0.5773502691896258,0.0,1.0,1.0,1.0,0.0,real,3,0.3701005025125628,0.7701005025125628,0.7276381909547739,0.36381909547738694,0.3196998813161284,0.624572864321608
F001131,0.0,0.3635678391959799,0.5972222222222222,0.393817968854384,0.0,1.0,1.0,1.0,0.0,real,3,0.3701005025125628,0.3635678391959799,0.48266331658291456,0.24133165829145728,0.27436721926213986,0.3651443776672306
F001132,0.0,0.3635678391959799,0.2777777777777778,0.0962250448649376,0.25,1.0,1.0,1.0,0.25,real,3,0.8304020100502513,0.3635678391959799,0.021105527638190954,0.010552763819095477,0.42396404131208804,0.3684942299436883
F001133,0.0,0.3635678391959799,0.4166666666666667,0.2886751345948129,0.25,1.0,1.0,1.0,0.25,real,3,0.8304020100502513,0.3635678391959799,0.26030150753768844,0.13015075376884422,0.5232784525643291,0.4243266584177167
F001134,0.0,0.3635678391959799,0.4722222222222222,0.4194352464039305,0.5,1.0,0.5,0.5,0.5,real,3,0.9587939698492463,0.3635678391959799,0.5165829145728643,0.12914572864321608,0.3635226383172142,0.4404387515466781
F001135,0.0,0.3635678391959799,0.2083333333333333,0.5204164998665333,0.0,1.0,1.0,1.0,0.0,real,3,0.3701005025125628,0.3635678391959799,0.6665829145728643,0.33329145728643217,0.3084015870811343,0.3657451200727254
F001136,0.0,0.3635678391959799,0.3611111111111111,0.7515416254704823,0.25,1.0,1.0,1.0,0.25,real,3,0.8304020100502513,0.3635678391959799,0.8728643216080402,0.4364321608040201,0.7776151486073584,0.5673092851190626
F001137,0.0,0.3635678391959799,0.2777777777777778,0.0962250448649376,0.0,1.0,1.0,1.0,0.0,real,3,0.3701005025125628,0.3635678391959799,0.021105527638190954,0.010552763819095477,0.18895583444862502,0.3636367768490695
F001138,0.5853276880479024,0.9761306532663316,0.8888888888888888,0.3849001794597506,0.5,1.0,1.0,1.0,0.5,real,3,0.9587939698492463,0.9761306532663316,0.45879396984924625,0.22939698492462313,0.6993414307719502,0.9721536703618595
F001139,0.0,0.3635678391959799,0.4027777777777778,0.6364688465216445,0.0,1.0,1.0,1.0,0.0,real,3,0.3701005025125628,0.3635678391959799,0.7829145728643216,0.3914572864321608,0.3299287896770284,0.3661250978510644
F001140,0.0,0.3635678391959799,0.2638888888888888,0.4110735718596873,0.0,1.0,1.0,1.0,0.0,real,3,0.3701005025125628,0.3635678391959799,0.507035175879397,0.2535175879396985,0.27887723794853664,0.36522398424282215
F001141,0.0,0.3635678391959799,0.1388888888888888,0.2545875386086578,0.5,1.0,1.0,1.0,0.5,real,3,0.9587939698492463,0.3635678391959799,0.1771356783919598,0.0885678391959799,0.5643152950683064,0.41628573142092373
F001142,0.0,0.3635678391959799,0.4166666666666667,0.7637626158259733,0.25,1.0,1.0,1.0,0.25,real,3,0.8304020100502513,0.3635678391959799,0.8902010050251257,0.44510050251256283,0.7848133569859347,0.5713559632332517
F001143,0.0,0.3635678391959799,0.1944444444444444,0.3469443332443554,0.0,1.0,1.0,1.0,0.0,real,3,0.3701005025125628,0.3635678391959799,0.33341708542713566,0.16670854271356783,0.2467491666877099,0.3646568899775259
F001144,0.2666854362923786,0.9065326633165828,0.7361111111111112,0.4110735718596873,0.0,1.0,1.0,1.0,0.0,real,3,0.3701005025125628,0.9065326633165828,0.507035175879397,0.2535175879396985,0.27887723794853664,0.7705376758162671
F001145,0.0446581987385203,0.7701005025125628,0.6666666666666666,0.5773502691896258,0.5,1.0,1.0,1.0,0.5,real,3,0.9587939698492463,0.7701005025125628,0.7276381909547739,0.36381909547738694,0.828224539784349,0.8387507891214867
F001146,0.0,0.3635678391959799,0.2361111111111111,0.2097176232019652,0.0,1.0,1.0,1.0,0.0,real,3,0.3701005025125628,0.3635678391959799,0.11708542713567839,0.058542713567839195,0.20671693896618776,0.36395027903335775
F001147,0.0,0.3635678391959799,0.3611111111111111,0.7515416254704823,0.5,1.0,1.0,1.0,0.5,real,3,0.9587939698492463,0.3635678391959799,0.8728643216080402,0.4364321608040201,0.897845508951794,0.623343665564001
F001148,0.0,0.3635678391959799,0.5,0.0,0.0,1.0,1.0,1.0,0.0,real,3,0.3701005025125628,0.3635678391959799,0.005527638190954774,0.002763819095477387,0.1860731420923714,0.36358589429559857
F001149,0.0223290993692601,0.7540201005025126,0.5833333333333334,0.2886751345948129,0.0,1.0,1.0,1.0,0.0,real,3,0.3701005025125628,0.7540201005025126,0.26030150753768844,0.13015075376884422,0.2332191106285195,0.704052675437489
F001150,0.0,0.3635678391959799,0.3333333333333333,1.1547005383792517,0.0,1.0,1.0,1.0,0.0,real,3,0.3701005025125628,0.3635678391959799,0.9967336683417085,0.49836683417085426,0.3694960670185096,0.3668235019317694
F001151,0.0,0.3635678391959799,0.1944444444444444,0.3469443332443554,0.0,1.0,1.0,1.0,0.0,real,3,0.3701005025125628,0.3635678391959799,0.33341708542713566,0.16670854271356783,0.2467491666877099,0.3646568899775259
F001152,0.0,0.3635678391959799,0.4722222222222222,0.4194352464039305,0.0,1.0,1.0,1.0,0.0,real,3,0.3701005025125628,0.3635678391959799,0.5165829145728643,0.25829145728643216,0.2806440493926921,0.3652551703239817
F001153,0.0,0.3635678391959799,0.25,0.5,0.0,1.0,1.0,1.0,0.0,real,3,0.3701005025125628,0.3635678391959799,0.5793969849246231,0.28969849246231155,0.29226780889371484,0.3654603419105578
F001154,0.0,0.3635678391959799,0.5555555555555556,0.5357583756107197,0.0,1.0,1.0,1.0,0.0,real,3,0.3701005025125628,0.3635678391959799,0.6798994974874372,0.3399497487437186,0.31086582409535113,0.36578861644907956
F001155,0.0,0.3635678391959799,0.5972222222222222,0.393817968854384,0.0,1.0,1.0,1.0,0.0,real,3,0.3701005025125628,0.3635678391959799,0.48266331658291456,0.24133165829145728,0.27436721926213986,0.3651443776672306
F001156,0.0,0.3635678391959799,0.1666666666666666,0.5773502691896258,0.0,1.0,1.0,1.0,0.0,real,3,0.3701005025125628,0.3635678391959799,0.7276381909547739,0.36381909547738694,0.3196998813161284,0.36594454685487743
F001157,0.0,0.3635678391959799,0.1944444444444444,0.3469443332443554,0.0,1.0,1.0,1.0,0.0,real,3,0.3701005025125628,0.3635678391959799,0.33341708542713566,0.16670854271356783,0.2467491666877099,0.3646568899775259
F001158,0.0,0.3635678391959799,0.5138888888888888,0.2926570486903538,0.0,1.0,1.0,1.0,0.0,real,3,0.3701005025125628,0.3635678391959799,0.2829145728643216,0.1414572864321608,0.23740366404888766,0.36449193202191865
F001159,0.0,0.3635678391959799,0.25,0.5,0.0,1.0,1.0,1.0,0.0,real,3,0.3701005025125628,0.3635678391959799,0.5793969849246231,0.28969849246231155,0.29226780889371484,0.3654603419105578
F001160,0.0,0.3635678391959799,0.25,0.5,0.0,1.0,1.0,1.0,0.0,real,3,0.3701005025125628,0.3635678391959799,0.5793969849246231,0.28969849246231155,0.29226780889371484,0.3654603419105578
F001161,0.0,0.3635678391959799,0.1944444444444444,0.3469443332443554,0.0,1.0,1.0,1.0,0.0,real,3,0.3701005025125628,0.3635678391959799,0.33341708542713566,0.16670854271356783,0.2467491666877099,0.3646568899775259
F001162,0.0,0.3635678391959799,0.3194444444444444,0.1272937693043289,0.5,1.0,1.0,1.0,0.5,real,3,0.9587939698492463,0.3635678391959799,0.03869346733668342,0.01934673366834171,0.4979465165021085,0.3750835206181662
F001163,0.0,0.3635678391959799,0.5,0.5,0.25,1.0,1.0,1.0,0.25,real,3,0.8304020100502513,0.3635678391959799,0.5793969849246231,0.28969849246231155,0.6557672154743568,0.4988089947223555
F001164,0.0,0.3635678391959799,0.3055555555555556,0.3469443332443555,0.25,1.0,1.0,1.0,0.25,real,3,0.8304020100502513,0.3635678391959799,0.37613065326633166,0.18806532663316583,0.5713708302820636,0.45136316002121163
F001165,0.0,0.3635678391959799,0.4444444444444444,0.5357583756107198,0.0,1.0,1.0,1.0,0.0,real,3,0.3701005025125628,0.3635678391959799,0.6912060301507538,0.3456030150753769,0.3129581008055352,0.36582554733466327
F001166,0.0,0.3635678391959799,0.1805555555555555,0.3757708127352412,0.0,1.0,1.0,1.0,0.0,real,3,0.3701005025125628,0.3635678391959799,0.40804020100502514,0.20402010050251257,0.2605581929749249,0.36490063382237825
F001167,0.0,0.3635678391959799,0.4444444444444444,0.5357583756107198,0.0,1.0,1.0,1.0,0.0,real,3,0.3701005025125628,0.3635678391959799,0.6912060301507538,0.3456030150753769,0.3129581008055352,0.36582554733466327
F001168,0.0,0.3635678391959799,0.3333333333333333,1.1547005383792517,0.0,1.0,1.0,1.0,0.0,real,3,0.3701005025125628,0.3635678391959799,0.9967336683417085,0.49836683417085426,0.3694960670185096,0.3668235019317694
F001169,0.0,0.3635678391959799,0.5972222222222222,0.393817968854384,0.25,1.0,1.0,1.0,0.25,real,3,0.8304020100502513,0.3635678391959799,0.48266331658291456,0.24133165829145728,0.6156032991591122,0.4762297037953587
F001170,0.0,0.3635678391959799,0.25,0.5,0.25,1.0,1.0,1.0,0.25,real,3,0.8304020100502513,0.3635678391959799,0.5793969849246231,0.28969849246231155,0.6557672154743568,0.4988089947223555
F001171,0.0,0.3635678391959799,0.1111111111111111,0.3849001794597505,0.0,1.0,1.0,1.0,0.0,real,3,0.3701005025125628,0.3635678391959799,0.4492462311557789,0.22462311557788944,0.2681833792075958,0.3650352263831721
F001172,0.0,0.3635678391959799,0.2083333333333333,0.5204164998665333,0.0,1.0,1.0,1.0,0.0,real,3,0.3701005025125628,0.3635678391959799,0.6665829145728643,0.33329145728643217,0.3084015870811343,0.3657451200727254
F001173,0.0,0.3635678391959799,0.0833333333333333,0.2886751345948128,0.0,1.0,1.0,1.0,0.0,real,3,0.3701005025125628,0.3635678391959799,0.228391959798995,0.1141959798994975,0.22731424080199994,0.36431384308477055
F001174,0.0,0.3635678391959799,0.5972222222222222,0.393817968854384,0.5,1.0,1.0,1.0,0.5,real,3,0.9587939698492463,0.3635678391959799,0.48266331658291456,0.24133165829145728,0.7107843236281912,0.5072147483649403
F001175,0.0,0.3635678391959799,0.1805555555555555,0.1272937693043289,0.0,1.0,1.0,1.0,0.0,real,3,0.3701005025125628,0.3635678391959799,0.03869346733668342,0.01934673366834171,0.1922104871089114,0.36369422489331077
F001176,0.0,0.3635678391959799,0.1111111111111111,0.3849001794597505,0.0,1.0,1.0,1.0,0.0,real,3,0.3701005025125628,0.3635678391959799,0.4492462311557789,0.22462311557788944,0.2681833792075958,0.3650352263831721
F001177,0.5260506159308034,0.963819095477387,0.8472222222222221,0.3367876570272817,0.0,1.0,1.0,1.0,0.0,real,3,0.3701005025125628,0.963819095477387,0.3005025125628141,0.15025125628140704,0.240658316709174,0.8746121310067929
F001178,0.4376389444889332,0.951005025125628,0.8055555555555556,0.3469443332443555,0.0,1.0,1.0,1.0,0.0,real,3,0.3701005025125628,0.951005025125628,0.37613065326633166,0.18806532663316583,0.25465332314840533,0.8417570263377187
F001179,0.0483797153000638,0.7836683417085427,0.6805555555555556,0.6254627916220946,0.0,1.0,1.0,1.0,0.0,real,3,0.3701005025125628,0.7836683417085427,0.7610552763819095,0.38052763819095475,0.32588372137067245,0.6262943486275598
F001180,0.0,0.3635678391959799,0.25,0.5,0.0,1.0,1.0,1.0,0.0,real,3,0.3701005025125628,0.3635678391959799,0.5793969849246231,0.28969849246231155,0.29226780889371484,0.3654603419105578
F001181,0.0,0.3635678391959799,0.2777777777777778,0.0962250448649376,0.0,1.0,1.0,1.0,0.0,real,3,0.3701005025125628,0.3635678391959799,0.021105527638190954,0.010552763819095477,0.18895583444862502,0.3636367768490695
F001182,0.0,0.3635678391959799,0.0416666666666666,0.1443375672974064,0.0,1.0,1.0,1.0,0.0,real,3,0.3701005025125628,0.3635678391959799,0.06030150753768844,0.03015075376884422,0.1962090603772632,0.36376480391909294
F001183,0.0,0.3635678391959799,0.4444444444444444,1.0183501544346312,0.0,1.0,1.0,1.0,0.0,real,3,0.3701005025125628,0.3635678391959799,0.9741206030150754,0.4870603015075377,0.36531151359814146,0.3667496401606021
F001184,0.0,0.3635678391959799,0.4027777777777778,0.1734721666221777,0.0,1.0,1.0,1.0,0.0,real,3,0.3701005025125628,0.3635678391959799,0.08819095477386935,0.04409547738693467,0.20137000959571727,0.36385590010353275
F001185,0.0,0.3635678391959799,0.1388888888888888,0.2545875386086578,0.0,1.0,1.0,1.0,0.0,real,3,0.3701005025125628,0.3635678391959799,0.1771356783919598,0.0885678391959799,0.21782925304916542,0.3641464230701245
F001186,0.0,0.3635678391959799,0.25,0.5,0.0,1.0,1.0,1.0,0.0,real,3,0.3701005025125628,0.3635678391959799,0.5793969849246231,0.28969849246231155,0.29226780889371484,0.3654603419105578
F001187,0.0223290993692601,0.7540201005025126,0.5833333333333334,0.2886751345948129,0.0,1.0,1.0,1.0,0.0,real,3,0.3701005025125628,0.7540201005025126,0.26030150753768844,0.13015075376884422,0.2332191106285195,0.704052675437489
F001188,0.0,0.3635678391959799,0.3611111111111111,0.2545875386086578,0.0,1.0,1.0,1.0,0.0,real,3,0.3701005025125628,0.3635678391959799,0.1771356783919598,0.0885678391959799,0.21782925304916542,0.3641464230701245
F001189,0.0,0.3635678391959799,0.4027777777777778,0.1734721666221777,0.0,1.0,1.0,1.0,0.0,real,3,0.3701005025125628,0.3635678391959799,0.08819095477386935,0.04409547738693467,0.20137000959571727,0.36385590010353275
F001190,0.0,0.3635678391959799,0.3611111111111111,0.2545875386086578,0.0,1.0,1.0,1.0,0.0,real,3,0.3701005025125628,0.3635678391959799,0.1771356783919598,0.0885678391959799,0.21782925304916542,0.3641464230701245
F001191,0.0,0.3635678391959799,0.5555555555555556,0.5357583756107197,0.0,1.0,1.0,1.0,0.0,real,3,0.3701005025125628,0.3635678391959799,0.6798994974874372,0.3399497487437186,0.31086582409535113,0.36578861644907956
F001192,0.0,0.3635678391959799,0.2361111111111111,0.2097176232019652,0.0,1.0,1.0,1.0,0.0,real,3,0.3701005025125628,0.3635678391959799,0.11708542713567839,0.058542713567839195,0.20671693896618776,0.36395027903335775
F001193,0.0,0.3635678391959799,0.5972222222222222,0.393817968854384,0.25,1.0,1.0,1.0,0.25,real,3,0.8304020100502513,0.3635678391959799,0.48266331658291456,0.24133165829145728,0.6156032991591122,0.4762297037953587
F001194,0.0,0.3635678391959799,0.6388888888888888,0.7515416254704823,0.0,1.0,1.0,1.0,0.0,real,3,0.3701005025125628,0.3635678391959799,0.8728643216080402,0.4364321608040201,0.3465740132824929,0.3664189035630414
F001195,0.0,0.3635678391959799,0.5555555555555556,0.5357583756107197,0.0,1.0,1.0,1.0,0.0,real,3,0.3701005025125628,0.3635678391959799,0.6798994974874372,0.3399497487437186,0.31086582409535113,0.36578861644907956
F001196,0.0,0.3635678391959799,0.1666666666666666,0.2886751345948128,0.0,1.0,1.0,1.0,0.0,real,3,0.3701005025125628,0.3635678391959799,0.228391959798995,0.1141959798994975,0.22731424080199994,0.36431384308477055
F001197,0.0,0.3635678391959799,0.3472222222222222,0.5672382737961704,0.25,1.0,1.0,1.0,0.25,real,3,0.8304020100502513,0.3635678391959799,0.7017587939698492,0.3508793969849246,0.7065719615666272,0.5273703315572839
F001198,0.0,0.3635678391959799,0.4027777777777778,0.3938179688543841,0.0,1.0,1.0,1.0,0.0,real,3,0.3701005025125628,0.3635678391959799,0.5022613065326633,0.25113065326633166,0.27799383222645896,0.36520839120224236
F001199,0.0,0.3635678391959799,0.1944444444444444,0.3469443332443554,0.0,1.0,1.0,1.0,0.0,real,3,0.3701005025125628,0.3635678391959799,0.33341708542713566,0.16670854271356783,0.2467491666877099,0.3646568899775259
F001200,0.0,0.3635678391959799,0.25,0.5,0.0,1.0,1.0,1.0,0.0,real,3,0.3701005025125628,0.3635678391959799,0.5793969849246231,0.28969849246231155,0.29226780889371484,0.3654603419105578
F001201,0.0,0.3635678391959799,0.3333333333333333,1.1547005383792517,0.0,1.0,1.0,1.0,0.0,real,3,0.3701005025125628,0.3635678391959799,0.9967336683417085,0.49836683417085426,0.3694960670185096,0.3668235019317694
F001202,0.0219364186574703,0.7472361809045226,0.6527777777777778,0.5672382737961704,0.0,1.0,1.0,1.0,0.0,real,3,0.3701005025125628,0.7472361809045226,0.7017587939698492,0.3508793969849246,0.31491089240170705,0.6149070414888513
F001203,0.0,0.3635678391959799,0.125,0.4330127018922193,0.0,1.0,1.0,1.0,0.0,real,3,0.3701005025125628,0.3635678391959799,0.5271356783919598,0.2635678391959799,0.28259684098886395,0.3652896391505265
F001204,0.0,0.3635678391959799,0.3194444444444444,0.8988160937424132,0.25,1.0,1.0,1.0,0.25,real,3,0.8304020100502513,0.3635678391959799,0.9434673366834171,0.47173366834170855,0.8069295914244591,0.5837892351203252
F001205,0.0,0.3635678391959799,0.375,1.0897247358851685,0.5,1.0,1.0,1.0,0.5,real,3,0.9587939698492463,0.3635678391959799,0.9899497487437185,0.4949748743718593,0.9539759096992501,0.6581898184389283
F001206,0.0,0.3635678391959799,0.2916666666666666,0.3818813079129867,0.0,1.0,1.0,1.0,0.0,real,3,0.3701005025125628,0.3635678391959799,0.4402010050251256,0.2201005025125628,0.2665095578394485,0.36500568167470515
F001207,0.0,0.3635678391959799,0.1388888888888888,0.2545875386086578,0.0,1.0,1.0,1.0,0.0,real,3,0.3701005025125628,0.3635678391959799,0.1771356783919598,0.0885678391959799,0.21782925304916542,0.3641464230701245
F001208,0.0,0.3635678391959799,0.3611111111111111,0.2545875386086578,0.0,1.0,1.0,1.0,0.0,real,3,0.3701005025125628,0.3635678391959799,0.1771356783919598,0.0885678391959799,0.21782925304916542,0.3641464230701245
F001209,0.0,0.3635678391959799,0.1805555555555555,0.1272937693043289,0.0,1.0,1.0,1.0,0.0,real,3,0.3701005025125628,0.3635678391959799,0.03869346733668342,0.01934673366834171,0.1922104871089114,0.36369422489331077
F001210,0.0,0.3635678391959799,0.4305555555555555,0.9871864246620478,0.25,1.0,1.0,1.0,0.25,real,3,0.8304020100502513,0.3635678391959799,0.9628140703517588,0.4814070351758794,0.814962374687508,0.5883050933057246
F001211,0.1564584167334001,0.842211055276382,0.7083333333333334,0.5204164998665332,0.0,1.0,1.0,1.0,0.0,real,3,0.3701005025125628,0.842211055276382,0.657035175879397,0.3285175879396985,0.30663477563697883,0.6871144352415344
F001212,0.0,0.3635678391959799,0.25,0.5,0.0,1.0,1.0,1.0,0.0,real,3,0.3701005025125628,0.3635678391959799,0.5793969849246231,0.28969849246231155,0.29226780889371484,0.3654603419105578
F001213,0.0,0.3635678391959799,0.2916666666666666,0.3818813079129867,0.0,1.0,1.0,1.0,0.0,real,3,0.3701005025125628,0.3635678391959799,0.4402010050251256,0.2201005025125628,0.2665095578394485,0.36500568167470515
F001214,0.0,0.3635678391959799,0.4444444444444444,1.0183501544346312,0.0,1.0,1.0,1.0,0.0,real,3,0.3701005025125628,0.3635678391959799,0.9741206030150754,0.4870603015075377,0.36531151359814146,0.3667496401606021
F001215,0.0,0.3635678391959799,0.4305555555555555,0.9871864246620478,0.0,1.0,1.0,1.0,0.0,real,3,0.3701005025125628,0.3635678391959799,0.9628140703517588,0.4814070351758794,0.36321923688795743,0.3667127092750183
F001216,0.0,0.3635678391959799,0.4027777777777778,0.1734721666221777,0.0,1.0,1.0,1.0,0.0,real,3,0.3701005025125628,0.3635678391959799,0.08819095477386935,0.04409547738693467,0.20137000959571727,0.36385590010353275
F001217,0.01116454968463,0.7346733668341708,0.5416666666666666,0.1443375672974064,0.25,1.0,1.0,1.0,0.25,real,3,0.8304020100502513,0.7346733668341708,0.06030150753768844,0.03015075376884422,0.4402382515593041,0.7375596575844043
F001218,0.0,0.3635678391959799,0.3055555555555556,0.6735753140545634,0.0,1.0,1.0,1.0,0.0,real,3,0.3701005025125628,0.3635678391959799,0.8160804020100503,0.40804020100502514,0.33606613469356833,0.36623342844877654
F001219,0.0,0.3635678391959799,0.3055555555555556,0.3469443332443555,0.5,1.0,1.0,1.0,0.5,real,3,0.9587939698492463,0.3635678391959799,0.37613065326633166,0.18806532663316583,0.6597128860382313,0.4755092358778819
F001220,0.0,0.3635678391959799,0.4722222222222222,0.4194352464039305,0.0,1.0,1.0,1.0,0.0,real,3,0.3701005025125628,0.3635678391959799,0.5165829145728643,0.25829145728643216,0.2806440493926921,0.3652551703239817
F001221,0.0,0.3635678391959799,0.2916666666666666,0.3818813079129867,0.5,1.0,1.0,1.0,0.5,real,3,0.9587939698492463,0.3635678391959799,0.4402010050251256,0.2201005025125628,0.6904280194944573,0.49457740966137215
F001222,0.0,0.3635678391959799,0.5694444444444444,0.7742977702647975,0.0,1.0,1.0,1.0,0.0,real,3,0.3701005025125628,0.3635678391959799,0.9040201005025126,0.4520100502512563,0.35233939799500014,0.3665206686699831
F001223,0.0,0.3635678391959799,0.5416666666666666,0.3818813079129866,0.25,1.0,1.0,1.0,0.25,real,3,0.8304020100502513,0.3635678391959799,0.4236180904522613,0.21180904522613064,0.5910876619277291,0.46244753920355547
F001224,0.0,0.3635678391959799,0.0555555555555555,0.1924500897298752,0.0,1.0,1.0,1.0,0.0,real,3,0.3701005025125628,0.3635678391959799,0.1,0.05,0.20355527638190957,0.363894472361809
F001225,0.0,0.3635678391959799,0.3194444444444444,0.3757708127352411,0.0,1.0,1.0,1.0,0.0,real,3,0.3701005025125628,0.3635678391959799,0.3969849246231156,0.1984924623115578,0.2585124113027449,0.3648645236231408
F001226,0.0,0.3635678391959799,0.3888888888888889,1.0715167512214396,0.5,1.0,1.0,1.0,0.5,real,3,0.9587939698492463,0.3635678391959799,0.9849246231155779,0.49246231155778897,0.9515668796242519,0.6566942753970859
F001227,0.0,0.3635678391959799,0.6111111111111112,0.693888666488711,0.0,1.0,1.0,1.0,0.0,real,3,0.3701005025125628,0.3635678391959799,0.8351758793969849,0.41758793969849245,0.33959975758187927,0.3662958006110957
F001228,0.0,0.3635678391959799,0.2083333333333333,0.3818813079129866,0.0,1.0,1.0,1.0,0.0,real,3,0.3701005025125628,0.3635678391959799,0.4236180904522613,0.21180904522613064,0.2634408853311785,0.3649515163758491
F001229,0.0,0.3635678391959799,0.2777777777777778,0.0962250448649376,0.25,1.0,1.0,1.0,0.25,real,3,0.8304020100502513,0.3635678391959799,0.021105527638190954,0.010552763819095477,0.42396404131208804,0.3684942299436883
F001230,0.0,0.3635678391959799,0.5416666666666666,0.3818813079129866,0.0,1.0,1.0,1.0,0.0,real,3,0.3701005025125628,0.3635678391959799,0.4236180904522613,0.21180904522613064,0.2634408853311785,0.3649515163758491
F001231,0.0,0.3635678391959799,0.2777777777777778,0.0962250448649376,0.0,1.0,1.0,1.0,0.0,real,3,0.3701005025125628,0.3635678391959799,0.021105527638190954,0.010552763819095477,0.18895583444862502,0.3636367768490695
F001232,0.0,0.3635678391959799,0.5972222222222222,0.393817968854384,0.0,1.0,1.0,1.0,0.0,real,3,0.3701005025125628,0.3635678391959799,0.48266331658291456,0.24133165829145728,0.27436721926213986,0.3651443776672306
F001233,0.0,0.3635678391959799,0.5416666666666666,0.3818813079129866,0.0,1.0,1.0,1.0,0.0,real,3,0.3701005025125628,0.3635678391959799,0.4236180904522613,0.21180904522613064,0.2634408853311785,0.3649515163758491
F001234,0.0,0.3635678391959799,0.4027777777777778,0.6364688465216445,0.0,1.0,1.0,1.0,0.0,real,3,0.3701005025125628,0.3635678391959799,0.7829145728643216,0.3914572864321608,0.3299287896770284,0.3661250978510644
F001235,0.0,0.3635678391959799,0.3611111111111111,0.8552669065744807,0.0,1.0,1.0,1.0,0.0,real,3,0.3701005025125628,0.3635678391959799,0.928894472361809,0.4644472361809045,0.3569424067574051,0.36660191661826724
F001236,0.0,0.3635678391959799,0.1666666666666666,0.5773502691896258,0.0,1.0,1.0,1.0,0.0,real,3,0.3701005025125628,0.3635678391959799,0.7276381909547739,0.36381909547738694,0.3196998813161284,0.36594454685487743
F001237,0.0,0.3635678391959799,0.2222222222222222,0.0962250448649376,0.0,1.0,1.0,1.0,0.0,real,3,0.3701005025125628,0.3635678391959799,0.021105527638190954,0.010552763819095477,0.18895583444862502,0.3636367768490695
F001238,0.2224894150898172,0.8839195979899498,0.7916666666666667,0.7216878364870323,0.5,1.0,1.0,1.0,0.5,real,3,0.9587939698492463,0.8839195979899498,0.857286432160804,0.428643216080402,0.8903775157193,0.9160139895457186
F001239,0.2154167222667111,0.8768844221105527,0.6944444444444444,0.3469443332443555,0.25,1.0,1.0,1.0,0.25,real,3,0.8304020100502513,0.8768844221105527,0.37613065326633166,0.18806532663316583,0.5713708302820636,0.8681426921037347
F001240,0.0483797153000638,0.7836683417085427,0.6805555555555556,0.6254627916220946,0.5,1.0,1.0,1.0,0.5,real,3,0.9587939698492463,0.7836683417085427,0.7610552763819095,0.38052763819095475,0.8442445897830864,0.850308483371632
F001241,0.0,0.3635678391959799,0.0833333333333333,0.2886751345948128,0.0,1.0,1.0,1.0,0.0,real,3,0.3701005025125628,0.3635678391959799,0.228391959798995,0.1141959798994975,0.22731424080199994,0.36431384308477055
F001242,0.0,0.3635678391959799,0.1944444444444444,0.3469443332443554,0.25,1.0,1.0,1.0,0.25,real,3,0.8304020100502513,0.3635678391959799,0.33341708542713566,0.16670854271356783,0.5536361139870205,0.4413930835079922
F001243,0.0,0.3635678391959799,0.5972222222222222,0.393817968854384,0.0,1.0,1.0,1.0,0.0,real,3,0.3701005025125628,0.3635678391959799,0.48266331658291456,0.24133165829145728,0.27436721926213986,0.3651443776672306
F001244,0.0,0.3635678391959799,0.0416666666666666,0.1443375672974064,0.0,1.0,1.0,1.0,0.0,real,3,0.3701005025125628,0.3635678391959799,0.06030150753768844,0.03015075376884422,0.1962090603772632,0.36376480391909294
F001245,0.0,0.3635678391959799,0.3333333333333333,0.2886751345948129,0.0,1.0,1.0,1.0,0.0,real,3,0.3701005025125628,0.3635678391959799,0.26030150753768844,0.13015075376884422,0.2332191106285195,0.36441807025075124
F001246,0.0,0.3635678391959799,0.5972222222222222,0.393817968854384,0.0,1.0,1.0,1.0,0.0,real,3,0.3701005025125628,0.3635678391959799,0.48266331658291456,0.24133165829145728,0.27436721926213986,0.3651443776672306
F001247,0.0669872981077807,0.8050251256281407,0.75,0.8660254037844386,0.0,1.0,1.0,1.0,0.0,real,3,0.3701005025125628,0.8050251256281407,0.9349246231155779,0.46746231155778895,0.3580582876695033,0.6017142559531324
F001248,0.0,0.3635678391959799,0.3333333333333333,0.2886751345948129,0.25,1.0,1.0,1.0,0.25,real,3,0.8304020100502513,0.3635678391959799,0.26030150753768844,0.13015075376884422,0.5232784525643291,0.4243266584177167
F001249,0.1485783278408043,0.8238693467336683,0.7361111111111112,0.6472877887628358,0.0,1.0,1.0,1.0,0.0,real,3,0.3701005025125628,0.8238693467336683,0.7924623115577889,0.39623115577889445,0.3316956011211838,0.6440719931314866
F001250,0.0,0.3635678391959799,0.5555555555555556,0.5357583756107197,0.0,1.0,1.0,1.0,0.0,real,3,0.3701005025125628,0.3635678391959799,0.6798994974874372,0.3399497487437186,0.31086582409535113,0.36578861644907956
F001251,0.4376389444889332,0.951005025125628,0.8055555555555556,0.3469443332443555,0.5,1.0,1.0,1.0,0.5,real,3,0.9587939698492463,0.951005025125628,0.37613065326633166,0.18806532663316583,0.6597128860382313,0.952469855559203
F001252,0.0,0.3635678391959799,0.1388888888888888,0.2545875386086578,0.25,1.0,1.0,1.0,0.25,real,3,0.8304020100502513,0.3635678391959799,0.1771356783919598,0.0885678391959799,0.48874791671927476,0.4049143329713896
F001253,0.0,0.3635678391959799,0.1666666666666666,0.5773502691896258,0.5,1.0,1.0,1.0,0.5,real,3,0.9587939698492463,0.3635678391959799,0.7276381909547739,0.36381909547738694,0.828224539784349,0.5801224716547562
F001254,0.25,0.8977386934673367,0.75,0.5,0.0,1.0,1.0,1.0,0.0,real,3,0.3701005025125628,0.8977386934673367,0.5793969849246231,0.28969849246231155,0.29226780889371484,0.7448827049821973
F001255,0.0,0.3635678391959799,0.2361111111111111,0.2097176232019652,0.0,1.0,1.0,1.0,0.0,real,3,0.3701005025125628,0.3635678391959799,0.11708542713567839,0.058542713567839195,0.20671693896618776,0.36395027903335775
F001256,0.0,0.3635678391959799,0.3888888888888889,0.693888666488711,0.0,1.0,1.0,1.0,0.0,real,3,0.3701005025125628,0.3635678391959799,0.8351758793969849,0.41758793969849245,0.33959975758187927,0.3662958006110957
F001257,0.0,0.3635678391959799,0.3333333333333333,0.5773502691896258,0.25,1.0,1.0,1.0,0.25,real,3,0.8304020100502513,0.3635678391959799,0.7276381909547739,0.36381909547738694,0.7173171132042121,0.5334110249741169
F001258,0.0446581987385203,0.7701005025125628,0.6666666666666666,0.5773502691896258,0.0,1.0,1.0,1.0,0.0,real,3,0.3701005025125628,0.7701005025125628,0.7276381909547739,0.36381909547738694,0.3196998813161284,0.624572864321608
F001259,0.0,0.3635678391959799,0.4166666666666667,1.0408329997330663,0.0,1.0,1.0,1.0,0.0,real,3,0.3701005025125628,0.3635678391959799,0.9811557788944724,0.4905778894472362,0.366613374662256,0.3667726193782985
F001260,0.0,0.3635678391959799,0.25,0.5,0.0,1.0,1.0,1.0,0.0,real,3,0.3701005025125628,0.3635678391959799,0.5793969849246231,0.28969849246231155,0.29226780889371484,0.3654603419105578
F001261,0.0,0.3635678391959799,0.2916666666666666,0.5204164998665332,0.0,1.0,1.0,1.0,0.0,real,3,0.3701005025125628,0.3635678391959799,0.657035175879397,0.3285175879396985,0.30663477563697883,0.3657139339915659
F001262,0.0669872981077807,0.8050251256281407,0.75,0.8660254037844386,0.25,1.0,1.0,1.0,0.25,real,3,0.8304020100502513,0.8050251256281407,0.9349246231155779,0.46746231155778895,0.8033826481654504,0.8168878626802354
F001263,0.2154167222667111,0.8768844221105527,0.6944444444444444,0.3469443332443555,0.25,1.0,1.0,1.0,0.25,real,3,0.8304020100502513,0.8768844221105527,0.37613065326633166,0.18806532663316583,0.5713708302820636,0.8681426921037347
F001264,0.0,0.3635678391959799,0.5416666666666666,0.3818813079129866,0.0,1.0,1.0,1.0,0.0,real,3,0.3701005025125628,0.3635678391959799,0.4236180904522613,0.21180904522613064,0.2634408853311785,0.3649515163758491
F001265,0.0,0.3635678391959799,0.4722222222222222,0.4194352464039305,0.0,1.0,1.0,1.0,0.0,real,3,0.3701005025125628,0.3635678391959799,0.5165829145728643,0.25829145728643216,0.2806440493926921,0.3652551703239817
F001266,0.0,0.3635678391959799,0.3194444444444444,0.3757708127352411,0.5,1.0,1.0,1.0,0.5,real,3,0.9587939698492463,0.3635678391959799,0.3969849246231156,0.1984924623115578,0.6697103608494736,0.4817157395015278
F001267,0.3779915320718537,0.9329145728643216,0.8333333333333333,0.5773502691896258,0.0,1.0,1.0,1.0,0.0,real,3,0.3701005025125628,0.9329145728643216,0.7276381909547739,0.36381909547738694,0.3196998813161284,0.7281520668669982
F001268,0.0,0.3635678391959799,0.4444444444444444,0.5357583756107198,0.25,1.0,1.0,1.0,0.25,real,3,0.8304020100502513,0.3635678391959799,0.6912060301507538,0.3456030150753769,0.7021904434231458,0.5249071361834298
F001269,0.0,0.3635678391959799,0.25,0.5,0.25,1.0,1.0,1.0,0.25,real,3,0.8304020100502513,0.3635678391959799,0.5793969849246231,0.28969849246231155,0.6557672154743568,0.4988089947223555
F001270,0.0,0.3635678391959799,0.4444444444444444,0.1924500897298753,0.25,1.0,1.0,1.0,0.25,real,3,0.8304020100502513,0.3635678391959799,0.1077889447236181,0.05389447236180905,0.45995508320496953,0.3887276205146335
F001271,0.6889957660359269,0.9899497487437184,0.9166666666666669,0.2886751345948128,0.0,1.0,1.0,1.0,0.0,real,3,0.3701005025125628,0.9899497487437184,0.228391959798995,0.1141959798994975,0.22731424080199994,0.9191654566803867
F001272,0.0,0.3635678391959799,0.3611111111111111,0.7515416254704823,0.25,1.0,1.0,1.0,0.25,real,3,0.8304020100502513,0.3635678391959799,0.8728643216080402,0.4364321608040201,0.7776151486073584,0.5673092851190626
F001273,0.1898569058357866,0.864321608040201,0.7222222222222222,0.5091750772173156,0.5,1.0,1.0,1.0,0.5,real,3,0.9587939698492463,0.864321608040201,0.6321608040201006,0.3160804020100503,0.7824529683593849,0.8941824701396428
F001274,0.0521012318616071,0.7947236180904522,0.6944444444444444,0.6735753140545634,0.0,1.0,1.0,1.0,0.0,real,3,0.3701005025125628,0.7947236180904522,0.8160804020100503,0.40804020100502514,0.33606613469356833,0.6214603166586702
F001275,0.0,0.3635678391959799,0.1111111111111111,0.3849001794597505,0.25,1.0,1.0,1.0,0.25,real,3,0.8304020100502513,0.3635678391959799,0.4492462311557789,0.22462311557788944,0.601728491704755,0.468429585111487
F001276,0.1898569058357866,0.864321608040201,0.7222222222222222,0.5091750772173156,0.0,1.0,1.0,1.0,0.0,real,3,0.3701005025125628,0.864321608040201,0.6321608040201006,0.3160804020100503,0.3020317668745739,0.7081080023231736
F001277,0.061411169010459,0.8010050251256281,0.6527777777777778,0.488288773090193,0.0,1.0,1.0,1.0,0.0,real,3,0.3701005025125628,0.8010050251256281,0.5447236180904522,0.2723618090452261,0.2858514936491503,0.683643089820964
F001278,0.25,0.8977386934673367,0.75,0.5,0.0,1.0,1.0,1.0,0.0,real,3,0.3701005025125628,0.8977386934673367,0.5793969849246231,0.28969849246231155,0.29226780889371484,0.7448827049821973
F001279,0.0,0.3635678391959799,0.4444444444444444,1.0183501544346312,0.5,1.0,1.0,1.0,0.5,real,3,0.9587939698492463,0.3635678391959799,0.9741206030150754,0.4870603015075377,0.946387464963006,0.6534788578571249
F001280,0.0,0.3635678391959799,0.3472222222222222,0.6988747569671736,0.0,1.0,1.0,1.0,0.0,real,3,0.3701005025125628,0.3635678391959799,0.8437185929648241,0.42185929648241205,0.34118058887401836,0.36632370394687
F001281,0.0,0.3635678391959799,0.2777777777777778,0.0962250448649376,0.0,1.0,1.0,1.0,0.0,real,3,0.3701005025125628,0.3635678391959799,0.021105527638190954,0.010552763819095477,0.18895583444862502,0.3636367768490695
F001282,0.061411169010459,0.8010050251256281,0.6527777777777778,0.488288773090193,0.25,1.0,1.0,1.0,0.25,real,3,0.8304020100502513,0.8010050251256281,0.5447236180904522,0.2723618090452261,0.6413707987172041,0.8090116411201737
F001283,0.0,0.3635678391959799,0.3055555555555556,0.6735753140545634,0.0,1.0,1.0,1.0,0.0,real,3,0.3701005025125628,0.3635678391959799,0.8160804020100503,0.40804020100502514,0.33606613469356833,0.36623342844877654
F001284,0.0223290993692601,0.7540201005025126,0.5833333333333334,0.2886751345948129,0.0,1.0,1.0,1.0,0.0,real,3,0.3701005025125628,0.7540201005025126,0.26030150753768844,0.13015075376884422,0.2332191106285195,0.704052675437489
F001285,0.0521012318616071,0.7947236180904522,0.6944444444444444,0.6735753140545634,0.0,1.0,1.0,1.0,0.0,real,3,0.3701005025125628,0.7947236180904522,0.8160804020100503,0.40804020100502514,0.33606613469356833,0.6214603166586702
F001286,0.1732257047434905,0.8477386934673367,0.6805555555555556,0.3757708127352411,0.25,1.0,1.0,1.0,0.25,real,3,0.8304020100502513,0.8477386934673367,0.3969849246231156,0.1984924623115578,0.580029544708467,0.8442974924875634
F001287,0.0,0.3635678391959799,0.4027777777777778,0.6364688465216445,0.25,1.0,1.0,1.0,0.25,real,3,0.8304020100502513,0.3635678391959799,0.7829145728643216,0.3914572864321608,0.740267922527209,0.5463134769324007
F001288,0.25,0.8977386934673367,0.75,0.5,0.0,1.0,1.0,1.0,0.0,real,3,0.3701005025125628,0.8977386934673367,0.5793969849246231,0.28969849246231155,0.29226780889371484,0.7448827049821973
F001289,0.0,0.3635678391959799,0.2361111111111111,0.2097176232019652,0.25,1.0,1.0,1.0,0.25,real,3,0.8304020100502513,0.3635678391959799,0.11708542713567839,0.058542713567839195,0.46381499204565546,0.3908975783439812
F001290,0.0,0.3635678391959799,0.4722222222222222,0.4194352464039305,0.0,1.0,1.0,1.0,0.0,real,3,0.3701005025125628,0.3635678391959799,0.5165829145728643,0.25829145728643216,0.2806440493926921,0.3652551703239817
F001291,0.0,0.3635678391959799,0.5972222222222222,0.393817968854384,0.0,1.0,1.0,1.0,0.0,real,3,0.3701005025125628,0.3635678391959799,0.48266331658291456,0.24133165829145728,0.27436721926213986,0.3651443776672306
F001292,0.0,0.3635678391959799,0.5416666666666666,0.3818813079129866,0.0,1.0,1.0,1.0,0.0,real,3,0.3701005025125628,0.3635678391959799,0.4236180904522613,0.21180904522613064,0.2634408853311785,0.3649515163758491
F001293,0.0,0.3635678391959799,0.3055555555555556,0.3469443332443555,0.25,1.0,1.0,1.0,0.25,real,3,0.8304020100502513,0.3635678391959799,0.37613065326633166,0.18806532663316583,0.5713708302820636,0.45136316002121163
F001294,0.0,0.3635678391959799,0.5972222222222222,0.393817968854384,0.25,1.0,1.0,1.0,0.25,real,3,0.8304020100502513,0.3635678391959799,0.48266331658291456,0.24133165829145728,0.6156032991591122,0.4762297037953587
F001295,0.0,0.3635678391959799,0.3611111111111111,0.7515416254704823,0.0,1.0,1.0,1.0,0.0,real,3,0.3701005025125628,0.3635678391959799,0.8728643216080402,0.4364321608040201,0.3465740132824929,0.3664189035630414
F001296,0.4376389444889332,0.951005025125628,0.8055555555555556,0.3469443332443555,0.0,1.0,1.0,1.0,0.0,real,3,0.3701005025125628,0.951005025125628,0.37613065326633166,0.18806532663316583,0.25465332314840533,0.8417570263377187
F001297,0.0,0.3635678391959799,0.25,0.8660254037844386,0.25,1.0,1.0,1.0,0.25,real,3,0.8304020100502513,0.3635678391959799,0.9349246231155779,0.46746231155778895,0.8033826481654504,0.5817952198176815
F001298,0.0,0.3635678391959799,0.5972222222222222,0.393817968854384,0.0,1.0,1.0,1.0,0.0,real,3,0.3701005025125628,0.3635678391959799,0.48266331658291456,0.24133165829145728,0.27436721926213986,0.3651443776672306
F001299,0.1732257047434905,0.8477386934673367,0.6805555555555556,0.3757708127352411,0.25,1.0,1.0,1.0,0.25,real,3,0.8304020100502513,0.8477386934673367,0.3969849246231156,0.1984924623115578,0.580029544708467,0.8442974924875634
F001300,0.1504840084734488,0.8346733668341708,0.6388888888888888,0.2545875386086578,0.25,1.0,1.0,1.0,0.25,real,3,0.8304020100502513,0.8346733668341708,0.1771356783919598,0.0885678391959799,0.48874791671927476,0.834295061993384
F001301,0.0,0.3635678391959799,0.5277777777777778,0.8221471437193746,0.0,1.0,1.0,1.0,0.0,real,3,0.3701005025125628,0.3635678391959799,0.9208542713567839,0.46042713567839194,0.35545456554127425,0.3665756546551855
F001302,0.0,0.3635678391959799,0.2916666666666666,0.5204164998665332,0.25,1.0,1.0,1.0,0.25,real,3,0.8304020100502513,0.3635678391959799,0.657035175879397,0.3285175879396985,0.6880026703871114,0.5169310749728542
F001303,0.0,0.3635678391959799,0.5694444444444444,0.4738533919231106,0.25,1.0,1.0,1.0,0.25,real,3,0.8304020100502513,0.3635678391959799,0.535427135678392,0.267713567839196,0.6375108898765183,0.48854568066462967
F001304,0.0,0.3635678391959799,0.1388888888888888,0.2545875386086578,0.0,1.0,1.0,1.0,0.0,real,3,0.3701005025125628,0.3635678391959799,0.1771356783919598,0.0885678391959799,0.21782925304916542,0.3641464230701245
F001305,0.0,0.3635678391959799,0.3055555555555556,0.6735753140545634,0.0,1.0,1.0,1.0,0.0,real,3,0.3701005025125628,0.3635678391959799,0.8160804020100503,0.40804020100502514,0.33606613469356833,0.36623342844877654
F001306,0.0,0.3635678391959799,0.4861111111111111,0.2926570486903539,0.5,1.0,1.0,1.0,0.5,real,3,0.9587939698492463,0.3635678391959799,0.2904522613065327,0.14522613065326634,0.6186389232595136,0.45001022701446936
F001307,0.0,0.3635678391959799,0.4166666666666667,1.0408329997330663,0.0,1.0,1.0,1.0,0.0,real,3,0.3701005025125628,0.3635678391959799,0.9811557788944724,0.4905778894472362,0.366613374662256,0.3667726193782985
F001308,0.0,0.3635678391959799,0.4027777777777778,0.6364688465216445,0.0,1.0,1.0,1.0,0.0,real,3,0.3701005025125628,0.3635678391959799,0.7829145728643216,0.3914572864321608,0.3299287896770284,0.3661250978510644
F001309,0.25,0.8977386934673367,0.75,0.5,0.0,1.0,1.0,1.0,0.0,real,3,0.3701005025125628,0.8977386934673367,0.5793969849246231,0.28969849246231155,0.29226780889371484,0.7448827049821973
F001310,0.4376389444889332,0.951005025125628,0.8055555555555556,0.3469443332443555,0.0,1.0,1.0,1.0,0.0,real,3,0.3701005025125628,0.951005025125628,0.37613065326633166,0.18806532663316583,0.25465332314840533,0.8417570263377187
F001311,0.0,0.3635678391959799,0.1944444444444444,0.3469443332443554,0.0,1.0,1.0,1.0,0.0,real,3,0.3701005025125628,0.3635678391959799,0.33341708542713566,0.16670854271356783,0.2467491666877099,0.3646568899775259
F001312,0.0,0.3635678391959799,0.4027777777777778,0.1734721666221777,0.0,1.0,1.0,1.0,0.0,real,3,0.3701005025125628,0.3635678391959799,0.08819095477386935,0.04409547738693467,0.20137000959571727,0.36385590010353275
F001313,0.0,0.3635678391959799,0.625,0.6614378277661477,0.25,1.0,1.0,1.0,0.25,real,3,0.8304020100502513,0.3635678391959799,0.8,0.4,0.7473618090452262,0.5503015075376885
F001314,0.0,0.3635678391959799,0.3888888888888889,0.693888666488711,0.0,1.0,1.0,1.0,0.0,real,3,0.3701005025125628,0.3635678391959799,0.8351758793969849,0.41758793969849245,0.33959975758187927,0.3662958006110957
F001315,0.0,0.3635678391959799,0.0833333333333333,0.2886751345948128,0.5,1.0,1.0,1.0,0.5,real,3,0.9587939698492463,0.3635678391959799,0.228391959798995,0.1141959798994975,0.588887401833287,0.4315402704477159
F001316,0.3779915320718537,0.9329145728643216,0.8333333333333333,0.5773502691896258,0.0,1.0,1.0,1.0,0.0,real,3,0.3701005025125628,0.9329145728643216,0.7276381909547739,0.36381909547738694,0.3196998813161284,0.7281520668669982
F001317,0.0,0.3635678391959799,0.2916666666666666,0.8036375634160796,0.0,1.0,1.0,1.0,0.0,real,3,0.3701005025125628,0.3635678391959799,0.914321608040201,0.4571608040201005,0.35424569455316784,0.3665543168101816
F001318,0.4376389444889332,0.951005025125628,0.8055555555555556,0.3469443332443555,0.0,1.0,1.0,1.0,0.0,real,3,0.3701005025125628,0.951005025125628,0.37613065326633166,0.18806532663316583,0.25465332314840533,0.8417570263377187
F001319,0.0,0.3635678391959799,0.5416666666666666,0.3818813079129866,0.0,1.0,1.0,1.0,0.0,real,3,0.3701005025125628,0.3635678391959799,0.4236180904522613,0.21180904522613064,0.2634408853311785,0.3649515163758491
F001320,0.0,0.3635678391959799,0.4583333333333333,0.1443375672974064,0.0,1.0,1.0,1.0,0.0,real,3,0.3701005025125628,0.3635678391959799,0.06030150753768844,0.03015075376884422,0.1962090603772632,0.36376480391909294
F001321,0.0,0.3635678391959799,0.5972222222222222,0.393817968854384,0.0,1.0,1.0,1.0,0.0,real,3,0.3701005025125628,0.3635678391959799,0.48266331658291456,0.24133165829145728,0.27436721926213986,0.3651443776672306
F001322,0.0,0.3635678391959799,0.4027777777777778,0.1734721666221777,0.25,1.0,1.0,1.0,0.25,real,3,0.8304020100502513,0.3635678391959799,0.08819095477386935,0.04409547738693467,0.4518179780813616,0.3841531148203328
F001323,0.0,0.3635678391959799,0.0,0.0,0.0,1.0,1.0,1.0,0.0,real,3,0.3701005025125628,0.3635678391959799,0.005527638190954774,0.002763819095477387,0.1860731420923714,0.36358589429559857
F001324,0.0446581987385203,0.7701005025125628,0.6666666666666666,0.5773502691896258,0.0,1.0,1.0,1.0,0.0,real,3,0.3701005025125628,0.7701005025125628,0.7276381909547739,0.36381909547738694,0.3196998813161284,0.624572864321608
F001325,0.0,0.3635678391959799,0.1388888888888888,0.2545875386086578,0.0,1.0,1.0,1.0,0.0,real,3,0.3701005025125628,0.3635678391959799,0.1771356783919598,0.0885678391959799,0.21782925304916542,0.3641464230701245
F001326,0.1564584167334001,0.842211055276382,0.7083333333333334,0.5204164998665332,0.25,1.0,1.0,1.0,0.25,real,3,0.8304020100502513,0.842211055276382,0.657035175879397,0.3285175879396985,0.6880026703871114,0.8383315762228227
F001327,0.0223290993692601,0.7540201005025126,0.5833333333333334,0.2886751345948129,0.0,1.0,1.0,1.0,0.0,real,3,0.3701005025125628,0.7540201005025126,0.26030150753768844,0.13015075376884422,0.2332191106285195,0.704052675437489
F001328,0.0,0.3635678391959799,0.3888888888888889,0.693888666488711,0.0,1.0,1.0,1.0,0.0,real,3,0.3701005025125628,0.3635678391959799,0.8351758793969849,0.41758793969849245,0.33959975758187927,0.3662958006110957
F001329,0.0483797153000638,0.7836683417085427,0.6805555555555556,0.6254627916220946,0.25,1.0,1.0,1.0,0.25,real,3,0.8304020100502513,0.7836683417085427,0.7610552763819095,0.38052763819095475,0.7311919206585693,0.8014517941466124
F001330,0.0669872981077807,0.8050251256281407,0.75,0.8660254037844386,0.0,1.0,1.0,1.0,0.0,real,3,0.3701005025125628,0.8050251256281407,0.9349246231155779,0.46746231155778895,0.3580582876695033,0.6017142559531324
F001331,0.0446581987385203,0.7701005025125628,0.6666666666666666,0.5773502691896258,0.0,1.0,1.0,1.0,0.0,real,3,0.3701005025125628,0.7701005025125628,0.7276381909547739,0.36381909547738694,0.3196998813161284,0.624572864321608
F001332,0.0,0.3635678391959799,0.1388888888888888,0.2545875386086578,0.0,1.0,1.0,1.0,0.0,real,3,0.3701005025125628,0.3635678391959799,0.1771356783919598,0.0885678391959799,0.21782925304916542,0.3641464230701245
F001333,0.0,0.3635678391959799,0.0,0.0,0.0,1.0,1.0,1.0,0.0,real,3,0.3701005025125628,0.3635678391959799,0.005527638190954774,0.002763819095477387,0.1860731420923714,0.36358589429559857
F001334,0.0,0.3635678391959799,0.2361111111111111,0.2097176232019652,0.5,1.0,1.0,1.0,0.5,real,3,0.9587939698492463,0.3635678391959799,0.11708542713567839,0.058542713567839195,0.535527385672079,0.39841399207090733
F001335,0.3009680169468978,0.9133165829145728,0.7777777777777778,0.5091750772173156,0.25,1.0,1.0,1.0,0.25,real,3,0.8304020100502513,0.9133165829145728,0.6321608040201006,0.3160804020100503,0.6776748061917629,0.8871089113911265
F001336,0.0,0.3635678391959799,0.2361111111111111,0.2097176232019652,0.0,1.0,1.0,1.0,0.0,real,3,0.3701005025125628,0.3635678391959799,0.11708542713567839,0.058542713567839195,0.20671693896618776,0.36395027903335775
F001337,0.5949284529178934,0.9836683417085428,0.8611111111111112,0.2545875386086578,0.0,1.0,1.0,1.0,0.0,real,3,0.3701005025125628,0.9836683417085428,0.1771356783919598,0.0885678391959799,0.21782925304916542,0.9293259639908085
F001338,0.0,0.3635678391959799,0.3611111111111111,0.2545875386086578,0.0,1.0,1.0,1.0,0.0,real,3,0.3701005025125628,0.3635678391959799,0.1771356783919598,0.0885678391959799,0.21782925304916542,0.3641464230701245
F001339,0.0,0.3635678391959799,0.5,0.5,0.0,1.0,1.0,1.0,0.0,real,3,0.3701005025125628,0.3635678391959799,0.5793969849246231,0.28969849246231155,0.29226780889371484,0.3654603419105578
F001340,0.0,0.3635678391959799,0.4166666666666667,0.2886751345948129,0.25,1.0,1.0,1.0,0.25,real,3,0.8304020100502513,0.3635678391959799,0.26030150753768844,0.13015075376884422,0.5232784525643291,0.4243266584177167
F001341,0.0,0.3635678391959799,0.0416666666666666,0.1443375672974064,0.0,1.0,1.0,1.0,0.0,real,3,0.3701005025125628,0.3635678391959799,0.06030150753768844,0.03015075376884422,0.1962090603772632,0.36376480391909294
F001342,0.1898569058357866,0.864321608040201,0.7222222222222222,0.5091750772173156,0.25,1.0,1.0,1.0,0.25,real,3,0.8304020100502513,0.864321608040201,0.6321608040201006,0.3160804020100503,0.6776748061917629,0.8536002878715183
F001343,0.0,0.3635678391959799,0.2361111111111111,0.2097176232019652,0.0,1.0,1.0,1.0,0.0,real,3,0.3701005025125628,0.3635678391959799,0.11708542713567839,0.058542713567839195,0.20671693896618776,0.36395027903335775
F001344,0.0,0.3635678391959799,0.4444444444444444,1.0183501544346312,0.5,1.0,1.0,1.0,0.5,real,3,0.9587939698492463,0.3635678391959799,0.9741206030150754,0.4870603015075377,0.946387464963006,0.6534788578571249
F001345,0.0,0.3635678391959799,0.4861111111111111,0.9141379262169074,0.0,1.0,1.0,1.0,0.0,real,3,0.3701005025125628,0.3635678391959799,0.9492462311557789,0.47462311557788944,0.3607085048357365,0.36666839221231784
F001346,0.0,0.3635678391959799,0.5972222222222222,0.393817968854384,0.0,1.0,1.0,1.0,0.0,real,3,0.3701005025125628,0.3635678391959799,0.48266331658291456,0.24133165829145728,0.27436721926213986,0.3651443776672306
F001347,0.0,0.3635678391959799,0.4444444444444444,1.0183501544346312,0.0,1.0,1.0,1.0,0.0,real,3,0.3701005025125628,0.3635678391959799,0.9741206030150754,0.4870603015075377,0.36531151359814146,0.3667496401606021
F001348,0.0223290993692601,0.7540201005025126,0.5833333333333334,0.2886751345948129,0.0,1.0,1.0,1.0,0.0,real,3,0.3701005025125628,0.7540201005025126,0.26030150753768844,0.13015075376884422,0.2332191106285195,0.704052675437489
F001349,0.0,0.3635678391959799,0.1388888888888888,0.2545875386086578,0.5,1.0,1.0,1.0,0.5,real,3,0.9587939698492463,0.3635678391959799,0.1771356783919598,0.0885678391959799,0.5643152950683064,0.41628573142092373
F001350,0.0,0.3635678391959799,0.3194444444444444,0.3757708127352411,0.0,1.0,1.0,1.0,0.0,real,3,0.3701005025125628,0.3635678391959799,0.3969849246231156,0.1984924623115578,0.2585124113027449,0.3648645236231408
F001351,0.0,0.3635678391959799,0.1388888888888888,0.2545875386086578,0.0,1.0,1.0,1.0,0.0,real,3,0.3701005025125628,0.3635678391959799,0.1771356783919598,0.0885678391959799,0.21782925304916542,0.3641464230701245
F001352,0.0,0.3635678391959799,0.5138888888888888,0.6787106512705898,0.5,1.0,1.0,1.0,0.5,real,3,0.9587939698492463,0.3635678391959799,0.828140703517588,0.414070351758794,0.8764051412843111,0.6100333324916037
F001353,0.0,0.3635678391959799,0.3611111111111111,0.2545875386086578,0.0,1.0,1.0,1.0,0.0,real,3,0.3701005025125628,0.3635678391959799,0.1771356783919598,0.0885678391959799,0.21782925304916542,0.3641464230701245
F001354,0.0,0.3635678391959799,0.0416666666666666,0.1443375672974064,0.25,1.0,1.0,1.0,0.25,real,3,0.8304020100502513,0.3635678391959799,0.06030150753768844,0.03015075376884422,0.4402382515593041,0.3776432413322896
F001355,0.0,0.3635678391959799,0.5277777777777778,0.8221471437193746,0.25,1.0,1.0,1.0,0.25,real,3,0.8304020100502513,0.3635678391959799,0.9208542713567839,0.46042713567839194,0.7975406239741422,0.578510959319209
F001356,0.1371617270419147,0.8188442211055277,0.6527777777777778,0.3367876570272817,0.25,1.0,1.0,1.0,0.25,real,3,0.8304020100502513,0.8188442211055277,0.3005025125628141,0.15025125628140704,0.5399699502537815,0.8205807934143078
F001357,0.3779915320718537,0.9329145728643216,0.8333333333333333,0.5773502691896258,0.0,1.0,1.0,1.0,0.0,real,3,0.3701005025125628,0.9329145728643216,0.7276381909547739,0.36381909547738694,0.3196998813161284,0.7281520668669982
F001358,0.0,0.3635678391959799,0.2777777777777778,0.5091750772173156,0.0,1.0,1.0,1.0,0.0,real,3,0.3701005025125628,0.3635678391959799,0.6321608040201006,0.3160804020100503,0.3020317668745739,0.36563268604328175
F001359,0.0,0.3635678391959799,0.4722222222222222,0.9179284245476838,0.0,1.0,1.0,1.0,0.0,real,3,0.3701005025125628,0.3635678391959799,0.9555276381909548,0.4777638190954774,0.36187088078583873,0.36668890937097554
F001360,0.0,0.3635678391959799,0.375,0.25,0.0,1.0,1.0,1.0,0.0,real,3,0.3701005025125628,0.3635678391959799,0.1349246231155779,0.06746231155778895,0.21001808666447816,0.36400854776394537
F001361,0.0,0.3635678391959799,0.1527777777777777,0.3367876570272816,0.0,1.0,1.0,1.0,0.0,real,3,0.3701005025125628,0.3635678391959799,0.2947236180904523,0.14736180904522614,0.23958893083507993,0.36453050428019496
F001362,0.0,0.3635678391959799,0.3611111111111111,0.2545875386086578,0.25,1.0,1.0,1.0,0.25,real,3,0.8304020100502513,0.3635678391959799,0.1771356783919598,0.0885678391959799,0.48874791671927476,0.4049143329713896
F001363,0.1706553760958049,0.8447236180904523,0.7777777777777777,0.769800358919501,0.5,1.0,1.0,1.0,0.5,real,3,0.9587939698492463,0.8447236180904523,0.9007537688442211,0.45037688442211055,0.9112156258680336,0.8960982677205122
F001364,0.0,0.3635678391959799,0.6388888888888888,0.7515416254704823,0.0,1.0,1.0,1.0,0.0,real,3,0.3701005025125628,0.3635678391959799,0.8728643216080402,0.4364321608040201,0.3465740132824929,0.3664189035630414
F001365,0.0,0.3635678391959799,0.125,0.25,0.0,1.0,1.0,1.0,0.0,real,3,0.3701005025125628,0.3635678391959799,0.1349246231155779,0.06746231155778895,0.21001808666447816,0.36400854776394537
F001366,0.0,0.3635678391959799,0.125,0.25,0.0,1.0,1.0,1.0,0.0,real,3,0.3701005025125628,0.3635678391959799,0.1349246231155779,0.06746231155778895,0.21001808666447816,0.36400854776394537
F001367,0.0,0.3635678391959799,0.1388888888888888,0.2545875386086578,0.0,1.0,1.0,1.0,0.0,real,3,0.3701005025125628,0.3635678391959799,0.1771356783919598,0.0885678391959799,0.21782925304916542,0.3641464230701245
F001368,0.0,0.3635678391959799,0.4444444444444444,0.5357583756107198,0.0,1.0,1.0,1.0,0.0,real,3,0.3701005025125628,0.3635678391959799,0.6912060301507538,0.3456030150753769,0.3129581008055352,0.36582554733466327
F001369,0.0,0.3635678391959799,0.4166666666666667,1.0408329997330663,0.0,1.0,1.0,1.0,0.0,real,3,0.3701005025125628,0.3635678391959799,0.9811557788944724,0.4905778894472362,0.366613374662256,0.3667726193782985
F001370,0.0,0.3635678391959799,0.375,0.25,0.0,1.0,1.0,1.0,0.0,real,3,0.3701005025125628,0.3635678391959799,0.1349246231155779,0.06746231155778895,0.21001808666447816,0.36400854776394537
F001371,0.3009680169468978,0.9133165829145728,0.7777777777777778,0.5091750772173156,0.5,1.0,1.0,1.0,0.5,real,3,0.9587939698492463,0.9133165829145728,0.6321608040201006,0.3160804020100503,0.7824529683593849,0.9276910936592511
F001372,0.0,0.3635678391959799,0.5416666666666666,0.3818813079129866,0.0,1.0,1.0,1.0,0.0,real,3,0.3701005025125628,0.3635678391959799,0.4236180904522613,0.21180904522613064,0.2634408853311785,0.3649515163758491
F001373,0.0,0.3635678391959799,0.1388888888888888,0.2545875386086578,0.0,1.0,1.0,1.0,0.0,real,3,0.3701005025125628,0.3635678391959799,0.1771356783919598,0.0885678391959799,0.21782925304916542,0.3641464230701245
F001374,0.0,0.3635678391959799,0.1944444444444444,0.3469443332443554,0.0,1.0,1.0,1.0,0.0,real,3,0.3701005025125628,0.3635678391959799,0.33341708542713566,0.16670854271356783,0.2467491666877099,0.3646568899775259
F001375,0.1504840084734488,0.8346733668341708,0.6388888888888888,0.2545875386086578,0.0,1.0,1.0,1.0,0.0,real,3,0.3701005025125628,0.8346733668341708,0.1771356783919598,0.0885678391959799,0.21782925304916542,0.7935271520921189
F001376,0.0,0.3635678391959799,0.25,0.5,0.0,1.0,1.0,1.0,0.0,real,3,0.3701005025125628,0.3635678391959799,0.5793969849246231,0.28969849246231155,0.29226780889371484,0.3654603419105578
F001377,0.0,0.3635678391959799,0.3333333333333333,0.5773502691896258,0.25,1.0,1.0,1.0,0.25,real,3,0.8304020100502513,0.3635678391959799,0.7276381909547739,0.36381909547738694,0.7173171132042121,0.5334110249741169
F001378,0.2224894150898172,0.8839195979899498,0.7916666666666667,0.7216878364870323,0.5,1.0,1.0,1.0,0.5,real,3,0.9587939698492463,0.8839195979899498,0.857286432160804,0.428643216080402,0.8903775157193,0.9160139895457186
F001379,0.0,0.3635678391959799,0.1111111111111111,0.3849001794597505,0.0,1.0,1.0,1.0,0.0,real,3,0.3701005025125628,0.3635678391959799,0.4492462311557789,0.22462311557788944,0.2681833792075958,0.3650352263831721
F001380,0.0,0.3635678391959799,0.1944444444444444,0.3469443332443554,0.0,1.0,1.0,1.0,0.0,real,3,0.3701005025125628,0.3635678391959799,0.33341708542713566,0.16670854271356783,0.2467491666877099,0.3646568899775259
F001381,0.0,0.3635678391959799,0.2916666666666666,0.5204164998665332,0.25,1.0,1.0,1.0,0.25,real,3,0.8304020100502513,0.3635678391959799,0.657035175879397,0.3285175879396985,0.6880026703871114,0.5169310749728542
F001382,0.0,0.3635678391959799,0.4861111111111111,0.4589642122738419,0.25,1.0,1.0,1.0,0.25,real,3,0.8304020100502513,0.3635678391959799,0.5329145728643216,0.2664572864321608,0.6364676712709275,0.4879592055756168
F001383,0.01116454968463,0.7346733668341708,0.5416666666666666,0.1443375672974064,0.0,1.0,1.0,1.0,0.0,real,3,0.3701005025125628,0.7346733668341708,0.06030150753768844,0.03015075376884422,0.1962090603772632,0.7236812201712077
F001384,0.0,0.3635678391959799,0.5972222222222222,0.393817968854384,0.0,1.0,1.0,1.0,0.0,real,3,0.3701005025125628,0.3635678391959799,0.48266331658291456,0.24133165829145728,0.27436721926213986,0.3651443776672306
F001385,0.0,0.3635678391959799,0.1111111111111111,0.3849001794597505,0.0,1.0,1.0,1.0,0.0,real,3,0.3701005025125628,0.3635678391959799,0.4492462311557789,0.22462311557788944,0.2681833792075958,0.3650352263831721
F001386,0.0,0.3635678391959799,0.3472222222222222,0.3367876570272817,0.0,1.0,1.0,1.0,0.0,real,3,0.3701005025125628,0.3635678391959799,0.3005025125628141,0.15025125628140704,0.240658316709174,0.36454938006615994
F001387,0.0,0.3635678391959799,0.4305555555555555,0.9871864246620478,0.0,1.0,1.0,1.0,0.0,real,3,0.3701005025125628,0.3635678391959799,0.9628140703517588,0.4814070351758794,0.36321923688795743,0.3667127092750183
F001388,0.0,0.3635678391959799,0.3194444444444444,0.3757708127352411,0.0,1.0,1.0,1.0,0.0,real,3,0.3701005025125628,0.3635678391959799,0.3969849246231156,0.1984924623115578,0.2585124113027449,0.3648645236231408
F001389,0.0,0.3635678391959799,0.2777777777777778,0.5091750772173156,0.0,1.0,1.0,1.0,0.0,real,3,0.3701005025125628,0.3635678391959799,0.6321608040201006,0.3160804020100503,0.3020317668745739,0.36563268604328175
F001390,0.0,0.3635678391959799,0.4583333333333333,0.1443375672974064,0.0,1.0,1.0,1.0,0.0,real,3,0.3701005025125628,0.3635678391959799,0.06030150753768844,0.03015075376884422,0.1962090603772632,0.36376480391909294
F001391,0.0,0.3635678391959799,0.3055555555555556,0.6735753140545634,0.5,1.0,1.0,1.0,0.5,real,3,0.9587939698492463,0.3635678391959799,0.8160804020100503,0.40804020100502514,0.8706234691043155,0.6064440291911821
F001392,0.0,0.3635678391959799,0.5555555555555556,0.5357583756107197,0.0,1.0,1.0,1.0,0.0,real,3,0.3701005025125628,0.3635678391959799,0.6798994974874372,0.3399497487437186,0.31086582409535113,0.36578861644907956
F001393,0.0,0.3635678391959799,0.5416666666666666,0.3818813079129866,0.5,1.0,1.0,1.0,0.5,real,3,0.9587939698492463,0.3635678391959799,0.4236180904522613,0.21180904522613064,0.6824782202469635,0.48964211762329235
F001394,0.0,0.3635678391959799,0.2777777777777778,0.5091750772173156,0.25,1.0,1.0,1.0,0.25,real,3,0.8304020100502513,0.3635678391959799,0.6321608040201006,0.3160804020100503,0.6776748061917629,0.5111249715916265
F001395,0.1504840084734488,0.8346733668341708,0.6388888888888888,0.2545875386086578,0.0,1.0,1.0,1.0,0.0,real,3,0.3701005025125628,0.8346733668341708,0.1771356783919598,0.0885678391959799,0.21782925304916542,0.7935271520921189
F001396,0.0,0.3635678391959799,0.3888888888888889,1.0715167512214396,0.25,1.0,1.0,1.0,0.25,real,3,0.8304020100502513,0.3635678391959799,0.9849246231155779,0.49246231155778897,0.8241426984167067,0.5934660740890382
F001397,0.5853276880479024,0.9761306532663316,0.8888888888888888,0.3849001794597506,0.0,1.0,1.0,1.0,0.0,real,3,0.3701005025125628,0.9761306532663316,0.45879396984924625,0.22939698492462313,0.26995019065175124,0.8371091639100022
F001398,0.0483797153000638,0.7836683417085427,0.6805555555555556,0.6254627916220946,0.5,1.0,1.0,1.0,0.5,real,3,0.9587939698492463,0.7836683417085427,0.7610552763819095,0.38052763819095475,0.8442445897830864,0.850308483371632
F001399,0.0,0.3635678391959799,0.2916666666666666,0.5204164998665332,0.0,1.0,1.0,1.0,0.0,real,3,0.3701005025125628,0.3635678391959799,0.657035175879397,0.3285175879396985,0.30663477563697883,0.3657139339915659
F001400,0.0,0.3635678391959799,0.3194444444444444,0.3757708127352411,0.0,1.0,1.0,1.0,0.0,real,3,0.3701005025125628,0.3635678391959799,0.3969849246231156,0.1984924623115578,0.2585124113027449,0.3648645236231408
F001401,0.0,0.3635678391959799,0.5555555555555556,0.5357583756107197,0.0,1.0,1.0,1.0,0.0,real,3,0.3701005025125628,0.3635678391959799,0.6798994974874372,0.3399497487437186,0.31086582409535113,0.36578861644907956
F001402,0.5334936490538904,0.9678391959798996,0.875,0.4330127018922193,0.0,1.0,1.0,1.0,0.0,real,3,0.3701005025125628,0.9678391959798996,0.5271356783919598,0.2635678391959799,0.28259684098886395,0.8102945001388855
F001403,0.0,0.3635678391959799,0.4166666666666667,0.7637626158259733,0.25,1.0,1.0,1.0,0.25,real,3,0.8304020100502513,0.3635678391959799,0.8902010050251257,0.44510050251256283,0.7848133569859347,0.5713559632332517
F001404,0.0521012318616071,0.7947236180904522,0.6944444444444444,0.6735753140545634,0.0,1.0,1.0,1.0,0.0,real,3,0.3701005025125628,0.7947236180904522,0.8160804020100503,0.40804020100502514,0.33606613469356833,0.6214603166586702
F001405,0.3779915320718537,0.9329145728643216,0.8333333333333333,0.5773502691896258,0.0,1.0,1.0,1.0,0.0,real,3,0.3701005025125628,0.9329145728643216,0.7276381909547739,0.36381909547738694,0.3196998813161284,0.7281520668669982
F001406,0.0,0.3635678391959799,0.4027777777777778,0.6364688465216445,0.0,1.0,1.0,1.0,0.0,real,3,0.3701005025125628,0.3635678391959799,0.7829145728643216,0.3914572864321608,0.3299287896770284,0.3661250978510644
F001407,0.0,0.3635678391959799,0.5972222222222222,0.8832285053102581,0.0,1.0,1.0,1.0,0.0,real,3,0.3701005025125628,0.3635678391959799,0.9422110552763819,0.47110552763819097,0.35940664377162196,0.36664541299462133
F001408,0.0,0.3635678391959799,0.3055555555555556,0.3469443332443555,0.25,1.0,1.0,1.0,0.25,real,3,0.8304020100502513,0.3635678391959799,0.37613065326633166,0.18806532663316583,0.5713708302820636,0.45136316002121163
F001409,0.0,0.3635678391959799,0.5277777777777778,0.4194352464039305,0.0,1.0,1.0,1.0,0.0,real,3,0.3701005025125628,0.3635678391959799,0.5165829145728643,0.25829145728643216,0.2806440493926921,0.3652551703239817
F001410,0.0,0.3635678391959799,0.4444444444444444,1.0183501544346312,0.0,1.0,1.0,1.0,0.0,real,3,0.3701005025125628,0.3635678391959799,0.9741206030150754,0.4870603015075377,0.36531151359814146,0.3667496401606021
F001411,0.0,0.3635678391959799,0.5416666666666666,0.3818813079129866,0.0,1.0,1.0,1.0,0.0,real,3,0.3701005025125628,0.3635678391959799,0.4236180904522613,0.21180904522613064,0.2634408853311785,0.3649515163758491
F001412,0.2224894150898172,0.8839195979899498,0.7916666666666667,0.7216878364870323,0.0,1.0,1.0,1.0,0.0,real,3,0.3701005025125628,0.8839195979899498,0.857286432160804,0.428643216080402,0.3436913209262392,0.6636745284209995
F001413,0.0,0.3635678391959799,0.4722222222222222,0.4194352464039305,0.0,1.0,1.0,1.0,0.0,real,3,0.3701005025125628,0.3635678391959799,0.5165829145728643,0.25829145728643216,0.2806440493926921,0.3652551703239817
F001414,0.7188194722444669,0.9934673366834172,0.902777777777778,0.1734721666221776,0.5,1.0,1.0,1.0,0.5,real,3,0.9587939698492463,0.9934673366834172,0.07839195979899498,0.03919597989949749,0.5169778540945936,0.9921082800939371
F001415,0.0,0.3635678391959799,0.1666666666666666,0.5773502691896258,0.25,1.0,1.0,1.0,0.25,real,3,0.8304020100502513,0.3635678391959799,0.7276381909547739,0.36381909547738694,0.7173171132042121,0.5334110249741169
F001416,0.3009680169468978,0.9133165829145728,0.7777777777777778,0.5091750772173156,0.0,1.0,1.0,1.0,0.0,real,3,0.3701005025125628,0.9133165829145728,0.6321608040201006,0.3160804020100503,0.3020317668745739,0.7416166258427818
F001417,0.0,0.3635678391959799,0.25,0.5,0.0,1.0,1.0,1.0,0.0,real,3,0.3701005025125628,0.3635678391959799,0.5793969849246231,0.28969849246231155,0.29226780889371484,0.3654603419105578
F001418,0.0,0.3635678391959799,0.2777777777777778,0.5091750772173156,0.0,1.0,1.0,1.0,0.0,real,3,0.3701005025125628,0.3635678391959799,0.6321608040201006,0.3160804020100503,0.3020317668745739,0.36563268604328175
F001419,0.0,0.3635678391959799,0.0555555555555555,0.1924500897298752,0.0,1.0,1.0,1.0,0.0,real,3,0.3701005025125628,0.3635678391959799,0.1,0.05,0.20355527638190957,0.363894472361809
F001420,0.0,0.3635678391959799,0.4027777777777778,0.6364688465216445,0.25,1.0,1.0,1.0,0.25,real,3,0.8304020100502513,0.3635678391959799,0.7829145728643216,0.3914572864321608,0.740267922527209,0.5463134769324007
F001421,0.0,0.3635678391959799,0.2638888888888888,0.4110735718596873,0.0,1.0,1.0,1.0,0.0,real,3,0.3701005025125628,0.3635678391959799,0.507035175879397,0.2535175879396985,0.27887723794853664,0.36522398424282215
F001422,0.0,0.3635678391959799,0.25,0.5,0.0,1.0,1.0,1.0,0.0,real,3,0.3701005025125628,0.3635678391959799,0.5793969849246231,0.28969849246231155,0.29226780889371484,0.3654603419105578
F001423,0.0,0.3635678391959799,0.25,0.5,0.25,1.0,1.0,1.0,0.25,real,3,0.8304020100502513,0.3635678391959799,0.5793969849246231,0.28969849246231155,0.6557672154743568,0.4988089947223555
F001424,0.0,0.3635678391959799,0.4166666666666667,0.2886751345948129,0.0,1.0,1.0,1.0,0.0,real,3,0.3701005025125628,0.3635678391959799,0.26030150753768844,0.13015075376884422,0.2332191106285195,0.36441807025075124
F001425,0.0,0.3635678391959799,0.125,0.25,0.0,1.0,1.0,1.0,0.0,real,3,0.3701005025125628,0.3635678391959799,0.1349246231155779,0.06746231155778895,0.21001808666447816,0.36400854776394537
F001426,0.0,0.3635678391959799,0.2222222222222222,0.5091750772173156,0.0,1.0,1.0,1.0,0.0,real,3,0.3701005025125628,0.3635678391959799,0.6321608040201006,0.3160804020100503,0.3020317668745739,0.36563268604328175
F001427,0.0,0.3635678391959799,0.25,0.5,0.0,1.0,1.0,1.0,0.0,real,3,0.3701005025125628,0.3635678391959799,0.5793969849246231,0.28969849246231155,0.29226780889371484,0.3654603419105578
F001428,0.0,0.3635678391959799,0.3055555555555556,0.6735753140545634,0.0,1.0,1.0,1.0,0.0,real,3,0.3701005025125628,0.3635678391959799,0.8160804020100503,0.40804020100502514,0.33606613469356833,0.36623342844877654
F001429,0.0,0.3635678391959799,0.0416666666666666,0.1443375672974064,0.25,1.0,1.0,1.0,0.25,real,3,0.8304020100502513,0.3635678391959799,0.06030150753768844,0.03015075376884422,0.4402382515593041,0.3776432413322896
F001430,0.0,0.3635678391959799,0.375,0.25,0.0,1.0,1.0,1.0,0.0,real,3,0.3701005025125628,0.3635678391959799,0.1349246231155779,0.06746231155778895,0.21001808666447816,0.36400854776394537
F001431,0.0,0.3635678391959799,0.625,0.6614378277661477,0.75,1.0,1.0,1.0,0.75,real,3,0.9987437185929648,0.3635678391959799,0.8,0.4,0.8988693467336684,0.6176381909547739
F001432,0.0,0.3635678391959799,0.4166666666666667,0.7637626158259733,0.0,1.0,1.0,1.0,0.0,real,3,0.3701005025125628,0.3635678391959799,0.8902010050251257,0.44510050251256283,0.34978217090477515,0.3664755309209363
F001433,0.0446581987385203,0.7701005025125628,0.6666666666666666,0.5773502691896258,0.0,1.0,1.0,1.0,0.0,real,3,0.3701005025125628,0.7701005025125628,0.7276381909547739,0.36381909547738694,0.3196998813161284,0.624572864321608
F001434,0.0,0.3635678391959799,0.1388888888888888,0.2545875386086578,0.0,1.0,1.0,1.0,0.0,real,3,0.3701005025125628,0.3635678391959799,0.1771356783919598,0.0885678391959799,0.21782925304916542,0.3641464230701245
F001435,0.0,0.3635678391959799,0.1944444444444444,0.3469443332443554,0.25,1.0,1.0,1.0,0.25,real,3,0.8304020100502513,0.3635678391959799,0.33341708542713566,0.16670854271356783,0.5536361139870205,0.4413930835079922
F001436,0.0,0.3635678391959799,0.5972222222222222,0.393817968854384,0.0,1.0,1.0,1.0,0.0,real,3,0.3701005025125628,0.3635678391959799,0.48266331658291456,0.24133165829145728,0.27436721926213986,0.3651443776672306
F001437,0.0,0.3635678391959799,0.4861111111111111,0.2926570486903539,0.5,1.0,1.0,1.0,0.5,real,3,0.9587939698492463,0.3635678391959799,0.2904522613065327,0.14522613065326634,0.6186389232595136,0.45001022701446936
F001438,0.4376389444889332,0.951005025125628,0.8055555555555556,0.3469443332443555,0.0,1.0,1.0,1.0,0.0,real,3,0.3701005025125628,0.951005025125628,0.37613065326633166,0.18806532663316583,0.25465332314840533,0.8417570263377187
F001439,0.0,0.3635678391959799,0.0972222222222221,0.1734721666221776,0.0,1.0,1.0,1.0,0.0,real,3,0.3701005025125628,0.3635678391959799,0.07839195979899498,0.03919597989949749,0.19955670311355775,0.3638238933360269
F001440,0.0,0.3635678391959799,0.5972222222222222,0.393817968854384,0.0,1.0,1.0,1.0,0.0,real,3,0.3701005025125628,0.3635678391959799,0.48266331658291456,0.24133165829145728,0.27436721926213986,0.3651443776672306
F001441,0.01116454968463,0.7346733668341708,0.5416666666666666,0.1443375672974064,0.25,1.0,1.0,1.0,0.25,real,3,0.8304020100502513,0.7346733668341708,0.06030150753768844,0.03015075376884422,0.4402382515593041,0.7375596575844043
F001442,0.0,0.3635678391959799,0.375,1.0897247358851685,0.25,1.0,1.0,1.0,0.25,real,3,0.8304020100502513,0.3635678391959799,0.9899497487437185,0.4949748743718593,0.8262291356278881,0.5946390242670639
F001443,0.0,0.3635678391959799,0.375,1.0897247358851685,0.0,1.0,1.0,1.0,0.0,real,3,0.3701005025125628,0.3635678391959799,0.9899497487437185,0.4949748743718593,0.3682407009923992,0.3668013434004192
F001444,0.0,0.3635678391959799,0.5277777777777778,0.8221471437193746,0.25,1.0,1.0,1.0,0.25,real,3,0.8304020100502513,0.3635678391959799,0.9208542713567839,0.46042713567839194,0.7975406239741422,0.578510959319209
F001445,0.0,0.3635678391959799,0.1388888888888888,0.2545875386086578,0.0,1.0,1.0,1.0,0.0,real,3,0.3701005025125628,0.3635678391959799,0.1771356783919598,0.0885678391959799,0.21782925304916542,0.3641464230701245
F001446,0.0,0.3635678391959799,0.4305555555555555,0.4738533919231106,0.0,1.0,1.0,1.0,0.0,real,3,0.3701005025125628,0.3635678391959799,0.535427135678392,0.267713567839196,0.2841311772429989,0.36531672179995456
F001447,0.0,0.3635678391959799,0.375,1.0897247358851685,0.5,1.0,1.0,1.0,0.5,real,3,0.9587939698492463,0.3635678391959799,0.9899497487437185,0.4949748743718593,0.9539759096992501,0.6581898184389283
F001448,0.1077083611333555,0.8103015075376885,0.5972222222222222,0.1734721666221776,0.0,1.0,1.0,1.0,0.0,real,3,0.3701005025125628,0.8103015075376885,0.07839195979899498,0.03919597989949749,0.19955670311355775,0.7930473977929849
F001449,0.0,0.3635678391959799,0.2222222222222222,0.0962250448649376,0.0,1.0,1.0,1.0,0.0,real,3,0.3701005025125628,0.3635678391959799,0.021105527638190954,0.010552763819095477,0.18895583444862502,0.3636367768490695
F001450,0.0,0.3635678391959799,0.1944444444444444,0.3469443332443554,0.0,1.0,1.0,1.0,0.0,real,3,0.3701005025125628,0.3635678391959799,0.33341708542713566,0.16670854271356783,0.2467491666877099,0.3646568899775259
F001451,0.0,0.3635678391959799,0.2916666666666666,0.3818813079129867,0.0,1.0,1.0,1.0,0.0,real,3,0.3701005025125628,0.3635678391959799,0.4402010050251256,0.2201005025125628,0.2665095578394485,0.36500568167470515
F001452,0.0,0.3635678391959799,0.4166666666666667,0.2886751345948129,0.0,1.0,1.0,1.0,0.0,real,3,0.3701005025125628,0.3635678391959799,0.26030150753768844,0.13015075376884422,0.2332191106285195,0.36441807025075124
F001453,0.0,0.3635678391959799,0.4027777777777778,0.6364688465216445,0.0,1.0,1.0,1.0,0.0,real,3,0.3701005025125628,0.3635678391959799,0.7829145728643216,0.3914572864321608,0.3299287896770284,0.3661250978510644
F001454,0.0,0.3635678391959799,0.1944444444444444,0.3469443332443554,0.0,1.0,1.0,1.0,0.0,real,3,0.3701005025125628,0.3635678391959799,0.33341708542713566,0.16670854271356783,0.2467491666877099,0.3646568899775259
F001455,0.25,0.8977386934673367,0.75,0.5,0.5,1.0,1.0,1.0,0.5,real,3,0.9587939698492463,0.8977386934673367,0.5793969849246231,0.28969849246231155,0.7571581525719048,0.9154263149920456
F001456,0.0,0.3635678391959799,0.2083333333333333,0.3818813079129866,0.25,1.0,1.0,1.0,0.25,real,3,0.8304020100502513,0.3635678391959799,0.4236180904522613,0.21180904522613064,0.5910876619277291,0.46244753920355547
F001457,0.3779915320718537,0.9329145728643216,0.8333333333333333,0.5773502691896258,0.0,1.0,1.0,1.0,0.0,real,3,0.3701005025125628,0.9329145728643216,0.7276381909547739,0.36381909547738694,0.3196998813161284,0.7281520668669982
F001458,0.0,0.3635678391959799,0.4583333333333333,0.6291528696058959,0.0,1.0,1.0,1.0,0.0,real,3,0.3701005025125628,0.3635678391959799,0.7713567839195979,0.38567839195979897,0.3277900179288402,0.36608734627913436
F001459,0.3779915320718537,0.9329145728643216,0.8333333333333333,0.5773502691896258,0.25,1.0,1.0,1.0,0.25,real,3,0.8304020100502513,0.9329145728643216,0.7276381909547739,0.36381909547738694,0.7173171132042121,0.8956185449862376
F001460,0.0,0.3635678391959799,0.2222222222222222,0.5091750772173156,0.0,1.0,1.0,1.0,0.0,real,3,0.3701005025125628,0.3635678391959799,0.6321608040201006,0.3160804020100503,0.3020317668745739,0.36563268604328175
F001461,0.0446581987385203,0.7701005025125628,0.6666666666666666,0.5773502691896258,0.0,1.0,1.0,1.0,0.0,real,3,0.3701005025125628,0.7701005025125628,0.7276381909547739,0.36381909547738694,0.3196998813161284,0.624572864321608
F001462,0.0,0.3635678391959799,0.2638888888888888,0.2097176232019653,0.25,1.0,1.0,1.0,0.25,real,3,0.8304020100502513,0.3635678391959799,0.12688442211055276,0.06344221105527638,0.4678835446074594,0.3931848311911315
F001463,0.5853276880479024,0.9761306532663316,0.8888888888888888,0.3849001794597506,0.25,1.0,1.0,1.0,0.25,real,3,0.8304020100502513,0.9761306532663316,0.45879396984924625,0.22939698492462313,0.6056927224059999,0.9427009418954067
F001464,0.7926638440239513,0.9952261306532664,0.9444444444444444,0.1924500897298752,0.0,1.0,1.0,1.0,0.0,real,3,0.3701005025125628,0.9952261306532664,0.1,0.05,0.20355527638190957,0.9639698492462312
F001465,0.0,0.3635678391959799,0.2083333333333333,0.5204164998665333,0.0,1.0,1.0,1.0,0.0,real,3,0.3701005025125628,0.3635678391959799,0.6665829145728643,0.33329145728643217,0.3084015870811343,0.3657451200727254
F001466,0.0,0.3635678391959799,0.1944444444444444,0.3469443332443554,0.0,1.0,1.0,1.0,0.0,real,3,0.3701005025125628,0.3635678391959799,0.33341708542713566,0.16670854271356783,0.2467491666877099,0.3646568899775259
F001467,0.0,0.3635678391959799,0.2361111111111111,0.2097176232019652,0.0,1.0,1.0,1.0,0.0,real,3,0.3701005025125628,0.3635678391959799,0.11708542713567839,0.058542713567839195,0.20671693896618776,0.36395027903335775
F001468,0.0,0.3635678391959799,0.4166666666666667,0.2886751345948129,0.0,1.0,1.0,1.0,0.0,real,3,0.3701005025125628,0.3635678391959799,0.26030150753768844,0.13015075376884422,0.2332191106285195,0.36441807025075124
F001469,0.3009680169468978,0.9133165829145728,0.7777777777777778,0.5091750772173156,0.0,1.0,1.0,1.0,0.0,real,3,0.3701005025125628,0.9133165829145728,0.6321608040201006,0.3160804020100503,0.3020317668745739,0.7416166258427818
F001470,0.0,0.3635678391959799,0.5555555555555556,0.5357583756107197,0.0,1.0,1.0,1.0,0.0,real,3,0.3701005025125628,0.3635678391959799,0.6798994974874372,0.3399497487437186,0.31086582409535113,0.36578861644907956
F001471,0.1504840084734488,0.8346733668341708,0.6388888888888888,0.2545875386086578,0.25,1.0,1.0,1.0,0.25,real,3,0.8304020100502513,0.8346733668341708,0.1771356783919598,0.0885678391959799,0.48874791671927476,0.834295061993384
F001472,0.0,0.3635678391959799,0.5416666666666666,0.6291528696058959,0.0,1.0,1.0,1.0,0.0,real,3,0.3701005025125628,0.3635678391959799,0.7713567839195979,0.38567839195979897,0.3277900179288402,0.36608734627913436
F001473,0.0,0.3635678391959799,0.5138888888888888,0.2926570486903538,0.0,1.0,1.0,1.0,0.0,real,3,0.3701005025125628,0.3635678391959799,0.2829145728643216,0.1414572864321608,0.23740366404888766,0.36449193202191865
F001474,0.0,0.3635678391959799,0.3472222222222222,0.6988747569671736,0.0,1.0,1.0,1.0,0.0,real,3,0.3701005025125628,0.3635678391959799,0.8437185929648241,0.42185929648241205,0.34118058887401836,0.36632370394687
F001475,0.5334936490538904,0.9678391959798996,0.875,0.4330127018922193,0.25,1.0,1.0,1.0,0.25,real,3,0.8304020100502513,0.9678391959798996,0.5271356783919598,0.2635678391959799,0.6340682684780687,0.9316151738592461
F001476,0.1898569058357866,0.864321608040201,0.7222222222222222,0.5091750772173156,0.5,1.0,1.0,1.0,0.5,real,3,0.9587939698492463,0.864321608040201,0.6321608040201006,0.3160804020100503,0.7824529683593849,0.8941824701396428
F001477,0.0,0.3635678391959799,0.1805555555555555,0.1272937693043289,0.0,1.0,1.0,1.0,0.0,real,3,0.3701005025125628,0.3635678391959799,0.03869346733668342,0.01934673366834171,0.1922104871089114,0.36369422489331077
F001478,0.0219364186574703,0.7472361809045226,0.6527777777777778,0.5672382737961704,0.25,1.0,1.0,1.0,0.25,real,3,0.8304020100502513,0.7472361809045226,0.7017587939698492,0.3508793969849246,0.7065719615666272,0.7764173568849271
F001479,0.0,0.3635678391959799,0.2777777777777778,0.0962250448649376,0.25,1.0,1.0,1.0,0.25,real,3,0.8304020100502513,0.3635678391959799,0.021105527638190954,0.010552763819095477,0.42396404131208804,0.3684942299436883
F001480,0.0446581987385203,0.7701005025125628,0.6666666666666666,0.5773502691896258,0.0,1.0,1.0,1.0,0.0,real,3,0.3701005025125628,0.7701005025125628,0.7276381909547739,0.36381909547738694,0.3196998813161284,0.624572864321608
F001481,0.0,0.3635678391959799,0.1805555555555555,0.3757708127352412,0.5,1.0,0.5,0.5,0.5,real,3,0.9587939698492463,0.3635678391959799,0.40804020100502514,0.10201005025125628,0.3375051135072347,0.42428688669478043
F001482,0.0,0.3635678391959799,0.3333333333333333,1.1547005383792517,0.0,1.0,1.0,1.0,0.0,real,3,0.3701005025125628,0.3635678391959799,0.9967336683417085,0.49836683417085426,0.3694960670185096,0.3668235019317694
F001483,0.0,0.3635678391959799,0.2777777777777778,0.5091750772173156,0.0,1.0,1.0,1.0,0.0,real,3,0.3701005025125628,0.3635678391959799,0.6321608040201006,0.3160804020100503,0.3020317668745739,0.36563268604328175
F001484,0.1485783278408043,0.8238693467336683,0.7361111111111112,0.6472877887628358,0.5,1.0,0.5,0.5,0.5,real,3,0.9587939698492463,0.8238693467336683,0.7924623115577889,0.19811557788944723,0.42965051387591224,0.850600016413727
F001485,0.3779915320718537,0.9329145728643216,0.8333333333333333,0.5773502691896258,0.25,1.0,1.0,1.0,0.25,real,3,0.8304020100502513,0.9329145728643216,0.7276381909547739,0.36381909547738694,0.7173171132042121,0.8956185449862376
F001486,0.0,0.3635678391959799,0.6111111111111112,0.6309898162000305,0.0,1.0,1.0,1.0,0.0,real,3,0.3701005025125628,0.3635678391959799,0.7751256281407035,0.38756281407035176,0.3284874434989016,0.36609965657432897
F001487,0.0,0.3635678391959799,0.5277777777777778,0.5853140973807078,0.0,1.0,1.0,1.0,0.0,real,3,0.3701005025125628,0.3635678391959799,0.750251256281407,0.3751256281407035,0.32388443473649653,0.36601840862604484
F001488,0.1504840084734488,0.8346733668341708,0.6388888888888888,0.2545875386086578,0.0,1.0,1.0,1.0,0.0,real,3,0.3701005025125628,0.8346733668341708,0.1771356783919598,0.0885678391959799,0.21782925304916542,0.7935271520921189
F001489,0.0,0.3635678391959799,0.4722222222222222,0.8221471437193746,0.5,1.0,1.0,1.0,0.5,real,3,0.9587939698492463,0.3635678391959799,0.9208542713567839,0.46042713567839194,0.9208517461680261,0.6376261016135956
F001490,0.0,0.3635678391959799,0.625,0.6614378277661477,0.25,1.0,1.0,1.0,0.25,real,3,0.8304020100502513,0.3635678391959799,0.8,0.4,0.7473618090452262,0.5503015075376885
F001491,0.0446581987385203,0.7701005025125628,0.6666666666666666,0.5773502691896258,0.25,1.0,1.0,1.0,0.25,real,3,0.8304020100502513,0.7701005025125628,0.7276381909547739,0.36381909547738694,0.7173171132042121,0.7920393424408474
F001492,0.0,0.3635678391959799,0.2222222222222222,0.0962250448649376,0.0,1.0,1.0,1.0,0.0,real,3,0.3701005025125628,0.3635678391959799,0.021105527638190954,0.010552763819095477,0.18895583444862502,0.3636367768490695
F001493,0.0,0.3635678391959799,0.3611111111111111,0.7515416254704823,0.0,1.0,1.0,1.0,0.0,real,3,0.3701005025125628,0.3635678391959799,0.8728643216080402,0.4364321608040201,0.3465740132824929,0.3664189035630414
F001494,0.0,0.3635678391959799,0.2361111111111111,0.2097176232019652,0.0,1.0,1.0,1.0,0.0,real,3,0.3701005025125628,0.3635678391959799,0.11708542713567839,0.058542713567839195,0.20671693896618776,0.36395027903335775
F001495,0.0,0.3635678391959799,0.7083333333333334,1.0103629710818451,0.0,1.0,1.0,1.0,0.0,real,3,0.3701005025125628,0.3635678391959799,0.9685929648241206,0.4842964824120603,0.3642886227620515,0.3667315850609833
F001496,0.0,0.3635678391959799,0.3472222222222222,0.5672382737961704,0.0,1.0,1.0,1.0,0.0,real,3,0.3701005025125628,0.3635678391959799,0.7017587939698492,0.3508793969849246,0.31491089240170705,0.365860016161208
F001497,0.0,0.3635678391959799,0.3611111111111111,0.7515416254704823,0.0,1.0,1.0,1.0,0.0,real,3,0.3701005025125628,0.3635678391959799,0.8728643216080402,0.4364321608040201,0.3465740132824929,0.3664189035630414
F001498,0.0,0.3635678391959799,0.1666666666666666,0.2886751345948128,0.5,1.0,1.0,1.0,0.5,real,3,0.9587939698492463,0.3635678391959799,0.228391959798995,0.1141959798994975,0.588887401833287,0.4315402704477159
F001499,0.0,0.3635678391959799,0.3472222222222222,0.6988747569671736,0.25,1.0,1.0,1.0,0.25,real,3,0.8304020100502513,0.3635678391959799,0.8437185929648241,0.42185929648241205,0.7655138127825055,0.5605061740865129
F001500,0.0,0.3635678391959799,0.4861111111111111,0.4589642122738419,0.25,1.0,1.0,1.0,0.25,real,3,0.8304020100502513,0.3635678391959799,0.5329145728643216,0.2664572864321608,0.6364676712709275,0.4879592055756168
F001501,0.0,0.3635678391959799,0.25,0.8660254037844386,0.0,1.0,1.0,1.0,0.0,real,3,0.3701005025125628,0.3635678391959799,0.9349246231155779,0.46746231155778895,0.3580582876695033,0.3666216130905785
F001502,0.0,0.3635678391959799,0.3611111111111111,0.7515416254704823,0.0,1.0,1.0,1.0,0.0,real,3,0.3701005025125628,0.3635678391959799,0.8728643216080402,0.4364321608040201,0.3465740132824929,0.3664189035630414
F001503,0.0,0.3635678391959799,0.1944444444444444,0.3469443332443554,0.0,1.0,1.0,1.0,0.0,real,3,0.3701005025125628,0.3635678391959799,0.33341708542713566,0.16670854271356783,0.2467491666877099,0.3646568899775259
F001504,0.0,0.3635678391959799,0.4444444444444444,0.5357583756107198,0.0,1.0,1.0,1.0,0.0,real,3,0.3701005025125628,0.3635678391959799,0.6912060301507538,0.3456030150753769,0.3129581008055352,0.36582554733466327
F001505,0.0446581987385203,0.7701005025125628,0.6666666666666666,0.5773502691896258,0.0,1.0,1.0,1.0,0.0,real,3,0.3701005025125628,0.7701005025125628,0.7276381909547739,0.36381909547738694,0.3196998813161284,0.624572864321608
F001506,0.1504840084734488,0.8346733668341708,0.6388888888888888,0.2545875386086578,0.25,1.0,1.0,1.0,0.25,real,3,0.8304020100502513,0.8346733668341708,0.1771356783919598,0.0885678391959799,0.48874791671927476,0.834295061993384
F001507,0.0,0.3635678391959799,0.1388888888888888,0.2545875386086578,0.0,1.0,1.0,1.0,0.0,real,3,0.3701005025125628,0.3635678391959799,0.1771356783919598,0.0885678391959799,0.21782925304916542,0.3641464230701245
F001508,0.1485783278408043,0.8238693467336683,0.7361111111111112,0.6472877887628358,0.25,1.0,1.0,1.0,0.25,real,3,0.8304020100502513,0.8238693467336683,0.7924623115577889,0.39623115577889445,0.7442321532284538,0.8264577914699123
F001509,0.0,0.3635678391959799,0.1944444444444444,0.3469443332443554,0.0,1.0,1.0,1.0,0.0,real,3,0.3701005025125628,0.3635678391959799,0.33341708542713566,0.16670854271356783,0.2467491666877099,0.3646568899775259
F001510,0.0,0.3635678391959799,0.4722222222222222,0.9179284245476838,0.25,1.0,1.0,1.0,0.25,real,3,0.8304020100502513,0.3635678391959799,0.9555276381909548,0.4777638190954774,0.8119370407312947,0.5866043155475872
F001511,0.0,0.3635678391959799,0.6111111111111112,0.693888666488711,0.0,1.0,1.0,1.0,0.0,real,3,0.3701005025125628,0.3635678391959799,0.8351758793969849,0.41758793969849245,0.33959975758187927,0.3662958006110957
F001512,0.0,0.3635678391959799,0.2638888888888888,0.2097176232019653,0.0,1.0,1.0,1.0,0.0,real,3,0.3701005025125628,0.3635678391959799,0.12688442211055276,0.06344221105527638,0.20853024544834725,0.3639822858008636
F001513,0.0,0.3635678391959799,0.1944444444444444,0.3469443332443554,0.25,1.0,1.0,1.0,0.25,real,3,0.8304020100502513,0.3635678391959799,0.33341708542713566,0.16670854271356783,0.5536361139870205,0.4413930835079922
F001514,0.0,0.3635678391959799,0.2638888888888888,0.7087417123429485,0.0,1.0,1.0,1.0,0.0,real,3,0.3701005025125628,0.3635678391959799,0.8482412060301507,0.42412060301507537,0.34201749955809196,0.3663384763011035
F001515,0.0,0.3635678391959799,0.1944444444444444,0.3469443332443554,0.0,1.0,1.0,1.0,0.0,real,3,0.3701005025125628,0.3635678391959799,0.33341708542713566,0.16670854271356783,0.2467491666877099,0.3646568899775259
F001516,0.0,0.3635678391959799,0.5416666666666666,0.3818813079129866,0.25,1.0,1.0,1.0,0.25,real,3,0.8304020100502513,0.3635678391959799,0.4236180904522613,0.21180904522613064,0.5910876619277291,0.46244753920355547
F001517,0.1889957660359268,0.8522613065326633,0.6666666666666666,0.2886751345948129,0.0,1.0,1.0,1.0,0.0,real,3,0.3701005025125628,0.8522613065326633,0.26030150753768844,0.13015075376884422,0.2332191106285195,0.7895077144516552
F001518,0.0,0.3635678391959799,0.4166666666666667,0.2886751345948129,0.0,1.0,1.0,1.0,0.0,real,3,0.3701005025125628,0.3635678391959799,0.26030150753768844,0.13015075376884422,0.2332191106285195,0.36441807025075124
F001519,0.0,0.3635678391959799,0.1944444444444444,0.3469443332443554,0.25,1.0,1.0,1.0,0.25,real,3,0.8304020100502513,0.3635678391959799,0.33341708542713566,0.16670854271356783,0.5536361139870205,0.4413930835079922
F001520,0.01116454968463,0.7346733668341708,0.5416666666666666,0.1443375672974064,0.0,1.0,1.0,1.0,0.0,real,3,0.3701005025125628,0.7346733668341708,0.06030150753768844,0.03015075376884422,0.1962090603772632,0.7236812201712077
F001521,0.25,0.8977386934673367,0.75,0.5,0.25,1.0,1.0,1.0,0.25,real,3,0.8304020100502513,0.8977386934673367,0.5793969849246231,0.28969849246231155,0.6557672154743568,0.8782313577939951
F001522,0.0,0.3635678391959799,0.4027777777777778,0.7561476438231223,0.25,1.0,1.0,1.0,0.25,real,3,0.8304020100502513,0.3635678391959799,0.8826633165829145,0.44133165829145726,0.7816837011691624,0.569596537966213
F001523,0.0,0.3635678391959799,0.0833333333333333,0.2886751345948128,0.0,1.0,1.0,1.0,0.0,real,3,0.3701005025125628,0.3635678391959799,0.228391959798995,0.1141959798994975,0.22731424080199994,0.36431384308477055
F001524,0.0,0.3635678391959799,0.25,0.5,0.0,1.0,1.0,1.0,0.0,real,3,0.3701005025125628,0.3635678391959799,0.5793969849246231,0.28969849246231155,0.29226780889371484,0.3654603419105578
F001525,0.0,0.3635678391959799,0.5555555555555556,1.0183501544346312,0.0,1.0,1.0,1.0,0.0,real,3,0.3701005025125628,0.3635678391959799,0.9741206030150754,0.4870603015075377,0.36531151359814146,0.3667496401606021
F001526,0.0,0.3635678391959799,0.25,0.5,0.0,1.0,1.0,1.0,0.0,real,3,0.3701005025125628,0.3635678391959799,0.5793969849246231,0.28969849246231155,0.29226780889371484,0.3654603419105578
F001527,0.0,0.3635678391959799,0.25,0.5,0.0,1.0,1.0,1.0,0.0,real,3,0.3701005025125628,0.3635678391959799,0.5793969849246231,0.28969849246231155,0.29226780889371484,0.3654603419105578
F001528,0.3231250834000667,0.9236180904522612,0.7916666666666667,0.5204164998665333,0.0,1.0,1.0,1.0,0.0,real,3,0.3701005025125628,0.9236180904522612,0.6665829145728643,0.33329145728643217,0.3084015870811343,0.7391354069341682
F001529,0.0,0.3635678391959799,0.125,0.25,0.0,1.0,1.0,1.0,0.0,real,3,0.3701005025125628,0.3635678391959799,0.1349246231155779,0.06746231155778895,0.21001808666447816,0.36400854776394537
F001530,0.0,0.3635678391959799,0.0555555555555555,0.1924500897298752,0.0,1.0,1.0,1.0,0.0,real,3,0.3701005025125628,0.3635678391959799,0.1,0.05,0.20355527638190957,0.363894472361809
F001531,0.0,0.3635678391959799,0.1527777777777777,0.3367876570272816,0.25,1.0,1.0,1.0,0.25,real,3,0.8304020100502513,0.3635678391959799,0.2947236180904523,0.14736180904522614,0.5375705474609227,0.43236136713719353
F001532,0.0,0.3635678391959799,0.3333333333333333,0.2886751345948129,0.0,1.0,1.0,1.0,0.0,real,3,0.3701005025125628,0.3635678391959799,0.26030150753768844,0.13015075376884422,0.2332191106285195,0.36441807025075124
F001533,0.0,0.3635678391959799,0.5138888888888888,0.2926570486903538,0.0,1.0,1.0,1.0,0.0,real,3,0.3701005025125628,0.3635678391959799,0.2829145728643216,0.1414572864321608,0.23740366404888766,0.36449193202191865
F001534,0.0,0.3635678391959799,0.3888888888888889,0.6309898162000305,0.5,1.0,1.0,1.0,0.5,real,3,0.9587939698492463,0.3635678391959799,0.7751256281407035,0.38756281407035176,0.850989873993081,0.5942553534001667
F001535,0.0,0.3635678391959799,0.5138888888888888,0.2926570486903538,0.0,1.0,1.0,1.0,0.0,real,3,0.3701005025125628,0.3635678391959799,0.2829145728643216,0.1414572864321608,0.23740366404888766,0.36449193202191865
F001536,0.0483797153000638,0.7836683417085427,0.6805555555555556,0.6254627916220946,0.0,1.0,1.0,1.0,0.0,real,3,0.3701005025125628,0.7836683417085427,0.7610552763819095,0.38052763819095475,0.32588372137067245,0.6262943486275598
F001537,0.0,0.3635678391959799,0.2777777777777778,0.5091750772173156,0.0,1.0,1.0,1.0,0.0,real,3,0.3701005025125628,0.3635678391959799,0.6321608040201006,0.3160804020100503,0.3020317668745739,0.36563268604328175
F001538,0.0,0.3635678391959799,0.5277777777777778,0.8221471437193746,0.0,1.0,1.0,1.0,0.0,real,3,0.3701005025125628,0.3635678391959799,0.9208542713567839,0.46042713567839194,0.35545456554127425,0.3665756546551855
F001539,0.0,0.3635678391959799,0.3194444444444444,0.1272937693043289,0.0,1.0,1.0,1.0,0.0,real,3,0.3701005025125628,0.3635678391959799,0.03869346733668342,0.01934673366834171,0.1922104871089114,0.36369422489331077
F001540,0.0,0.3635678391959799,0.3888888888888889,0.4811252243246881,0.0,1.0,1.0,1.0,0.0,real,3,0.3701005025125628,0.3635678391959799,0.5391959798994975,0.26959798994974876,0.28482860281306027,0.36532903209514916
F001541,0.0,0.3635678391959799,0.4027777777777778,0.6364688465216445,0.0,1.0,1.0,1.0,0.0,real,3,0.3701005025125628,0.3635678391959799,0.7829145728643216,0.3914572864321608,0.3299287896770284,0.3661250978510644
F001542,0.0,0.3635678391959799,0.1388888888888888,0.2545875386086578,0.0,1.0,1.0,1.0,0.0,real,3,0.3701005025125628,0.3635678391959799,0.1771356783919598,0.0885678391959799,0.21782925304916542,0.3641464230701245
F001543,0.3222409918479341,0.9193467336683416,0.7638888888888888,0.4110735718596873,0.5,1.0,1.0,1.0,0.5,real,3,0.9587939698492463,0.9193467336683416,0.507035175879397,0.2535175879396985,0.722468119491932,0.9293473018358122
F001544,0.0,0.3635678391959799,0.5972222222222222,0.393817968854384,0.0,1.0,1.0,1.0,0.0,real,3,0.3701005025125628,0.3635678391959799,0.48266331658291456,0.24133165829145728,0.27436721926213986,0.3651443776672306
F001545,0.0,0.3635678391959799,0.5138888888888888,0.2926570486903538,0.0,1.0,1.0,1.0,0.0,real,3,0.3701005025125628,0.3635678391959799,0.2829145728643216,0.1414572864321608,0.23740366404888766,0.36449193202191865
F001546,0.0,0.3635678391959799,0.5555555555555556,0.5357583756107197,0.0,1.0,1.0,1.0,0.0,real,3,0.3701005025125628,0.3635678391959799,0.6798994974874372,0.3399497487437186,0.31086582409535113,0.36578861644907956
F001547,0.0,0.3635678391959799,0.2777777777777778,0.5091750772173156,0.0,1.0,1.0,1.0,0.0,real,3,0.3701005025125628,0.3635678391959799,0.6321608040201006,0.3160804020100503,0.3020317668745739,0.36563268604328175
F001548,0.0,0.3635678391959799,0.2083333333333333,0.5204164998665333,0.0,1.0,1.0,1.0,0.0,real,3,0.3701005025125628,0.3635678391959799,0.6665829145728643,0.33329145728643217,0.3084015870811343,0.3657451200727254
F001549,0.0,0.3635678391959799,0.25,0.5,0.0,1.0,1.0,1.0,0.0,real,3,0.3701005025125628,0.3635678391959799,0.5793969849246231,0.28969849246231155,0.29226780889371484,0.3654603419105578
F001550,0.1504840084734488,0.8346733668341708,0.6388888888888888,0.2545875386086578,0.0,1.0,1.0,1.0,0.0,real,3,0.3701005025125628,0.8346733668341708,0.1771356783919598,0.0885678391959799,0.21782925304916542,0.7935271520921189
F001551,0.0,0.3635678391959799,0.5277777777777778,0.8221471437193746,0.0,1.0,1.0,1.0,0.0,real,3,0.3701005025125628,0.3635678391959799,0.9208542713567839,0.46042713567839194,0.35545456554127425,0.3665756546551855
F001552,0.2154167222667111,0.8768844221105527,0.6944444444444444,0.3469443332443555,0.25,1.0,1.0,1.0,0.25,real,3,0.8304020100502513,0.8768844221105527,0.37613065326633166,0.18806532663316583,0.5713708302820636,0.8681426921037347
F001553,0.0,0.3635678391959799,0.1388888888888888,0.2545875386086578,0.0,1.0,1.0,1.0,0.0,real,3,0.3701005025125628,0.3635678391959799,0.1771356783919598,0.0885678391959799,0.21782925304916542,0.3641464230701245
F001554,0.1178513660507478,0.8135678391959799,0.736111111111111,0.7087417123429486,0.0,1.0,1.0,1.0,0.0,real,3,0.3701005025125628,0.8135678391959799,0.8517587939698492,0.4258793969849246,0.34266843009014925,0.6247042372667356
F001555,0.0,0.3635678391959799,0.3611111111111111,0.2545875386086578,0.0,1.0,1.0,1.0,0.0,real,3,0.3701005025125628,0.3635678391959799,0.1771356783919598,0.0885678391959799,0.21782925304916542,0.3641464230701245
F001556,0.0,0.3635678391959799,0.5416666666666666,0.3818813079129866,0.0,1.0,1.0,1.0,0.0,real,3,0.3701005025125628,0.3635678391959799,0.4236180904522613,0.21180904522613064,0.2634408853311785,0.3649515163758491
F001557,0.0,0.3635678391959799,0.6388888888888888,0.7515416254704823,0.0,1.0,1.0,1.0,0.0,real,3,0.3701005025125628,0.3635678391959799,0.8728643216080402,0.4364321608040201,0.3465740132824929,0.3664189035630414
F001558,0.25,0.8977386934673367,0.75,0.5,0.0,1.0,1.0,1.0,0.0,real,3,0.3701005025125628,0.8977386934673367,0.5793969849246231,0.28969849246231155,0.29226780889371484,0.7448827049821973
F001559,0.0,0.3635678391959799,0.4027777777777778,0.6364688465216445,0.25,1.0,1.0,1.0,0.25,real,3,0.8304020100502513,0.3635678391959799,0.7829145728643216,0.3914572864321608,0.740267922527209,0.5463134769324007
F001560,0.0,0.3635678391959799,0.3888888888888889,0.4811252243246881,0.25,1.0,1.0,1.0,0.25,real,3,0.8304020100502513,0.3635678391959799,0.5391959798994975,0.26959798994974876,0.6390757177849044,0.48942539329814905
F001561,0.0,0.3635678391959799,0.2638888888888888,0.7087417123429485,0.0,1.0,1.0,1.0,0.0,real,3,0.3701005025125628,0.3635678391959799,0.8482412060301507,0.42412060301507537,0.34201749955809196,0.3663384763011035
F001562,0.0,0.3635678391959799,0.5833333333333334,0.7637626158259733,0.25,1.0,1.0,1.0,0.25,real,3,0.8304020100502513,0.3635678391959799,0.8902010050251257,0.44510050251256283,0.7848133569859347,0.5713559632332517
F001563,0.0,0.3635678391959799,0.0833333333333333,0.2886751345948128,0.0,1.0,1.0,1.0,0.0,real,3,0.3701005025125628,0.3635678391959799,0.228391959798995,0.1141959798994975,0.22731424080199994,0.36431384308477055
F001564,0.4376389444889332,0.951005025125628,0.8055555555555556,0.3469443332443555,0.25,1.0,1.0,1.0,0.25,real,3,0.8304020100502513,0.951005025125628,0.37613065326633166,0.18806532663316583,0.5713708302820636,0.9283237797025328
F001565,0.0,0.3635678391959799,0.5555555555555556,0.5357583756107197,0.0,1.0,1.0,1.0,0.0,real,3,0.3701005025125628,0.3635678391959799,0.6798994974874372,0.3399497487437186,0.31086582409535113,0.36578861644907956
F001566,0.2257260127101733,0.8886934673366834,0.7083333333333334,0.3818813079129867,0.0,1.0,1.0,1.0,0.0,real,3,0.3701005025125628,0.8886934673366834,0.4402010050251256,0.2201005025125628,0.2665095578394485,0.7745508951794147
F001567,0.0,0.3635678391959799,0.3611111111111111,0.2545875386086578,0.0,1.0,1.0,1.0,0.0,real,3,0.3701005025125628,0.3635678391959799,0.1771356783919598,0.0885678391959799,0.21782925304916542,0.3641464230701245
F001568,0.0,0.3635678391959799,0.1805555555555555,0.3757708127352412,0.0,1.0,1.0,1.0,0.0,real,3,0.3701005025125628,0.3635678391959799,0.40804020100502514,0.20402010050251257,0.2605581929749249,0.36490063382237825
F001569,0.0,0.3635678391959799,0.3333333333333333,1.1547005383792517,0.0,1.0,1.0,1.0,0.0,real,3,0.3701005025125628,0.3635678391959799,0.9967336683417085,0.49836683417085426,0.3694960670185096,0.3668235019317694
F001570,0.0,0.3635678391959799,0.25,0.5,0.5,1.0,1.0,1.0,0.5,real,3,0.9587939698492463,0.3635678391959799,0.5793969849246231,0.28969849246231155,0.7571581525719048,0.5360039519204061
F001571,0.0483797153000638,0.7836683417085427,0.6805555555555556,0.6254627916220946,0.0,1.0,1.0,1.0,0.0,real,3,0.3701005025125628,0.7836683417085427,0.7610552763819095,0.38052763819095475,0.32588372137067245,0.6262943486275598
F001572,0.0,0.3635678391959799,0.6666666666666666,0.7637626158259733,0.0,1.0,1.0,1.0,0.0,real,3,0.3701005025125628,0.3635678391959799,0.8902010050251257,0.44510050251256283,0.34978217090477515,0.3664755309209363
F001573,0.5853276880479024,0.9761306532663316,0.8888888888888888,0.3849001794597506,0.0,1.0,1.0,1.0,0.0,real,3,0.3701005025125628,0.9761306532663316,0.45879396984924625,0.22939698492462313,0.26995019065175124,0.8371091639100022
F001574,0.0,0.3635678391959799,0.4305555555555555,0.9871864246620478,0.0,1.0,1.0,1.0,0.0,real,3,0.3701005025125628,0.3635678391959799,0.9628140703517588,0.4814070351758794,0.36321923688795743,0.3667127092750183
F001575,0.0,0.3635678391959799,0.5138888888888888,0.2926570486903538,0.5,1.0,1.0,1.0,0.5,real,3,0.9587939698492463,0.3635678391959799,0.2829145728643216,0.1414572864321608,0.6150253781470165,0.44776691245170575
F001576,0.0,0.3635678391959799,0.5694444444444444,0.4738533919231106,0.25,1.0,1.0,1.0,0.25,real,3,0.8304020100502513,0.3635678391959799,0.535427135678392,0.267713567839196,0.6375108898765183,0.48854568066462967
F001577,0.0,0.3635678391959799,0.1388888888888888,0.2545875386086578,0.0,1.0,1.0,1.0,0.0,real,3,0.3701005025125628,0.3635678391959799,0.1771356783919598,0.0885678391959799,0.21782925304916542,0.3641464230701245
F001578,0.0,0.3635678391959799,0.1111111111111111,0.3849001794597505,0.0,1.0,1.0,1.0,0.0,real,3,0.3701005025125628,0.3635678391959799,0.4492462311557789,0.22462311557788944,0.2681833792075958,0.3650352263831721
F001579,0.0,0.3635678391959799,0.5972222222222222,0.393817968854384,0.0,1.0,1.0,1.0,0.0,real,3,0.3701005025125628,0.3635678391959799,0.48266331658291456,0.24133165829145728,0.27436721926213986,0.3651443776672306
F001580,0.0,0.3635678391959799,0.2777777777777778,0.0962250448649376,0.0,1.0,1.0,1.0,0.0,real,3,0.3701005025125628,0.3635678391959799,0.021105527638190954,0.010552763819095477,0.18895583444862502,0.3636367768490695
F001581,0.0,0.3635678391959799,0.3472222222222222,0.6988747569671736,0.0,1.0,1.0,1.0,0.0,real,3,0.3701005025125628,0.3635678391959799,0.8437185929648241,0.42185929648241205,0.34118058887401836,0.36632370394687
F001582,0.0,0.3635678391959799,0.3611111111111111,0.2545875386086578,0.0,1.0,1.0,1.0,0.0,real,3,0.3701005025125628,0.3635678391959799,0.1771356783919598,0.0885678391959799,0.21782925304916542,0.3641464230701245
F001583,0.0,0.3635678391959799,0.4861111111111111,0.2926570486903539,0.0,1.0,1.0,1.0,0.0,real,3,0.3701005025125628,0.3635678391959799,0.2904522613065327,0.14522613065326634,0.23879851518901038,0.3645165526123078
F001584,0.0,0.3635678391959799,0.3472222222222222,0.6988747569671736,0.0,1.0,1.0,1.0,0.0,real,3,0.3701005025125628,0.3635678391959799,0.8437185929648241,0.42185929648241205,0.34118058887401836,0.36632370394687
F001585,0.0,0.3635678391959799,0.1944444444444444,0.3469443332443554,0.0,1.0,1.0,1.0,0.0,real,3,0.3701005025125628,0.3635678391959799,0.33341708542713566,0.16670854271356783,0.2467491666877099,0.3646568899775259
F001586,0.0,0.3635678391959799,0.1666666666666666,0.5773502691896258,0.0,1.0,1.0,1.0,0.0,real,3,0.3701005025125628,0.3635678391959799,0.7276381909547739,0.36381909547738694,0.3196998813161284,0.36594454685487743
F001587,0.0,0.3635678391959799,0.2083333333333333,0.5204164998665333,0.0,1.0,1.0,1.0,0.0,real,3,0.3701005025125628,0.3635678391959799,0.6665829145728643,0.33329145728643217,0.3084015870811343,0.3657451200727254
F001588,0.0483797153000638,0.7836683417085427,0.6805555555555556,0.6254627916220946,0.0,1.0,1.0,1.0,0.0,real,3,0.3701005025125628,0.7836683417085427,0.7610552763819095,0.38052763819095475,0.32588372137067245,0.6262943486275598
F001589,0.0,0.3635678391959799,0.2638888888888888,0.7087417123429485,0.0,1.0,1.0,1.0,0.0,real,3,0.3701005025125628,0.3635678391959799,0.8482412060301507,0.42412060301507537,0.34201749955809196,0.3663384763011035
F001590,0.0,0.3635678391959799,0.3472222222222222,0.5672382737961704,0.25,1.0,1.0,1.0,0.25,real,3,0.8304020100502513,0.3635678391959799,0.7017587939698492,0.3508793969849246,0.7065719615666272,0.5273703315572839
F001591,0.0,0.3635678391959799,0.3472222222222222,0.488288773090193,0.25,1.0,1.0,1.0,0.25,real,3,0.8304020100502513,0.3635678391959799,0.5447236180904522,0.2723618090452261,0.6413707987172041,0.4907156384939774
F001592,0.0,0.3635678391959799,0.2916666666666666,0.8036375634160796,0.0,1.0,1.0,1.0,0.0,real,3,0.3701005025125628,0.3635678391959799,0.914321608040201,0.4571608040201005,0.35424569455316784,0.3665543168101816
F001593,0.0,0.3635678391959799,0.5972222222222222,0.393817968854384,0.5,1.0,1.0,1.0,0.5,real,3,0.9587939698492463,0.3635678391959799,0.48266331658291456,0.24133165829145728,0.7107843236281912,0.5072147483649403
F001594,0.0,0.3635678391959799,0.0833333333333333,0.2886751345948128,0.0,1.0,1.0,1.0,0.0,real,3,0.3701005025125628,0.3635678391959799,0.228391959798995,0.1141959798994975,0.22731424080199994,0.36431384308477055
F001595,0.0,0.3635678391959799,0.2222222222222222,0.769800358919501,0.0,1.0,1.0,1.0,0.0,real,3,0.3701005025125628,0.3635678391959799,0.9007537688442211,0.45037688442211055,0.35173496250094693,0.3665099997474811
F001596,0.0,0.3635678391959799,0.4166666666666667,0.7637626158259733,0.25,1.0,1.0,1.0,0.25,real,3,0.8304020100502513,0.3635678391959799,0.8902010050251257,0.44510050251256283,0.7848133569859347,0.5713559632332517
F001597,0.1077083611333555,0.8103015075376885,0.5972222222222222,0.1734721666221776,0.0,1.0,1.0,1.0,0.0,real,3,0.3701005025125628,0.8103015075376885,0.07839195979899498,0.03919597989949749,0.19955670311355775,0.7930473977929849
F001598,0.0,0.3635678391959799,0.2916666666666666,0.5204164998665332,0.0,1.0,1.0,1.0,0.0,real,3,0.3701005025125628,0.3635678391959799,0.657035175879397,0.3285175879396985,0.30663477563697883,0.3657139339915659
F001599,0.0,0.3635678391959799,0.3333333333333333,0.2886751345948129,0.5,1.0,1.0,1.0,0.5,real,3,0.9587939698492463,0.3635678391959799,0.26030150753768844,0.13015075376884422,0.604184742809525,0.441036968763415
F001600,0.0,0.3635678391959799,0.1944444444444444,0.3469443332443554,0.0,1.0,1.0,1.0,0.0,real,3,0.3701005025125628,0.3635678391959799,0.33341708542713566,0.16670854271356783,0.2467491666877099,0.3646568899775259
F001601,0.0,0.3635678391959799,0.2361111111111111,0.2097176232019652,0.0,1.0,1.0,1.0,0.0,real,3,0.3701005025125628,0.3635678391959799,0.11708542713567839,0.058542713567839195,0.20671693896618776,0.36395027903335775
F001602,0.0,0.3635678391959799,0.3888888888888889,0.693888666488711,0.0,1.0,1.0,1.0,0.0,real,3,0.3701005025125628,0.3635678391959799,0.8351758793969849,0.41758793969849245,0.33959975758187927,0.3662958006110957
F001603,0.0,0.3635678391959799,0.4583333333333333,0.3818813079129866,0.0,1.0,1.0,1.0,0.0,real,3,0.3701005025125628,0.3635678391959799,0.4236180904522613,0.21180904522613064,0.2634408853311785,0.3649515163758491
F001604,0.0,0.3635678391959799,0.5555555555555556,0.5357583756107197,0.0,1.0,1.0,1.0,0.0,real,3,0.3701005025125628,0.3635678391959799,0.6798994974874372,0.3399497487437186,0.31086582409535113,0.36578861644907956
F001605,0.2224894150898172,0.8839195979899498,0.7916666666666667,0.7216878364870323,0.0,1.0,1.0,1.0,0.0,real,3,0.3701005025125628,0.8839195979899498,0.857286432160804,0.428643216080402,0.3436913209262392,0.6636745284209995
F001606,0.0,0.3635678391959799,0.1388888888888888,0.2545875386086578,0.0,1.0,1.0,1.0,0.0,real,3,0.3701005025125628,0.3635678391959799,0.1771356783919598,0.0885678391959799,0.21782925304916542,0.3641464230701245
F001607,0.0,0.3635678391959799,0.3611111111111111,0.7515416254704823,0.0,1.0,1.0,1.0,0.0,real,3,0.3701005025125628,0.3635678391959799,0.8728643216080402,0.4364321608040201,0.3465740132824929,0.3664189035630414
F001608,0.0,0.3635678391959799,0.3611111111111111,0.2545875386086578,0.0,1.0,1.0,1.0,0.0,real,3,0.3701005025125628,0.3635678391959799,0.1771356783919598,0.0885678391959799,0.21782925304916542,0.3641464230701245
F001609,0.0,0.3635678391959799,0.3194444444444444,0.3757708127352411,0.0,1.0,1.0,1.0,0.0,real,3,0.3701005025125628,0.3635678391959799,0.3969849246231156,0.1984924623115578,0.2585124113027449,0.3648645236231408
F001610,0.0,0.3635678391959799,0.1944444444444444,0.3469443332443554,0.0,1.0,1.0,1.0,0.0,real,3,0.3701005025125628,0.3635678391959799,0.33341708542713566,0.16670854271356783,0.2467491666877099,0.3646568899775259
F001611,0.0,0.3635678391959799,0.2361111111111111,0.2097176232019652,0.25,1.0,1.0,1.0,0.25,real,3,0.8304020100502513,0.3635678391959799,0.11708542713567839,0.058542713567839195,0.46381499204565546,0.3908975783439812
F001612,0.0,0.3635678391959799,0.25,0.5,0.0,1.0,1.0,1.0,0.0,real,3,0.3701005025125628,0.3635678391959799,0.5793969849246231,0.28969849246231155,0.29226780889371484,0.3654603419105578
F001613,0.125,0.8168341708542713,0.625,0.25,0.0,1.0,1.0,1.0,0.0,real,3,0.3701005025125628,0.8168341708542713,0.1349246231155779,0.06746231155778895,0.21001808666447816,0.7866964849372491
F001614,0.1485783278408043,0.8238693467336683,0.7361111111111112,0.6472877887628358,0.0,1.0,1.0,1.0,0.0,real,3,0.3701005025125628,0.8238693467336683,0.7924623115577889,0.39623115577889445,0.3316956011211838,0.6440719931314866
F001615,0.0,0.3635678391959799,0.4861111111111111,0.2926570486903539,0.0,1.0,1.0,1.0,0.0,real,3,0.3701005025125628,0.3635678391959799,0.2904522613065327,0.14522613065326634,0.23879851518901038,0.3645165526123078
F001616,0.0,0.3635678391959799,0.3611111111111111,0.2545875386086578,0.0,1.0,1.0,1.0,0.0,real,3,0.3701005025125628,0.3635678391959799,0.1771356783919598,0.0885678391959799,0.21782925304916542,0.3641464230701245
F001617,0.0,0.3635678391959799,0.625,0.6614378277661477,0.0,1.0,1.0,1.0,0.0,real,3,0.3701005025125628,0.3635678391959799,0.8,0.4,0.33309045226130657,0.3661809045226131
F001618,0.0,0.3635678391959799,0.2916666666666666,0.8036375634160796,0.25,1.0,1.0,1.0,0.25,real,3,0.8304020100502513,0.3635678391959799,0.914321608040201,0.4571608040201005,0.7948282555996061,0.5769861240877756
F001619,0.0,0.3635678391959799,0.5972222222222222,0.393817968854384,0.5,1.0,1.0,1.0,0.5,real,3,0.9587939698492463,0.3635678391959799,0.48266331658291456,0.24133165829145728,0.7107843236281912,0.5072147483649403
F001620,0.0,0.3635678391959799,0.375,0.25,0.0,1.0,1.0,1.0,0.0,real,3,0.3701005025125628,0.3635678391959799,0.1349246231155779,0.06746231155778895,0.21001808666447816,0.36400854776394537
F001621,0.0,0.3635678391959799,0.3333333333333333,1.1547005383792517,0.0,1.0,1.0,1.0,0.0,real,3,0.3701005025125628,0.3635678391959799,0.9967336683417085,0.49836683417085426,0.3694960670185096,0.3668235019317694
F001622,0.0,0.3635678391959799,0.4027777777777778,0.6364688465216445,0.25,1.0,1.0,1.0,0.25,real,3,0.8304020100502513,0.3635678391959799,0.7829145728643216,0.3914572864321608,0.740267922527209,0.5463134769324007
F001623,0.0,0.3635678391959799,0.5138888888888888,0.2926570486903538,0.0,1.0,1.0,1.0,0.0,real,3,0.3701005025125628,0.3635678391959799,0.2829145728643216,0.1414572864321608,0.23740366404888766,0.36449193202191865
F001624,0.5260506159308034,0.963819095477387,0.8472222222222221,0.3367876570272817,0.0,1.0,1.0,1.0,0.0,real,3,0.3701005025125628,0.963819095477387,0.3005025125628141,0.15025125628140704,0.240658316709174,0.8746121310067929
F001625,0.25,0.8977386934673367,0.75,0.5,0.0,1.0,1.0,1.0,0.0,real,3,0.3701005025125628,0.8977386934673367,0.5793969849246231,0.28969849246231155,0.29226780889371484,0.7448827049821973
F001626,0.6889957660359269,0.9899497487437184,0.9166666666666669,0.2886751345948128,0.25,1.0,1.0,1.0,0.25,real,3,0.8304020100502513,0.9899497487437184,0.228391959798995,0.1141959798994975,0.5100295762733265,0.971730038382869
F001627,0.0,0.3635678391959799,0.4444444444444444,1.0183501544346312,0.0,1.0,1.0,1.0,0.0,real,3,0.3701005025125628,0.3635678391959799,0.9741206030150754,0.4870603015075377,0.36531151359814146,0.3667496401606021
F001628,0.1706553760958049,0.8447236180904523,0.7777777777777777,0.769800358919501,0.0,1.0,1.0,1.0,0.0,real,3,0.3701005025125628,0.8447236180904523,0.9007537688442211,0.45037688442211055,0.35173496250094693,0.6309643380217671
F001629,0.0334936490538903,0.7618090452261307,0.625,0.4330127018922193,0.0,1.0,1.0,1.0,0.0,real,3,0.3701005025125628,0.7618090452261307,0.5271356783919598,0.2635678391959799,0.28259684098886395,0.6585672710285094
F001630,0.061411169010459,0.8010050251256281,0.6527777777777778,0.488288773090193,0.0,1.0,1.0,1.0,0.0,real,3,0.3701005025125628,0.8010050251256281,0.5447236180904522,0.2723618090452261,0.2858514936491503,0.683643089820964
F001631,0.0,0.3635678391959799,0.5,0.0,0.25,1.0,1.0,1.0,0.25,real,3,0.8304020100502513,0.3635678391959799,0.005527638190954774,0.002763819095477387,0.4174960859574253,0.3648580843918083
F001632,0.0,0.3635678391959799,0.3888888888888889,1.0715167512214396,0.25,1.0,1.0,1.0,0.25,real,3,0.8304020100502513,0.3635678391959799,0.9849246231155779,0.49246231155778897,0.8241426984167067,0.5934660740890382
F001633,0.25,0.8977386934673367,0.75,0.5,0.25,1.0,1.0,1.0,0.25,real,3,0.8304020100502513,0.8977386934673367,0.5793969849246231,0.28969849246231155,0.6557672154743568,0.8782313577939951
F001634,0.01116454968463,0.7346733668341708,0.5416666666666666,0.1443375672974064,0.0,1.0,1.0,1.0,0.0,real,3,0.3701005025125628,0.7346733668341708,0.06030150753768844,0.03015075376884422,0.1962090603772632,0.7236812201712077
F001635,0.0,0.3635678391959799,0.5277777777777778,0.8221471437193746,0.0,1.0,1.0,1.0,0.0,real,3,0.3701005025125628,0.3635678391959799,0.9208542713567839,0.46042713567839194,0.35545456554127425,0.3665756546551855
F001636,0.0334936490538903,0.7618090452261307,0.625,0.4330127018922193,0.25,1.0,1.0,1.0,0.25,real,3,0.8304020100502513,0.7618090452261307,0.5271356783919598,0.2635678391959799,0.6340682684780687,0.77988794474887
F001637,0.0,0.3635678391959799,0.3194444444444444,0.3757708127352411,0.0,1.0,1.0,1.0,0.0,real,3,0.3701005025125628,0.3635678391959799,0.3969849246231156,0.1984924623115578,0.2585124113027449,0.3648645236231408
F001638,0.0,0.3635678391959799,0.3333333333333333,0.7637626158259733,0.0,1.0,1.0,1.0,0.0,real,3,0.3701005025125628,0.3635678391959799,0.8902010050251257,0.44510050251256283,0.34978217090477515,0.3664755309209363
F001639,0.0,0.3635678391959799,0.25,0.5,0.0,1.0,1.0,1.0,0.0,real,3,0.3701005025125628,0.3635678391959799,0.5793969849246231,0.28969849246231155,0.29226780889371484,0.3654603419105578
F001640,0.2224894150898172,0.8839195979899498,0.7916666666666667,0.7216878364870323,0.5,1.0,0.5,0.5,0.5,real,3,0.9587939698492463,0.8839195979899498,0.857286432160804,0.214321608040201,0.44518875785965,0.8999667937678342
F001641,0.0,0.3635678391959799,0.25,0.5,0.0,1.0,1.0,1.0,0.0,real,3,0.3701005025125628,0.3635678391959799,0.5793969849246231,0.28969849246231155,0.29226780889371484,0.3654603419105578
F001642,0.0,0.3635678391959799,0.4861111111111111,0.9141379262169074,0.0,1.0,1.0,1.0,0.0,real,3,0.3701005025125628,0.3635678391959799,0.9492462311557789,0.47462311557788944,0.3607085048357365,0.36666839221231784
F001643,0.0,0.3635678391959799,0.4444444444444444,1.0183501544346312,0.0,1.0,1.0,1.0,0.0,real,3,0.3701005025125628,0.3635678391959799,0.9741206030150754,0.4870603015075377,0.36531151359814146,0.3667496401606021
F001644,0.0,0.3635678391959799,0.2638888888888888,0.2097176232019653,0.25,1.0,1.0,1.0,0.25,real,3,0.8304020100502513,0.3635678391959799,0.12688442211055276,0.06344221105527638,0.4678835446074594,0.3931848311911315
F001645,0.0,0.3635678391959799,0.1666666666666666,0.5773502691896258,0.0,1.0,1.0,1.0,0.0,real,3,0.3701005025125628,0.3635678391959799,0.7276381909547739,0.36381909547738694,0.3196998813161284,0.36594454685487743
F001646,0.0,0.3635678391959799,0.1805555555555555,0.3757708127352412,0.0,1.0,1.0,1.0,0.0,real,3,0.3701005025125628,0.3635678391959799,0.40804020100502514,0.20402010050251257,0.2605581929749249,0.36490063382237825
F001647,0.0,0.3635678391959799,0.3611111111111111,0.7515416254704823,0.0,1.0,1.0,1.0,0.0,real,3,0.3701005025125628,0.3635678391959799,0.8728643216080402,0.4364321608040201,0.3465740132824929,0.3664189035630414
F001648,0.0,0.3635678391959799,0.3333333333333333,0.5773502691896258,0.0,1.0,1.0,1.0,0.0,real,3,0.3701005025125628,0.3635678391959799,0.7276381909547739,0.36381909547738694,0.3196998813161284,0.36594454685487743
F001649,0.0,0.3635678391959799,0.3333333333333333,0.2886751345948129,0.0,1.0,1.0,1.0,0.0,real,3,0.3701005025125628,0.3635678391959799,0.26030150753768844,0.13015075376884422,0.2332191106285195,0.36441807025075124
F001650,0.25,0.8977386934673367,0.75,0.5,0.0,1.0,1.0,1.0,0.0,real,3,0.3701005025125628,0.8977386934673367,0.5793969849246231,0.28969849246231155,0.29226780889371484,0.7448827049821973
F001651,0.0,0.3635678391959799,0.2083333333333333,0.5204164998665333,0.0,1.0,1.0,1.0,0.0,real,3,0.3701005025125628,0.3635678391959799,0.6665829145728643,0.33329145728643217,0.3084015870811343,0.3657451200727254
F001652,0.0,0.3635678391959799,0.2361111111111111,0.2097176232019652,0.0,1.0,1.0,1.0,0.0,real,3,0.3701005025125628,0.3635678391959799,0.11708542713567839,0.058542713567839195,0.20671693896618776,0.36395027903335775
F001653,0.0,0.3635678391959799,0.3055555555555556,0.3469443332443555,0.0,1.0,1.0,1.0,0.0,real,3,0.3701005025125628,0.3635678391959799,0.37613065326633166,0.18806532663316583,0.25465332314840533,0.3647964066563976
F001654,0.0,0.3635678391959799,0.3611111111111111,0.2545875386086578,0.0,1.0,1.0,1.0,0.0,real,3,0.3701005025125628,0.3635678391959799,0.1771356783919598,0.0885678391959799,0.21782925304916542,0.3641464230701245
F001655,0.0483797153000638,0.7836683417085427,0.6805555555555556,0.6254627916220946,0.0,1.0,1.0,1.0,0.0,real,3,0.3701005025125628,0.7836683417085427,0.7610552763819095,0.38052763819095475,0.32588372137067245,0.6262943486275598
F001656,0.0,0.3635678391959799,0.3333333333333333,0.7637626158259733,0.25,1.0,1.0,1.0,0.25,real,3,0.8304020100502513,0.3635678391959799,0.8902010050251257,0.44510050251256283,0.7848133569859347,0.5713559632332517
F001657,0.0334936490538903,0.7618090452261307,0.625,0.4330127018922193,0.0,1.0,1.0,1.0,0.0,real,3,0.3701005025125628,0.7618090452261307,0.5271356783919598,0.2635678391959799,0.28259684098886395,0.6585672710285094
F001658,0.0,0.3635678391959799,0.2777777777777778,0.5091750772173156,0.0,1.0,1.0,1.0,0.0,real,3,0.3701005025125628,0.3635678391959799,0.6321608040201006,0.3160804020100503,0.3020317668745739,0.36563268604328175
F001659,0.0,0.3635678391959799,0.5138888888888888,0.6142595663193329,0.25,1.0,1.0,1.0,0.25,real,3,0.8304020100502513,0.3635678391959799,0.7525125628140703,0.37625628140703515,0.7276449773995606,0.5392171283553446
F001660,0.0,0.3635678391959799,0.1944444444444444,0.3469443332443554,0.0,1.0,1.0,1.0,0.0,real,3,0.3701005025125628,0.3635678391959799,0.33341708542713566,0.16670854271356783,0.2467491666877099,0.3646568899775259
F001661,0.0,0.3635678391959799,0.2222222222222222,0.5091750772173156,0.0,1.0,1.0,1.0,0.0,real,3,0.3701005025125628,0.3635678391959799,0.6321608040201006,0.3160804020100503,0.3020317668745739,0.36563268604328175
F001662,1.0,0.9987437185929648,1.0,0.0,0.0,1.0,1.0,1.0,0.0,real,3,0.3701005025125628,0.9987437185929648,0.005527638190954774,0.002763819095477387,0.1860731420923714,0.9970062624681195
F001663,0.3779915320718537,0.9329145728643216,0.8333333333333333,0.5773502691896258,0.25,1.0,1.0,1.0,0.25,real,3,0.8304020100502513,0.9329145728643216,0.7276381909547739,0.36381909547738694,0.7173171132042121,0.8956185449862376
F001664,0.0148860662461734,0.7439698492462311,0.5555555555555556,0.1924500897298752,0.0,1.0,1.0,1.0,0.0,real,3,0.3701005025125628,0.7439698492462311,0.1,0.05,0.20355527638190957,0.7252763819095477
F001665,0.6889957660359269,0.9899497487437184,0.9166666666666669,0.2886751345948128,0.0,1.0,1.0,1.0,0.0,real,3,0.3701005025125628,0.9899497487437184,0.228391959798995,0.1141959798994975,0.22731424080199994,0.9191654566803867
F001666,0.0,0.3635678391959799,0.3333333333333333,1.1547005383792517,0.0,1.0,1.0,1.0,0.0,real,3,0.3701005025125628,0.3635678391959799,0.9967336683417085,0.49836683417085426,0.3694960670185096,0.3668235019317694
F001667,0.0,0.3635678391959799,0.0555555555555555,0.1924500897298752,0.0,1.0,1.0,1.0,0.0,real,3,0.3701005025125628,0.3635678391959799,0.1,0.05,0.20355527638190957,0.363894472361809
F001668,0.0,0.3635678391959799,0.2777777777777778,0.5091750772173156,0.0,1.0,1.0,1.0,0.0,real,3,0.3701005025125628,0.3635678391959799,0.6321608040201006,0.3160804020100503,0.3020317668745739,0.36563268604328175
F001669,0.0,0.3635678391959799,0.25,0.5,0.0,1.0,1.0,1.0,0.0,real,3,0.3701005025125628,0.3635678391959799,0.5793969849246231,0.28969849246231155,0.29226780889371484,0.3654603419105578
F001670,0.4229189661767951,0.9434673366834172,0.7638888888888888,0.2097176232019653,0.0,1.0,1.0,1.0,0.0,real,3,0.3701005025125628,0.9434673366834172,0.12688442211055276,0.06344221105527638,0.20853024544834725,0.9070916769778542
F001671,0.0,0.3635678391959799,0.25,0.5,0.5,1.0,1.0,1.0,0.5,real,3,0.9587939698492463,0.3635678391959799,0.5793969849246231,0.28969849246231155,0.7571581525719048,0.5360039519204061
F001672,0.0,0.3635678391959799,0.1666666666666666,0.5773502691896258,0.25,1.0,1.0,1.0,0.25,real,3,0.8304020100502513,0.3635678391959799,0.7276381909547739,0.36381909547738694,0.7173171132042121,0.5334110249741169
F001673,0.0148860662461734,0.7439698492462311,0.5555555555555556,0.1924500897298752,0.25,1.0,1.0,1.0,0.25,real,3,0.8304020100502513,0.7439698492462311,0.1,0.05,0.4567211055276382,0.7482914572864321
F001674,0.0,0.3635678391959799,0.3611111111111111,0.7515416254704823,0.0,1.0,1.0,1.0,0.0,real,3,0.3701005025125628,0.3635678391959799,0.8728643216080402,0.4364321608040201,0.3465740132824929,0.3664189035630414
F001675,0.0,0.3635678391959799,0.1111111111111111,0.3849001794597505,0.0,1.0,1.0,1.0,0.0,real,3,0.3701005025125628,0.3635678391959799,0.4492462311557789,0.22462311557788944,0.2681833792075958,0.3650352263831721
F001676,0.0,0.3635678391959799,0.3611111111111111,0.2545875386086578,0.0,1.0,1.0,1.0,0.0,real,3,0.3701005025125628,0.3635678391959799,0.1771356783919598,0.0885678391959799,0.21782925304916542,0.3641464230701245
F001677,0.0,0.3635678391959799,0.0833333333333333,0.2886751345948128,0.25,1.0,1.0,1.0,0.25,real,3,0.8304020100502513,0.3635678391959799,0.228391959798995,0.1141959798994975,0.5100295762733265,0.41687842478725284
F001678,0.2154167222667111,0.8768844221105527,0.6944444444444444,0.3469443332443555,0.0,1.0,1.0,1.0,0.0,real,3,0.3701005025125628,0.8768844221105527,0.37613065326633166,0.18806532663316583,0.25465332314840533,0.7815759387389207
F001679,0.0,0.3635678391959799,0.2083333333333333,0.3818813079129866,0.0,1.0,1.0,1.0,0.0,real,3,0.3701005025125628,0.3635678391959799,0.4236180904522613,0.21180904522613064,0.2634408853311785,0.3649515163758491
F001680,0.0,0.3635678391959799,0.1944444444444444,0.3469443332443554,0.0,1.0,1.0,1.0,0.0,real,3,0.3701005025125628,0.3635678391959799,0.33341708542713566,0.16670854271356783,0.2467491666877099,0.3646568899775259
F001681,0.0,0.3635678391959799,0.4166666666666667,1.0408329997330663,0.25,1.0,1.0,1.0,0.25,real,3,0.8304020100502513,0.3635678391959799,0.9811557788944724,0.4905778894472362,0.8225778705083204,0.5925863614555188
F001682,0.0,0.3635678391959799,0.2222222222222222,0.0962250448649376,0.0,1.0,1.0,1.0,0.0,real,3,0.3701005025125628,0.3635678391959799,0.021105527638190954,0.010552763819095477,0.18895583444862502,0.3636367768490695
F001683,0.0,0.3635678391959799,0.3611111111111111,0.2545875386086578,0.0,1.0,1.0,1.0,0.0,real,3,0.3701005025125628,0.3635678391959799,0.1771356783919598,0.0885678391959799,0.21782925304916542,0.3641464230701245
F001684,0.0,0.3635678391959799,0.1944444444444444,0.3469443332443554,0.0,1.0,1.0,1.0,0.0,real,3,0.3701005025125628,0.3635678391959799,0.33341708542713566,0.16670854271356783,0.2467491666877099,0.3646568899775259
F001685,0.0,0.3635678391959799,0.4305555555555555,0.9871864246620478,0.0,1.0,1.0,1.0,0.0,real,3,0.3701005025125628,0.3635678391959799,0.9628140703517588,0.4814070351758794,0.36321923688795743,0.3667127092750183
F001686,0.0,0.3635678391959799,0.0833333333333333,0.2886751345948128,0.0,1.0,1.0,1.0,0.0,real,3,0.3701005025125628,0.3635678391959799,0.228391959798995,0.1141959798994975,0.22731424080199994,0.36431384308477055
F001687,0.0,0.3635678391959799,0.1944444444444444,0.3469443332443554,0.0,1.0,1.0,1.0,0.0,real,3,0.3701005025125628,0.3635678391959799,0.33341708542713566,0.16670854271356783,0.2467491666877099,0.3646568899775259
F001688,0.0,0.3635678391959799,0.3472222222222222,0.6988747569671736,0.0,1.0,1.0,1.0,0.0,real,3,0.3701005025125628,0.3635678391959799,0.8437185929648241,0.42185929648241205,0.34118058887401836,0.36632370394687
F001689,0.0,0.3635678391959799,0.3472222222222222,0.6988747569671736,0.25,1.0,1.0,1.0,0.25,real,3,0.8304020100502513,0.3635678391959799,0.8437185929648241,0.42185929648241205,0.7655138127825055,0.5605061740865129
F001690,0.0,0.3635678391959799,0.2361111111111111,0.4110735718596873,0.0,1.0,1.0,1.0,0.0,real,3,0.3701005025125628,0.3635678391959799,0.507035175879397,0.2535175879396985,0.27887723794853664,0.36522398424282215
F001691,0.0,0.3635678391959799,0.2361111111111111,0.2097176232019652,0.0,1.0,1.0,1.0,0.0,real,3,0.3701005025125628,0.3635678391959799,0.11708542713567839,0.058542713567839195,0.20671693896618776,0.36395027903335775
F001692,0.0,0.3635678391959799,0.4861111111111111,0.9141379262169074,0.0,1.0,1.0,1.0,0.0,real,3,0.3701005025125628,0.3635678391959799,0.9492462311557789,0.47462311557788944,0.3607085048357365,0.36666839221231784
F001693,0.1898569058357866,0.864321608040201,0.7222222222222222,0.5091750772173156,0.0,1.0,1.0,1.0,0.0,real,3,0.3701005025125628,0.864321608040201,0.6321608040201006,0.3160804020100503,0.3020317668745739,0.7081080023231736
F001694,0.0,0.3635678391959799,0.1388888888888888,0.2545875386086578,0.0,1.0,1.0,1.0,0.0,real,3,0.3701005025125628,0.3635678391959799,0.1771356783919598,0.0885678391959799,0.21782925304916542,0.3641464230701245
F001695,0.0,0.3635678391959799,0.4444444444444444,0.5357583756107198,0.0,1.0,1.0,1.0,0.0,real,3,0.3701005025125628,0.3635678391959799,0.6912060301507538,0.3456030150753769,0.3129581008055352,0.36582554733466327
F001696,0.0,0.3635678391959799,0.1805555555555555,0.1272937693043289,0.0,1.0,1.0,1.0,0.0,real,3,0.3701005025125628,0.3635678391959799,0.03869346733668342,0.01934673366834171,0.1922104871089114,0.36369422489331077
F001697,0.0,0.3635678391959799,0.0416666666666666,0.1443375672974064,0.0,1.0,1.0,1.0,0.0,real,3,0.3701005025125628,0.3635678391959799,0.06030150753768844,0.03015075376884422,0.1962090603772632,0.36376480391909294
F001698,0.0,0.3635678391959799,0.1666666666666666,0.2886751345948128,0.25,1.0,1.0,1.0,0.25,real,3,0.8304020100502513,0.3635678391959799,0.228391959798995,0.1141959798994975,0.5100295762733265,0.41687842478725284
F001699,0.0,0.3635678391959799,0.4027777777777778,0.1734721666221777,0.0,1.0,1.0,1.0,0.0,real,3,0.3701005025125628,0.3635678391959799,0.08819095477386935,0.04409547738693467,0.20137000959571727,0.36385590010353275
F001700,0.0,0.3635678391959799,0.2777777777777778,0.0962250448649376,0.0,1.0,1.0,1.0,0.0,real,3,0.3701005025125628,0.3635678391959799,0.021105527638190954,0.010552763819095477,0.18895583444862502,0.3636367768490695
F001701,0.0,0.3635678391959799,0.1527777777777777,0.3367876570272816,0.0,1.0,1.0,1.0,0.0,real,3,0.3701005025125628,0.3635678391959799,0.2947236180904523,0.14736180904522614,0.23958893083507993,0.36453050428019496
F001702,0.0,0.3635678391959799,0.5972222222222222,0.393817968854384,0.25,1.0,1.0,1.0,0.25,real,3,0.8304020100502513,0.3635678391959799,0.48266331658291456,0.24133165829145728,0.6156032991591122,0.4762297037953587
F001703,0.0,0.3635678391959799,0.3333333333333333,1.1547005383792517,0.25,1.0,1.0,1.0,0.25,real,3,0.8304020100502513,0.3635678391959799,0.9967336683417085,0.49836683417085426,0.8290458258629833,0.5962225070073988
F001704,0.0,0.3635678391959799,0.3888888888888889,0.4811252243246881,0.0,1.0,1.0,1.0,0.0,real,3,0.3701005025125628,0.3635678391959799,0.5391959798994975,0.26959798994974876,0.28482860281306027,0.36532903209514916
F001705,0.0,0.3635678391959799,0.0833333333333333,0.2886751345948128,0.25,1.0,1.0,1.0,0.25,real,3,0.8304020100502513,0.3635678391959799,0.228391959798995,0.1141959798994975,0.5100295762733265,0.41687842478725284
F001706,0.0,0.3635678391959799,0.5277777777777778,0.4194352464039305,0.0,1.0,1.0,1.0,0.0,real,3,0.3701005025125628,0.3635678391959799,0.5165829145728643,0.25829145728643216,0.2806440493926921,0.3652551703239817
F001707,0.0,0.3635678391959799,0.1388888888888888,0.2545875386086578,0.25,1.0,1.0,1.0,0.25,real,3,0.8304020100502513,0.3635678391959799,0.1771356783919598,0.0885678391959799,0.48874791671927476,0.4049143329713896
F001708,0.0,0.3635678391959799,0.0,0.0,0.0,1.0,1.0,1.0,0.0,real,3,0.3701005025125628,0.3635678391959799,0.005527638190954774,0.002763819095477387,0.1860731420923714,0.36358589429559857
F001709,0.125,0.8168341708542713,0.625,0.25,0.5,1.0,1.0,1.0,0.5,real,3,0.9587939698492463,0.8168341708542713,0.1349246231155779,0.06746231155778895,0.5440794424383223,0.8264111070427514
F001710,0.01116454968463,0.7346733668341708,0.5416666666666666,0.1443375672974064,0.0,1.0,1.0,1.0,0.0,real,3,0.3701005025125628,0.7346733668341708,0.06030150753768844,0.03015075376884422,0.1962090603772632,0.7236812201712077
F001711,0.0,0.3635678391959799,0.1944444444444444,0.3469443332443554,0.0,1.0,1.0,1.0,0.0,real,3,0.3701005025125628,0.3635678391959799,0.33341708542713566,0.16670854271356783,0.2467491666877099,0.3646568899775259
F001712,0.0,0.3635678391959799,0.125,0.25,0.0,1.0,1.0,1.0,0.0,real,3,0.3701005025125628,0.3635678391959799,0.1349246231155779,0.06746231155778895,0.21001808666447816,0.36400854776394537
F001713,0.0,0.3635678391959799,0.125,0.25,0.0,1.0,1.0,1.0,0.0,real,3,0.3701005025125628,0.3635678391959799,0.1349246231155779,0.06746231155778895,0.21001808666447816,0.36400854776394537
F001714,0.0,0.3635678391959799,0.1944444444444444,0.3469443332443554,0.0,1.0,1.0,1.0,0.0,real,3,0.3701005025125628,0.3635678391959799,0.33341708542713566,0.16670854271356783,0.2467491666877099,0.3646568899775259
F001715,0.0,0.3635678391959799,0.6388888888888888,0.8552669065744807,0.0,1.0,1.0,1.0,0.0,real,3,0.3701005025125628,0.3635678391959799,0.928894472361809,0.4644472361809045,0.3569424067574051,0.36660191661826724
F001716,0.0,0.3635678391959799,0.5972222222222222,0.393817968854384,0.25,1.0,1.0,1.0,0.25,real,3,0.8304020100502513,0.3635678391959799,0.48266331658291456,0.24133165829145728,0.6156032991591122,0.4762297037953587
F001717,0.0,0.3635678391959799,0.3055555555555556,0.6735753140545634,0.0,1.0,1.0,1.0,0.0,real,3,0.3701005025125628,0.3635678391959799,0.8160804020100503,0.40804020100502514,0.33606613469356833,0.36623342844877654
F001718,0.1898569058357866,0.864321608040201,0.7222222222222222,0.5091750772173156,0.0,1.0,1.0,1.0,0.0,real,3,0.3701005025125628,0.864321608040201,0.6321608040201006,0.3160804020100503,0.3020317668745739,0.7081080023231736
F001719,0.0,0.3635678391959799,0.25,0.5,0.0,1.0,1.0,1.0,0.0,real,3,0.3701005025125628,0.3635678391959799,0.5793969849246231,0.28969849246231155,0.29226780889371484,0.3654603419105578
F001720,0.3222409918479341,0.9193467336683416,0.7638888888888888,0.4110735718596873,0.0,1.0,1.0,1.0,0.0,real,3,0.3701005025125628,0.9193467336683416,0.507035175879397,0.2535175879396985,0.27887723794853664,0.7801031539607585
F001721,0.5949284529178934,0.9836683417085428,0.8611111111111112,0.2545875386086578,0.25,1.0,1.0,1.0,0.25,real,3,0.8304020100502513,0.9836683417085428,0.1771356783919598,0.0885678391959799,0.48874791671927476,0.9700938738920736
F001722,0.0,0.3635678391959799,0.4027777777777778,0.1734721666221777,0.0,1.0,1.0,1.0,0.0,real,3,0.3701005025125628,0.3635678391959799,0.08819095477386935,0.04409547738693467,0.20137000959571727,0.36385590010353275
F001723,0.0,0.3635678391959799,0.25,0.5,0.0,1.0,1.0,1.0,0.0,real,3,0.3701005025125628,0.3635678391959799,0.5793969849246231,0.28969849246231155,0.29226780889371484,0.3654603419105578
F001724,0.0,0.3635678391959799,0.5555555555555556,0.5357583756107197,0.25,1.0,1.0,1.0,0.25,real,3,0.8304020100502513,0.3635678391959799,0.6798994974874372,0.3399497487437186,0.6974959596979875,0.5222679982828716
F001725,0.0,0.3635678391959799,0.2083333333333333,0.5204164998665333,0.0,1.0,1.0,1.0,0.0,real,3,0.3701005025125628,0.3635678391959799,0.6665829145728643,0.33329145728643217,0.3084015870811343,0.3657451200727254
F001726,0.0,0.3635678391959799,0.25,0.5,0.0,1.0,1.0,1.0,0.0,real,3,0.3701005025125628,0.3635678391959799,0.5793969849246231,0.28969849246231155,0.29226780889371484,0.3654603419105578
F001727,0.0,0.3635678391959799,0.6111111111111112,0.693888666488711,0.0,1.0,1.0,1.0,0.0,real,3,0.3701005025125628,0.3635678391959799,0.8351758793969849,0.41758793969849245,0.33959975758187927,0.3662958006110957
F001728,0.0,0.3635678391959799,0.625,0.6614378277661477,0.0,1.0,1.0,1.0,0.0,real,3,0.3701005025125628,0.3635678391959799,0.8,0.4,0.33309045226130657,0.3661809045226131
F001729,0.0,0.3635678391959799,0.2222222222222222,0.5091750772173156,0.0,1.0,1.0,1.0,0.0,real,3,0.3701005025125628,0.3635678391959799,0.6321608040201006,0.3160804020100503,0.3020317668745739,0.36563268604328175
F001730,0.0,0.3635678391959799,0.5972222222222222,0.393817968854384,0.0,1.0,1.0,1.0,0.0,real,3,0.3701005025125628,0.3635678391959799,0.48266331658291456,0.24133165829145728,0.27436721926213986,0.3651443776672306
F001731,0.01116454968463,0.7346733668341708,0.5416666666666666,0.1443375672974064,0.25,1.0,1.0,1.0,0.25,real,3,0.8304020100502513,0.7346733668341708,0.06030150753768844,0.03015075376884422,0.4402382515593041,0.7375596575844043
F001732,0.0,0.3635678391959799,0.5555555555555556,0.5357583756107197,0.0,1.0,1.0,1.0,0.0,real,3,0.3701005025125628,0.3635678391959799,0.6798994974874372,0.3399497487437186,0.31086582409535113,0.36578861644907956
F001733,0.0,0.3635678391959799,0.0833333333333333,0.2886751345948128,0.0,1.0,1.0,1.0,0.0,real,3,0.3701005025125628,0.3635678391959799,0.228391959798995,0.1141959798994975,0.22731424080199994,0.36431384308477055
F001734,0.1020902318637188,0.8077889447236181,0.7083333333333334,0.6291528696058958,0.0,1.0,1.0,1.0,0.0,real,3,0.3701005025125628,0.8077889447236181,0.7695979899497487,0.38479899497487435,0.32746455266281155,0.6393668720486856
F001735,0.0,0.3635678391959799,0.3055555555555556,0.3469443332443555,0.0,1.0,1.0,1.0,0.0,real,3,0.3701005025125628,0.3635678391959799,0.37613065326633166,0.18806532663316583,0.25465332314840533,0.3647964066563976
F001736,0.0,0.3635678391959799,0.3194444444444444,0.3757708127352411,0.0,1.0,1.0,1.0,0.0,real,3,0.3701005025125628,0.3635678391959799,0.3969849246231156,0.1984924623115578,0.2585124113027449,0.3648645236231408
F001737,0.3231250834000667,0.9236180904522612,0.7916666666666667,0.5204164998665333,0.5,1.0,1.0,1.0,0.5,real,3,0.9587939698492463,0.9236180904522612,0.6665829145728643,0.33329145728643217,0.7989548243731219,0.9353419105578141
F001738,0.0,0.3635678391959799,0.6388888888888888,0.7515416254704823,0.5,1.0,1.0,1.0,0.5,real,3,0.9587939698492463,0.3635678391959799,0.8728643216080402,0.4364321608040201,0.897845508951794,0.623343665564001
F001739,0.0,0.3635678391959799,0.2083333333333333,0.5204164998665333,0.0,1.0,1.0,1.0,0.0,real,3,0.3701005025125628,0.3635678391959799,0.6665829145728643,0.33329145728643217,0.3084015870811343,0.3657451200727254
F001740,0.0,0.3635678391959799,0.1944444444444444,0.3469443332443554,0.0,1.0,1.0,1.0,0.0,real,3,0.3701005025125628,0.3635678391959799,0.33341708542713566,0.16670854271356783,0.2467491666877099,0.3646568899775259
F001741,0.0,0.3635678391959799,0.1944444444444444,0.3469443332443554,0.0,1.0,1.0,1.0,0.0,real,3,0.3701005025125628,0.3635678391959799,0.33341708542713566,0.16670854271356783,0.2467491666877099,0.3646568899775259
F001742,0.0,0.3635678391959799,0.2777777777777778,0.0962250448649376,0.0,1.0,1.0,1.0,0.0,real,3,0.3701005025125628,0.3635678391959799,0.021105527638190954,0.010552763819095477,0.18895583444862502,0.3636367768490695
F001743,0.0,0.3635678391959799,0.4166666666666667,1.0408329997330663,0.0,1.0,1.0,1.0,0.0,real,3,0.3701005025125628,0.3635678391959799,0.9811557788944724,0.4905778894472362,0.366613374662256,0.3667726193782985
F001744,0.0,0.3635678391959799,0.4861111111111111,0.9141379262169074,0.0,1.0,1.0,1.0,0.0,real,3,0.3701005025125628,0.3635678391959799,0.9492462311557789,0.47462311557788944,0.3607085048357365,0.36666839221231784
F001745,0.0,0.3635678391959799,0.3194444444444444,0.1272937693043289,0.0,1.0,1.0,1.0,0.0,real,3,0.3701005025125628,0.3635678391959799,0.03869346733668342,0.01934673366834171,0.1922104871089114,0.36369422489331077
F001746,0.0,0.3635678391959799,0.0,0.0,0.0,1.0,1.0,1.0,0.0,real,3,0.3701005025125628,0.3635678391959799,0.005527638190954774,0.002763819095477387,0.1860731420923714,0.36358589429559857
F001747,0.5260506159308034,0.963819095477387,0.8472222222222221,0.3367876570272817,0.25,1.0,1.0,1.0,0.25,real,3,0.8304020100502513,0.963819095477387,0.3005025125628141,0.15025125628140704,0.5399699502537815,0.9437730107825562
F001748,0.061411169010459,0.8010050251256281,0.6527777777777778,0.488288773090193,0.0,1.0,1.0,1.0,0.0,real,3,0.3701005025125628,0.8010050251256281,0.5447236180904522,0.2723618090452261,0.2858514936491503,0.683643089820964
F001749,0.0,0.3635678391959799,0.375,1.0897247358851685,0.0,1.0,1.0,1.0,0.0,real,3,0.3701005025125628,0.3635678391959799,0.9899497487437185,0.4949748743718593,0.3682407009923992,0.3668013434004192
F001750,0.25,0.8977386934673367,0.75,0.5,0.0,1.0,1.0,1.0,0.0,real,3,0.3701005025125628,0.8977386934673367,0.5793969849246231,0.28969849246231155,0.29226780889371484,0.7448827049821973
F001751,0.0,0.3635678391959799,0.1944444444444444,0.3469443332443554,0.0,1.0,1.0,1.0,0.0,real,3,0.3701005025125628,0.3635678391959799,0.33341708542713566,0.16670854271356783,0.2467491666877099,0.3646568899775259
F001752,0.0,0.3635678391959799,0.6527777777777778,0.6684005230842202,0.0,1.0,1.0,1.0,0.0,real,3,0.3701005025125628,0.3635678391959799,0.8037688442211055,0.40188442211055275,0.3337878778313679,0.36619321481780764
F001753,0.0,0.3635678391959799,0.2777777777777778,0.0962250448649376,0.0,1.0,1.0,1.0,0.0,real,3,0.3701005025125628,0.3635678391959799,0.021105527638190954,0.010552763819095477,0.18895583444862502,0.3636367768490695
F001754,0.3231250834000667,0.9236180904522612,0.7916666666666667,0.5204164998665333,0.0,1.0,1.0,1.0,0.0,real,3,0.3701005025125628,0.9236180904522612,0.6665829145728643,0.33329145728643217,0.3084015870811343,0.7391354069341682
F001755,0.0,0.3635678391959799,0.2777777777777778,0.5091750772173156,0.0,1.0,1.0,1.0,0.0,real,3,0.3701005025125628,0.3635678391959799,0.6321608040201006,0.3160804020100503,0.3020317668745739,0.36563268604328175
F001756,0.0,0.3635678391959799,0.3611111111111111,0.2545875386086578,0.5,1.0,1.0,1.0,0.5,real,3,0.9587939698492463,0.3635678391959799,0.1771356783919598,0.0885678391959799,0.5643152950683064,0.41628573142092373
F001757,0.1898569058357866,0.864321608040201,0.7222222222222222,0.5091750772173156,0.5,1.0,1.0,1.0,0.5,real,3,0.9587939698492463,0.864321608040201,0.6321608040201006,0.3160804020100503,0.7824529683593849,0.8941824701396428
F001758,0.0,0.3635678391959799,0.2361111111111111,0.2097176232019652,0.0,1.0,1.0,1.0,0.0,real,3,0.3701005025125628,0.3635678391959799,0.11708542713567839,0.058542713567839195,0.20671693896618776,0.36395027903335775
F001759,0.0,0.3635678391959799,0.4861111111111111,0.6787106512705898,0.0,1.0,1.0,1.0,0.0,real,3,0.3701005025125628,0.3635678391959799,0.828140703517588,0.414070351758794,0.3382978965177647,0.3662728213933991
F001760,0.0,0.3635678391959799,0.2083333333333333,0.5204164998665333,0.0,1.0,1.0,1.0,0.0,real,3,0.3701005025125628,0.3635678391959799,0.6665829145728643,0.33329145728643217,0.3084015870811343,0.3657451200727254
F001761,0.1898569058357866,0.864321608040201,0.7222222222222222,0.5091750772173156,0.0,1.0,1.0,1.0,0.0,real,3,0.3701005025125628,0.864321608040201,0.6321608040201006,0.3160804020100503,0.3020317668745739,0.7081080023231736
F001762,0.4376389444889332,0.951005025125628,0.8055555555555556,0.3469443332443555,0.0,1.0,1.0,1.0,0.0,real,3,0.3701005025125628,0.951005025125628,0.37613065326633166,0.18806532663316583,0.25465332314840533,0.8417570263377187
F001763,0.0446581987385203,0.7701005025125628,0.6666666666666666,0.5773502691896258,0.0,1.0,1.0,1.0,0.0,real,3,0.3701005025125628,0.7701005025125628,0.7276381909547739,0.36381909547738694,0.3196998813161284,0.624572864321608
F001764,0.0,0.3635678391959799,0.1388888888888888,0.2545875386086578,0.0,1.0,1.0,1.0,0.0,real,3,0.3701005025125628,0.3635678391959799,0.1771356783919598,0.0885678391959799,0.21782925304916542,0.3641464230701245
F001765,0.0,0.3635678391959799,0.4166666666666667,0.2886751345948129,0.0,1.0,1.0,1.0,0.0,real,3,0.3701005025125628,0.3635678391959799,0.26030150753768844,0.13015075376884422,0.2332191106285195,0.36441807025075124
F001766,0.0,0.3635678391959799,0.4583333333333333,0.3818813079129866,0.0,1.0,1.0,1.0,0.0,real,3,0.3701005025125628,0.3635678391959799,0.4236180904522613,0.21180904522613064,0.2634408853311785,0.3649515163758491
F001767,0.5949284529178934,0.9836683417085428,0.8611111111111112,0.2545875386086578,0.0,1.0,1.0,1.0,0.0,real,3,0.3701005025125628,0.9836683417085428,0.1771356783919598,0.0885678391959799,0.21782925304916542,0.9293259639908085
F001768,0.0,0.3635678391959799,0.4305555555555555,0.7469072033193751,0.0,1.0,1.0,1.0,0.0,real,3,0.3701005025125628,0.3635678391959799,0.8618090452261307,0.43090452261306533,0.3445282316103129,0.36638279336380397
F001769,0.0,0.3635678391959799,0.4861111111111111,0.9141379262169074,0.0,1.0,1.0,1.0,0.0,real,3,0.3701005025125628,0.3635678391959799,0.9492462311557789,0.47462311557788944,0.3607085048357365,0.36666839221231784
F001770,0.0,0.3635678391959799,0.2916666666666666,0.5204164998665332,0.0,1.0,1.0,1.0,0.0,real,3,0.3701005025125628,0.3635678391959799,0.657035175879397,0.3285175879396985,0.30663477563697883,0.3657139339915659
F001771,0.0,0.3635678391959799,0.1944444444444444,0.3469443332443554,0.0,1.0,1.0,1.0,0.0,real,3,0.3701005025125628,0.3635678391959799,0.33341708542713566,0.16670854271356783,0.2467491666877099,0.3646568899775259
F001772,0.0,0.3635678391959799,0.3611111111111111,0.2545875386086578,0.0,1.0,1.0,1.0,0.0,real,3,0.3701005025125628,0.3635678391959799,0.1771356783919598,0.0885678391959799,0.21782925304916542,0.3641464230701245
F001773,0.0,0.3635678391959799,0.5555555555555556,0.5357583756107197,0.0,1.0,1.0,1.0,0.0,real,3,0.3701005025125628,0.3635678391959799,0.6798994974874372,0.3399497487437186,0.31086582409535113,0.36578861644907956
F001774,0.0,0.3635678391959799,0.3333333333333333,0.5773502691896258,0.0,1.0,1.0,1.0,0.0,real,3,0.3701005025125628,0.3635678391959799,0.7276381909547739,0.36381909547738694,0.3196998813161284,0.36594454685487743
F001775,0.1485783278408043,0.8238693467336683,0.7361111111111112,0.6472877887628358,0.25,1.0,1.0,1.0,0.25,real,3,0.8304020100502513,0.8238693467336683,0.7924623115577889,0.39623115577889445,0.7442321532284538,0.8264577914699123
F001776,0.0521012318616071,0.7947236180904522,0.6944444444444444,0.6735753140545634,0.0,1.0,1.0,1.0,0.0,real,3,0.3701005025125628,0.7947236180904522,0.8160804020100503,0.40804020100502514,0.33606613469356833,0.6214603166586702
F001777,0.0,0.3635678391959799,0.6527777777777778,0.6684005230842202,0.25,1.0,1.0,1.0,0.25,real,3,0.8304020100502513,0.3635678391959799,0.8037688442211055,0.40188442211055275,0.7489266369536123,0.5511812201712079
F001778,0.0,0.3635678391959799,0.1388888888888888,0.2545875386086578,0.0,1.0,1.0,1.0,0.0,real,3,0.3701005025125628,0.3635678391959799,0.1771356783919598,0.0885678391959799,0.21782925304916542,0.3641464230701245
F001779,0.0,0.3635678391959799,0.1666666666666666,0.5773502691896258,0.0,1.0,1.0,1.0,0.0,real,3,0.3701005025125628,0.3635678391959799,0.7276381909547739,0.36381909547738694,0.3196998813161284,0.36594454685487743
F001780,0.0,0.3635678391959799,0.0,0.0,0.25,1.0,1.0,1.0,0.25,real,3,0.8304020100502513,0.3635678391959799,0.005527638190954774,0.002763819095477387,0.4174960859574253,0.3648580843918083
F001781,0.0,0.3635678391959799,0.3611111111111111,0.2545875386086578,0.0,1.0,1.0,1.0,0.0,real,3,0.3701005025125628,0.3635678391959799,0.1771356783919598,0.0885678391959799,0.21782925304916542,0.3641464230701245
F001782,0.0,0.3635678391959799,0.625,0.6614378277661477,0.0,1.0,1.0,1.0,0.0,real,3,0.3701005025125628,0.3635678391959799,0.8,0.4,0.33309045226130657,0.3661809045226131
F001783,0.0,0.3635678391959799,0.5555555555555556,0.5357583756107197,0.0,1.0,1.0,1.0,0.0,real,3,0.3701005025125628,0.3635678391959799,0.6798994974874372,0.3399497487437186,0.31086582409535113,0.36578861644907956
F001784,0.1732257047434905,0.8477386934673367,0.6805555555555556,0.3757708127352411,0.25,1.0,1.0,1.0,0.25,real,3,0.8304020100502513,0.8477386934673367,0.3969849246231156,0.1984924623115578,0.580029544708467,0.8442974924875634
F001785,0.0,0.3635678391959799,0.3194444444444444,0.1272937693043289,0.0,1.0,1.0,1.0,0.0,real,3,0.3701005025125628,0.3635678391959799,0.03869346733668342,0.01934673366834171,0.1922104871089114,0.36369422489331077
F001786,0.0,0.3635678391959799,0.3888888888888889,0.6309898162000305,0.0,1.0,1.0,1.0,0.0,real,3,0.3701005025125628,0.3635678391959799,0.7751256281407035,0.38756281407035176,0.3284874434989016,0.36609965657432897
F001787,0.0,0.3635678391959799,0.5277777777777778,0.4194352464039305,0.0,1.0,1.0,1.0,0.0,real,3,0.3701005025125628,0.3635678391959799,0.5165829145728643,0.25829145728643216,0.2806440493926921,0.3652551703239817
F001788,0.0,0.3635678391959799,0.5138888888888888,0.2926570486903538,0.5,1.0,1.0,1.0,0.5,real,3,0.9587939698492463,0.3635678391959799,0.2829145728643216,0.1414572864321608,0.6150253781470165,0.44776691245170575
F001789,0.0,0.3635678391959799,0.3472222222222222,0.5672382737961704,0.5,1.0,0.5,0.5,0.5,real,3,0.9587939698492463,0.3635678391959799,0.7017587939698492,0.1754396984924623,0.40790901744905433,0.46799413209262386
F001790,0.4376389444889332,0.951005025125628,0.8055555555555556,0.3469443332443555,0.0,1.0,1.0,1.0,0.0,real,3,0.3701005025125628,0.951005025125628,0.37613065326633166,0.18806532663316583,0.25465332314840533,0.8417570263377187
F001791,0.0,0.3635678391959799,0.3333333333333333,0.2886751345948129,0.25,1.0,1.0,1.0,0.25,real,3,0.8304020100502513,0.3635678391959799,0.26030150753768844,0.13015075376884422,0.5232784525643291,0.4243266584177167
F001792,0.0,0.3635678391959799,0.2222222222222222,0.769800358919501,0.5,1.0,1.0,1.0,0.5,real,3,0.9587939698492463,0.3635678391959799,0.9007537688442211,0.45037688442211055,0.9112156258680336,0.6316439294462262
F001793,0.0,0.3635678391959799,0.1944444444444444,0.3469443332443554,0.0,1.0,1.0,1.0,0.0,real,3,0.3701005025125628,0.3635678391959799,0.33341708542713566,0.16670854271356783,0.2467491666877099,0.3646568899775259
F001794,0.0,0.3635678391959799,0.1666666666666666,0.5773502691896258,0.0,1.0,1.0,1.0,0.0,real,3,0.3701005025125628,0.3635678391959799,0.7276381909547739,0.36381909547738694,0.3196998813161284,0.36594454685487743
F001795,0.0,0.3635678391959799,0.1944444444444444,0.3469443332443554,0.25,1.0,1.0,1.0,0.25,real,3,0.8304020100502513,0.3635678391959799,0.33341708542713566,0.16670854271356783,0.5536361139870205,0.4413930835079922
F001796,0.0,0.3635678391959799,0.2361111111111111,0.2097176232019652,0.0,1.0,1.0,1.0,0.0,real,3,0.3701005025125628,0.3635678391959799,0.11708542713567839,0.058542713567839195,0.20671693896618776,0.36395027903335775
F001797,0.0,0.3635678391959799,0.1944444444444444,0.3469443332443554,0.25,1.0,1.0,1.0,0.25,real,3,0.8304020100502513,0.3635678391959799,0.33341708542713566,0.16670854271356783,0.5536361139870205,0.4413930835079922
F001798,0.0,0.3635678391959799,0.5972222222222222,0.393817968854384,0.0,1.0,1.0,1.0,0.0,real,3,0.3701005025125628,0.3635678391959799,0.48266331658291456,0.24133165829145728,0.27436721926213986,0.3651443776672306
F001799,1.0,0.9987437185929648,1.0,0.0,0.0,1.0,1.0,1.0,0.0,real,3,0.3701005025125628,0.9987437185929648,0.005527638190954774,0.002763819095477387,0.1860731420923714,0.9970062624681195
F001800,0.0,0.3635678391959799,0.1944444444444444,0.3469443332443554,0.0,1.0,1.0,1.0,0.0,real,3,0.3701005025125628,0.3635678391959799,0.33341708542713566,0.16670854271356783,0.2467491666877099,0.3646568899775259
F001801,0.1889957660359268,0.8522613065326633,0.6666666666666666,0.2886751345948129,0.25,1.0,1.0,1.0,0.25,real,3,0.8304020100502513,0.8522613065326633,0.26030150753768844,0.13015075376884422,0.5232784525643291,0.8494163026186208
F001802,0.0,0.3635678391959799,0.4305555555555555,0.9871864246620478,0.5,1.0,1.0,1.0,0.5,real,3,0.9587939698492463,0.3635678391959799,0.9628140703517588,0.4814070351758794,0.9409671472942603,0.6501138860129795
F001803,0.0,0.3635678391959799,0.6527777777777778,0.9292071490932072,0.5,1.0,1.0,1.0,0.5,real,3,0.9587939698492463,0.3635678391959799,0.9567839195979899,0.47839195979899496,0.9380763112042625,0.6483192343627686
F001804,0.0,0.3635678391959799,0.2083333333333333,0.3818813079129866,0.0,1.0,1.0,1.0,0.0,real,3,0.3701005025125628,0.3635678391959799,0.4236180904522613,0.21180904522613064,0.2634408853311785,0.3649515163758491
F001805,0.0,0.3635678391959799,0.3194444444444444,0.1272937693043289,0.0,1.0,1.0,1.0,0.0,real,3,0.3701005025125628,0.3635678391959799,0.03869346733668342,0.01934673366834171,0.1922104871089114,0.36369422489331077
F001806,0.0,0.3635678391959799,0.1944444444444444,0.3469443332443554,0.0,1.0,1.0,1.0,0.0,real,3,0.3701005025125628,0.3635678391959799,0.33341708542713566,0.16670854271356783,0.2467491666877099,0.3646568899775259
F001807,0.3009680169468978,0.9133165829145728,0.7777777777777778,0.5091750772173156,0.0,1.0,1.0,1.0,0.0,real,3,0.3701005025125628,0.9133165829145728,0.6321608040201006,0.3160804020100503,0.3020317668745739,0.7416166258427818
F001808,0.0,0.3635678391959799,0.3888888888888889,0.4811252243246881,0.75,1.0,1.0,1.0,0.75,real,3,0.9987437185929648,0.3635678391959799,0.5391959798994975,0.26959798994974876,0.7686311583040832,0.5348099795459711
F001809,0.0,0.3635678391959799,0.1388888888888888,0.2545875386086578,0.0,1.0,1.0,1.0,0.0,real,3,0.3701005025125628,0.3635678391959799,0.1771356783919598,0.0885678391959799,0.21782925304916542,0.3641464230701245
F001810,0.2224894150898172,0.8839195979899498,0.7916666666666667,0.7216878364870323,0.0,1.0,1.0,1.0,0.0,real,3,0.3701005025125628,0.8839195979899498,0.857286432160804,0.428643216080402,0.3436913209262392,0.6636745284209995
F001811,0.0,0.3635678391959799,0.5555555555555556,0.5357583756107197,0.25,1.0,1.0,1.0,0.25,real,3,0.8304020100502513,0.3635678391959799,0.6798994974874372,0.3399497487437186,0.6974959596979875,0.5222679982828716
F001812,0.0,0.3635678391959799,0.4166666666666667,1.0408329997330663,0.0,1.0,1.0,1.0,0.0,real,3,0.3701005025125628,0.3635678391959799,0.9811557788944724,0.4905778894472362,0.366613374662256,0.3667726193782985
F001813,0.0,0.3635678391959799,0.25,0.5,0.0,1.0,1.0,1.0,0.0,real,3,0.3701005025125628,0.3635678391959799,0.5793969849246231,0.28969849246231155,0.29226780889371484,0.3654603419105578
F001814,0.0,0.3635678391959799,0.2361111111111111,0.2097176232019652,0.0,1.0,1.0,1.0,0.0,real,3,0.3701005025125628,0.3635678391959799,0.11708542713567839,0.058542713567839195,0.20671693896618776,0.36395027903335775
F001815,0.0,0.3635678391959799,0.4722222222222222,0.4194352464039305,0.5,1.0,1.0,1.0,0.5,real,3,0.9587939698492463,0.3635678391959799,0.5165829145728643,0.25829145728643216,0.7270452766344284,0.5173096638973763
F001816,0.1485783278408043,0.8238693467336683,0.7361111111111112,0.6472877887628358,0.0,1.0,1.0,1.0,0.0,real,3,0.3701005025125628,0.8238693467336683,0.7924623115577889,0.39623115577889445,0.3316956011211838,0.6440719931314866
F001817,0.0,0.3635678391959799,0.25,0.5,0.0,1.0,1.0,1.0,0.0,real,3,0.3701005025125628,0.3635678391959799,0.5793969849246231,0.28969849246231155,0.29226780889371484,0.3654603419105578
F001818,0.0,0.3635678391959799,0.4861111111111111,0.4589642122738419,0.0,1.0,1.0,1.0,0.0,real,3,0.3701005025125628,0.3635678391959799,0.5329145728643216,0.2664572864321608,0.283666226862958,0.3653085149364915
F001819,0.0,0.3635678391959799,0.5,0.0,0.0,1.0,1.0,1.0,0.0,real,3,0.3701005025125628,0.3635678391959799,0.005527638190954774,0.002763819095477387,0.1860731420923714,0.36358589429559857
F001820,0.0223290993692601,0.7540201005025126,0.5833333333333334,0.2886751345948129,0.0,1.0,1.0,1.0,0.0,real,3,0.3701005025125628,0.7540201005025126,0.26030150753768844,0.13015075376884422,0.2332191106285195,0.704052675437489
F001821,0.0446581987385203,0.7701005025125628,0.6666666666666666,0.5773502691896258,0.25,1.0,1.0,1.0,0.25,real,3,0.8304020100502513,0.7701005025125628,0.7276381909547739,0.36381909547738694,0.7173171132042121,0.7920393424408474
F001822,0.0,0.3635678391959799,0.125,0.25,0.0,1.0,1.0,1.0,0.0,real,3,0.3701005025125628,0.3635678391959799,0.1349246231155779,0.06746231155778895,0.21001808666447816,0.36400854776394537
F001823,0.0,0.3635678391959799,0.3194444444444444,0.8988160937424132,0.25,1.0,1.0,1.0,0.25,real,3,0.8304020100502513,0.3635678391959799,0.9434673366834171,0.47173366834170855,0.8069295914244591,0.5837892351203252
F001824,0.0,0.3635678391959799,0.25,0.5,0.0,1.0,1.0,1.0,0.0,real,3,0.3701005025125628,0.3635678391959799,0.5793969849246231,0.28969849246231155,0.29226780889371484,0.3654603419105578
F001825,0.0,0.3635678391959799,0.3611111111111111,0.7515416254704823,0.0,1.0,1.0,1.0,0.0,real,3,0.3701005025125628,0.3635678391959799,0.8728643216080402,0.4364321608040201,0.3465740132824929,0.3664189035630414
F001826,0.0,0.3635678391959799,0.2361111111111111,0.2097176232019652,0.0,1.0,1.0,1.0,0.0,real,3,0.3701005025125628,0.3635678391959799,0.11708542713567839,0.058542713567839195,0.20671693896618776,0.36395027903335775
F001827,0.3779915320718537,0.9329145728643216,0.8333333333333333,0.5773502691896258,0.0,1.0,1.0,1.0,0.0,real,3,0.3701005025125628,0.9329145728643216,0.7276381909547739,0.36381909547738694,0.3196998813161284,0.7281520668669982
F001828,0.0,0.3635678391959799,0.5277777777777778,0.8221471437193746,0.0,1.0,1.0,1.0,0.0,real,3,0.3701005025125628,0.3635678391959799,0.9208542713567839,0.46042713567839194,0.35545456554127425,0.3665756546551855
F001829,0.5260506159308034,0.963819095477387,0.8472222222222221,0.3367876570272817,0.0,1.0,1.0,1.0,0.0,real,3,0.3701005025125628,0.963819095477387,0.3005025125628141,0.15025125628140704,0.240658316709174,0.8746121310067929
F001830,0.0,0.3635678391959799,0.375,1.0897247358851685,0.0,1.0,1.0,1.0,0.0,real,3,0.3701005025125628,0.3635678391959799,0.9899497487437185,0.4949748743718593,0.3682407009923992,0.3668013434004192
F001831,0.0,0.3635678391959799,0.0833333333333333,0.2886751345948128,0.0,1.0,1.0,1.0,0.0,real,3,0.3701005025125628,0.3635678391959799,0.228391959798995,0.1141959798994975,0.22731424080199994,0.36431384308477055
F001832,0.0,0.3635678391959799,0.0416666666666666,0.1443375672974064,0.0,1.0,1.0,1.0,0.0,real,3,0.3701005025125628,0.3635678391959799,0.06030150753768844,0.03015075376884422,0.1962090603772632,0.36376480391909294
F001833,0.0,0.3635678391959799,0.2222222222222222,0.0962250448649376,0.25,1.0,1.0,1.0,0.25,real,3,0.8304020100502513,0.3635678391959799,0.021105527638190954,0.010552763819095477,0.42396404131208804,0.3684942299436883
F001834,0.2224894150898172,0.8839195979899498,0.7916666666666667,0.7216878364870323,0.0,1.0,1.0,1.0,0.0,real,3,0.3701005025125628,0.8839195979899498,0.857286432160804,0.428643216080402,0.3436913209262392,0.6636745284209995
F001835,0.0223290993692601,0.7540201005025126,0.5833333333333334,0.2886751345948129,0.0,1.0,1.0,1.0,0.0,real,3,0.3701005025125628,0.7540201005025126,0.26030150753768844,0.13015075376884422,0.2332191106285195,0.704052675437489
F001836,0.0,0.3635678391959799,0.3333333333333333,0.2886751345948129,0.0,1.0,1.0,1.0,0.0,real,3,0.3701005025125628,0.3635678391959799,0.26030150753768844,0.13015075376884422,0.2332191106285195,0.36441807025075124
F001837,0.0,0.3635678391959799,0.4444444444444444,0.5357583756107198,0.0,1.0,1.0,1.0,0.0,real,3,0.3701005025125628,0.3635678391959799,0.6912060301507538,0.3456030150753769,0.3129581008055352,0.36582554733466327
F001838,0.0,0.3635678391959799,0.1944444444444444,0.3469443332443554,0.25,1.0,1.0,1.0,0.25,real,3,0.8304020100502513,0.3635678391959799,0.33341708542713566,0.16670854271356783,0.5536361139870205,0.4413930835079922
F001839,0.0,0.3635678391959799,0.0555555555555555,0.1924500897298752,0.0,1.0,1.0,1.0,0.0,real,3,0.3701005025125628,0.3635678391959799,0.1,0.05,0.20355527638190957,0.363894472361809
F001840,0.0,0.3635678391959799,0.0416666666666666,0.1443375672974064,0.0,1.0,1.0,1.0,0.0,real,3,0.3701005025125628,0.3635678391959799,0.06030150753768844,0.03015075376884422,0.1962090603772632,0.36376480391909294
F001841,0.0223290993692601,0.7540201005025126,0.5833333333333334,0.2886751345948129,0.0,1.0,1.0,1.0,0.0,real,3,0.3701005025125628,0.7540201005025126,0.26030150753768844,0.13015075376884422,0.2332191106285195,0.704052675437489
F001842,0.0,0.3635678391959799,0.4444444444444444,0.5357583756107198,0.25,1.0,1.0,1.0,0.25,real,3,0.8304020100502513,0.3635678391959799,0.6912060301507538,0.3456030150753769,0.7021904434231458,0.5249071361834298
F001843,0.0,0.3635678391959799,0.5972222222222222,0.393817968854384,0.0,1.0,1.0,1.0,0.0,real,3,0.3701005025125628,0.3635678391959799,0.48266331658291456,0.24133165829145728,0.27436721926213986,0.3651443776672306
F001844,0.0,0.3635678391959799,0.3611111111111111,0.2545875386086578,0.25,1.0,1.0,1.0,0.25,real,3,0.8304020100502513,0.3635678391959799,0.1771356783919598,0.0885678391959799,0.48874791671927476,0.4049143329713896
F001845,0.0,0.3635678391959799,0.5416666666666666,0.3818813079129866,0.0,1.0,1.0,1.0,0.0,real,3,0.3701005025125628,0.3635678391959799,0.4236180904522613,0.21180904522613064,0.2634408853311785,0.3649515163758491
F001846,0.0,0.3635678391959799,0.3194444444444444,0.1272937693043289,0.25,1.0,1.0,1.0,0.25,real,3,0.8304020100502513,0.3635678391959799,0.03869346733668342,0.01934673366834171,0.4312665715512235,0.3725995555667786
F001847,0.0,0.3635678391959799,0.2777777777777778,0.0962250448649376,0.25,1.0,1.0,1.0,0.25,real,3,0.8304020100502513,0.3635678391959799,0.021105527638190954,0.010552763819095477,0.42396404131208804,0.3684942299436883
F001848,0.1485783278408043,0.8238693467336683,0.7361111111111112,0.6472877887628358,0.25,1.0,1.0,1.0,0.25,real,3,0.8304020100502513,0.8238693467336683,0.7924623115577889,0.39623115577889445,0.7442321532284538,0.8264577914699123
F001849,0.0,0.3635678391959799,0.3888888888888889,0.4811252243246881,0.0,1.0,1.0,1.0,0.0,real,3,0.3701005025125628,0.3635678391959799,0.5391959798994975,0.26959798994974876,0.28482860281306027,0.36532903209514916
F001850,0.0,0.3635678391959799,0.2361111111111111,0.2097176232019652,0.0,1.0,1.0,1.0,0.0,real,3,0.3701005025125628,0.3635678391959799,0.11708542713567839,0.058542713567839195,0.20671693896618776,0.36395027903335775
F001851,0.0,0.3635678391959799,0.2916666666666666,0.3818813079129867,0.0,1.0,1.0,1.0,0.0,real,3,0.3701005025125628,0.3635678391959799,0.4402010050251256,0.2201005025125628,0.2665095578394485,0.36500568167470515
F001852,0.0,0.3635678391959799,0.4861111111111111,0.9141379262169074,0.0,1.0,1.0,1.0,0.0,real,3,0.3701005025125628,0.3635678391959799,0.9492462311557789,0.47462311557788944,0.3607085048357365,0.36666839221231784
F001853,0.0,0.3635678391959799,0.5972222222222222,0.393817968854384,0.25,1.0,1.0,1.0,0.25,real,3,0.8304020100502513,0.3635678391959799,0.48266331658291456,0.24133165829145728,0.6156032991591122,0.4762297037953587
F001854,0.3779915320718537,0.9329145728643216,0.8333333333333333,0.5773502691896258,0.5,1.0,1.0,1.0,0.5,real,3,0.9587939698492463,0.9329145728643216,0.7276381909547739,0.36381909547738694,0.828224539784349,0.942329991666877
F001855,0.01116454968463,0.7346733668341708,0.5416666666666666,0.1443375672974064,0.0,1.0,1.0,1.0,0.0,real,3,0.3701005025125628,0.7346733668341708,0.06030150753768844,0.03015075376884422,0.1962090603772632,0.7236812201712077
F001856,0.0,0.3635678391959799,0.25,0.5,0.0,1.0,1.0,1.0,0.0,real,3,0.3701005025125628,0.3635678391959799,0.5793969849246231,0.28969849246231155,0.29226780889371484,0.3654603419105578
F001857,0.0446581987385203,0.7701005025125628,0.6666666666666666,0.5773502691896258,0.0,1.0,1.0,1.0,0.0,real,3,0.3701005025125628,0.7701005025125628,0.7276381909547739,0.36381909547738694,0.3196998813161284,0.624572864321608
F001858,0.0,0.3635678391959799,0.3611111111111111,0.8552669065744807,0.0,1.0,1.0,1.0,0.0,real,3,0.3701005025125628,0.3635678391959799,0.928894472361809,0.4644472361809045,0.3569424067574051,0.36660191661826724
F001859,0.1564584167334001,0.842211055276382,0.7083333333333334,0.5204164998665332,0.0,1.0,1.0,1.0,0.0,real,3,0.3701005025125628,0.842211055276382,0.657035175879397,0.3285175879396985,0.30663477563697883,0.6871144352415344
F001860,0.0,0.3635678391959799,0.125,0.25,0.0,1.0,1.0,1.0,0.0,real,3,0.3701005025125628,0.3635678391959799,0.1349246231155779,0.06746231155778895,0.21001808666447816,0.36400854776394537
F001861,0.4510034825212683,0.9595477386934672,0.8194444444444444,0.3757708127352412,0.0,1.0,1.0,1.0,0.0,real,3,0.3701005025125628,0.9595477386934672,0.40804020100502514,0.20402010050251257,0.2605581929749249,0.8392886543269108
F001862,0.0,0.3635678391959799,0.0555555555555555,0.1924500897298752,0.5,1.0,1.0,1.0,0.5,real,3,0.9587939698492463,0.3635678391959799,0.1,0.05,0.5273366834170855,0.3933291457286432
F001863,0.0,0.3635678391959799,0.4861111111111111,0.9141379262169074,0.5,1.0,1.0,1.0,0.5,real,3,0.9587939698492463,0.3635678391959799,0.9492462311557789,0.47462311557788944,0.9344627660917655,0.646075919800005
F001864,0.0,0.3635678391959799,0.3472222222222222,0.488288773090193,0.5,1.0,1.0,1.0,0.5,real,3,0.9587939698492463,0.3635678391959799,0.5447236180904522,0.2723618090452261,0.7405358450544178,0.5256847049316937
F001865,0.1898569058357866,0.864321608040201,0.7222222222222222,0.5091750772173156,0.25,1.0,1.0,1.0,0.25,real,3,0.8304020100502513,0.864321608040201,0.6321608040201006,0.3160804020100503,0.6776748061917629,0.8536002878715183
F001866,0.0,0.3635678391959799,0.25,0.8660254037844386,0.0,1.0,1.0,1.0,0.0,real,3,0.3701005025125628,0.3635678391959799,0.9349246231155779,0.46746231155778895,0.3580582876695033,0.3666216130905785
F001867,0.1077083611333555,0.8103015075376885,0.5972222222222222,0.1734721666221776,0.25,1.0,1.0,1.0,0.25,real,3,0.8304020100502513,0.8103015075376885,0.07839195979899498,0.03919597989949749,0.4477494255195576,0.8110893664301406
F001868,0.0,0.3635678391959799,0.2916666666666666,0.5204164998665332,0.25,1.0,1.0,1.0,0.25,real,3,0.8304020100502513,0.3635678391959799,0.657035175879397,0.3285175879396985,0.6880026703871114,0.5169310749728542
F001869,0.1504840084734488,0.8346733668341708,0.6388888888888888,0.2545875386086578,0.25,1.0,1.0,1.0,0.25,real,3,0.8304020100502513,0.8346733668341708,0.1771356783919598,0.0885678391959799,0.48874791671927476,0.834295061993384
F001870,0.0,0.3635678391959799,0.2222222222222222,0.5091750772173156,0.0,1.0,1.0,1.0,0.0,real,3,0.3701005025125628,0.3635678391959799,0.6321608040201006,0.3160804020100503,0.3020317668745739,0.36563268604328175
F001871,0.0,0.3635678391959799,0.5972222222222222,0.393817968854384,0.0,1.0,1.0,1.0,0.0,real,3,0.3701005025125628,0.3635678391959799,0.48266331658291456,0.24133165829145728,0.27436721926213986,0.3651443776672306
F001872,0.0,0.3635678391959799,0.0833333333333333,0.2886751345948128,0.0,1.0,1.0,1.0,0.0,real,3,0.3701005025125628,0.3635678391959799,0.228391959798995,0.1141959798994975,0.22731424080199994,0.36431384308477055
F001873,0.0,0.3635678391959799,0.1388888888888888,0.2545875386086578,0.0,1.0,1.0,1.0,0.0,real,3,0.3701005025125628,0.3635678391959799,0.1771356783919598,0.0885678391959799,0.21782925304916542,0.3641464230701245
F001874,0.0,0.3635678391959799,0.4027777777777778,0.1734721666221777,0.0,1.0,1.0,1.0,0.0,real,3,0.3701005025125628,0.3635678391959799,0.08819095477386935,0.04409547738693467,0.20137000959571727,0.36385590010353275
F001875,0.0669872981077807,0.8050251256281407,0.75,0.8660254037844386,0.0,1.0,1.0,1.0,0.0,real,3,0.3701005025125628,0.8050251256281407,0.9349246231155779,0.46746231155778895,0.3580582876695033,0.6017142559531324
F001876,0.0,0.3635678391959799,0.1388888888888888,0.2545875386086578,0.0,1.0,1.0,1.0,0.0,real,3,0.3701005025125628,0.3635678391959799,0.1771356783919598,0.0885678391959799,0.21782925304916542,0.3641464230701245
F001877,0.0,0.3635678391959799,0.4027777777777778,0.6364688465216445,0.25,1.0,1.0,1.0,0.25,real,3,0.8304020100502513,0.3635678391959799,0.7829145728643216,0.3914572864321608,0.740267922527209,0.5463134769324007
F001878,0.0,0.3635678391959799,0.3888888888888889,0.693888666488711,0.25,1.0,1.0,1.0,0.25,real,3,0.8304020100502513,0.3635678391959799,0.8351758793969849,0.41758793969849245,0.7619668695234969,0.5585121587838691
F001879,0.0,0.3635678391959799,0.2083333333333333,0.3818813079129866,0.0,1.0,1.0,1.0,0.0,real,3,0.3701005025125628,0.3635678391959799,0.4236180904522613,0.21180904522613064,0.2634408853311785,0.3649515163758491
F001880,0.0,0.3635678391959799,0.3888888888888889,0.6309898162000305,0.0,1.0,1.0,1.0,0.0,real,3,0.3701005025125628,0.3635678391959799,0.7751256281407035,0.38756281407035176,0.3284874434989016,0.36609965657432897
F001881,0.0,0.3635678391959799,0.3194444444444444,0.3757708127352411,0.5,1.0,1.0,1.0,0.5,real,3,0.9587939698492463,0.3635678391959799,0.3969849246231156,0.1984924623115578,0.6697103608494736,0.4817157395015278
F001882,0.0,0.3635678391959799,0.2638888888888888,0.6472877887628358,0.0,1.0,1.0,1.0,0.0,real,3,0.3701005025125628,0.3635678391959799,0.7924623115577889,0.39623115577889445,0.3316956011211838,0.366156283932224
F001883,0.2224894150898172,0.8839195979899498,0.7916666666666667,0.7216878364870323,0.0,1.0,1.0,1.0,0.0,real,3,0.3701005025125628,0.8839195979899498,0.857286432160804,0.428643216080402,0.3436913209262392,0.6636745284209995
F001884,0.0,0.3635678391959799,0.3194444444444444,0.3757708127352411,0.5,1.0,1.0,1.0,0.5,real,3,0.9587939698492463,0.3635678391959799,0.3969849246231156,0.1984924623115578,0.6697103608494736,0.4817157395015278
F001885,0.0483797153000638,0.7836683417085427,0.6805555555555556,0.6254627916220946,0.0,1.0,1.0,1.0,0.0,real,3,0.3701005025125628,0.7836683417085427,0.7610552763819095,0.38052763819095475,0.32588372137067245,0.6262943486275598
F001886,0.0,0.3635678391959799,0.1944444444444444,0.3469443332443554,0.0,1.0,1.0,1.0,0.0,real,3,0.3701005025125628,0.3635678391959799,0.33341708542713566,0.16670854271356783,0.2467491666877099,0.3646568899775259
F001887,0.0446581987385203,0.7701005025125628,0.6666666666666666,0.5773502691896258,0.25,1.0,1.0,1.0,0.25,real,3,0.8304020100502513,0.7701005025125628,0.7276381909547739,0.36381909547738694,0.7173171132042121,0.7920393424408474
F001888,0.0,0.3635678391959799,0.7083333333333334,1.0103629710818451,0.0,1.0,1.0,1.0,0.0,real,3,0.3701005025125628,0.3635678391959799,0.9685929648241206,0.4842964824120603,0.3642886227620515,0.3667315850609833
F001889,0.0,0.3635678391959799,0.5555555555555556,1.0183501544346312,0.5,1.0,1.0,1.0,0.5,real,3,0.9587939698492463,0.3635678391959799,0.9741206030150754,0.4870603015075377,0.946387464963006,0.6534788578571249
F001890,0.0,0.3635678391959799,0.25,0.5,0.0,1.0,1.0,1.0,0.0,real,3,0.3701005025125628,0.3635678391959799,0.5793969849246231,0.28969849246231155,0.29226780889371484,0.3654603419105578
F001891,0.5949284529178934,0.9836683417085428,0.8611111111111112,0.2545875386086578,0.25,1.0,1.0,1.0,0.25,real,3,0.8304020100502513,0.9836683417085428,0.1771356783919598,0.0885678391959799,0.48874791671927476,0.9700938738920736
F001892,0.0,0.3635678391959799,0.2638888888888888,0.2097176232019653,0.0,1.0,1.0,1.0,0.0,real,3,0.3701005025125628,0.3635678391959799,0.12688442211055276,0.06344221105527638,0.20853024544834725,0.3639822858008636
F001893,0.0,0.3635678391959799,0.3611111111111111,0.2545875386086578,0.0,1.0,1.0,1.0,0.0,real,3,0.3701005025125628,0.3635678391959799,0.1771356783919598,0.0885678391959799,0.21782925304916542,0.3641464230701245
F001894,0.0,0.3635678391959799,0.5416666666666666,0.3818813079129866,0.25,1.0,1.0,1.0,0.25,real,3,0.8304020100502513,0.3635678391959799,0.4236180904522613,0.21180904522613064,0.5910876619277291,0.46244753920355547
F001895,0.0,0.3635678391959799,0.5138888888888888,0.6787106512705898,0.25,1.0,1.0,1.0,0.25,real,3,0.8304020100502513,0.3635678391959799,0.828140703517588,0.414070351758794,0.7590458574278428,0.556870028534633
F001896,0.0,0.3635678391959799,0.3333333333333333,0.5773502691896258,0.0,1.0,1.0,1.0,0.0,real,3,0.3701005025125628,0.3635678391959799,0.7276381909547739,0.36381909547738694,0.3196998813161284,0.36594454685487743
F001897,0.0,0.3635678391959799,0.5972222222222222,0.393817968854384,0.0,1.0,1.0,1.0,0.0,real,3,0.3701005025125628,0.3635678391959799,0.48266331658291456,0.24133165829145728,0.27436721926213986,0.3651443776672306
F001898,0.0,0.3635678391959799,0.5972222222222222,0.393817968854384,0.0,1.0,1.0,1.0,0.0,real,3,0.3701005025125628,0.3635678391959799,0.48266331658291456,0.24133165829145728,0.27436721926213986,0.3651443776672306
F001899,0.0,0.3635678391959799,0.0833333333333333,0.2886751345948128,0.0,1.0,1.0,1.0,0.0,real,3,0.3701005025125628,0.3635678391959799,0.228391959798995,0.1141959798994975,0.22731424080199994,0.36431384308477055
F001900,0.0,0.3635678391959799,0.5972222222222222,0.393817968854384,0.0,1.0,1.0,1.0,0.0,real,3,0.3701005025125628,0.3635678391959799,0.48266331658291456,0.24133165829145728,0.27436721926213986,0.3651443776672306
F001901,0.0483797153000638,0.7836683417085427,0.6805555555555556,0.6254627916220946,0.0,1.0,1.0,1.0,0.0,real,3,0.3701005025125628,0.7836683417085427,0.7610552763819095,0.38052763819095475,0.32588372137067245,0.6262943486275598
F001902,0.0,0.3635678391959799,0.2916666666666666,0.3818813079129867,0.0,1.0,1.0,1.0,0.0,real,3,0.3701005025125628,0.3635678391959799,0.4402010050251256,0.2201005025125628,0.2665095578394485,0.36500568167470515
F001903,0.3779915320718537,0.9329145728643216,0.8333333333333333,0.5773502691896258,0.0,1.0,1.0,1.0,0.0,real,3,0.3701005025125628,0.9329145728643216,0.7276381909547739,0.36381909547738694,0.3196998813161284,0.7281520668669982
F001904,0.0483797153000638,0.7836683417085427,0.6805555555555556,0.6254627916220946,0.0,1.0,1.0,1.0,0.0,real,3,0.3701005025125628,0.7836683417085427,0.7610552763819095,0.38052763819095475,0.32588372137067245,0.6262943486275598
F001905,0.25,0.8977386934673367,0.75,0.5,0.0,1.0,1.0,1.0,0.0,real,3,0.3701005025125628,0.8977386934673367,0.5793969849246231,0.28969849246231155,0.29226780889371484,0.7448827049821973
F001906,0.0,0.3635678391959799,0.1944444444444444,0.3469443332443554,0.0,1.0,1.0,1.0,0.0,real,3,0.3701005025125628,0.3635678391959799,0.33341708542713566,0.16670854271356783,0.2467491666877099,0.3646568899775259
F001907,0.0,0.3635678391959799,0.5138888888888888,0.2926570486903538,0.0,1.0,1.0,1.0,0.0,real,3,0.3701005025125628,0.3635678391959799,0.2829145728643216,0.1414572864321608,0.23740366404888766,0.36449193202191865
F001908,0.4510034825212683,0.9595477386934672,0.8194444444444444,0.3757708127352412,0.5,1.0,1.0,1.0,0.5,real,3,0.9587939698492463,0.9595477386934672,0.40804020100502514,0.20402010050251257,0.6750102270144694,0.9593939546981135
F001909,0.0,0.3635678391959799,0.1944444444444444,0.3469443332443554,0.25,1.0,1.0,1.0,0.25,real,3,0.8304020100502513,0.3635678391959799,0.33341708542713566,0.16670854271356783,0.5536361139870205,0.4413930835079922
F001910,0.1504840084734488,0.8346733668341708,0.6388888888888888,0.2545875386086578,0.25,1.0,1.0,1.0,0.25,real,3,0.8304020100502513,0.8346733668341708,0.1771356783919598,0.0885678391959799,0.48874791671927476,0.834295061993384
F001911,0.0,0.3635678391959799,0.3194444444444444,0.3757708127352411,0.5,1.0,1.0,1.0,0.5,real,3,0.9587939698492463,0.3635678391959799,0.3969849246231156,0.1984924623115578,0.6697103608494736,0.4817157395015278
F001912,0.0,0.3635678391959799,0.5416666666666666,0.3818813079129866,0.25,1.0,1.0,1.0,0.25,real,3,0.8304020100502513,0.3635678391959799,0.4236180904522613,0.21180904522613064,0.5910876619277291,0.46244753920355547
F001913,0.0,0.3635678391959799,0.3194444444444444,0.3757708127352411,0.0,1.0,1.0,1.0,0.0,real,3,0.3701005025125628,0.3635678391959799,0.3969849246231156,0.1984924623115578,0.2585124113027449,0.3648645236231408
F001914,0.0,0.3635678391959799,0.25,0.8660254037844386,0.0,1.0,1.0,1.0,0.0,real,3,0.3701005025125628,0.3635678391959799,0.9349246231155779,0.46746231155778895,0.3580582876695033,0.3666216130905785
F001915,0.0483797153000638,0.7836683417085427,0.6805555555555556,0.6254627916220946,0.0,1.0,1.0,1.0,0.0,real,3,0.3701005025125628,0.7836683417085427,0.7610552763819095,0.38052763819095475,0.32588372137067245,0.6262943486275598
F001916,0.4376389444889332,0.951005025125628,0.8055555555555556,0.3469443332443555,0.0,1.0,1.0,1.0,0.0,real,3,0.3701005025125628,0.951005025125628,0.37613065326633166,0.18806532663316583,0.25465332314840533,0.8417570263377187
F001917,0.0,0.3635678391959799,0.4583333333333333,0.1443375672974064,0.0,1.0,1.0,1.0,0.0,real,3,0.3701005025125628,0.3635678391959799,0.06030150753768844,0.03015075376884422,0.1962090603772632,0.36376480391909294
F001918,0.0,0.3635678391959799,0.1388888888888888,0.2545875386086578,0.25,1.0,1.0,1.0,0.25,real,3,0.8304020100502513,0.3635678391959799,0.1771356783919598,0.0885678391959799,0.48874791671927476,0.4049143329713896
F001919,0.0,0.3635678391959799,0.3194444444444444,0.1272937693043289,0.0,1.0,1.0,1.0,0.0,real,3,0.3701005025125628,0.3635678391959799,0.03869346733668342,0.01934673366834171,0.1922104871089114,0.36369422489331077
F001920,0.0,0.3635678391959799,0.2361111111111111,0.2097176232019652,0.0,1.0,1.0,1.0,0.0,real,3,0.3701005025125628,0.3635678391959799,0.11708542713567839,0.058542713567839195,0.20671693896618776,0.36395027903335775
F001921,0.1898569058357866,0.864321608040201,0.7222222222222222,0.5091750772173156,0.0,1.0,1.0,1.0,0.0,real,3,0.3701005025125628,0.864321608040201,0.6321608040201006,0.3160804020100503,0.3020317668745739,0.7081080023231736
F001922,0.01116454968463,0.7346733668341708,0.5416666666666666,0.1443375672974064,0.5,1.0,1.0,1.0,0.5,real,3,0.9587939698492463,0.7346733668341708,0.06030150753768844,0.03015075376884422,0.5083053458246004,0.7414307719502032
F001923,0.0,0.3635678391959799,0.5555555555555556,0.5357583756107197,0.25,1.0,1.0,1.0,0.25,real,3,0.8304020100502513,0.3635678391959799,0.6798994974874372,0.3399497487437186,0.6974959596979875,0.5222679982828716
F001924,0.0,0.3635678391959799,0.5138888888888888,0.2926570486903538,0.0,1.0,1.0,1.0,0.0,real,3,0.3701005025125628,0.3635678391959799,0.2829145728643216,0.1414572864321608,0.23740366404888766,0.36449193202191865
F001925,0.0,0.3635678391959799,0.4027777777777778,0.1734721666221777,0.25,1.0,1.0,1.0,0.25,real,3,0.8304020100502513,0.3635678391959799,0.08819095477386935,0.04409547738693467,0.4518179780813616,0.3841531148203328
F001926,0.0,0.3635678391959799,0.1944444444444444,0.3469443332443554,0.5,1.0,1.0,1.0,0.5,real,3,0.9587939698492463,0.3635678391959799,0.33341708542713566,0.16670854271356783,0.6392361304007474,0.4627971200222217
F001927,0.0,0.3635678391959799,0.2361111111111111,0.2097176232019652,0.0,1.0,1.0,1.0,0.0,real,3,0.3701005025125628,0.3635678391959799,0.11708542713567839,0.058542713567839195,0.20671693896618776,0.36395027903335775
F001928,0.0,0.3635678391959799,0.4444444444444444,0.5357583756107198,0.0,1.0,1.0,1.0,0.0,real,3,0.3701005025125628,0.3635678391959799,0.6912060301507538,0.3456030150753769,0.3129581008055352,0.36582554733466327
F001929,0.0,0.3635678391959799,0.5416666666666666,0.3818813079129866,0.25,1.0,1.0,1.0,0.25,real,3,0.8304020100502513,0.3635678391959799,0.4236180904522613,0.21180904522613064,0.5910876619277291,0.46244753920355547
F001930,0.0,0.3635678391959799,0.3611111111111111,0.7515416254704823,0.0,1.0,1.0,1.0,0.0,real,3,0.3701005025125628,0.3635678391959799,0.8728643216080402,0.4364321608040201,0.3465740132824929,0.3664189035630414
F001931,0.0,0.3635678391959799,0.4027777777777778,0.1734721666221777,0.25,1.0,1.0,1.0,0.25,real,3,0.8304020100502513,0.3635678391959799,0.08819095477386935,0.04409547738693467,0.4518179780813616,0.3841531148203328
F001932,0.0,0.3635678391959799,0.1666666666666666,0.2886751345948128,0.0,1.0,1.0,1.0,0.0,real,3,0.3701005025125628,0.3635678391959799,0.228391959798995,0.1141959798994975,0.22731424080199994,0.36431384308477055
F001933,0.0,0.3635678391959799,0.1944444444444444,0.3469443332443554,0.0,1.0,1.0,1.0,0.0,real,3,0.3701005025125628,0.3635678391959799,0.33341708542713566,0.16670854271356783,0.2467491666877099,0.3646568899775259
F001934,0.0,0.3635678391959799,0.5138888888888888,0.8673608331108886,0.5,1.0,1.0,1.0,0.5,real,3,0.9587939698492463,0.3635678391959799,0.9386934673366835,0.46934673366834173,0.9294038029342693,0.6429352794121361
F001935,0.0223290993692601,0.7540201005025126,0.5833333333333334,0.2886751345948129,0.25,1.0,1.0,1.0,0.25,real,3,0.8304020100502513,0.7540201005025126,0.26030150753768844,0.13015075376884422,0.5232784525643291,0.7639612636044545
F001936,0.0,0.3635678391959799,0.4027777777777778,0.1734721666221777,0.5,1.0,1.0,1.0,0.5,real,3,0.9587939698492463,0.3635678391959799,0.08819095477386935,0.04409547738693467,0.5216754627408399,0.3898146195803136
F001937,0.2257260127101733,0.8886934673366834,0.7083333333333334,0.3818813079129867,0.0,1.0,1.0,1.0,0.0,real,3,0.3701005025125628,0.8886934673366834,0.4402010050251256,0.2201005025125628,0.2665095578394485,0.7745508951794147
F001938,0.0,0.3635678391959799,0.1388888888888888,0.2545875386086578,0.0,1.0,1.0,1.0,0.0,real,3,0.3701005025125628,0.3635678391959799,0.1771356783919598,0.0885678391959799,0.21782925304916542,0.3641464230701245
F001939,0.0,0.3635678391959799,0.5138888888888888,0.2926570486903538,0.25,1.0,1.0,1.0,0.25,real,3,0.8304020100502513,0.3635678391959799,0.2829145728643216,0.1414572864321608,0.5326674200146461,0.42960493421883283
F001940,0.1077083611333555,0.8103015075376885,0.5972222222222222,0.1734721666221776,0.0,1.0,1.0,1.0,0.0,real,3,0.3701005025125628,0.8103015075376885,0.07839195979899498,0.03919597989949749,0.19955670311355775,0.7930473977929849
F001941,0.0,0.3635678391959799,0.3611111111111111,0.2545875386086578,0.25,1.0,1.0,1.0,0.25,real,3,0.8304020100502513,0.3635678391959799,0.1771356783919598,0.0885678391959799,0.48874791671927476,0.4049143329713896
F001942,0.0,0.3635678391959799,0.0555555555555555,0.1924500897298752,0.25,1.0,1.0,1.0,0.25,real,3,0.8304020100502513,0.3635678391959799,0.1,0.05,0.4567211055276382,0.38690954773869346
F001943,0.0223290993692601,0.7540201005025126,0.5833333333333334,0.2886751345948129,0.0,1.0,1.0,1.0,0.0,real,3,0.3701005025125628,0.7540201005025126,0.26030150753768844,0.13015075376884422,0.2332191106285195,0.704052675437489
F001944,0.0,0.3635678391959799,0.3194444444444444,0.1272937693043289,0.25,1.0,1.0,1.0,0.25,real,3,0.8304020100502513,0.3635678391959799,0.03869346733668342,0.01934673366834171,0.4312665715512235,0.3725995555667786
F001945,0.0,0.3635678391959799,0.3611111111111111,0.2545875386086578,0.25,1.0,1.0,1.0,0.25,real,3,0.8304020100502513,0.3635678391959799,0.1771356783919598,0.0885678391959799,0.48874791671927476,0.4049143329713896
F001946,0.0,0.3635678391959799,0.5,0.0,0.0,1.0,1.0,1.0,0.0,real,3,0.3701005025125628,0.3635678391959799,0.005527638190954774,0.002763819095477387,0.1860731420923714,0.36358589429559857
F001947,0.0,0.3635678391959799,0.2916666666666666,0.8036375634160796,0.25,1.0,1.0,1.0,0.25,real,3,0.8304020100502513,0.3635678391959799,0.914321608040201,0.4571608040201005,0.7948282555996061,0.5769861240877756
F001948,0.0,0.3635678391959799,0.4722222222222222,0.9179284245476838,0.25,1.0,1.0,1.0,0.25,real,3,0.8304020100502513,0.3635678391959799,0.9555276381909548,0.4777638190954774,0.8119370407312947,0.5866043155475872
F001949,0.0,0.3635678391959799,0.6111111111111112,0.6309898162000305,0.0,1.0,1.0,1.0,0.0,real,3,0.3701005025125628,0.3635678391959799,0.7751256281407035,0.38756281407035176,0.3284874434989016,0.36609965657432897
F001950,0.2257260127101733,0.8886934673366834,0.7083333333333334,0.3818813079129867,0.0,1.0,1.0,1.0,0.0,real,3,0.3701005025125628,0.8886934673366834,0.4402010050251256,0.2201005025125628,0.2665095578394485,0.7745508951794147
F001951,0.0,0.3635678391959799,0.3888888888888889,1.0715167512214396,0.0,1.0,1.0,1.0,0.0,real,3,0.3701005025125628,0.3635678391959799,0.9849246231155779,0.49246231155778897,0.3673108002323174,0.3667849296734931
F001952,0.0,0.3635678391959799,0.3611111111111111,0.8552669065744807,0.0,1.0,1.0,1.0,0.0,real,3,0.3701005025125628,0.3635678391959799,0.928894472361809,0.4644472361809045,0.3569424067574051,0.36660191661826724
F001953,0.0,0.3635678391959799,0.1944444444444444,0.3469443332443554,0.0,1.0,1.0,1.0,0.0,real,3,0.3701005025125628,0.3635678391959799,0.33341708542713566,0.16670854271356783,0.2467491666877099,0.3646568899775259
F001954,0.0,0.3635678391959799,0.5694444444444444,0.5548606765399494,0.0,1.0,1.0,1.0,0.0,real,3,0.3701005025125628,0.3635678391959799,0.6964824120603015,0.34824120603015074,0.3139344966036211,0.36584278174793566
F001955,0.0,0.3635678391959799,0.125,0.25,0.25,1.0,1.0,1.0,0.25,real,3,0.8304020100502513,0.3635678391959799,0.1349246231155779,0.06746231155778895,0.47122184414534984,0.3950615514759729
F001956,0.1889957660359268,0.8522613065326633,0.6666666666666666,0.2886751345948129,0.0,1.0,1.0,1.0,0.0,real,3,0.3701005025125628,0.8522613065326633,0.26030150753768844,0.13015075376884422,0.2332191106285195,0.7895077144516552
F001957,0.0,0.3635678391959799,0.4444444444444444,0.5357583756107198,0.0,1.0,1.0,1.0,0.0,real,3,0.3701005025125628,0.3635678391959799,0.6912060301507538,0.3456030150753769,0.3129581008055352,0.36582554733466327
F001958,0.5334936490538904,0.9678391959798996,0.875,0.4330127018922193,0.0,1.0,1.0,1.0,0.0,real,3,0.3701005025125628,0.9678391959798996,0.5271356783919598,0.2635678391959799,0.28259684098886395,0.8102945001388855
F001959,0.0,0.3635678391959799,0.2361111111111111,0.4110735718596873,0.0,1.0,1.0,1.0,0.0,real,3,0.3701005025125628,0.3635678391959799,0.507035175879397,0.2535175879396985,0.27887723794853664,0.36522398424282215
F001960,0.0,0.3635678391959799,0.2361111111111111,0.2097176232019652,0.75,1.0,1.0,1.0,0.75,real,3,0.9987437185929648,0.3635678391959799,0.11708542713567839,0.058542713567839195,0.557841026741749,0.40075275876871796
F001961,0.0,0.3635678391959799,0.6388888888888888,0.7515416254704823,0.0,1.0,1.0,1.0,0.0,real,3,0.3701005025125628,0.3635678391959799,0.8728643216080402,0.4364321608040201,0.3465740132824929,0.3664189035630414
F001962,0.0,0.3635678391959799,0.3611111111111111,0.2545875386086578,0.25,1.0,1.0,1.0,0.25,real,3,0.8304020100502513,0.3635678391959799,0.1771356783919598,0.0885678391959799,0.48874791671927476,0.4049143329713896
F001963,0.1077083611333555,0.8103015075376885,0.5972222222222222,0.1734721666221776,0.0,1.0,1.0,1.0,0.0,real,3,0.3701005025125628,0.8103015075376885,0.07839195979899498,0.03919597989949749,0.19955670311355775,0.7930473977929849
F001964,0.0,0.3635678391959799,0.0833333333333333,0.2886751345948128,0.5,1.0,1.0,1.0,0.5,real,3,0.9587939698492463,0.3635678391959799,0.228391959798995,0.1141959798994975,0.588887401833287,0.4315402704477159
F001965,0.3779915320718537,0.9329145728643216,0.8333333333333333,0.5773502691896258,0.0,1.0,1.0,1.0,0.0,real,3,0.3701005025125628,0.9329145728643216,0.7276381909547739,0.36381909547738694,0.3196998813161284,0.7281520668669982
F001966,0.0,0.3635678391959799,0.3611111111111111,0.2545875386086578,0.25,1.0,1.0,1.0,0.25,real,3,0.8304020100502513,0.3635678391959799,0.1771356783919598,0.0885678391959799,0.48874791671927476,0.4049143329713896
F001967,0.0,0.3635678391959799,0.3611111111111111,0.7515416254704823,0.0,1.0,1.0,1.0,0.0,real,3,0.3701005025125628,0.3635678391959799,0.8728643216080402,0.4364321608040201,0.3465740132824929,0.3664189035630414
F001968,0.0,0.3635678391959799,0.1944444444444444,0.3469443332443554,0.0,1.0,1.0,1.0,0.0,real,3,0.3701005025125628,0.3635678391959799,0.33341708542713566,0.16670854271356783,0.2467491666877099,0.3646568899775259
F001969,0.3009680169468978,0.9133165829145728,0.7777777777777778,0.5091750772173156,0.0,1.0,1.0,1.0,0.0,real,3,0.3701005025125628,0.9133165829145728,0.6321608040201006,0.3160804020100503,0.3020317668745739,0.7416166258427818
F001970,0.0,0.3635678391959799,0.4722222222222222,0.4194352464039305,0.0,1.0,1.0,1.0,0.0,real,3,0.3701005025125628,0.3635678391959799,0.5165829145728643,0.25829145728643216,0.2806440493926921,0.3652551703239817
F001971,0.0,0.3635678391959799,0.2777777777777778,0.0962250448649376,0.0,1.0,1.0,1.0,0.0,real,3,0.3701005025125628,0.3635678391959799,0.021105527638190954,0.010552763819095477,0.18895583444862502,0.3636367768490695
F001972,0.1504840084734488,0.8346733668341708,0.6388888888888888,0.2545875386086578,0.0,1.0,1.0,1.0,0.0,real,3,0.3701005025125628,0.8346733668341708,0.1771356783919598,0.0885678391959799,0.21782925304916542,0.7935271520921189
F001973,0.4510034825212683,0.9595477386934672,0.8194444444444444,0.3757708127352412,0.0,1.0,1.0,1.0,0.0,real,3,0.3701005025125628,0.9595477386934672,0.40804020100502514,0.20402010050251257,0.2605581929749249,0.8392886543269108
F001974,0.0,0.3635678391959799,0.4305555555555555,0.5548606765399494,0.25,1.0,1.0,1.0,0.25,real,3,0.8304020100502513,0.3635678391959799,0.6964824120603015,0.34824120603015074,0.7043812024948864,0.5261387338703568
F001975,0.0,0.3635678391959799,0.1944444444444444,0.3469443332443554,0.5,1.0,1.0,1.0,0.5,real,3,0.9587939698492463,0.3635678391959799,0.33341708542713566,0.16670854271356783,0.6392361304007474,0.4627971200222217
F001976,0.0,0.3635678391959799,0.4861111111111111,0.9141379262169074,0.0,1.0,1.0,1.0,0.0,real,3,0.3701005025125628,0.3635678391959799,0.9492462311557789,0.47462311557788944,0.3607085048357365,0.36666839221231784
F001977,0.0,0.3635678391959799,0.3611111111111111,0.2545875386086578,0.25,1.0,1.0,1.0,0.25,real,3,0.8304020100502513,0.3635678391959799,0.1771356783919598,0.0885678391959799,0.48874791671927476,0.4049143329713896
F001978,0.3009680169468978,0.9133165829145728,0.7777777777777778,0.5091750772173156,0.5,1.0,1.0,1.0,0.5,real,3,0.9587939698492463,0.9133165829145728,0.6321608040201006,0.3160804020100503,0.7824529683593849,0.9276910936592511
F001979,0.1898569058357866,0.864321608040201,0.7222222222222222,0.5091750772173156,0.0,1.0,1.0,1.0,0.0,real,3,0.3701005025125628,0.864321608040201,0.6321608040201006,0.3160804020100503,0.3020317668745739,0.7081080023231736
F001980,0.25,0.8977386934673367,0.75,0.5,0.0,1.0,1.0,1.0,0.0,real,3,0.3701005025125628,0.8977386934673367,0.5793969849246231,0.28969849246231155,0.29226780889371484,0.7448827049821973
F001981,0.0,0.3635678391959799,0.3194444444444444,0.6254627916220945,0.75,1.0,1.0,1.0,0.75,real,3,0.9987437185929648,0.3635678391959799,0.7532663316582915,0.37663316582914574,0.8755318678821242,0.602796141511578
F001982,0.0,0.3635678391959799,0.6388888888888888,0.7515416254704823,0.25,1.0,1.0,1.0,0.25,real,3,0.8304020100502513,0.3635678391959799,0.8728643216080402,0.4364321608040201,0.7776151486073584,0.5673092851190626
F001983,0.0,0.3635678391959799,0.1666666666666666,0.2886751345948128,0.0,1.0,1.0,1.0,0.0,real,3,0.3701005025125628,0.3635678391959799,0.228391959798995,0.1141959798994975,0.22731424080199994,0.36431384308477055
F001984,0.0,0.3635678391959799,0.3611111111111111,0.8552669065744807,0.25,1.0,1.0,1.0,0.25,real,3,0.8304020100502513,0.3635678391959799,0.928894472361809,0.4644472361809045,0.8008789235120325,0.5803876796040504
F001985,0.0,0.3635678391959799,0.5972222222222222,0.393817968854384,0.0,1.0,1.0,1.0,0.0,real,3,0.3701005025125628,0.3635678391959799,0.48266331658291456,0.24133165829145728,0.27436721926213986,0.3651443776672306
F001986,0.1889957660359268,0.8522613065326633,0.6666666666666666,0.2886751345948129,0.5,1.0,1.0,1.0,0.5,real,3,0.9587939698492463,0.8522613065326633,0.26030150753768844,0.13015075376884422,0.604184742809525,0.8661266129643191
F001987,0.0,0.3635678391959799,0.3333333333333333,0.5773502691896258,0.5,1.0,1.0,1.0,0.5,real,3,0.9587939698492463,0.3635678391959799,0.7276381909547739,0.36381909547738694,0.828224539784349,0.5801224716547562
F001988,0.0,0.3635678391959799,0.4861111111111111,0.9141379262169074,0.0,1.0,1.0,1.0,0.0,real,3,0.3701005025125628,0.3635678391959799,0.9492462311557789,0.47462311557788944,0.3607085048357365,0.36666839221231784
F001989,0.0,0.3635678391959799,0.1111111111111111,0.3849001794597505,0.0,1.0,1.0,1.0,0.0,real,3,0.3701005025125628,0.3635678391959799,0.4492462311557789,0.22462311557788944,0.2681833792075958,0.3650352263831721
F001990,0.0,0.3635678391959799,0.4722222222222222,0.4194352464039305,0.0,1.0,1.0,1.0,0.0,real,3,0.3701005025125628,0.3635678391959799,0.5165829145728643,0.25829145728643216,0.2806440493926921,0.3652551703239817
F001991,0.0,0.3635678391959799,0.3611111111111111,0.8552669065744807,0.0,1.0,1.0,1.0,0.0,real,3,0.3701005025125628,0.3635678391959799,0.928894472361809,0.4644472361809045,0.3569424067574051,0.36660191661826724
